county_name,% Low Birthweight,# Primary Care Physicians,Primary Care Physicians Rate,% Vaccinated Flu,% Children in Poverty,Infant Mortality Rate,# Uninsured Children,% Uninsured Children,# Food Insecure,% Food Insecure,Segregation index_b,Other Primary Care Provider Rate,Median Household Income,% Enrolled in Free or Reduced Lunch,Population,% Female,% Rural,year,% Broadband Access,% Less Than 18 Years of Age,live_births,kin_DTP_cov,kin_HepA_cov,kin_HepB_cov,kin_polio_cov,kin_varic_cov,Estimated hesitant,Estimated hesitant or unsure,Estimated strongly hesitant,Social Vulnerability Index (SVI),CVAC level of concern for vaccination rollout,other_pc_provider_ratio_numerator,other_pc_provider_ratio_denominator,seg_missing_bool,OH__Low Vulnerability,OH__Moderate Vulnerability,OH__Very High Vulnerability,OH__Very Low Vulnerability,OH__Moderate Concern,OH__Very High Concern,OH__medium,OH__small
Anderson,7.3070408904,20.0,34.637429999999995,43.0,22.6,,1385,11.824468539,10520,18.2,35.304894231,53.3958,45969,59.215550156,58057,38.773963519,67.063532793,2020,,,543.0,0.9691780821917808,0.976027397260274,0.9811643835616438,0.9794520547945206,0.9743150684931506,0.1398,0.2105,0.0948,0.79,0.95,1873.0,1.0,0,0,0,0,0,0,1,0,0
Menard,,1.0,47.08098,27.0,40.8,,71,18.34625323,270,12.7,,46.75082,35881,72.063492063,2139,50.350631136,100.0,2020,,,14.0,1.0,1.0,1.0,1.0,1.0,0.1235,0.1873,0.0822,0.59,0.97,2139.0,1.0,1,0,1,0,0,0,1,0,1
Midland,8.2433114589,59.0,35.74696,42.0,13.5,5.9576691926,7145,14.548675449,16420,10.3,42.694441943,87.49667000000001,80189,46.301894397,172578,49.528329219,12.291776258,2020,,,2919.0,0.9660892001474384,0.9587172871360118,0.978252856616292,0.9712495392554368,0.9609288610394398,0.1034,0.1564,0.067,0.47,0.72,1143.0,1.0,0,0,1,0,0,0,0,0,0
Milam,7.4387947269,2.0,7.98308,40.0,25.4,,754,11.91906418,4120,16.8,22.632995263,67.64554,46720,65.911474722,25131,50.718236441,56.182089914,2020,,,295.0,0.98125,0.978125,0.9875,0.984375,0.984375,0.1225,0.1864,0.0827,0.76,0.95,1478.0,1.0,0,0,0,0,0,0,1,1,0
Mills,9.3425605536,2.0,40.64215,18.0,24.6,,203,19.670542636,690,14.2,,60.96322,47068,59.022118743,4921,50.091444828,100.0,2020,,,28.0,0.98,0.98,0.98,0.98,0.98,0.1264,0.1929,0.0847,0.77,0.95,1640.0,1.0,1,0,0,0,0,0,1,0,1
Montague,8.141025641,6.0,30.70782,26.0,20.9,,712,15.371329879,3270,16.9,,15.30925,50542,54.915354915,19596,50.918554807,58.943151275,2020,,,210.0,0.881578947368421,0.912280701754386,0.9210526315789472,0.8859649122807017,0.8728070175438597,0.1293,0.1898,0.087,0.58,0.93,6532.0,1.0,1,0,1,0,0,0,1,1,0
Montgomery,7.1694504913,354.0,62.00366,47.0,12.9,5.0282714055,17341,10.888552609,73710,13.8,38.267285974,66.67513000000001,77598,42.256969762,590925,50.457672293,22.725597153,2020,,,7433.0,0.9536771728748806,0.9452005730659024,0.9621537726838586,0.9570200573065902,0.9472301814708692,0.1086,0.1585,0.0725,0.39,0.67,1500.0,1.0,0,1,0,0,0,0,0,0,0
Moore,7.4931880109,10.0,45.25501,40.0,16.8,,1274,17.411507448,2480,11.3,50.009511128,27.92646,53785,64.498255695,21485,48.056783803,16.814280497,2020,,,368.0,0.9242424242424242,0.914141414141414,0.9343434343434344,0.9318181818181818,0.9242424242424242,0.1241,0.1883,0.0824,0.7,0.88,3581.0,1.0,0,0,0,0,0,0,1,1,0
Morris,10.309278351,2.0,16.042350000000003,43.0,31.1,,291,9.8310810811,2770,22.1,15.76101116,32.417539999999995,41418,74.700052165,12339,51.908582543,78.421215401,2020,,,135.0,0.9782608695652174,0.9855072463768116,0.9855072463768116,0.9782608695652174,0.9710144927536232,0.1283,0.1937,0.0866,0.73,0.97,3085.0,1.0,0,0,0,0,0,0,1,1,0
Nacogdoches,7.9009433962,46.0,70.14334000000001,48.0,25.5,3.9473684211,1854,11.841348917,14130,21.6,47.871475508,85.22165,45357,65.008960573,65711,52.094778652,46.460231852,2020,,,790.0,0.9825174825174824,0.9731934731934732,0.9848484848484848,0.9813519813519812,0.9825174825174824,0.125,0.1935,0.0836,0.98,0.9,1173.0,1.0,0,0,0,1,0,0,1,0,0
Navarro,8.4238573478,22.0,45.17361,47.0,27.7,6.6417600664,1598,12.168748096,8270,17.1,31.799995591,48.42127,46259,69.656887121,49565,50.947240997,52.657379281,2020,,,645.0,0.9859154929577464,0.9859154929577464,0.9935979513444302,0.9859154929577464,0.9859154929577464,0.1248,0.188,0.085,0.97,0.95,2065.0,1.0,0,0,0,1,0,0,1,0,0
Newton,8.9343379978,,,34.0,29.2,,305,10.353021045,3050,21.5,39.14630123,14.549690000000002,43367,76.827956989,13746,48.595955187,100.0,2020,,,127.0,0.9274193548387096,0.9274193548387096,0.9435483870967742,0.935483870967742,0.9274193548387096,0.1428,0.2169,0.0983,0.72,0.96,6873.0,1.0,0,0,0,0,0,0,1,1,0
Nolan,8.217270195,4.0,27.08192,33.0,26.5,,400,10.062893082,2150,14.3,47.316498841,67.79200999999999,42522,61.59083875,14751,50.037285608,32.656414301,2020,,,202.0,0.9876543209876544,0.9794238683127572,0.9958847736625516,0.9917695473251028,0.9835390946502056,0.1278,0.1901,0.086,0.89,0.96,1475.0,1.0,0,0,0,1,0,0,1,1,0
Ochiltree,6.5853658537,4.0,39.71012,33.0,15.7,,640,18.979833926,1030,9.8,65.179531284,20.10656,49845,58.138489209,9947,49.431989545,13.90981121,2020,,,125.0,0.9407894736842104,0.9539473684210528,0.9605263157894736,0.9539473684210528,0.9342105263157896,0.1241,0.1883,0.0824,0.58,0.9,4974.0,1.0,0,0,1,0,0,0,1,1,0
Oldham,7.2289156627,,,40.0,25.4,,33,10.3125,300,14.6,,46.92633,56590,47.222222222,2131,47.958704833,100.0,2020,,,26.0,0.9821428571428572,0.9821428571428572,1.0,0.9821428571428572,0.9642857142857144,0.1241,0.1883,0.0824,0.43,0.72,2131.0,1.0,1,0,1,0,0,0,0,0,1
Orange,9.4620133552,18.0,21.16477,43.0,20.1,8.5382948898,1773,8.0048760666,15950,19.0,74.836052417,34.70062,56556,66.346282205,83572,50.415210836,35.171132862,2020,,,1038.0,0.955160744500846,0.955160744500846,0.9619289340101524,0.9593908629441624,0.9467005076142132,0.1338,0.1949,0.0899,0.58,0.86,2882.0,1.0,0,0,1,0,0,0,1,0,0
Palo Pinto,7.8571428571,12.0,42.002100000000006,44.0,25.0,7.7639751553,915,13.093875215,4690,16.7,59.888198181,51.94805,46067,67.854799913,28875,50.701298701,50.215218242,2020,,,344.0,0.9456521739130436,0.9619565217391304,0.9646739130434784,0.9510869565217392,0.9510869565217392,0.1134,0.1689,0.0762,0.88,0.93,1925.0,1.0,0,0,0,1,0,0,1,1,0
Parker,6.7543512658,59.0,44.20701,46.0,11.5,5.8893990817,3831,10.972675717,17560,13.9,61.997470481,35.41204,73718,33.621517771,138371,50.226564815,56.084565584,2020,,,1636.0,0.9442912300055156,0.942084942084942,0.9509100937672368,0.948703805846663,0.9442912300055156,0.1198,0.1716,0.0811,0.26,0.68,2824.0,1.0,0,1,0,0,0,0,0,0,0
Parmer,6.945681211,2.0,20.32107,31.0,19.2,,544,18.440677966,910,9.3,,111.51663,50539,74.488926746,9864,48.063665856,60.015580874,2020,,,169.0,0.9176470588235294,0.9352941176470588,0.9529411764705882,0.923529411764706,0.9058823529411764,0.1241,0.1883,0.0824,0.76,0.97,897.0,1.0,1,0,0,0,0,0,1,1,0
Pecos,9.5693779904,7.0,44.77421,16.0,24.3,,537,13.716475096,1290,8.2,,82.94519,47008,62.484510533,15673,43.137880431,39.77558522,2020,,,217.0,0.9705882352941176,0.9789915966386554,0.9915966386554622,0.9789915966386554,0.9495798319327732,0.1166,0.1765,0.0789,0.82,0.98,1206.0,1.0,1,0,0,1,0,0,1,1,0
Polk,7.0808844109,29.0,58.98865,45.0,24.7,6.4715813168,1422,13.665193158,8880,18.9,46.391874528,49.96901999999999,46017,75.7077495,50031,46.159381184,77.638561645,2020,,,497.0,0.9461077844311376,0.9500998003992016,0.9740518962075848,0.9520958083832336,0.93812375249501,0.1365,0.206,0.093,0.91,0.97,2001.0,1.0,0,0,0,1,0,0,1,0,0
Potter,9.6320023838,90.0,74.71484000000001,47.0,27.7,7.9912822376,4229,12.466100696,20070,16.6,47.738630094,189.72319,41912,73.617192207,119648,48.50812383,8.9962254177,2020,,,1582.0,0.9741501416430596,0.9691926345609064,0.9815864022662888,0.976628895184136,0.9720254957507082,0.1281,0.2007,0.0864,0.92,0.87,527.0,1.0,0,0,0,1,0,0,1,0,0
Presidio,7.9852579853,2.0,27.948570000000004,12.0,35.2,,285,14.630390144,970,13.5,,43.17789,37738,89.677010766,6948,48.805411629,40.470708621,2020,,,74.0,0.9897959183673468,0.9387755102040816,0.979591836734694,0.979591836734694,0.9693877551020408,0.1166,0.1765,0.0789,1.0,0.99,2316.0,1.0,1,0,0,1,0,0,1,0,1
McLennan,8.2675546785,187.0,74.42519,49.0,23.4,6.8851099129,6105,9.5728666855,44960,18.3,41.276867876,72.26824,48858,61.807808723,254607,51.115248206,23.351893949,2020,,,3199.0,0.9707960433349034,0.9689119170984456,0.9745642958078192,0.9710315591144608,0.9689119170984456,0.1128,0.178,0.0742,0.84,0.88,1384.0,1.0,0,0,0,1,0,0,1,0,0
McCulloch,7.654723127,4.0,50.2702,23.0,28.2,,243,13.015532941,1130,13.8,38.048048048,37.56104,42719,66.575716235,7987,49.768373607,35.325365206,2020,,,76.0,0.988095238095238,0.988095238095238,0.988095238095238,0.988095238095238,0.988095238095238,0.1235,0.1873,0.0822,0.74,0.93,2662.0,1.0,0,0,0,0,0,0,1,0,1
Matagorda,8.5486018642,14.0,38.00217,38.0,27.8,,1164,12.019826518,6200,16.9,43.297337313,54.71657,48830,65.86013986,36552,49.619719851,36.417633916,2020,,,495.0,0.9767857142857144,0.9696428571428573,0.9821428571428572,0.9767857142857144,0.9767857142857144,0.1114,0.1704,0.0738,0.91,0.94,1828.0,1.0,0,0,0,1,0,0,1,0,0
Kendall,7.1287908625,38.0,86.31263,47.0,10.5,,1355,12.362010765,4560,11.3,34.701562339,105.1686,90937,23.858383132,45641,51.030871366,58.159233762,2020,,,385.0,0.9370277078085644,0.9345088161209067,0.9408060453400504,0.9382871536523928,0.9357682619647356,0.1008,0.1475,0.0669,0.23,0.47,951.0,1.0,0,1,0,0,0,1,0,0,0
Kenedy,,0.0,0.0,44.0,20.3,,16,13.223140496,70,11.6,,0.0,42153,76.923076923,442,48.416289593,100.0,2020,,,,1.0,1.0,1.0,1.0,1.0,0.0992,0.1603,0.0642,0.73,0.99,442.0,0.0,1,0,0,0,0,0,1,0,1
Kent,,0.0,0.0,20.0,20.3,,24,15.094339623,100,14.9,,0.0,47625,36.184210526,726,50.275482094,100.0,2020,,,,1.0,1.0,1.0,1.0,1.0,0.1278,0.1901,0.086,0.44,0.91,726.0,0.0,1,0,1,0,0,0,1,0,1
Kerr,8.1704668838,44.0,85.07347,49.0,23.3,5.731441048,1384,13.452566096,7110,14.0,50.668821992,87.77788,53704,59.460610362,52405,51.87672932,41.102267003,2020,,,485.0,0.9388145315487572,0.9349904397705544,0.9541108986615678,0.9388145315487572,0.9196940726577438,0.1008,0.1475,0.0669,0.7,0.6,1139.0,1.0,0,0,0,0,0,0,0,0,0
King,,0.0,0.0,,15.7,,18,20.454545455,40,15.5,,0.0,57925,0.0,277,49.458483755,100.0,2020,,,,0.8888888888888888,0.8888888888888888,0.7777777777777778,0.8888888888888888,0.7777777777777778,0.1143,0.1758,0.0766,0.2,0.68,277.0,0.0,1,0,0,0,1,0,0,0,1
Kinney,8.0,,,25.0,26.6,,100,13.192612137,320,8.7,,26.54632,43192,59.487179487,3767,44.942925405,20.455808783,2020,,,25.0,0.972972972972973,1.0,1.0,0.972972972972973,1.0,0.107,0.1724,0.0705,0.86,0.98,3767.0,1.0,1,0,0,1,0,0,1,0,1
Kleberg,7.773512476,14.0,45.03345,37.0,33.3,,714,9.1129546905,4100,13.0,35.094348084,44.97414,42605,67.918708038,31129,48.796941758,18.870278532,2020,,,376.0,0.988826815642458,0.9804469273743016,0.9916201117318436,0.988826815642458,0.988826815642458,0.0992,0.1603,0.0642,0.98,0.99,2224.0,1.0,0,0,0,1,0,0,1,1,0
Knox,8.2595870206,1.0,26.95418,13.0,31.5,,186,18.1640625,500,13.2,46.549184776,164.24856,39726,64.52991453,3653,50.479058308,100.0,2020,,,43.0,1.0,1.0,1.0,1.0,1.0,0.1278,0.1901,0.086,0.8,0.93,609.0,1.0,0,0,0,0,0,0,1,0,1
Lamar,8.8082901554,25.0,50.41644,48.0,22.2,6.5416484954,1451,11.858450474,9970,20.2,40.132093431,98.53604,45767,62.569508804,49728,51.797779923,47.082923302,2020,,,632.0,0.9690265486725664,0.976401179941003,0.9823008849557522,0.976401179941003,0.971976401179941,0.1283,0.1937,0.0866,0.84,0.94,1015.0,1.0,0,0,0,1,0,0,1,0,0
Lamb,8.6722947045,3.0,22.71007,36.0,27.8,,557,14.677206851,1730,13.0,28.880957249,68.39945,42700,70.252951096,13158,50.425596595,57.687629677,2020,,,181.0,0.9942196531791908,0.9884393063583816,0.9942196531791908,0.9942196531791908,0.9884393063583816,0.1143,0.1758,0.0766,0.9,0.99,1462.0,1.0,0,0,0,1,0,0,1,1,0
Randall,7.7036013473,80.0,59.505210000000005,49.0,11.4,5.7708871662,2627,7.7235174786,17490,13.4,56.75468584,49.90057,69600,39.792006346,136271,50.815654101,14.375647132,2020,,,1602.0,0.957908163265306,0.9591836734693876,0.9642857142857144,0.9591836734693876,0.9604591836734694,0.1021,0.1521,0.0667,0.22,0.6,2004.0,1.0,0,1,0,0,0,0,0,0,0
Lampasas,5.8561425843,9.0,42.80211,26.0,20.2,,643,12.793473936,2960,14.5,50.561469143,32.97376,55151,50.709606987,21229,50.723067502,68.267520455,2020,,,203.0,0.9450980392156862,0.9490196078431372,0.9647058823529412,0.9490196078431372,0.9490196078431372,0.1264,0.1929,0.0847,0.54,0.88,3033.0,1.0,0,0,1,0,0,0,1,1,0
Leon,7.1967100754,,,43.0,24.4,,688,16.966707768,3050,18.0,23.450372137,28.95194,47065,51.46875,17270,50.277938622,100.0,2020,,,199.0,0.9809523809523808,0.9809523809523808,0.9857142857142858,0.9857142857142858,0.9809523809523808,0.1225,0.1864,0.0827,0.62,0.92,3454.0,1.0,0,0,0,0,0,0,1,1,0
Liberty,8.748403576,20.0,23.90686,35.0,23.2,7.02172761,2977,13.224645729,14210,17.8,30.846808228,39.38695,52577,66.212406015,86323,50.425726631,63.227264915,2020,,,1259.0,0.9725738396624471,0.9704641350210972,0.9824191279887482,0.9760900140646976,0.969760900140647,0.1377,0.2028,0.0929,0.94,0.97,2539.0,1.0,0,0,0,1,0,0,1,0,0
Limestone,10.062590274,8.0,34.00349,43.0,33.0,,616,11.298606016,4500,19.2,26.097624129,63.77822,43226,74.536340852,23519,48.369403461,53.617858365,2020,,,273.0,0.975438596491228,0.9719298245614036,0.9824561403508772,0.9789473684210528,0.9789473684210528,0.1248,0.188,0.085,0.95,0.98,1568.0,1.0,0,0,0,1,0,0,1,1,0
Lipscomb,6.309148265,,,29.0,17.5,,256,27.497314715,420,12.0,,29.80626,57332,62.532299742,3355,48.315946349,100.0,2020,,,27.0,0.921875,0.90625,0.9375,0.890625,0.796875,0.1241,0.1883,0.0824,0.46,0.87,3355.0,1.0,1,0,1,0,0,0,1,0,1
Llano,8.1244598099,17.0,80.15087,39.0,23.4,,457,13.42143906,3150,15.6,,27.71875,54019,58.899176955,21646,51.575348794,45.179006269,2020,,,174.0,0.9473684210526316,0.9473684210526316,0.962406015037594,0.9548872180451128,0.9548872180451128,0.1264,0.1929,0.0847,0.47,0.76,3608.0,1.0,1,0,1,0,0,0,0,1,0
Lubbock,8.8743528753,251.0,82.23442,45.0,20.3,5.0405662006,7177,9.4384534456,47350,15.9,43.908668797,144.43158,50377,54.949407797,307412,50.729314405,11.335540166,2020,,,3980.0,0.9411619891678976,0.948547513540128,0.964303298867553,0.946085672082718,0.9428852781880848,0.109,0.1714,0.0711,0.75,0.74,692.0,1.0,0,0,0,0,0,0,0,0,0
Lynn,8.8122605364,3.0,51.20328,31.0,26.8,,195,12.081784387,720,12.5,,68.06193999999999,43436,57.998683344,5877,49.004594181,56.720202874,2020,,,68.0,0.967741935483871,0.9758064516129032,0.9758064516129032,0.967741935483871,0.9596774193548387,0.1143,0.1758,0.0766,0.89,0.99,1469.0,1.0,1,0,0,1,0,0,1,0,1
Madison,7.3646850044,3.0,21.09408,42.0,23.4,,397,12.785829308,2440,17.4,46.613383608,27.7354,45445,69.34710439,14422,42.566911663,67.403395785,2020,,,176.0,1.0,0.9891304347826086,1.0,1.0,0.9836956521739132,0.1225,0.1864,0.0827,0.84,0.96,3606.0,1.0,0,0,0,1,0,0,1,1,0
Martin,8.2335329341,2.0,35.54924,35.0,19.6,,324,17.792421746,460,8.2,,34.76447,56484,51.265822785,5753,49.40031288,100.0,2020,,,86.0,0.9401709401709402,0.9145299145299144,0.9572649572649572,0.9487179487179488,0.9230769230769232,0.1235,0.1873,0.0822,0.42,0.89,2877.0,1.0,1,0,1,0,0,0,1,0,1
Mason,6.8965517241,,,42.0,23.4,,234,25.490196078,570,13.8,,46.72897,49560,46.153846154,4280,49.929906542,100.0,2020,,,33.0,0.9682539682539684,0.9365079365079364,0.9682539682539684,0.9682539682539684,0.9682539682539684,0.1235,0.1873,0.0822,0.36,0.81,2140.0,1.0,1,1,0,0,0,0,1,0,1
Lavaca,7.3981191223,14.0,69.78367,35.0,22.2,,611,12.26661313,2920,14.7,26.126186752,54.69915,51128,42.534864643,20110,51.158627548,81.316513523,2020,,,227.0,0.9797101449275364,0.9681159420289857,0.982608695652174,0.982608695652174,0.9710144927536232,0.1134,0.1709,0.0762,0.69,0.91,1828.0,1.0,0,0,0,0,0,0,1,1,0
Karnes,8.1214109926,4.0,26.338320000000003,43.0,25.3,,397,12.204119275,1790,11.9,52.322555233,19.16933,48743,70.358934774,15650,41.156549521,38.390447922,2020,,,175.0,0.9748743718592964,0.9748743718592964,0.984924623115578,0.984924623115578,0.984924623115578,0.1134,0.1709,0.0762,0.84,0.97,5217.0,1.0,0,0,0,1,0,0,1,1,0
Reagan,7.7951002227,2.0,53.90836,19.0,13.5,,160,14.047410009,320,8.5,,53.46164,65273,63.562281723,3741,46.511627907,13.305613306,2020,,,56.0,0.9090909090909092,0.9242424242424242,1.0,0.8939393939393939,0.9242424242424242,0.1235,0.1873,0.0822,0.48,0.94,1871.0,1.0,1,0,1,0,0,0,1,0,1
Red River,9.8765432099,2.0,16.35457,49.0,28.6,,287,11.493792551,2480,20.1,49.590776375,24.64066,42233,66.209829868,12175,51.441478439,75.730948678,2020,,,110.0,0.9659863945578232,0.9727891156462584,0.9931972789115646,0.9863945578231292,0.979591836734694,0.1283,0.1937,0.0866,0.56,0.99,4058.0,1.0,0,0,1,0,0,0,1,1,0
Trinity,7.3422957601,2.0,13.63605,37.0,30.3,,336,11.129513084,2800,19.3,46.539367438,61.05834,40486,68.199398367,14740,51.797829037,77.236887213,2020,,,126.0,0.9874213836477987,0.9874213836477987,0.9874213836477987,0.9874213836477987,0.9874213836477987,0.1365,0.206,0.093,0.8,0.97,1638.0,1.0,0,0,0,1,0,0,1,1,0
Upshur,7.4209245742,12.0,29.06906,43.0,21.1,9.9099099099,1064,10.385553929,7270,17.9,31.22438478,12.11827,48554,59.480025365,41260,50.588948134,79.299905874,2020,,,489.0,0.9623762376237625,0.9663366336633664,0.9722772277227724,0.9683168316831684,0.9623762376237625,0.1276,0.1901,0.0861,0.59,0.88,8252.0,1.0,0,0,1,0,0,0,1,0,0
Upton,9.4488188976,2.0,54.60005,20.0,20.2,,193,17.232142857,430,12.1,30.057789124,108.96214,53867,57.341040462,3671,48.760555707,100.0,2020,,,40.0,1.0,0.972972972972973,1.0,1.0,1.0,0.1235,0.1873,0.0822,0.65,0.96,918.0,1.0,0,0,0,0,0,0,1,0,1
Uvalde,7.1071428571,12.0,44.22822,32.0,35.0,,882,11.54752553,2430,9.0,,59.5992,39725,65.834238147,26846,50.797139239,31.384207536,2020,,,386.0,0.96875,0.9791666666666666,0.984375,0.9713541666666666,0.9713541666666666,0.107,0.1724,0.0705,0.95,0.98,1678.0,1.0,1,0,0,1,0,0,1,1,0
Val Verde,6.4690026954,14.0,28.45239,25.0,28.9,3.2976092333,1588,10.958525982,4580,9.3,59.153051434,65.03008,44276,72.558181328,49208,48.878231182,10.157736451,2020,,,732.0,0.9845722300140252,0.976157082748948,0.9915848527349228,0.9901823281907434,0.976157082748948,0.107,0.1724,0.0705,0.97,0.99,1538.0,1.0,0,0,0,1,0,0,1,0,0
Victoria,8.0605655756,72.0,78.18948,48.0,21.4,5.5011552426,2923,12.01446833,11820,12.9,32.859626713,94.52926,51646,67.742143641,92035,51.003422611,26.626571267,2020,,,1166.0,0.9789391575663028,0.9812792511700468,0.983619344773791,0.982839313572543,0.9804992199687989,0.1065,0.1663,0.0699,0.78,0.9,1058.0,1.0,0,0,0,0,0,0,1,0,0
Walker,7.9144871503,20.0,27.683580000000003,42.0,28.3,,1234,10.977671026,15950,22.5,18.26365771,49.668870000000005,43681,49.175824176,72480,41.799116998,45.582882657,2020,,,640.0,0.970948012232416,0.9617737003058104,0.9755351681957186,0.970948012232416,0.963302752293578,0.1365,0.206,0.093,0.7,0.9,2013.0,1.0,0,0,0,0,0,0,1,0,0
Waller,7.7939835916,6.0,11.69431,43.0,19.9,5.730002292,1762,13.705662726,8770,18.1,38.100103891,1.88232,59807,71.279861204,53126,50.152467718,61.641013772,2020,,,689.0,0.9779951100244498,0.9706601466992664,0.9853300733496332,0.9841075794621028,0.9682151589242054,0.1114,0.1704,0.0738,0.83,0.9,53126.0,1.0,0,0,0,1,0,0,1,0,0
Ward,9.9845201238,3.0,26.15063,19.0,17.7,,466,13.641686183,1160,10.1,20.527967891,76.79181,53621,51.606425703,11720,49.675767918,27.88515669,2020,,,183.0,0.9759615384615384,0.9759615384615384,0.9807692307692308,0.9807692307692308,0.9759615384615384,0.1166,0.1765,0.0789,0.65,0.96,1302.0,1.0,0,0,0,0,0,0,1,1,0
Webb,8.0857228767,89.0,32.3879,35.0,34.6,4.9619847939,10498,11.269994632,25250,9.4,69.444092382,50.37875,44919,82.325494588,275910,50.866949368,2.5996388392,2020,,,4344.0,0.9945474372955287,0.9899672846237731,0.9967284623773174,0.9949836423118866,0.9862595419847328,0.1039,0.1663,0.0674,0.95,0.99,1985.0,1.0,0,0,0,1,0,0,1,0,0
Wharton,9.4440213252,16.0,38.12429,36.0,26.0,8.0561330561,1539,13.646036531,6250,15.1,38.523797679,67.27696,48040,65.348309236,41619,50.743650736,49.895833333,2020,,,543.0,0.9820143884892086,0.9784172661870504,0.9892086330935252,0.9856115107913668,0.9838129496402878,0.1114,0.1704,0.0738,0.88,0.96,1486.0,1.0,0,0,0,1,0,0,1,0,0
Wheeler,6.8311195446,2.0,37.32736,36.0,20.9,,257,18.085855032,910,16.3,54.530271399,57.79233000000001,48018,50.900900901,5191,49.662878058,100.0,2020,,,45.0,0.9027777777777778,0.9166666666666666,0.9166666666666666,0.9166666666666666,0.9166666666666666,0.1241,0.1883,0.0824,0.7,0.91,1730.0,1.0,0,0,0,0,0,0,1,0,1
Wichita,8.2245649264,95.0,71.9697,44.0,22.4,7.7178423237,2833,9.252727154,24410,18.5,42.662719612,112.82409,47477,61.217079783,132064,48.254634117,10.666920152,2020,,,1534.0,0.97796817625459,0.97796817625459,0.9834761321909424,0.9791921664626684,0.9785801713586292,0.1296,0.2018,0.0855,0.82,0.83,886.0,1.0,0,0,0,1,0,0,1,0,0
Willacy,8.6486486486,8.0,37.06449,53.0,44.5,,461,8.884178069,3070,14.1,,60.42296,33171,82.95059151,21515,44.722286777,34.57576579,2020,,,226.0,0.991304347826087,0.991304347826087,0.9956521739130436,0.9956521739130436,0.9869565217391304,0.0992,0.1603,0.0642,0.99,0.98,1655.0,1.0,1,0,0,1,0,0,1,1,0
Williamson,7.3943110355,376.0,68.67015,52.0,7.9,4.4526161889,10395,6.8602993585,63750,12.5,34.644574855,67.75845,87817,29.369333598,566719,50.755665506,11.98994982,2020,,,6863.0,0.9455001044059302,0.9423679264982252,0.95343495510545,0.9477970348715808,0.9410106494048862,0.0946,0.1402,0.061,0.2,0.58,1476.0,1.0,0,1,0,0,0,1,0,0,0
Wilson,7.1641791045,24.0,48.67759,37.0,14.6,,1446,11.342955758,4530,9.6,34.935734138,43.80376,71207,40.26446281,50224,49.874561962,85.861410131,2020,,,512.0,0.9732540861812778,0.976225854383358,0.9836552748885586,0.9791976225854384,0.9806835066864784,0.1134,0.1709,0.0762,0.44,0.78,2283.0,1.0,0,0,1,0,0,0,0,0,0
Winkler,7.4324324324,2.0,26.40613,17.0,20.1,,288,12.462137603,820,10.5,32.160107343,38.8601,56781,60.259179266,7720,48.691709845,18.129395218,2020,,,98.0,0.962406015037594,0.9548872180451128,0.9849624060150376,0.9774436090225564,0.9774436090225564,0.1166,0.1765,0.0789,0.65,0.99,2573.0,1.0,0,0,0,0,0,0,1,0,1
Wood,6.2521830248,21.0,47.38909,40.0,24.9,,1194,13.405186932,7220,16.7,61.570877077,68.69197000000001,48384,58.102893891,45129,50.395532806,74.199313697,2020,,,362.0,0.9483146067415732,0.9415730337078652,0.9640449438202248,0.950561797752809,0.946067415730337,0.1285,0.1874,0.0874,0.63,0.87,1456.0,1.0,0,0,0,0,0,0,1,0,0
Yoakum,6.3506261181,3.0,35.01401,17.0,16.3,,498,16.739495798,610,7.2,,46.56035,61560,56.434253627,8591,48.958212082,37.327071963,2020,,,143.0,0.9507042253521126,0.9154929577464788,0.971830985915493,0.943661971830986,0.9295774647887324,0.1143,0.1758,0.0766,0.49,0.93,2148.0,1.0,1,0,1,0,0,0,1,0,1
Young,4.7433398311,12.0,66.74454,38.0,20.4,,719,15.977777778,2820,15.5,49.227356402,55.417010000000005,49301,56.629417095,18045,50.473815461,33.568733154,2020,,,196.0,0.9626168224299064,0.9672897196261684,0.985981308411215,0.9626168224299064,0.97196261682243,0.1293,0.1898,0.087,0.55,0.84,1805.0,1.0,0,0,1,0,0,0,1,1,0
Zavala,8.8482074752,2.0,16.7392,26.0,44.5,,277,7.7940348903,1730,14.3,,75.1064,30076,79.671618452,11983,49.420011683,38.032028775,2020,,,145.0,0.9941520467836256,0.9883040935672516,0.9941520467836256,0.9941520467836256,0.9883040935672516,0.107,0.1724,0.0705,1.0,1.0,1331.0,1.0,1,0,0,1,0,0,1,1,0
Travis,7.6838142128,1043.0,85.025,49.0,15.2,3.9928704982,25454,9.0035088712,171740,14.6,44.997651997,92.89341,76255,48.171145926,1248743,49.447884793,5.463522171,2020,,,15161.0,0.9574832170593656,0.9476108990390943,0.9648545478478346,0.9588653415822036,0.9453073581676976,0.0916,0.1391,0.0588,0.38,0.69,1077.0,1.0,0,1,0,0,0,0,0,0,0
Tom Green,8.1738183798,78.0,66.09105,48.0,23.7,4.9827867367,3289,11.286116258,15270,13.1,43.541154689,94.76347,51393,52.343710325,118189,50.279636853,15.64087676,2020,,,1481.0,0.9802669762042948,0.9825885084155542,0.9849100406268136,0.97968659315148,0.9791062100986652,0.1078,0.1675,0.0704,0.66,0.89,1055.0,1.0,0,0,0,0,0,0,1,0,0
Titus,6.7123678949,18.0,54.704600000000006,41.0,29.7,,1392,14.288647095,4990,15.3,31.023090181,96.87282,45604,68.670796959,33033,51.000514637,50.556689553,2020,,,426.0,0.996078431372549,0.9941176470588236,0.9980392156862744,0.996078431372549,0.9980392156862744,0.1283,0.1937,0.0866,0.89,0.92,1032.0,1.0,0,0,0,1,0,0,1,1,0
Reeves,8.5629188384,6.0,39.26445,28.0,21.9,,413,11.666666667,1040,7.1,50.891703119,38.22874,45341,65.110477548,15695,38.630136986,14.496118407,2020,,,214.0,0.9838709677419356,0.9798387096774194,0.9879032258064516,0.9798387096774194,0.9758064516129032,0.1166,0.1765,0.0789,0.78,0.98,2616.0,1.0,0,0,0,0,0,0,1,1,0
Roberts,,0.0,0.0,49.0,10.2,,28,10.9375,120,13.1,,0.0,67470,21.00456621,903,50.387596899,100.0,2020,,,,1.0,1.0,1.0,1.0,1.0,0.1241,0.1883,0.0824,0.09,0.67,903.0,0.0,1,0,0,0,1,0,0,0,1
Robertson,9.6556380824,1.0,5.81294,41.0,25.6,,494,11.488372093,2930,17.5,39.476494824,40.49988,44917,62.297972377,17284,50.948854432,73.853928528,2020,,,220.0,0.9462809917355371,0.9545454545454546,0.9669421487603306,0.9669421487603306,0.9586776859504132,0.1225,0.1864,0.0827,0.75,0.93,2469.0,1.0,0,0,0,0,0,0,1,1,0
Rockwall,7.7940348903,76.0,78.52213,51.0,6.9,4.1637751561,2413,8.5670666761,10770,11.9,35.593721911,81.46478,102858,25.523799291,100657,50.584658792,16.035845131,2020,,,1134.0,0.9480440097799512,0.9425427872860636,0.956601466992665,0.9498777506112468,0.9431540342298288,0.1122,0.1653,0.0743,0.11,0.51,1228.0,1.0,0,0,0,0,1,1,0,0,0
Runnels,6.9199457259,7.0,68.18625,37.0,23.9,,301,12.215909091,1420,13.8,48.220703638,68.39945,42205,55.605832076,10234,49.159663866,40.758023045,2020,,,101.0,0.9926470588235294,1.0,1.0,1.0,0.9926470588235294,0.1278,0.1901,0.086,0.54,0.92,1462.0,1.0,0,0,1,0,0,0,1,1,0
Sabine,7.7598828697,2.0,19.11863,40.0,28.5,,300,14.713094654,2210,21.2,5.7895152467,113.32515,40641,68.575772935,10589,50.769666635,100.0,2020,,,113.0,0.9655172413793104,0.9586206896551724,0.9724137931034482,0.9655172413793104,0.9724137931034482,0.1428,0.2169,0.0983,0.53,0.93,882.0,1.0,0,0,1,0,0,0,1,1,0
San Augustine,9.4637223975,2.0,24.23361,45.0,34.3,,182,10.84624553,1970,23.5,50.749616957,48.59086,38826,84.385665529,8232,50.777453839,100.0,2020,,,86.0,0.9375,0.921875,0.9375,0.9375,0.9375,0.1428,0.2169,0.0983,0.89,0.98,2058.0,1.0,0,0,0,1,0,0,1,0,1
San Jacinto,8.3540527101,3.0,10.61196,38.0,28.4,,866,13.680884676,5010,18.3,8.0306156533,13.92806,47028,58.551704706,28719,50.384762701,100.0,2020,,,289.0,0.9586466165413534,0.9736842105263158,0.981203007518797,0.962406015037594,0.9699248120300752,0.1365,0.206,0.093,0.69,0.89,7180.0,1.0,0,0,0,0,0,0,1,1,0
San Patricio,8.9127594716,18.0,26.77974,39.0,26.1,5.6279620853,2008,10.641229465,8280,12.4,42.279739861,50.82744,53559,73.393985693,66893,49.692792968,19.650021604,2020,,,896.0,0.9828109201213346,0.9858442871587462,0.9908998988877654,0.9888776541961576,0.9888776541961576,0.1183,0.18,0.0772,0.83,0.97,1967.0,1.0,0,0,0,1,0,0,1,0,0
Schleicher,5.8823529412,,,24.0,23.8,,167,19.928400955,260,8.5,,34.54231,47317,60.0,2895,50.397236615,100.0,2020,,,23.0,1.0,1.0,1.0,1.0,1.0,0.1235,0.1873,0.0822,0.59,0.96,2895.0,1.0,1,0,1,0,0,0,1,0,1
Real,6.8273092369,1.0,29.16302,35.0,35.6,,85,14.166666667,580,17.4,,86.25647000000001,39506,69.636963696,3478,50.172512938,100.0,2020,,,27.0,1.0,1.0,1.0,1.0,1.0,0.107,0.1724,0.0705,0.72,0.93,1159.0,1.0,1,0,0,0,0,0,1,0,1
Scurry,8.7729697688,9.0,52.78592,31.0,21.3,,531,11.807871915,2130,12.3,31.499128051,35.57453,53059,55.96759115,16866,45.760702004,31.700254122,2020,,,231.0,0.9344978165938864,0.9694323144104804,0.9912663755458516,0.9432314410480348,0.9563318777292577,0.1278,0.1901,0.086,0.7,0.95,2811.0,1.0,0,0,0,0,0,0,1,1,0
Shelby,8.2526152654,5.0,19.59785,42.0,30.1,,910,13.102951764,5280,20.6,30.947739802,78.6844,41961,74.401170232,25418,50.283263829,79.432568375,2020,,,295.0,0.9761904761904762,0.9732142857142856,0.988095238095238,0.9732142857142856,0.9642857142857144,0.1428,0.2169,0.0983,0.95,0.99,1271.0,1.0,0,0,0,1,0,0,1,1,0
Smith,7.7370970747,232.0,101.87637,52.0,22.2,8.0059579222,6206,10.704060161,40500,18.2,38.798301938,138.56251,56848,62.402349161,230221,51.695544716,31.60780873,2020,,,2894.0,0.9637533875338752,0.9590108401084012,0.9718834688346883,0.9661246612466124,0.9637533875338752,0.116,0.1766,0.0768,0.75,0.67,722.0,1.0,0,0,0,0,0,0,0,0,0
Somervell,7.003257329,6.0,67.83493,45.0,14.2,,322,15.333333333,1480,17.1,,88.73114,63929,44.123408423,9016,50.732031943,100.0,2020,,,65.0,0.9415584415584416,0.9545454545454546,0.961038961038961,0.948051948051948,0.9155844155844156,0.1134,0.1689,0.0762,0.56,0.71,1127.0,1.0,1,0,1,0,0,0,0,0,1
Starr,8.7623707328,13.0,20.16942,25.0,45.3,3.928844265,2336,10.825841134,8190,12.9,,52.69275,30490,89.321107188,64525,51.290197598,23.705878494,2020,,,1115.0,0.9898523985239852,0.9880073800738008,0.9981549815498156,0.9870848708487084,0.9870848708487084,0.1146,0.1867,0.0742,0.98,1.0,1898.0,1.0,1,0,0,1,0,0,1,0,0
Stephens,8.3682008368,3.0,32.13023,32.0,30.4,,328,15.746519443,1560,16.6,35.002988643,106.01081,43115,63.091272485,9433,47.100604262,39.366562825,2020,,,111.0,0.9545454545454546,0.9181818181818182,0.9454545454545454,0.9545454545454546,0.9090909090909092,0.1278,0.1901,0.086,0.88,0.86,943.0,1.0,0,0,0,1,0,0,1,0,1
Sutton,8.0428954424,3.0,79.63897,41.0,22.6,,127,13.10629515,310,8.0,,133.04949000000002,54774,58.384332925,3758,48.908994146,18.798449612,2020,,,35.0,0.9629629629629628,0.9629629629629628,0.9629629629629628,0.9629629629629628,0.9629629629629628,0.1235,0.1873,0.0822,0.6,0.94,752.0,1.0,1,0,0,0,0,0,1,0,1
Swisher,7.9147640791,1.0,13.30672,23.0,29.2,,225,11.491317671,1140,15.1,33.296664058,40.2037,43084,71.809169765,7462,46.730099169,37.573211103,2020,,,78.0,0.9907407407407408,0.9814814814814816,0.9907407407407408,0.9907407407407408,0.9814814814814816,0.1241,0.1883,0.0824,0.97,1.0,2487.0,1.0,0,0,0,1,0,0,1,0,1
Taylor,8.8202790441,97.0,71.17177,44.0,22.1,5.5920592758,2928,8.3908869466,22660,16.7,38.819381445,143.12699999999998,48040,60.007380982,137640,51.158093577,16.033488966,2020,,,1933.0,0.9742376445846478,0.9716088328075708,0.9826498422712934,0.9810725552050472,0.97739221871714,0.1178,0.1846,0.0776,0.69,0.78,699.0,1.0,0,0,0,0,0,0,0,0,0
Terrell,,0.0,0.0,16.0,22.8,,45,24.590163934,90,12.2,,121.50668,41413,49.305555556,823,48.845686513,100.0,2020,,,,1.0,1.0,1.0,1.0,1.0,0.1166,0.1765,0.0789,0.47,0.91,823.0,1.0,1,0,1,0,0,0,1,0,1
Terry,9.941089838,4.0,31.458910000000003,41.0,32.6,,487,13.683618994,1460,11.4,22.639019793,48.8321,41268,77.688057799,12287,47.774070155,24.669986562,2020,,,165.0,0.9595375722543352,0.953757225433526,0.9653179190751444,0.9595375722543352,0.9595375722543352,0.1143,0.1758,0.0766,0.99,0.99,2048.0,1.0,0,0,0,1,0,0,1,1,0
Shackelford,7.8189300412,1.0,30.04808,45.0,20.5,,143,17.228915663,540,16.2,,30.74085,57126,48.037676609,3253,51.675376575,100.0,2020,,,37.0,0.951219512195122,0.902439024390244,0.951219512195122,0.951219512195122,0.926829268292683,0.1278,0.1901,0.086,0.69,0.72,3253.0,1.0,1,0,0,0,0,0,0,0,1
Jones,7.0886075949,6.0,30.02552,30.0,24.0,,444,12.144420131,3350,16.8,46.309382665,35.32321,43903,61.744966443,19817,37.260937579,85.14998515,2020,,,147.0,0.9853658536585366,0.9853658536585366,0.9951219512195122,0.9853658536585366,0.9804878048780488,0.1278,0.1901,0.086,0.63,0.97,2831.0,1.0,0,0,0,0,0,0,1,1,0
Rains,7.0175438596,2.0,17.00391,38.0,23.7,,325,13.638271087,1810,16.1,1.6706594322,8.22436,47572,61.231671554,12159,50.2919648,93.228880337,2020,,,117.0,0.9090909090909092,0.8863636363636364,0.9015151515151516,0.9090909090909092,0.8939393939393939,0.1285,0.1874,0.0874,0.4,0.89,12159.0,1.0,0,0,1,0,0,0,1,1,0
Cass,7.810552555,8.0,26.656,35.0,32.0,,624,8.8888888889,6340,21.0,30.701785208,49.80245,44154,62.828467153,30119,51.588698164,74.011948529,2020,,,317.0,0.957816377171216,0.9602977667493796,0.9627791563275434,0.9602977667493796,0.957816377171216,0.1356,0.2056,0.0926,0.78,0.98,2008.0,1.0,0,0,0,0,0,0,1,1,0
Castro,6.9135802469,1.0,12.75022,35.0,24.2,,412,17.614365113,750,9.5,,39.13894,45689,74.154025671,7665,48.532289628,45.757876457,2020,,,112.0,0.9626865671641792,0.9477611940298508,0.9776119402985076,0.9626865671641792,0.9477611940298508,0.1241,0.1883,0.0824,0.78,0.99,2555.0,1.0,1,0,0,0,0,0,1,0,1
Cherokee,7.2273073989,21.0,40.19908,43.0,24.6,8.0521472393,1528,11.150029189,9110,17.7,34.805617504,43.73289,43483,63.046594982,52592,48.999847886,63.048480677,2020,,,739.0,0.9887278582930756,0.9838969404186796,0.9951690821256038,0.9903381642512076,0.9822866344605476,0.1282,0.1918,0.0871,0.92,0.94,2287.0,1.0,0,0,0,1,0,0,1,0,0
Childress,9.8619329389,10.0,141.50276,23.0,25.4,,174,11.584553928,1280,18.1,16.197996918,109.72432,42291,54.398563734,7291,39.185296941,33.148700469,2020,,,58.0,0.9523809523809524,0.9523809523809524,0.9682539682539684,0.9682539682539684,0.9682539682539684,0.1241,0.1883,0.0824,0.75,0.92,911.0,1.0,0,0,0,0,0,0,1,0,1
Clay,5.0243111831,4.0,38.38403,45.0,16.9,,296,13.016710642,1670,16.1,,19.12777,58356,46.344271733,10456,50.181713849,74.600074405,2020,,,92.0,0.9765625,0.984375,0.984375,0.9765625,0.9765625,0.1293,0.1898,0.087,0.32,0.68,5228.0,1.0,1,1,0,0,0,0,0,1,0
Cochran,8.4175084175,1.0,35.07541,21.0,31.8,,146,18.741976893,380,13.1,,35.260929999999995,42873,77.793493635,2836,49.823695346,100.0,2020,,,41.0,0.9333333333333332,0.9333333333333332,0.9333333333333332,0.9333333333333332,0.9333333333333332,0.1143,0.1758,0.0766,0.86,0.99,2836.0,1.0,1,0,0,1,0,0,1,0,1
Coleman,11.265164645,5.0,59.31198,25.0,30.6,,265,14.33207139,1500,17.8,52.707060421,59.545080000000006,39484,64.323507181,8397,49.505775872,51.545812254,2020,,,74.0,1.0,1.0,1.0,1.0,1.0,0.1278,0.1901,0.086,0.42,0.94,1679.0,1.0,0,0,1,0,0,0,1,0,1
Collin,7.7723144254,918.0,94.67792,55.0,6.7,4.2660106258,22472,8.253147449,130090,14.2,24.937604784,71.92985,96936,23.07329027,1005146,50.773121517,5.2427266371,2020,,,11422.0,0.9547042754589924,0.9478432119941554,0.9587700908455624,0.9562289562289562,0.9473985134362491,0.083,0.1234,0.0542,0.15,0.49,1390.0,1.0,0,0,0,0,1,1,0,0,0
Collingsworth,7.6923076923,,,14.0,26.7,,188,22.70531401,400,13.3,,168.80486,39536,61.054421769,2962,51.080351114,100.0,2020,,,23.0,0.9,0.925,0.9,0.9,0.9,0.1241,0.1883,0.0824,0.89,0.98,592.0,1.0,1,0,0,1,0,0,1,0,1
Colorado,8.6714841579,10.0,47.09872,31.0,21.9,11.160714286,727,14.218658322,2850,13.6,26.476277405,28.27921,48258,64.609286523,21217,49.733704105,62.613777906,2020,,,221.0,0.9887005649717514,0.9943502824858758,0.9943502824858758,0.9887005649717514,0.9887005649717514,0.1114,0.1704,0.0738,0.68,0.93,3536.0,1.0,0,0,0,0,0,0,1,1,0
Comanche,6.7619047619,6.0,44.20541,25.0,25.0,,520,16.326530612,1970,14.6,44.809687706,59.11039,52251,63.597246127,13534,50.214275159,71.461285244,2020,,,143.0,0.9482758620689656,0.9540229885057472,0.971264367816092,0.9482758620689656,0.942528735632184,0.1278,0.1901,0.086,0.73,0.92,1692.0,1.0,0,0,0,0,0,0,1,1,0
Concho,8.0459770115,1.0,36.8053,40.0,25.7,,88,15.384615385,350,9.1,,46.77268,40987,65.384615385,4276,29.373246024,100.0,2020,,,23.0,1.0,1.0,1.0,1.0,1.0,0.1235,0.1873,0.0822,0.43,0.96,2138.0,1.0,1,0,1,0,0,0,1,0,1
Cooke,6.2695109261,13.0,32.585539999999995,41.0,24.9,5.3547523427,1254,12.844412578,6080,15.6,48.717654389,73.93898,52047,56.768115942,40574,50.061615813,59.03426386,2020,,,485.0,0.9788583509513742,0.970401691331924,0.985200845665962,0.9767441860465116,0.9767441860465116,0.1317,0.1945,0.0881,0.62,0.85,1352.0,1.0,0,0,0,0,0,0,1,0,0
Coryell,8.2834185537,17.0,22.69299,35.0,20.1,7.491759065,1629,9.1434665469,13890,18.3,38.683900773,50.79671,48099,52.832172427,74808,50.348893167,19.423515679,2020,,,913.0,0.9733333333333334,0.9696969696969696,0.983030303030303,0.9733333333333334,0.9709090909090908,0.1264,0.1929,0.0847,0.78,0.82,1969.0,1.0,0,0,0,0,0,0,1,0,0
Crane,7.7519379845,1.0,21.09705,18.0,13.6,,171,11.468812877,410,8.4,,20.85941,61987,53.027681661,4794,49.624530663,10.697142857,2020,,,59.0,0.9876543209876544,0.9876543209876544,0.9876543209876544,0.9876543209876544,0.9876543209876544,0.1166,0.1765,0.0789,0.47,0.93,4794.0,1.0,1,0,1,0,0,0,1,0,1
Crockett,8.3832335329,1.0,28.05836,23.0,23.4,,133,14.074074074,380,9.9,,28.579590000000003,49117,51.055408971,3499,50.071448985,22.748050551,2020,,,36.0,1.0,1.0,1.0,1.0,1.0,0.1235,0.1873,0.0822,0.69,0.9,3499.0,1.0,1,0,0,0,0,0,1,0,1
Crosby,7.9696394687,2.0,33.90405,39.0,37.1,,206,12.653562654,750,12.7,25.530704223,51.9121,37911,81.381118881,5779,50.562381035,100.0,2020,,,78.0,1.0,1.0,1.0,1.0,1.0,0.1143,0.1758,0.0766,0.94,0.99,1926.0,1.0,0,0,0,1,0,0,1,0,1
Culberson,8.4112149533,,,14.0,32.7,,78,14.338235294,240,10.6,,90.7441,42164,75.703324808,2204,50.589836661,100.0,2020,,,30.0,1.0,1.0,1.0,1.0,1.0,0.1166,0.1765,0.0789,1.0,1.0,1102.0,1.0,1,0,0,1,0,0,1,0,1
Dallas,8.5024997727,1818.0,69.4384,51.0,20.7,6.469842706,95584,13.459653708,438830,17.2,49.092138416,106.11227999999998,59838,71.613253358,2637772,50.648198555,0.6883041916,2020,,,36101.0,0.9668059797460216,0.9672882173284038,0.977334833628034,0.9691100037507367,0.9610995016878316,0.1078,0.1697,0.0704,0.75,0.83,942.0,1.0,0,0,0,0,0,0,1,0,0
Dawson,9.3486590038,3.0,23.41372,23.0,29.9,,426,12.36574746,1590,12.1,28.303645402,55.47191,43726,68.489378442,12619,45.146208099,16.294368539,2020,,,186.0,0.8853503184713376,0.9044585987261148,0.9363057324840764,0.8853503184713376,0.8853503184713376,0.1235,0.1873,0.0822,0.95,1.0,1803.0,1.0,0,0,0,1,0,0,1,1,0
Deaf Smith,7.7872340426,2.0,10.61797,35.0,25.3,,799,13.072643979,1650,8.7,24.945547092,106.60981,44230,79.064381658,18760,50.058635394,17.711129465,2020,,,323.0,0.9765886287625418,0.979933110367893,0.9899665551839464,0.9899665551839464,0.979933110367893,0.1241,0.1883,0.0824,0.84,0.9,938.0,1.0,0,0,0,1,0,0,1,1,0
Carson,5.6265984655,,,44.0,12.2,,203,12.979539642,770,12.7,,116.56953,64799,32.747603834,6005,49.87510408,95.195729537,2020,,,38.0,0.9245283018867924,0.9433962264150944,0.9433962264150944,0.9433962264150944,0.9339622641509434,0.1241,0.1883,0.0824,0.03,0.6,858.0,1.0,1,0,0,0,1,0,0,0,1
Camp,7.4581430746,11.0,85.56981999999999,35.0,30.5,,403,11.484753491,2320,18.3,21.808815883,15.34566,43714,74.57337884,13033,51.43865572,61.478912991,2020,,,162.0,1.0,0.9893617021276596,1.0,1.0,0.9946808510638298,0.1285,0.1874,0.0874,0.9,0.98,6517.0,1.0,0,0,0,1,0,0,1,1,0
Cameron,8.1357393607,207.0,48.85244,42.0,40.2,5.0892108729,16938,12.753077589,47770,11.4,67.081450135,66.52387,38106,87.033089872,423908,51.321277258,8.4208064596,2020,,,6019.0,0.9917241379310344,0.9917241379310344,0.995,0.9925862068965516,0.9886206896551724,0.105,0.1701,0.0683,0.98,0.98,1503.0,1.0,0,0,0,1,0,0,1,0,0
Johnson,6.758821895,77.0,46.02483,46.0,15.5,6.7567567568,4649,10.179326049,22440,14.0,42.106967902,53.10427000000001,62635,51.386599152,171361,50.135094917,37.874170167,2020,,,2123.0,0.95088257866462,0.9466615502686108,0.9616270145817344,0.95663852647736,0.953184957789716,0.1346,0.1961,0.0907,0.51,0.73,1883.0,1.0,0,0,1,0,0,0,0,0,0
Angelina,9.0500485909,52.0,59.22214,48.0,26.7,5.9509640562,2795,11.982851018,16570,18.9,40.085463665,78.07835,46653,66.865877485,87092,51.21480733,43.082366228,2020,,,1167.0,0.9786053882725833,0.9778129952456418,0.9841521394611727,0.9786053882725833,0.9786053882725833,0.125,0.1935,0.0836,0.98,0.89,1281.0,1.0,0,0,0,1,0,0,1,0,0
Archer,7.9777365492,,,46.0,14.3,,298,14.5153434,1230,14.0,,,61190,29.387113672,8786,50.762576827,88.988292467,2020,,,69.0,0.9859154929577464,0.9788732394366196,0.9859154929577464,0.9859154929577464,0.9859154929577464,0.1293,0.1898,0.087,0.09,0.8,,,1,0,0,0,1,0,1,0,1
Armstrong,8.6092715232,0.0,0.0,26.0,15.3,,66,14.798206278,250,13.1,,52.85412,57210,42.741935484,1892,51.479915433,100.0,2020,,,22.0,0.925925925925926,0.925925925925926,0.925925925925926,0.925925925925926,0.925925925925926,0.1241,0.1883,0.0824,0.16,0.56,1892.0,1.0,1,0,0,0,1,1,0,0,1
Atascosa,7.9890962466,8.0,16.33286,36.0,23.9,4.9250535332,1448,10.409028826,4210,8.8,,43.72888,50594,62.907510263,50310,50.141125025,60.711184342,2020,,,678.0,0.988135593220339,0.9932203389830508,0.9966101694915256,0.9932203389830508,0.994915254237288,0.1146,0.174,0.0756,0.85,0.95,2287.0,1.0,1,0,0,1,0,0,1,0,0
Austin,7.949790795,6.0,20.14369,40.0,16.9,,987,13.109310665,4300,14.7,23.413953827,50.01834,59942,54.045365244,29989,50.135049518,66.344089805,2020,,,338.0,0.981132075471698,0.981132075471698,0.9784366576819408,0.981132075471698,0.981132075471698,0.1114,0.1704,0.0738,0.49,0.82,1999.0,1.0,0,0,1,0,0,0,1,1,0
Bandera,9.21386306,6.0,26.84444,39.0,22.8,,538,13.963145601,3090,14.5,,43.81353,53008,51.017274472,22824,50.372415002,100.0,2020,,,164.0,0.9398907103825136,0.9562841530054644,0.9617486338797814,0.9453551912568308,0.9453551912568308,0.1146,0.174,0.0756,0.51,0.77,2282.0,1.0,1,0,1,0,0,0,0,1,0
Bastrop,7.5768107883,23.0,27.13512,41.0,19.2,5.1450621695,2863,12.629025143,10040,12.5,31.748427654,34.492270000000005,61883,69.318550217,86976,49.071008094,63.85244907,2020,,,1143.0,0.9550561797752808,0.9526484751203852,0.9678972712680578,0.9582664526484752,0.9462279293739968,0.124,0.188,0.0827,0.75,0.85,2899.0,1.0,0,0,0,0,0,0,1,0,0
Baylor,8.6956521739,5.0,139.6258,18.0,28.6,,105,12.758201701,590,16.2,,55.83473000000001,41180,56.994818653,3582,51.312116136,100.0,2020,,,45.0,1.0,1.0,1.0,1.0,1.0,0.1293,0.1898,0.087,0.16,0.78,1791.0,1.0,1,0,0,0,1,0,0,0,1
Bee,10.115384615,7.0,21.49679,29.0,32.0,7.6716532413,661,9.3059270731,4540,13.9,21.546270543,55.23675,41806,70.382165605,32587,39.181268604,42.97730768,2020,,,347.0,0.9794871794871794,0.9846153846153848,0.9923076923076924,0.9871794871794872,0.9871794871794872,0.1183,0.18,0.0772,0.97,0.99,1810.0,1.0,0,0,0,1,0,0,1,1,0
Denton,7.4274277199,530.0,63.38121,52.0,8.1,4.2800322804,19390,8.7155860209,111860,14.3,39.098873179,64.72160000000001,88384,32.209285683,859064,50.792374026,6.9058305439,2020,,,9965.0,0.9496512641673932,0.945401046207498,0.9551002615518744,0.9501961639058412,0.9443112467306016,0.0949,0.1412,0.0617,0.22,0.63,1545.0,1.0,0,1,0,0,0,0,0,0,0
Bexar,8.9450781336,1450.0,74.0333,38.0,23.7,6.3072376596,41735,7.9588622078,216220,11.4,44.536756467,97.63103,54210,61.712693731,1986049,50.629818298,4.5390847652,2020,,,25247.0,0.9661883621373076,0.9671793245600128,0.9771285872839702,0.9695179958775964,0.9653163152053276,0.1005,0.1587,0.0641,0.83,0.87,1024.0,1.0,0,0,0,1,0,0,1,0,0
Borden,,0.0,0.0,18.0,14.5,,23,14.743589744,80,12.9,,0.0,66101,24.892703863,648,47.99382716,100.0,2020,,,,1.0,1.0,1.0,1.0,1.0,0.1235,0.1873,0.0822,0.06,0.72,648.0,0.0,1,0,0,0,1,0,0,0,1
Bosque,7.037896365,10.0,54.56728,30.0,24.0,,570,13.90583069,2790,15.5,47.765226152,42.80135,48460,62.348942598,18691,50.521641432,81.215681968,2020,,,181.0,0.918918918918919,0.9297297297297298,0.9567567567567568,0.918918918918919,0.9027027027027028,0.1248,0.188,0.085,0.62,0.89,2336.0,1.0,0,0,0,0,0,0,1,1,0
Brazoria,8.3679990354,234.0,64.55938,41.0,13.1,4.5152091255,9325,9.1593980827,48610,14.0,39.686637624,60.23771,74225,44.17376277,370200,49.486493787,22.52862699,2020,,,4495.0,0.9748509687034276,0.973919523099851,0.9841654247391952,0.9778315946348732,0.9735469448584204,0.1074,0.1608,0.071,0.51,0.69,1660.0,1.0,0,0,1,0,0,0,0,0,0
Brazos,7.6380852183,190.0,85.2668,53.0,20.2,4.5098750713,5110,10.659824353,43590,20.3,33.582402407,59.53483,50113,56.573967418,226758,49.450074529,12.063576784,2020,,,2636.0,0.9714993804213136,0.9710863279636514,0.9805865344898802,0.9694341181330028,0.966129698471706,0.1055,0.1682,0.0691,0.65,0.81,1680.0,1.0,0,0,0,0,0,0,1,0,0
Brewster,6.338028169,6.0,64.26047,21.0,21.2,,224,11.826821542,1130,12.3,,75.53685,45670,51.791277259,9267,49.455055574,34.867850953,2020,,,75.0,0.9021739130434784,0.9130434782608696,0.9347826086956522,0.9021739130434784,0.9021739130434784,0.1166,0.1765,0.0789,0.66,0.84,1324.0,1.0,1,0,0,0,0,0,1,0,1
Briscoe,,0.0,0.0,29.0,24.3,,79,25.079365079,210,13.4,,65.96306,44409,54.411764706,1516,50.593667546,100.0,2020,,,12.0,1.0,1.0,1.0,1.0,1.0,0.1241,0.1883,0.0824,0.46,0.95,1516.0,1.0,1,0,1,0,0,0,1,0,1
Brown,9.1098748261,19.0,49.93036,41.0,21.2,8.7138375741,917,10.482395976,5980,15.8,47.635153175,81.74243,47097,62.892263196,37924,50.522096825,40.40046187,2020,,,384.0,0.9659090909090908,0.9590909090909092,0.9727272727272728,0.9659090909090908,0.968181818181818,0.1278,0.1901,0.086,0.63,0.72,1223.0,1.0,0,0,0,0,0,0,0,0,0
Burleson,8.2162921348,7.0,38.86514,41.0,23.7,,500,11.930326891,2840,16.1,17.476375419,43.50427,53626,61.390374332,18389,50.812986024,76.65677547,2020,,,205.0,0.9955357142857144,0.9866071428571428,0.9955357142857144,0.9955357142857144,0.9866071428571428,0.1225,0.1864,0.0827,0.61,0.83,2299.0,1.0,0,0,0,0,0,0,1,1,0
Burnet,6.6547831254,22.0,47.00453,45.0,18.6,,1477,13.95107207,6100,13.5,56.658653402,58.89529,56696,60.123772366,47542,50.999116571,55.67251462,2020,,,499.0,0.944015444015444,0.947876447876448,0.9613899613899614,0.947876447876448,0.947876447876448,0.1264,0.1929,0.0847,0.53,0.7,1698.0,1.0,0,0,1,0,0,0,0,0,0
Caldwell,8.6456908345,12.0,28.34333,45.0,20.7,,1156,11.133583743,5070,12.5,45.185992619,50.87058,52588,73.376539209,43247,49.541008625,42.292334367,2020,,,629.0,0.9668508287292816,0.9521178637200736,0.9779005524861878,0.9668508287292816,0.9650092081031308,0.124,0.188,0.0827,0.87,0.97,1966.0,1.0,0,0,0,1,0,0,1,0,0
Calhoun,7.2342519685,11.0,50.58867,29.0,24.0,,651,11.57744976,2720,12.5,23.870296008,60.29405,52085,72.562068083,21561,48.620193869,44.731303494,2020,,,261.0,0.980456026058632,0.973941368078176,0.990228013029316,0.98371335504886,0.980456026058632,0.1065,0.1663,0.0699,0.86,0.88,1659.0,1.0,0,0,0,1,0,0,1,1,0
Blanco,6.3694267516,5.0,43.00705,44.0,17.2,,422,18.158347676,1450,13.1,,25.63664,64832,39.408284024,11702,49.820543497,100.0,2020,,,82.0,0.9157894736842104,0.9157894736842104,0.9263157894736842,0.9157894736842104,0.9263157894736842,0.1008,0.1475,0.0669,0.28,0.68,3901.0,1.0,1,1,0,0,0,0,0,1,0
Dickens,15.942028986,1.0,45.26935,26.0,27.5,,82,18.850574713,340,15.4,,44.46421,39627,64.985994398,2249,44.642063139,100.0,2020,,,12.0,0.9615384615384616,1.0,1.0,0.9615384615384616,0.9230769230769232,0.1143,0.1758,0.0766,0.88,0.93,2249.0,1.0,1,0,0,1,0,0,1,0,1
Andrews,6.292749658,9.0,50.78434,24.0,14.0,,795,13.915631017,1480,8.4,25.861752745,66.19594,84946,39.719626168,18128,48.84157105,16.502096578,2020,,,287.0,0.9714285714285714,0.9714285714285714,0.9904761904761904,0.984126984126984,0.9904761904761904,0.1166,0.1765,0.0789,0.47,0.88,1511.0,1.0,0,0,1,0,0,0,1,1,0
Hamilton,5.9390048154,8.0,94.98931,19.0,23.4,,304,16.033755274,1350,16.4,,82.50825,49210,53.117913832,8484,50.282885431,64.377128097,2020,,,72.0,0.9879518072289156,0.9759036144578314,1.0,1.0,0.9879518072289156,0.1264,0.1929,0.0847,0.61,0.78,1212.0,1.0,1,0,0,0,0,0,0,0,1
Hardeman,6.4981949458,4.0,100.15023,35.0,27.1,,176,18.803418803,630,15.7,,25.4972,42469,78.8,3922,49.413564508,100.0,2020,,,42.0,0.967741935483871,0.935483870967742,0.935483870967742,0.967741935483871,0.967741935483871,0.1293,0.1898,0.087,0.73,0.96,3922.0,1.0,1,0,0,0,0,0,1,0,1
Hardin,8.6876155268,11.0,19.2513,42.0,17.1,5.6074766355,1302,8.7300522999,9750,17.4,59.605043734,45.44898,60909,46.208349291,57207,50.726309717,51.547542784,2020,,,698.0,0.9563636363636364,0.9575757575757576,0.9696969696969696,0.9624242424242424,0.9636363636363636,0.1338,0.1949,0.0899,0.25,0.81,2200.0,1.0,0,1,0,0,0,0,1,0,0
Harris,8.7174646209,2742.0,58.92998,44.0,24.8,6.1092895288,143373,11.117659238,739120,16.3,48.310296049,90.38826,60241,64.185133746,4698619,50.328681683,1.2132803285,2020,,,63815.0,0.9689088836163068,0.9626844975811172,0.9726219455828428,0.9661664561057528,0.959033063199088,0.1057,0.1669,0.0691,0.72,0.79,1106.0,1.0,0,0,0,0,0,0,0,0,0
Harrison,7.8001752848,19.0,28.50242,46.0,22.8,7.1599045346,1787,10.207345633,13210,19.8,37.916954314,59.94665,50131,54.971772676,66726,51.05356233,56.054303607,2020,,,765.0,0.9653725078698846,0.9716684155299056,0.9779643231899264,0.9727177334732424,0.9727177334732424,0.1276,0.1901,0.0861,0.73,0.94,1668.0,1.0,0,0,0,0,0,0,1,0,0
Haskell,6.8535825545,3.0,52.21023,37.0,33.9,,153,13.796212804,910,15.6,6.6226940725,,40880,74.832962138,5813,46.533631516,47.61824038,2020,,,47.0,0.9423076923076924,0.9230769230769232,0.9615384615384616,0.9423076923076924,0.9423076923076924,0.1278,0.1901,0.086,0.98,0.99,,,0,0,0,1,0,0,1,0,1
Hays,7.2379467498,93.0,43.35968,46.0,12.1,3.4828559419,5562,10.668661526,25740,13.2,39.409104333,58.39259,68180,44.292760965,222631,50.25131271,31.712145226,2020,,,2802.0,0.9587188612099644,0.9615658362989324,0.9647686832740212,0.9583629893238436,0.9519572953736656,0.1018,0.157,0.0664,0.49,0.73,1713.0,1.0,0,0,1,0,0,0,0,0,0
Hemphill,5.2132701422,4.0,99.40358,34.0,13.4,,241,18.229954614,440,10.6,,52.28758,66849,35.913978495,3825,49.803921569,26.95035461,2020,,,30.0,1.0,1.0,1.0,1.0,0.9777777777777776,0.1241,0.1883,0.0824,0.74,0.8,1913.0,1.0,1,0,0,0,0,0,1,0,1
Henderson,7.6455534229,25.0,30.83983,52.0,29.9,7.786429366,2069,11.567059876,14200,17.8,46.582010106,46.1731,43337,62.315654484,82299,51.094180974,60.110528192,2020,,,955.0,0.9661691542288556,0.9621890547263682,0.9741293532338308,0.972139303482587,0.9671641791044776,0.1398,0.2105,0.0948,0.72,0.9,2166.0,1.0,0,0,0,0,0,0,1,0,0
Hill,7.5719872023,8.0,22.31396,38.0,20.2,,1097,12.66743649,5790,16.5,45.731384765,30.25802,48670,63.067926226,36354,50.173295923,76.266066289,2020,,,387.0,0.9421487603305784,0.9524793388429752,0.9648760330578512,0.9421487603305784,0.9400826446280992,0.1248,0.188,0.085,0.87,0.93,3305.0,1.0,0,0,0,1,0,0,1,1,0
Hall,13.089005236,1.0,32.56268,25.0,38.8,,92,12.568306011,570,18.4,,33.0251,32597,71.769383698,3028,50.495376486,100.0,2020,,,24.0,0.9318181818181818,0.9318181818181818,0.9772727272727272,0.9318181818181818,0.9090909090909092,0.1241,0.1883,0.0824,0.95,1.0,3028.0,1.0,1,0,0,1,0,0,1,0,1
Hockley,9.3538183461,13.0,56.30631,31.0,28.1,,719,11.478288633,2770,11.9,46.58581355,43.5161,46764,63.325879244,22980,50.139251523,39.847394811,2020,,,283.0,0.975975975975976,0.978978978978979,0.975975975975976,0.978978978978979,0.972972972972973,0.1143,0.1758,0.0766,0.9,0.97,2298.0,1.0,0,0,0,1,0,0,1,1,0
Hopkins,7.3348087259,9.0,24.66024,44.0,21.1,,1290,13.773222293,6240,17.4,44.81549393,92.3662,52079,61.647266834,36810,50.763379516,59.62572168,2020,,,445.0,0.9766949152542372,0.972457627118644,0.9851694915254238,0.9830508474576272,0.9766949152542372,0.1283,0.1937,0.0866,0.71,0.76,1083.0,1.0,0,0,0,0,0,0,0,0,0
Howard,9.8015267176,11.0,30.52164,38.0,25.1,7.9214195184,932,11.639815162,4770,13.1,47.378925877,101.48386,50423,58.507670851,36459,42.494308675,20.064549297,2020,,,427.0,0.9777327935222672,0.9554655870445344,0.9878542510121456,0.9898785425101214,0.9817813765182186,0.1235,0.1873,0.0822,0.92,0.97,985.0,1.0,0,0,0,1,0,0,1,1,0
Hudspeth,11.387900356,,,23.0,25.0,,146,14.092664093,500,13.4,,,42671,91.680814941,4795,47.00729927,100.0,2020,,,43.0,0.972972972972973,1.0,1.0,0.972972972972973,0.972972972972973,0.1166,0.1765,0.0789,0.98,0.98,,,1,0,0,1,0,0,1,0,1
Hunt,8.631632394,27.0,28.76257,38.0,20.1,7.63062597,2633,11.310623309,16200,17.9,52.351984246,78.76219,53360,54.563701669,96493,50.6772512,56.631332072,2020,,,1211.0,0.974910394265233,0.9695340501792116,0.978494623655914,0.9767025089605734,0.9722222222222222,0.1122,0.1653,0.0743,0.83,0.87,1270.0,1.0,0,0,0,1,0,0,1,0,0
Hutchinson,9.2692496322,7.0,32.74854,38.0,18.9,,734,12.827682628,3460,15.9,43.164571689,37.73941,54351,49.167253108,21198,49.698084725,22.564334086,2020,,,231.0,0.9593220338983052,0.9627118644067796,0.9694915254237289,0.9593220338983052,0.9559322033898304,0.1241,0.1883,0.0824,0.66,0.86,2650.0,1.0,0,0,0,0,0,0,1,1,0
Jack,7.3282442748,4.0,45.28986,34.0,21.9,,322,16.035856574,1410,15.9,,22.61676,48780,61.412051126,8843,43.593803008,53.217602831,2020,,,80.0,0.9428571428571428,0.9714285714285714,0.9809523809523808,0.9523809523809524,0.9428571428571428,0.1293,0.1898,0.087,0.65,0.98,4422.0,1.0,1,0,0,0,0,0,1,0,1
Jackson,6.9896193772,1.0,6.75447,38.0,19.4,,504,12.804878049,2060,14.0,41.783387714,60.50827,54088,55.189107413,14874,50.248756219,61.818827709,2020,,,201.0,0.9877551020408164,0.979591836734694,0.9877551020408164,0.9877551020408164,0.9836734693877552,0.1134,0.1709,0.0762,0.68,0.93,1653.0,1.0,0,0,0,0,0,0,1,1,0
Jasper,8.0478882607,14.0,39.36897,38.0,29.9,,864,9.779286927,7520,21.2,59.808008805,64.11686,47551,64.394925179,35872,50.485057984,78.185382246,2020,,,352.0,0.9124293785310734,0.923728813559322,0.9378531073446328,0.9209039548022598,0.923728813559322,0.1428,0.2169,0.0983,0.82,0.92,1560.0,1.0,0,0,0,1,0,0,1,1,0
Jeff Davis,,1.0,43.85965,24.0,34.4,,26,20.3125,220,9.8,,44.40497,51343,54.44015444,2252,48.756660746,100.0,2020,,,17.0,0.9230769230769232,0.9230769230769232,0.9230769230769232,0.9230769230769232,0.8461538461538461,0.1166,0.1765,0.0789,0.36,0.89,2252.0,1.0,1,1,0,0,0,0,1,0,1
Dimmit,8.3832335329,4.0,38.39509,33.0,35.8,,278,8.8366179275,1130,10.4,,67.90842,37177,76.97874265,10308,50.805199845,39.475790316,2020,,,155.0,1.0,1.0,1.0,1.0,1.0,0.107,0.1724,0.0705,1.0,0.99,1473.0,1.0,1,0,0,1,0,0,1,1,0
Hood,7.2357531331,31.0,53.19788,49.0,16.8,6.5313739212,1538,11.870031643,8480,15.3,74.872232212,42.94894,60917,48.281948694,60537,51.102631449,32.845531632,2020,,,591.0,0.9236883942766296,0.9220985691573926,0.9411764705882352,0.9300476947535772,0.920508744038156,0.1134,0.1689,0.0762,0.26,0.66,2328.0,1.0,0,1,0,0,0,0,0,0,0
Hale,9.6685922773,10.0,29.2963,39.0,26.2,,1204,12.527312454,4510,13.1,38.311899757,62.07508000000001,42782,73.134942403,33830,47.803724505,23.099826317,2020,,,432.0,0.98015873015873,0.984126984126984,0.9821428571428572,0.98015873015873,0.9781746031746033,0.1143,0.1758,0.0766,0.93,0.97,1611.0,1.0,0,0,0,1,0,0,1,1,0
Jim Hogg,8.9500860585,1.0,19.22338,30.0,38.6,,139,8.7202007528,470,8.9,,,36176,83.753258036,5248,48.666158537,17.396226415,2020,,,56.0,0.9801980198019802,1.0,1.0,1.0,1.0,0.1146,0.1867,0.0742,0.99,1.0,,,1,0,0,1,0,0,1,0,1
Grimes,9.1192170819,6.0,21.366,47.0,25.3,,888,13.571756075,4810,17.6,32.246160684,38.787020000000005,49498,66.841644794,28360,45.585331453,68.903172455,2020,,,347.0,0.9788519637462236,0.9758308157099698,0.9818731117824774,0.9818731117824774,0.9788519637462236,0.1225,0.1864,0.0827,0.86,0.9,2578.0,1.0,0,0,0,1,0,0,1,1,0
Guadalupe,7.9980919065,56.0,35.07475,39.0,12.0,5.5054655709,3565,8.2467787828,17330,11.5,40.498684741,32.37748,73864,40.711264071,163694,50.506432734,26.16225586,2020,,,1905.0,0.977176220806794,0.975583864118896,0.9830148619957536,0.9777070063694268,0.9750530785562632,0.1024,0.1543,0.0667,0.43,0.77,3089.0,1.0,0,0,1,0,0,0,0,0,0
Duval,8.7108013937,,,34.0,36.1,,265,9.0722355358,1190,10.4,,53.51409,35156,73.712121212,11212,48.448091331,67.042946868,2020,,,114.0,0.9937106918238994,0.9937106918238994,1.0,0.9937106918238994,0.9937106918238994,0.1146,0.1867,0.0742,1.0,1.0,1869.0,1.0,1,0,0,1,0,0,1,1,0
Eastland,7.9285714286,6.0,32.58921,40.0,26.1,,539,13.295510607,3110,17.0,25.324460201,38.20544,44773,62.262156448,18322,50.065495033,60.345477049,2020,,,207.0,0.9296482412060302,0.9447236180904522,0.9597989949748744,0.9447236180904522,0.9396984924623116,0.1278,0.1901,0.086,0.81,0.98,2617.0,1.0,0,0,0,1,0,0,1,1,0
Ector,9.0494408476,93.0,59.20286,39.0,17.9,5.7334212796,6063,12.377258344,15320,9.8,44.405288975,79.56873,60431,49.171444954,162124,49.122276776,9.4552614308,2020,,,2743.0,0.9692255664524856,0.9600946905647616,0.9837673317551572,0.9763273588096044,0.9584037876225904,0.1113,0.171,0.0731,0.79,0.88,1257.0,1.0,0,0,0,0,0,0,1,0,0
Edwards,,0.0,0.0,30.0,37.3,,74,16.517857143,130,6.2,,0.0,37812,71.428571429,1928,47.147302905,100.0,2020,,,18.0,0.9574468085106383,0.9574468085106383,0.9574468085106383,0.9574468085106383,0.9574468085106383,0.107,0.1724,0.0705,0.44,0.92,1928.0,0.0,1,0,1,0,0,0,1,0,1
Ellis,7.2184403855,70.0,40.31794,50.0,14.0,5.8301132127,5436,11.113837095,22320,13.6,38.855231083,55.17288,76792,47.272012579,179436,50.67154863,31.975135352,2020,,,2381.0,0.9619873291097032,0.9583194398132712,0.9699899966655552,0.964654884961654,0.9619873291097032,0.1147,0.169,0.0766,0.39,0.7,1812.0,1.0,0,1,0,0,0,0,0,0,0
Erath,6.8255369226,23.0,54.80235,47.0,20.1,6.6996795805,1345,15.199457566,7250,17.7,57.179918858,42.40682,47087,52.61574461,42446,51.034255289,46.320929005,2020,,,430.0,0.9736842105263158,0.9655870445344128,0.9777327935222672,0.9736842105263158,0.9635627530364372,0.1134,0.1689,0.0762,0.63,0.87,2358.0,1.0,0,0,0,0,0,0,1,0,0
Fannin,7.4153450493,7.0,20.32166,43.0,19.5,,1046,13.748685594,5670,16.8,32.001559303,42.50978,53111,58.028933092,35286,46.916624157,70.529264337,2020,,,403.0,0.9315403422982884,0.9511002444987776,0.9535452322738386,0.9339853300733496,0.9486552567237164,0.1317,0.1945,0.0881,0.58,0.86,2352.0,1.0,0,0,1,0,0,0,1,1,0
Fisher,10.0,1.0,25.7732,9.0,21.3,,141,16.49122807,560,14.5,18.142915096,104.1938,45261,52.142857143,3839,50.429799427,100.0,2020,,,38.0,0.96,0.98,1.0,0.96,0.96,0.1278,0.1901,0.086,0.43,0.91,960.0,1.0,0,0,1,0,0,0,1,0,1
Floyd,9.5149253731,4.0,68.31768,37.0,33.3,,203,12.476951444,690,11.5,28.410323282,34.26418,39891,76.661129568,5837,49.597395923,53.319888303,2020,,,68.0,1.0,1.0,1.0,1.0,1.0,0.1143,0.1758,0.0766,0.83,0.97,2919.0,1.0,0,0,0,1,0,0,1,0,1
Foard,,0.0,0.0,27.0,31.0,,50,19.083969466,170,11.9,,83.33333,37648,74.88372093,1200,51.416666667,100.0,2020,,,12.0,1.0,1.0,1.0,1.0,1.0,0.1293,0.1898,0.087,0.48,0.93,1200.0,1.0,1,0,1,0,0,0,1,0,1
Falls,9.6153846154,2.0,11.46986,34.0,27.7,,520,13.666228647,3520,20.4,41.663952769,40.38073,37428,82.107728337,17335,52.523795789,67.356990932,2020,,,178.0,0.9777777777777776,0.9888888888888888,0.9888888888888888,0.9888888888888888,0.9833333333333332,0.1248,0.188,0.085,0.98,0.99,2476.0,1.0,0,0,0,1,0,0,1,1,0
Fort Bend,8.7697102478,650.0,84.98643,46.0,10.4,4.110311453,18829,8.3750328036,98800,13.9,46.231436954,67.01715,92310,33.722314837,787858,50.930370701,5.5357676703,2020,,,8816.0,0.9848884624610218,0.9822499400335812,0.9871671863756296,0.9875269848884624,0.9816502758455266,0.0795,0.1228,0.0524,0.29,0.54,1492.0,1.0,0,1,0,0,0,1,0,0,0
Grayson,7.7920891568,62.0,47.27772,50.0,16.6,6.468305304,3866,11.914080557,21380,17.0,49.616861019,74.63188,51403,53.677607836,133991,51.214633819,43.150475277,2020,,,1586.0,0.96309963099631,0.948866631523458,0.9678439641539271,0.9646810753821824,0.9567738534528204,0.1317,0.1945,0.0881,0.66,0.79,1340.0,1.0,0,0,0,0,0,0,0,0,0
Gonzales,8.6348287506,8.0,38.29034,39.0,25.3,,842,14.427690199,2520,12.3,37.569345181,52.81859,49829,78.431372549,20826,49.50062422,65.279951532,2020,,,290.0,0.9884169884169884,0.9768339768339768,0.9884169884169884,0.9884169884169884,0.9884169884169884,0.1134,0.1709,0.0762,0.9,0.98,1893.0,1.0,0,0,0,1,0,0,1,1,0
Glasscock,,0.0,0.0,43.0,13.3,,72,19.512195122,150,10.2,,0.0,83330,36.102236422,1388,44.884726225,100.0,2020,,,18.0,0.95,0.9,0.95,0.95,0.95,0.1235,0.1873,0.0822,0.18,0.81,1388.0,0.0,1,0,0,0,1,0,1,0,1
Gillespie,7.4200913242,31.0,116.34016,51.0,15.7,,1009,17.814265537,3380,13.0,,55.9618,61433,48.050248626,26804,51.298313685,53.653822925,2020,,,263.0,0.9417808219178082,0.9315068493150684,0.9554794520547946,0.9452054794520548,0.9417808219178082,0.1008,0.1475,0.0669,0.36,0.61,1787.0,1.0,1,1,0,0,0,0,0,1,0
Goliad,6.6929133858,,,38.0,22.6,,194,11.533888228,1000,13.3,9.2780697563,13.18565,55008,53.765846383,7584,50.474683544,100.0,2020,,,52.0,0.9615384615384616,0.9743589743589745,0.9743589743589745,0.9743589743589745,0.9487179487179488,0.1134,0.1709,0.0762,0.58,0.97,7584.0,1.0,0,0,1,0,0,0,1,0,1
Gregg,7.9222011385,107.0,86.73308,48.0,20.9,7.5084278272,3764,11.507536152,24920,20.2,29.629653129,134.9964,50610,59.709385422,123707,51.407761889,13.36235932,2020,,,1574.0,0.9603004291845494,0.9678111587982832,0.9758583690987124,0.9640557939914164,0.9560085836909872,0.1265,0.1924,0.0851,0.88,0.79,741.0,1.0,0,0,0,1,0,0,0,0,0
Galveston,8.540460387,245.0,73.12647,44.0,16.6,4.8056832428,6352,7.3784964223,53270,16.6,43.736549665,88.78629,71959,46.062483038,337890,50.832519459,6.1498271595,2020,,,3888.0,0.966456326801727,0.960810362005978,0.9752573895715708,0.9681169046828296,0.963301228827632,0.1049,0.1574,0.0689,0.58,0.73,1126.0,1.0,0,0,1,0,0,0,0,0,0
Gaines,5.806010929,5.0,24.22715,31.0,22.0,,2038,26.682377586,2070,10.4,56.763308927,19.13784,56321,55.731775181,20901,49.294292139,63.043478261,2020,,,470.0,0.7971014492753623,0.8043478260869565,0.7971014492753623,0.8079710144927537,0.8043478260869565,0.1166,0.1765,0.0789,0.68,0.99,5225.0,1.0,0,0,0,0,0,0,1,1,0
Frio,10.49382716,4.0,20.40816,35.0,33.9,,504,10.601598654,1680,8.8,56.040756914,60.55713,41038,75.711226675,19816,40.689341946,22.181564733,2020,,,225.0,0.9813084112149532,0.9766355140186916,0.9813084112149532,0.9813084112149532,0.9813084112149532,0.1146,0.174,0.0756,0.99,0.99,1651.0,1.0,0,0,0,1,0,0,1,1,0
Freestone,8.1686429513,6.0,30.57325,37.0,19.3,,616,13.190578158,3820,19.4,23.238191236,55.53312,49317,54.266487214,19808,48.096728595,66.476584578,2020,,,166.0,0.9570815450643776,0.96137339055794,0.9742489270386266,0.9699570815450644,0.965665236051502,0.1248,0.188,0.085,0.84,0.97,1801.0,1.0,0,0,0,1,0,0,1,1,0
Moore,,10.0,46.5441,36.0,15.1,,1073,15.153226945,2740,12.6,29.476659232,33.42884,55099,63.756177924,20940,48.132760267,16.814280497,2021,84.360611911,31.757402101,414.0,0.9603174603174603,0.9603174603174603,0.9735449735449736,0.9708994708994708,0.9629629629629628,0.1241,0.1883,0.0824,0.7,0.88,2991.0,1.0,0,0,0,0,0,0,1,1,0
Nacogdoches,,46.0,70.0035,48.0,26.3,3.8805466509,1804,11.552254098,12430,19.0,46.061693652,98.15349,46207,66.822640151,65204,51.889454635,46.460231852,2021,78.860967294,23.006257285,845.0,0.983502538071066,0.9873096446700508,0.9898477157360406,0.9847715736040608,0.980964467005076,0.125,0.1935,0.0836,0.98,0.9,1019.0,1.0,0,0,0,1,0,0,1,0,0
Motley,,0.0,0.0,34.0,30.9,,35,13.725490196,170,15.1,,83.33333,40217,70.987654321,1200,49.0,100.0,2021,69.529652352,19.75,14.0,0.8888888888888888,0.8888888888888888,0.8888888888888888,0.8888888888888888,0.8888888888888888,0.1143,0.1758,0.0766,0.7,0.87,1200.0,1.0,1,0,0,0,0,0,1,0,1
Morris,,2.0,16.208769999999998,42.0,29.0,,289,10.041695622,2320,18.7,15.629255706,40.36164,43304,78.582677165,12388,51.993865031,78.421215401,2021,77.975376197,23.062641266,116.0,0.990990990990991,1.0,1.0,0.990990990990991,1.0,0.1283,0.1937,0.0866,0.73,0.97,2478.0,1.0,0,0,0,0,0,0,1,1,0
Menard,,1.0,46.75082,31.0,35.4,,82,20.918367347,330,15.7,,0.0,38425,72.786885246,2138,50.140318054,100.0,2021,66.07495069,18.054256314,17.0,1.0,1.0,1.0,1.0,1.0,0.1235,0.1873,0.0822,0.59,0.97,2138.0,0.0,1,0,1,0,0,0,1,0,1
Mitchell,,4.0,49.10988,26.0,23.4,,225,12.369433755,1130,13.2,32.578726242,23.4055,44457,56.632653061,8545,39.426565243,36.74359247,2021,66.246851385,20.631948508,69.0,0.87,0.86,0.94,0.9,0.89,0.1278,0.1901,0.086,0.62,0.97,4273.0,1.0,0,0,0,0,0,0,1,0,1
Mills,,2.0,40.64215,19.0,24.9,,181,18.009950249,850,17.4,,61.56372,46876,54.885404101,4873,50.01026062,100.0,2021,71.508379888,20.418633285,42.0,1.0,1.0,1.0,1.0,1.0,0.1264,0.1929,0.0847,0.77,0.95,1624.0,1.0,1,0,0,0,0,0,1,0,1
Milam,,3.0,11.93745,40.0,25.1,,682,10.837438424,4180,16.9,27.859175028,68.48487,48989,70.107296137,24823,50.630463683,56.182089914,2021,68.530559168,23.760222374,288.0,0.9680511182108626,0.977635782747604,0.9840255591054312,0.9712460063897764,0.97444089456869,0.1225,0.1864,0.0827,0.76,0.95,1460.0,1.0,0,0,0,0,0,0,1,1,0
Montague,,6.0,30.61849,30.0,18.0,,667,14.459137221,3190,16.4,,15.13775,53649,55.228662977,19818,50.877989706,58.943151275,2021,72.205128205,22.449288526,193.0,0.853448275862069,0.8879310344827587,0.9224137931034484,0.8620689655172413,0.8448275862068966,0.1293,0.1898,0.087,0.58,0.93,6606.0,1.0,1,0,1,0,0,0,1,1,0
Newton,,,,37.0,28.3,,347,12.044429018,2820,20.0,35.20103925,14.71129,45890,67.721518987,13595,48.716439868,100.0,2021,69.91533396,19.610150791,106.0,0.9457364341085271,0.9534883720930232,0.9612403100775194,0.9457364341085271,0.9457364341085271,0.1428,0.2169,0.0983,0.72,0.96,6798.0,1.0,0,0,0,0,0,0,1,1,0
Rains,,1.0,8.22436,40.0,22.9,,374,14.829500397,1740,15.2,3.0974101792,15.9821,65657,62.950058072,12514,50.05593735,93.228880337,2021,72.632794457,20.177401311,108.0,0.9858490566037736,0.9858490566037736,0.9858490566037736,0.9858490566037736,0.9858490566037736,0.1285,0.1874,0.0874,0.4,0.89,6257.0,1.0,0,0,1,0,0,0,1,1,0
Nueces,,287.0,79.22377,42.0,23.1,4.9287410926,9671,10.431565436,52610,14.6,39.87273332,104.05913,56079,63.567242199,362294,50.588748365,6.447241956,2021,81.289445427,24.305950416,4320.0,0.9795862819814916,0.9814915623298855,0.9869352204681546,0.9812193794229722,0.9801306477953184,0.1011,0.1589,0.0646,0.84,0.89,961.0,1.0,0,0,0,1,0,0,1,0,0
Ochiltree,,4.0,40.21313,27.0,16.2,,573,17.52293578,1200,11.6,,50.83367,62567,58.266309205,9836,49.827165514,13.90981121,2021,75.59575079,31.018706791,133.0,0.8903225806451613,0.896774193548387,0.896774193548387,0.8903225806451613,0.8903225806451613,0.1241,0.1883,0.0824,0.58,0.9,1967.0,1.0,1,0,1,0,0,0,1,1,0
Orange,,16.0,19.14517,47.0,18.7,8.3279948751,2050,9.5109956389,14130,16.8,73.898354282,38.37114,62976,50.525141132,83396,50.412489808,35.171132862,2021,80.74714457,24.763777639,1046.0,0.9424269264836138,0.9433126660761736,0.9557130203720108,0.9468556244464128,0.9450841452612933,0.1338,0.1949,0.0899,0.58,0.86,2606.0,1.0,0,0,1,0,0,0,1,0,0
Palo Pinto,,11.0,38.09524,46.0,26.2,7.8709169618,1008,14.507772021,4770,16.8,67.193196484,54.81517,50159,70.299427565,29189,50.878755696,50.215218242,2021,75.631399317,22.998389804,339.0,0.9611940298507464,0.9611940298507464,0.9611940298507464,0.9611940298507464,0.9582089552238806,0.1134,0.1689,0.0762,0.88,0.93,1824.0,1.0,0,0,0,1,0,0,1,1,0
Panola,,8.0,34.56022,40.0,21.5,,676,12.043470515,3940,16.8,30.83385354,25.86876,56882,52.659574468,23194,50.379408468,72.718103883,2021,73.312492764,23.286194706,254.0,0.9790794979079498,0.98744769874477,0.9832635983263598,0.9790794979079498,0.9790794979079498,0.1282,0.1918,0.0871,0.7,0.92,3866.0,1.0,0,0,0,0,0,0,1,1,0
Parker,,58.0,41.9163,50.0,10.4,5.7634072482,4202,11.621539398,16090,12.4,56.658467308,42.69377,82501,35.465883455,142878,50.180573636,56.084565584,2021,85.073311795,24.728789597,1802.0,0.959070796460177,0.9546460176991152,0.9629424778761062,0.9601769911504424,0.9596238938053098,0.1198,0.1716,0.0811,0.26,0.68,2342.0,1.0,0,1,0,0,0,0,0,0,0
Pecos,,7.0,44.6628,18.0,23.1,,547,13.837591703,1860,11.8,38.606569634,75.83896999999999,52763,62.932138284,15823,43.297731151,39.77558522,2021,63.29467354,24.527586425,181.0,0.9891891891891892,0.9783783783783784,0.9891891891891892,0.9891891891891892,0.9783783783783784,0.1166,0.1765,0.0789,0.82,0.98,1319.0,1.0,0,0,0,1,0,0,1,1,0
Polk,,29.0,57.96406,47.0,26.6,,1316,12.622290428,8690,18.2,45.580557725,54.52457,50416,73.47985348,51353,45.944735458,77.638561645,2021,71.474518938,19.874204039,537.0,0.9596774193548387,0.969758064516129,0.9778225806451613,0.9657258064516128,0.9637096774193548,0.1365,0.206,0.093,0.91,0.97,1834.0,1.0,0,0,0,1,0,0,1,0,0
Potter,,89.0,74.38485999999999,46.0,26.1,7.3606729758,4073,12.137195304,19280,15.9,49.301579076,200.14479,41138,72.963611915,117415,48.60878082,8.9962254177,2021,74.010815683,27.265681557,1564.0,0.9644631257164692,0.9682842949942684,0.9778372181887658,0.9701948796331678,0.965227359572029,0.1281,0.2007,0.0864,0.92,0.87,500.0,1.0,0,0,0,1,0,0,1,0,0
Karnes,,4.0,25.55911,41.0,27.0,,459,13.208633094,2200,14.3,36.32232263,38.45907,54843,63.558978516,15601,41.439651304,38.390447922,2021,68.262494162,21.27427729,148.0,0.9801980198019802,0.9801980198019802,0.99009900990099,0.9702970297029704,0.99009900990099,0.1134,0.1709,0.0762,0.84,0.97,2600.0,1.0,0,0,0,1,0,0,1,1,0
Nolan,,5.0,33.89601,37.0,23.6,,417,10.498489426,2350,15.7,42.354382475,74.75873,46389,61.507191995,14714,50.101943727,32.656414301,2021,72.831514703,26.022835395,176.0,0.983957219251337,0.983957219251337,0.9946524064171124,0.983957219251337,0.983957219251337,0.1278,0.1901,0.086,0.89,0.96,1338.0,1.0,0,0,0,1,0,0,1,1,0
Medina,,14.0,27.49357,38.0,19.4,6.3211125158,1470,11.890317884,6000,12.2,54.399904646,19.38586,60695,56.590493601,51584,48.377403846,61.555014563,2021,73.644943247,22.892757444,597.0,0.9658227848101266,0.979746835443038,0.9860759493670886,0.9670886075949368,0.9683544303797468,0.1146,0.174,0.0756,0.67,0.95,5158.0,1.0,0,0,0,0,0,0,1,0,0
Matagorda,,14.0,38.3016,41.0,24.1,,1253,13.053443067,6600,18.0,42.729500918,60.03875,49276,70.199862164,36643,49.717544961,36.417633916,2021,63.388214905,25.557405234,522.0,0.9788135593220338,0.9745762711864406,0.9788135593220338,0.9788135593220338,0.972457627118644,0.1114,0.1704,0.0738,0.91,0.94,1666.0,1.0,0,0,0,1,0,0,1,0,0
Randall,,86.0,63.10954,46.0,12.1,6.1259706644,2631,7.7273261278,15830,11.9,54.784481659,54.461090000000006,70694,43.275771847,137713,50.936367663,14.375647132,2021,88.155257244,23.89897831,1711.0,0.9658002735978112,0.9658002735978112,0.9685362517099864,0.9671682626538988,0.9658002735978112,0.1021,0.1521,0.0667,0.22,0.6,1836.0,1.0,0,1,0,0,0,0,0,0,0
Kendall,,38.0,83.25846999999999,51.0,10.9,,1273,11.398638968,4720,11.2,,124.39122,94899,25.409379525,47431,50.98142565,58.159233762,2021,88.353329124,23.124117139,437.0,0.9465081723625556,0.9435364041604756,0.952451708766716,0.9435364041604756,0.9390787518573552,0.1008,0.1475,0.0669,0.23,0.47,804.0,1.0,1,1,0,0,0,1,0,0,0
Kenedy,,0.0,0.0,50.0,21.4,,21,16.030534351,90,14.3,,0.0,46132,60.9375,404,47.524752475,100.0,2021,48.223350254,24.752475248,,1.0,1.0,1.0,1.0,1.0,0.0992,0.1603,0.0642,0.73,0.99,404.0,0.0,1,0,0,0,0,0,1,0,1
Kent,,0.0,0.0,23.0,14.1,,18,12.0,130,17.4,,0.0,52591,34.210526316,762,49.081364829,100.0,2021,73.626373626,21.653543307,,0.8,0.8,0.9,0.8,0.8,0.1278,0.1901,0.086,0.44,0.91,762.0,0.0,1,0,1,0,0,0,1,0,1
Kerr,,44.0,83.96145,51.0,20.4,6.0240963855,1358,13.122040777,7760,15.1,62.929335439,91.25475,57789,61.231729814,52600,51.851711027,41.102267003,2021,83.063121992,18.942965779,501.0,0.9623015873015872,0.9603174603174603,0.9682539682539684,0.9623015873015872,0.9623015873015872,0.1008,0.1475,0.0669,0.7,0.6,1096.0,1.0,0,0,0,0,0,0,0,0,0
King,,0.0,0.0,,16.7,,12,16.438356164,30,14.7,,0.0,71256,23.58490566,272,50.0,100.0,2021,88.311688312,26.470588235,,0.9090909090909092,1.0,1.0,1.0,0.9090909090909092,0.1143,0.1758,0.0766,0.2,0.68,272.0,0.0,1,0,0,0,1,0,0,0,1
Kinney,,,,28.0,24.7,,78,10.41388518,620,16.9,,27.27025,47076,56.964285714,3667,45.132260704,20.455808783,2021,48.167539267,19.170984456,25.0,0.9777777777777776,0.9777777777777776,0.9777777777777776,0.9777777777777776,0.9777777777777776,0.107,0.1724,0.0705,0.86,0.98,3667.0,1.0,1,0,0,1,0,0,1,0,1
Kleberg,,13.0,41.7617,38.0,31.0,,731,9.3406593407,5360,17.1,34.077345885,48.89179000000001,47169,69.791477788,30680,49.178617992,18.870278532,2021,73.436786855,23.921121252,348.0,0.9875389408099688,0.9781931464174456,0.9906542056074766,0.9906542056074766,0.9875389408099688,0.0992,0.1603,0.0642,0.98,0.99,2045.0,1.0,0,0,0,1,0,0,1,1,0
Knox,,,,15.0,30.8,,178,17.997977755,570,15.3,44.454078886,163.75546,40808,64.073550212,3664,51.091703057,100.0,2021,75.2,26.06441048,41.0,0.9818181818181818,1.0,1.0,0.9818181818181818,0.9818181818181818,0.1278,0.1901,0.086,0.8,0.93,611.0,1.0,0,0,0,0,0,0,1,0,1
Lamar,,25.0,50.27349,49.0,27.3,7.0252469813,1380,11.305915124,8970,18.1,39.066746966,112.31673,47061,64.312617702,49859,51.866262861,47.082923302,2021,65.816197646,23.612587497,670.0,0.9781591263650546,0.9750390015600624,0.9812792511700468,0.9781591263650546,0.9750390015600624,0.1283,0.1937,0.0866,0.84,0.94,890.0,1.0,0,0,0,1,0,0,1,0,0
Maverick,,17.0,29.06728,26.0,40.3,5.6833201163,2229,11.845671467,10520,18.1,48.426122658,47.682300000000005,40017,81.168875764,58722,49.862061919,9.2557779498,2021,61.347169348,30.95092129,930.0,0.9595375722543352,0.96242774566474,0.9836223506743738,0.9595375722543352,0.953757225433526,0.107,0.1724,0.0705,0.97,1.0,2097.0,1.0,0,0,0,1,0,0,1,0,0
Lamb,,4.0,30.39976,35.0,26.1,,554,14.663843303,2250,16.9,17.939155213,62.04917,42719,71.428571429,12893,50.399441557,57.687629677,2021,67.322335025,27.534320949,165.0,0.9567567567567568,0.9621621621621622,0.9621621621621622,0.9567567567567568,0.9567567567567568,0.1143,0.1758,0.0766,0.9,0.99,1612.0,1.0,0,0,0,1,0,0,1,1,0
Lavaca,,13.0,64.64446,39.0,14.5,,578,11.59943809,2900,14.5,37.328895092,64.50332,52632,41.813705375,20154,51.061823956,81.316513523,2021,75.811397904,23.255929344,236.0,0.9779179810725552,0.9747634069400632,0.9810725552050472,0.9779179810725552,0.9716088328075708,0.1134,0.1709,0.0762,0.69,0.91,1550.0,1.0,0,0,0,0,0,0,1,1,0
Leon,,,,43.0,22.2,,798,19.791666667,2920,17.1,31.462717089,34.474830000000004,50522,57.854649318,17404,50.275798667,100.0,2021,70.805525376,22.351183636,177.0,0.9783549783549784,0.9783549783549784,0.9826839826839828,0.9783549783549784,0.974025974025974,0.1225,0.1864,0.0827,0.62,0.92,2901.0,1.0,0,0,0,0,0,0,1,1,0
Liberty,,20.0,23.1688,37.0,19.0,6.8947573826,2784,11.792113177,13680,16.7,33.789892982,37.40691,53274,70.740679734,88219,50.607012095,63.227264915,2021,79.194730771,27.044060803,1356.0,0.9783368273934312,0.9776380153738644,0.983927323549965,0.979035639412998,0.9776380153738644,0.1377,0.2028,0.0929,0.94,0.97,2673.0,1.0,0,0,0,1,0,0,1,0,0
Limestone,,8.0,34.01505,41.0,26.0,,682,12.643678161,4170,17.7,28.04293872,68.26812000000001,43644,70.730452675,23437,48.653837949,53.617858365,2021,63.793720902,22.020736442,240.0,0.8847736625514403,0.9629629629629628,0.9753086419753086,0.8847736625514403,0.8724279835390947,0.1248,0.188,0.085,0.95,0.98,1465.0,1.0,0,0,0,1,0,0,1,1,0
Lipscomb,,,,33.0,17.2,,215,23.652365237,460,13.1,,61.86205,65388,63.648468708,3233,48.871017631,100.0,2021,82.718120805,25.332508506,38.0,0.8333333333333334,0.8333333333333334,0.8571428571428571,0.8333333333333334,0.7857142857142857,0.1241,0.1883,0.0824,0.46,0.87,1617.0,1.0,1,0,1,0,0,0,1,0,1
Llano,,17.0,78.53645,43.0,20.7,,457,13.057142857,3420,16.6,66.084699175,27.52925,55617,64.42159383,21795,51.557696719,45.179006269,2021,81.020972574,15.122734572,219.0,0.9642857142857144,0.9714285714285714,0.9714285714285714,0.9642857142857144,0.9714285714285714,0.1264,0.1929,0.0847,0.47,0.76,3633.0,1.0,0,0,1,0,0,0,0,1,0
Lubbock,,252.0,81.97468,46.0,22.5,5.1417454141,6626,8.7078799348,46080,15.3,44.906062064,154.87702,54733,60.363303966,310569,50.732365432,11.335540166,2021,79.79433949,23.674288161,4005.0,0.930802995094242,0.9486186418796798,0.9617867286341336,0.933126775109734,0.9284792150787504,0.109,0.1714,0.0711,0.75,0.74,646.0,1.0,0,0,0,0,0,0,0,0,0
Lynn,,3.0,51.04645,33.0,23.4,,213,13.059472716,950,16.4,,50.4117,45737,54.731965586,5951,48.731305663,56.720202874,2021,71.634168988,27.255923374,85.0,0.9705882352941176,0.9705882352941176,0.9803921568627452,0.9803921568627452,0.9705882352941176,0.1143,0.1758,0.0766,0.89,0.99,1984.0,1.0,1,0,0,1,0,0,1,0,1
Madison,,3.0,20.80155,43.0,22.2,,380,12.117346939,2210,15.6,51.067263319,28.00336,46274,69.685902118,14284,42.411089331,67.403395785,2021,69.126259077,21.240548866,180.0,0.9702970297029704,0.9455445544554456,0.9752475247524752,0.9653465346534652,0.9554455445544554,0.1225,0.1864,0.0827,0.84,0.96,3571.0,1.0,0,0,0,1,0,0,1,1,0
Marion,,,,37.0,32.9,,202,10.97826087,1970,19.5,36.795174384,10.14816,37876,74.16918429,9854,50.92348285,100.0,2021,62.863202545,18.084026791,85.0,0.9743589743589745,0.9871794871794872,0.9871794871794872,0.9743589743589745,0.9615384615384616,0.1276,0.1901,0.0861,0.69,0.97,9854.0,1.0,0,0,0,0,0,0,1,1,0
Mason,,,,41.0,20.4,,214,23.010752688,630,15.2,,70.19186,54914,46.993006993,4274,48.85353299,100.0,2021,73.231132075,20.191857745,31.0,0.9807692307692308,1.0,1.0,0.9807692307692308,0.9807692307692308,0.1235,0.1873,0.0822,0.36,0.81,1425.0,1.0,1,1,0,0,0,0,1,0,1
Lampasas,,10.0,47.10537,24.0,19.2,,553,11.260435756,3050,14.8,45.989359577,32.667539999999995,58817,54.224395545,21428,50.87735673,68.267520455,2021,76.713206097,21.602576069,207.0,0.9785714285714284,0.9857142857142858,0.9928571428571428,0.9857142857142858,0.9785714285714284,0.1264,0.1929,0.0847,0.54,0.88,3061.0,1.0,0,0,1,0,0,0,1,1,0
Reagan,,2.0,53.46164,27.0,12.2,,159,14.108251996,410,11.0,,77.94232,67384,61.828571429,3849,46.583528189,13.305613306,2021,73.062730627,28.968563263,45.0,1.0,1.0,1.0,1.0,1.0,0.1235,0.1873,0.0822,0.48,0.94,1283.0,1.0,1,0,1,0,0,0,1,0,1
Terrell,,0.0,0.0,12.0,20.7,,26,14.857142857,110,13.0,,128.86598,45677,49.58677686,776,49.613402062,100.0,2021,58.373205742,18.81443299,,1.0,1.0,1.0,1.0,1.0,0.1166,0.1765,0.0789,0.47,0.91,776.0,1.0,1,0,1,0,0,0,1,0,1
Red River,,2.0,16.427100000000003,50.0,27.2,,257,10.284113645,2310,18.8,50.712959561,33.26957,41325,66.869443145,12023,51.426432671,75.730948678,2021,64.13459601,19.57082259,136.0,0.9809523809523808,0.9809523809523808,0.9809523809523808,0.9809523809523808,0.9809523809523808,0.1283,0.1937,0.0866,0.56,0.99,3006.0,1.0,0,0,1,0,0,0,1,1,0
Trinity,,2.0,13.56852,38.0,29.8,,392,12.852459016,2820,19.3,42.485157526,54.60378,43788,70.362190813,14651,51.948672446,77.236887213,2021,65.157545605,19.705139581,138.0,0.9507042253521126,0.9577464788732394,0.9577464788732394,0.9577464788732394,0.9577464788732394,0.1365,0.206,0.093,0.8,0.97,1831.0,1.0,0,0,0,1,0,0,1,1,0
Tyler,,4.0,18.43658,33.0,23.3,,440,10.249242954,4080,19.0,43.411948542,41.52824,48254,60.686600221,21672,46.040974529,78.131030047,2021,68.492957746,19.255260244,204.0,0.9744680851063828,0.9659574468085106,0.9787234042553192,0.9787234042553192,0.9744680851063828,0.1428,0.2169,0.0983,0.88,0.98,2408.0,1.0,0,0,0,1,0,0,1,1,0
Upshur,,12.0,29.08386,45.0,21.1,8.4822780975,1345,13.218673219,6460,15.9,30.615075863,9.58015,53078,59.635091227,41753,50.705338539,79.299905874,2021,78.933938191,23.787512275,483.0,0.9555555555555556,0.9555555555555556,0.9577777777777776,0.9555555555555556,0.9577777777777776,0.1276,0.1901,0.0861,0.59,0.88,10438.0,1.0,0,0,1,0,0,0,1,0,0
Uvalde,,11.0,40.97445,34.0,29.9,,922,12.339400428,3700,13.7,78.685728211,74.79152,44690,74.464084242,26741,50.914326315,31.384207536,2021,65.184933831,26.812759433,381.0,0.9721518987341772,0.9696202531645568,0.979746835443038,0.9696202531645568,0.9696202531645568,0.107,0.1724,0.0705,0.95,0.98,1337.0,1.0,0,0,0,1,0,0,1,1,0
Val Verde,,15.0,30.48285,26.0,28.9,3.5128805621,1631,11.295796108,7250,14.8,58.603168154,67.3126,45034,72.200667689,49025,48.895461499,10.157736451,2021,67.627859814,28.387557369,783.0,0.9744680851063828,0.9744680851063828,0.9886524822695036,0.9801418439716312,0.9716312056737588,0.107,0.1724,0.0705,0.97,0.99,1486.0,1.0,0,0,0,1,0,0,1,0,0
Van Zandt,,9.0,16.06598,40.0,19.5,6.6084493746,1765,13.09930236,8720,16.0,45.892153477,30.04064,55554,54.335541699,56590,51.169817989,75.018543525,2021,71.422901369,22.977557872,632.0,0.9553429027113236,0.9505582137161084,0.9617224880382776,0.963317384370016,0.9617224880382776,0.1285,0.1874,0.0874,0.56,0.89,3329.0,1.0,0,0,1,0,0,0,1,0,0
Victoria,,70.0,76.05802,51.0,22.6,5.2408563782,2580,10.72185513,13300,14.5,28.923112188,102.08071,57344,65.004556698,92084,51.009947439,26.626571267,2021,70.73631995,25.251943877,1220.0,0.9823008849557522,0.9778761061946902,0.9849557522123894,0.9831858407079646,0.9823008849557522,0.1065,0.1663,0.0699,0.78,0.9,980.0,1.0,0,0,0,0,0,0,1,0,0
Waller,,7.0,13.17622,45.0,18.2,6.2864840593,1950,14.625365634,7470,14.9,40.536508521,3.62017,61822,70.489875898,55246,50.217210296,61.641013772,2021,70.628172171,24.119393259,736.0,0.9756722151088348,0.9820742637644048,0.9871959026888604,0.9756722151088348,0.9756722151088348,0.1114,0.1704,0.0738,0.83,0.9,27623.0,1.0,0,0,0,1,0,0,1,0,0
Ward,,2.0,17.06485,26.0,15.8,,446,12.808730615,1380,11.9,28.582502952,83.34722,61396,51.774691358,11998,49.308218036,27.88515669,2021,71.769733534,28.83813969,161.0,0.987012987012987,0.9935064935064936,0.9935064935064936,0.9935064935064936,0.9935064935064936,0.1166,0.1765,0.0789,0.65,0.96,1200.0,1.0,0,0,0,0,0,0,1,1,0
Washington,,21.0,59.815430000000006,46.0,17.5,,1092,13.836796756,5370,15.4,21.284250548,64.09899,59039,59.083469722,35882,51.125912714,53.490717124,2021,73.552475248,21.361685525,350.0,0.9875311720698254,0.9925187032418952,0.9925187032418952,0.9875311720698254,0.9875311720698254,0.1225,0.1864,0.0827,0.73,0.86,1560.0,1.0,0,0,0,0,0,0,1,1,0
Webb,,86.0,31.169580000000003,37.0,28.7,4.6296296296,12072,13.012546889,43810,16.1,68.062476939,53.49681,52576,82.810541331,276652,50.789800905,2.5996388392,2021,66.917594833,32.407501121,4225.0,0.9893353174603174,0.9900793650793652,0.9952876984126984,0.9903273809523808,0.9836309523809524,0.1039,0.1663,0.0674,0.95,0.99,1869.0,1.0,0,0,0,1,0,0,1,0,0
Wheeler,,2.0,38.52822,28.0,17.5,,258,19.210722264,900,16.3,46.537053098,79.11392000000001,58544,53.534401508,5056,49.782436709,100.0,2021,72.789738891,25.39556962,57.0,0.9402985074626866,0.9402985074626866,0.9701492537313432,0.9402985074626866,0.9552238805970148,0.1241,0.1883,0.0824,0.7,0.91,1264.0,1.0,0,0,0,0,0,0,1,0,1
Wichita,,102.0,77.23528,47.0,17.4,8.0604534005,2653,8.658616188,22710,17.2,42.920220344,121.75754,51535,61.594167914,132230,48.315813356,10.666920152,2021,77.378195053,22.527414354,1577.0,0.9758800521512386,0.9765319426336376,0.9869621903520208,0.9771838331160364,0.9765319426336376,0.1296,0.2018,0.0855,0.82,0.83,821.0,1.0,0,0,0,1,0,0,1,0,0
Wilbarger,,5.0,39.00156,48.0,21.4,,333,11.443298969,2390,18.5,26.370059264,46.9888,42570,65.067012538,12769,50.834051218,21.891392686,2021,65.617760618,22.092567938,172.0,0.9761904761904762,0.9702380952380952,0.988095238095238,0.988095238095238,0.988095238095238,0.1293,0.1898,0.087,0.91,0.93,2128.0,1.0,0,0,0,1,0,0,1,1,0
Willacy,,7.0,32.53544,50.0,38.1,,463,8.9659178931,4560,21.0,,60.86712000000001,35821,86.095100865,21358,44.671785748,34.57576579,2021,60.152196472,23.480662983,231.0,0.9785714285714284,0.9892857142857144,1.0,0.9821428571428572,0.9714285714285714,0.0992,0.1603,0.0642,0.99,0.98,1643.0,1.0,1,0,0,1,0,0,1,1,0
Wilson,,23.0,45.79484,39.0,11.7,,1321,10.310646269,5490,11.4,30.736240084,52.86861,76905,42.284963887,51070,49.810064617,85.861410131,2021,82.705142058,23.81437243,569.0,0.9780775716694772,0.9780775716694772,0.9797639123102868,0.9797639123102868,0.9763912310286678,0.1134,0.1709,0.0762,0.44,0.78,1891.0,1.0,0,0,1,0,0,0,0,0,0
Winkler,,2.0,25.90674,20.0,17.9,,318,13.32774518,940,12.0,22.104257729,37.45318,64894,64.878803507,8010,48.339575531,18.129395218,2021,73.272241313,29.076154806,118.0,0.9765625,0.9609375,0.9921875,0.984375,0.9765625,0.1166,0.1765,0.0789,0.65,0.99,2670.0,1.0,0,0,0,0,0,0,1,0,1
Wise,,27.0,39.52859,49.0,11.7,6.1908230153,2410,13.582821394,9460,14.6,62.474322274,75.7316,70468,50.537827178,69984,49.902834934,72.107497421,2021,77.54928696,24.692786923,862.0,0.9505347593582888,0.9572192513368984,0.963903743315508,0.9532085561497328,0.9478609625668448,0.1293,0.1898,0.087,0.58,0.81,1320.0,1.0,0,0,1,0,0,0,1,0,0
Wood,,20.0,44.3174,40.0,22.3,,1136,12.639074321,7360,16.8,67.747330035,68.07352,56945,60.268929086,45539,50.367816597,74.199313697,2021,77.516656572,18.856364874,401.0,0.9468822170900691,0.9491916859122402,0.9653579676674364,0.9630484988452656,0.9561200923787528,0.1285,0.1874,0.0874,0.63,0.87,1469.0,1.0,0,0,0,0,0,0,1,0,0
Young,,12.0,66.50042,42.0,20.4,,642,14.244508542,2530,14.0,25.807162904,66.62965,52643,60.202516109,18010,50.349805664,33.568733154,2021,75.01026413,23.65907829,224.0,0.9495412844036696,0.9587155963302753,0.9724770642201837,0.9495412844036696,0.9495412844036696,0.1293,0.1898,0.087,0.55,0.84,1501.0,1.0,0,0,1,0,0,0,1,1,0
Jones,,7.0,35.32321,31.0,22.0,,383,10.776589758,3360,16.9,43.326724822,44.81402,51094,63.049962714,20083,37.250410795,85.14998515,2021,76.843398876,17.338047105,152.0,0.9876543209876544,0.9876543209876544,0.9938271604938272,0.9876543209876544,0.9938271604938272,0.1278,0.1901,0.086,0.63,0.97,2231.0,1.0,0,0,0,0,0,0,1,1,0
Travis,,1078.0,86.32681,50.0,13.6,4.0662597467,22753,8.0468957224,155240,12.9,46.268515217,100.00361,80690,50.17510918,1273954,49.4692901,5.463522171,2021,88.213463855,21.22360776,15582.0,0.9515164018980812,0.9557114366274672,0.9649267588198884,0.9530293652431056,0.9460834880682208,0.0916,0.1391,0.0588,0.38,0.69,1000.0,1.0,0,1,0,0,0,0,0,0,0
Titus,,15.0,45.40914,41.0,23.2,,1048,10.663410663,5400,16.5,33.523609954,100.76336,49924,72.985983293,32750,51.007633588,50.556689553,2021,73.873129533,28.680916031,441.0,0.9941520467836256,0.9941520467836256,0.9970760233918128,0.9912280701754386,0.9970760233918128,0.1283,0.1937,0.0866,0.89,0.92,992.0,1.0,0,0,0,1,0,0,1,1,0
Throckmorton,,1.0,66.00659999999999,22.0,27.2,,62,19.620253165,260,16.5,,66.62225000000001,42746,65.29209622,1501,52.165223185,100.0,2021,71.556886228,19.253830779,14.0,0.631578947368421,0.7368421052631579,0.7368421052631579,0.631578947368421,0.631578947368421,0.1278,0.1901,0.086,0.27,0.85,1501.0,1.0,1,1,0,0,0,0,1,0,1
Reeves,,5.0,31.85728,30.0,24.6,,444,12.164383562,1530,10.1,52.394440095,25.03756,48990,72.30975528,15976,38.839509264,14.496118407,2021,61.79647527,22.414872308,179.0,0.9308755760368664,0.967741935483871,0.9815668202764976,0.9308755760368664,0.9262672811059908,0.1166,0.1765,0.0789,0.78,0.98,3994.0,1.0,0,0,0,0,0,0,1,1,0
Refugio,,1.0,14.22071,30.0,27.0,,166,9.9401197605,1270,17.5,32.601953952,43.17789,46883,79.527559055,6948,50.546919977,60.679940404,2021,69.925402434,22.063903282,54.0,0.9803921568627452,0.9803921568627452,0.9705882352941176,0.9803921568627452,0.9803921568627452,0.1183,0.18,0.0772,0.94,0.99,2316.0,1.0,0,0,0,1,0,0,1,0,1
Roberts,,0.0,0.0,44.0,9.3,,27,11.392405063,120,14.1,,0.0,70705,29.223744292,854,50.468384075,100.0,2021,81.395348837,23.18501171,13.0,0.9230769230769232,1.0,1.0,0.9230769230769232,0.9230769230769232,0.1241,0.1883,0.0824,0.09,0.67,854.0,0.0,1,0,0,0,1,0,0,0,1
Rockwall,,77.0,76.49741,52.0,6.5,3.4293552812,2861,9.9030806507,9610,10.3,32.534790348,96.26841,105763,27.66478932,104915,50.611447362,16.035845131,2021,93.082465488,26.632035457,1287.0,0.9549668874172186,0.9503311258278144,0.9622516556291392,0.956953642384106,0.9503311258278144,0.1122,0.1653,0.0743,0.11,0.51,1039.0,1.0,0,0,0,0,1,1,0,0,0
Runnels,,7.0,68.39945,40.0,23.7,,273,11.220715166,1460,14.2,33.651287178,68.19953,48650,55.644355644,10264,49.327747467,40.758023045,2021,72.125256674,23.178098207,112.0,0.9923076923076924,0.9846153846153848,0.9923076923076924,0.9923076923076924,0.9923076923076924,0.1278,0.1901,0.086,0.54,0.92,1466.0,1.0,0,0,1,0,0,0,1,1,0
Rusk,,11.0,20.20202,40.0,20.4,,1654,13.187689364,8200,15.3,27.300175303,33.08459,56036,68.338357541,54406,46.263279785,65.872867054,2021,62.524850895,22.100503621,514.0,0.9661654135338346,0.9661654135338346,0.9718045112781954,0.9661654135338346,0.9680451127819548,0.1282,0.1918,0.0871,0.8,0.94,3023.0,1.0,0,0,0,0,0,0,1,0,0
Sabine,,3.0,28.33129,38.0,26.6,,261,12.70691334,2230,21.4,4.2186433542,113.83039,43778,69.170168067,10542,51.052931133,100.0,2021,74.785432614,18.08006071,100.0,0.9859154929577464,0.9859154929577464,1.0,1.0,1.0,0.1428,0.2169,0.0983,0.53,0.93,879.0,1.0,0,0,1,0,0,0,1,1,0
San Jacinto,,2.0,6.96403,43.0,26.2,,917,14.303540789,4860,17.5,5.2600124728,10.39537,42633,68.486696231,28859,50.216570221,100.0,2021,73.613462113,21.213486261,295.0,0.9647577092511012,0.9559471365638766,0.9691629955947136,0.9691629955947136,0.973568281938326,0.1365,0.206,0.093,0.69,0.89,9620.0,1.0,0,0,0,0,0,0,1,1,0
San Patricio,,17.0,25.41372,42.0,20.6,5.364327224,1627,8.7699439414,10390,15.5,39.306398482,58.44448,57302,65.477536027,66730,49.577401469,19.650021604,2021,72.220281247,26.371946651,899.0,0.9740871613663132,0.9764428739693758,0.9811542991755006,0.978798586572438,0.9764428739693758,0.1183,0.18,0.0772,0.83,0.97,1711.0,1.0,0,0,0,1,0,0,1,0,0
San Saba,,2.0,33.03601,28.0,34.4,,223,18.130081301,910,15.3,,49.54583,46061,71.912168344,6055,45.829892651,49.355733159,2021,75.936599424,20.04954583,49.0,0.9594594594594594,0.9594594594594594,0.972972972972973,0.972972972972973,0.945945945945946,0.1264,0.1929,0.0847,0.73,0.97,2018.0,1.0,1,0,0,0,0,0,1,0,1
Schleicher,,,,27.0,23.4,,161,20.561941252,360,11.8,,35.803799999999995,53286,57.087378641,2793,50.37593985,100.0,2021,64.558139535,23.8811314,38.0,0.96875,0.9375,1.0,0.96875,1.0,0.1235,0.1873,0.0822,0.59,0.96,2793.0,1.0,1,0,1,0,0,0,1,0,1
Shelby,,5.0,19.6711,42.0,32.5,,1001,14.918032787,4880,19.1,34.384029716,87.04598,39708,75.482195846,25274,50.399620163,79.432568375,2021,68.686107823,25.971353961,348.0,0.9637883008356546,0.9637883008356546,0.9721448467966574,0.9665738161559888,0.9665738161559888,0.1428,0.2169,0.0983,0.95,0.99,1149.0,1.0,0,0,0,1,0,0,1,1,0
Sherman,,,,44.0,13.7,,206,22.612513721,420,13.9,,33.09067,55473,64.485981308,3022,47.849106552,100.0,2021,76.840039254,26.737260093,41.0,0.9534883720930232,1.0,0.9767441860465116,0.9302325581395348,0.9302325581395348,0.1241,0.1883,0.0824,0.46,0.87,3022.0,1.0,1,0,1,0,0,0,1,0,1
Smith,,238.0,103.37893,52.0,17.8,7.7595475155,7278,12.463822718,35300,15.7,36.736459014,152.09386999999998,59538,64.339983602,232751,51.768628277,31.60780873,2021,80.728134092,24.390443006,3014.0,0.9600580973129992,0.9636891793754538,0.9691358024691358,0.9625998547567176,0.9593318809005084,0.116,0.1766,0.0768,0.75,0.67,657.0,1.0,0,0,0,0,0,0,0,0,0
Starr,,14.0,21.69702,27.0,43.2,4.2240995998,3110,14.38150289,13750,21.5,,54.1519,32516,88.606430091,64633,51.206040258,23.705878494,2021,56.140350877,32.639673232,1062.0,0.9606003752345216,0.9634146341463414,0.9878048780487804,0.9615384615384616,0.9596622889305816,0.1146,0.1867,0.0742,0.98,1.0,1847.0,1.0,1,0,0,1,0,0,1,0,0
Stephens,,3.0,31.80324,41.0,26.9,,288,13.747016706,1660,17.7,36.022335749,117.44608,46658,62.457798785,9366,47.34144779,39.366562825,2021,75.823837388,21.962417254,85.0,0.8807339449541285,0.8899082568807339,0.908256880733945,0.8807339449541285,0.8899082568807339,0.1278,0.1901,0.086,0.88,0.86,851.0,1.0,0,0,0,1,0,0,1,0,1
Sterling,,0.0,0.0,43.0,12.9,,54,13.953488372,110,10.0,,154.91867,66790,42.63322884,1291,49.419054996,100.0,2021,85.589519651,28.505034857,31.0,0.9523809523809524,0.9523809523809524,0.9523809523809524,0.9523809523809524,0.9523809523809524,0.1235,0.1873,0.0822,0.41,0.8,646.0,1.0,1,0,1,0,0,0,1,0,1
Stonewall,,1.0,73.42144,14.0,20.2,,51,16.242038217,220,15.7,,518.51852,48267,45.089285714,1350,51.259259259,100.0,2021,77.24137931,22.444444444,10.0,0.9166666666666666,0.9166666666666666,0.9166666666666666,0.9166666666666666,0.9166666666666666,0.1278,0.1901,0.086,0.32,0.79,193.0,1.0,1,1,0,0,0,0,0,0,1
Swisher,,1.0,13.40123,28.0,29.1,,250,12.906556531,1270,17.0,33.599185268,40.55698,44388,71.535114978,7397,46.532377991,37.573211103,2021,75.369261477,24.658645397,84.0,0.989247311827957,0.989247311827957,0.989247311827957,0.989247311827957,0.989247311827957,0.1241,0.1883,0.0824,0.97,1.0,2466.0,1.0,0,0,0,1,0,0,1,0,1
Tarrant,,1225.0,58.75494,50.0,13.9,6.3920526321,60367,10.554427852,280150,13.9,46.414380634,87.98986000000001,70130,58.857204691,2102515,51.113975406,1.2882013273,2021,86.865127102,26.027495642,27100.0,0.9421672555948174,0.9527287004318806,0.9663918335296428,0.9456615626226934,0.941146446800157,0.1069,0.1641,0.0701,0.55,0.73,1136.0,1.0,0,0,1,0,0,0,0,0,0
Taylor,,94.0,68.2941,45.0,18.9,5.5928411633,3216,9.1514427181,21510,15.8,40.397762639,150.68751,54465,56.667349028,138034,51.367054494,16.033488966,2021,77.105558675,24.812727299,1866.0,0.9652317880794702,0.9646799116997792,0.9729580573951436,0.9701986754966888,0.9707505518763796,0.1178,0.1846,0.0776,0.69,0.78,664.0,1.0,0,0,0,0,0,0,0,0,0
Terry,,4.0,32.55473,39.0,31.0,,496,14.273381295,1900,15.0,47.295028442,48.63419,42953,76.338147833,12337,47.264326822,24.669986562,2021,70.696872691,27.218934911,177.0,0.935483870967742,0.9419354838709676,0.967741935483871,0.935483870967742,0.9612903225806452,0.1143,0.1758,0.0766,0.99,0.99,2056.0,1.0,0,0,0,1,0,0,1,1,0
Shackelford,,1.0,30.74085,48.0,17.5,,133,16.708542714,500,15.1,,30.62787,65095,45.379537954,3265,51.148545176,100.0,2021,77.600607441,22.848392037,32.0,0.8461538461538461,0.8974358974358975,0.8974358974358975,0.8461538461538461,0.8461538461538461,0.1278,0.1901,0.086,0.69,0.72,3265.0,1.0,1,0,0,0,0,0,0,0,1
Johnson,,75.0,43.76725,48.0,15.9,6.6380860185,5430,11.65211047,20920,12.8,36.433905967,58.58364,66538,52.365001444,175817,50.006540892,37.874170167,2021,85.581922876,25.933214649,2359.0,0.9505982246236974,0.9525279814743344,0.9594751061366268,0.9525279814743344,0.9529139328444616,0.1346,0.1961,0.0907,0.51,0.73,1707.0,1.0,0,0,1,0,0,0,0,0,0
Zapata,,1.0,7.04722,32.0,43.7,,567,11.924290221,2990,20.8,,21.158050000000003,36069,84.866553095,14179,50.271528317,23.534027679,2021,58.56095936,33.062980464,197.0,0.9623430962343096,0.9790794979079498,0.99581589958159,0.9539748953974896,0.9707112970711296,0.1146,0.1867,0.0742,0.99,1.0,4726.0,1.0,1,0,0,1,0,0,1,1,0
Jim Hogg,,1.0,19.05488,29.0,35.0,,154,9.3617021277,990,18.7,,,38788,87.975778547,5200,48.730769231,17.396226415,2021,56.396063961,30.557692308,75.0,0.926829268292683,0.9634146341463414,0.9634146341463414,0.9390243902439024,0.9390243902439024,0.1146,0.1867,0.0742,0.99,1.0,,,1,0,0,1,0,0,1,0,1
Carson,,,,45.0,11.0,,186,12.117263844,670,11.2,,101.24873,69760,33.278553821,5926,49.679379008,95.195729537,2021,76.311188811,23.388457644,64.0,0.931372549019608,0.931372549019608,0.9411764705882352,0.931372549019608,0.931372549019608,0.1241,0.1883,0.0824,0.03,0.6,988.0,1.0,1,0,0,0,1,0,0,0,1
Cass,,7.0,23.24114,37.0,23.6,,698,9.9189995737,5650,18.8,32.835286643,46.62626,44529,64.090497738,30026,51.66855392,74.011948529,2021,69.331322272,22.190768001,346.0,0.9747474747474748,0.9797979797979798,0.9823232323232324,0.9747474747474748,0.9772727272727272,0.1356,0.2056,0.0926,0.78,0.98,2145.0,1.0,0,0,0,0,0,0,1,1,0
Chambers,,6.0,14.13294,33.0,11.9,,1245,9.8966613672,5610,13.9,16.40757393,61.59181,93351,33.73650108,43837,49.533499099,45.720310007,2021,84.291705167,27.784748044,588.0,0.9728867623604466,0.9665071770334928,0.9792663476874004,0.9744816586921852,0.9665071770334928,0.1377,0.2028,0.0929,0.41,0.79,1624.0,1.0,0,0,1,0,0,0,0,0,0
Cherokee,,20.0,38.0286,43.0,22.7,7.9135302065,1755,12.790612929,8350,16.1,37.108729714,45.58751,46576,66.433566434,52646,49.048360749,63.048480677,2021,72.907707575,25.314363864,676.0,0.9918962722852512,0.9951377633711508,0.9967585089141004,0.9951377633711508,0.9902755267423016,0.1282,0.1918,0.0871,0.92,0.94,2194.0,1.0,0,0,0,1,0,0,1,0,0
Childress,,10.0,137.1554,26.0,25.9,,180,12.203389831,1140,15.7,16.616654164,123.18641999999998,44095,59.124087591,7306,38.748973446,33.148700469,2021,73.24470295,18.998083767,67.0,0.8928571428571429,0.8928571428571429,0.9821428571428572,0.8928571428571429,0.8928571428571429,0.1241,0.1883,0.0824,0.75,0.92,812.0,1.0,0,0,0,0,0,0,1,0,1
Clay,,4.0,38.25555,49.0,16.0,,291,13.197278912,1600,15.4,,19.10037,59983,50.455373406,10471,50.052526024,74.600074405,2021,75.322777101,19.749785121,101.0,0.97196261682243,0.97196261682243,0.97196261682243,0.97196261682243,0.9626168224299064,0.1293,0.1898,0.087,0.32,0.68,5236.0,1.0,1,1,0,0,0,0,0,1,0
Coke,,,,48.0,17.9,,92,12.185430464,520,15.8,,0.0,48435,53.281853282,3387,49.95571302,100.0,2021,68.734793187,20.932979037,35.0,0.9705882352941176,0.9705882352941176,0.9705882352941176,0.9705882352941176,0.9705882352941176,0.1235,0.1873,0.0822,0.62,0.91,3387.0,0.0,1,0,0,0,0,0,1,0,1
Coleman,,5.0,59.545080000000006,26.0,30.4,,263,14.270211612,1430,17.0,15.063375584,61.16208,44834,67.420109119,8175,49.100917431,51.545812254,2021,70.931931055,20.318042813,89.0,0.9761904761904762,0.9642857142857144,0.9642857142857144,0.9761904761904762,0.9642857142857144,0.1278,0.1901,0.086,0.42,0.94,1635.0,1.0,0,0,1,0,0,0,1,0,1
Collin,,1019.0,101.37830999999998,57.0,6.8,4.3008808411,23223,8.3576256181,105240,11.1,26.62046639,76.15513,96847,25.5217787,1034730,50.754689629,5.2427266371,2021,92.76328324,25.636542866,12190.0,0.95326695706285,0.951337896701929,0.9588052271313006,0.9549471064094586,0.9490976975731176,0.083,0.1234,0.0542,0.15,0.49,1313.0,1.0,0,0,0,0,1,1,0,0,0
Collingsworth,,1.0,33.76097,12.0,35.8,,166,20.570012392,430,14.5,,102.73973,40314,66.211604096,2920,51.02739726,100.0,2021,69.371980676,25.0,33.0,0.9565217391304348,0.9565217391304348,1.0,0.9565217391304348,0.9565217391304348,0.1241,0.1883,0.0824,0.89,0.98,973.0,1.0,1,0,0,1,0,0,1,0,1
Comal,,96.0,64.70179999999999,45.0,9.4,5.3933420123,3700,10.416666667,16480,12.2,42.16777542,66.57746999999999,87976,33.464007072,156209,50.495169933,46.145549082,2021,89.193451048,22.484619964,1773.0,0.9631354287931704,0.9608071400853706,0.9650756693830036,0.9627473806752036,0.9608071400853706,0.0937,0.1369,0.0619,0.24,0.64,1502.0,1.0,0,1,0,0,0,0,0,0,0
Comanche,,6.0,44.33279,28.0,22.1,,529,16.938840858,2130,15.8,39.098941336,73.34067,54122,67.012448133,13635,50.172350568,71.461285244,2021,72.553307818,22.141547488,176.0,0.9822485207100592,0.9881656804733728,0.9881656804733728,0.9822485207100592,0.9763313609467456,0.1278,0.1901,0.086,0.73,0.92,1364.0,1.0,0,0,0,0,0,0,1,1,0
Concho,,1.0,23.38634,45.0,27.0,,78,14.800759013,440,10.3,,110.05136,43321,70.0,2726,46.845194424,100.0,2021,75.109649123,18.231841526,25.0,0.9,0.95,0.95,0.9,0.95,0.1235,0.1873,0.0822,0.43,0.96,909.0,1.0,1,0,1,0,0,0,1,0,1
Cooke,,13.0,32.04022,43.0,18.4,,1123,11.456845542,5860,14.8,59.170678606,77.5626,61186,57.587768969,41257,50.127251133,59.03426386,2021,76.216533125,23.620234142,541.0,0.9571984435797666,0.9552529182879378,0.970817120622568,0.9552529182879378,0.9591439688715954,0.1317,0.1945,0.0881,0.62,0.85,1289.0,1.0,0,0,0,0,0,0,1,0,0
Cottle,,0.0,0.0,18.0,32.5,,58,17.901234568,350,21.8,,0.0,40449,64.215686275,1398,51.287553648,100.0,2021,65.629420085,22.961373391,11.0,0.9285714285714286,1.0,1.0,0.9285714285714286,1.0,0.1293,0.1898,0.087,0.94,1.0,1398.0,0.0,1,0,0,1,0,0,1,0,1
Crane,,1.0,20.85941,22.0,13.6,,194,13.07277628,420,8.6,,20.84636,68626,52.736750652,4797,49.593495935,10.697142857,2021,66.220971147,28.913904524,62.0,1.0,0.9876543209876544,0.9876543209876544,1.0,1.0,0.1166,0.1765,0.0789,0.47,0.93,4797.0,1.0,1,0,1,0,0,0,1,0,1
Crockett,,1.0,28.579590000000003,22.0,19.3,,116,13.019079686,480,13.2,,28.868360000000003,54165,53.281853282,3464,49.826789838,22.748050551,2021,69.497784343,24.826789838,53.0,0.9622641509433962,0.9622641509433962,0.9622641509433962,0.9622641509433962,0.9622641509433962,0.1235,0.1873,0.0822,0.69,0.9,3464.0,1.0,1,0,0,0,0,0,1,0,1
Crosby,,2.0,34.60806,42.0,33.6,,175,11.075949367,980,16.8,23.549883087,52.29214,38871,81.439722463,5737,50.374760328,100.0,2021,68.898592916,26.05891581,67.0,0.9878048780487804,1.0,1.0,0.9878048780487804,0.9878048780487804,0.1143,0.1758,0.0766,0.94,0.99,1912.0,1.0,0,0,0,1,0,0,1,0,1
Dallam,,4.0,55.55556,28.0,17.4,,477,20.358514725,940,13.0,,164.67682,55793,64.022140221,7287,47.358309318,23.541697747,2021,74.534686971,31.906134212,178.0,0.9542857142857144,0.9542857142857144,0.9828571428571428,0.9828571428571428,0.96,0.1241,0.1883,0.0824,0.55,0.92,607.0,1.0,1,0,1,0,0,0,1,0,1
Dallas,,1834.0,69.52837,52.0,20.9,6.433806928,102076,14.385350269,391670,15.1,49.080078898,113.8297,61807,72.919592161,2635516,50.667155881,0.6883041916,2021,81.096278199,25.814906834,35541.0,0.931108597285068,0.943552036199095,0.9602092760180996,0.9345022624434388,0.9284785067873303,0.1078,0.1697,0.0704,0.75,0.83,879.0,1.0,0,0,0,0,0,0,1,0,0
Dawson,,5.0,39.62279,26.0,28.9,,469,14.050329539,2220,17.1,13.960449451,54.99686,48165,68.341307815,12728,45.301697046,16.294368539,2021,68.833873207,25.699245757,178.0,0.9096045197740112,0.9378531073446328,0.96045197740113,0.9152542372881356,0.9209039548022598,0.1235,0.1873,0.0822,0.95,1.0,1818.0,1.0,0,0,0,1,0,0,1,1,0
Camp,,11.0,84.40114,35.0,26.1,,405,11.3988179,2250,17.5,24.782628792,15.274169999999998,47091,77.886247878,13094,51.412860852,61.478912991,2021,65.363735071,26.332671453,189.0,0.9662921348314608,0.9606741573033708,0.9887640449438202,0.9719101123595506,0.9606741573033708,0.1285,0.1874,0.0874,0.9,0.98,6547.0,1.0,0,0,0,1,0,0,1,1,0
Cameron,,208.0,49.06725,42.0,36.3,5.0773942895,18505,14.075454476,75130,17.8,70.459128341,75.14835000000001,40893,84.894811994,423163,51.249045876,8.4208064596,2021,57.488062277,29.905261093,5738.0,0.98625678119349,0.987884267631103,0.9929475587703436,0.9871609403254972,0.9866184448462928,0.105,0.1701,0.0683,0.98,0.98,1331.0,1.0,0,0,0,1,0,0,1,0,0
Callahan,,1.0,7.145919999999999,40.0,18.7,,361,11.056661562,2140,15.5,,57.37646,50812,53.989678444,13943,50.405221258,72.179562906,2021,71.380659586,21.896292046,135.0,0.966346153846154,0.9471153846153846,0.966346153846154,0.9567307692307692,0.9615384615384616,0.1278,0.1901,0.086,0.3,0.8,1743.0,1.0,1,1,0,0,0,0,0,1,0
Andrews,,9.0,49.64695,24.0,12.7,,784,13.452299245,1800,10.1,,58.80781,74918,40.912248206,18705,48.847901631,16.502096578,2021,86.183384174,31.02379043,273.0,0.9628482972136224,0.9659442724458204,0.978328173374613,0.9690402476780186,0.9659442724458204,0.1166,0.1765,0.0789,0.47,0.88,1700.0,1.0,1,0,1,0,0,0,1,1,0
Aransas,,9.0,37.82784,49.0,32.1,,668,15.455807497,4560,18.4,61.813483728,55.29562,53085,67.161541181,23510,50.518928116,27.260557907,2021,81.755341433,17.732879626,223.0,0.9540229885057472,0.971264367816092,0.9655172413793104,0.9655172413793104,0.9655172413793104,0.1183,0.18,0.0772,0.8,0.85,1808.0,1.0,0,0,0,1,0,0,1,1,0
Archer,,,,47.0,12.8,,233,11.626746507,1160,13.2,,,63731,33.231083845,8553,51.058108266,88.988292467,2021,75.405561993,21.547994856,80.0,0.9935483870967742,0.9935483870967742,0.9935483870967742,0.9935483870967742,0.9935483870967742,0.1293,0.1898,0.087,0.09,0.8,,,1,0,0,0,1,0,1,0,1
Armstrong,,0.0,0.0,27.0,16.7,,60,12.987012987,230,12.1,,52.99417,64424,40.668523677,1887,51.086380498,100.0,2021,81.556195965,22.575516693,22.0,0.9,0.95,0.95,0.9,0.9,0.1241,0.1883,0.0824,0.16,0.56,1887.0,1.0,1,0,0,0,1,1,0,0,1
Atascosa,,11.0,21.86444,36.0,19.0,4.4369321783,1607,11.280359399,6170,12.6,,46.91807,57309,66.194084576,51153,50.200379254,60.711184342,2021,80.219992281,27.189021172,601.0,0.9737704918032788,0.9770491803278688,0.9918032786885246,0.9754098360655736,0.9704918032786886,0.1146,0.174,0.0756,0.85,0.95,2131.0,1.0,1,0,0,1,0,0,1,0,0
Bailey,,2.0,28.46165,42.0,25.8,,397,17.581930912,920,13.0,,85.71428999999999,46174,85.815102329,7000,49.771428571,28.750872296,2021,70.545277507,30.771428571,106.0,0.98,0.98,1.0,0.99,0.99,0.1143,0.1758,0.0766,0.8,0.96,1167.0,1.0,1,0,0,1,0,0,1,0,1
Bandera,,5.0,21.90676,42.0,23.6,,579,14.884318766,3390,15.6,,47.59432,59604,54.409448819,23112,50.36344756,100.0,2021,81.819264198,16.471962617,187.0,0.9444444444444444,0.95,0.9611111111111112,0.95,0.9444444444444444,0.1146,0.174,0.0756,0.51,0.77,2101.0,1.0,1,0,1,0,0,0,0,1,0
Bastrop,,24.0,27.59382,43.0,23.8,4.5567522784,3089,13.420515271,10220,12.4,34.598673152,39.44862,62627,70.670550244,88723,49.154108856,63.85244907,2021,80.403582183,25.367717503,1283.0,0.9615069615069616,0.9664209664209664,0.9754299754299754,0.9647829647829648,0.9631449631449632,0.124,0.188,0.0827,0.75,0.85,2535.0,1.0,0,0,0,0,0,0,1,0,0
Baylor,,5.0,139.58682000000002,21.0,24.5,,104,12.220916569,580,16.1,,56.996300000000005,41539,58.075601375,3509,51.439156455,100.0,2021,74.705882353,22.855514392,32.0,0.9272727272727272,0.9454545454545454,0.9272727272727272,0.9272727272727272,0.9272727272727272,0.1293,0.1898,0.087,0.16,0.78,1755.0,1.0,1,0,0,0,1,0,0,0,1
Delta,,1.0,18.69508,44.0,25.5,,147,11.307692308,1000,19.2,58.056320136,56.27462,51348,70.011025358,5331,50.234477584,100.0,2021,70.285142571,23.466516601,62.0,0.9857142857142858,0.9857142857142858,0.9857142857142858,0.9857142857142858,0.9857142857142858,0.1283,0.1937,0.0866,0.57,0.85,1777.0,1.0,0,0,1,0,0,0,1,0,1
Bell,,280.0,78.73086,38.0,18.4,6.3845100179,6828,6.7389780993,55500,16.2,41.270733444,178.54978,54831,58.75884078,362924,50.321279386,15.186229794,2021,84.993764722,27.551773925,6122.0,0.9618281410475864,0.96987333105101,0.9744950359465936,0.9635398836015064,0.9568640876412188,0.1244,0.1993,0.0815,0.81,0.83,560.0,1.0,0,0,0,1,0,0,1,0,0
Blanco,,3.0,25.63664,44.0,14.7,,406,17.893345086,1480,13.1,,41.90764,68404,42.925948224,11931,50.12991367,100.0,2021,85.263642643,17.768837482,86.0,0.9150943396226416,0.9056603773584906,0.9150943396226416,0.9150943396226416,0.9150943396226416,0.1008,0.1475,0.0669,0.28,0.68,2386.0,1.0,1,1,0,0,0,0,0,1,0
Borden,,0.0,0.0,19.0,15.4,,13,9.4890510949,90,13.3,,0.0,71926,24.299065421,654,48.470948012,100.0,2021,79.735682819,19.877675841,,0.8461538461538461,0.8461538461538461,0.8461538461538461,0.8461538461538461,0.8461538461538461,0.1235,0.1873,0.0822,0.06,0.72,654.0,0.0,1,0,0,0,1,0,0,0,1
Bowie,,66.0,69.97159,46.0,23.3,8.5714285714,2031,8.8296669855,16460,17.5,45.387928283,169.44608,51207,62.333314735,93245,49.9458416,35.424836601,2021,72.399929569,23.573381951,1060.0,0.959121877365632,0.9666919000757004,0.9780469341408023,0.959121877365632,0.9606358819076456,0.1356,0.2056,0.0926,0.85,0.86,590.0,1.0,0,0,0,1,0,0,1,0,0
Brazoria,,233.0,62.93895,45.0,11.1,4.4955193665,11001,10.702298839,43600,12.3,43.197193302,64.92743,83704,48.140862508,374264,49.486725947,22.52862699,2021,87.128362532,26.10991172,4669.0,0.9718221665623044,0.9753704863285326,0.9812147777082028,0.9745355875600084,0.9732832394072218,0.1074,0.1608,0.071,0.51,0.69,1540.0,1.0,0,0,1,0,0,0,0,0,0
Brazos,,196.0,86.43576,55.0,19.4,4.9220247656,5375,11.078819359,33200,15.1,34.174423233,66.31444,54471,57.73401551,229211,49.642469166,12.063576784,2021,81.893164761,20.629899961,2732.0,0.9725910064239828,0.9837259100642398,0.9850107066381156,0.9700214132762311,0.9687366167023554,0.1055,0.1682,0.0691,0.65,0.81,1508.0,1.0,0,0,0,0,0,0,1,0,0
Brewster,,7.0,75.53685,13.0,19.8,,211,11.580680571,1410,15.2,,86.92818,48581,51.817413356,9203,49.049223079,34.867850953,2021,76.54109589,18.254916875,83.0,0.8918918918918919,0.918918918918919,0.9324324324324323,0.9054054054054054,0.8513513513513513,0.1166,0.1765,0.0789,0.66,0.84,1150.0,1.0,1,0,0,0,0,0,1,0,1
Brooks,,,,40.0,44.4,,149,7.3003429691,1550,21.6,,28.19681,31410,81.18622449,7093,49.020160722,31.759656652,2021,60.70754717,27.491893416,97.0,0.98989898989899,0.98989898989899,0.98989898989899,0.98989898989899,0.98989898989899,0.0992,0.1603,0.0642,1.0,0.99,3547.0,1.0,1,0,0,1,0,0,1,0,1
Brown,,22.0,58.010760000000005,44.0,21.8,7.8459343795,850,9.8733883146,5590,14.8,44.611196504,79.23093,56040,62.861759953,37864,50.528206212,40.40046187,2021,75.848428066,21.579864779,431.0,0.9569620253164556,0.9569620253164556,0.9670886075949368,0.9645569620253164,0.9569620253164556,0.1278,0.1901,0.086,0.63,0.72,1262.0,1.0,0,0,0,0,0,0,0,0,0
Burleson,,7.0,38.06624,40.0,21.8,,559,13.146754468,2540,14.2,13.293232691,43.37689,61745,62.624821683,18443,50.637098086,76.65677547,2021,73.054331865,21.775199263,201.0,0.990990990990991,0.9864864864864864,0.9864864864864864,0.990990990990991,0.9864864864864864,0.1225,0.1864,0.0827,0.61,0.83,2305.0,1.0,0,0,0,0,0,0,1,1,0
Burnet,,21.0,44.17147,47.0,16.3,,1426,13.431289441,6400,14.0,54.484326387,62.29883,62827,62.722527105,48155,50.993666286,55.67251462,2021,78.605984591,21.065309937,499.0,0.954183266932271,0.9581673306772908,0.9661354581673308,0.9601593625498008,0.954183266932271,0.1264,0.1929,0.0847,0.53,0.7,1605.0,1.0,0,0,1,0,0,0,0,0,0
Caldwell,,12.0,27.74759,42.0,20.5,,1266,11.829564567,6020,14.6,41.477267721,48.09454,55301,72.300351582,43664,49.548827409,42.292334367,2021,69.762258544,23.24798461,633.0,0.9752650176678446,0.9681978798586572,0.9840989399293286,0.980565371024735,0.9646643109540636,0.124,0.188,0.0827,0.87,0.97,2079.0,1.0,0,0,0,1,0,0,1,0,0
Bexar,,1507.0,75.8793,40.0,22.4,6.2724667882,44973,8.540323132,271790,14.1,43.283748495,105.96171,58956,63.057328341,2003554,50.598286844,4.5390847652,2021,81.274823378,25.277082624,25569.0,0.9486607142857144,0.9612681878306878,0.9702794312169312,0.9522982804232804,0.9488260582010584,0.1005,0.1587,0.0641,0.83,0.87,944.0,1.0,0,0,0,1,0,0,1,0,0
Denton,,464.0,54.01227,53.0,7.1,4.1793258876,17611,7.8588258394,92570,11.5,38.71477225,67.85339,90910,33.383062029,887207,50.831880271,6.9058305439,2021,91.795444287,24.289032886,10782.0,0.939531008213308,0.942625877871682,0.951434353053208,0.9404832758005,0.93453160338055,0.0949,0.1412,0.0617,0.22,0.63,1474.0,1.0,0,1,0,0,0,0,0,0,0
Anderson,,19.0,32.72646,44.0,23.8,,1293,11.28370713,8800,15.2,42.574682123,60.62181,48461,62.569370646,57735,38.557201005,67.063532793,2021,67.943874798,19.017926734,561.0,0.9753086419753086,0.9753086419753086,0.9753086419753086,0.9753086419753086,0.9753086419753086,0.1398,0.2105,0.0948,0.79,0.95,1650.0,1.0,0,0,0,0,0,0,1,0,0
Hansford,,3.0,54.91488,41.0,16.8,,332,19.86834231,770,13.9,,55.56585,58703,58.627858628,5399,49.56473421,40.334936754,2021,75.734494015,29.69068346,69.0,0.9777777777777776,1.0,1.0,0.9888888888888888,0.9888888888888888,0.1241,0.1883,0.0824,0.76,0.83,1800.0,1.0,1,0,0,0,0,0,1,0,1
Hardeman,,5.0,127.48598,34.0,32.9,,149,17.146144994,640,16.2,,25.42588,40057,80.142857143,3933,49.504195271,100.0,2021,66.917293233,21.510297483,44.0,0.9607843137254902,1.0,1.0,0.9607843137254902,0.9607843137254902,0.1293,0.1898,0.087,0.73,0.96,3933.0,1.0,1,0,0,0,0,0,1,0,1
Hardin,,11.0,19.22842,45.0,16.2,5.2159399124,1302,8.8391038697,8800,15.6,55.512551643,52.08152,62616,47.505443529,57602,50.826360196,51.547542784,2021,81.33423834,24.396722336,694.0,0.951715374841169,0.9593392630241424,0.96569250317662,0.9567979669631512,0.9580686149936468,0.1338,0.1949,0.0899,0.25,0.81,1920.0,1.0,0,1,0,0,0,0,1,0,0
Harris,,2749.0,58.50655,47.0,21.3,6.1115510758,159305,12.314372269,682650,14.8,47.128118906,97.85024,61638,67.918119156,4713325,50.365336572,1.2132803285,2021,83.600520255,26.43314433,63132.0,0.922178795005134,0.9317511841277202,0.9414395018382962,0.9195289987082244,0.9152893246331688,0.1057,0.1669,0.0691,0.72,0.79,1022.0,1.0,0,0,0,0,0,0,0,0,0
Hartley,,,,33.0,8.3,,237,18.990384615,680,11.7,,,72796,58.033707865,5576,39.831420373,57.258330584,2021,83.075089392,20.87517934,67.0,0.8518518518518519,0.925925925925926,0.9629629629629628,0.8888888888888888,0.8888888888888888,0.1241,0.1883,0.0824,0.53,0.74,,,1,0,1,0,0,0,0,0,1
Haskell,,3.0,51.60846,40.0,29.0,,167,14.649122807,1050,18.2,5.1782942604,17.67409,38613,75.512528474,5658,46.995404737,47.61824038,2021,63.513513514,16.896429834,45.0,0.9629629629629628,1.0,1.0,0.9629629629629628,0.9814814814814816,0.1278,0.1901,0.086,0.98,0.99,5658.0,1.0,0,0,0,1,0,0,1,0,1
Hays,,95.0,42.671510000000005,48.0,11.3,3.7878787879,5921,11.040668295,24660,12.1,35.030227758,62.12232,72890,47.700671071,230191,50.346451425,31.712145226,2021,84.835981862,22.856671199,2921.0,0.9648278415401704,0.9689004072565716,0.9696408737504628,0.9655683080340616,0.9592743428359868,0.1018,0.157,0.0664,0.49,0.73,1610.0,1.0,0,0,1,0,0,0,0,0,0
Hemphill,,4.0,104.57516,31.0,11.7,,232,18.58974359,550,13.5,,52.36973,71299,42.273730684,3819,50.117831893,26.95035461,2021,78.1201849,30.191149516,34.0,0.9846153846153848,0.9846153846153848,0.9846153846153848,0.9846153846153848,0.9846153846153848,0.1241,0.1883,0.0824,0.74,0.8,1910.0,1.0,1,0,0,0,0,0,1,0,1
Hidalgo,,399.0,46.07715,45.0,37.4,4.5097281278,38973,13.555401744,154400,18.2,73.620250649,88.29214,41656,86.283288134,868707,50.95929928,5.1386929524,2021,68.444901299,32.131892571,13260.0,0.973253493013972,0.9815226689478188,0.989848873681209,0.9741659538066724,0.9698887938408896,0.1074,0.1741,0.0695,0.98,0.99,1133.0,1.0,0,0,0,1,0,0,1,0,0
Hill,,9.0,24.75656,38.0,18.1,,1132,12.906168054,5740,16.2,42.424784301,35.47164,53210,65.250037543,36649,50.317880433,76.266066289,2021,77.84020936,23.138421239,431.0,0.9310344827586208,0.9471264367816092,0.9586206896551724,0.9310344827586208,0.9195402298850576,0.1248,0.188,0.085,0.87,0.93,2819.0,1.0,0,0,0,1,0,0,1,0,0
Hockley,,14.0,60.922540000000005,32.0,19.7,,766,12.433046583,3290,14.2,38.280762643,43.4386,51149,61.96369637,23021,50.149863168,39.847394811,2021,75.840940353,25.680900048,281.0,0.9900332225913622,0.9867109634551496,0.9900332225913622,0.9900332225913622,0.9800664451827242,0.1143,0.1758,0.0766,0.9,0.97,2302.0,1.0,0,0,0,1,0,0,1,1,0
Hood,,29.0,47.90459,52.0,14.8,7.5325268204,1383,10.330918055,7740,13.6,70.459891896,47.045080000000006,74534,51.187904968,61643,51.26291712,32.845531632,2021,85.15258216,21.077819055,650.0,0.9086460032626428,0.9249592169657422,0.931484502446982,0.9119086460032626,0.9037520391517128,0.1134,0.1689,0.0762,0.26,0.66,2126.0,1.0,0,1,0,0,0,0,0,0,0
Houston,,4.0,17.26445,40.0,28.8,,549,11.68333688,4580,20.0,43.299238163,47.89272,43601,67.927382753,22968,46.473354232,73.487274566,2021,63.536112458,19.766631836,240.0,0.9329896907216496,0.9587628865979382,0.9587628865979382,0.9329896907216496,0.9329896907216496,0.1365,0.206,0.093,0.91,0.97,2088.0,1.0,0,0,0,1,0,0,1,1,0
Howard,,10.0,27.42807,37.0,18.6,7.6093849081,868,10.791993037,5590,15.2,41.228787457,111.82631,61112,58.323474734,36664,42.856753218,20.064549297,2021,73.590021692,21.852498364,352.0,0.9782082324455206,0.9782082324455206,0.980629539951574,0.980629539951574,0.9830508474576272,0.1235,0.1873,0.0822,0.92,0.97,894.0,1.0,0,0,0,1,0,0,1,0,0
Hudspeth,,,,25.0,41.2,,165,16.003879728,790,19.2,,,39309,87.972508591,4886,46.909537454,100.0,2021,54.192229039,20.814572247,32.0,0.9117647058823528,1.0,1.0,0.9411764705882352,0.9117647058823528,0.1166,0.1765,0.0789,0.98,0.98,,,1,0,0,1,0,0,1,0,1
Hunt,,27.0,27.9813,41.0,20.3,7.358538442,2677,11.141168637,15300,16.6,52.814313515,82.1551,57513,59.808059201,98594,50.773880764,56.631332072,2021,78.052969357,23.831064771,1301.0,0.9833948339483396,0.9787822878228782,0.985239852398524,0.9843173431734318,0.981549815498155,0.1122,0.1653,0.0743,0.83,0.87,1217.0,1.0,0,0,0,1,0,0,1,0,0
Irion,,0.0,0.0,47.0,9.0,,35,9.8870056497,210,13.9,,0.0,68630,28.947368421,1536,49.153645833,100.0,2021,67.595307918,22.526041667,21.0,1.0,1.0,1.0,1.0,1.0,0.1235,0.1873,0.0822,0.2,0.88,1536.0,0.0,1,1,0,0,0,0,1,0,1
Jack,,4.0,45.23352,33.0,19.4,,291,14.528207688,1300,14.7,,22.38388,55358,61.861313869,8935,43.514269726,53.217602831,2021,68.907828283,21.712367096,90.0,0.9833333333333332,0.9833333333333332,0.9833333333333332,0.9833333333333332,0.9833333333333332,0.1293,0.1898,0.087,0.65,0.98,4468.0,1.0,1,0,0,0,0,0,1,0,1
Jackson,,1.0,6.72314,38.0,18.4,,470,11.886697016,2240,15.1,41.016724824,67.75068,55800,54.76988723,14760,50.237127371,61.818827709,2021,72.828960748,25.379403794,229.0,0.9827586206896552,0.9913793103448276,0.9956896551724138,0.9827586206896552,0.9870689655172412,0.1134,0.1709,0.0762,0.68,0.93,1476.0,1.0,0,0,0,0,0,0,1,1,0
Jasper,,13.0,36.23996,40.0,28.2,,865,9.742088073,6540,18.4,62.299099408,67.55045,47252,64.079452512,35529,50.524923302,78.185382246,2021,65.282931354,23.752427594,394.0,0.9563636363636364,0.9490909090909092,0.9563636363636364,0.9563636363636364,0.9345454545454546,0.1428,0.2169,0.0983,0.82,0.92,1480.0,1.0,0,0,0,1,0,0,1,1,0
Dickens,,1.0,44.46421,32.0,26.2,,68,15.384615385,380,17.3,,45.2284,41973,67.346938776,2211,44.504748982,100.0,2021,77.278106509,18.181818182,19.0,1.0,1.0,1.0,1.0,0.9285714285714286,0.1143,0.1758,0.0766,0.88,0.93,2211.0,1.0,1,0,0,1,0,0,1,0,1
Hall,,1.0,33.0251,27.0,40.5,,104,14.710042433,590,19.3,,33.73819,35940,75.409836066,2964,51.079622132,100.0,2021,59.905288082,22.132253711,29.0,0.7894736842105263,0.8421052631578947,0.8947368421052632,0.7894736842105263,0.7894736842105263,0.1241,0.1883,0.0824,0.95,1.0,2964.0,1.0,1,0,0,1,0,0,1,0,1
Hale,,10.0,29.55956,35.0,23.9,,1068,11.350834308,5100,14.9,32.793294307,59.86948,49187,72.396121884,33406,47.883613722,23.099826317,2021,77.215768773,26.78860085,405.0,0.9767441860465116,0.986046511627907,0.9930232558139536,0.983720930232558,0.983720930232558,0.1143,0.1758,0.0766,0.93,0.97,1670.0,1.0,0,0,0,1,0,0,1,1,0
Jefferson,,134.0,52.54881,45.0,24.4,8.8331963846,6328,10.077556416,47160,18.5,49.712983165,129.19126,55173,71.318875652,251565,48.868483295,8.4020089348,2021,72.827676689,24.061773299,3112.0,0.9673430564362714,0.972415979708307,0.9816106531388712,0.9708306911857958,0.962270133164236,0.1231,0.1913,0.0827,0.86,0.95,774.0,1.0,0,0,0,1,0,0,1,0,0
Grimes,,7.0,24.68265,48.0,20.5,,951,14.466078491,4510,16.3,35.697997195,38.08864,51651,65.557476232,28880,45.592105263,68.903172455,2021,73.010764621,22.09833795,396.0,0.9577922077922078,0.9707792207792209,0.9707792207792209,0.9675324675324676,0.9642857142857144,0.1225,0.1864,0.0827,0.86,0.9,2625.0,1.0,0,0,0,1,0,0,1,1,0
Donley,,,,18.0,24.5,,91,13.541666667,520,15.4,44.845609402,152.53203,41093,58.289703316,3278,50.823672971,100.0,2021,63.146067416,19.371568029,34.0,0.9473684210526316,0.9473684210526316,0.9473684210526316,0.9473684210526316,0.9473684210526316,0.1241,0.1883,0.0824,0.45,0.82,656.0,1.0,0,0,1,0,0,0,1,0,1
Duval,,,,34.0,33.5,,281,9.7909407666,2160,19.0,,44.81491,37100,78.638941399,11157,48.8482567,67.042946868,2021,64.027342637,25.625168056,143.0,0.9932432432432432,1.0,1.0,1.0,1.0,0.1146,0.1867,0.0742,1.0,1.0,2231.0,1.0,1,0,0,1,0,0,1,1,0
Eastland,,6.0,32.74752,40.0,24.2,,545,13.49343897,3370,18.4,42.842566473,43.57298,46991,62.257495591,18360,50.0,60.345477049,2021,66.805298829,21.149237473,212.0,0.945,0.955,0.975,0.95,0.94,0.1278,0.1901,0.086,0.81,0.98,2295.0,1.0,0,0,0,1,0,0,1,1,0
Ector,,94.0,57.98031,41.0,17.0,5.3865336658,6773,13.373482081,18580,11.7,37.037137093,84.82581,65564,54.063192905,166223,48.946896639,9.4552614308,2021,82.17780316,30.278601638,2773.0,0.9557862360630528,0.9611687812379854,0.9811610918877356,0.9607843137254902,0.954632833525567,0.1113,0.171,0.0731,0.79,0.88,1179.0,1.0,0,0,0,0,0,0,1,0,0
El Paso,,407.0,48.4087,33.0,26.2,4.5448543006,24362,10.351919367,125910,15.0,47.643653088,84.12393,48629,76.784561912,839238,50.573377278,2.1743664811,2021,78.495397115,26.74080535,10878.0,0.9704517473245572,0.9767023392366702,0.9824794014584716,0.9696940998200588,0.9668529216781891,0.0965,0.1577,0.0608,0.95,0.96,1189.0,1.0,0,0,0,1,0,0,1,0,0
Ellis,,76.0,42.35493,52.0,12.8,6.4900307775,6757,13.477341631,20710,12.3,40.864046097,57.89229,78341,49.000509944,184826,50.61463214,31.975135352,2021,87.793812274,26.515749949,2591.0,0.9635135135135136,0.9652027027027028,0.9726351351351352,0.9668918918918918,0.9652027027027028,0.1147,0.169,0.0766,0.39,0.7,1727.0,1.0,0,1,0,0,0,0,0,0,0
Erath,,23.0,54.1865,50.0,18.9,6.9868995633,1144,12.782122905,6110,14.7,71.791061207,53.86669,53044,52.236820223,42698,50.997704811,46.320929005,2021,80.787054064,20.677783503,474.0,0.97459584295612,0.979214780600462,0.979214780600462,0.97459584295612,0.97459584295612,0.1134,0.1689,0.0762,0.63,0.87,1856.0,1.0,0,0,0,0,0,0,1,0,0
Guadalupe,,51.0,31.15569,40.0,11.2,5.2058684335,3465,8.0210190051,17950,11.6,40.604939109,39.5572,78801,42.854100106,166847,50.526530294,26.16225586,2021,86.124561079,24.734637123,1845.0,0.9770392749244712,0.9782477341389728,0.9842900302114804,0.980664652567976,0.9758308157099698,0.1024,0.1543,0.0667,0.43,0.77,2528.0,1.0,0,0,1,0,0,0,0,0,0
Fayette,,8.0,31.55943,46.0,15.3,,774,14.499812664,3350,13.4,16.640111385,47.34475,62195,53.529723992,25346,50.737789,67.137737232,2021,63.437328955,20.022883295,244.0,0.98932384341637,0.99288256227758,0.99288256227758,0.98932384341637,0.98932384341637,0.124,0.188,0.0827,0.44,0.84,2112.0,1.0,0,0,1,0,0,0,1,1,0
Fisher,,1.0,26.048450000000003,11.0,22.2,,134,15.783274441,610,15.7,13.980318968,104.43864,51053,54.693140794,3830,49.973890339,100.0,2021,70.206121174,21.35770235,29.0,0.9767441860465116,0.9767441860465116,0.9767441860465116,0.9767441860465116,0.9767441860465116,0.1278,0.1901,0.086,0.43,0.91,958.0,1.0,0,0,1,0,0,0,1,0,1
Floyd,,4.0,68.52835,35.0,30.3,,188,11.655300682,890,15.1,27.429287969,35.01401,45022,80.337552743,5712,49.737394958,53.319888303,2021,73.844121532,26.418067227,59.0,0.95,0.95,0.95,0.95,0.95,0.1143,0.1758,0.0766,0.83,0.97,2856.0,1.0,0,0,0,1,0,0,1,0,1
Foard,,0.0,0.0,34.0,26.2,,41,16.078431373,190,13.3,,86.58009,38615,70.33492823,1155,52.640692641,100.0,2021,69.981238274,20.0,,0.9166666666666666,0.9166666666666666,1.0,0.9166666666666666,0.9166666666666666,0.1293,0.1898,0.087,0.48,0.93,1155.0,1.0,1,0,1,0,0,0,1,0,1
Falls,,2.0,11.53735,34.0,28.1,,444,11.970881639,3400,19.6,41.575384311,46.25079,41484,78.619153675,17297,52.616060589,67.356990932,2021,61.261781112,20.963172805,164.0,0.9707602339181286,0.9707602339181286,1.0,0.9707602339181286,0.9649122807017544,0.1248,0.188,0.085,0.98,0.99,2162.0,1.0,0,0,0,1,0,0,1,1,0
Franklin,,3.0,27.8655,44.0,22.8,,281,10.782808903,1540,14.4,64.711445951,18.64802,50630,59.839605182,10725,50.237762238,69.12776992,2021,80.933165195,23.142191142,99.0,0.9901960784313726,0.9901960784313726,1.0,1.0,1.0,0.1283,0.1937,0.0866,0.53,0.79,5363.0,1.0,0,0,1,0,0,0,0,1,0
Grayson,,62.0,46.27176,52.0,17.1,6.5705420697,4372,13.200084539,20230,15.7,44.640238428,80.75647000000001,57439,54.736842105,136212,51.099756262,43.150475277,2021,75.71511124,23.663847532,1770.0,0.9542631281761716,0.9491812535290796,0.9632975719932242,0.9553924336533032,0.9520045172219084,0.1317,0.1945,0.0881,0.66,0.79,1238.0,1.0,0,0,0,0,0,0,0,0,0
Gray,,10.0,45.67253,46.0,19.0,,749,12.825342466,3550,15.7,76.582129981,73.1061,52543,59.398496241,21886,46.20762131,19.387619259,2021,73.072044647,25.322123732,239.0,0.9477611940298508,0.9552238805970148,0.9664179104477612,0.9440298507462688,0.9402985074626866,0.1241,0.1883,0.0824,0.84,0.95,1368.0,1.0,0,0,0,1,0,0,1,1,0
Goliad,,,,41.0,22.5,,196,11.632047478,1120,14.9,4.9295774648,13.05824,56758,52.105263158,7658,50.822669104,100.0,2021,66.960029336,20.723426482,66.0,0.9651162790697676,0.9651162790697676,0.9767441860465116,0.9767441860465116,0.9651162790697676,0.1134,0.1709,0.0762,0.58,0.97,7658.0,1.0,0,0,1,0,0,0,1,0,1
Glasscock,,0.0,0.0,48.0,10.7,,66,17.054263566,140,9.9,,0.0,93759,35.409836066,1409,44.854506742,100.0,2021,73.200992556,25.408090845,12.0,0.92,0.84,0.92,0.92,0.88,0.1235,0.1873,0.0822,0.18,0.81,1409.0,0.0,1,0,0,0,1,0,1,0,1
Gregg,,104.0,84.06962,50.0,24.2,6.9596496716,3750,11.483693156,21240,17.2,28.068824846,147.64613,53137,63.376313276,123945,51.378433983,13.36235932,2021,79.13550374,25.71382468,1704.0,0.9483568075117372,0.9483568075117372,0.948943661971831,0.948943661971831,0.9477699530516432,0.1265,0.1924,0.0851,0.88,0.79,677.0,1.0,0,0,0,1,0,0,0,0,0
Garza,,1.0,15.20219,36.0,24.4,,142,12.885662432,910,14.5,,32.107879999999994,48975,72.652218782,6229,34.981537968,22.334004024,2021,78.872326636,16.728206775,51.0,0.9607843137254902,0.9607843137254902,0.9607843137254902,0.9607843137254902,0.9411764705882352,0.1143,0.1758,0.0766,0.72,0.96,3115.0,1.0,1,0,0,0,0,0,1,0,1
Gaines,,4.0,19.13784,26.0,19.5,,1887,24.386146291,2550,12.5,59.332915898,18.61158,67171,58.092643052,21492,49.390470873,63.043478261,2021,76.892635926,36.115764005,452.0,0.8081180811808119,0.8044280442804428,0.8154981549815498,0.8081180811808119,0.8044280442804428,0.1166,0.1765,0.0789,0.68,0.99,5373.0,1.0,0,0,0,0,0,0,1,1,0
Frio,,4.0,20.18571,34.0,35.9,,483,10.153458062,2780,14.3,,68.94514000000001,40360,81.108633323,20306,40.825371811,22.181564733,2021,63.099955967,23.259135231,222.0,0.9758454106280192,0.9855072463768116,0.9903381642512076,0.9758454106280192,0.9806763285024156,0.1146,0.174,0.0756,0.99,0.99,1450.0,1.0,1,0,0,1,0,0,1,1,0
Freestone,,6.0,30.29079,37.0,19.5,,608,12.969283276,3600,18.3,27.925882756,55.78942000000001,52511,58.287444934,19717,48.034690876,66.476584578,2021,66.987274342,22.680935234,216.0,0.9352226720647774,0.931174089068826,0.951417004048583,0.9392712550607288,0.9352226720647774,0.1248,0.188,0.085,0.84,0.97,1792.0,1.0,0,0,0,1,0,0,1,1,0
Gillespie,,32.0,119.38517,53.0,13.6,,950,16.958229204,3420,13.1,,55.58026,62143,49.892588614,26988,51.27093523,53.653822925,2021,79.193940527,19.738402253,236.0,0.9403508771929824,0.9438596491228072,0.9649122807017544,0.9403508771929824,0.9192982456140352,0.1008,0.1475,0.0669,0.36,0.61,1799.0,1.0,1,1,0,0,0,0,0,1,0
Navarro,,20.0,39.9098,49.0,21.9,6.4462466209,1995,14.700464225,7880,16.1,35.738039361,51.288120000000006,50778,71.84841454,50694,,,2022,79.787537838,26.545547797,731.0,0.9702380952380956,0.9613095238095242,0.982142857142857,0.9717261904761902,0.9672619047619044,0.1248,0.188,0.085,0.97,0.95,1950.0,1.0,0,0,0,1,0,0,1,0,0
Motley,,0.0,0.0,30.0,27.5,,45,18.218623482,190,15.1,,84.38819,46712,69.333333333,1185,,,2022,69.758064516,20.337552743,11.0,1.0,1.0,1.0,1.0,0.909090909090909,0.1143,0.1758,0.0766,0.7,0.87,1185.0,1.0,1,0,0,0,0,0,1,0,1
Morris,,2.0,16.144660000000002,41.0,25.1,,333,11.396303901,2220,18.0,18.932481298,40.34536,45122,78.012684989,12393,,,2022,81.083172147,22.835471637,140.0,0.9645390070921984,0.9787234042553188,0.98581560283688,0.9645390070921984,0.9645390070921984,0.1283,0.1937,0.0866,0.73,0.97,2479.0,1.0,0,0,0,0,0,0,1,1,0
Moore,,8.0,38.20439,42.0,14.8,,1261,18.435672515,2500,11.7,47.735483071,33.891740000000006,53341,63.243132431,20654,,,2022,84.742453822,31.383751331,402.0,0.9430693069306928,0.9381188118811882,0.9603960396039608,0.9480198019801982,0.9504950495049506,0.1241,0.1883,0.0824,0.7,0.88,2951.0,1.0,0,0,0,0,0,0,1,1,0
Mitchell,,4.0,46.811,25.0,21.9,,257,14.066776136,1100,12.9,31.043898712,36.57644,46156,54.197349043,8202,,,2022,72.426622571,22.055596196,77.0,0.95,0.95,0.99,0.95,0.99,0.1278,0.1901,0.086,0.62,0.97,2734.0,1.0,0,0,0,0,0,0,1,0,1
Mills,,1.0,20.52124,21.0,22.8,,187,19.159836066,810,16.5,,61.98347,49089,55.86797066,4840,,,2022,76.484018265,20.41322314,34.0,0.9836065573770492,0.9836065573770492,0.9836065573770492,0.9836065573770492,0.9836065573770492,0.1264,0.1929,0.0847,0.77,0.95,1613.0,1.0,1,0,0,0,0,0,1,0,1
Milam,,2.0,8.057039999999999,45.0,24.0,,765,12.781954887,4080,16.5,22.144518694,68.80363,49961,68.870826011,24708,,,2022,73.088297423,23.283956613,311.0,0.9381107491856676,0.95114006514658,0.964169381107492,0.9446254071661236,0.9478827361563515,0.1225,0.1864,0.0827,0.76,0.95,1453.0,1.0,0,0,0,0,0,0,1,1,0
Midland,,64.0,36.19254,42.0,13.1,5.3123462863,8566,16.212737769,17820,10.6,46.403199697,109.07271,92117,43.829389387,177863,,,2022,86.817342058,28.918324778,2980.0,0.9456643096390028,0.9464086341644956,0.9761816151842202,0.9553405284704132,0.927800521027168,0.1034,0.1564,0.067,0.47,0.72,917.0,1.0,0,0,1,0,0,0,0,0,0
Montgomery,,367.0,60.42236,50.0,10.9,5.0126287158,18670,11.22372914,70560,12.3,48.871364123,77.11331,85348,45.358124246,626351,,,2022,91.675051891,25.911350026,8474.0,0.942178447276941,0.9403244495944384,0.9565469293163382,0.9478563151796056,0.9415990730011592,0.1086,0.1585,0.0725,0.39,0.67,1297.0,1.0,0,1,0,0,0,0,0,0,0
Newton,,,,31.0,27.9,,397,14.368440101,2760,19.9,36.053640407,14.9098,45769,71.358695652,13414,,,2022,75.019516003,18.838526912,113.0,0.9203539823008848,0.8938053097345131,0.9469026548672564,0.9380530973451328,0.929203539823009,0.1428,0.2169,0.0983,0.72,0.96,6707.0,1.0,0,0,0,0,0,0,1,1,0
Randall,,87.0,63.17486,50.0,11.6,5.8808267751,2992,8.6900958466,16220,12.1,52.127680731,61.47292,71041,42.455462546,139899,,,2022,89.684979637,24.005889963,1731.0,0.9567979669631512,0.9606099110546382,0.9669631512071156,0.96569250317662,0.9555273189326556,0.1021,0.1521,0.0667,0.22,0.6,1627.0,1.0,0,1,0,0,0,0,0,0,0
Nueces,,290.0,80.04549,42.0,25.9,5.1223676722,9432,10.332927992,52970,14.7,45.446755603,112.90163,55727,64.534606205,363148,,,2022,84.219279288,24.16645555,4170.0,0.9740721911540418,0.976868327402135,0.9839857651245548,0.9758515505846468,0.9740721911540418,0.1011,0.1589,0.0646,0.84,0.89,886.0,1.0,0,0,0,1,0,0,1,0,0
Oldham,,,,46.0,28.8,,34,12.546125461,260,12.3,,0.0,61013,44.831013917,2135,,,2022,84.674922601,22.201405152,27.0,0.9705882352941174,0.9705882352941174,0.9705882352941174,0.9705882352941174,0.9705882352941174,0.1241,0.1883,0.0824,0.43,0.72,2135.0,0.0,1,0,1,0,0,0,0,0,1
Orange,,15.0,17.98647,44.0,21.1,7.4674906656,2490,11.632252639,13830,16.5,75.514927876,47.05712,61323,58.892993799,82878,,,2022,86.173582515,24.957165955,1038.0,0.9232758620689652,0.9206896551724136,0.9396551724137936,0.930172413793104,0.9275862068965516,0.1338,0.1949,0.0899,0.58,0.86,2125.0,1.0,0,0,1,0,0,0,1,0,0
Palo Pinto,,11.0,37.68543,47.0,20.9,,1020,14.742014742,4920,17.2,70.613260161,54.57026,59450,67.691631891,29320,,,2022,82.097929166,23.066166439,351.0,0.9200000000000002,0.9446153846153844,0.96,0.9261538461538464,0.9353846153846156,0.1134,0.1689,0.0762,0.88,0.93,1833.0,1.0,0,0,0,1,0,0,1,1,0
Panola,,8.0,34.49168,38.0,19.5,,768,13.726541555,3710,15.9,23.695498432,30.18933,51936,53.31302361,23187,,,2022,79.993073193,23.02152068,262.0,0.9666666666666665,0.9666666666666665,0.9703703703703702,0.9703703703703702,0.9666666666666665,0.1282,0.1918,0.0871,0.7,0.92,3312.0,1.0,0,0,0,0,0,0,1,1,0
Parmer,,1.0,10.41124,31.0,17.7,,599,21.423462089,1210,12.5,,115.52195,61989,72.020725389,9522,,,2022,75.56800498,27.578239866,148.0,0.9438775510204084,0.9387755102040816,0.9336734693877552,0.9438775510204084,0.9336734693877552,0.1241,0.1883,0.0824,0.76,0.97,866.0,1.0,1,0,0,0,0,0,1,1,0
Pecos,,9.0,56.87923,15.0,19.7,,700,17.382666998,1890,12.0,,76.34559,52792,64.914543696,15718,,,2022,70.357436319,24.576918183,186.0,0.9615384615384612,0.9725274725274722,0.9890109890109888,0.9615384615384612,0.9560439560439562,0.1166,0.1765,0.0789,0.82,0.98,1310.0,1.0,1,0,0,1,0,0,1,1,0
Polk,,28.0,54.52457,46.0,22.9,6.408470326,1552,14.817643689,8990,18.4,44.988478357,52.83517,47535,61.64879745,52995,,,2022,76.62858735,20.056609114,496.0,0.9550359712230218,0.971223021582734,0.983812949640288,0.9604316546762588,0.9676258992805756,0.1365,0.206,0.093,0.91,0.97,1893.0,1.0,0,0,0,1,0,0,1,0,0
Potter,,102.0,86.87134999999999,49.0,29.2,7.3083501788,5005,15.381542149,19400,16.2,53.211575704,218.09593,45903,72.695182724,116004,,,2022,78.258297882,26.92838178,1579.0,0.963486454652532,0.9650569297212408,0.9768354927365528,0.9666274047899488,0.9642716921868864,0.1281,0.2007,0.0864,0.92,0.87,459.0,1.0,0,0,0,1,0,0,1,0,0
Rains,,1.0,7.991049999999999,40.0,20.3,,441,16.832061069,1920,16.3,25.017319533,15.93372,59195,62.651997684,12552,,,2022,78.384633187,19.925111536,125.0,0.9158878504672896,0.9158878504672896,0.9158878504672896,0.9158878504672896,0.9065420560747662,0.1285,0.1874,0.0874,0.4,0.89,6276.0,1.0,0,0,1,0,0,0,1,1,0
Nolan,,5.0,33.98124,33.0,24.4,,525,13.338414634,2380,15.9,42.191075469,80.88979,41720,62.350722816,14835,,,2022,74.909354605,25.648803505,176.0,0.9739583333333336,0.9791666666666664,1.0,0.9739583333333336,0.9791666666666664,0.1278,0.1901,0.086,0.89,0.96,1236.0,1.0,0,0,0,1,0,0,1,1,0
Leon,,,,44.0,17.9,,878,21.835364337,3070,17.8,38.937516062,28.58286,52878,52.31511254,17493,,,2022,72.253912535,22.460412737,181.0,0.9785407725321889,0.9871244635193132,0.9871244635193132,0.9785407725321889,0.969957081545064,0.1225,0.1864,0.0827,0.62,0.92,3499.0,1.0,0,0,0,0,0,0,1,1,0
Maverick,,14.0,23.841150000000003,24.0,27.9,6.915813273,2779,14.939253844,10500,18.0,76.775010553,47.96327,41324,79.172413793,58378,,,2022,65.381149757,30.598855733,991.0,0.8991270611057226,0.9282250242483024,0.9631425800193988,0.8971871968962173,0.880698351115422,0.107,0.1724,0.0705,0.97,1.0,2085.0,1.0,0,0,0,1,0,0,1,0,0
Karnes,,4.0,25.63938,44.0,22.9,,482,14.023858016,2040,13.1,31.185464654,38.55546,56006,66.381766382,15562,,,2022,69.969244288,21.925202416,140.0,0.976470588235294,0.9823529411764704,0.9823529411764704,0.9823529411764704,0.9647058823529412,0.1134,0.1709,0.0762,0.84,0.97,2594.0,1.0,0,0,0,1,0,0,1,1,0
Kendall,,41.0,86.44135999999999,49.0,8.6,,1528,13.100137174,5010,11.4,59.826582556,127.77446,103216,24.493554328,48523,,,2022,92.359185881,22.811862416,443.0,0.9447058823529412,0.9482352941176472,0.9541176470588236,0.9470588235294118,0.9447058823529412,0.1008,0.1475,0.0669,0.23,0.47,783.0,1.0,0,1,0,0,0,1,0,0,0
Kenedy,,0.0,0.0,38.0,13.8,,21,19.626168224,80,14.0,,0.0,45980,53.424657534,379,,,2022,50.387596899,17.678100264,,1.0,1.0,1.0,1.0,1.0,0.0992,0.1603,0.0642,0.73,0.99,379.0,0.0,1,0,0,0,0,0,1,0,1
Kerr,,47.0,89.35361,50.0,16.5,6.0109289617,1686,16.479327534,7690,14.8,65.610099651,98.35631,57425,59.463358338,52869,,,2022,85.731741705,18.7160718,501.0,0.9498997995991982,0.9398797595190382,0.9619238476953904,0.9559118236472948,0.9398797595190382,0.1008,0.1475,0.0669,0.7,0.6,1017.0,1.0,0,0,0,0,0,0,0,0,0
Kimble,,4.0,92.22965,30.0,32.7,,126,15.6133829,820,18.7,,136.48772,47894,67.294520548,4396,,,2022,75.851550585,18.084622384,45.0,0.9565217391304348,0.9565217391304348,0.9782608695652174,0.9782608695652174,0.9565217391304348,0.1235,0.1873,0.0822,0.59,0.82,733.0,1.0,1,0,1,0,0,0,1,0,1
King,,0.0,0.0,,21.3,,16,21.333333333,40,17.0,,0.0,78210,24.299065421,283,,,2022,92.222222222,26.855123675,,0.8,0.8,0.8,0.8,0.7333333333333332,0.1143,0.1758,0.0766,0.2,0.68,283.0,0.0,1,0,0,0,1,0,0,0,1
Kinney,,,,22.0,22.7,,93,12.774725275,660,17.9,,54.49591,62557,58.391608392,3670,,,2022,59.254237288,19.264305177,35.0,0.9361702127659576,0.9361702127659576,0.9361702127659576,0.9361702127659576,0.9361702127659576,0.107,0.1724,0.0705,0.86,0.98,1835.0,1.0,1,0,0,1,0,0,1,0,1
Knox,,1.0,27.29258,15.0,24.6,,188,19.183673469,550,15.0,40.805078335,135.75889,46053,63.751584284,3683,,,2022,78.766140603,26.282921531,39.0,0.9607843137254904,0.9607843137254904,0.9607843137254904,0.9607843137254904,0.9607843137254904,0.1278,0.1901,0.086,0.8,0.93,737.0,1.0,0,0,0,0,0,0,1,0,1
Lamar,,22.0,44.12443,49.0,26.9,7.0609002648,1646,13.635987076,9000,18.1,38.622880279,134.25508,44688,63.740856844,49905,,,2022,69.957489372,23.729085262,615.0,0.9728867623604462,0.971291866028708,0.9760765550239237,0.9760765550239237,0.971291866028708,0.1283,0.1937,0.0866,0.84,0.94,745.0,1.0,0,0,0,1,0,0,1,0,0
Lamb,,5.0,38.78073,33.0,24.5,,606,16.819317236,2020,15.4,28.730108968,62.94255999999999,48123,70.881629786,12710,,,2022,70.378240544,27.293469709,167.0,0.9746192893401018,0.9746192893401018,0.9949238578680204,0.984771573604061,0.9898477157360408,0.1143,0.1758,0.0766,0.9,0.99,1589.0,1.0,0,0,0,1,0,0,1,1,0
Medina,,12.0,23.26303,37.0,17.2,5.9701492537,1450,11.739940086,6050,12.1,69.576250898,21.00921,62600,54.668809141,52358,,,2022,79.866065841,22.814087627,544.0,0.94358407079646,0.961283185840708,0.970132743362832,0.9413716814159294,0.94358407079646,0.1146,0.174,0.0756,0.67,0.95,4760.0,1.0,0,0,0,0,0,0,1,0,0
Lampasas,,9.0,42.00112,25.0,18.0,,623,12.903893952,3150,15.1,37.154429022,36.71577,69051,55.087906233,21789,,,2022,82.104052154,21.630180366,213.0,0.9411764705882352,0.9448529411764706,0.9522058823529412,0.948529411764706,0.948529411764706,0.1264,0.1929,0.0847,0.54,0.88,2724.0,1.0,0,0,1,0,0,0,1,1,0
Lee,,4.0,23.2032,49.0,15.0,,584,15.753978959,2170,12.7,34.934938191,28.74059,61444,61.162444113,17397,,,2022,79.525897061,21.394493303,220.0,0.9396226415094338,0.9471698113207548,0.9509433962264155,0.943396226415094,0.9471698113207548,0.124,0.188,0.0827,0.68,0.88,3479.0,1.0,0,0,0,0,0,0,1,1,0
Liberty,,20.0,22.67085,37.0,20.0,6.8758594824,3646,14.895616293,13160,15.7,42.929386067,39.32406,61230,72.815932656,91547,,,2022,82.707809024,27.873114357,1517.0,0.9719451371571072,0.9638403990024936,0.9812967581047384,0.9756857855361596,0.9750623441396512,0.1377,0.2028,0.0929,0.94,0.97,2543.0,1.0,0,0,0,1,0,0,1,0,0
Limestone,,9.0,38.40082,40.0,19.7,,779,14.883454337,3880,16.6,29.605444415,68.55184,53143,73.458586928,23340,,,2022,66.58224795,21.915167095,273.0,0.7439446366782007,0.830449826989619,0.8615916955017299,0.7439446366782007,0.7231833910034605,0.1248,0.188,0.085,0.95,0.98,1459.0,1.0,0,0,0,1,0,0,1,1,0
Live Oak,,1.0,8.19202,34.0,23.8,,431,17.171314741,1890,15.6,,32.45699,54031,63.163778647,12324,,,2022,63.777893098,20.05842259,96.0,0.95,0.9428571428571432,0.957142857142857,0.95,0.95,0.1146,0.1867,0.0742,0.69,0.95,3081.0,1.0,1,0,0,0,0,0,1,1,0
Llano,,15.0,68.82312,39.0,20.3,,566,16.511085181,3490,16.6,,31.87904,60706,62.890825218,21958,,,2022,83.645222013,14.755442208,195.0,0.9695121951219514,0.9634146341463414,0.975609756097561,0.9634146341463414,0.9512195121951218,0.1264,0.1929,0.0847,0.47,0.76,3137.0,1.0,1,0,1,0,0,0,0,1,0
Lubbock,,259.0,83.39532,45.0,18.4,5.0146259925,7919,10.430167009,47200,15.5,54.235633017,159.7982,56477,59.412400587,314772,,,2022,82.484232205,23.554191605,4146.0,0.91786497684621,0.932000974896417,0.949792834511333,0.9217645625152328,0.9171338045332684,0.109,0.1714,0.0711,0.75,0.74,626.0,1.0,0,0,0,0,0,0,0,0,0
Lynn,,5.0,84.01949,37.0,19.6,,239,14.319952067,980,16.9,,66.39004,51003,54.357366771,6025,,,2022,79.399727149,27.070539419,93.0,0.9318181818181818,0.9469696969696968,0.9545454545454548,0.9393939393939392,0.9469696969696968,0.1143,0.1758,0.0766,0.89,0.99,1506.0,1.0,1,0,0,1,0,0,1,0,1
Marion,,,,37.0,31.1,,245,13.528437327,1820,18.2,36.851333976,40.16064,42024,71.833202203,9960,,,2022,68.643880926,17.991967871,76.0,0.984375,0.953125,0.984375,0.984375,0.96875,0.1276,0.1901,0.0861,0.69,0.97,2490.0,1.0,0,0,0,0,0,0,1,1,0
Martin,,1.0,17.328020000000002,27.0,17.0,,324,17.161016949,600,10.6,,34.3879,73367,52.034883721,5816,,,2022,71.951219512,31.654057772,66.0,0.9565217391304348,0.9217391304347824,0.9739130434782608,0.9652173913043478,0.9478260869565216,0.1235,0.1873,0.0822,0.42,0.89,2908.0,1.0,1,0,1,0,0,0,1,0,1
Matagorda,,14.0,38.20648,36.0,24.0,,1322,13.760799417,6150,16.7,52.085740425,76.24234,52241,69.45439515,36725,,,2022,68.287769784,25.927842069,475.0,0.9701492537313436,0.9664179104477612,0.9757462686567162,0.9720149253731344,0.9701492537313436,0.1114,0.1704,0.0738,0.91,0.94,1312.0,1.0,0,0,0,1,0,0,1,0,0
Kaufman,,35.0,25.70619,51.0,12.7,5.1059484299,4341,10.998505156,15990,12.9,39.17079701,51.6767,76352,52.933961655,143198,,,2022,85.136478324,28.098157795,2768.0,0.9445438282647582,0.9490161001788908,0.9695885509839,0.9521466905187836,0.9382826475849732,0.1236,0.185,0.0839,0.57,0.77,1935.0,1.0,0,0,1,0,0,0,0,0,0
Reeves,,5.0,31.29695,27.0,20.5,,603,16.174892704,1650,10.7,61.595297383,37.61991,64863,67.346938776,15949,,,2022,65.349946978,22.258448806,184.0,0.9333333333333336,0.9375,0.9833333333333332,0.9375,0.9458333333333332,0.1166,0.1765,0.0789,0.78,0.98,2658.0,1.0,0,0,0,0,0,0,1,1,0
Upshur,,12.0,28.74045,44.0,17.8,7.6640098099,1230,11.998829382,6810,16.6,41.539203211,7.11474,58231,62.194372773,42166,,,2022,83.337965536,23.620926813,518.0,0.9532908704883224,0.9490445859872612,0.9596602972399152,0.9554140127388536,0.9532908704883224,0.1276,0.1901,0.0861,0.59,0.88,14055.0,1.0,0,0,1,0,0,0,1,0,0
Upton,,2.0,54.68964,19.0,17.0,,186,17.064220183,420,11.4,36.664373311,110.40574,59593,59.885057471,3623,,,2022,61.086309524,28.705492686,40.0,0.982142857142857,0.964285714285714,0.982142857142857,0.982142857142857,1.0,0.1235,0.1873,0.0822,0.65,0.96,906.0,1.0,0,0,0,0,0,0,1,0,1
Uvalde,,10.0,37.39576,32.0,30.7,,1036,14.122137405,3820,14.2,78.688173883,78.52816,49275,75.766755017,26742,,,2022,70.339648022,26.632263855,400.0,0.9690140845070424,0.971830985915493,0.9774647887323944,0.971830985915493,0.9661971830985916,0.107,0.1724,0.0705,0.95,0.98,1273.0,1.0,0,0,0,1,0,0,1,1,0
Val Verde,,17.0,34.67619,25.0,24.3,3.4019391053,1681,11.881538027,7230,14.8,65.38569818,69.34813,54346,70.936451818,49028,,,2022,67.122284598,28.153300155,773.0,0.9308093994778068,0.9621409921671018,0.9765013054830284,0.9399477806788512,0.928198433420366,0.107,0.1724,0.0705,0.97,0.99,1442.0,1.0,0,0,0,1,0,0,1,0,0
Victoria,,69.0,74.93158,51.0,24.4,5.4035798717,3083,12.920665521,13240,14.4,33.800546644,104.42047,53583,65.285249386,91936,,,2022,72.601476015,25.069613644,1249.0,0.9809128630705392,0.9767634854771788,0.9858921161825732,0.9809128630705392,0.9767634854771788,0.1065,0.1663,0.0699,0.78,0.9,958.0,1.0,0,0,0,0,0,0,1,0,0
Walker,,21.0,28.77856,45.0,20.8,,1423,13.122464035,10940,15.1,27.137336083,58.20076,43002,54.030214882,72164,,,2022,83.188985121,14.918796076,694.0,0.944707740916272,0.9352290679304898,0.958925750394945,0.9494470774091626,0.9478672985781992,0.1365,0.206,0.093,0.7,0.9,1718.0,1.0,0,0,0,0,0,0,1,0,0
Waller,,8.0,14.48069,44.0,17.4,6.0962333987,2159,15.655137408,6960,13.4,58.697529087,3.48117,69460,68.722903506,57452,,,2022,78.7052483,24.000905103,770.0,0.9680981595092024,0.9779141104294482,0.9865030674846622,0.9680981595092024,0.96319018404908,0.1114,0.1704,0.0738,0.83,0.9,28726.0,1.0,0,0,0,1,0,0,1,0,0
Ward,,2.0,16.66944,27.0,14.4,,563,15.638888889,1310,11.2,8.6425395821,90.93164,57257,47.077042199,12097,,,2022,76.829268293,29.313052823,184.0,0.9503105590062112,0.9565217391304348,0.968944099378882,0.9627329192546584,0.9503105590062112,0.1166,0.1765,0.0789,0.65,0.96,1100.0,1.0,0,0,0,0,0,0,1,1,0
Webb,,84.0,30.36306,37.0,30.3,4.8999136947,13216,14.540173611,43300,15.8,71.381264815,58.34033,56588,82.585862678,277681,,,2022,72.29582886,32.005430692,4534.0,0.9909040793825798,0.98787210584344,0.9953142227122382,0.9931091510474088,0.9873208379272328,0.1039,0.1663,0.0674,0.95,0.99,1714.0,1.0,0,0,0,1,0,0,1,0,0
Wharton,,15.0,36.09587,40.0,20.6,6.6820868671,1833,16.663636364,6200,14.9,32.709420385,86.362,55887,65.897778317,41685,,,2022,76.587093389,25.788652993,545.0,0.9731182795698928,0.9767025089605736,0.9874551971326162,0.9767025089605736,0.9713261648745518,0.1114,0.1704,0.0738,0.88,0.96,1158.0,1.0,0,0,0,1,0,0,1,0,0
Wheeler,,2.0,39.55696,27.0,20.3,,276,20.988593156,890,16.7,43.478699651,121.31015,49838,54.912764004,4946,,,2022,77.087378641,24.747270522,46.0,0.9743589743589745,0.9743589743589745,1.0,0.9743589743589745,0.9871794871794876,0.1241,0.1883,0.0824,0.7,0.91,824.0,1.0,0,0,0,0,0,0,1,0,1
Wichita,,111.0,83.94464,45.0,20.9,7.6250856751,3723,12.20535685,22340,17.0,44.443706665,126.87211,54659,59.907545625,133205,,,2022,80.823272488,22.491648211,1526.0,0.9597359735973598,0.9617161716171616,0.9742574257425743,0.9630363036303632,0.9590759075907592,0.1296,0.2018,0.0855,0.82,0.83,788.0,1.0,0,0,0,1,0,0,1,0,0
Willacy,,7.0,32.7746,49.0,34.0,,542,10.690335306,4050,18.8,,61.43377,40190,86.713286713,21161,,,2022,66.74600476,23.264496007,234.0,1.0,1.0,1.0,1.0,1.0,0.0992,0.1603,0.0642,0.99,0.98,1628.0,1.0,1,0,0,1,0,0,1,1,0
Williamson,,406.0,68.74935,52.0,6.3,4.139179925,13097,8.3161363651,60430,11.0,40.634655498,77.68813,91507,29.459483369,617855,,,2022,94.057295349,24.812941548,8077.0,0.9367473147444938,0.9387002278398612,0.9481393078008024,0.9370728002603884,0.931105565802322,0.0946,0.1402,0.061,0.2,0.58,1287.0,1.0,0,1,0,0,0,1,0,0,0
Wilson,,22.0,43.07813,37.0,11.5,,1528,11.907730673,5350,10.9,35.862415719,49.97789,74529,41.624145044,52023,,,2022,86.197183099,23.508832632,546.0,0.976608187134503,0.9780701754385964,0.9795321637426898,0.9809941520467836,0.9795321637426898,0.1134,0.1709,0.0762,0.44,0.78,2001.0,1.0,0,0,1,0,0,0,0,0,0
Winkler,,2.0,24.96879,22.0,16.9,,378,15.447486718,890,11.4,40.318537353,50.71637,77960,53.2351394,7887,,,2022,79.029793736,29.085837454,108.0,0.9813084112149536,0.9158878504672896,0.9906542056074767,0.9813084112149536,0.9626168224299064,0.1166,0.1765,0.0789,0.65,0.99,1972.0,1.0,0,0,0,0,0,0,1,0,1
Wood,,19.0,41.72248,41.0,21.4,,1288,14.486559442,7520,16.9,64.04081037,69.12791,61886,60.718829517,46291,,,2022,80.222541278,18.720701648,444.0,0.9344978165938862,0.9432314410480348,0.9585152838427948,0.9301310043668124,0.9301310043668124,0.1285,0.1874,0.0874,0.63,0.87,1447.0,1.0,0,0,0,0,0,0,1,0,0
Yoakum,,3.0,34.43131,15.0,14.9,,627,21.06147128,780,9.0,,57.45806,67132,59.406858202,8702,,,2022,83.583237216,33.176281315,136.0,0.929203539823009,0.9203539823008848,0.9469026548672564,0.9203539823008848,0.9115044247787608,0.1143,0.1758,0.0766,0.49,0.93,1740.0,1.0,1,0,1,0,0,0,1,0,1
Young,,16.0,88.83953000000001,42.0,22.1,,756,17.127322157,2570,14.3,35.891993869,78.19482,54569,58.541927409,17904,,,2022,79.749032172,23.212689902,217.0,0.925925925925926,0.925925925925926,0.9722222222222222,0.9305555555555556,0.9212962962962964,0.1293,0.1898,0.087,0.55,0.84,1279.0,1.0,0,0,1,0,0,0,1,1,0
Jones,,6.0,29.87601,32.0,21.2,,507,13.970790851,3030,15.2,36.418941016,40.25157,47019,61.786508525,19875,,,2022,79.277364506,17.6,168.0,0.952127659574468,0.9680851063829788,0.9680851063829788,0.952127659574468,0.952127659574468,0.1278,0.1901,0.086,0.63,0.97,2484.0,1.0,0,0,0,0,0,0,1,1,0
Zavala,,1.0,8.44595,26.0,39.0,,321,9.4550810015,2590,21.5,,84.45946,34898,85.89540412,11840,,,2022,61.731083288,28.260135135,158.0,1.0,0.9930555555555556,1.0,1.0,1.0,0.107,0.1724,0.0705,1.0,1.0,1184.0,1.0,1,0,0,1,0,0,1,1,0
Trinity,,2.0,13.65095,37.0,26.5,,391,13.227334235,2750,18.8,48.314859019,47.03353,47685,74.200518583,14883,,,2022,72.465192465,19.619700329,110.0,0.9415584415584416,0.9350649350649352,0.9545454545454548,0.9415584415584416,0.9285714285714288,0.1365,0.206,0.093,0.8,0.97,2126.0,1.0,0,0,0,1,0,0,1,1,0
Travis,,1119.0,87.83677,51.0,10.9,4.0891632738,34551,12.26530634,156910,12.8,50.125527111,108.3427,82605,50.635554983,1300503,,,2022,90.554207161,20.872539317,16433.0,0.9017482043637348,0.9138772191353844,0.9372543705109094,0.9012061254912588,0.8906355874779779,0.0916,0.1391,0.0588,0.38,0.69,923.0,1.0,0,1,0,0,0,0,0,0,0
Tom Green,,88.0,73.8255,52.0,16.6,5.228398459,3074,10.488961682,16620,14.1,46.09465089,105.82451,55990,53.068222529,120010,,,2022,79.908271832,23.761353221,1444.0,0.957205789804909,0.964128382630585,0.9767149150409064,0.9603524229074888,0.9553178099433608,0.1078,0.1675,0.0704,0.66,0.89,945.0,1.0,0,0,0,0,0,0,1,0,0
Titus,,14.0,42.74809,40.0,21.4,,1440,14.998437663,5000,15.3,38.568121763,112.37319999999998,52973,70.898493034,32926,,,2022,78.931670282,28.579238292,436.0,0.965235173824131,0.96319018404908,0.9775051124744376,0.965235173824131,0.9529652351738244,0.1283,0.1937,0.0866,0.89,0.92,890.0,1.0,0,0,0,1,0,0,1,1,0
Refugio,,1.0,14.39263,29.0,23.7,,193,12.107904642,1110,15.6,42.34956562,72.70612,48433,61.503067485,6877,,,2022,72.759158223,22.262614512,82.0,0.9560439560439562,0.9670329670329668,0.9780219780219782,0.9560439560439562,0.9780219780219782,0.1183,0.18,0.0772,0.94,0.99,1375.0,1.0,0,0,0,1,0,0,1,0,1
Robertson,,1.0,5.85686,44.0,23.2,,515,12.478798158,2330,13.7,47.465548195,46.63363,55218,62.296591956,17155,,,2022,72.929322863,23.433401341,216.0,0.9641434262948204,0.9920318725099602,0.99601593625498,0.9681274900398408,0.9760956175298804,0.1225,0.1864,0.0827,0.75,0.93,2144.0,1.0,0,0,0,0,0,0,1,1,0
Rockwall,,78.0,74.3459,53.0,6.4,3.4857219466,3584,12.011126378,9280,9.6,48.930164184,96.46185,106225,27.465317774,109888,,,2022,95.272368459,26.635301398,1390.0,0.9311740890688264,0.9329091960670906,0.9444765760555236,0.932330827067669,0.932330827067669,0.1122,0.1653,0.0743,0.11,0.51,1037.0,1.0,0,0,0,0,1,1,0,0,0
Runnels,,5.0,48.71395,42.0,21.4,,316,12.798703929,1570,15.2,34.52180423,86.53014,50972,56.805019305,10401,,,2022,74.479568234,23.488126142,115.0,0.9636363636363638,0.9636363636363638,0.9818181818181818,0.9636363636363638,0.9636363636363638,0.1278,0.1901,0.086,0.54,0.92,1156.0,1.0,0,0,1,0,0,0,1,1,0
Rusk,,11.0,20.21836,45.0,18.1,5.0810549238,1693,13.616987051,7380,13.7,24.599442347,40.49775,56954,67.774842882,54324,,,2022,66.365750997,21.732567558,568.0,0.934782608695652,0.960144927536232,0.965579710144928,0.9420289855072462,0.9365942028985508,0.1282,0.1918,0.0871,0.8,0.94,2469.0,1.0,0,0,0,0,0,0,1,0,0
San Augustine,,2.0,24.28068,49.0,29.7,,222,13.495440729,1740,21.0,60.698759795,48.49661,45781,83.747779751,8248,,,2022,74.084051724,19.665373424,72.0,0.9459459459459464,0.9594594594594592,0.9594594594594592,0.9594594594594592,0.9594594594594592,0.1428,0.2169,0.0983,0.89,0.98,2062.0,1.0,0,0,0,1,0,0,1,0,1
San Jacinto,,2.0,6.93025,43.0,26.1,,962,15.223927837,4880,17.3,19.726408391,10.23856,51575,66.806605094,29301,,,2022,78.162279405,21.227944439,350.0,0.9537037037037036,0.9583333333333336,0.9814814814814816,0.9675925925925924,0.9675925925925924,0.1365,0.206,0.093,0.69,0.89,9767.0,1.0,0,0,0,0,0,0,1,1,0
San Patricio,,17.0,25.4758,41.0,21.6,4.7754066557,2059,11.357493519,10180,15.2,45.462431746,64.11308,56944,66.56684492,67069,,,2022,74.050038425,26.241631752,851.0,0.9673135852911132,0.9703779366700712,0.9775280898876404,0.9713993871297242,0.9734422880490295,0.1183,0.18,0.0772,0.83,0.97,1560.0,1.0,0,0,0,1,0,0,1,0,0
San Saba,,2.0,33.03055,27.0,26.1,,257,21.100164204,910,15.3,,49.6771,48349,64.129400571,6039,,,2022,80.224929709,19.85428051,50.0,0.9833333333333332,0.9666666666666665,0.9833333333333332,0.9833333333333332,0.9666666666666665,0.1264,0.1929,0.0847,0.73,0.97,2013.0,1.0,1,0,0,0,0,0,1,0,1
Scurry,,11.0,65.85643,33.0,17.6,,624,14.528521537,2340,13.7,38.966912585,36.01008,57158,61.6860648,16662,,,2022,76.762060507,25.105029408,199.0,0.9662447257383968,0.9535864978902951,0.9746835443037976,0.9662447257383968,0.9493670886075944,0.1278,0.1901,0.086,0.7,0.95,2777.0,1.0,0,0,0,0,0,0,1,1,0
Red River,,2.0,16.634780000000003,48.0,25.6,,285,11.806130903,2230,18.3,51.994351752,33.34723,46727,69.517439083,11995,,,2022,71.417460626,19.107961651,115.0,0.9870967741935484,0.9806451612903224,0.9806451612903224,0.9870967741935484,0.9870967741935484,0.1283,0.1937,0.0866,0.56,0.99,2999.0,1.0,0,0,1,0,0,0,1,1,0
Shackelford,,1.0,30.62787,51.0,15.8,,146,18.741976893,500,15.0,,30.303030000000003,64931,49.52681388,3300,,,2022,80.468178493,22.787878788,26.0,0.975609756097561,0.975609756097561,0.975609756097561,0.975609756097561,0.975609756097561,0.1278,0.1901,0.086,0.69,0.72,3300.0,1.0,1,0,0,0,0,0,0,0,1
Sherman,,,,35.0,16.9,,216,25.531914894,440,14.4,,33.03601,66408,59.863945578,3027,,,2022,81.401869159,27.254707631,47.0,0.8461538461538463,0.7884615384615382,0.8461538461538463,0.8461538461538463,0.7884615384615382,0.1241,0.1883,0.0824,0.46,0.87,3027.0,1.0,1,0,1,0,0,0,1,0,1
Somervell,,6.0,65.73181,48.0,12.8,,290,13.862332696,1590,18.0,,109.42116,67984,44.475138122,9139,,,2022,81.812400636,21.796695481,82.0,0.9235668789808916,0.9299363057324842,0.9171974522292992,0.9108280254777072,0.9108280254777072,0.1134,0.1689,0.0762,0.56,0.71,914.0,1.0,1,0,1,0,0,0,0,0,1
Starr,,14.0,21.66076,28.0,35.3,3.4005894355,3054,14.350155061,13550,21.1,,63.797340000000005,35716,90.226120636,64266,,,2022,60.850070634,32.493075654,1097.0,0.9329608938547485,0.9486033519553072,0.9921787709497204,0.9273743016759778,0.9229050279329613,0.1146,0.1867,0.0742,0.98,1.0,1567.0,1.0,1,0,0,1,0,0,1,0,0
Stephens,,3.0,32.03075,41.0,23.5,,308,14.597156398,1570,16.8,37.187537022,117.84873,48911,61.126373626,9334,,,2022,76.701877934,21.737733019,96.0,0.905511811023622,0.929133858267716,0.9370078740157478,0.9370078740157478,0.9448818897637796,0.1278,0.1901,0.086,0.88,0.86,849.0,1.0,0,0,0,1,0,0,1,0,1
Sterling,,0.0,0.0,43.0,13.5,,65,16.927083333,100,8.1,,152.09125,68435,42.985074627,1315,,,2022,89.135802469,27.984790875,18.0,0.925925925925926,0.925925925925926,0.925925925925926,0.925925925925926,0.925925925925926,0.1235,0.1873,0.0822,0.41,0.8,658.0,1.0,1,0,1,0,0,0,1,0,1
Sutton,,4.0,105.9322,46.0,17.3,,135,14.270613108,480,12.4,,160.51364,64612,61.61745828,3738,,,2022,55.070202808,23.488496522,27.0,0.96,0.9399999999999998,0.96,0.96,0.96,0.1235,0.1873,0.0822,0.6,0.94,623.0,1.0,1,0,0,0,0,0,1,0,1
Swisher,,1.0,13.51899,27.0,27.2,,298,15.969989282,1320,17.8,26.446700508,40.87193,39897,72.175597159,7340,,,2022,74.836475568,24.046321526,72.0,0.99009900990099,1.0,1.0,0.99009900990099,0.99009900990099,0.1241,0.1883,0.0824,0.97,1.0,2447.0,1.0,0,0,0,1,0,0,1,0,1
Tarrant,,1245.0,59.2148,50.0,15.4,6.1974459625,67120,11.808502403,266980,13.0,49.408171209,96.21602,72064,58.664603241,2123347,,,2022,89.788856191,25.784763395,28137.0,0.9184099624131516,0.9320019742587036,0.9536428869736892,0.9229279775238238,0.9151828087626712,0.1069,0.1641,0.0701,0.55,0.73,1039.0,1.0,0,0,1,0,0,0,0,0,0
Taylor,,99.0,71.72146,45.0,16.9,5.1831617287,4108,11.673439232,21730,15.9,40.385448991,170.97701,52974,55.241641706,139200,,,2022,82.18707834,24.779454023,1963.0,0.9554242749731476,0.9543501611170784,0.970998925886144,0.958109559613319,0.956498388829216,0.1178,0.1846,0.0776,0.69,0.78,585.0,1.0,0,0,0,0,0,0,0,0,0
Terrell,,0.0,0.0,11.0,13.2,,26,17.105263158,90,9.9,,142.45014,42849,53.6,702,,,2022,66.825775656,18.518518519,,1.0,1.0,1.0,1.0,1.0,0.1166,0.1765,0.0789,0.47,0.91,702.0,1.0,1,0,1,0,0,0,1,0,1
Throckmorton,,1.0,66.62225000000001,21.0,27.7,,64,21.333333333,270,18.7,,67.2495,46820,59.17721519,1487,,,2022,76.858345021,20.847343645,23.0,0.9545454545454548,0.9545454545454548,0.9545454545454548,0.9545454545454548,0.9545454545454548,0.1278,0.1901,0.086,0.27,0.85,1487.0,1.0,1,1,0,0,0,0,1,0,1
Shelby,,5.0,19.78318,41.0,24.4,,1062,15.812983919,4530,17.9,25.850763117,88.30022,41194,74.707085736,24915,,,2022,72.643896268,25.839855509,334.0,0.978319783197832,0.9593495934959352,0.9810298102981032,0.975609756097561,0.978319783197832,0.1428,0.2169,0.0983,0.95,0.99,1133.0,1.0,0,0,0,1,0,0,1,1,0
Johnson,,77.0,43.79554,48.0,11.7,6.3472563473,6366,13.397310436,21590,12.9,46.219005832,66.82445,67382,51.723361751,179575,,,2022,87.914879011,25.79256578,2401.0,0.944778362133734,0.9470323065364392,0.9560480841472576,0.9470323065364392,0.94290007513148,0.1346,0.1961,0.0907,0.51,0.73,1496.0,1.0,0,0,1,0,0,0,0,0,0
Jim Hogg,,1.0,19.23077,33.0,30.5,,146,9.0683229814,970,18.5,,,41620,84.995663487,5184,,,2022,57.605177994,30.13117284,52.0,0.9367088607594938,0.9240506329113924,0.962025316455696,0.9873417721518988,0.8354430379746839,0.1146,0.1867,0.0742,0.99,1.0,,,1,0,0,1,0,0,1,0,1
Carson,,,,48.0,10.7,,194,13.25136612,730,12.2,,187.90571,66597,33.164983165,5854,,,2022,78.559176672,23.009907755,60.0,0.9473684210526312,0.9789473684210528,0.9789473684210528,0.9578947368421056,0.9578947368421056,0.1241,0.1883,0.0824,0.03,0.6,532.0,1.0,1,0,0,0,1,0,0,0,1
Castro,,1.0,13.28021,28.0,20.4,,439,19.792605951,900,11.8,,54.08329,55139,65.521327014,7396,,,2022,73.48455221,28.637101136,110.0,0.9411764705882352,0.92156862745098,0.9705882352941174,0.9509803921568633,0.92156862745098,0.1241,0.1883,0.0824,0.78,0.99,1849.0,1.0,1,0,0,0,0,0,1,0,1
Chambers,,5.0,11.40589,34.0,11.0,,1560,12.181789786,5300,12.8,12.562612314,52.64312,89991,36.765153823,45590,,,2022,85.896537221,28.194779557,675.0,0.9703389830508472,0.9731638418079096,0.9774011299435028,0.9717514124293788,0.961864406779661,0.1377,0.2028,0.0929,0.41,0.79,1900.0,1.0,0,0,1,0,0,0,0,0,0
Cherokee,,22.0,41.78855,42.0,24.4,8.3349486335,1875,13.786764706,7840,15.0,36.356376801,49.17258,45894,65.896836808,52875,,,2022,78.82416397,25.172576832,679.0,0.9753694581280788,0.981937602627258,0.9868637110016424,0.981937602627258,0.9753694581280788,0.1282,0.1918,0.0871,0.92,0.94,2034.0,1.0,0,0,0,1,0,0,1,0,0
Childress,,10.0,136.8738,25.0,24.1,,220,15.30967293,1170,16.1,,125.99748,45473,54.311926606,7143,,,2022,77.59965338,18.493630127,72.0,1.0,0.986301369863014,1.0,1.0,1.0,0.1241,0.1883,0.0824,0.75,0.92,794.0,1.0,1,0,0,0,0,0,1,0,1
Cochran,,2.0,70.10165,22.0,29.4,,144,18.997361478,490,16.9,,69.03693,44584,68.398876404,2897,,,2022,71.832358674,26.855367622,52.0,0.9069767441860468,0.9302325581395352,0.9534883720930236,0.9069767441860468,0.9069767441860468,0.1143,0.1758,0.0766,0.86,0.99,1449.0,1.0,1,0,0,1,0,0,1,0,1
Coke,,,,51.0,18.0,,121,16.133333333,510,15.5,,0.0,51050,52.6,3323,,,2022,73.476923077,20.58380981,35.0,0.9487179487179488,0.9230769230769232,0.9487179487179488,0.9487179487179488,0.9487179487179488,0.1235,0.1873,0.0822,0.62,0.91,3323.0,0.0,1,0,0,0,0,0,1,0,1
Coleman,,5.0,61.16208,26.0,28.1,,309,17.913043478,1340,16.1,22.872433266,37.03704,43623,70.716009654,8100,,,2022,76.030927835,20.592592593,85.0,0.9777777777777776,0.9666666666666665,0.9777777777777776,0.9777777777777776,0.9777777777777776,0.1278,0.1901,0.086,0.42,0.94,2700.0,1.0,0,0,1,0,0,0,1,0,1
Collin,,1044.0,100.89589,56.0,6.7,4.3124346118,24796,8.7766305752,107700,11.1,31.384781793,80.03216,101560,25.903504667,1072069,,,2022,94.228141593,25.333257468,12808.0,0.9483316049533338,0.9416214237784424,0.9568718355395598,0.9502836576587564,0.9436954797779544,0.083,0.1234,0.0542,0.15,0.49,1249.0,1.0,0,0,0,0,1,1,0,0,0
Colorado,,10.0,46.52678,36.0,18.4,,932,18.199570396,2480,11.7,23.78858233,32.39241,52726,66.535874439,21610,,,2022,73.327062618,23.493752892,258.0,0.9586466165413532,0.9548872180451128,0.9624060150375936,0.9586466165413532,0.9548872180451128,0.1114,0.1704,0.0738,0.68,0.93,3087.0,1.0,0,0,0,0,0,0,1,1,0
Comal,,104.0,66.57746999999999,46.0,9.4,5.9625982474,4309,11.661389408,17230,12.2,51.448206932,74.63049000000001,79290,33.643587668,164812,,,2022,91.378741802,22.234424678,1912.0,0.9488233096750092,0.9521852820321252,0.9592827792304816,0.9529323870003736,0.9510646245797536,0.0937,0.1369,0.0619,0.24,0.64,1340.0,1.0,0,1,0,0,0,0,0,0,0
Comanche,,7.0,51.33847,27.0,24.0,,525,16.940948693,1910,14.1,57.889102564,50.90909,47282,66.719745223,13750,,,2022,75.092319055,22.305454545,176.0,0.9548022598870056,0.966101694915254,0.9717514124293788,0.9548022598870056,0.9491525423728812,0.1278,0.1901,0.086,0.73,0.92,1964.0,1.0,0,0,0,0,0,0,1,1,0
Concho,,1.0,36.68379,46.0,20.9,,83,16.147859922,420,13.0,,70.74637,47412,68.764044944,2827,,,2022,73.97260274,18.040325433,13.0,1.0,1.0,1.0,1.0,1.0,0.1235,0.1873,0.0822,0.43,0.96,1414.0,1.0,1,0,1,0,0,0,1,0,1
Coryell,,14.0,18.43294,29.0,16.8,7.1075401731,1551,8.8572897036,12230,16.3,35.700258261,56.03554999999999,58398,55.780842814,76737,,,2022,87.493280774,22.306058355,974.0,0.9680196801968016,0.9643296432964332,0.9753997539975402,0.9680196801968016,0.959409594095941,0.1264,0.1929,0.0847,0.78,0.82,1785.0,1.0,0,0,0,0,0,0,1,0,0
Cottle,,0.0,0.0,19.0,31.7,,53,15.915915916,380,23.1,,0.0,44430,68.0,1363,,,2022,68.421052632,21.790168745,,1.0,1.0,1.0,1.0,1.0,0.1293,0.1898,0.087,0.94,1.0,1363.0,0.0,1,0,0,1,0,0,1,0,1
Crane,,1.0,20.84636,12.0,12.9,,224,15.352981494,400,8.3,,20.98636,67547,43.441226576,4765,,,2022,72.266666667,28.625393494,71.0,0.9714285714285712,0.9523809523809528,0.9809523809523812,0.9809523809523812,0.9619047619047616,0.1166,0.1765,0.0789,0.47,0.93,4765.0,1.0,1,0,1,0,0,0,1,0,1
Crockett,,1.0,28.868360000000003,24.0,17.7,,134,15.056179775,430,12.4,,0.0,54458,46.7324291,3513,,,2022,66.857962697,25.277540564,32.0,1.0,1.0,1.0,1.0,1.0,0.1235,0.1873,0.0822,0.69,0.9,3513.0,0.0,1,0,0,0,0,0,1,0,1
Culberson,,1.0,46.06172,16.0,29.4,,86,17.234468938,420,19.0,,93.06654,47479,78.497409326,2149,,,2022,54.790419162,22.801302932,32.0,1.0,1.0,1.0,1.0,1.0,0.1166,0.1765,0.0789,1.0,1.0,1075.0,1.0,1,0,0,1,0,0,1,0,1
Dallam,,5.0,68.61534,29.0,16.0,,634,26.616288833,940,12.9,,151.24433,55253,72.084130019,7273,,,2022,76.791808874,32.655025437,142.0,0.923529411764706,0.8823529411764706,0.9529411764705882,0.9352941176470588,0.9117647058823528,0.1241,0.1883,0.0824,0.55,0.92,661.0,1.0,1,0,1,0,0,0,1,0,1
Dallas,,1863.0,70.68824,51.0,20.1,6.3617250733,109538,15.722044563,364840,14.0,51.204936365,124.62593,65770,73.320643047,2635888,,,2022,84.90331883,25.562770497,37228.0,0.916867037006329,0.9318464472265984,0.9517176574634496,0.920349335323218,0.9114777658016192,0.1078,0.1697,0.0704,0.75,0.83,802.0,1.0,0,0,0,0,0,0,1,0,0
Dawson,,5.0,39.28347,31.0,24.4,,444,13.265610995,2370,18.5,20.624120279,53.95406,47233,66.666666667,12974,,,2022,77.404063205,25.450901804,154.0,0.9032258064516128,0.9483870967741936,0.9741935483870968,0.9225806451612902,0.9096774193548388,0.1235,0.1873,0.0822,0.95,1.0,1853.0,1.0,0,0,0,1,0,0,1,1,0
Cameron,,210.0,49.626270000000005,41.0,34.6,5.0383674846,17765,13.850015982,73730,17.5,78.355916189,82.27638999999999,44440,85.376196594,424180,,,2022,63.020603617,29.513649866,6112.0,0.9763870224611252,0.9794586292954502,0.987713572662699,0.9771549241697064,0.975235169898253,0.105,0.1701,0.0683,0.98,0.98,1215.0,1.0,0,0,0,1,0,0,1,0,0
Callahan,,1.0,7.17206,40.0,19.0,,370,11.649874055,2080,15.0,,56.69738,54862,53.922345483,14110,,,2022,76.265822785,21.176470588,155.0,0.9274611398963732,0.9378238341968912,0.9533678756476685,0.9274611398963732,0.9222797927461136,0.1278,0.1901,0.086,0.3,0.8,1764.0,1.0,1,1,0,0,0,0,0,1,0
Calhoun,,11.0,51.66745,33.0,21.4,,730,13.888888889,3050,14.1,42.275863047,76.18685,58470,61.276041667,21001,,,2022,79.444375234,23.775058331,228.0,0.9894366197183097,0.97887323943662,0.9859154929577464,0.9894366197183097,0.9894366197183097,0.1065,0.1663,0.0699,0.86,0.88,1313.0,1.0,0,0,0,1,0,0,1,1,0
Caldwell,,12.0,27.48259,41.0,18.6,5.6038105912,1591,15.162489279,6230,14.8,42.916038319,47.75006,66128,72.841949048,43979,,,2022,77.217946856,22.817708452,659.0,0.9689213893967092,0.9542961608775138,0.9762340036563072,0.9725776965265082,0.9652650822669102,0.124,0.188,0.0827,0.87,0.97,2094.0,1.0,0,0,0,1,0,0,1,0,0
Jim Wells,,9.0,22.2321,40.0,32.9,4.8959608323,1337,11.739397664,6610,16.1,,76.63404,48773,77.417342483,40452,,,2022,65.366759517,27.135864729,546.0,0.9759036144578316,0.967871485943775,0.9799196787148594,0.9759036144578316,0.969879518072289,0.0992,0.1603,0.0642,0.92,0.99,1305.0,1.0,1,0,0,1,0,0,1,0,0
Anderson,,22.0,38.10514,44.0,27.6,,1613,14.285714286,8400,14.5,41.475037318,65.73826,50879,64.166666667,57805,,,2022,74.327997584,19.036415535,517.0,0.9676258992805756,0.9676258992805756,0.9658273381294964,0.9658273381294964,0.9676258992805756,0.1398,0.2105,0.0948,0.79,0.95,1521.0,1.0,0,0,0,0,0,0,1,0,0
Angelina,,54.0,62.272960000000005,51.0,25.1,7.0544554455,3004,13.286744217,15090,17.3,42.495365935,103.69141,49943,73.401819783,86796,,,2022,85.364065289,25.385962487,1082.0,0.9472361809045226,0.962311557788945,0.9748743718592964,0.9514237855946398,0.9589614740368508,0.125,0.1935,0.0836,0.98,0.89,964.0,1.0,0,0,0,1,0,0,1,0,0
Aransas,,7.0,29.77456,47.0,30.8,,710,16.480965645,4450,18.2,,62.98816,51461,64.733648011,23814,,,2022,85.086215589,18.035609305,197.0,1.0,1.0,1.0,1.0,1.0,0.1183,0.18,0.0772,0.8,0.85,1588.0,1.0,1,0,0,1,0,0,1,1,0
Archer,,,,47.0,11.2,,320,16.46090535,1240,14.2,,,69566,32.075471698,8730,,,2022,77.768289212,21.489117984,92.0,0.9746835443037976,0.9746835443037976,0.9746835443037976,0.968354430379747,0.9746835443037976,0.1293,0.1898,0.087,0.09,0.8,,,1,0,0,0,1,0,1,0,1
Armstrong,,0.0,0.0,39.0,12.4,,69,15.367483296,240,12.2,,0.0,62256,36.858006042,1869,,,2022,85.277777778,22.311396469,20.0,0.9444444444444444,0.888888888888889,0.9444444444444444,0.9444444444444444,0.9444444444444444,0.1241,0.1883,0.0824,0.16,0.56,1869.0,0.0,1,0,0,0,1,1,0,0,1
Austin,,5.0,16.64891,44.0,18.0,,1136,15.256513564,4000,13.4,32.647534793,56.71959999999999,60593,51.572099747,29972,,,2022,80.663843029,23.55198185,349.0,0.9851485148514852,0.9851485148514852,0.9876237623762376,0.9851485148514852,0.9727722772277227,0.1114,0.1704,0.0738,0.49,0.82,1763.0,1.0,0,0,1,0,0,0,1,1,0
Bailey,,2.0,28.57143,37.0,23.3,,413,18.789808917,770,10.9,,104.52441,48259,85.132237312,6697,,,2022,73.054474708,29.416156488,130.0,0.913978494623656,0.9032258064516128,0.956989247311828,0.9354838709677415,0.9247311827956988,0.1143,0.1758,0.0766,0.8,0.96,957.0,1.0,1,0,0,1,0,0,1,0,1
Bandera,,5.0,21.63378,40.0,21.3,,588,15.245009074,3540,16.0,,58.67315,64389,51.036070606,23861,,,2022,84.603886398,16.550018859,182.0,0.962025316455696,0.9556962025316452,0.962025316455696,0.962025316455696,0.9556962025316452,0.1146,0.174,0.0756,0.51,0.77,1704.0,1.0,1,0,1,0,0,0,0,1,0
Bastrop,,24.0,27.050480000000004,42.0,16.4,4.3982407037,3524,15.094016362,10230,12.1,44.881529314,43.66765,74612,69.31923006,91601,,,2022,82.860199442,25.401469416,1429.0,0.9488768396591788,0.9419054996127032,0.9690162664601086,0.9527498063516652,0.9364833462432224,0.124,0.188,0.0827,0.75,0.85,2290.0,1.0,0,0,0,0,0,0,1,0,0
Delta,,1.0,18.75821,44.0,21.5,,165,12.790697674,950,18.1,61.653200746,56.08525,50456,60.397196262,5349,,,2022,69.554695063,23.06973266,81.0,1.0,0.9852941176470588,1.0,1.0,1.0,0.1283,0.1937,0.0866,0.57,0.85,1783.0,1.0,0,0,1,0,0,0,1,0,1
Bee,,7.0,21.49547,33.0,26.1,7.9904115062,681,9.8424627836,5400,16.6,47.317412578,64.58955,46316,81.059212946,32513,,,2022,68.384515825,20.671731307,309.0,0.984,0.9813333333333332,0.9893333333333332,0.9866666666666668,0.9813333333333332,0.1183,0.18,0.0772,0.97,0.99,1548.0,1.0,0,0,0,1,0,0,1,1,0
Bexar,,1531.0,76.41421,39.0,20.5,6.1205886183,49744,9.5222781185,270950,13.9,44.347527864,116.88243,60477,62.528289072,2026823,,,2022,84.235937328,25.065484258,26609.0,0.9428302504501556,0.9567441479783924,0.9686937305614663,0.9459404157799964,0.93967916189229,0.1005,0.1587,0.0641,0.83,0.87,856.0,1.0,0,0,0,1,0,0,1,0,0
Blanco,,5.0,41.90764,46.0,14.6,,471,20.924033763,1500,13.1,,40.75312,66383,44.278903456,12269,,,2022,87.824222937,17.230418127,99.0,0.888888888888889,0.8803418803418804,0.905982905982906,0.888888888888889,0.888888888888889,0.1008,0.1475,0.0669,0.28,0.68,2454.0,1.0,1,1,0,0,0,0,0,1,0
Bosque,,10.0,53.51887000000001,33.0,19.2,,639,15.781674488,3010,16.5,31.720917319,37.62834,58056,65.567911041,18603,,,2022,74.803583735,20.722464119,179.0,0.9032258064516128,0.9447004608294928,0.9677419354838712,0.9032258064516128,0.8986175115207374,0.1248,0.188,0.085,0.62,0.89,2658.0,1.0,0,0,0,0,0,0,1,1,0
Bowie,,67.0,71.85372,44.0,23.4,9.200968523,2073,9.2153811958,15100,16.2,47.805947013,186.13408,50326,62.107033961,93481,,,2022,73.117871832,23.532054642,995.0,0.9477503628447024,0.9571843251088537,0.9716981132075472,0.9542815674891144,0.951378809869376,0.1356,0.2056,0.0926,0.85,0.86,537.0,1.0,0,0,0,1,0,0,1,0,0
Brazoria,,240.0,64.12586,44.0,10.0,4.6175704475,10494,10.229765166,41090,11.4,46.79054136,68.59071,83576,47.46164688,380518,,,2022,90.025285061,25.916776605,4827.0,0.967369589345172,0.9682574916759156,0.9800221975582688,0.9695893451720312,0.9655937846836852,0.1074,0.1608,0.071,0.51,0.69,1458.0,1.0,0,0,1,0,0,0,0,0,0
Brazos,,195.0,85.07445,54.0,19.5,5.0300767476,5607,11.466726655,34500,15.5,38.329016679,71.38096,53570,58.681626928,232555,,,2022,82.959982334,20.583947883,2752.0,0.976948868398994,0.9765297569153394,0.980720871751886,0.9756915339480302,0.9685666387259012,0.1055,0.1682,0.0691,0.65,0.81,1401.0,1.0,0,0,0,0,0,0,1,0,0
Briscoe,,1.0,64.68305,32.0,22.8,,64,20.578778135,230,15.8,,67.2495,50062,55.989583333,1487,,,2022,70.068027211,20.712844654,13.0,0.857142857142857,0.857142857142857,0.857142857142857,0.857142857142857,0.857142857142857,0.1241,0.1883,0.0824,0.46,0.95,1487.0,1.0,1,0,1,0,0,0,1,0,1
Brooks,,,,38.0,45.0,,164,8.4318766067,1570,22.0,,28.71913,33513,84.130146082,6964,,,2022,64.202020202,27.800114877,102.0,0.9894736842105264,1.0,1.0,1.0,1.0,0.0992,0.1603,0.0642,1.0,0.99,3482.0,1.0,1,0,0,1,0,0,1,0,1
Brown,,22.0,58.10267999999999,40.0,22.3,7.5839653304,1116,13.397358944,5670,15.0,44.298342625,87.689,48752,62.399270184,37633,,,2022,78.534282195,20.939069434,374.0,0.9626168224299064,0.960280373831776,0.969626168224299,0.9672897196261682,0.9579439252336448,0.1278,0.1901,0.086,0.63,0.72,1140.0,1.0,0,0,0,0,0,0,0,0,0
Burleson,,8.0,43.37689,43.0,19.9,,617,14.732569245,2470,13.7,27.199626601,37.80923,64836,62.825144509,18514,,,2022,76.367046602,21.556659825,210.0,0.9674418604651162,0.9534883720930236,0.9767441860465113,0.9720930232558138,0.9534883720930236,0.1225,0.1864,0.0827,0.61,0.83,2645.0,1.0,0,0,0,0,0,0,1,1,0
Bell,,280.0,77.15114,36.0,21.4,6.5978802555,10103,9.8867762044,52720,15.1,43.960578608,186.25296,53639,57.983467788,369927,,,2022,88.011642425,27.429465814,6092.0,0.9594102341717258,0.967215958369471,0.9717259323503904,0.9618386816999132,0.9543798785776236,0.1244,0.1993,0.0815,0.81,0.83,537.0,1.0,0,0,0,1,0,0,1,0,0
Denton,,479.0,53.98966,54.0,7.6,4.2977309677,22582,9.9096885175,93820,11.3,40.090277784,73.09719,90880,32.847341868,919324,,,2022,93.371592062,23.866667247,11506.0,0.9098013676326928,0.9115380440681649,0.931618365353305,0.910778248127646,0.9017692391186368,0.0949,0.1412,0.0617,0.22,0.63,1368.0,1.0,0,1,0,0,0,0,0,0,0
Camp,,11.0,84.00794,35.0,24.8,,500,14.302059497,2080,16.2,30.709870992,38.28484,43130,77.017615731,13060,,,2022,75.538116592,26.003062787,163.0,0.9617834394904456,0.9617834394904456,0.974522292993631,0.9617834394904456,0.9554140127388536,0.1285,0.1874,0.0874,0.9,0.98,2612.0,1.0,0,0,0,1,0,0,1,1,0
Hall,,,,27.0,36.7,,106,15.844544096,580,19.2,,34.02518,36654,78.494623656,2939,,,2022,70.207667732,20.959510037,21.0,0.84375,0.84375,0.84375,0.84375,0.8125,0.1241,0.1883,0.0824,0.95,1.0,2939.0,1.0,1,0,0,1,0,0,1,0,1
Hamilton,,8.0,94.55147,23.0,20.9,,359,18.815513627,1430,17.1,,81.80436999999999,52840,53.748558247,8557,,,2022,74.26005986,21.339254412,74.0,0.988636363636364,0.988636363636364,0.988636363636364,0.988636363636364,0.988636363636364,0.1264,0.1929,0.0847,0.61,0.78,1222.0,1.0,1,0,0,0,0,0,0,0,1
Hansford,,3.0,55.56585,45.0,15.4,,402,23.914336704,840,15.2,,75.77193,61059,57.337151038,5279,,,2022,75.632060247,29.266906611,71.0,0.9125,0.9375,0.9625,0.9375,0.925,0.1241,0.1883,0.0824,0.76,0.83,1320.0,1.0,1,0,0,0,0,0,1,0,1
Hardeman,,5.0,127.12942,34.0,23.6,,166,19.168591224,660,16.6,,49.86288,63479,81.680440771,4011,,,2022,70.813397129,21.366242832,38.0,1.0,1.0,1.0,1.0,1.0,0.1293,0.1898,0.087,0.73,0.96,2006.0,1.0,1,0,0,0,0,0,1,0,1
Hardin,,12.0,20.83261,43.0,12.9,6.2578222778,1643,11.162443101,8850,15.6,72.798951919,60.02916,69151,47.208500326,58305,,,2022,83.684160846,24.406140125,647.0,0.9483793517406964,0.9519807923169268,0.965186074429772,0.95078031212485,0.95078031212485,0.1338,0.1949,0.0899,0.25,0.81,1666.0,1.0,0,1,0,0,0,0,1,0,0
Harrison,,20.0,30.05124,46.0,21.9,6.8382220623,2196,12.913848868,10430,15.7,45.665664738,64.77269,55198,47.736709899,66386,,,2022,72.677320582,24.728105323,795.0,0.9596174282678002,0.9606801275239104,0.971307120085016,0.9628055260361316,0.9564293304994688,0.1276,0.1901,0.0861,0.73,0.94,1544.0,1.0,0,0,0,0,0,0,1,0,0
Hartley,,,,40.0,9.1,,257,21.239669421,670,11.8,,,74686,65.855039638,5443,,,2022,85.097575399,21.091309939,75.0,0.9130434782608696,0.9565217391304348,1.0,0.9130434782608696,0.9130434782608696,0.1241,0.1883,0.0824,0.53,0.74,,,1,0,1,0,0,0,0,0,1
Haskell,,3.0,53.022270000000006,38.0,25.6,,162,16.463414634,1040,18.2,5.5975525434,17.37921,44847,73.987730061,5754,,,2022,71.97039778,17.257559958,33.0,0.9636363636363638,0.9454545454545455,0.9818181818181818,0.9818181818181818,0.9636363636363638,0.1278,0.1901,0.086,0.98,0.99,5754.0,1.0,0,0,0,1,0,0,1,0,1
Hays,,98.0,42.57334,49.0,9.9,3.6802174159,6390,11.620294599,25610,12.0,49.043805255,61.73223,77511,46.116541259,241365,,,2022,87.259527658,22.772150063,3250.0,0.9577224684623252,0.9566996249573816,0.9635185816570064,0.9611319468121382,0.9560177292874188,0.1018,0.157,0.0664,0.49,0.73,1620.0,1.0,0,0,1,0,0,0,0,0,0
Hidalgo,,402.0,46.27567,45.0,32.5,4.3081601622,41968,14.877837807,153810,18.0,83.638571377,94.72121,46653,85.765984729,875200,,,2022,72.829857552,31.794104205,14400.0,0.9694026498989444,0.9784976420390749,0.9883786211542784,0.9716483269705818,0.9685043790702894,0.1074,0.1741,0.0695,0.98,0.99,1056.0,1.0,0,0,0,1,0,0,1,0,0
Hill,,9.0,24.55729,38.0,20.4,,1179,13.508249313,5450,15.3,47.745960301,45.9385,56565,63.524962179,37006,,,2022,81.533526806,22.980057288,431.0,0.9295454545454545,0.9431818181818182,0.9477272727272726,0.9318181818181818,0.925,0.1248,0.188,0.085,0.87,0.93,2177.0,1.0,0,0,0,1,0,0,1,0,0
Hockley,,14.0,60.81404,34.0,19.5,,844,13.777342475,3320,14.4,41.846530848,52.35374,55469,61.847555924,22921,,,2022,76.756287944,25.932550936,285.0,0.9672131147540984,0.96448087431694,0.9754098360655736,0.9726775956284152,0.9672131147540984,0.1143,0.1758,0.0766,0.9,0.97,1910.0,1.0,0,0,0,1,0,0,1,1,0
Hopkins,,11.0,29.66239,48.0,18.9,,1374,14.839615509,5640,15.5,54.260671509,96.8523,53634,60.256965497,37170,,,2022,82.647624686,24.272262577,459.0,0.9864559819413088,0.9864559819413088,0.9977426636568848,0.9909706546275392,0.9864559819413088,0.1283,0.1937,0.0866,0.71,0.76,1033.0,1.0,0,0,0,0,0,0,0,0,0
Houston,,4.0,17.41553,39.0,27.7,,603,13.142981691,4110,17.9,38.683084853,61.30939,45989,69.972451791,22835,,,2022,67.342725285,19.483249398,257.0,0.9136690647482014,0.9352517985611511,0.949640287769784,0.9280575539568344,0.9208633093525178,0.1365,0.206,0.093,0.91,0.97,1631.0,1.0,0,0,0,1,0,0,1,1,0
Howard,,10.0,27.27471,37.0,17.8,,998,12.175186044,5620,15.5,44.230992106,112.2058,58445,52.832428765,36540,,,2022,79.20556632,21.483305966,379.0,0.9361702127659576,0.9404255319148936,0.9680851063829788,0.9595744680851064,0.9638297872340424,0.1235,0.1873,0.0822,0.92,0.97,891.0,1.0,0,0,0,1,0,0,1,1,0
Hudspeth,,,,26.0,33.1,,231,22.669283611,770,17.3,,,40666,86.979166667,4906,,,2022,58.828748891,19.832857725,25.0,0.9,0.9666666666666665,1.0,0.9333333333333336,0.9333333333333336,0.1166,0.1765,0.0789,0.98,0.98,,,1,0,0,1,0,0,1,0,1
Hutchinson,,6.0,28.65603,40.0,15.4,,810,14.586709887,3460,16.2,65.519667941,53.19921000000001,62536,51.694708608,20677,,,2022,83.163698049,24.858538473,215.0,0.9330985915492956,0.9507042253521124,0.9401408450704224,0.936619718309859,0.9295774647887322,0.1241,0.1883,0.0824,0.66,0.86,1880.0,1.0,0,0,0,0,0,0,1,1,0
Irion,,0.0,0.0,45.0,7.4,,49,13.315217391,230,14.1,,0.0,73776,35.254237288,1564,,,2022,65.880503145,21.803069054,18.0,0.894736842105263,0.894736842105263,0.894736842105263,0.894736842105263,0.894736842105263,0.1235,0.1873,0.0822,0.2,0.88,1564.0,0.0,1,1,0,0,0,0,1,0,1
Jack,,4.0,44.767770000000006,37.0,18.4,,364,18.12749004,1390,15.7,,55.21201000000001,56028,65.278628291,9056,,,2022,73.745661092,21.643109541,96.0,0.9528301886792452,0.9716981132075472,1.0,0.9528301886792452,0.9528301886792452,0.1293,0.1898,0.087,0.65,0.98,1811.0,1.0,1,0,0,0,0,0,1,0,1
Jackson,,2.0,13.55014,39.0,17.5,,645,16.517285531,2190,14.8,34.328414959,74.05413,56101,54.262144821,14854,,,2022,76.401299756,25.380368924,209.0,0.9791666666666664,0.9916666666666668,0.9916666666666668,0.9875,0.9916666666666668,0.1134,0.1709,0.0762,0.68,0.93,1350.0,1.0,0,0,0,0,0,0,1,1,0
Jeff Davis,,1.0,43.97537,22.0,59.7,,17,20.238095238,220,10.0,,45.04505,55718,45.833333333,2220,,,2022,63.16851665,6.3063063063,14.0,1.0,0.888888888888889,1.0,1.0,0.888888888888889,0.1166,0.1765,0.0789,0.36,0.89,2220.0,1.0,1,1,0,0,0,0,1,0,1
Dickens,,1.0,45.2284,31.0,27.7,,69,16.428571429,400,18.1,,46.72897,42034,68.695652174,2140,,,2022,82.694541231,17.056074766,18.0,0.8666666666666669,0.9333333333333336,1.0,1.0,0.9333333333333336,0.1143,0.1758,0.0766,0.88,0.93,2140.0,1.0,1,0,0,1,0,0,1,0,1
Hale,,11.0,32.92822,37.0,24.6,,1302,14.262241209,4730,14.0,43.217151832,67.16737,46589,75.851872712,32754,,,2022,75.881704629,26.619649508,442.0,0.9785202863961816,0.9880668257756564,0.992840095465394,0.9809069212410504,0.9832935560859184,0.1143,0.1758,0.0766,0.93,0.97,1489.0,1.0,0,0,0,1,0,0,1,1,0
Henderson,,25.0,30.216230000000003,52.0,22.6,8.6275762901,2479,13.715834901,13820,17.0,54.833479654,52.51098,52660,67.036435786,83792,,,2022,78.896647603,21.202501432,967.0,0.94921875,0.951171875,0.9609375,0.953125,0.9541015625,0.1398,0.2105,0.0948,0.72,0.9,1904.0,1.0,0,0,0,0,0,0,1,0,0
Gregg,,107.0,86.32861,49.0,26.3,7.5115870225,4496,13.850040047,20510,16.6,34.926050453,160.993,51394,62.659967769,124229,,,2022,83.152856586,25.553614695,1735.0,0.9511784511784512,0.9601571268237936,0.9685746352413024,0.9567901234567896,0.9511784511784512,0.1265,0.1924,0.0851,0.88,0.79,621.0,1.0,0,0,0,1,0,0,0,0,0
Donley,,,,19.0,24.8,,107,16.31097561,520,15.6,50.436046512,120.91898,57526,54.320987654,3308,,,2022,67.038690476,19.92140266,18.0,0.9148936170212768,0.9148936170212768,0.9148936170212768,0.9148936170212768,0.9148936170212768,0.1241,0.1883,0.0824,0.45,0.82,827.0,1.0,0,0,1,0,0,0,1,0,1
Grimes,,8.0,27.700830000000003,49.0,20.6,,1084,16.386999244,4210,15.0,43.89797853,33.76781,57795,64.20552677,29614,,,2022,77.460351944,21.895049639,359.0,0.9710144927536232,0.9507246376811592,0.9768115942028984,0.9710144927536232,0.9652173913043478,0.1225,0.1864,0.0827,0.86,0.9,2961.0,1.0,0,0,0,1,0,0,1,1,0
Eastland,,5.0,27.233120000000003,37.0,23.2,,603,15.204236006,3260,17.8,47.508972565,54.38329,50317,61.843515541,18388,,,2022,72.338606242,21.051772895,204.0,0.9211822660098524,0.940886699507389,0.9605911330049264,0.916256157635468,0.916256157635468,0.1278,0.1901,0.086,0.81,0.98,1839.0,1.0,0,0,0,1,0,0,1,1,0
Edwards,,1.0,51.75983,30.0,31.8,,81,18.75,250,13.1,,0.0,45330,65.700483092,1923,,,2022,48.284625159,22.256890276,20.0,0.9428571428571432,0.9714285714285712,0.9714285714285712,0.9714285714285712,0.9714285714285712,0.107,0.1724,0.0705,0.44,0.92,1923.0,0.0,1,0,1,0,0,0,1,0,1
El Paso,,419.0,49.92624,31.0,22.7,4.4294285811,27003,11.734567499,121760,14.6,51.955968232,89.74356,48522,75.909332025,841286,,,2022,82.664747024,26.530930029,11597.0,0.9288590604026848,0.9521572387344202,0.9562799616490896,0.9275167785234898,0.9285714285714288,0.0965,0.1577,0.0608,0.95,0.96,1114.0,1.0,0,0,0,1,0,0,1,0,0
Ellis,,76.0,41.11976,52.0,11.1,5.8931377685,6519,12.748357322,20050,11.5,35.942945446,65.18565,79849,48.252319109,191760,,,2022,90.065489318,26.35951189,2820.0,0.9480980012894904,0.9461637653127014,0.960348162475822,0.9539007092198578,0.9484203739522888,0.1147,0.169,0.0766,0.39,0.7,1534.0,1.0,0,1,0,0,0,0,0,0,0
Erath,,24.0,56.20872,48.0,15.5,6.160164271,1483,16.321813779,6200,14.8,79.694197952,55.52471,61453,53.559711286,43224,,,2022,86.678819323,20.870349806,520.0,0.9789719626168224,0.9626168224299064,0.976635514018692,0.9789719626168224,0.9742990654205608,0.1134,0.1689,0.0762,0.63,0.87,1801.0,1.0,0,0,0,0,0,0,1,0,0
Fannin,,7.0,19.71054,43.0,17.5,,1110,14.212548015,5100,14.8,40.200701224,47.33662,59746,56.998043749,35913,,,2022,74.699378581,21.184529279,371.0,0.9192708333333336,0.9244791666666664,0.9557291666666664,0.9244791666666664,0.9192708333333336,0.1317,0.1945,0.0881,0.58,0.86,2113.0,1.0,0,0,1,0,0,0,1,1,0
Fayette,,8.0,31.56317,47.0,14.4,,894,16.919000757,3350,13.3,22.112172227,58.71531,63713,47.517730496,25547,,,2022,65.393556958,20.178494539,242.0,0.957142857142857,0.975,0.9785714285714282,0.957142857142857,0.960714285714286,0.124,0.188,0.0827,0.44,0.84,1703.0,1.0,0,0,1,0,0,0,1,1,0
Fisher,,1.0,26.10966,10.0,17.6,,143,16.686114352,600,15.6,18.079693759,105.70825,52828,55.635062612,3784,,,2022,75.596658711,21.405919662,31.0,0.9459459459459464,0.9729729729729732,0.9729729729729732,0.9459459459459464,0.9459459459459464,0.1278,0.1901,0.086,0.43,0.91,946.0,1.0,0,0,1,0,0,0,1,0,1
Floyd,,3.0,52.52101,34.0,29.5,,242,15.633074935,760,13.0,43.037974684,88.15233,44256,77.01048951,5672,,,2022,73.580586081,25.81100141,63.0,0.9852941176470588,0.9852941176470588,0.9852941176470588,0.9852941176470588,0.9852941176470588,0.1143,0.1758,0.0766,0.83,0.97,1134.0,1.0,0,0,0,1,0,0,1,0,1
Foard,,0.0,0.0,33.0,29.9,,44,18.181818182,180,14.4,,88.10573,40955,77.391304348,1135,,,2022,68.958742633,18.766519824,,1.0,1.0,1.0,1.0,1.0,0.1293,0.1898,0.087,0.48,0.93,1135.0,1.0,1,0,1,0,0,0,1,0,1
Duval,,,,36.0,32.1,,337,11.697327317,1930,17.2,,45.21613,40601,79.765949415,11058,,,2022,65.688288817,26.035449448,144.0,0.9575757575757576,0.9454545454545455,0.9636363636363638,0.9575757575757576,0.9575757575757576,0.1146,0.1867,0.0742,1.0,1.0,2212.0,1.0,1,0,0,1,0,0,1,1,0
Franklin,,3.0,27.97203,43.0,20.4,,361,13.954387321,1520,14.1,67.750839768,27.72387,58927,59.949302915,10821,,,2022,84.393939394,22.964605859,103.0,1.0,0.9912280701754382,1.0,1.0,1.0,0.1283,0.1937,0.0866,0.53,0.79,3607.0,1.0,0,0,1,0,0,0,0,1,0
Grayson,,62.0,45.51728,51.0,20.8,6.3785823376,4853,14.536033068,20780,15.9,43.363208633,93.26335,59554,54.843292938,138318,,,2022,78.987167271,23.642620628,1687.0,0.9373354397051084,0.9399684044233806,0.9568193786203264,0.9368088467614532,0.9310163243812531,0.1317,0.1945,0.0881,0.66,0.79,1072.0,1.0,0,0,0,0,0,0,0,0,0
Gray,,10.0,45.69131,45.0,18.0,,833,14.588441331,3520,15.7,74.1690297,55.406780000000005,54141,58.462694041,21658,,,2022,76.794593905,24.859174439,240.0,0.952755905511811,0.9606299212598424,0.9685039370078736,0.952755905511811,0.952755905511811,0.1241,0.1883,0.0824,0.84,0.95,1805.0,1.0,0,0,0,1,0,0,1,1,0
Gonzales,,8.0,38.39324,37.0,22.3,,888,15.56802244,2850,13.8,32.867319504,62.05843,55363,75.817757009,20948,,,2022,77.213663764,26.689898797,298.0,0.975,0.975,0.9785714285714282,0.975,0.975,0.1134,0.1709,0.0762,0.9,0.98,1611.0,1.0,0,0,0,1,0,0,1,1,0
Glasscock,,0.0,0.0,42.0,9.9,,70,18.469656992,170,11.3,,0.0,85001,32.679738562,1439,,,2022,85.747126437,24.878387769,17.0,0.9333333333333336,0.9333333333333336,0.9333333333333336,0.9333333333333336,0.8666666666666669,0.1235,0.1873,0.0822,0.18,0.81,1439.0,0.0,1,0,0,0,1,0,1,0,1
Jefferson,,134.0,53.26655,42.0,25.9,8.6384204031,7233,11.73369239,42130,16.6,53.32229461,133.93196,48808,66.204902868,250127,,,2022,78.405948177,24.240485833,3263.0,0.9521711768407805,0.9509125235997484,0.97136563876652,0.9584644430459408,0.9540591567023284,0.1231,0.1913,0.0827,0.86,0.95,747.0,1.0,0,0,0,1,0,0,1,0,0
Garza,,1.0,16.053939999999997,35.0,23.4,,148,14.41090555,940,15.5,38.598698163,16.072,50934,68.008474576,6222,,,2022,82.545242265,16.200578592,55.0,0.9636363636363638,0.9636363636363638,0.9636363636363638,0.9636363636363638,0.9636363636363638,0.1143,0.1758,0.0766,0.72,0.96,6222.0,1.0,0,0,0,0,0,0,1,0,1
Galveston,,261.0,76.28478,47.0,14.1,4.7870295957,9688,11.262366166,46810,14.1,48.013386483,102.00267,78465,47.353076326,345089,,,2022,88.811859046,23.905137515,3881.0,0.9553896892900536,0.9538274605103282,0.9678875195278598,0.95764624197188,0.9538274605103282,0.1049,0.1574,0.0689,0.58,0.73,980.0,1.0,0,0,1,0,0,0,0,0,0
Frio,,4.0,19.69861,34.0,28.8,,596,12.319140141,3000,15.1,,78.51219,47007,80.837563452,20379,,,2022,65.268564092,22.694931056,209.0,0.9793814432989688,0.9793814432989688,0.9896907216494844,0.9793814432989688,0.9742268041237112,0.1146,0.174,0.0756,0.99,0.99,1274.0,1.0,1,0,0,1,0,0,1,1,0
Freestone,,6.0,30.43059,37.0,16.7,,666,14.409346603,3430,17.4,22.623845474,45.2853,54502,59.107192064,19874,,,2022,68.467933492,22.59233169,212.0,0.96031746031746,0.9484126984126984,0.96031746031746,0.964285714285714,0.964285714285714,0.1248,0.188,0.085,0.84,0.97,2208.0,1.0,0,0,0,1,0,0,1,1,0
Gillespie,,33.0,122.27657,54.0,15.2,,1168,20.890717224,3500,13.2,,63.05638,64365,50.82010582,26960,,,2022,83.14232902,19.56231454,248.0,0.9028776978417264,0.89568345323741,0.9100719424460432,0.9064748201438848,0.89568345323741,0.1008,0.1475,0.0669,0.36,0.61,1586.0,1.0,1,1,0,0,0,0,0,1,0
Nacogdoches,8.1241283124,46.0,71.03918,52.0,25.7,3.7787701821,1907,12.706556503,12130,18.6,45.035971127,108.24519,46970,70.233170365,64668,51.946867075,46.460231852,2023,,,,0.9530791788856304,0.9530791788856304,0.9618768328445748,0.9574780058651028,0.9560117302052786,0.125,0.1935,0.0836,0.98,0.9,924.0,1.0,0,0,0,1,0,0,1,0,0
Motley,,0.0,0.0,35.0,29.9,,34,13.991769547,180,13.3,,93.72071,47835,70.05988024,1067,48.828491097,100.0,2023,,,,1.0,1.0,1.0,1.0,1.0,0.1143,0.1758,0.0766,0.7,0.87,1067.0,1.0,1,0,0,0,0,0,1,0,1
Morris,9.6993210475,3.0,24.20721,43.0,29.3,,328,11.577832686,2340,18.9,17.221640045,49.875310000000006,44957,80.604796663,12030,51.729010806,78.421215401,2023,,,,0.984,0.976,0.984,0.984,0.984,0.1283,0.1937,0.0866,0.73,0.97,2005.0,1.0,0,0,0,0,0,0,1,1,0
Moore,7.411310151,8.0,38.73342,40.0,15.6,,1498,22.492492492,2180,10.3,43.918762241,28.41178,61833,61.268641042,21118,47.651292736,16.814280497,2023,,,,0.9262536873156342,0.9262536873156342,0.9557522123893806,0.943952802359882,0.9410029498525072,0.1241,0.1883,0.0824,0.7,0.88,3520.0,1.0,0,0,0,0,0,0,1,1,0
Menard,8.064516129,1.0,47.08098,27.0,32.9,,87,21.914357683,350,16.8,,0.0,41507,59.856630824,1982,49.293642785,100.0,2023,,,,1.0,1.0,1.0,1.0,1.0,0.1235,0.1873,0.0822,0.59,0.97,1982.0,0.0,1,0,1,0,0,0,1,0,1
Mitchell,9.8283931357,4.0,48.76859,31.0,25.3,,242,13.109425785,1100,13.3,,44.10143,44476,52.714398112,9070,40.551267916,36.74359247,2023,,,,0.9716981132075472,0.9528301886792452,0.9716981132075472,0.9622641509433962,0.9716981132075472,0.1278,0.1901,0.086,0.62,0.97,2268.0,1.0,1,0,0,0,0,0,1,0,1
Montague,7.9867986799,6.0,30.05711,37.0,21.2,,694,15.011897037,3210,16.4,,24.499,54988,53.805620609,20409,50.120045078,58.943151275,2023,,,,0.8440366972477065,0.8532110091743119,0.8899082568807339,0.8486238532110092,0.8394495412844036,0.1293,0.1898,0.087,0.58,0.93,4082.0,1.0,1,0,1,0,0,0,1,1,0
Mills,8.2706766917,1.0,20.66116,20.0,22.5,,177,18.1724846,650,13.4,,66.96429,54948,53.105196451,4480,48.794642857,100.0,2023,,,,0.8909090909090909,0.8545454545454545,0.9090909090909092,0.8727272727272727,0.8909090909090909,0.1264,0.1929,0.0847,0.77,0.95,1493.0,1.0,1,0,0,0,0,0,1,0,1
Milam,6.8126520681,2.0,8.09454,46.0,22.7,,783,13.530326594,3850,15.5,20.180449818,79.66223,53320,65.912689437,25106,50.159324464,56.182089914,2023,,,,0.96028880866426,0.9530685920577616,0.967509025270758,0.96028880866426,0.9530685920577616,0.1225,0.1864,0.0827,0.76,0.95,1255.0,1.0,0,0,0,0,0,0,1,1,0
Newton,9.1814159292,,,34.0,27.3,,317,12.220508867,2860,20.8,36.487988626,16.33853,44030,71.331828442,12241,47.929090761,100.0,2023,,,,0.8947368421052632,0.8736842105263158,0.9157894736842104,0.9052631578947368,0.9052631578947368,0.1428,0.2169,0.0983,0.72,0.96,6121.0,1.0,0,0,0,0,0,0,1,1,0
Panola,9.3312597201,6.0,25.87657,37.0,19.3,,745,13.684790595,3720,16.0,18.741245383,52.92172,54244,52.213305721,22675,50.116868798,72.718103883,2023,,,,0.935483870967742,0.939516129032258,0.9435483870967742,0.935483870967742,0.935483870967742,0.1282,0.1918,0.0871,0.7,0.92,1890.0,1.0,0,0,0,0,0,0,1,1,0
Nueces,8.7519372778,299.0,82.33558,47.0,24.9,5.1223676722,7447,8.2434855764,55000,15.2,44.515363198,126.88379,59337,66.344249307,353079,50.334344438,6.447241956,2023,,,,0.9638970002654632,0.9673480222989116,0.97690469869923,0.9662861693655428,0.964958853198832,0.1011,0.1589,0.0646,0.84,0.89,788.0,1.0,0,0,0,1,0,0,1,0,0
Ochiltree,6.9026548673,4.0,41.67535,37.0,16.8,,736,23.997391588,1270,12.8,,61.33715,60914,52.27379278,9782,49.611531384,13.90981121,2023,,,,0.926829268292683,0.91869918699187,0.943089430894309,0.926829268292683,0.91869918699187,0.1241,0.1883,0.0824,0.58,0.9,1630.0,1.0,1,0,1,0,0,0,1,1,0
Orange,9.4438749359,14.0,16.8923,45.0,18.6,7.4674906656,2094,9.8070438366,14220,17.0,75.047685948,40.12178,65908,54.424511187,84742,50.351655614,35.171132862,2023,,,,0.9322191272051996,0.9266480965645312,0.9415041782729804,0.9350046425255338,0.9303621169916436,0.1338,0.1949,0.0899,0.58,0.86,2492.0,1.0,0,0,1,0,0,0,1,0,0
Palo Pinto,7.5533661741,12.0,40.92769,48.0,22.3,,828,12.034883721,4580,15.9,64.313991082,59.26236,57580,73.354883399,28686,50.780868716,50.215218242,2023,,,,0.96398891966759,0.96398891966759,0.969529085872576,0.9667590027700832,0.96398891966759,0.1134,0.1689,0.0762,0.88,0.93,1687.0,1.0,0,0,0,1,0,0,1,1,0
Parker,6.5535564464,60.0,40.48638,49.0,9.5,5.048099819,4616,12.017077996,16790,12.1,60.026562206,56.13534000000001,85613,32.795346551,156764,49.901125258,56.084565584,2023,,,,0.92363813229572,0.9182879377431906,0.933852140077821,0.9280155642023348,0.9226653696498056,0.1198,0.1716,0.0811,0.26,0.68,1781.0,1.0,0,1,0,0,0,0,0,0,0
Pecos,9.009009009,8.0,50.89706,20.0,28.9,,730,18.415741675,2150,13.7,,85.99021,49291,64.439058172,15118,42.763593068,39.77558522,2023,,,,0.9823529411764704,0.976470588235294,1.0,0.9882352941176472,0.9823529411764704,0.1166,0.1765,0.0789,0.82,0.98,1163.0,1.0,1,0,0,1,0,0,1,1,0
Polk,7.9787234043,27.0,50.9482,48.0,24.7,6.408470326,1476,13.65907829,9150,18.2,47.025053732,55.87776,50827,66.002675784,51899,46.050983641,77.638561645,2023,,,,0.6294896030245747,0.724007561436673,0.7504725897920604,0.6332703213610587,0.6465028355387523,0.1365,0.206,0.093,0.91,0.97,1790.0,1.0,0,0,0,1,0,0,1,0,0
Potter,9.6440596441,100.0,86.20392,51.0,28.3,7.3083501788,3426,10.884137624,19010,16.1,56.389120499,244.53654,45904,70.701435738,116547,48.355599029,8.9962254177,2023,,,,0.9558701082431308,0.9596169858451292,0.970857618651124,0.9633638634471274,0.9587843463780183,0.1281,0.2007,0.0864,0.92,0.87,409.0,1.0,0,0,0,1,0,0,1,0,0
Presidio,8.322324967,3.0,46.09711,18.0,35.0,,434,24.259362772,1950,28.7,,32.57329,39791,94.674556213,6140,48.794788274,40.470708621,2023,,,,0.9692307692307692,1.0,1.0,0.9692307692307692,0.953846153846154,0.1166,0.1765,0.0789,1.0,0.99,3070.0,1.0,1,0,0,1,0,0,1,0,1
Medina,8.2891566265,13.0,24.82906,39.0,19.6,5.9701492537,1382,11.123631681,6180,12.2,71.187362681,21.16158,62907,55.025613849,51981,47.871337604,61.555014563,2023,,,,0.9020618556701032,0.9309278350515464,0.9371134020618556,0.9030927835051548,0.91340206185567,0.1146,0.174,0.0756,0.67,0.95,4726.0,1.0,0,0,0,0,0,0,1,0,0
Nolan,8.0,6.0,40.44489,35.0,25.0,,478,12.294238683,2320,15.6,54.784256086,89.0594,44342,61.619047619,14597,49.3526067,32.656414301,2023,,,,0.9836065573770492,0.9781420765027322,0.9836065573770492,0.9836065573770492,0.9781420765027322,0.1278,0.1901,0.086,0.89,0.96,1123.0,1.0,0,0,0,1,0,0,1,1,0
Maverick,8.3267352864,13.0,22.26866,27.0,28.0,6.915813273,2663,14.710269016,11660,20.1,84.828082438,48.2293,41815,83.333333333,58056,49.671007303,9.2557779498,2023,,,,0.8766730401529637,0.8996175908221797,0.95697896749522,0.8766730401529637,0.8565965583173997,0.107,0.1724,0.0705,0.97,1.0,2073.0,1.0,0,0,0,1,0,0,1,0,0
Karnes,8.2516339869,4.0,25.70364,45.0,25.0,,427,12.154853402,2060,13.2,42.071679251,33.88911,48470,65.744203441,14754,41.62938864,38.390447922,2023,,,,0.8434065934065934,0.8571428571428571,0.8983516483516484,0.8461538461538461,0.8406593406593407,0.1134,0.1709,0.0762,0.84,0.97,2951.0,1.0,0,0,0,1,0,0,1,1,0
Mason,,,,45.0,20.8,,210,23.153252481,520,12.2,,76.0842,56690,47.346368715,3943,49.277200101,100.0,2023,,,,0.96,0.96,0.96,0.96,0.96,0.1235,0.1873,0.0822,0.36,0.81,1314.0,1.0,1,1,0,0,0,0,1,0,1
Kendall,7.6547842402,41.0,84.49601,53.0,9.2,,1470,12.518095887,4700,10.3,,132.51261,102832,23.795791947,46788,50.414636232,58.159233762,2023,,,,0.9007891770011274,0.910935738444194,0.9143179255918829,0.8996617812852311,0.8974069898534386,0.1008,0.1475,0.0669,0.23,0.47,755.0,1.0,1,1,0,0,0,1,0,0,0
Kenedy,,0.0,0.0,36.0,23.4,,29,39.726027397,40,10.9,,0.0,42379,52.808988764,340,48.235294118,100.0,2023,,,,1.0,1.0,1.0,1.0,1.0,0.0992,0.1603,0.0642,0.73,0.99,340.0,0.0,1,0,0,0,0,0,1,0,1
Kent,,0.0,0.0,25.0,15.8,,28,14.893617021,100,14.1,,0.0,54154,38.636363636,749,47.396528705,100.0,2023,,,,1.0,1.0,1.0,1.0,1.0,0.1278,0.1901,0.086,0.44,0.91,749.0,0.0,1,0,1,0,0,0,1,0,1
Kerr,8.3084442031,45.0,85.11604,53.0,20.1,6.0109289617,1484,14.706173818,7690,14.7,61.072780424,116.62685,60834,58.270398341,53161,51.511446361,41.102267003,2023,,,,0.9168241965973536,0.9111531190926276,0.9319470699432892,0.9206049149338374,0.9130434782608696,0.1008,0.1475,0.0669,0.7,0.6,857.0,1.0,0,0,0,0,0,0,0,0,0
King,,0.0,0.0,,14.5,,22,27.848101266,60,23.2,,0.0,74890,21.25984252,258,47.674418605,100.0,2023,,,,0.75,0.75,0.5,0.75,0.5,0.1143,0.1758,0.0766,0.2,0.68,258.0,0.0,1,0,0,0,1,0,0,0,1
Kinney,6.7226890756,,,28.0,24.7,,109,15.013774105,600,16.2,,63.89776,50567,64.161849711,3130,44.313099042,20.455808783,2023,,,,1.0,1.0,1.0,1.0,1.0,0.107,0.1724,0.0705,0.86,0.98,1565.0,1.0,1,0,0,1,0,0,1,0,1
Kleberg,8.2252559727,13.0,42.85055,42.0,32.0,,849,11.300412618,5490,17.9,49.461018366,52.22783999999999,49226,70.935765266,30635,49.198629019,18.870278532,2023,,,,0.9470198675496688,0.9536423841059604,0.956953642384106,0.9470198675496688,0.9503311258278144,0.0992,0.1603,0.0642,0.98,0.99,1915.0,1.0,0,0,0,1,0,0,1,1,0
Knox,6.8322981366,1.0,27.15178,14.0,28.6,,174,17.827868852,490,13.3,39.368795812,179.05103,45558,61.096605744,3351,50.402864816,100.0,2023,,,,0.9361702127659576,0.9361702127659576,0.9361702127659576,0.9361702127659576,0.9361702127659576,0.1278,0.1901,0.086,0.8,0.93,559.0,1.0,0,0,0,0,0,0,1,0,1
Lamar,8.4627159414,20.0,40.07614,50.0,25.2,7.0609002648,1610,13.386546936,9020,18.1,45.626298291,139.72614000000002,50787,60.81048581,50098,51.45514791,47.082923302,2023,,,,0.9625187406296852,0.9610194902548724,0.9655172413793104,0.9640179910044976,0.9640179910044976,0.1283,0.1937,0.0866,0.84,0.94,716.0,1.0,0,0,0,1,0,0,1,0,0
Matagorda,8.5547290117,14.0,38.12117,42.0,31.7,,1313,13.637307852,6400,17.4,61.405185157,77.0416,50054,72.004591764,36344,49.72485142,36.417633916,2023,,,,0.9763779527559056,0.9763779527559056,0.984251968503937,0.9783464566929134,0.9744094488188976,0.1114,0.1704,0.0738,0.91,0.94,1298.0,1.0,0,0,0,1,0,0,1,1,0
Lamb,8.5894405043,4.0,31.47128,32.0,26.3,,547,15.522133939,1980,15.2,30.81841909,62.02512,48981,69.924541861,12898,49.9612343,57.687629677,2023,,,,0.9629629629629628,0.9629629629629628,0.9814814814814816,0.9814814814814816,0.9629629629629628,0.1143,0.1758,0.0766,0.9,0.99,1612.0,1.0,0,0,0,1,0,0,1,1,0
Lavaca,7.1911493546,14.0,69.25208,47.0,15.9,,591,12.046473706,2480,12.4,37.637176067,77.88162,54421,37.42280774,20544,50.910241433,81.316513523,2023,,,,0.9615384615384616,0.9583333333333334,0.971153846153846,0.9647435897435898,0.9647435897435898,0.1134,0.1709,0.0762,0.69,0.91,1284.0,1.0,0,0,0,0,0,0,1,1,0
Leon,7.3342736248,,,43.0,23.8,,708,17.633872976,3010,17.4,41.965456189,31.33028,51582,58.362760835,15959,49.909142177,100.0,2023,,,,0.9285714285714286,0.945054945054945,0.945054945054945,0.934065934065934,0.9285714285714286,0.1225,0.1864,0.0827,0.62,0.92,3192.0,1.0,0,0,0,0,0,0,1,1,0
Liberty,8.5500490677,19.0,20.75437,39.0,22.0,6.8758594824,3306,12.773849542,14420,16.7,38.264390733,40.97479,57174,77.039155735,97621,50.224849162,63.227264915,2023,,,,0.9701879455605964,0.9643551523007128,0.9766688269604666,0.9753726506804924,0.966299416720674,0.1377,0.2028,0.0929,0.94,0.97,2441.0,1.0,0,0,0,1,0,0,1,0,0
Limestone,10.221550856,9.0,38.56041,41.0,24.5,,651,12.799842705,3860,16.5,29.147404479,63.294,50381,74.421768707,22119,48.225507482,53.617858365,2023,,,,0.8098591549295775,0.8697183098591549,0.897887323943662,0.8169014084507042,0.8098591549295775,0.1248,0.188,0.085,0.95,0.98,1580.0,1.0,0,0,0,1,0,0,1,1,0
Lipscomb,5.3691275168,,,38.0,19.0,,224,27.757125155,430,13.0,,34.118050000000004,64249,67.213114754,2931,48.515864893,100.0,2023,,,,0.925,0.95,0.95,0.925,0.925,0.1241,0.1883,0.0824,0.46,0.87,2931.0,1.0,1,0,1,0,0,0,1,0,1
Llano,8.0576759966,15.0,68.31223,42.0,23.1,,489,14.399293286,3150,14.7,68.222322912,54.60005,61037,63.660762211,21978,51.305851306,45.179006269,2023,,,,0.9574468085106383,0.9645390070921984,0.9716312056737588,0.9574468085106383,0.9787234042553192,0.1264,0.1929,0.0847,0.47,0.76,1832.0,1.0,0,0,1,0,0,0,0,1,0
Lubbock,8.5707294907,258.0,81.96409,49.0,17.6,5.0146259925,6894,9.0741569484,45900,14.9,50.933616777,169.81978,57270,60.029784649,314451,50.614563159,11.335540166,2023,,,,0.909795812871543,0.927371413802016,0.9446885500129232,0.912121995347635,0.9072111656758852,0.109,0.1714,0.0711,0.75,0.74,589.0,1.0,0,0,0,0,0,0,0,0,0
Lynn,9.7276264591,5.0,82.98755,37.0,23.2,,250,14.95215311,910,15.4,,52.74262,50374,51.526479751,5688,47.55625879,56.720202874,2023,,,,0.875,0.890625,0.90625,0.890625,0.90625,0.1143,0.1758,0.0766,0.89,0.99,1896.0,1.0,1,0,0,1,0,0,1,0,1
Madison,8.0589254766,2.0,13.8629,42.0,23.4,,372,11.907810499,1950,13.6,50.343784446,29.15877,48251,72.359290671,13718,42.484327161,67.403395785,2023,,,,0.9597989949748744,0.9698492462311558,0.9748743718592964,0.964824120603015,0.9597989949748744,0.1225,0.1864,0.0827,0.84,0.96,3430.0,1.0,0,0,0,1,0,0,1,1,0
Martin,7.6452599388,1.0,17.19395,25.0,20.1,,396,20.700470465,660,11.7,,76.7607,69505,48.59375,5211,49.664171944,100.0,2023,,,,0.9239130434782608,0.9239130434782608,0.9565217391304348,0.9347826086956522,0.9239130434782608,0.1235,0.1873,0.0822,0.42,0.89,1303.0,1.0,1,0,1,0,0,0,1,0,1
Lampasas,6.0264900662,9.0,41.30525,24.0,19.4,,599,12.269561655,3020,14.3,27.811875028,44.93978,64401,53.117408907,22252,50.319072443,68.267520455,2023,,,,0.9251968503937008,0.9488188976377953,0.9409448818897638,0.9173228346456692,0.9133858267716536,0.1264,0.1929,0.0847,0.54,0.88,2225.0,1.0,0,0,1,0,0,0,1,1,0
Randall,7.9570268146,88.0,62.90252,51.0,10.8,5.8808267751,2960,8.4390591589,16120,11.9,49.911101825,69.51492,72082,41.689089489,143854,50.600608951,14.375647132,2023,,,,0.9466501240694788,0.9454094292803972,0.9503722084367244,0.9491315136476428,0.9416873449131512,0.1021,0.1521,0.0667,0.22,0.6,1439.0,1.0,0,1,0,0,0,0,0,0,0
Young,5.2062204192,16.0,89.3655,40.0,21.1,,595,13.853317811,2500,13.9,68.022147032,77.87729,53715,56.195244055,17977,49.819213439,33.568733154,2023,,,,0.947136563876652,0.9427312775330396,0.9691629955947136,0.9515418502202644,0.9559471365638766,0.1293,0.1898,0.087,0.55,0.84,1284.0,1.0,0,0,1,0,0,0,1,1,0
Real,6.5843621399,2.0,58.63383,35.0,29.7,,100,16.920473773,730,21.3,,106.15711,46907,65.425531915,2826,48.973814579,100.0,2023,,,,0.9615384615384616,0.9615384615384616,1.0,0.9615384615384616,1.0,0.107,0.1724,0.0705,0.72,0.93,942.0,1.0,1,0,0,0,0,0,1,0,1
Tom Green,8.3862770013,84.0,69.99417,52.0,16.5,5.228398459,3312,11.286804798,15990,13.5,40.663404541,112.21747,60750,51.60510692,119411,49.969433302,15.64087676,2023,,,,0.9721695129664768,0.9759645793801393,0.9822896900695762,0.9753320683111956,0.9728020240354206,0.1078,0.1675,0.0704,0.66,0.89,891.0,1.0,0,0,0,0,0,0,1,0,0
Travis,7.4831298567,1112.0,85.50538,55.0,13.8,4.0891632738,25866,9.0846190859,158120,12.6,49.586314182,119.67936,84519,50.130630438,1305154,49.213196297,5.463522171,2023,,,,0.8904997560465603,0.9200529727469158,0.9416602774099114,0.8953091238586464,0.8902906530982087,0.0916,0.1391,0.0588,0.38,0.69,836.0,1.0,0,1,0,0,0,0,0,0,0
Trinity,8.3248730964,2.0,13.43815,40.0,27.3,,335,11.290866195,2830,19.2,58.626081099,57.85781,46569,74.559082892,13827,51.131843495,77.236887213,2023,,,,0.88125,0.9,0.925,0.9,0.9,0.1365,0.206,0.093,0.8,0.97,1728.0,1.0,0,0,0,1,0,0,1,1,0
Tyler,8.4210526316,4.0,18.52624,35.0,23.3,,458,10.896978349,4240,19.7,53.281067373,54.78906,46955,65.136830103,20077,45.997908054,78.131030047,2023,,,,0.9324324324324323,0.9324324324324323,0.9369369369369368,0.9324324324324323,0.9369369369369368,0.1428,0.2169,0.0983,0.88,0.98,1825.0,1.0,0,0,0,1,0,0,1,1,0
Upton,8.3102493075,2.0,55.20287,18.0,20.9,,201,18.767507003,360,9.9,36.786570743,122.51149,49340,59.003831418,3265,49.862174579,100.0,2023,,,,1.0,1.0,1.0,1.0,1.0,0.1235,0.1873,0.0822,0.65,0.96,816.0,1.0,0,0,0,0,0,0,1,0,1
Uvalde,7.0916905444,8.0,29.91549,37.0,31.1,,1042,14.400221117,4250,15.8,77.206461781,101.09588,48438,72.76794398,24729,50.592421853,31.384207536,2023,,,,0.967741935483871,0.956989247311828,0.9811827956989247,0.967741935483871,0.9489247311827956,0.107,0.1724,0.0705,0.95,0.98,989.0,1.0,0,0,0,1,0,0,1,1,0
Val Verde,6.5708778693,17.0,34.67406,31.0,27.8,3.4019391053,1966,14.105323576,7420,15.1,65.540514508,75.68749,50532,68.58968336,47564,48.631317803,10.157736451,2023,,,,0.9202363367799112,0.9335302806499262,0.9734121122599704,0.930576070901034,0.914327917282127,0.107,0.1724,0.0705,0.97,0.99,1321.0,1.0,0,0,0,1,0,0,1,0,0
Van Zandt,7.144530335,6.0,10.4288,41.0,19.1,6.2111801242,1768,13.065326633,8290,14.8,50.455415417,40.79967,59929,52.782512785,61275,50.64871481,75.018543525,2023,,,,0.9431818181818182,0.9375,0.9460227272727272,0.9460227272727272,0.9360795454545454,0.1285,0.1874,0.0874,0.56,0.89,2451.0,1.0,0,0,1,0,0,0,1,0,0
Walker,8.5135135135,21.0,29.10038,47.0,24.8,,1017,9.5197978096,10900,15.1,26.785320535,58.99175,43012,56.663710393,77977,41.846954871,45.582882657,2023,,,,0.9458041958041958,0.9388111888111887,0.9527972027972028,0.944055944055944,0.9388111888111887,0.1365,0.206,0.093,0.7,0.9,1695.0,1.0,0,0,0,0,0,0,1,0,0
Waller,7.5902566333,7.0,12.18408,47.0,17.7,6.0962333987,2367,16.812273599,6950,13.0,56.774232793,5.01832,65437,68.371351484,59781,50.076111139,61.641013772,2023,,,,0.9614485981308412,0.955607476635514,0.9661214953271028,0.9626168224299064,0.963785046728972,0.1114,0.1704,0.0738,0.83,0.9,19927.0,1.0,0,0,0,1,0,0,1,0,0
Ward,9.3111279334,2.0,16.53302,26.0,20.0,,613,16.863823934,1480,12.6,27.420688856,89.33357,58461,56.059938299,11194,49.267464713,27.88515669,2023,,,,0.9378531073446328,0.9322033898305084,0.943502824858757,0.9491525423728814,0.9378531073446328,0.1166,0.1765,0.0789,0.65,0.96,1119.0,1.0,0,0,0,0,0,0,1,1,0
Washington,8.0931263858,22.0,61.50233,52.0,19.8,7.1942446043,1082,13.927146351,4460,12.7,42.499055901,78.01398999999999,66601,60.25664528,35891,51.04065086,53.490717124,2023,,,,0.951219512195122,0.948509485094851,0.962059620596206,0.948509485094851,0.9376693766937668,0.1225,0.1864,0.0827,0.73,0.86,1282.0,1.0,0,0,0,0,0,0,1,1,0
Wharton,9.0703517588,17.0,40.78206,42.0,22.7,6.6820868671,1688,15.464956482,5990,14.4,38.010056694,83.89061,56522,67.04730832,41721,50.459001462,49.895833333,2023,,,,0.9645390070921984,0.9680851063829788,0.973404255319149,0.9680851063829788,0.9627659574468084,0.1114,0.1704,0.0738,0.88,0.96,1192.0,1.0,0,0,0,1,0,0,1,0,0
Wheeler,6.9915254237,1.0,20.21836,35.0,22.0,,253,20.063441713,840,16.1,31.430706712,101.48163,49282,54.737810488,4927,49.725999594,100.0,2023,,,,0.9852941176470588,0.9558823529411764,1.0,0.9852941176470588,0.9705882352941176,0.1241,0.1883,0.0824,0.7,0.91,985.0,1.0,0,0,0,0,0,0,1,0,1
Wichita,7.7820003455,110.0,82.57948,47.0,19.3,7.6250856751,3392,11.072302921,22270,16.8,43.970747554,140.69455,53148,56.779282631,130069,47.977611883,10.666920152,2023,,,,0.9666444296197464,0.971314209472982,0.9819879919946632,0.9733155436957972,0.9659773182121414,0.1296,0.2018,0.0855,0.82,0.83,711.0,1.0,0,0,0,1,0,0,1,0,0
Wilbarger,9.3892433911,4.0,31.86743,50.0,21.0,,368,13.208901651,2340,18.4,20.353131021,54.9839,48117,58.734402852,12731,50.490927657,21.891392686,2023,,,,0.9803921568627452,0.9607843137254902,0.9869281045751634,0.9803921568627452,0.954248366013072,0.1293,0.1898,0.087,0.91,0.93,1819.0,1.0,0,0,0,1,0,0,1,1,0
Williamson,7.2903772233,420.0,67.97711,56.0,7.3,4.139179925,13130,8.0369220976,61070,10.7,37.253358242,81.64522000000001,96653,27.378079956,643026,50.27323934,11.98994982,2023,,,,0.9390838786436644,0.9369422962522308,0.9505056513979774,0.9418203450327186,0.9352766210588936,0.0946,0.1402,0.061,0.2,0.58,1225.0,1.0,0,1,0,0,0,1,0,0,0
Wilson,7.4371321562,22.0,42.28899,41.0,13.4,,1663,12.900473198,5400,10.8,43.244644874,52.67573,78794,41.408195608,51257,49.556158183,85.861410131,2023,,,,0.9750415973377704,0.9700499168053244,0.978369384359401,0.9767054908485856,0.9733777038269552,0.1134,0.1709,0.0762,0.44,0.78,1898.0,1.0,0,0,1,0,0,0,0,0,0
Winkler,9.6511627907,2.0,25.35818,25.0,21.6,,422,17.760942761,950,12.1,15.775255237,53.94471,62477,60.727056019,7415,47.943358058,18.129395218,2023,,,,0.9402985074626866,0.9029850746268656,0.9850746268656716,0.9552238805970148,0.9552238805970148,0.1166,0.1765,0.0789,0.65,0.99,1854.0,1.0,0,0,0,0,0,0,1,0,1
Wise,6.2408223201,28.0,39.39002,48.0,13.7,5.2299368801,2299,12.767257178,9260,13.6,62.741026339,99.00438,77668,49.338612436,71714,49.606771342,72.107497421,2023,,,,0.9154518950437318,0.9300291545189504,0.9446064139941692,0.9256559766763848,0.922740524781341,0.1293,0.1898,0.087,0.58,0.81,1010.0,1.0,0,0,1,0,0,0,1,0,0
Yoakum,6.0941828255,2.0,22.98322,20.0,19.0,,792,26.568265683,1160,13.4,23.628617078,78.87472,66816,63.653939101,7607,48.968055738,37.327071963,2023,,,,0.911504424778761,0.9292035398230089,0.9557522123893806,0.9203539823008848,0.911504424778761,0.1143,0.1758,0.0766,0.49,0.93,1268.0,1.0,0,0,1,0,0,0,1,0,1
Titus,6.8019093079,12.0,36.44536,38.0,20.6,,1486,15.671799198,4680,14.3,30.298536395,128.27502,49513,70.286123033,31183,50.768046692,50.556689553,2023,,,,0.9668615984405458,0.9649122807017544,0.9844054580896686,0.97270955165692,0.97270955165692,0.1283,0.1937,0.0866,0.89,0.92,780.0,1.0,0,0,0,1,0,0,1,1,0
Terry,9.4296577947,5.0,41.04079,41.0,31.0,,553,16.581709145,2140,17.2,36.647524804,34.03097,42225,80.792261631,11754,46.29913221,24.669986562,2023,,,,0.9183673469387756,0.9319727891156464,0.9591836734693876,0.9183673469387756,0.91156462585034,0.1143,0.1758,0.0766,0.99,0.99,2939.0,1.0,0,0,0,1,0,0,1,1,0
Terrell,,0.0,0.0,11.0,21.4,,27,20.454545455,80,9.1,,138.12155,44343,57.024793388,724,49.171270718,100.0,2023,,,,1.0,1.0,1.0,1.0,1.0,0.1166,0.1765,0.0789,0.47,0.91,724.0,1.0,1,0,1,0,0,0,1,0,1
Reeves,7.9521463758,5.0,31.34993,33.0,26.3,,495,13.506139154,1850,11.9,53.607494754,48.31918,46275,66.129032258,14487,39.131635259,14.496118407,2023,,,,0.859375,0.875,0.96875,0.859375,0.8541666666666666,0.1166,0.1765,0.0789,0.78,0.98,2070.0,1.0,0,0,0,0,0,0,1,1,0
Refugio,8.4837545126,1.0,14.54122,31.0,28.3,,183,11.656050955,1110,15.8,49.839105961,74.00829,46695,62.870890136,6756,50.651272943,60.679940404,2023,,,,0.9195402298850576,0.9310344827586208,0.942528735632184,0.942528735632184,0.9310344827586208,0.1183,0.18,0.0772,0.94,0.99,1351.0,1.0,0,0,0,1,0,0,1,0,1
Roberts,,0.0,0.0,50.0,9.1,,30,15.075376884,100,12.8,,125.47051,73224,36.41025641,797,50.313676286,100.0,2023,,,,1.0,1.0,1.0,1.0,1.0,0.1241,0.1883,0.0824,0.09,0.67,797.0,1.0,1,0,0,0,1,0,0,0,1
Rockwall,7.7597840756,78.0,70.98136,54.0,6.9,3.4857219466,2959,9.4691030113,8920,8.8,45.663801956,97.95413,120696,26.775269493,116381,50.153375551,16.035845131,2023,,,,0.9302569480859988,0.9302569480859988,0.9396958573675932,0.9318300996329312,0.9307813319349764,0.1122,0.1653,0.0743,0.11,0.51,1021.0,1.0,0,0,0,0,1,1,0,0,0
Runnels,7.6523994812,7.0,67.30122,42.0,23.1,,380,15.079365079,1420,13.8,33.30775087,110.63059,48190,58.574277168,9943,48.677461531,40.758023045,2023,,,,0.9710144927536232,0.9710144927536232,0.9855072463768116,0.9710144927536232,0.9637681159420288,0.1278,0.1901,0.086,0.54,0.92,904.0,1.0,0,0,1,0,0,0,1,1,0
Rusk,7.6757532281,11.0,20.24888,47.0,23.8,5.0810549238,1582,13.087359365,7310,13.5,25.081078958,47.39965,53186,65.445321308,52743,46.324630757,65.872867054,2023,,,,0.9481765834932822,0.963531669865643,0.9750479846449136,0.9539347408829176,0.9520153550863724,0.1282,0.1918,0.0871,0.8,0.94,2110.0,1.0,0,0,0,0,0,0,1,0,0
Sabine,8.2517482517,2.0,19.03493,40.0,27.6,,256,13.319458897,2180,20.8,22.881532285,139.45612,46233,58.810572687,10039,49.825679849,100.0,2023,,,,0.8571428571428571,0.8991596638655462,0.907563025210084,0.8487394957983193,0.8739495798319328,0.1428,0.2169,0.0983,0.53,0.93,717.0,1.0,0,0,1,0,0,0,1,1,0
San Jacinto,9.2156862745,2.0,6.82571,44.0,27.7,,909,14.382911392,4710,16.5,25.637641304,10.76117,52302,64.828183656,27878,49.6592295,100.0,2023,,,,0.9754098360655736,0.9672131147540984,0.9795081967213116,0.9795081967213116,0.9754098360655736,0.1365,0.206,0.093,0.69,0.89,9293.0,1.0,0,0,0,0,0,0,1,1,0
San Patricio,8.8519233625,18.0,26.838030000000003,44.0,24.1,4.7754066557,2090,11.616919571,10840,16.2,42.271461259,70.3023,58227,68.104943625,69699,49.214479404,19.650021604,2023,,,,0.9713679745493108,0.9703075291622482,0.9787910922587488,0.9713679745493108,0.9724284199363732,0.1183,0.18,0.0772,0.83,0.97,1422.0,1.0,0,0,0,1,0,0,1,0,0
San Saba,5.5944055944,2.0,33.11807,28.0,27.3,,206,17.038875103,860,14.3,,68.64596,45437,71.23015873,5827,45.769692809,49.355733159,2023,,,,1.0,1.0,1.0,1.0,1.0,0.1264,0.1929,0.0847,0.73,0.97,1457.0,1.0,1,0,0,0,0,0,1,0,1
Reagan,8.7058823529,1.0,26.08923,24.0,18.0,,257,22.041166381,450,12.0,,92.22256,65162,66.666666667,3253,46.326467876,13.305613306,2023,,,,0.9855072463768116,0.9565217391304348,0.9855072463768116,0.9855072463768116,0.9710144927536232,0.1235,0.1873,0.0822,0.48,0.94,1084.0,1.0,1,0,1,0,0,0,1,0,1
Schleicher,6.8783068783,,,32.0,21.6,,163,24.148148148,390,13.6,,41.16921,52408,70.057581574,2429,49.567723343,100.0,2023,,,,1.0,1.0,1.0,1.0,1.0,0.1235,0.1873,0.0822,0.59,0.96,2429.0,1.0,1,0,1,0,0,0,1,0,1
Shackelford,6.22406639,,,42.0,18.8,,136,17.280813215,470,14.2,,93.39975,61351,51.690821256,3212,50.311332503,100.0,2023,,,,0.9333333333333332,0.9777777777777776,0.9777777777777776,0.9333333333333332,0.9333333333333332,0.1278,0.1901,0.086,0.69,0.72,1071.0,1.0,1,0,0,0,0,0,0,0,1
Shelby,8.1940481044,5.0,20.06823,43.0,29.2,,1032,15.992561599,4500,17.8,30.449629758,104.4321,43244,72.362787077,23939,50.043861481,79.432568375,2023,,,,0.9461756373937678,0.9461756373937678,0.9461756373937678,0.9461756373937678,0.9461756373937678,0.1428,0.2169,0.0983,0.95,0.99,958.0,1.0,0,0,0,1,0,0,1,1,0
Sherman,5.4054054054,,,39.0,17.2,,274,32.696897375,350,11.7,,35.73981,62557,60.0,2798,47.784131523,100.0,2023,,,,0.8857142857142857,0.9142857142857144,0.9428571428571428,0.9,0.8857142857142857,0.1241,0.1883,0.0824,0.46,0.87,2798.0,1.0,1,0,1,0,0,0,1,0,1
Smith,7.7431539188,236.0,100.08227,53.0,17.8,7.6468380559,6716,11.541501976,32930,14.3,41.227750129,166.11435999999998,62903,64.873837981,237186,51.508942349,31.60780873,2023,,,,0.9299826689774696,0.9285961871750432,0.9462738301559792,0.9341421143847488,0.9306759098786828,0.116,0.1766,0.0768,0.75,0.67,602.0,1.0,0,0,0,0,0,0,0,0,0
Starr,8.9909973109,16.0,24.89652,36.0,40.6,3.4005894355,2921,14.035846427,15100,23.6,,71.15929,33535,90.943331621,66049,50.862238641,23.705878494,2023,,,,0.9458937198067632,0.957487922705314,0.9893719806763284,0.9478260869565216,0.9458937198067632,0.1146,0.1867,0.0742,0.98,1.0,1405.0,1.0,1,0,0,1,0,0,1,0,0
Stephens,8.4269662921,3.0,32.14056,38.0,27.4,,302,14.56123433,1590,17.0,47.617133824,87.21247,46064,63.05278174,9173,46.898506486,39.366562825,2023,,,,0.9361702127659576,0.9148936170212766,0.946808510638298,0.946808510638298,0.9361702127659576,0.1278,0.1901,0.086,0.88,0.86,1147.0,1.0,0,0,0,1,0,0,1,0,1
Sterling,,0.0,0.0,59.0,16.1,,78,19.897959184,100,7.6,,72.4113,69212,39.50617284,1381,49.529326575,100.0,2023,,,,0.8518518518518519,0.8888888888888888,0.8518518518518519,0.8888888888888888,0.8888888888888888,0.1235,0.1873,0.0822,0.41,0.8,1381.0,1.0,1,0,1,0,0,0,1,0,1
Stonewall,,1.0,74.18398,11.0,22.7,,65,20.440251572,180,12.5,,493.01561,49813,57.276995305,1217,49.71240756,100.0,2023,,,,0.9285714285714286,0.9285714285714286,1.0,0.9285714285714286,0.8571428571428571,0.1278,0.1901,0.086,0.32,0.79,203.0,1.0,1,1,0,0,0,0,0,0,1
Swisher,9.3959731544,1.0,13.62398,28.0,29.4,,298,16.817155756,1300,17.6,25.487165234,42.80822,45509,72.860962567,7008,46.104452055,37.573211103,2023,,,,0.9315068493150684,0.9452054794520548,0.958904109589041,0.9452054794520548,0.9315068493150684,0.1241,0.1883,0.0824,0.97,1.0,2336.0,1.0,0,0,0,1,0,0,1,0,1
Tarrant,8.439296245,1244.0,58.58675,51.0,15.3,6.1974459625,69407,12.282250929,272440,13.1,48.418934656,103.31642,71399,58.57084249,2126477,50.896858983,1.2882013273,2023,,,,0.9181181765147096,0.9238686557213102,0.9451204267022252,0.9237436453037752,0.9133677806483874,0.1069,0.1641,0.0701,0.55,0.73,968.0,1.0,0,0,1,0,0,0,0,0,0
Taylor,9.1125586608,99.0,71.12069,46.0,20.6,5.1831617287,2951,8.3592997564,20460,14.9,38.960543609,180.00921,53820,54.881012234,143326,51.08912549,16.033488966,2023,,,,0.960482985729967,0.968715697036224,0.973655323819978,0.9621295279912184,0.960482985729967,0.1178,0.1846,0.0776,0.69,0.78,556.0,1.0,0,0,0,0,0,0,0,0,0
Johnson,6.8209583277,78.0,43.43589,49.0,12.8,6.3472563473,6538,13.608642258,22190,12.9,44.900670064,72.61854,76226,49.06062587,187280,49.832870568,37.874170167,2023,,,,0.9382142857142856,0.9407142857142856,0.9507142857142856,0.9432142857142856,0.9414285714285714,0.1346,0.1961,0.0907,0.51,0.73,1377.0,1.0,0,0,1,0,0,0,0,0,0
Dimmit,7.8651685393,2.0,20.15113,40.0,36.5,,318,11.418312388,2370,23.1,,94.41756,41838,82.381413359,8473,51.091703057,39.475790316,2023,,,,1.0,1.0,1.0,1.0,1.0,0.107,0.1724,0.0705,1.0,0.99,1059.0,1.0,1,0,0,1,0,0,1,0,1
Jim Hogg,7.9766536965,1.0,19.29012,38.0,37.1,,181,11.536010198,1020,19.7,,,37454,87.04028021,4801,48.052489065,17.396226415,2023,,,,0.9836065573770492,0.9836065573770492,0.9836065573770492,0.9836065573770492,0.9836065573770492,0.1146,0.1867,0.0742,0.99,1.0,,,1,0,0,1,0,0,1,0,1
Camp,6.6396761134,12.0,91.88361,38.0,26.0,,463,13.541971337,2160,16.7,26.539211383,47.55866,51024,78.355347252,12616,51.077996195,61.478912991,2023,,,,0.9760479041916168,0.9760479041916168,0.9820359281437124,0.9700598802395208,0.9820359281437124,0.1285,0.1874,0.0874,0.9,0.98,2103.0,1.0,0,0,0,1,0,0,1,1,0
Cass,8.8337684943,7.0,23.42783,42.0,29.9,,741,11.026785714,5230,17.4,30.386327196,59.523810000000005,42896,61.835205993,28560,51.37605042,74.011948529,2023,,,,0.9461756373937678,0.9405099150141644,0.9490084985835694,0.9490084985835694,0.9461756373937678,0.1356,0.2056,0.0926,0.78,0.98,1680.0,1.0,0,0,0,0,0,0,1,1,0
Castro,7.874015748,2.0,27.04164,28.0,21.0,,401,18.607888631,820,10.9,,54.24464,62236,63.929440389,7374,48.630322756,45.757876457,2023,,,,0.9772727272727272,0.9659090909090908,0.9886363636363636,0.9659090909090908,0.9772727272727272,0.1241,0.1883,0.0824,0.78,0.99,1844.0,1.0,1,0,0,0,0,0,1,0,1
Cherokee,7.6804619827,22.0,41.60757,44.0,25.1,8.3349486335,2107,15.681750521,7630,14.6,38.547949571,60.66891999999999,48664,66.013254924,51097,48.456856567,63.048480677,2023,,,,0.976627712854758,0.9749582637729548,0.9849749582637728,0.9816360601001668,0.979966611018364,0.1282,0.1918,0.0871,0.92,0.94,1648.0,1.0,0,0,0,1,0,0,1,0,0
Childress,8.8531187123,10.0,139.9972,29.0,24.0,,182,13.197969543,990,13.7,,133.61045,42758,63.791374122,6736,38.331353919,33.148700469,2023,,,,1.0,1.0,1.0,1.0,1.0,0.1241,0.1883,0.0824,0.75,0.92,748.0,1.0,1,0,0,0,0,0,1,0,1
Clay,5.0083472454,4.0,37.91469,49.0,15.1,,284,13.264829519,1580,15.1,,48.7187,60973,48.068669528,10263,49.741790899,74.600074405,2023,,,,0.9626168224299064,0.9626168224299064,0.9626168224299064,0.9626168224299064,0.9626168224299064,0.1293,0.1898,0.087,0.32,0.68,2053.0,1.0,1,1,0,0,0,0,0,1,0
Cochran,6.8965517241,1.0,34.51847,25.0,31.4,,156,20.526315789,540,19.0,,79.49126,42274,71.10799439,2516,49.682034976,100.0,2023,,,,0.903846153846154,0.9230769230769232,0.9230769230769232,0.903846153846154,0.9230769230769232,0.1143,0.1758,0.0766,0.86,0.99,1258.0,1.0,1,0,0,1,0,0,1,0,1
Coleman,10.093457944,5.0,61.72839999999999,26.0,31.8,,204,12.049616066,1370,16.6,39.690527228,64.64124,42253,66.587490103,7735,49.437621202,51.545812254,2023,,,,0.891566265060241,0.9156626506024096,0.9156626506024096,0.9156626506024096,0.9156626506024096,0.1278,0.1901,0.086,0.42,0.94,1547.0,1.0,0,0,1,0,0,0,1,0,1
Collin,7.4898187284,1050.0,97.94146,59.0,7.9,4.3124346118,23811,8.1150717239,109310,10.9,30.992999793,88.78177,102119,26.420675929,1109462,50.360805508,5.2427266371,2023,,,,0.9399698340874812,0.9349019607843138,0.947209653092006,0.9423227752639516,0.9350829562594268,0.083,0.1234,0.0542,0.15,0.49,1126.0,1.0,0,0,0,0,1,1,0,0,0
Collingsworth,7.7981651376,1.0,34.75843,12.0,27.1,,173,22.496749025,450,15.4,,152.96367,45734,65.498154982,2615,51.510516252,100.0,2023,,,,0.9032258064516128,0.9032258064516128,0.9032258064516128,0.9032258064516128,0.9032258064516128,0.1241,0.1883,0.0824,0.89,0.98,654.0,1.0,1,0,0,1,0,0,1,0,1
Colorado,8.5201793722,10.0,46.27487,43.0,21.8,,813,15.64665127,2390,11.2,15.797765604,38.77848,62004,62.854686156,20630,49.738245274,62.613777906,2023,,,,0.9771863117870724,0.9695817490494296,0.9809885931558936,0.973384030418251,0.9695817490494296,0.1114,0.1704,0.0738,0.68,0.93,2579.0,1.0,0,0,0,0,0,0,1,1,0
Comanche,6.8093385214,7.0,50.90909,29.0,24.7,,443,14.090330789,1970,14.5,,65.33575,49076,65.346956152,13775,49.793103448,71.461285244,2023,,,,0.9825581395348836,0.9883720930232558,0.994186046511628,0.9883720930232558,0.9883720930232558,0.1278,0.1901,0.086,0.73,0.92,1531.0,1.0,1,0,0,0,0,0,1,1,0
Concho,7.9545454545,1.0,35.37319,42.0,25.6,,89,16.920152091,420,13.8,,59.86232,48563,65.274725275,3341,45.794672254,100.0,2023,,,,0.9642857142857144,0.9285714285714286,0.9642857142857144,0.9285714285714286,0.9285714285714286,0.1235,0.1873,0.0822,0.43,0.96,1671.0,1.0,1,0,1,0,0,0,1,0,1
Cooke,6.1497326203,13.0,31.40628,45.0,19.3,,1527,15.597548519,5980,14.8,60.594965393,75.7504,58060,53.226044589,42244,50.246188808,59.03426386,2023,,,,0.9234972677595628,0.9562841530054644,0.9672131147540984,0.9289617486338798,0.930783242258652,0.1317,0.1945,0.0881,0.62,0.85,1320.0,1.0,0,0,0,0,0,0,1,0,0
Coryell,8.6995117621,13.0,16.94098,29.0,17.9,7.1075401731,1475,8.5161662818,11480,15.2,36.323802793,55.79827,59718,57.453682337,84232,50.010684775,19.423515679,2023,,,,0.9643835616438357,0.96986301369863,0.9753424657534246,0.9684931506849316,0.9643835616438357,0.1264,0.1929,0.0847,0.78,0.82,1792.0,1.0,0,0,0,0,0,0,1,0,0
Crane,8.9820359281,2.0,41.97272,14.0,17.9,,290,20.265548567,490,10.4,,21.36752,63555,54.959053685,4680,49.081196581,10.697142857,2023,,,,0.8636363636363636,0.9431818181818182,0.9545454545454546,0.8977272727272727,0.9318181818181818,0.1166,0.1765,0.0789,0.47,0.93,4680.0,1.0,1,0,1,0,0,0,1,0,1
Crockett,9.1194968553,2.0,56.9314,18.0,22.0,,186,20.43956044,490,14.5,,32.59452,53159,53.141361257,3068,49.380704042,22.748050551,2023,,,,1.0,1.0,1.0,1.0,1.0,0.1235,0.1873,0.0822,0.69,0.9,3068.0,1.0,1,0,0,0,0,0,1,0,1
Crosby,9.3808630394,2.0,35.92599,47.0,36.7,,202,14.03752606,910,15.8,20.604944832,58.75441,42728,81.048387097,5106,49.490795143,100.0,2023,,,,0.9838709677419356,0.9838709677419356,0.9838709677419356,0.9838709677419356,0.9838709677419356,0.1143,0.1758,0.0766,0.94,0.99,1702.0,1.0,0,0,0,1,0,0,1,0,1
Culberson,7.5471698113,1.0,46.53327,18.0,29.9,,111,22.334004024,430,19.8,,91.19927,48217,81.65374677,2193,49.110807114,100.0,2023,,,,0.972972972972973,0.972972972972973,0.972972972972973,0.972972972972973,0.972972972972973,0.1166,0.1765,0.0789,1.0,1.0,1097.0,1.0,1,0,0,1,0,0,1,0,1
Dallas,8.5008850863,1879.0,71.28527,55.0,20.3,6.3617250733,80404,11.775681498,373560,14.2,51.732681667,137.93237,63549,73.393637195,2586050,50.418708068,0.6883041916,2023,,,,0.9365238285943132,0.9438182962412036,0.9620687682361692,0.9405572401167116,0.9323759940500028,0.1078,0.1697,0.0704,0.75,0.83,725.0,1.0,0,0,0,0,0,0,1,0,0
Dawson,10.579937304,5.0,38.53862,32.0,27.8,,421,12.623688156,2330,18.1,18.853243491,48.33642,43627,72.663066057,12413,44.292274229,16.294368539,2023,,,,0.8368794326241135,0.8723404255319149,0.9078014184397164,0.8581560283687943,0.8581560283687943,0.1235,0.1873,0.0822,0.95,1.0,2069.0,1.0,0,0,0,1,0,0,1,1,0
Cameron,8.3524870983,219.0,51.62903,44.0,32.6,5.0383674846,16733,13.312594973,75390,17.9,80.079373763,88.8828,46436,85.421696284,423029,50.809518969,8.4208064596,2023,,,,0.9878858929269244,0.9867135599843688,0.9910121141070732,0.9898397811645174,0.988081281750684,0.105,0.1701,0.0683,0.98,0.98,1125.0,1.0,0,0,0,1,0,0,1,0,0
Callahan,11.451135242,2.0,14.17434,41.0,19.1,,373,12.036140691,1940,13.9,,63.76196,56708,49.699398798,14115,50.442791357,72.179562906,2023,,,,0.9239130434782608,0.9239130434782608,0.9239130434782608,0.9293478260869564,0.9130434782608696,0.1278,0.1901,0.086,0.3,0.8,1568.0,1.0,1,1,0,0,0,0,0,1,0
Caldwell,8.7528459398,11.0,25.011940000000003,44.0,19.4,5.6038105912,1460,14.218932606,5930,13.9,39.033710301,42.74326,60063,77.938767796,46791,49.141929003,42.292334367,2023,,,,0.966796875,0.96875,0.986328125,0.974609375,0.96484375,0.124,0.188,0.0827,0.87,0.97,2340.0,1.0,0,0,0,1,0,0,1,0,0
Zapata,8.0683156655,1.0,7.05617,38.0,44.6,,663,14.447592068,3040,21.4,,35.95053,37474,87.980493402,13908,50.035950532,23.534027679,2023,,,,0.9658536585365852,0.975609756097561,0.9951219512195122,0.9804878048780488,0.9853658536585366,0.1146,0.1867,0.0742,0.99,1.0,2782.0,1.0,1,0,0,1,0,0,1,1,0
Anderson,7.3565473271,23.0,39.78895,45.0,24.5,,1282,11.478198585,8060,13.9,47.602799748,77.05216,54515,64.514557193,58402,38.051779049,67.063532793,2023,,,,0.96229802513465,0.9587073608617596,0.96229802513465,0.96229802513465,0.9551166965888688,0.1398,0.2105,0.0948,0.79,0.95,1298.0,1.0,0,0,0,0,0,0,1,0,0
Andrews,7.3170731707,8.0,42.37513,24.0,15.4,,1195,19.430894309,2200,12.0,71.350793204,65.07592,70005,46.584302326,18440,48.926247289,16.502096578,2023,,,,0.9777070063694268,0.9554140127388536,0.9968152866242038,0.9840764331210192,0.9777070063694268,0.1166,0.1765,0.0789,0.47,0.88,1537.0,1.0,0,0,1,0,0,0,1,1,0
Angelina,8.9076884797,57.0,65.67123000000001,50.0,26.4,7.0544554455,2984,13.443258098,15170,17.4,41.273274278,115.59892,50620,74.279898847,86506,50.954847063,43.082366228,2023,,,,0.9480176211453744,0.9524229074889868,0.9691629955947136,0.9559471365638766,0.947136563876652,0.125,0.1935,0.0836,0.98,0.89,865.0,1.0,0,0,0,1,0,0,1,0,0
Archer,6.8965517241,,,48.0,12.5,,313,15.912557194,1200,13.7,,11.51941,69286,31.87032419,8681,50.420458473,88.988292467,2023,,,,0.9420289855072465,0.9492753623188406,0.9492753623188406,0.9420289855072465,0.9420289855072465,0.1293,0.1898,0.087,0.09,0.8,8681.0,1.0,1,0,0,0,1,0,1,0,1
Armstrong,,0.0,0.0,36.0,13.2,,77,17.539863326,210,10.5,,0.0,64401,31.329113924,1839,50.679717238,100.0,2023,,,,1.0,0.96,1.0,1.0,1.0,0.1241,0.1883,0.0824,0.16,0.56,1839.0,0.0,1,0,0,0,1,1,0,0,1
Atascosa,7.9859678085,10.0,19.33338,40.0,23.8,,1777,12.442234981,5830,11.6,79.225644182,56.0684,57905,61.99440346,49939,49.968962134,60.711184342,2023,,,,0.9690265486725664,0.9690265486725664,0.9778761061946902,0.971976401179941,0.971976401179941,0.1146,0.174,0.0756,0.85,0.95,1784.0,1.0,0,0,0,1,0,0,1,0,0
Austin,8.0698835275,5.0,16.68224,47.0,16.5,,1047,14.405613649,4030,13.5,28.248595886,59.24951,68150,53.472222222,30380,50.039499671,66.344089805,2023,,,,0.9477806788511748,0.9399477806788512,0.9556135770234988,0.9477806788511748,0.93733681462141,0.1114,0.1704,0.0738,0.49,0.82,1688.0,1.0,0,0,1,0,0,0,1,1,0
Bandera,8.0,5.0,20.9547,45.0,19.4,,546,13.694507148,3400,14.9,,69.55715000000001,69051,51.484751204,21565,50.081150012,100.0,2023,,,,0.9109947643979056,0.9214659685863874,0.9319371727748692,0.9319371727748692,0.9214659685863874,0.1146,0.174,0.0756,0.51,0.77,1438.0,1.0,1,0,1,0,0,0,0,1,0
Bastrop,7.604262597,24.0,26.20059,45.0,18.1,4.3982407037,3516,14.742138365,10440,12.0,42.292319466,47.03208,72809,72.02498763,102058,48.828117345,63.85244907,2023,,,,0.930928626247122,0.9462778204144282,0.9623944742900996,0.933231005372218,0.920951650038373,0.124,0.188,0.0827,0.75,0.85,2126.0,1.0,0,0,0,0,0,0,1,0,0
Baylor,9.6551724138,5.0,142.12621,35.0,25.2,,106,12.942612943,560,15.7,30.43688815,115.0417,45408,57.32689211,3477,50.589588726,100.0,2023,,,,0.9215686274509804,0.9803921568627452,1.0,0.9411764705882352,0.9607843137254902,0.1293,0.1898,0.087,0.16,0.78,869.0,1.0,0,0,0,0,1,0,0,0,1
Deaf Smith,6.9341474051,2.0,10.94271,34.0,24.1,,970,16.898954704,2000,10.8,,103.66087,50967,76.957605985,18329,49.811773692,17.711129465,2023,,,,0.9834983498349836,0.99009900990099,0.9933993399339934,1.0,0.9933993399339934,0.1241,0.1883,0.0824,0.84,0.9,965.0,1.0,1,0,0,1,0,0,1,1,0
Bee,9.736632083,5.0,15.37846,37.0,30.9,7.9904115062,610,9.0450771056,5500,16.9,66.47505981,71.14215,45431,80.309339679,30924,38.701332299,42.97730768,2023,,,,0.9647435897435898,0.967948717948718,0.9775641025641024,0.967948717948718,0.9647435897435898,0.1183,0.18,0.0772,0.97,0.99,1406.0,1.0,0,0,0,1,0,0,1,1,0
Bexar,8.8493981011,1505.0,74.25414,43.0,20.8,6.1205886183,51184,9.8073179331,288320,14.6,42.305089999,127.30274,63014,61.540029941,2028236,50.399509722,4.5390847652,2023,,,,0.9311357055020032,0.94133047721052,0.955730096394145,0.9334761394739974,0.929548970605736,0.1005,0.1587,0.0641,0.83,0.87,786.0,1.0,0,0,0,1,0,0,1,0,0
Blanco,6.3271604938,6.0,48.903740000000006,48.0,14.2,,427,19.139399372,1510,12.9,,50.479560000000006,69247,39.323076923,11886,49.957933704,100.0,2023,,,,0.8559322033898306,0.8559322033898306,0.8983050847457628,0.8559322033898306,0.8389830508474576,0.1008,0.1475,0.0669,0.28,0.68,1981.0,1.0,1,1,0,0,0,0,0,1,0
Borden,,0.0,0.0,28.0,12.0,,22,14.285714286,80,11.7,,0.0,69744,37.229437229,617,47.649918963,100.0,2023,,,,1.0,1.0,1.0,1.0,1.0,0.1235,0.1873,0.0822,0.06,0.72,617.0,0.0,1,0,0,0,1,0,0,0,1
Bosque,6.0392156863,11.0,59.13025,34.0,19.8,,586,14.779319042,2850,15.5,25.971333562,48.64076,56041,65.77977896,18503,50.386423823,81.215681968,2023,,,,0.8944444444444445,0.9222222222222224,0.9388888888888888,0.9055555555555556,0.8944444444444445,0.1248,0.188,0.085,0.62,0.89,2056.0,1.0,0,0,0,0,0,0,1,1,0
Brazoria,8.2835415535,244.0,64.12312,47.0,11.8,4.6175704475,8777,8.4860966083,42840,11.6,45.420277373,73.74455999999999,82165,51.388176589,379689,49.30851302,22.52862699,2023,,,,0.963084495488105,0.963084495488105,0.9729286300246104,0.965135356849877,0.9639048400328136,0.1074,0.1608,0.071,0.51,0.69,1356.0,1.0,0,0,1,0,0,0,0,0,0
Brazos,7.8270905466,203.0,87.29118,56.0,23.5,5.0300767476,5029,10.208058459,34030,15.0,38.333795888,77.20477,50494,57.559210109,237032,49.707212528,12.063576784,2023,,,,0.9605609114811569,0.962313759859772,0.9618755477651184,0.9592462751971954,0.9548641542506572,0.1055,0.1682,0.0691,0.65,0.81,1295.0,1.0,0,0,0,0,0,0,1,0,0
Brewster,5.5467511886,9.0,97.43423,13.0,20.8,,273,15.61784897,1460,15.8,,95.2381,51197,56.625441696,9450,48.497354497,34.867850953,2023,,,,0.8939393939393939,0.9242424242424242,0.9242424242424242,0.8939393939393939,0.8787878787878788,0.1166,0.1765,0.0789,0.66,0.84,1050.0,1.0,1,0,0,0,0,0,1,1,0
Briscoe,,1.0,67.2495,34.0,24.3,,61,19.365079365,210,15.4,,71.27584,49905,52.480417755,1403,48.966500356,100.0,2023,,,,1.0,1.0,1.0,1.0,1.0,0.1241,0.1883,0.0824,0.46,0.95,1403.0,1.0,1,0,1,0,0,0,1,0,1
Brown,8.3661065427,21.0,55.80209,43.0,22.3,7.5839653304,783,9.7740606666,5680,15.0,52.518803697,91.64223,48803,58.127235962,38192,50.201612903,40.40046187,2023,,,,0.9610091743119266,0.9564220183486238,0.9655963302752294,0.9610091743119266,0.9564220183486238,0.1278,0.1901,0.086,0.63,0.72,1091.0,1.0,0,0,0,0,0,0,0,0,0
Burleson,9.2682926829,7.0,37.80923,46.0,20.7,,519,12.714355708,2440,13.4,27.821782098,49.85873,57469,60.883977901,18051,50.39056008,76.65677547,2023,,,,0.9736842105263158,0.9824561403508772,0.9824561403508772,0.9780701754385964,0.9736842105263158,0.1225,0.1864,0.0827,0.61,0.83,2006.0,1.0,0,0,0,0,0,0,1,1,0
Burnet,7.132374523,21.0,42.29352,50.0,16.3,,1612,15.097873935,5760,12.1,70.950903274,76.53962,72510,60.967831392,50954,50.716332378,55.67251462,2023,,,,0.9158316633266532,0.9138276553106212,0.9278557114228456,0.9218436873747496,0.9218436873747496,0.1264,0.1929,0.0847,0.53,0.7,1307.0,1.0,0,0,1,0,0,0,0,0,0
Jim Wells,10.414114188,10.0,24.72066,43.0,29.3,4.8959608323,1274,11.431135038,7420,18.2,78.561748264,102.96805,43852,78.986915404,38847,50.353952686,40.085214751,2023,,,,0.901840490797546,0.9427402862985684,0.950920245398773,0.901840490797546,0.9079754601226994,0.0992,0.1603,0.0642,0.92,0.99,971.0,1.0,0,0,0,1,0,0,1,0,0
Delta,6.2231759657,1.0,18.69508,40.0,23.3,,172,13.607594937,870,16.5,64.290443611,55.63798,50329,65.685164213,5392,50.853115727,100.0,2023,,,,0.9701492537313432,0.9850746268656716,1.0,0.9701492537313432,0.9850746268656716,0.1283,0.1937,0.0866,0.57,0.85,1797.0,1.0,0,0,1,0,0,0,1,0,1
Dickens,11.382113821,1.0,46.72897,35.0,27.4,,65,17.015706806,350,16.2,,57.47126,42690,57.575757576,1740,44.08045977,100.0,2023,,,,0.8636363636363636,0.9090909090909092,1.0,0.8636363636363636,0.8636363636363636,0.1143,0.1758,0.0766,0.88,0.93,1740.0,1.0,1,0,0,1,0,0,1,0,1
Hamilton,8.040201005,8.0,93.49071,25.0,22.8,,316,16.889363976,1440,17.1,,97.21716,53759,52.56869773,8229,50.22481468,64.377128097,2023,,,,0.9464285714285714,0.9375,0.9553571428571428,0.9553571428571428,0.9375,0.1264,0.1929,0.0847,0.61,0.78,1029.0,1.0,1,0,0,0,0,0,0,0,1
Hardeman,4.3795620438,5.0,124.65719,37.0,26.3,,188,21.33938706,600,15.2,,84.45946,45677,76.326530612,3552,49.408783784,100.0,2023,,,,0.9473684210526316,0.9473684210526316,0.9736842105263158,0.9736842105263158,0.9473684210526316,0.1293,0.1898,0.087,0.73,0.96,1184.0,1.0,1,0,0,0,0,0,1,0,1
Hardin,8.9017102823,10.0,17.15119,46.0,15.1,6.2578222778,1706,11.509141199,9210,16.1,66.330426643,57.92217,67183,46.534464677,56973,50.566057606,51.547542784,2023,,,,0.8875154511742892,0.927070457354759,0.9406674907292956,0.892459826946848,0.8875154511742892,0.1338,0.1949,0.0899,0.25,0.81,1726.0,1.0,0,1,0,0,0,0,1,0,0
Harris,8.7783547757,2788.0,58.84025,51.0,23.0,5.9292286292,161681,12.748343979,695310,14.9,50.439585496,114.57203,63539,69.079986136,4728030,50.20824741,1.2132803285,2023,,,,0.9334318789549736,0.94357986347556,0.9506718264711256,0.9302097693035924,0.9266222657742198,0.1057,0.1669,0.0691,0.72,0.79,873.0,1.0,0,0,0,0,0,0,0,0,0
Harrison,8.479741843,21.0,31.63318,45.0,20.0,6.8382220623,2012,12.12632594,10630,16.0,41.23539529,66.52205,56645,51.609815524,69150,50.856109906,56.054303607,2023,,,,0.946808510638298,0.9444444444444444,0.966903073286052,0.953900709219858,0.9562647754137116,0.1276,0.1901,0.0861,0.73,0.94,1503.0,1.0,0,0,0,0,0,0,1,0,0
Haskell,8.8414634146,3.0,52.13764,38.0,27.4,,154,14.864864865,870,15.3,10.907424381,18.48087,43546,68.414322251,5411,46.220661615,47.61824038,2023,,,,0.9,0.9,0.92,0.88,0.92,0.1278,0.1901,0.086,0.98,0.99,5411.0,1.0,0,0,0,1,0,0,1,0,1
Hays,6.9996640161,103.0,42.67396,52.0,12.6,3.6802174159,6222,10.848982581,26660,12.0,51.110830383,66.95457999999999,79336,43.315629169,255397,50.197144054,31.712145226,2023,,,,0.9613857813063876,0.959942259112234,0.9635510645976182,0.9613857813063876,0.954168170335619,0.1018,0.157,0.0664,0.49,0.73,1494.0,1.0,0,0,1,0,0,0,0,0,0
Hemphill,4.8991354467,4.0,105.90416,35.0,14.9,,248,20.735785953,500,12.9,,122.28676000000002,65387,44.811858609,3271,50.290431061,26.95035461,2023,,,,0.9387755102040816,0.9387755102040816,0.9387755102040816,0.9387755102040816,0.9387755102040816,0.1241,0.1883,0.0824,0.74,0.8,818.0,1.0,1,0,0,0,0,0,1,0,1
Henderson,7.6177068669,27.0,32.22265,52.0,22.7,8.6275762901,2134,11.777041943,13710,16.7,52.683585114,53.78465,50348,68.687435682,83667,50.83724766,60.110528192,2023,,,,0.935288169868554,0.9312436804853388,0.9544994944388272,0.9393326592517696,0.9373104145601616,0.1398,0.2105,0.0948,0.72,0.9,1859.0,1.0,0,0,0,0,0,0,1,0,0
Hill,7.9505300353,9.0,24.32038,40.0,21.3,,1184,13.587330732,5370,14.9,41.380210643,49.35428,52495,61.761919798,36471,49.787502399,76.266066289,2023,,,,0.930715935334873,0.930715935334873,0.9515011547344112,0.9330254041570438,0.9237875288683602,0.1248,0.188,0.085,0.87,0.93,2026.0,1.0,0,0,0,1,0,0,1,1,0
Hockley,9.2833092833,14.0,61.07936,37.0,22.8,,856,14.016702145,3390,14.7,41.795146612,70.21486,51078,64.010338143,21363,50.156813182,39.847394811,2023,,,,0.9345794392523364,0.9470404984423676,0.9470404984423676,0.940809968847352,0.9376947040498442,0.1143,0.1758,0.0766,0.9,0.97,1424.0,1.0,0,0,0,1,0,0,1,1,0
Hood,7.0512820513,27.0,42.50161,52.0,16.1,7.3042684319,1559,11.453971053,7780,13.0,78.755296044,73.18364,68911,52.990591398,64222,50.928030893,32.845531632,2023,,,,0.892128279883382,0.9052478134110788,0.924198250728863,0.8877551020408163,0.8892128279883382,0.1134,0.1689,0.0762,0.26,0.66,1366.0,1.0,0,1,0,0,0,0,0,0,0
Hopkins,7.2887213321,10.0,26.90342,49.0,20.6,,1296,14.007782101,5170,14.1,47.409821557,96.74559,56680,60.551948052,37211,50.595254092,59.62572168,2023,,,,0.956611570247934,0.9586776859504132,0.9648760330578512,0.9607438016528924,0.9545454545454546,0.1283,0.1937,0.0866,0.71,0.76,1034.0,1.0,0,0,0,0,0,0,0,0,0
Howard,9.7485253027,10.0,27.36727,36.0,19.4,,945,11.800699301,5840,16.1,47.882369016,117.20581,55842,56.391382406,34128,42.123769339,20.064549297,2023,,,,0.9649122807017544,0.9517543859649122,0.9649122807017544,0.9649122807017544,0.9539473684210528,0.1235,0.1873,0.0822,0.92,0.97,853.0,1.0,0,0,0,1,0,0,1,1,0
Hudspeth,10.526315789,,,21.0,34.8,,218,22.614107884,850,18.1,,0.0,38904,88.013136289,3287,46.273197444,100.0,2023,,,,1.0,1.0,1.0,1.0,1.0,0.1166,0.1765,0.0789,0.98,0.98,3287.0,0.0,1,0,0,1,0,0,1,0,1
Hunt,8.6433394721,29.0,29.05608,43.0,17.6,7.3944103271,2734,11.283532811,14620,15.2,49.665821138,72.53806,58326,57.242331818,103394,50.50583206,56.631332072,2023,,,,0.9448051948051948,0.9407467532467532,0.950487012987013,0.9472402597402596,0.9472402597402596,0.1122,0.1653,0.0743,0.83,0.87,1379.0,1.0,0,0,0,1,0,0,1,0,0
Hutchinson,8.803728638,5.0,24.18146,44.0,17.5,,745,13.967004124,3140,14.9,72.830580163,63.4301,56646,50.609756098,20495,49.212002928,22.564334086,2023,,,,0.949748743718593,0.9547738693467336,0.9547738693467336,0.949748743718593,0.9447236180904522,0.1241,0.1883,0.0824,0.66,0.86,1577.0,1.0,0,0,0,0,0,0,1,1,0
Jack,7.2900158479,5.0,55.21201000000001,35.0,20.6,,292,14.476945959,1420,15.9,,68.87052,51846,65.995115995,8712,43.721303949,53.217602831,2023,,,,0.96875,0.96875,0.96875,0.96875,0.96875,0.1293,0.1898,0.087,0.65,0.98,1452.0,1.0,1,0,0,0,0,0,1,0,1
Jackson,7.2108843537,2.0,13.46439,40.0,18.1,,587,15.097736626,2190,14.8,35.973896055,72.74651,60666,52.333759591,15121,49.990080021,61.818827709,2023,,,,0.9787234042553192,0.9822695035460992,0.9858156028368794,0.9822695035460992,0.9822695035460992,0.1134,0.1709,0.0762,0.68,0.93,1375.0,1.0,0,0,0,0,0,0,1,1,0
Jasper,8.4089323098,12.0,33.92226,40.0,32.2,,967,11.594724221,6970,19.6,53.342158311,81.88021,50038,65.382567016,32975,50.147081122,78.185382246,2023,,,,0.8959390862944162,0.9086294416243654,0.9213197969543148,0.8984771573604061,0.8984771573604061,0.1428,0.2169,0.0983,0.82,0.92,1221.0,1.0,0,0,0,1,0,0,1,1,0
Jeff Davis,9.2592592593,1.0,45.04505,20.0,57.1,,20,31.25,350,15.7,,51.30836,56149,45.25862069,1949,49.615187276,100.0,2023,,,,0.9090909090909092,0.9090909090909092,0.9090909090909092,0.9090909090909092,0.9090909090909092,0.1166,0.1765,0.0789,0.36,0.89,1949.0,1.0,1,1,0,0,0,0,1,0,1
Hall,10.179640719,,,27.0,42.3,,89,14.262820513,510,17.0,,35.14938,34766,81.715575621,2845,49.912126538,100.0,2023,,,,0.8529411764705882,0.8529411764705882,0.8529411764705882,0.8529411764705882,0.8529411764705882,0.1241,0.1883,0.0824,0.95,1.0,2845.0,1.0,1,0,0,1,0,0,1,0,1
Hale,8.5445094217,10.0,30.53062,37.0,28.1,,1101,12.443490054,4680,14.0,49.51778371,74.48790000000001,47373,75.563232202,32220,47.172563625,23.099826317,2023,,,,0.981264637002342,0.97423887587822,0.990632318501171,0.9836065573770492,0.981264637002342,0.1143,0.1758,0.0766,0.93,0.97,1343.0,1.0,0,0,0,1,0,0,1,1,0
Grimes,9.0909090909,8.0,27.014250000000004,50.0,21.7,,952,14.432989691,4270,15.0,47.244025185,29.71572,52540,65.738036396,30287,45.260342721,68.903172455,2023,,,,0.9563758389261744,0.9563758389261744,0.959731543624161,0.9563758389261744,0.9496644295302014,0.1225,0.1864,0.0827,0.86,0.9,3365.0,1.0,0,0,0,1,0,0,1,1,0
Donley,11.304347826,,,21.0,24.7,,101,15.303030303,420,12.5,49.944382647,122.39902,44353,53.971119134,3268,50.979192166,100.0,2023,,,,0.951219512195122,0.951219512195122,0.951219512195122,0.951219512195122,0.951219512195122,0.1241,0.1883,0.0824,0.45,0.82,817.0,1.0,0,0,1,0,0,0,1,0,1
Duval,8.9072543618,,,37.0,43.3,,338,11.707655005,2000,17.9,,51.250510000000006,37921,84.007782101,9756,48.626486265,67.042946868,2023,,,,0.98,0.9866666666666668,0.9933333333333332,0.9866666666666668,0.9866666666666668,0.1146,0.1867,0.0742,1.0,1.0,1951.0,1.0,1,0,0,1,0,0,1,1,0
Eastland,8.2079343365,3.0,16.31499,39.0,25.5,,492,12.484141081,3280,17.9,38.219766167,61.576350000000005,47526,59.838472834,17864,49.966412897,60.345477049,2023,,,,0.8372093023255814,0.916279069767442,0.9209302325581395,0.8372093023255814,0.8232558139534883,0.1278,0.1901,0.086,0.81,0.98,1624.0,1.0,0,0,0,1,0,0,1,1,0
Ector,9.0676080859,101.0,60.22624,42.0,22.0,5.5278348498,9453,17.959873846,23160,14.3,37.18280955,97.46044,58389,52.976190476,161091,48.850649633,9.4552614308,2023,,,,0.9347649918962724,0.9258508914100486,0.9647487844408428,0.9396272285251216,0.9226094003241492,0.1113,0.171,0.0731,0.79,0.88,1026.0,1.0,0,0,0,0,0,0,1,0,0
Edwards,7.0967741935,1.0,52.00208,29.0,32.6,,91,20.823798627,240,12.3,,0.0,47573,70.526315789,1438,47.009735744,100.0,2023,,,,0.9736842105263158,0.9736842105263158,0.9736842105263158,0.9736842105263158,0.9736842105263158,0.107,0.1724,0.0705,0.44,0.92,1438.0,0.0,1,0,1,0,0,0,1,0,1
Ellis,7.2161642078,79.0,41.19733,53.0,12.4,5.8931377685,7666,14.622794468,19920,11.1,34.379483717,72.52884,87698,46.881656512,202678,50.457869132,31.975135352,2023,,,,0.942153846153846,0.944,0.953846153846154,0.9467692307692308,0.9433846153846154,0.1147,0.169,0.0766,0.39,0.7,1379.0,1.0,0,1,0,0,0,0,0,0,0
Erath,6.652555186,25.0,57.838240000000006,49.0,20.4,6.160164271,1152,12.42584403,5840,13.8,79.41056646,57.6329,51964,51.908525307,43378,50.975148693,46.320929005,2023,,,,0.9471153846153846,0.9543269230769232,0.9543269230769232,0.9519230769230768,0.9495192307692308,0.1134,0.1689,0.0762,0.63,0.87,1735.0,1.0,0,0,0,0,0,0,1,0,0
Falls,9.3510118632,2.0,11.57742,36.0,27.5,,416,11.46953405,3160,18.3,46.251502548,46.20805,46173,79.282868526,17313,52.74071507,67.356990932,2023,,,,0.9152542372881356,0.9322033898305084,0.9661016949152542,0.9491525423728814,0.9209039548022598,0.1248,0.188,0.085,0.98,0.99,2164.0,1.0,0,0,0,1,0,0,1,1,0
Fannin,8.4288052373,7.0,19.49155,43.0,17.9,,1002,12.757830405,4880,13.9,51.670927777,41.01835,56794,53.680365297,36569,46.443709153,70.529264337,2023,,,,0.928191489361702,0.925531914893617,0.928191489361702,0.925531914893617,0.925531914893617,0.1317,0.1945,0.0881,0.58,0.86,2438.0,1.0,0,0,1,0,0,0,1,0,0
Fisher,11.743772242,2.0,52.85412,14.0,21.6,,135,16.148325359,520,13.7,,107.93308,51362,55.696202532,3706,49.541284404,100.0,2023,,,,0.9714285714285714,0.9714285714285714,1.0,0.9714285714285714,0.9714285714285714,0.1278,0.1901,0.086,0.43,0.91,927.0,1.0,1,0,1,0,0,0,1,0,1
Floyd,9.3253968254,3.0,52.8914,32.0,30.5,,227,15.379403794,750,13.0,43.308589608,93.45794,43855,77.575757576,5350,49.700934579,53.319888303,2023,,,,0.9714285714285714,0.9714285714285714,0.9714285714285714,0.9714285714285714,0.9714285714285714,0.1143,0.1758,0.0766,0.83,0.97,1070.0,1.0,0,0,0,1,0,0,1,0,1
Denton,7.3799521099,493.0,53.626360000000005,55.0,7.6,4.2977309677,20866,8.9343135702,96610,11.2,39.352739145,79.01050000000001,98027,32.259779109,941647,50.600809008,6.9058305439,2023,,,,0.9223848238482384,0.9218428184281844,0.9365853658536586,0.9249864498644986,0.9188075880758808,0.0949,0.1412,0.0617,0.22,0.63,1266.0,1.0,0,1,0,0,0,0,0,0,0
Foard,,0.0,0.0,34.0,31.8,,39,16.810344828,150,12.7,,92.59259,42616,75.247524752,1080,52.5,100.0,2023,,,,0.8,0.9333333333333332,0.9333333333333332,0.8,0.8,0.1293,0.1898,0.087,0.48,0.93,1080.0,1.0,1,0,1,0,0,0,1,0,1
Franklin,5.919395466,3.0,27.72387,44.0,22.4,,256,9.9417475728,1290,12.0,58.52548462,38.2263,51885,58.930987821,10464,50.162461774,69.12776992,2023,,,,0.968421052631579,0.968421052631579,0.968421052631579,0.968421052631579,0.968421052631579,0.1283,0.1937,0.0866,0.53,0.79,2616.0,1.0,0,0,1,0,0,0,0,1,0
Freestone,7.602739726,6.0,30.1902,39.0,21.2,,632,13.733159496,3360,17.0,16.558711163,50.57146,48397,62.382978723,19774,47.886113078,66.476584578,2023,,,,0.921161825726141,0.925311203319502,0.941908713692946,0.933609958506224,0.933609958506224,0.1248,0.188,0.085,0.84,0.97,1977.0,1.0,0,0,0,1,0,0,1,1,0
Frio,9.7432905484,4.0,19.62805,40.0,33.7,,533,11.347668725,2910,14.5,,92.21089,47833,82.887517147,18436,40.285311347,22.181564733,2023,,,,0.9760765550239234,0.985645933014354,0.985645933014354,0.9808612440191388,0.9808612440191388,0.1146,0.174,0.0756,0.99,0.99,1084.0,1.0,1,0,0,1,0,0,1,1,0
Gaines,5.6283978254,2.0,9.09256,27.0,20.3,,1966,24.072486837,2820,13.4,58.506224066,18.26901,58712,60.435267857,21895,48.869604933,63.043478261,2023,,,,0.81640625,0.82421875,0.828125,0.8203125,0.828125,0.1166,0.1765,0.0789,0.68,0.99,5474.0,1.0,0,0,0,0,0,0,1,1,0
Galveston,8.5685021015,265.0,76.79178,50.0,16.4,4.7870295957,7401,8.6221559467,47740,14.1,49.523979284,103.36223,77627,49.239817818,355062,50.683542593,6.1498271595,2023,,,,0.95333455814808,0.9524159470880028,0.9650927797170678,0.9557229469042808,0.950762447179864,0.1049,0.1574,0.0689,0.58,0.73,967.0,1.0,0,0,1,0,0,0,0,0,0
Gillespie,8.1187010078,34.0,126.11276,57.0,14.8,,967,17.569040698,3470,13.0,,76.93153,71594,49.115164715,27297,51.306004323,53.653822925,2023,,,,0.9253246753246752,0.9123376623376624,0.935064935064935,0.9285714285714286,0.9155844155844156,0.1008,0.1475,0.0669,0.36,0.61,1300.0,1.0,1,1,0,0,0,0,0,1,0
Glasscock,,0.0,0.0,47.0,10.3,,102,26.424870466,190,13.3,,0.0,116958,27.986348123,1149,45.953002611,100.0,2023,,,,0.92,0.92,0.92,0.92,0.92,0.1235,0.1873,0.0822,0.18,0.81,1149.0,0.0,1,0,0,0,1,0,1,0,1
Goliad,8.1027667984,,,47.0,24.3,,208,12.991880075,1070,14.1,28.449901725,13.960630000000002,58937,50.355731225,7163,50.20242915,100.0,2023,,,,0.989247311827957,0.978494623655914,0.989247311827957,0.989247311827957,0.989247311827957,0.1134,0.1709,0.0762,0.58,0.97,7163.0,1.0,0,0,1,0,0,0,1,0,1
Gonzales,8.8122605364,7.0,33.41608,44.0,23.1,,896,15.799682596,2740,13.1,30.735924734,71.27947,48164,78.357463804,19641,49.39157884,65.279951532,2023,,,,0.9836065573770492,0.971311475409836,0.9836065573770492,0.9836065573770492,0.9836065573770492,0.1134,0.1709,0.0762,0.9,0.98,1403.0,1.0,0,0,0,1,0,0,1,1,0
Grayson,7.9365079365,62.0,44.82425,52.0,14.8,6.3785823376,4350,12.890416642,19450,14.6,39.24153424,94.73503,62678,54.599831508,139336,50.938020325,43.150475277,2023,,,,0.9368825466520307,0.9407244785949506,0.951152579582876,0.9445664105378704,0.9412733260153676,0.1317,0.1945,0.0881,0.66,0.79,1056.0,1.0,0,0,0,0,0,0,0,0,0
Gregg,8.7272127361,111.0,89.35112,48.0,21.6,7.5115870225,4178,13.096768126,20810,16.8,36.246509745,167.47047,57608,65.590405904,124201,51.043872433,13.36235932,2023,,,,0.9553305539011316,0.957712924359738,0.96605122096486,0.9571173317450864,0.9541393686718284,0.1265,0.1924,0.0851,0.88,0.79,597.0,1.0,0,0,0,1,0,0,0,0,0
Zavala,8.2987551867,1.0,8.44595,29.0,38.8,,384,11.507341924,2720,22.8,,115.37655,35046,84.809098294,9534,48.825256975,38.032028775,2023,,,,0.984126984126984,1.0,1.0,0.992063492063492,0.992063492063492,0.107,0.1724,0.0705,1.0,1.0,867.0,1.0,1,0,0,1,0,0,1,1,0
