county_name,% Low Birthweight,# Primary Care Physicians,Primary Care Physicians Rate,% Vaccinated Flu,% Children in Poverty,Infant Mortality Rate,# Uninsured Children,% Uninsured Children,# Food Insecure,% Food Insecure,Segregation index_b,Other Primary Care Provider Rate,Other Primary Care Provider Ratio (str),Median Household Income,% Enrolled in Free or Reduced Lunch,Population,% Female,% Rural,year,% Broadband Access,% Less Than 18 Years of Age,mmr_doses_0_24_months,mmr_doses_2_8_years,mmr_doses_9_17_years,live_births,kin_DTP_cov,kin_HepA_cov,kin_HepB_cov,kin_mmr_cov,kin_polio_cov,kin_varic_cov,Estimated hesitant,Estimated hesitant or unsure,Estimated strongly hesitant,Social Vulnerability Index (SVI),SVI Category,CVAC level of concern for vaccination rollout,CVAC Level Of Concern,other_pc_provider_ratio_numerator,other_pc_provider_ratio_denominator,pop_tertiles,rural_pop_quartiles,%_pop_youth_imputed,%_pop_youth_imputed_yes_no,imr_imputed,imr_imputed_yes_no,live_births_imputed,live_births_imputed_yes_no,pop_0_24mos,mmr_dose_rate_0_24_months,mmr_doses_<18yrs,#_pop_youth_imputed,mmr_dose_rate_<18yrs,seg_missing_bool,segregation_imputed,segregation_imputed_yes_no
Anderson,7.3070408904,20.0,34.637429999999995,43.0,22.6,,1385,11.824468539,10520,18.2,35.304894231,53.3958,1873:1,45969,59.215550156,58057,38.773963519,67.063532793,2020,71.135936191,,359.0,400.0,7.5,543.0,0.9691780821917808,0.976027397260274,0.9811643835616438,0.9794520547945206,0.9794520547945206,0.9743150684931506,0.1398,0.2105,0.0948,0.79,High Vulnerability,0.95,Very High Concern,1873.0,1.0,large,rural,23.469542212999997,1.0,5.96637375055,1.0,543.0,0.0,539.7602590534514,66.51101002314603,766.5,1362571.2122601408,0.0562539405722936,False,35.304894231,0.0
Andrews,6.292749658,9.0,50.78434,24.0,14.0,,795,13.915631017,1480,8.4,25.861752745,66.19594,1511:1,84946,39.719626168,18128,48.84157105,16.502096578,2020,87.630548522,,295.0,335.0,17.5,287.0,0.9714285714285714,0.9714285714285714,0.9904761904761904,0.9904761904761904,0.984126984126984,0.9904761904761904,0.1166,0.1765,0.0789,0.47,Moderate Vulnerability,0.88,Very High Concern,1511.0,1.0,medium,very urban,23.469542212999997,1.0,5.96637375055,1.0,287.0,0.0,285.28765073359216,103.40440577832001,647.5,425455.86123726395,0.15218970027043738,False,25.861752745,0.0
Angelina,9.0500485909,52.0,59.22214,48.0,26.7,5.9509640562,2795,11.982851018,16570,18.9,40.085463665,78.07835,1281:1,46653,66.865877485,87092,51.21480733,43.082366228,2020,83.819458132,,779.0,912.0,25.0,1167.0,0.9786053882725833,0.9778129952456418,0.9841521394611727,0.9817749603803486,0.9786053882725833,0.9786053882725833,0.125,0.1935,0.0836,0.98,Very High Vulnerability,0.89,Very High Concern,1281.0,1.0,large,urban,23.469542212999997,1.0,5.9509640562,0.0,1167.0,0.0,1160.0552249464147,67.15197546185645,1716.0,2044009.3704145958,0.0839526483996468,False,40.085463665,0.0
Aransas,9.2635212888,9.0,35.19474,42.0,34.7,,644,12.978637646,4100,16.5,59.778522614,46.23403,2163:1,46912,96.309383589,23792,50.609448554,27.260557907,2020,83.42077851100001,,153.0,196.0,0.0,171.0,0.9617021276595744,0.9702127659574468,0.9829787234042552,0.9744680851063828,0.9702127659574468,0.9659574468085106,0.1183,0.18,0.0772,0.8,Very High Vulnerability,0.85,Very High Concern,2163.0,1.0,medium,urban,23.469542212999997,1.0,5.96637375055,1.0,171.0,0.0,169.97975008865595,90.01072181845198,349.0,558387.3483316959,0.06250141609452894,False,59.778522614,0.0
Archer,7.9777365492,,,46.0,14.3,,298,14.5153434,1230,14.0,,,,61190,29.387113672,8786,50.762576827,88.988292467,2020,76.5869256025,,99.5,78.0,5.0,69.0,0.9859154929577464,0.9788732394366196,0.9859154929577464,0.9859154929577464,0.9859154929577464,0.9859154929577464,0.1293,0.1898,0.087,0.09,Very Low Vulnerability,0.8,Very High Concern,,,small,very rural,23.469542212999997,1.0,5.96637375055,1.0,69.0,0.0,68.58832021121205,145.06843102965342,182.5,206203.397883418,0.08850484612439836,True,41.965456189,1.0
Armstrong,8.6092715232,0.0,0.0,26.0,15.3,,66,14.798206278,250,13.1,,52.85412,1892:1,57210,42.741935484,1892,51.479915433,100.0,2020,83.4169868715,,22.5,20.0,0.0,22.0,0.925925925925926,0.925925925925926,0.925925925925926,0.925925925925926,0.925925925925926,0.925925925925926,0.1241,0.1883,0.0824,0.16,Very Low Vulnerability,0.56,Moderate Concern,1892.0,1.0,small,very rural,23.469542212999997,1.0,5.96637375055,1.0,22.0,0.0,21.8687397774879,102.88658710531611,42.5,44404.37386699599,0.09571129215175932,True,41.965456189,1.0
Atascosa,7.9890962466,8.0,16.33286,36.0,23.9,4.9250535332,1448,10.409028826,4210,8.8,,43.72888,2287:1,50594,62.907510263,50310,50.141125025,60.711184342,2020,81.44434226050001,,553.0,507.0,15.0,678.0,0.988135593220339,0.9932203389830508,0.9966101694915256,0.9983050847457628,0.9932203389830508,0.994915254237288,0.1146,0.174,0.0756,0.85,Very High Vulnerability,0.95,Very High Concern,2287.0,1.0,large,rural,23.469542212999997,1.0,4.9250535332,0.0,678.0,0.0,674.6608137044904,81.96711425457426,1075.0,1180752.6687360299,0.09104362229820444,True,41.965456189,1.0
Austin,7.949790795,6.0,20.14369,40.0,16.9,,987,13.109310665,4300,14.7,23.413953827,50.01834,1999:1,59942,54.045365244,29989,50.135049518,66.344089805,2020,77.45695469750001,,249.0,286.0,10.0,338.0,0.981132075471698,0.981132075471698,0.9784366576819408,0.9838274932614556,0.981132075471698,0.981132075471698,0.1114,0.1704,0.0738,0.49,Moderate Vulnerability,0.82,Very High Concern,1999.0,1.0,medium,rural,23.469542212999997,1.0,5.96637375055,1.0,338.0,0.0,335.9833656723141,74.11081185574248,545.0,703828.1014256569,0.07743368002727674,False,23.413953827,0.0
Bailey,7.4576271186,3.0,42.39084,41.0,26.1,,348,15.256466462,800,11.2,,85.38494,1171:1,45051,83.136710618,7027,50.206346947,28.750872296,2020,71.7998761075,,116.0,107.5,5.0,114.0,0.9775280898876404,0.898876404494382,0.9662921348314608,0.9887640449438202,0.9775280898876404,0.9325842696629212,0.1143,0.1758,0.0766,0.8,Very High Vulnerability,0.96,Very High Concern,1171.0,1.0,small,urban,23.469542212999997,1.0,5.96637375055,1.0,114.0,0.0,113.3198333924373,102.36513461706305,228.5,164920.47313075096,0.13855162774050642,True,41.965456189,1.0
Bandera,9.21386306,6.0,26.84444,39.0,22.8,,538,13.963145601,3090,14.5,,43.81353,2282:1,53008,51.017274472,22824,50.372415002,100.0,2020,83.211575298,,136.0,99.5,0.0,164.0,0.9398907103825136,0.9562841530054644,0.9617486338797814,0.9562841530054644,0.9453551912568308,0.9453551912568308,0.1146,0.174,0.0756,0.51,Moderate Vulnerability,0.77,High Concern,2282.0,1.0,medium,very rural,23.469542212999997,1.0,5.96637375055,1.0,164.0,0.0,163.0215147049098,83.42457144149208,235.5,535668.831469512,0.043963730231222846,True,41.965456189,1.0
Bastrop,7.5768107883,23.0,27.13512,41.0,19.2,5.1450621695,2863,12.629025143,10040,12.5,31.748427654,34.492270000000005,2899:1,61883,69.318550217,86976,49.071008094,63.85244907,2020,81.63189081249999,,957.0,1009.0,27.5,1143.0,0.9550561797752808,0.9526484751203852,0.9678972712680578,0.956661316211878,0.9582664526484752,0.9462279293739968,0.124,0.188,0.0827,0.75,High Vulnerability,0.85,Very High Concern,2899.0,1.0,large,rural,23.469542212999997,1.0,5.1450621695,0.0,1143.0,0.0,1137.1191939402615,84.16004277298971,1993.5,2041286.9035178877,0.09765898152603962,False,31.748427654,0.0
Baylor,8.6956521739,5.0,139.6258,18.0,28.6,,105,12.758201701,590,16.2,,55.83473000000001,1791:1,41180,56.994818653,3582,51.312116136,100.0,2020,76.64967159,,32.0,41.5,0.0,45.0,1.0,1.0,1.0,1.0,1.0,1.0,0.1293,0.1898,0.087,0.16,Very Low Vulnerability,0.78,High Concern,1791.0,1.0,small,very rural,23.469542212999997,1.0,5.96637375055,1.0,45.0,0.0,44.73151318122525,71.53793315767165,73.5,84067.90020696599,0.08742932774465761,True,41.965456189,1.0
Bee,10.115384615,7.0,21.49679,29.0,32.0,7.6716532413,661,9.3059270731,4540,13.9,21.546270543,55.23675,1810:1,41806,70.382165605,32587,39.181268604,42.97730768,2020,65.659182571,,260.0,318.0,17.5,347.0,0.9794871794871794,0.9846153846153848,0.9923076923076924,0.9871794871794872,0.9871794871794872,0.9871794871794872,0.1183,0.18,0.0772,0.97,Very High Vulnerability,0.99,Very High Concern,1810.0,1.0,medium,urban,23.469542212999997,1.0,7.6716532413,0.0,347.0,0.0,344.3379363252689,75.50721909258307,595.5,764801.972095031,0.07786329294742009,False,21.546270543,0.0
Bell,8.7590060964,284.0,81.64837999999999,39.0,19.1,6.8502693665,6377,6.3900356728,62960,18.7,41.201303726,168.4278,594:1,54292,55.844724212,355642,50.3123928,15.186229794,2020,86.5027035735,,2946.0,2858.0,51.0,6102.0,0.9707482993197278,0.972278911564626,0.9746598639455782,0.9717687074829932,0.9715986394557824,0.964625850340136,0.1244,0.1993,0.0815,0.81,Very High Vulnerability,0.83,Very High Concern,594.0,1.0,large,very urban,23.469542212999997,1.0,6.8502693665,0.0,6102.0,0.0,6060.199656325617,48.61225977802521,5855.0,8346754.931715745,0.07014702178151117,False,41.201303726,0.0
Bexar,8.9450781336,1450.0,74.0333,38.0,23.7,6.3072376596,41735,7.9588622078,216220,11.4,44.536756467,97.63103,1024:1,54210,61.712693731,1986049,50.629818298,4.5390847652,2020,82.75538035299999,,16438.0,17148.0,561.0,25247.0,0.9661883621373076,0.9671793245600128,0.9771285872839702,0.970271127318852,0.9695179958775964,0.9653163152053276,0.1005,0.1587,0.0641,0.83,Very High Vulnerability,0.87,Very High Concern,1024.0,1.0,large,very urban,23.469542212999997,1.0,6.3072376596,0.0,25247.0,0.0,25087.76117080808,65.52198854287215,34147.0,46611660.84258643,0.07325849236593138,False,44.536756467,0.0
Blanco,6.3694267516,5.0,43.00705,44.0,17.2,,422,18.158347676,1450,13.1,,25.63664,3901:1,64832,39.408284024,11702,49.820543497,100.0,2020,86.54393279,,61.0,56.0,5.0,82.0,0.9157894736842104,0.9157894736842104,0.9263157894736842,0.936842105263158,0.9157894736842104,0.9263157894736842,0.1008,0.1475,0.0669,0.28,Low Vulnerability,0.68,High Concern,3901.0,1.0,medium,very rural,23.469542212999997,1.0,5.96637375055,1.0,82.0,0.0,81.5107573524549,74.83674791075025,122.0,274640.58297652594,0.04442169422951872,True,41.965456189,1.0
Borden,,0.0,0.0,18.0,14.5,,23,14.743589744,80,12.9,,0.0,648:0,66101,24.892703863,648,47.99382716,100.0,2020,80.67501629750001,,10.0,12.5,0.0,,1.0,1.0,1.0,1.0,1.0,1.0,0.1235,0.1873,0.0822,0.06,Very Low Vulnerability,0.72,High Concern,648.0,0.0,small,very rural,23.469542212999997,1.0,5.96637375055,1.0,213.5,1.0,212.22617920425756,4.711954028242424,22.5,15208.263354023999,0.1479458862345822,True,41.965456189,1.0
Bosque,7.037896365,10.0,54.56728,30.0,24.0,,570,13.90583069,2790,15.5,47.765226152,42.80135,2336:1,48460,62.348942598,18691,50.521641432,81.215681968,2020,74.7544475325,,122.0,132.0,2.5,181.0,0.918918918918919,0.9297297297297298,0.9567567567567568,0.9297297297297298,0.918918918918919,0.9027027027027028,0.1248,0.188,0.085,0.62,High Vulnerability,0.89,Very High Concern,2336.0,1.0,medium,rural,23.469542212999997,1.0,5.96637375055,1.0,181.0,0.0,179.92008635115045,67.80788208487868,256.5,438669.2135031829,0.05847230489498185,False,47.765226152,0.0
Bowie,9.8661613171,63.0,67.01272,43.0,25.5,8.4053510122,1868,8.1426267382,20180,21.5,45.089203319,148.42458,674:1,47339,60.490387295,94324,49.670285399,35.424836601,2020,72.75890070049999,,584.0,680.0,15.0,1088.0,0.9536826119969628,0.9620349278663628,0.9741837509491268,0.9635535307517084,0.9627942293090356,0.9567198177676538,0.1356,0.2056,0.0926,0.85,Very High Vulnerability,0.86,Very High Concern,674.0,1.0,large,urban,23.469542212999997,1.0,8.4053510122,0.0,1088.0,0.0,1078.8549780987264,54.131464548570484,1279.0,2213741.0996990115,0.05777550049433954,False,45.089203319,0.0
Brazoria,8.3679990354,234.0,64.55938,41.0,13.1,4.5152091255,9325,9.1593980827,48610,14.0,39.686637624,60.23771,1660:1,74225,44.17376277,370200,49.486493787,22.52862699,2020,88.57682379650001,,3829.0,3483.0,70.5,4495.0,0.9748509687034276,0.973919523099851,0.9841654247391952,0.9774590163934426,0.9778315946348732,0.9735469448584204,0.1074,0.1608,0.071,0.51,Moderate Vulnerability,0.69,High Concern,1660.0,1.0,large,very urban,23.469542212999997,1.0,4.5152091255,0.0,4495.0,0.0,4474.704134980878,85.569903271747,7382.5,8688424.5272526,0.0849693747910641,False,39.686637624,0.0
Brazos,7.6380852183,190.0,85.2668,53.0,20.2,4.5098750713,5110,10.659824353,43590,20.3,33.582402407,59.53483,1680:1,50113,56.573967418,226758,49.450074529,12.063576784,2020,82.4265735475,,1799.0,2045.0,39.0,2636.0,0.9714993804213136,0.9710863279636514,0.9805865344898802,0.969847170590665,0.9694341181330028,0.966129698471706,0.1055,0.1682,0.0691,0.65,High Vulnerability,0.81,Very High Concern,1680.0,1.0,large,very urban,23.469542212999997,1.0,4.5098750713,0.0,2636.0,0.0,2624.111969312053,68.55652582811214,3883.0,5321906.453135453,0.07296257523865894,False,33.582402407,0.0
Brewster,6.338028169,6.0,64.26047,21.0,21.2,,224,11.826821542,1130,12.3,,75.53685,1324:1,45670,51.791277259,9267,49.455055574,34.867850953,2020,75.8404454285,,33.5,39.5,5.0,75.0,0.9021739130434784,0.9130434782608696,0.9347826086956522,0.9130434782608696,0.9021739130434784,0.9021739130434784,0.1166,0.1765,0.0789,0.66,High Vulnerability,0.84,Very High Concern,1324.0,1.0,small,urban,23.469542212999997,1.0,5.96637375055,1.0,75.0,0.0,74.55252196870875,44.934764264662505,78.0,217492.24768787096,0.03586334723614606,True,41.965456189,1.0
Briscoe,,0.0,0.0,29.0,24.3,,79,25.079365079,210,13.4,,65.96306,1516:1,44409,54.411764706,1516,50.593667546,100.0,2020,70.49912988450001,,20.0,21.0,2.5,12.0,1.0,1.0,1.0,1.0,1.0,1.0,0.1241,0.1883,0.0824,0.46,Moderate Vulnerability,0.95,Very High Concern,1516.0,1.0,small,very rural,23.469542212999997,1.0,5.96637375055,1.0,12.0,0.0,11.9284035149934,167.6670308382929,43.5,35579.825994907995,0.12226029437644104,True,41.965456189,1.0
Brooks,8.4158415842,,,39.0,48.6,,130,6.2560153994,1070,14.7,,28.11358,3557:1,30116,79.924480806,7114,49.465842002,31.759656652,2020,62.454783686,,74.0,89.0,2.5,95.0,1.0,0.9913793103448276,1.0,1.0,1.0,0.9913793103448276,0.0992,0.1603,0.0642,1.0,Very High Vulnerability,0.99,Very High Concern,3557.0,1.0,small,urban,23.469542212999997,1.0,5.96637375055,1.0,95.0,0.0,94.43319449369775,78.36227546547583,165.5,166962.32330328197,0.09912415970600402,True,41.965456189,1.0
Brown,9.1098748261,19.0,49.93036,41.0,21.2,8.7138375741,917,10.482395976,5980,15.8,47.635153175,81.74243,1223:1,47097,62.892263196,37924,50.522096825,40.40046187,2020,77.1913551305,,311.0,359.0,15.0,384.0,0.9659090909090908,0.9590909090909092,0.9727272727272728,0.9704545454545456,0.9659090909090908,0.968181818181818,0.1278,0.1901,0.086,0.63,High Vulnerability,0.72,High Concern,1223.0,1.0,large,urban,23.469542212999997,1.0,8.7138375741,0.0,384.0,0.0,380.6538863715456,81.70151708274997,685.0,890058.9188858119,0.07696119722697599,False,47.635153175,0.0
Burleson,8.2162921348,7.0,38.86514,41.0,23.7,,500,11.930326891,2840,16.1,17.476375419,43.50427,2299:1,53626,61.390374332,18389,50.812986024,76.65677547,2020,74.7106892335,,181.0,160.5,5.0,205.0,0.9955357142857144,0.9866071428571428,0.9955357142857144,0.9955357142857144,0.9955357142857144,0.9866071428571428,0.1225,0.1864,0.0827,0.61,High Vulnerability,0.83,Very High Concern,2299.0,1.0,medium,rural,23.469542212999997,1.0,5.96637375055,1.0,205.0,0.0,203.77689338113726,88.82263194652981,346.5,431581.41175485693,0.08028612691892668,False,17.476375419,0.0
Burnet,6.6547831254,22.0,47.00453,45.0,18.6,,1477,13.95107207,6100,13.5,56.658653402,58.89529,1698:1,56696,60.123772366,47542,50.999116571,55.67251462,2020,81.27549574700001,,292.0,354.0,2.5,499.0,0.944015444015444,0.947876447876448,0.9613899613899614,0.9498069498069498,0.947876447876448,0.947876447876448,0.1264,0.1929,0.0847,0.53,Moderate Vulnerability,0.7,High Concern,1698.0,1.0,large,rural,23.469542212999997,1.0,5.96637375055,1.0,499.0,0.0,496.02277949847553,58.868264134005855,648.5,1115788.9758904458,0.05812030894842551,False,56.658653402,0.0
Caldwell,8.6456908345,12.0,28.34333,45.0,20.7,,1156,11.133583743,5070,12.5,45.185992619,50.87058,1966:1,52588,73.376539209,43247,49.541008625,42.292334367,2020,73.4901027,,420.0,447.0,20.0,629.0,0.9668508287292816,0.9521178637200736,0.9779005524861878,0.9797421731123388,0.9668508287292816,0.9650092081031308,0.124,0.188,0.0827,0.87,Very High Vulnerability,0.97,Very High Concern,1966.0,1.0,large,urban,23.469542212999997,1.0,5.96637375055,1.0,629.0,0.0,625.247150910904,67.173436838235,887.0,1014987.2920856109,0.08739025669743897,False,45.185992619,0.0
Calhoun,7.2342519685,11.0,50.58867,29.0,24.0,,651,11.57744976,2720,12.5,23.870296008,60.29405,1659:1,52085,72.562068083,21561,48.620193869,44.731303494,2020,79.13131449650001,,230.0,229.0,12.5,261.0,0.980456026058632,0.973941368078176,0.990228013029316,0.993485342019544,0.98371335504886,0.980456026058632,0.1065,0.1663,0.0699,0.86,Very High Vulnerability,0.88,Very High Concern,1659.0,1.0,medium,urban,23.469542212999997,1.0,5.96637375055,1.0,261.0,0.0,259.44277645110645,88.65153354668361,471.5,506026.79965449293,0.09317688318522512,False,23.870296008,0.0
Callahan,11.263467189,1.0,7.17051,40.0,20.2,,360,10.895883777,2240,16.4,,57.16736,1749:1,50330,52.479174931,13994,50.478776619,72.179562906,2020,73.8232411855,,117.0,110.5,2.5,123.0,0.9529411764705882,0.9529411764705882,0.9647058823529412,0.9588235294117649,0.9588235294117649,0.9529411764705882,0.1278,0.1901,0.086,0.3,Low Vulnerability,0.8,High Concern,1749.0,1.0,medium,rural,23.469542212999997,1.0,5.96637375055,1.0,123.0,0.0,122.26613602868235,95.69289077112327,230.0,328432.77372872195,0.07002955198069691,True,41.965456189,1.0
Cameron,8.1357393607,207.0,48.85244,42.0,40.2,5.0892108729,16938,12.753077589,47770,11.4,67.081450135,66.52387,1503:1,38106,87.033089872,423908,51.321277258,8.4208064596,2020,60.254332946999995,,4552.0,5109.0,337.0,6019.0,0.9917241379310344,0.9917241379310344,0.995,0.9927586206896551,0.9925862068965516,0.9886206896551724,0.105,0.1701,0.0683,0.98,Very High Vulnerability,0.98,Very High Concern,1503.0,1.0,large,very urban,23.469542212999997,1.0,5.0892108729,0.0,6019.0,0.0,5988.368039756015,76.01403203309901,9998.0,9948926.700428402,0.1004932521974404,False,67.081450135,0.0
Camp,7.4581430746,11.0,85.56981999999999,35.0,30.5,,403,11.484753491,2320,18.3,21.808815883,15.34566,6517:1,43714,74.57337884,13033,51.43865572,61.478912991,2020,70.4509258315,,111.5,153.5,5.0,162.0,1.0,0.9893617021276596,1.0,1.0,1.0,0.9946808510638298,0.1285,0.1874,0.0874,0.9,Very High Vulnerability,0.98,Very High Concern,6517.0,1.0,medium,rural,23.469542212999997,1.0,5.96637375055,1.0,162.0,0.0,161.0334474524109,69.24027384618392,270.0,305878.54366202897,0.08827033003607083,False,21.808815883,0.0
Carson,5.6265984655,,,44.0,12.2,,203,12.979539642,770,12.7,,116.56953,858:1,64799,32.747603834,6005,49.87510408,95.195729537,2020,77.4351827415,,33.5,60.5,0.0,38.0,0.9245283018867924,0.9433962264150944,0.9433962264150944,0.9339622641509434,0.9433962264150944,0.9339622641509434,0.1241,0.1883,0.0824,0.03,Very Low Vulnerability,0.6,High Concern,858.0,1.0,small,very rural,23.469542212999997,1.0,5.96637375055,1.0,38.0,0.0,37.7732777974791,88.6870347328865,94.0,140934.600989065,0.06669760253359883,True,41.965456189,1.0
Cass,7.810552555,8.0,26.656,35.0,32.0,,624,8.8888888889,6340,21.0,30.701785208,49.80245,2008:1,44154,62.828467153,30119,51.588698164,74.011948529,2020,72.372566336,,173.5,210.5,12.5,317.0,0.957816377171216,0.9602977667493796,0.9627791563275434,0.9602977667493796,0.9602977667493796,0.957816377171216,0.1356,0.2056,0.0926,0.78,High Vulnerability,0.98,Very High Concern,2008.0,1.0,medium,rural,23.469542212999997,1.0,5.96637375055,1.0,317.0,0.0,315.10865952107565,55.060371956676,396.5,706879.141913347,0.05609162535575355,False,30.701785208,0.0
Castro,6.9135802469,1.0,12.75022,35.0,24.2,,412,17.614365113,750,9.5,,39.13894,2555:1,45689,74.154025671,7665,48.532289628,45.757876457,2020,71.0629712075,,92.5,99.0,5.0,112.0,0.9626865671641792,0.9477611940298508,0.9776119402985076,0.9552238805970148,0.9626865671641792,0.9477611940298508,0.1241,0.1883,0.0824,0.78,High Vulnerability,0.99,Very High Concern,2555.0,1.0,small,urban,23.469542212999997,1.0,5.96637375055,1.0,112.0,0.0,111.3317661399384,83.08500188861836,196.5,179894.04106264497,0.1092309666508477,True,41.965456189,1.0
Chambers,8.2658475286,4.0,9.65228,28.0,10.9,,1286,10.478285668,5950,15.1,24.700513178,54.176280000000006,1846:1,89513,36.772457104,42454,49.3451736,45.720310007,2020,85.094121194,,628.0,567.0,21.0,552.0,0.967741935483871,0.967741935483871,0.9771505376344086,0.9704301075268816,0.9690860215053764,0.9663978494623656,0.1377,0.2028,0.0929,0.41,Moderate Vulnerability,0.79,High Concern,1846.0,1.0,large,urban,23.469542212999997,1.0,5.96637375055,1.0,552.0,0.0,548.7065616896964,114.45097322439995,1216.0,996375.9451107018,0.1220422879503476,False,24.700513178,0.0
Cherokee,7.2273073989,21.0,40.19908,43.0,24.6,8.0521472393,1528,11.150029189,9110,17.7,34.805617504,43.73289,2287:1,43483,63.046594982,52592,48.999847886,63.048480677,2020,75.8659357725,,456.0,527.0,12.5,739.0,0.9887278582930756,0.9838969404186796,0.9951690821256038,0.9919484702093396,0.9903381642512076,0.9822866344605476,0.1282,0.1918,0.0871,0.92,Very High Vulnerability,0.94,Very High Concern,2287.0,1.0,large,rural,23.469542212999997,1.0,8.0521472393,0.0,739.0,0.0,733.0494631901573,62.20589781425308,995.5,1234310.1640660958,0.08065233755514081,False,34.805617504,0.0
Childress,9.8619329389,10.0,141.50276,23.0,25.4,,174,11.584553928,1280,18.1,16.197996918,109.72432,911:1,42291,54.398563734,7291,39.185296941,33.148700469,2020,75.422178165,,45.5,45.5,0.0,58.0,0.9523809523809524,0.9523809523809524,0.9682539682539684,0.9682539682539684,0.9682539682539684,0.9682539682539684,0.1241,0.1883,0.0824,0.75,High Vulnerability,0.92,Very High Concern,911.0,1.0,small,urban,23.469542212999997,1.0,5.96637375055,1.0,58.0,0.0,57.6539503224681,78.91913692905857,91.0,171116.43227498297,0.05318016440043795,False,16.197996918,0.0
Clay,5.0243111831,4.0,38.38403,45.0,16.9,,296,13.016710642,1670,16.1,,19.12777,5228:1,58356,46.344271733,10456,50.181713849,74.600074405,2020,77.226187781,,59.0,83.0,2.5,92.0,0.9765625,0.984375,0.984375,0.9765625,0.9765625,0.9765625,0.1293,0.1898,0.087,0.32,Low Vulnerability,0.68,High Concern,5228.0,1.0,medium,rural,23.469542212999997,1.0,5.96637375055,1.0,92.0,0.0,91.4510936149494,64.51535751821271,144.5,245397.53337912797,0.05888404745159117,True,41.965456189,1.0
Cochran,8.4175084175,1.0,35.07541,21.0,31.8,,146,18.741976893,380,13.1,,35.260929999999995,2836:1,42873,77.793493635,2836,49.823695346,100.0,2020,68.932211401,,33.5,38.5,5.0,41.0,0.9333333333333332,0.9333333333333332,0.9333333333333332,0.9333333333333332,0.9333333333333332,0.9333333333333332,0.1143,0.1758,0.0766,0.86,Very High Vulnerability,0.99,Very High Concern,2836.0,1.0,small,very rural,23.469542212999997,1.0,5.96637375055,1.0,41.0,0.0,40.75537867622745,82.19773950852897,77.0,66559.621716068,0.11568575363674523,True,41.965456189,1.0
Coke,6.0344827586,,,46.0,21.4,,113,15.311653117,510,15.6,,0.0,3370:0,44804,53.537284895,3370,50.56379822,100.0,2020,71.105858132,,28.5,27.5,0.0,37.0,0.9736842105263158,0.9473684210526316,0.9736842105263158,0.9736842105263158,0.9736842105263158,0.9736842105263158,0.1235,0.1873,0.0822,0.62,High Vulnerability,0.91,Very High Concern,3370.0,0.0,small,very rural,23.469542212999997,1.0,5.96637375055,1.0,37.0,0.0,36.77924417122965,77.48935749553537,56.0,79092.35725780998,0.0708033012816422,True,41.965456189,1.0
Coleman,11.265164645,5.0,59.31198,25.0,30.6,,265,14.33207139,1500,17.8,52.707060421,59.545080000000006,1679:1,39484,64.323507181,8397,49.505775872,51.545812254,2020,73.481429445,,46.0,55.0,2.5,74.0,1.0,1.0,1.0,1.0,1.0,1.0,0.1278,0.1901,0.086,0.42,Moderate Vulnerability,0.94,Very High Concern,1679.0,1.0,small,urban,23.469542212999997,1.0,5.96637375055,1.0,74.0,0.0,73.5584883424593,62.53527096130925,103.5,197073.74596256096,0.05251841106205105,False,52.707060421,0.0
Collin,7.7723144254,918.0,94.67792,55.0,6.7,4.2660106258,22472,8.253147449,130090,14.2,24.937604784,71.92985,1390:1,96936,23.07329027,1005146,50.773121517,5.2427266371,2020,93.4957124165,,6463.0,5757.0,231.0,11422.0,0.9547042754589924,0.9478432119941554,0.9587700908455624,0.9554666158439744,0.9562289562289562,0.9473985134362491,0.083,0.1234,0.0542,0.15,Very Low Vulnerability,0.49,Moderate Concern,1390.0,1.0,large,very urban,23.469542212999997,1.0,4.2660106258,0.0,11422.0,0.0,11373.273626632112,56.826206879134446,12451.0,23590316.477228094,0.05278013125436041,False,24.937604784,0.0
Collingsworth,7.6923076923,,,14.0,26.7,,188,22.70531401,400,13.3,,168.80486,592:1,39536,61.054421769,2962,51.080351114,100.0,2020,68.40805059050001,,34.5,22.5,0.0,23.0,0.9,0.925,0.9,0.9,0.9,0.9,0.1241,0.1883,0.0824,0.89,Very High Vulnerability,0.98,Very High Concern,592.0,1.0,small,very rural,23.469542212999997,1.0,5.96637375055,1.0,23.0,0.0,22.86277340373735,150.90032775446363,57.0,69516.78403490598,0.08199458705019926,True,41.965456189,1.0
Colorado,8.6714841579,10.0,47.09872,31.0,21.9,11.160714286,727,14.218658322,2850,13.6,26.476277405,28.27921,3536:1,48258,64.609286523,21217,49.733704105,62.613777906,2020,72.54272594,,141.0,125.0,2.5,221.0,0.9887005649717514,0.9943502824858758,0.9943502824858758,0.9887005649717514,0.9887005649717514,0.9887005649717514,0.1114,0.1704,0.0738,0.68,High Vulnerability,0.93,Very High Concern,3536.0,1.0,medium,rural,23.469542212999997,1.0,11.160714286,0.0,221.0,0.0,218.533482142794,64.52100548503952,268.5,497953.2771332209,0.05392072154756927,False,26.476277405,0.0
Comal,7.8039215686,98.0,69.49911,44.0,10.2,5.4650047939,3235,9.5261933508,15260,11.8,46.330893613,64.70179999999999,1546:1,76523,31.555606095,148373,50.57523943,46.145549082,2020,90.286096425,,1431.0,1322.0,28.0,1662.0,0.949343339587242,0.952720450281426,0.9549718574108818,0.951969981238274,0.951594746716698,0.950844277673546,0.0937,0.1369,0.0619,0.24,Low Vulnerability,0.64,High Concern,1546.0,1.0,large,urban,23.469542212999997,1.0,5.4650047939,0.0,1662.0,0.0,1652.9171620325383,86.57421151344003,2781.0,3482246.3867694484,0.0798622409536044,False,46.330893613,0.0
Comanche,6.7619047619,6.0,44.20541,25.0,25.0,,520,16.326530612,1970,14.6,44.809687706,59.11039,1692:1,52251,63.597246127,13534,50.214275159,71.461285244,2020,73.8228134365,,154.0,150.5,7.5,143.0,0.9482758620689656,0.9540229885057472,0.971264367816092,0.9597701149425288,0.9482758620689656,0.942528735632184,0.1278,0.1901,0.086,0.73,High Vulnerability,0.92,Very High Concern,1692.0,1.0,medium,rural,23.469542212999997,1.0,5.96637375055,1.0,143.0,0.0,142.14680855367135,108.33869684935851,312.0,317636.78431074193,0.09822539939038435,False,44.809687706,0.0
Concho,8.0459770115,1.0,36.8053,40.0,25.7,,88,15.384615385,350,9.1,,46.77268,2138:1,40987,65.384615385,4276,29.373246024,100.0,2020,74.5411259315,,22.5,27.5,2.5,23.0,1.0,1.0,1.0,1.0,1.0,1.0,0.1235,0.1873,0.0822,0.43,Moderate Vulnerability,0.96,Very High Concern,2138.0,1.0,small,very rural,23.469542212999997,1.0,5.96637375055,1.0,23.0,0.0,22.86277340373735,98.41325723117193,52.5,100355.76250278798,0.05231388680698978,True,41.965456189,1.0
Cooke,6.2695109261,13.0,32.585539999999995,41.0,24.9,5.3547523427,1254,12.844412578,6080,15.6,48.717654389,73.93898,1352:1,52047,56.768115942,40574,50.061615813,59.03426386,2020,76.9363412565,,419.0,479.0,15.0,485.0,0.9788583509513742,0.970401691331924,0.985200845665962,0.9809725158562368,0.9767441860465116,0.9767441860465116,0.1317,0.1945,0.0881,0.62,High Vulnerability,0.85,Very High Concern,1352.0,1.0,large,rural,23.469542212999997,1.0,5.3547523427,0.0,485.0,0.0,482.4029451137905,86.85684949563588,913.0,952253.2057502619,0.09587786047731549,False,48.717654389,0.0
Coryell,8.2834185537,17.0,22.69299,35.0,20.1,7.491759065,1629,9.1434665469,13890,18.3,38.683900773,50.79671,1969:1,48099,52.832172427,74808,50.348893167,19.423515679,2020,86.61914285099999,,555.0,484.0,10.0,913.0,0.9733333333333334,0.9696969696969696,0.983030303030303,0.9721212121212122,0.9733333333333334,0.9709090909090908,0.1264,0.1929,0.0847,0.78,High Vulnerability,0.82,Very High Concern,1969.0,1.0,large,very urban,23.469542212999997,1.0,7.491759065,0.0,913.0,0.0,906.160023973655,61.24746019651553,1049.0,1755709.5138701038,0.05974792479694965,False,38.683900773,0.0
Cottle,,0.0,0.0,19.0,40.1,,62,19.74522293,270,18.1,,0.0,1389:0,38304,66.822429907,1389,51.475881929,100.0,2020,67.0252363585,,15.0,15.0,0.0,,1.0,1.0,1.0,1.0,1.0,1.0,0.1293,0.1898,0.087,0.94,Very High Vulnerability,1.0,Very High Concern,1389.0,0.0,small,very rural,23.469542212999997,1.0,5.96637375055,1.0,213.5,1.0,212.22617920425756,7.067931042363636,30.0,32599.194133856996,0.09202681476362781,True,41.965456189,1.0
Crane,7.7519379845,1.0,21.09705,18.0,13.6,,171,11.468812877,410,8.4,,20.85941,4794:1,61987,53.027681661,4794,49.624530663,10.697142857,2020,69.24381890699999,,70.5,81.5,7.5,59.0,0.9876543209876544,0.9876543209876544,0.9876543209876544,0.9876543209876544,0.9876543209876544,0.9876543209876544,0.1166,0.1765,0.0789,0.47,Moderate Vulnerability,0.93,Very High Concern,4794.0,1.0,small,very urban,23.469542212999997,1.0,5.96637375055,1.0,59.0,0.0,58.64798394871755,120.20873566881001,159.5,112512.98536912199,0.14176141489511404,True,41.965456189,1.0
Crockett,8.3832335329,1.0,28.05836,23.0,23.4,,133,14.074074074,380,9.9,,28.579590000000003,3499:1,49117,51.055408971,3499,50.071448985,22.748050551,2020,68.17787352,,39.0,27.5,5.0,36.0,1.0,1.0,1.0,1.0,1.0,1.0,0.1235,0.1873,0.0822,0.69,High Vulnerability,0.9,Very High Concern,3499.0,1.0,small,very urban,23.469542212999997,1.0,5.96637375055,1.0,36.0,0.0,35.7852105449802,108.98357004489039,71.5,82119.928203287,0.08706778191890588,True,41.965456189,1.0
Crosby,7.9696394687,2.0,33.90405,39.0,37.1,,206,12.653562654,750,12.7,25.530704223,51.9121,1926:1,37911,81.381118881,5779,50.562381035,100.0,2020,73.7943367995,,46.0,54.5,0.0,78.0,1.0,1.0,1.0,1.0,1.0,1.0,0.1143,0.1758,0.0766,0.94,Very High Vulnerability,0.99,Very High Concern,1926.0,1.0,small,very rural,23.469542212999997,1.0,5.96637375055,1.0,78.0,0.0,77.5346228474571,59.32833398893441,100.5,135630.484448927,0.0740983860732609,False,25.530704223,0.0
Culberson,8.4112149533,,,14.0,32.7,,78,14.338235294,240,10.6,,90.7441,1102:1,42164,75.703324808,2204,50.589836661,100.0,2020,55.153830270499995,,22.5,20.0,2.5,30.0,1.0,1.0,1.0,1.0,1.0,1.0,0.1166,0.1765,0.0789,1.0,Very High Vulnerability,1.0,Very High Concern,1102.0,1.0,small,very rural,23.469542212999997,1.0,5.96637375055,1.0,30.0,0.0,29.8210087874835,75.45016387723182,45.0,51726.871037451994,0.08699540315790315,True,41.965456189,1.0
Dallam,6.7049808429,5.0,69.36737000000001,27.0,18.1,,529,22.491496599,900,12.4,,152.77778,655:1,50587,66.017699115,7200,47.861111111,23.541697747,2020,75.6632479225,,110.5,123.5,7.5,186.0,0.903846153846154,0.903846153846154,0.9423076923076924,0.9294871794871796,0.9166666666666666,0.8974358974358975,0.1241,0.1883,0.0824,0.55,Moderate Vulnerability,0.92,Very High Concern,655.0,1.0,small,very urban,23.469542212999997,1.0,5.96637375055,1.0,186.0,0.0,184.8902544823977,59.76518357300441,241.5,168980.7039336,0.1429157261026064,True,41.965456189,1.0
Dallas,8.5024997727,1818.0,69.4384,51.0,20.7,6.469842706,95584,13.459653708,438830,17.2,49.092138416,106.11227999999998,942:1,59838,71.613253358,2637772,50.648198555,0.6883041916,2020,82.9997985145,,21657.0,20131.0,862.0,36101.0,0.9668059797460216,0.9672882173284038,0.977334833628034,0.9719230563146332,0.9691100037507367,0.9610995016878316,0.1078,0.1697,0.0704,0.75,High Vulnerability,0.83,Very High Concern,942.0,1.0,large,very urban,23.469542212999997,1.0,6.469842706,0.0,36101.0,0.0,35867.432208470695,60.380681488777824,42650.0,61907301.30226943,0.06889332777042975,False,49.092138416,0.0
Dawson,9.3486590038,3.0,23.41372,23.0,29.9,,426,12.36574746,1590,12.1,28.303645402,55.47191,1803:1,43726,68.489378442,12619,45.146208099,16.294368539,2020,73.118968206,,106.5,116.5,0.0,186.0,0.8853503184713376,0.9044585987261148,0.9363057324840764,0.910828025477707,0.8853503184713376,0.8853503184713376,0.1235,0.1873,0.0822,0.95,Very High Vulnerability,1.0,Very High Concern,1803.0,1.0,medium,very urban,23.469542212999997,1.0,5.96637375055,1.0,186.0,0.0,184.8902544823977,57.60173801380063,223.0,296162.153185847,0.075296589250573,False,28.303645402,0.0
DeWitt,8.5047248471,11.0,54.38544,29.0,25.2,,513,10.924190801,2930,14.3,34.082606888,64.39788,1553:1,49208,72.827041264,20187,47.481052162,49.624322038,2020,65.3004260645,,194.0,192.5,7.5,246.0,,,,,,,0.1134,0.1709,0.0762,0.82,Very High Vulnerability,0.97,Very High Concern,1553.0,1.0,medium,urban,23.469542212999997,1.0,5.96637375055,1.0,246.0,0.0,244.5322720573647,79.33513166494835,394.0,473779.6486538309,0.08316102245410666,False,34.082606888,0.0
Deaf Smith,7.7872340426,2.0,10.61797,35.0,25.3,,799,13.072643979,1650,8.7,24.945547092,106.60981,938:1,44230,79.064381658,18760,50.058635394,17.711129465,2020,79.07821297,,260.0,244.0,12.5,323.0,0.9765886287625418,0.979933110367893,0.9899665551839464,0.9966555183946488,0.9899665551839464,0.979933110367893,0.1241,0.1883,0.0824,0.84,Very High Vulnerability,0.9,Very High Concern,938.0,1.0,medium,very urban,23.469542212999997,1.0,5.96637375055,1.0,323.0,0.0,321.07286127857236,80.9785040581229,516.5,440288.61191587994,0.11730941614694335,False,24.945547092,0.0
Delta,6.5934065934,1.0,18.87505,42.0,26.0,,158,12.30529595,1000,19.3,55.546591441,37.390170000000005,2675:1,44410,63.476347635,5349,50.252383623,100.0,2020,69.919918817,,32.0,42.0,0.0,66.0,0.9830508474576272,0.9661016949152542,0.9830508474576272,0.9830508474576272,0.9830508474576272,0.9830508474576272,0.1283,0.1937,0.0866,0.57,Moderate Vulnerability,0.85,Very High Concern,2675.0,1.0,small,very rural,23.469542212999997,1.0,5.96637375055,1.0,66.0,0.0,65.6062193324637,48.775863516594306,74.0,125538.58129733699,0.0589460221991291,False,55.546591441,0.0
Denton,7.4274277199,530.0,63.38121,52.0,8.1,4.2800322804,19390,8.7155860209,111860,14.3,39.098873179,64.72160000000001,1545:1,88384,32.209285683,859064,50.792374026,6.9058305439,2020,92.5835181745,,6240.0,5686.0,152.5,9965.0,0.9496512641673932,0.945401046207498,0.9551002615518744,0.9524847428073234,0.9501961639058412,0.9443112467306016,0.0949,0.1412,0.0617,0.22,Low Vulnerability,0.63,High Concern,1545.0,1.0,large,very urban,23.469542212999997,1.0,4.2800322804,0.0,9965.0,0.0,9922.349478325814,62.88833117227461,12078.5,20161838.81166863,0.059907730206679305,False,39.098873179,0.0
Dickens,15.942028986,1.0,45.26935,26.0,27.5,,82,18.850574713,340,15.4,,44.46421,2249:1,39627,64.985994398,2249,44.642063139,100.0,2020,79.98632387,,20.0,20.0,0.0,12.0,0.9615384615384616,1.0,1.0,0.9615384615384616,0.9615384615384616,0.9230769230769232,0.1143,0.1758,0.0766,0.88,Very High Vulnerability,0.93,Very High Concern,2249.0,1.0,small,very rural,23.469542212999997,1.0,5.96637375055,1.0,12.0,0.0,11.9284035149934,167.6670308382929,40.0,52783.00043703699,0.07578197462971929,True,41.965456189,1.0
Dimmit,8.3832335329,4.0,38.39509,33.0,35.8,,278,8.8366179275,1130,10.4,,67.90842,1473:1,37177,76.97874265,10308,50.805199845,39.475790316,2020,62.220801284,,37.5,36.5,2.5,155.0,1.0,1.0,1.0,1.0,1.0,1.0,0.107,0.1724,0.0705,1.0,Very High Vulnerability,0.99,Very High Concern,1473.0,1.0,medium,urban,23.469542212999997,1.0,5.96637375055,1.0,155.0,0.0,154.07521206866474,24.33876254104252,76.5,241924.04113160397,0.031621495591000345,True,41.965456189,1.0
Donley,9.3220338983,1.0,30.20236,21.0,27.8,,102,14.592274678,580,16.9,36.610617453,120.51823,830:1,40945,55.208333333,3319,50.888821934,100.0,2020,65.092378946,,20.0,20.0,0.0,34.0,1.0,1.0,1.0,1.0,1.0,1.0,0.1241,0.1883,0.0824,0.45,Moderate Vulnerability,0.82,Very High Concern,830.0,1.0,small,very rural,23.469542212999997,1.0,5.96637375055,1.0,34.0,0.0,33.7971432924813,59.1765991193975,40.0,77895.41060494698,0.05135090718356093,False,36.610617453,0.0
Duval,8.7108013937,,,34.0,36.1,,265,9.0722355358,1190,10.4,,53.51409,1869:1,35156,73.712121212,11212,48.448091331,67.042946868,2020,64.857815727,,86.0,97.0,0.0,114.0,0.9937106918238994,0.9937106918238994,1.0,0.9874213836477987,0.9937106918238994,0.9937106918238994,0.1146,0.1867,0.0742,1.0,Very High Vulnerability,1.0,Very High Concern,1869.0,1.0,medium,rural,23.469542212999997,1.0,5.96637375055,1.0,114.0,0.0,113.3198333924373,75.89139290575363,183.0,263140.507292156,0.06954459497063342,True,41.965456189,1.0
Eastland,7.9285714286,6.0,32.58921,40.0,26.1,,539,13.295510607,3110,17.0,25.324460201,38.20544,2617:1,44773,62.262156448,18322,50.065495033,60.345477049,2020,69.5719525355,,173.0,155.5,5.0,207.0,0.9296482412060302,0.9447236180904522,0.9597989949748744,0.9547738693467336,0.9447236180904522,0.9396984924623116,0.1278,0.1901,0.086,0.81,Very High Vulnerability,0.98,Very High Concern,2617.0,1.0,medium,rural,23.469542212999997,1.0,5.96637375055,1.0,207.0,0.0,205.76496063363615,84.07651111601355,333.5,430008.95242658595,0.07755652483931422,False,25.324460201,0.0
Ector,9.0494408476,93.0,59.20286,39.0,17.9,5.7334212796,6063,12.377258344,15320,9.8,44.405288975,79.56873,1257:1,60431,49.171444954,162124,49.122276776,9.4552614308,2020,83.1544961475,,2541.0,2311.0,72.0,2743.0,0.9692255664524856,0.9600946905647616,0.9837673317551572,0.9759891782211702,0.9763273588096044,0.9584037876225904,0.1113,0.171,0.0731,0.79,High Vulnerability,0.88,Very High Concern,1257.0,1.0,large,very urban,23.469542212999997,1.0,5.7334212796,0.0,2743.0,0.0,2727.273225430057,93.16998298178635,4924.0,3804976.0617404114,0.12940948694819757,False,44.405288975,0.0
Edwards,,0.0,0.0,30.0,37.3,,74,16.517857143,130,6.2,,0.0,1928:0,37812,71.428571429,1928,47.147302905,100.0,2020,47.0827435045,,27.0,22.5,2.5,18.0,0.9574468085106383,0.9574468085106383,0.9574468085106383,0.9574468085106383,0.9574468085106383,0.9574468085106383,0.107,0.1724,0.0705,0.44,Moderate Vulnerability,0.92,Very High Concern,1928.0,0.0,small,very rural,23.469542212999997,1.0,5.96637375055,1.0,18.0,0.0,17.8926052724901,150.9003277544636,52.0,45249.27738666399,0.1149189622535842,True,41.965456189,1.0
El Paso,8.5598896769,405.0,48.19076,32.0,28.9,4.4313780191,21020,8.8337514867,79860,9.6,45.811145406,78.02483,1282:1,43948,73.780691097,840758,50.733266885,2.1743664811,2020,80.5800720695,,8467.0,8745.0,517.0,11097.0,0.9804182172603224,0.980949849370902,0.9892787524366472,0.9858231437178806,0.9828991671096934,0.9811270600744284,0.0965,0.1577,0.0608,0.95,Very High Vulnerability,0.96,Very High Concern,1282.0,1.0,large,very urban,23.469542212999997,1.0,4.4313780191,0.0,11097.0,0.0,11047.824998122047,76.63951955646704,17729.0,19732205.371917453,0.08984804113802515,False,45.811145406,0.0
Ellis,7.2184403855,70.0,40.31794,50.0,14.0,5.8301132127,5436,11.113837095,22320,13.6,38.855231083,55.17288,1812:1,76792,47.272012579,179436,50.67154863,31.975135352,2020,88.929650796,,1714.0,1699.0,27.0,2381.0,0.9619873291097032,0.9583194398132712,0.9699899966655552,0.9659886628876292,0.964654884961654,0.9619873291097032,0.1147,0.169,0.0766,0.39,Low Vulnerability,0.7,High Concern,1812.0,1.0,large,urban,23.469542212999997,1.0,5.8301132127,0.0,2381.0,0.0,2367.118500440561,72.40871125298524,3440.0,4211280.776531868,0.08168536325504652,False,38.855231083,0.0
Erath,6.8255369226,23.0,54.80235,47.0,20.1,6.6996795805,1345,15.199457566,7250,17.7,57.179918858,42.40682,2358:1,47087,52.61574461,42446,51.034255289,46.320929005,2020,83.7329366935,,325.0,296.5,12.5,430.0,0.9736842105263158,0.9655870445344128,0.9777327935222672,0.9736842105263158,0.9736842105263158,0.9635627530364372,0.1134,0.1689,0.0762,0.63,High Vulnerability,0.87,Very High Concern,2358.0,1.0,large,urban,23.469542212999997,1.0,6.6996795805,0.0,430.0,0.0,427.119137780385,76.09118188637748,634.0,996188.1887729978,0.0636425935526194,False,57.179918858,0.0
Falls,9.6153846154,2.0,11.46986,34.0,27.7,,520,13.666228647,3520,20.4,41.663952769,40.38073,2476:1,37428,82.107728337,17335,52.523795789,67.356990932,2020,64.6726772995,,140.5,118.5,7.5,178.0,0.9777777777777776,0.9888888888888888,0.9888888888888888,0.9833333333333332,0.9888888888888888,0.9833333333333332,0.1248,0.188,0.085,0.98,Very High Vulnerability,0.99,Very High Concern,2476.0,1.0,medium,rural,23.469542212999997,1.0,5.96637375055,1.0,178.0,0.0,176.9379854724021,79.40635224532637,266.5,406844.51426235493,0.06550413994967784,False,41.663952769,0.0
Fannin,7.4153450493,7.0,20.32166,43.0,19.5,,1046,13.748685594,5670,16.8,32.001559303,42.50978,2352:1,53111,58.028933092,35286,46.916624157,70.529264337,2020,73.4092733265,,252.0,269.0,7.5,403.0,0.9315403422982884,0.9511002444987776,0.9535452322738386,0.9511002444987776,0.9339853300733496,0.9486552567237164,0.1317,0.1945,0.0881,0.58,Moderate Vulnerability,0.86,Very High Concern,2352.0,1.0,medium,rural,23.469542212999997,1.0,5.96637375055,1.0,403.0,0.0,400.59555137852834,62.90634010607913,528.5,828146.2665279179,0.06381722907666862,False,32.001559303,0.0
Fayette,6.5398335315,9.0,35.61254,44.0,19.4,,791,14.640014807,3250,13.0,15.158394916,47.33915,2112:1,55776,54.740141029,25349,50.861966941,67.137737232,2020,64.4154429565,,156.0,159.0,0.0,230.0,0.9821428571428572,0.9821428571428572,0.9857142857142858,0.9821428571428572,0.9857142857142858,0.9821428571428572,0.124,0.188,0.0827,0.44,Moderate Vulnerability,0.84,Very High Concern,2112.0,1.0,medium,rural,23.469542212999997,1.0,5.96637375055,1.0,230.0,0.0,228.6277340373735,68.2331916802792,315.0,594929.4255573369,0.05294745670125566,False,15.158394916,0.0
Fisher,10.0,1.0,25.7732,9.0,21.3,,141,16.49122807,560,14.5,18.142915096,104.1938,960:1,45261,52.142857143,3839,50.429799427,100.0,2020,72.9013899425,,34.5,43.0,2.5,38.0,0.96,0.98,1.0,0.96,0.96,0.96,0.1278,0.1901,0.086,0.43,Moderate Vulnerability,0.91,Very High Concern,960.0,1.0,small,very rural,23.469542212999997,1.0,5.96637375055,1.0,38.0,0.0,37.7732777974791,91.33440890401745,80.0,90099.57255570698,0.0887906543069751,False,18.142915096,0.0
Floyd,9.5149253731,4.0,68.31768,37.0,33.3,,203,12.476951444,690,11.5,28.410323282,34.26418,2919:1,39891,76.661129568,5837,49.597395923,53.319888303,2020,73.7123538065,,53.0,70.0,5.0,68.0,1.0,1.0,1.0,1.0,1.0,1.0,0.1143,0.1758,0.0766,0.83,Very High Vulnerability,0.97,Very High Concern,2919.0,1.0,small,urban,23.469542212999997,1.0,5.96637375055,1.0,68.0,0.0,67.5942865849626,78.40899383320168,128.0,136991.717897281,0.09343630546773408,False,28.410323282,0.0
Foard,,0.0,0.0,27.0,31.0,,50,19.083969466,170,11.9,,83.33333,1200:1,37648,74.88372093,1200,51.416666667,100.0,2020,69.4699904535,,20.0,15.0,0.0,12.0,1.0,1.0,1.0,1.0,1.0,1.0,0.1293,0.1898,0.087,0.48,Moderate Vulnerability,0.93,Very High Concern,1200.0,1.0,small,very rural,23.469542212999997,1.0,5.96637375055,1.0,12.0,0.0,11.9284035149934,167.6670308382929,35.0,28163.450655599998,0.12427454443704905,True,41.965456189,1.0
Fort Bend,8.7697102478,650.0,84.98643,46.0,10.4,4.110311453,18829,8.3750328036,98800,13.9,46.231436954,67.01715,1492:1,92310,33.722314837,787858,50.930370701,5.5357676703,2020,93.230168161,,7772.0,7921.0,281.5,8816.0,0.9848884624610218,0.9822499400335812,0.9871671863756296,0.9862077236747422,0.9875269848884624,0.9816502758455266,0.0795,0.1228,0.0524,0.29,Low Vulnerability,0.54,Moderate Concern,1492.0,1.0,large,very urban,23.469542212999997,1.0,4.110311453,0.0,8816.0,0.0,8779.763494230352,88.52174668608549,15974.5,18490666.588849753,0.08639223428339218,False,46.231436954,0.0
Franklin,7.0603337612,3.0,27.86291,49.0,23.9,,343,12.78896346,1800,17.0,67.527341819,18.577,5383:1,48222,54.523076923,10766,50.306520528,69.12776992,2020,82.6635522945,,71.5,77.5,7.5,122.0,0.9803921568627452,0.9705882352941176,0.9803921568627452,0.9803921568627452,0.9803921568627452,0.9803921568627452,0.1283,0.1937,0.0866,0.53,Moderate Vulnerability,0.79,High Concern,5383.0,1.0,medium,rural,23.469542212999997,1.0,5.96637375055,1.0,122.0,0.0,121.2721024024329,58.95832477838332,156.5,252673.09146515798,0.061937739033671634,False,67.527341819,0.0
Freestone,8.1686429513,6.0,30.57325,37.0,19.3,,616,13.190578158,3820,19.4,23.238191236,55.53312,1801:1,49317,54.266487214,19808,48.096728595,66.476584578,2020,67.72760391700001,,136.0,161.5,5.0,166.0,0.9570815450643776,0.96137339055794,0.9742489270386266,0.9699570815450644,0.9699570815450644,0.965665236051502,0.1248,0.188,0.085,0.84,Very High Vulnerability,0.97,Very High Concern,1801.0,1.0,medium,rural,23.469542212999997,1.0,5.96637375055,1.0,166.0,0.0,165.0095819574087,82.41945612291988,302.5,464884.69215510396,0.06506989907490308,False,23.238191236,0.0
Frio,10.49382716,4.0,20.40816,35.0,33.9,,504,10.601598654,1680,8.8,56.040756914,60.55713,1651:1,41038,75.711226675,19816,40.689341946,22.181564733,2020,64.1842600295,,140.0,163.0,5.0,225.0,0.9813084112149532,0.9766355140186916,0.9813084112149532,0.9813084112149532,0.9813084112149532,0.9813084112149532,0.1146,0.174,0.0756,0.99,Very High Vulnerability,0.99,Very High Concern,1651.0,1.0,medium,very urban,23.469542212999997,1.0,5.96637375055,1.0,225.0,0.0,223.65756590612625,62.595691512962695,308.0,465072.4484928079,0.06622624087884729,False,56.040756914,0.0
Gaines,5.806010929,5.0,24.22715,31.0,22.0,,2038,26.682377586,2070,10.4,56.763308927,19.13784,5225:1,56321,55.731775181,20901,49.294292139,63.043478261,2020,78.6130413385,,203.0,249.0,12.5,470.0,0.7971014492753623,0.8043478260869565,0.7971014492753623,0.8043478260869565,0.8079710144927537,0.8043478260869565,0.1166,0.1765,0.0789,0.68,High Vulnerability,0.99,Very High Concern,5225.0,1.0,medium,rural,23.469542212999997,1.0,5.96637375055,1.0,470.0,0.0,467.1958043372415,43.45073267256186,464.5,490536.9017939129,0.09469216246551586,False,56.763308927,0.0
Galveston,8.540460387,245.0,73.12647,44.0,16.6,4.8056832428,6352,7.3784964223,53270,16.6,43.736549665,88.78629,1126:1,71959,46.062483038,337890,50.832519459,6.1498271595,2020,87.2940699735,,3092.0,2933.0,66.0,3888.0,0.966456326801727,0.960810362005978,0.9752573895715708,0.9714380604450348,0.9681169046828296,0.963301228827632,0.1049,0.1574,0.0689,0.58,Moderate Vulnerability,0.73,High Concern,1126.0,1.0,large,very urban,23.469542212999997,1.0,4.8056832428,0.0,3888.0,0.0,3869.3155035519935,79.9107748427745,6091.0,7930123.618350569,0.0768083865162609,False,43.736549665,0.0
Garza,9.4562647754,1.0,15.31863,33.0,26.4,,154,13.774597496,710,10.5,,,,46490,75.274177468,6578,33.794466403,22.334004024,2020,80.70878445049999,,33.5,49.0,2.5,48.0,0.9696969696969696,0.9696969696969696,0.9696969696969696,0.9696969696969696,0.9696969696969696,0.9696969696969696,0.1143,0.1758,0.0766,0.72,High Vulnerability,0.96,Very High Concern,,,small,very urban,23.469542212999997,1.0,5.96637375055,1.0,48.0,0.0,47.7136140599736,70.21056916353515,85.0,154382.648677114,0.05505800083646354,True,41.965456189,1.0
Gillespie,7.4200913242,31.0,116.34016,51.0,15.7,,1009,17.814265537,3380,13.0,,55.9618,1787:1,61433,48.050248626,26804,51.298313685,53.653822925,2020,81.1681347735,,151.0,146.5,15.0,263.0,0.9417808219178082,0.9315068493150684,0.9554794520547946,0.9452054794520548,0.9452054794520548,0.9417808219178082,0.1008,0.1475,0.0669,0.36,Low Vulnerability,0.61,High Concern,1787.0,1.0,medium,rural,23.469542212999997,1.0,5.96637375055,1.0,263.0,0.0,261.4308437036054,57.75906081349558,312.5,629077.6094772519,0.049675905689868675,True,41.965456189,1.0
Glasscock,,0.0,0.0,43.0,13.3,,72,19.512195122,150,10.2,,0.0,1388:0,83330,36.102236422,1388,44.884726225,100.0,2020,79.4740594965,,20.0,25.0,0.0,18.0,0.95,0.9,0.95,0.95,0.95,0.95,0.1235,0.1873,0.0822,0.18,Very Low Vulnerability,0.81,Very High Concern,1388.0,0.0,small,very rural,23.469542212999997,1.0,5.96637375055,1.0,18.0,0.0,17.8926052724901,111.77802055886194,45.0,32575.724591643997,0.13813967475505656,True,41.965456189,1.0
Goliad,6.6929133858,,,38.0,22.6,,194,11.533888228,1000,13.3,9.2780697563,13.18565,7584:1,55008,53.765846383,7584,50.474683544,100.0,2020,67.3532541045,,57.0,75.5,5.0,52.0,0.9615384615384616,0.9743589743589745,0.9743589743589745,0.9743589743589745,0.9743589743589745,0.9487179487179488,0.1134,0.1709,0.0762,0.58,Moderate Vulnerability,0.97,Very High Concern,7584.0,1.0,small,very rural,23.469542212999997,1.0,5.96637375055,1.0,52.0,0.0,51.6897485649714,110.27331643595417,137.5,177993.00814339198,0.07725022540729766,False,9.2780697563,0.0
Gonzales,8.6348287506,8.0,38.29034,39.0,25.3,,842,14.427690199,2520,12.3,37.569345181,52.81859,1893:1,49829,78.431372549,20826,49.50062422,65.279951532,2020,76.324105103,,189.0,180.0,7.5,290.0,0.9884169884169884,0.9768339768339768,0.9884169884169884,0.9884169884169884,0.9884169884169884,0.9884169884169884,0.1134,0.1709,0.0762,0.9,Very High Vulnerability,0.98,Very High Concern,1893.0,1.0,medium,rural,23.469542212999997,1.0,5.96637375055,1.0,290.0,0.0,288.2697516123405,65.56359067952557,376.5,488776.6861279379,0.07702904223657071,False,37.569345181,0.0
Gray,6.6788655078,9.0,40.1714,45.0,21.9,,773,13.081739719,3470,15.1,76.775759576,63.94154,1564:1,49121,60.178527151,21895,46.951358758,19.387619259,2020,74.93331927599999,,191.0,237.5,0.0,268.0,0.9789473684210528,0.9824561403508772,0.9929824561403509,0.9859649122807016,0.9859649122807016,0.9789473684210528,0.1241,0.1883,0.0824,0.84,Very High Vulnerability,0.95,Very High Concern,1564.0,1.0,medium,very urban,23.469542212999997,1.0,5.96637375055,1.0,268.0,0.0,266.4010118348526,71.69642438085211,428.5,513865.62675363495,0.08338755847653492,False,76.775759576,0.0
Grayson,7.7920891568,62.0,47.27772,50.0,16.6,6.468305304,3866,11.914080557,21380,17.0,49.616861019,74.63188,1340:1,51403,53.677607836,133991,51.214633819,43.150475277,2020,77.3511392555,,1311.0,1270.0,20.0,1586.0,0.96309963099631,0.948866631523458,0.9678439641539271,0.9652082235108064,0.9646810753821824,0.9567738534528204,0.1317,0.1945,0.0881,0.66,High Vulnerability,0.79,High Concern,1340.0,1.0,large,urban,23.469542212999997,1.0,6.468305304,0.0,1586.0,0.0,1575.741267787856,83.1989379728869,2601.0,3144707.4306620825,0.08271039698762657,False,49.616861019,0.0
Gregg,7.9222011385,107.0,86.73308,48.0,20.9,7.5084278272,3764,11.507536152,24920,20.2,29.629653129,134.9964,741:1,50610,59.709385422,123707,51.407761889,13.36235932,2020,81.144180163,,1003.0,1060.0,22.5,1574.0,0.9603004291845494,0.9678111587982832,0.9758583690987124,0.9603004291845494,0.9640557939914164,0.9560085836909872,0.1265,0.1924,0.0851,0.88,Very High Vulnerability,0.79,High Concern,741.0,1.0,large,very urban,23.469542212999997,1.0,7.5084278272,0.0,1574.0,0.0,1562.1817345999873,64.20507792307714,2085.5,2903346.6585435905,0.0718308987961552,False,29.629653129,0.0
Grimes,9.1192170819,6.0,21.366,47.0,25.3,,888,13.571756075,4810,17.6,32.246160684,38.787020000000005,2578:1,49498,66.841644794,28360,45.585331453,68.903172455,2020,75.2355582825,,249.0,268.0,10.0,347.0,0.9788519637462236,0.9758308157099698,0.9818731117824774,0.9818731117824774,0.9818731117824774,0.9788519637462236,0.1225,0.1864,0.0827,0.86,Very High Vulnerability,0.9,Very High Concern,2578.0,1.0,medium,rural,23.469542212999997,1.0,5.96637375055,1.0,347.0,0.0,344.92966830855914,72.18862941568001,527.0,665596.2171606799,0.07917713268385032,False,32.246160684,0.0
Guadalupe,7.9980919065,56.0,35.07475,39.0,12.0,5.5054655709,3565,8.2467787828,17330,11.5,40.498684741,32.37748,3089:1,73864,40.711264071,163694,50.506432734,26.16225586,2020,87.50223745950001,,1575.0,1544.0,17.5,1905.0,0.977176220806794,0.975583864118896,0.9830148619957536,0.9814225053078556,0.9777070063694268,0.9750530785562632,0.1024,0.1543,0.0667,0.43,Moderate Vulnerability,0.77,High Concern,3089.0,1.0,large,very urban,23.469542212999997,1.0,5.5054655709,0.0,1905.0,0.0,1894.5120880874356,83.13486147190582,3136.5,3841823.2430148213,0.08164092415502885,False,40.498684741,0.0
Hale,9.6685922773,10.0,29.2963,39.0,26.2,,1204,12.527312454,4510,13.1,38.311899757,62.07508000000001,1611:1,42782,73.134942403,33830,47.803724505,23.099826317,2020,76.548736701,,352.0,304.5,5.0,432.0,0.98015873015873,0.984126984126984,0.9821428571428572,0.98015873015873,0.98015873015873,0.9781746031746033,0.1143,0.1758,0.0766,0.93,Very High Vulnerability,0.97,Very High Concern,1611.0,1.0,medium,very urban,23.469542212999997,1.0,5.96637375055,1.0,432.0,0.0,429.4225265397624,81.9705484098321,661.5,793974.6130657899,0.08331500643902667,False,38.311899757,0.0
Hall,13.089005236,1.0,32.56268,25.0,38.8,,92,12.568306011,570,18.4,,33.0251,3028:1,32597,71.769383698,3028,50.495376486,100.0,2020,65.056477907,,22.5,17.5,2.5,24.0,0.9318181818181818,0.9318181818181818,0.9772727272727272,0.9090909090909092,0.9318181818181818,0.9090909090909092,0.1241,0.1883,0.0824,0.95,Very High Vulnerability,1.0,Very High Concern,3028.0,1.0,small,very rural,23.469542212999997,1.0,5.96637375055,1.0,24.0,0.0,23.8568070299868,94.31270484653976,42.5,71065.773820964,0.05980375322031989,True,41.965456189,1.0
Hamilton,5.9390048154,8.0,94.98931,19.0,23.4,,304,16.033755274,1350,16.4,,82.50825,1212:1,49210,53.117913832,8484,50.282885431,64.377128097,2020,73.3461557245,,44.5,60.0,5.0,72.0,0.9879518072289156,0.9759036144578314,1.0,0.9879518072289156,1.0,0.9879518072289156,0.1264,0.1929,0.0847,0.61,High Vulnerability,0.78,High Concern,1212.0,1.0,small,rural,23.469542212999997,1.0,5.96637375055,1.0,72.0,0.0,71.5704210899604,62.17652393586695,109.5,199115.59613509197,0.05499318090869618,True,41.965456189,1.0
Hansford,5.4511278195,2.0,36.71746,29.0,17.2,,301,18.421052632,640,11.7,,54.91488,1821:1,57240,58.51285615,5463,49.020684606,40.334936754,2020,75.683277131,,60.0,54.0,2.5,73.0,0.970873786407767,0.970873786407767,0.9805825242718448,0.9611650485436892,0.970873786407767,0.9514563106796116,0.1241,0.1883,0.0824,0.76,High Vulnerability,0.83,Very High Concern,1821.0,1.0,small,urban,23.469542212999997,1.0,5.96637375055,1.0,73.0,0.0,72.56445471620985,82.68511109833622,116.5,128214.10910961898,0.09086363490651113,True,41.965456189,1.0
Hardeman,6.4981949458,4.0,100.15023,35.0,27.1,,176,18.803418803,630,15.7,,25.4972,3922:1,42469,78.8,3922,49.413564508,100.0,2020,68.865345181,,34.5,35.5,2.5,42.0,0.967741935483871,0.935483870967742,0.935483870967742,0.967741935483871,0.967741935483871,0.967741935483871,0.1293,0.1898,0.087,0.73,High Vulnerability,0.96,Very High Concern,3922.0,1.0,small,very rural,23.469542212999997,1.0,5.96637375055,1.0,42.0,0.0,41.7494123024769,82.63589377030152,72.5,92047.54455938599,0.07876364366593769,True,41.965456189,1.0
Hardin,8.6876155268,11.0,19.2513,42.0,17.1,5.6074766355,1302,8.7300522999,9750,17.4,59.605043734,45.44898,2200:1,60909,46.208349291,57207,50.726309717,51.547542784,2020,82.509199593,,464.0,533.0,12.5,698.0,0.9563636363636364,0.9575757575757576,0.9696969696969696,0.9672727272727272,0.9624242424242424,0.9636363636363636,0.1338,0.1949,0.0899,0.25,Low Vulnerability,0.81,Very High Concern,2200.0,1.0,large,urban,23.469542212999997,1.0,5.6074766355,0.0,698.0,0.0,694.085981308421,66.85050735721732,1009.5,1342622.101379091,0.07518869225846049,False,59.605043734,0.0
Harris,8.7174646209,2742.0,58.92998,44.0,24.8,6.1092895288,143373,11.117659238,739120,16.3,48.310296049,90.38826,1106:1,60241,64.185133746,4698619,50.328681683,1.2132803285,2020,85.230364624,,48260.0,45063.0,1943.0,63815.0,0.9689088836163068,0.9626844975811172,0.9726219455828428,0.967737959510677,0.9661664561057528,0.959033063199088,0.1057,0.1669,0.0691,0.72,High Vulnerability,0.79,High Concern,1106.0,1.0,large,very urban,23.469542212999997,1.0,6.1092895288,0.0,63815.0,0.0,63425.13568871963,76.0897071420585,95266.0,110274436.96330383,0.08638992192878009,False,48.310296049,0.0
Harrison,7.8001752848,19.0,28.50242,46.0,22.8,7.1599045346,1787,10.207345633,13210,19.8,37.916954314,59.94665,1668:1,50131,54.971772676,66726,51.05356233,56.054303607,2020,70.38683133699999,,557.0,534.0,20.0,765.0,0.9653725078698846,0.9716684155299056,0.9779643231899264,0.974816369359916,0.9727177334732424,0.9727177334732424,0.1276,0.1901,0.0861,0.73,High Vulnerability,0.94,Very High Concern,1668.0,1.0,large,rural,23.469542212999997,1.0,7.1599045346,0.0,765.0,0.0,759.522673031031,73.33553293112071,1111.0,1566028.6737046377,0.07094378402228037,False,37.916954314,0.0
Hartley,6.2222222222,,,32.0,10.3,,202,15.768930523,770,13.3,,,,72451,58.992805755,5619,40.11389927,57.258330584,2020,84.0863323955,,37.5,42.5,5.0,56.0,0.9333333333333332,0.9666666666666668,0.9666666666666668,0.9333333333333332,0.9333333333333332,0.9333333333333332,0.1241,0.1883,0.0824,0.53,Moderate Vulnerability,0.74,High Concern,,,small,rural,23.469542212999997,1.0,5.96637375055,1.0,56.0,0.0,55.6658830699692,67.3662177475284,85.0,131875.35769484699,0.06445480147753288,True,41.965456189,1.0
Haskell,6.8535825545,3.0,52.21023,37.0,33.9,,153,13.796212804,910,15.6,6.6226940725,,,40880,74.832962138,5813,46.533631516,47.61824038,2020,67.741955647,,37.0,50.0,0.0,47.0,0.9423076923076924,0.9230769230769232,0.9615384615384616,0.9423076923076924,0.9423076923076924,0.9423076923076924,0.1278,0.1901,0.086,0.98,Very High Vulnerability,0.99,Very High Concern,,,small,urban,23.469542212999997,1.0,5.96637375055,1.0,47.0,0.0,46.71958043372415,79.19591669383198,87.0,136428.448884169,0.06376969078778069,False,6.6226940725,0.0
Hays,7.2379467498,93.0,43.35968,46.0,12.1,3.4828559419,5562,10.668661526,25740,13.2,39.409104333,58.39259,1713:1,68180,44.292760965,222631,50.25131271,31.712145226,2020,86.04775476,,2026.0,1779.0,64.5,2802.0,0.9587188612099644,0.9615658362989324,0.9647686832740212,0.9637010676156584,0.9583629893238436,0.9519572953736656,0.1018,0.157,0.0664,0.49,Moderate Vulnerability,0.73,High Concern,1713.0,1.0,large,urban,23.469542212999997,1.0,3.4828559419,0.0,2802.0,0.0,2792.241037650796,72.55820585262009,3869.5,5225047.652422402,0.07405674086447897,False,39.409104333,0.0
Hemphill,5.2132701422,4.0,99.40358,34.0,13.4,,241,18.229954614,440,10.6,,52.28758,1913:1,66849,35.913978495,3825,49.803921569,26.95035461,2020,79.5468181135,,27.5,39.0,0.0,30.0,1.0,1.0,1.0,1.0,1.0,0.9777777777777776,0.1241,0.1883,0.0824,0.74,High Vulnerability,0.8,Very High Concern,1913.0,1.0,small,very urban,23.469542212999997,1.0,5.96637375055,1.0,30.0,0.0,29.8210087874835,92.2168669610611,66.5,89770.99896472499,0.07407737550757434,True,41.965456189,1.0
Henderson,7.6455534229,25.0,30.83983,52.0,29.9,7.786429366,2069,11.567059876,14200,17.8,46.582010106,46.1731,2166:1,43337,62.315654484,82299,51.094180974,60.110528192,2020,76.9357250435,,594.0,615.0,7.5,955.0,0.9661691542288556,0.9621890547263682,0.9741293532338308,0.9671641791044776,0.972139303482587,0.9671641791044776,0.1398,0.2105,0.0948,0.72,High Vulnerability,0.9,Very High Concern,2166.0,1.0,large,rural,23.469542212999997,1.0,7.786429366,0.0,955.0,0.0,947.56395995547,62.687061254199094,1216.5,1931519.8545876867,0.06298149082498979,False,46.582010106,0.0
Hidalgo,8.2134098376,387.0,44.96544,46.0,40.4,4.709081414,35069,12.1821504,95430,11.4,76.266544469,81.06806999999999,1234:1,38785,85.385181964,865939,50.980149872,5.1386929524,2020,70.6373794255,,10232.0,9900.0,399.5,13383.0,0.990500247103399,0.992092691230575,0.9949481082862006,0.9923123386963922,0.990994453901488,0.9875350063148648,0.1074,0.1741,0.0695,0.98,Very High Vulnerability,0.99,Very High Concern,1234.0,1.0,large,very urban,23.469542212999997,1.0,4.709081414,0.0,13383.0,0.0,13319.978363436438,76.81694159569365,20531.5,20323191.914383005,0.10102497721073811,False,76.266544469,0.0
Hill,7.5719872023,8.0,22.31396,38.0,20.2,,1097,12.66743649,5790,16.5,45.731384765,30.25802,3305:1,48670,63.067926226,36354,50.173295923,76.266066289,2020,79.68686808300001,,213.0,199.0,17.5,387.0,0.9421487603305784,0.9524793388429752,0.9648760330578512,0.944214876033058,0.9421487603305784,0.9400826446280992,0.1248,0.188,0.085,0.87,Very High Vulnerability,0.93,Very High Concern,3305.0,1.0,medium,rural,23.469542212999997,1.0,5.96637375055,1.0,387.0,0.0,384.69101335853713,55.36911250938975,429.5,853211.737611402,0.050339204334248995,False,45.731384765,0.0
Hockley,9.3538183461,13.0,56.30631,31.0,28.1,,719,11.478288633,2770,11.9,46.58581355,43.5161,2298:1,46764,63.325879244,22980,50.139251523,39.847394811,2020,76.2986141485,,267.0,265.0,10.0,283.0,0.975975975975976,0.978978978978979,0.975975975975976,0.981981981981982,0.978978978978979,0.972972972972973,0.1143,0.1758,0.0766,0.9,Very High Vulnerability,0.97,Very High Concern,2298.0,1.0,medium,urban,23.469542212999997,1.0,5.96637375055,1.0,283.0,0.0,281.31151622859437,94.9125736406167,542.0,539330.08005474,0.10049504376707286,False,46.58581355,0.0
Hood,7.2357531331,31.0,53.19788,49.0,16.8,6.5313739212,1538,11.870031643,8480,15.3,74.872232212,42.94894,2328:1,60917,48.281948694,60537,51.102631449,32.845531632,2020,86.636166161,,579.0,613.0,17.5,591.0,0.9236883942766296,0.9220985691573926,0.9411764705882352,0.9284578696343402,0.9300476947535772,0.920508744038156,0.1134,0.1689,0.0762,0.26,Low Vulnerability,0.66,High Concern,2328.0,1.0,large,urban,23.469542212999997,1.0,6.5313739212,0.0,591.0,0.0,587.1399580125708,98.61362560979089,1209.5,1420775.676948381,0.085129554202239,False,74.872232212,0.0
Hopkins,7.3348087259,9.0,24.66024,44.0,21.1,,1290,13.773222293,6240,17.4,44.81549393,92.3662,1083:1,52079,61.647266834,36810,50.763379516,59.62572168,2020,80.6675250965,,263.0,286.0,12.5,445.0,0.9766949152542372,0.972457627118644,0.9851694915254238,0.9788135593220338,0.9830508474576272,0.9766949152542372,0.1283,0.1937,0.0866,0.71,High Vulnerability,0.76,High Concern,1083.0,1.0,large,rural,23.469542212999997,1.0,5.96637375055,1.0,445.0,0.0,442.34496368100525,59.455859474792405,561.5,863913.8488605298,0.06499490669591622,False,44.81549393,0.0
Houston,8.8943792464,4.0,17.37544,39.0,40.8,,546,11.762171478,5160,22.6,45.425761125,34.5289,2896:1,39533,62.833983789,23169,46.544952307,73.487274566,2020,65.4394188715,,143.5,168.0,10.0,187.0,0.9547511312217196,0.9547511312217196,0.9638009049773756,0.9592760180995475,0.9638009049773756,0.9547511312217196,0.1365,0.206,0.093,0.91,Very High Vulnerability,0.97,Very High Concern,2896.0,1.0,medium,rural,23.469542212999997,1.0,5.96637375055,1.0,187.0,0.0,185.88428810864716,77.19856339666855,321.5,543765.8235329969,0.059124716208003955,False,45.425761125,0.0
Howard,9.8015267176,11.0,30.52164,38.0,25.1,7.9214195184,932,11.639815162,4770,13.1,47.378925877,101.48386,985:1,50423,58.507670851,36459,42.494308675,20.064549297,2020,76.397794006,,219.0,250.0,7.5,427.0,0.9777327935222672,0.9554655870445344,0.9878542510121456,0.9898785425101214,0.9898785425101214,0.9817813765182186,0.1235,0.1873,0.0822,0.92,Very High Vulnerability,0.97,Very High Concern,985.0,1.0,medium,very urban,23.469542212999997,1.0,7.9214195184,0.0,427.0,0.0,423.6175538656432,51.69757438084335,476.5,855676.0395437669,0.05568696305368821,False,47.378925877,0.0
Hudspeth,11.387900356,,,23.0,25.0,,146,14.092664093,500,13.4,,,,42671,91.680814941,4795,47.00729927,100.0,2020,56.51048896499999,,53.0,60.0,0.0,43.0,0.972972972972973,1.0,1.0,0.972972972972973,0.972972972972973,0.972972972972973,0.1166,0.1765,0.0789,0.98,Very High Vulnerability,0.98,Very High Concern,,,small,very rural,23.469542212999997,1.0,5.96637375055,1.0,43.0,0.0,42.74344592872635,123.99561815483058,113.0,112536.45491133498,0.10041190660309163,True,41.965456189,1.0
Hunt,8.631632394,27.0,28.76257,38.0,20.1,7.63062597,2633,11.310623309,16200,17.9,52.351984246,78.76219,1270:1,53360,54.563701669,96493,50.6772512,56.631332072,2020,80.404922588,,1086.0,960.0,25.0,1211.0,0.974910394265233,0.9695340501792116,0.978494623655914,0.9775985663082436,0.9767025089605734,0.9722222222222222,0.1122,0.1653,0.0743,0.83,Very High Vulnerability,0.87,Very High Concern,1270.0,1.0,large,rural,23.469542212999997,1.0,7.63062597,0.0,1211.0,0.0,1201.75931195033,90.36751279568081,2071.0,2264646.5367590087,0.09144914963038156,False,52.351984246,0.0
Hutchinson,9.2692496322,7.0,32.74854,38.0,18.9,,734,12.827682628,3460,15.9,43.164571689,37.73941,2650:1,54351,49.167253108,21198,49.698084725,22.564334086,2020,81.183523148,,204.0,197.0,5.0,231.0,0.9593220338983052,0.9627118644067796,0.9694915254237289,0.9593220338983052,0.9593220338983052,0.9559322033898304,0.1241,0.1883,0.0824,0.66,High Vulnerability,0.86,Very High Concern,2650.0,1.0,medium,very urban,23.469542212999997,1.0,5.96637375055,1.0,231.0,0.0,229.62176766362296,88.84175140522534,406.0,497507.35583117395,0.08160683359579785,False,43.164571689,0.0
Irion,10.377358491,0.0,0.0,38.0,10.2,,50,13.736263736,210,13.4,,0.0,1522:0,56775,26.353790614,1522,48.685939553,100.0,2020,66.7379055315,,20.0,25.0,0.0,12.0,0.9615384615384616,0.9615384615384616,0.9615384615384616,0.9615384615384616,0.9615384615384616,0.9615384615384616,0.1235,0.1873,0.0822,0.2,Low Vulnerability,0.88,Very High Concern,1522.0,0.0,small,very rural,23.469542212999997,1.0,5.96637375055,1.0,12.0,0.0,11.9284035149934,167.6670308382929,45.0,35720.643248185996,0.12597757461236433,True,41.965456189,1.0
Jack,7.3282442748,4.0,45.28986,34.0,21.9,,322,16.035856574,1410,15.9,,22.61676,4422:1,48780,61.412051126,8843,43.593803008,53.217602831,2020,71.3267446875,,62.0,87.0,10.0,80.0,0.9428571428571428,0.9714285714285714,0.9809523809523808,0.9523809523809524,0.9523809523809524,0.9428571428571428,0.1293,0.1898,0.087,0.65,High Vulnerability,0.98,Very High Concern,4422.0,1.0,small,urban,23.469542212999997,1.0,5.96637375055,1.0,80.0,0.0,79.522690099956,77.96516933980621,159.0,207541.16178955897,0.07661130863342744,True,41.965456189,1.0
Jackson,6.9896193772,1.0,6.75447,38.0,19.4,,504,12.804878049,2060,14.0,41.783387714,60.50827,1653:1,54088,55.189107413,14874,50.248756219,61.818827709,2020,74.615130252,,163.0,180.0,2.5,201.0,0.9877551020408164,0.979591836734694,0.9877551020408164,0.9877551020408164,0.9877551020408164,0.9836734693877552,0.1134,0.1709,0.0762,0.68,High Vulnerability,0.93,Very High Concern,1653.0,1.0,medium,rural,23.469542212999997,1.0,5.96637375055,1.0,201.0,0.0,199.80075887613944,81.58127172131864,345.5,349085.97087616194,0.09897275422808839,False,41.783387714,0.0
Jasper,8.0478882607,14.0,39.36897,38.0,29.9,,864,9.779286927,7520,21.2,59.808008805,64.11686,1560:1,47551,64.394925179,35872,50.485057984,78.185382246,2020,69.4538518335,,230.0,296.0,7.5,352.0,0.9124293785310734,0.923728813559322,0.9378531073446328,0.9350282485875706,0.9209039548022598,0.923728813559322,0.1428,0.2169,0.0983,0.82,Very High Vulnerability,0.92,Very High Concern,1560.0,1.0,medium,rural,23.469542212999997,1.0,5.96637375055,1.0,352.0,0.0,349.8998364398064,65.7330973172853,533.5,841899.4182647358,0.06336861487558845,False,59.808008805,0.0
Jeff Davis,,1.0,43.85965,24.0,34.4,,26,20.3125,220,9.8,,44.40497,2252:1,51343,54.44015444,2252,48.756660746,100.0,2020,62.181981285,,7.5,12.5,0.0,17.0,0.9230769230769232,0.9230769230769232,0.9230769230769232,0.8461538461538461,0.9230769230769232,0.8461538461538461,0.1166,0.1765,0.0789,0.36,Low Vulnerability,0.89,Very High Concern,2252.0,1.0,small,very rural,23.469542212999997,1.0,5.96637375055,1.0,17.0,0.0,16.89857164624065,44.382449339548124,20.0,52853.409063675994,0.03784051086639403,True,41.965456189,1.0
Jefferson,10.120481928,145.0,56.57455,42.0,27.8,9.0358982746,6681,10.590976824,58010,22.8,50.850819321,117.25444,853:1,48121,68.061438213,255001,48.714710923,8.4020089348,2020,75.616812433,,2165.0,2405.0,45.5,3192.0,0.9674946335479914,0.9619748543391596,0.977307574363692,0.977307574363692,0.9727077583563324,0.968721251149954,0.1231,0.1913,0.0827,0.86,Very High Vulnerability,0.95,Very High Concern,853.0,1.0,large,very urban,23.469542212999997,1.0,9.0358982746,0.0,3192.0,0.0,3163.157412707477,68.44426999751768,4615.5,5984756.733857213,0.07712092914134677,False,50.850819321,0.0
Jim Hogg,8.9500860585,1.0,19.22338,30.0,38.6,,139,8.7202007528,470,8.9,,,,36176,83.753258036,5248,48.666158537,17.396226415,2020,57.000620977500006,,31.0,34.5,2.5,56.0,0.9801980198019802,1.0,1.0,1.0,1.0,1.0,0.1146,0.1867,0.0742,0.99,Very High Vulnerability,1.0,Very High Concern,,,small,very urban,23.469542212999997,1.0,5.96637375055,1.0,56.0,0.0,55.6658830699692,55.68940667129015,68.0,123168.15753382398,0.05520907461924653,True,41.965456189,1.0
Jim Wells,10.120705664,11.0,26.91395,37.0,33.3,4.5861041046,1261,10.577084382,4420,10.7,,71.04013,1408:1,41919,68.442174389,40822,50.409093136,40.085214751,2020,62.324559399500004,,401.0,430.0,5.0,540.0,0.9735099337748344,0.9701986754966888,0.9784768211920528,0.9751655629139072,0.9735099337748344,0.9751655629139072,0.0992,0.1603,0.0642,0.92,Very High Vulnerability,0.99,Very High Concern,1408.0,1.0,large,urban,23.469542212999997,1.0,4.5861041046,0.0,540.0,0.0,537.523503783516,74.60138899554056,836.0,958073.6522190858,0.08725842716409751,True,41.965456189,1.0
Johnson,6.758821895,77.0,46.02483,46.0,15.5,6.7567567568,4649,10.179326049,22440,14.0,42.106967902,53.10427000000001,1883:1,62635,51.386599152,171361,50.135094917,37.874170167,2020,86.7484009435,,1357.0,1165.0,21.0,2123.0,0.95088257866462,0.9466615502686108,0.9616270145817344,0.9574059861857253,0.95663852647736,0.953184957789716,0.1346,0.1961,0.0907,0.51,Moderate Vulnerability,0.73,High Concern,1883.0,1.0,large,urban,23.469542212999997,1.0,6.7567567568,0.0,2123.0,0.0,2108.6554054053136,64.35380558252785,2543.0,4021764.2231618925,0.0632309568361694,False,42.106967902,0.0
Jones,7.0886075949,6.0,30.02552,30.0,24.0,,444,12.144420131,3350,16.8,46.309382665,35.32321,2831:1,43903,61.744966443,19817,37.260937579,85.14998515,2020,78.060381691,,158.5,134.0,0.0,147.0,0.9853658536585366,0.9853658536585366,0.9951219512195122,0.9902439024390244,0.9853658536585366,0.9804878048780488,0.1278,0.1901,0.086,0.63,High Vulnerability,0.97,Very High Concern,2831.0,1.0,medium,very rural,23.469542212999997,1.0,5.96637375055,1.0,147.0,0.0,146.12294305866914,108.47030362395687,292.5,465095.91803502094,0.06289025309785136,False,46.309382665,0.0
Karnes,8.1214109926,4.0,26.338320000000003,43.0,25.3,,397,12.204119275,1790,11.9,52.322555233,19.16933,5217:1,48743,70.358934774,15650,41.156549521,38.390447922,2020,69.115869225,,152.0,179.0,32.0,175.0,0.9748743718592964,0.9748743718592964,0.984924623115578,0.984924623115578,0.984924623115578,0.984924623115578,0.1134,0.1709,0.0762,0.84,Very High Vulnerability,0.97,Very High Concern,5217.0,1.0,medium,urban,23.469542212999997,1.0,5.96637375055,1.0,175.0,0.0,173.95588459365376,87.3784754997275,363.0,367298.33563344995,0.09882974268695312,False,52.322555233,0.0
Kaufman,8.2398348443,39.0,31.73751,50.0,15.3,5.6159086724,3831,10.795806797,16950,14.8,36.9588973,42.76096,2339:1,67434,48.385723409,128622,50.739375846,48.817610063,2020,83.096977818,,1830.0,1626.0,30.0,2028.0,0.96048632218845,0.9594731509625126,0.9706180344478216,0.9645390070921984,0.9620060790273556,0.9498480243161094,0.1236,0.185,0.0839,0.57,Moderate Vulnerability,0.77,High Concern,2339.0,1.0,large,urban,23.469542212999997,1.0,5.6159086724,0.0,2028.0,0.0,2016.6109372123728,90.74630937634747,3486.0,3018699.4585204856,0.11548019429892323,False,36.9588973,0.0
Kendall,7.1287908625,38.0,86.31263,47.0,10.5,,1355,12.362010765,4560,11.3,34.701562339,105.1686,951:1,90937,23.858383132,45641,51.030871366,58.159233762,2020,90.3562575025,,345.0,269.0,10.0,385.0,0.9370277078085644,0.9345088161209067,0.9408060453400504,0.9395465994962215,0.9382871536523928,0.9357682619647356,0.1008,0.1475,0.0669,0.23,Low Vulnerability,0.47,Moderate Concern,951.0,1.0,large,rural,23.469542212999997,1.0,5.96637375055,1.0,385.0,0.0,382.70294610603827,90.14824774941982,624.0,1071173.3761435328,0.058253875039962405,False,34.701562339,0.0
Kenedy,,0.0,0.0,44.0,20.3,,16,13.223140496,70,11.6,,0.0,442:0,42153,76.923076923,442,48.416289593,100.0,2020,49.305473576500006,,2.5,5.0,0.0,,1.0,1.0,1.0,1.0,1.0,1.0,0.0992,0.1603,0.0642,0.73,High Vulnerability,0.99,Very High Concern,442.0,0.0,small,very rural,23.469542212999997,1.0,5.96637375055,1.0,213.5,1.0,212.22617920425756,1.177988507060606,7.5,10373.537658145999,0.07229934711916235,True,41.965456189,1.0
Kent,,0.0,0.0,20.0,20.3,,24,15.094339623,100,14.9,,0.0,726:0,47625,36.184210526,726,50.275482094,100.0,2020,76.3236763235,,5.0,12.5,0.0,,1.0,1.0,1.0,1.0,1.0,1.0,0.1278,0.1901,0.086,0.44,Moderate Vulnerability,0.91,Very High Concern,726.0,0.0,small,very rural,23.469542212999997,1.0,5.96637375055,1.0,213.5,1.0,212.22617920425756,2.355977014121212,17.5,17038.887646638,0.10270623507194136,True,41.965456189,1.0
Kerr,8.1704668838,44.0,85.07347,49.0,23.3,5.731441048,1384,13.452566096,7110,14.0,50.668821992,87.77788,1139:1,53704,59.460610362,52405,51.87672932,41.102267003,2020,84.3974318485,,370.0,374.0,20.0,485.0,0.9388145315487572,0.9349904397705544,0.9541108986615678,0.9292543021032504,0.9388145315487572,0.9196940726577438,0.1008,0.1475,0.0669,0.7,High Vulnerability,0.6,High Concern,1139.0,1.0,large,urban,23.469542212999997,1.0,5.731441048,0.0,485.0,0.0,482.22025109172,76.72842423401764,764.0,1229921.359672265,0.062117792653310924,False,50.668821992,0.0
Kimble,6.862745098,3.0,68.02721,24.0,35.9,,105,12.589928058,710,16.1,,114.62632,872:1,42503,61.463414634,4362,51.077487391,44.302148904,2020,73.091226779,,34.5,33.0,5.0,54.0,0.9583333333333334,0.9791666666666666,0.9791666666666666,0.9791666666666666,0.9583333333333334,0.9583333333333334,0.1235,0.1873,0.0822,0.59,Moderate Vulnerability,0.82,Very High Concern,872.0,1.0,small,urban,23.469542212999997,1.0,5.96637375055,1.0,54.0,0.0,53.6778158174703,64.27236182134563,72.5,102374.14313310599,0.07081866356208337,True,41.965456189,1.0
King,,0.0,0.0,,15.7,,18,20.454545455,40,15.5,,0.0,277:0,57925,0.0,277,49.458483755,100.0,2020,90.266955267,,10.0,7.5,0.0,,0.8888888888888888,0.8888888888888888,0.7777777777777778,0.8888888888888888,0.8888888888888888,0.7777777777777778,0.1143,0.1758,0.0766,0.2,Very Low Vulnerability,0.68,High Concern,277.0,0.0,small,very rural,23.469542212999997,1.0,5.96637375055,1.0,213.5,1.0,212.22617920425756,4.711954028242424,17.5,6501.0631930009995,0.2691867388528138,True,41.965456189,1.0
Kinney,8.0,,,25.0,26.6,,100,13.192612137,320,8.7,,26.54632,3767:1,43192,59.487179487,3767,44.942925405,20.455808783,2020,53.710888277500004,,25.0,22.5,0.0,25.0,0.972972972972973,1.0,1.0,1.0,0.972972972972973,1.0,0.107,0.1724,0.0705,0.86,Very High Vulnerability,0.98,Very High Concern,3767.0,1.0,small,very urban,23.469542212999997,1.0,5.96637375055,1.0,25.0,0.0,24.85084065623625,100.60021850297574,47.5,88409.76551637099,0.05372709646108534,True,41.965456189,1.0
Kleberg,7.773512476,14.0,45.03345,37.0,33.3,,714,9.1129546905,4100,13.0,35.094348084,44.97414,2224:1,42605,67.918708038,31129,48.796941758,18.870278532,2020,75.802774038,,315.0,285.0,12.5,376.0,0.988826815642458,0.9804469273743016,0.9916201117318436,0.988826815642458,0.988826815642458,0.988826815642458,0.0992,0.1603,0.0642,0.98,Very High Vulnerability,0.99,Very High Concern,2224.0,1.0,medium,very urban,23.469542212999997,1.0,5.96637375055,1.0,376.0,0.0,373.7566434697932,84.27943837350362,612.5,730583.3795484769,0.08383711115609335,False,35.094348084,0.0
Knox,8.2595870206,1.0,26.95418,13.0,31.5,,186,18.1640625,500,13.2,46.549184776,164.24856,609:1,39726,64.52991453,3653,50.479058308,100.0,2020,76.98307030149999,,42.5,35.0,0.0,43.0,1.0,1.0,1.0,1.0,1.0,1.0,0.1278,0.1901,0.086,0.8,High Vulnerability,0.93,Very High Concern,609.0,1.0,small,very rural,23.469542212999997,1.0,5.96637375055,1.0,43.0,0.0,42.74344592872635,99.43044852038301,77.5,85734.23770408898,0.09039562498647345,False,46.549184776,0.0
La Salle,9.1988130564,,,24.0,35.5,,116,7.4694140373,370,5.0,,119.50604,837:1,40072,87.391304348,7531,40.817952463,46.354923032,2020,60.493091022,,33.5,63.0,0.0,79.0,0.9896907216494846,,,0.979381443298969,,0.979381443298969,0.107,0.1724,0.0705,0.82,Very High Vulnerability,0.97,Very High Concern,837.0,1.0,small,urban,23.469542212999997,1.0,5.96637375055,1.0,79.0,0.0,78.52865647370655,42.65958632721124,96.5,176749.12240610298,0.054597159344463006,True,41.965456189,1.0
Lamar,8.8082901554,25.0,50.41644,48.0,22.2,6.5416484954,1451,11.858450474,9970,20.2,40.132093431,98.53604,1015:1,45767,62.569508804,49728,51.797779923,47.082923302,2020,67.886843509,,536.0,593.0,15.0,632.0,0.9690265486725664,0.976401179941003,0.9823008849557522,0.9749262536873156,0.976401179941003,0.971976401179941,0.1283,0.1937,0.0866,0.84,Very High Vulnerability,0.94,Very High Concern,1015.0,1.0,large,urban,23.469542212999997,1.0,6.5416484954,0.0,632.0,0.0,627.8656781509072,85.36857781086938,1144.0,1167093.395168064,0.09802128987588535,False,40.132093431,0.0
Lamb,8.6722947045,3.0,22.71007,36.0,27.8,,557,14.677206851,1730,13.0,28.880957249,68.39945,1462:1,42700,70.252951096,13158,50.425596595,57.687629677,2020,68.8502877845,,131.5,169.0,7.5,181.0,0.9942196531791908,0.9884393063583816,0.9942196531791908,1.0,0.9942196531791908,0.9884393063583816,0.1143,0.1758,0.0766,0.9,Very High Vulnerability,0.99,Very High Concern,1462.0,1.0,medium,rural,23.469542212999997,1.0,5.96637375055,1.0,181.0,0.0,179.92008635115045,73.08800405050448,308.0,308812.23643865396,0.0997369804875542,False,28.880957249,0.0
Lampasas,5.8561425843,9.0,42.80211,26.0,20.2,,643,12.793473936,2960,14.5,50.561469143,32.97376,3033:1,55151,50.709606987,21229,50.723067502,68.267520455,2020,79.4086291255,,121.0,137.0,7.5,203.0,0.9450980392156862,0.9490196078431372,0.9647058823529412,0.9568627450980391,0.9490196078431372,0.9490196078431372,0.1264,0.1929,0.0847,0.54,Moderate Vulnerability,0.88,Very High Concern,3033.0,1.0,medium,rural,23.469542212999997,1.0,5.96637375055,1.0,203.0,0.0,201.78882612863836,59.96367703871953,265.5,498234.91163977695,0.053288116468232574,False,50.561469143,0.0
Lavaca,7.3981191223,14.0,69.78367,35.0,22.2,,611,12.26661313,2920,14.7,26.126186752,54.69915,1828:1,51128,42.534864643,20110,51.158627548,81.316513523,2020,77.145324458,,197.0,214.0,7.5,227.0,0.9797101449275364,0.9681159420289857,0.982608695652174,0.9797101449275364,0.982608695652174,0.9710144927536232,0.1134,0.1709,0.0762,0.69,High Vulnerability,0.91,Very High Concern,1828.0,1.0,medium,very rural,23.469542212999997,1.0,5.96637375055,1.0,227.0,0.0,225.64563315862515,87.30503544090847,418.5,471972.49390342995,0.08867042156181862,False,26.126186752,0.0
Lee,7.5799721836,4.0,23.27882,48.0,17.8,,501,13.208542051,2490,14.8,43.737213003,34.99767,2857:1,55834,63.832982878,17144,49.784181055,69.720683843,2020,78.4640751045,,151.5,161.5,7.5,209.0,0.9714285714285714,0.9755102040816328,0.9877551020408164,0.9755102040816328,0.9755102040816328,0.9714285714285714,0.124,0.188,0.0827,0.68,High Vulnerability,0.88,Very High Concern,2857.0,1.0,medium,rural,23.469542212999997,1.0,5.96637375055,1.0,209.0,0.0,207.75302788613504,72.92312489569774,320.5,402361.8316996719,0.07965467267263694,False,43.737213003,0.0
Leon,7.1967100754,,,43.0,24.4,,688,16.966707768,3050,18.0,23.450372137,28.95194,3454:1,47065,51.46875,17270,50.277938622,100.0,2020,71.5297189555,,126.5,162.0,10.0,199.0,0.9809523809523808,0.9809523809523808,0.9857142857142858,0.9809523809523808,0.9857142857142858,0.9809523809523808,0.1225,0.1864,0.0827,0.62,High Vulnerability,0.92,Very High Concern,3454.0,1.0,medium,very rural,23.469542212999997,1.0,5.96637375055,1.0,199.0,0.0,197.81269162364055,63.949385128776036,298.5,405318.9940185099,0.07364569743957478,False,23.450372137,0.0
Liberty,8.748403576,20.0,23.90686,35.0,23.2,7.02172761,2977,13.224645729,14210,17.8,30.846808228,39.38695,2539:1,52577,66.212406015,86323,50.425726631,63.227264915,2020,80.9512698975,,1074.0,1070.0,26.0,1259.0,0.9725738396624471,0.9704641350210972,0.9824191279887482,0.978902953586498,0.9760900140646976,0.969760900140647,0.1377,0.2028,0.0929,0.94,Very High Vulnerability,0.97,Very High Concern,2539.0,1.0,large,rural,23.469542212999997,1.0,7.02172761,0.0,1259.0,0.0,1250.15964493901,85.90902804676566,2170.0,2025961.2924527987,0.10710964755762023,False,30.846808228,0.0
Limestone,10.062590274,8.0,34.00349,43.0,33.0,,616,11.298606016,4500,19.2,26.097624129,63.77822,1568:1,43226,74.536340852,23519,48.369403461,53.617858365,2020,65.187984426,,157.0,215.0,7.5,273.0,0.975438596491228,0.9719298245614036,0.9824561403508772,0.9789473684210528,0.9789473684210528,0.9789473684210528,0.1248,0.188,0.085,0.95,Very High Vulnerability,0.98,Very High Concern,1568.0,1.0,medium,urban,23.469542212999997,1.0,5.96637375055,1.0,273.0,0.0,271.3711799660999,57.85433811343294,379.5,551980.1633075469,0.06875247069133424,False,26.097624129,0.0
Lipscomb,6.309148265,,,29.0,17.5,,256,27.497314715,420,12.0,,29.80626,3355:1,57332,62.532299742,3355,48.315946349,100.0,2020,84.4937754285,,32.0,46.0,5.0,27.0,0.921875,0.90625,0.9375,0.9375,0.890625,0.796875,0.1241,0.1883,0.0824,0.46,Moderate Vulnerability,0.87,Very High Concern,3355.0,1.0,small,very rural,23.469542212999997,1.0,5.96637375055,1.0,27.0,0.0,26.83890790873515,119.22988859611941,83.0,78740.31412461499,0.10540979029959623,True,41.965456189,1.0
Live Oak,7.5081610446,1.0,8.214229999999999,34.0,25.6,,384,15.0,1500,12.5,,32.87851,3042:1,48814,61.417322835,12166,45.199736972,100.0,2020,61.3265798115,,88.5,106.0,2.5,122.0,1.0,0.9924812030075189,1.0,1.0,1.0,1.0,0.1146,0.1867,0.0742,0.69,High Vulnerability,0.95,Very High Concern,3042.0,1.0,medium,very rural,23.469542212999997,1.0,5.96637375055,1.0,122.0,0.0,121.2721024024329,72.97638801240454,197.0,285530.45056335797,0.06899439258100654,True,41.965456189,1.0
Llano,8.1244598099,17.0,80.15087,39.0,23.4,,457,13.42143906,3150,15.6,,27.71875,3608:1,54019,58.899176955,21646,51.575348794,45.179006269,2020,82.3330972935,,108.5,127.0,7.5,174.0,0.9473684210526316,0.9473684210526316,0.962406015037594,0.962406015037594,0.9548872180451128,0.9548872180451128,0.1264,0.1929,0.0847,0.47,Moderate Vulnerability,0.76,High Concern,3608.0,1.0,medium,urban,23.469542212999997,1.0,5.96637375055,1.0,174.0,0.0,172.9618509674043,62.730596020533724,243.0,508021.71074259793,0.04783260141476948,True,41.965456189,1.0
Loving,,0.0,0.0,,9.6,,9,17.647058824,10,17.7,,0.0,152:0,78637,,152,44.078947368,100.0,2020,85.0537634405,,0.0,2.5,0.0,0.0,,,,,,,0.1166,0.1765,0.0789,0.76,High Vulnerability,0.83,Very High Concern,152.0,0.0,small,very rural,23.469542212999997,1.0,5.96637375055,1.0,0.0,0.0,0.0,,2.5,3567.3704163759994,0.0700796303216442,True,41.965456189,1.0
Lubbock,8.8743528753,251.0,82.23442,45.0,20.3,5.0405662006,7177,9.4384534456,47350,15.9,43.908668797,144.43158,692:1,50377,54.949407797,307412,50.729314405,11.335540166,2020,81.13928584749999,,3256.0,3146.0,34.5,3980.0,0.9411619891678976,0.948547513540128,0.964303298867553,0.947562776957164,0.946085672082718,0.9428852781880848,0.109,0.1714,0.0711,0.75,High Vulnerability,0.74,High Concern,692.0,1.0,large,very urban,23.469542212999997,1.0,5.0405662006,0.0,3980.0,0.0,3959.938546521612,82.22349821211374,6436.5,7214818.910782755,0.08921221834660971,False,43.908668797,0.0
Lynn,8.8122605364,3.0,51.20328,31.0,26.8,,195,12.081784387,720,12.5,,68.06193999999999,1469:1,43436,57.998683344,5877,49.004594181,56.720202874,2020,75.5169480685,,64.5,69.0,0.0,68.0,0.967741935483871,0.9758064516129032,0.9758064516129032,0.9758064516129032,0.967741935483871,0.9596774193548387,0.1143,0.1758,0.0766,0.89,Very High Vulnerability,0.99,Very High Concern,1469.0,1.0,small,rural,23.469542212999997,1.0,5.96637375055,1.0,68.0,0.0,67.5942865849626,95.42226608002846,133.5,137930.49958580098,0.09678787534366542,True,41.965456189,1.0
Madison,7.3646850044,3.0,21.09408,42.0,23.4,,397,12.785829308,2440,17.4,46.613383608,27.7354,3606:1,45445,69.34710439,14422,42.566911663,67.403395785,2020,72.375257957,,107.0,122.0,0.0,176.0,1.0,0.9891304347826086,1.0,1.0,1.0,0.9836956521739132,0.1225,0.1864,0.0827,0.84,Very High Vulnerability,0.96,Very High Concern,3606.0,1.0,medium,rural,23.469542212999997,1.0,5.96637375055,1.0,176.0,0.0,174.9499182199032,61.16036011260457,229.0,338477.73779588594,0.06765585278701404,False,46.613383608,0.0
Marion,9.8613251156,,,37.0,34.0,,220,11.311053985,2290,22.6,35.431635318,30.21757,3309:1,38011,74.29245283,9928,51.228847703,100.0,2020,65.7535417355,,51.5,28.5,0.0,91.0,0.9722222222222222,0.9444444444444444,1.0,0.9861111111111112,0.9861111111111112,0.9722222222222222,0.1276,0.1901,0.0861,0.69,High Vulnerability,0.97,Very High Concern,3309.0,1.0,medium,very rural,23.469542212999997,1.0,5.96637375055,1.0,91.0,0.0,90.45705998869995,56.933090691244516,80.0,233005.61509066398,0.03433393653147435,False,35.431635318,0.0
Martin,8.2335329341,2.0,35.54924,35.0,19.6,,324,17.792421746,460,8.2,,34.76447,2877:1,56484,51.265822785,5753,49.40031288,100.0,2020,67.43960031099999,,34.5,52.5,2.5,86.0,0.9401709401709402,0.9145299145299144,0.9572649572649572,0.9658119658119658,0.9487179487179488,0.9230769230769232,0.1235,0.1873,0.0822,0.42,Moderate Vulnerability,0.89,Very High Concern,2877.0,1.0,small,very rural,23.469542212999997,1.0,5.96637375055,1.0,86.0,0.0,85.4868918574527,40.35706439944957,89.5,135020.27635138898,0.0662863404064417,True,41.965456189,1.0
Mason,6.8965517241,,,42.0,23.4,,234,25.490196078,570,13.8,,46.72897,2140:1,49560,46.153846154,4280,49.929906542,100.0,2020,75.13475069,,27.5,44.5,7.5,33.0,0.9682539682539684,0.9365079365079364,0.9682539682539684,0.9682539682539684,0.9682539682539684,0.9682539682539684,0.1235,0.1873,0.0822,0.36,Low Vulnerability,0.81,Very High Concern,2140.0,1.0,small,very rural,23.469542212999997,1.0,5.96637375055,1.0,33.0,0.0,32.80310966623185,83.83351541914647,79.5,100449.64067163998,0.07914413577633164,True,41.965456189,1.0
Matagorda,8.5486018642,14.0,38.00217,38.0,27.8,,1164,12.019826518,6200,16.9,43.297337313,54.71657,1828:1,48830,65.86013986,36552,49.619719851,36.417633916,2020,65.83799234450001,,446.0,421.0,17.5,495.0,0.9767857142857144,0.9696428571428573,0.9821428571428572,0.9803571428571428,0.9767857142857144,0.9767857142857144,0.1114,0.1704,0.0738,0.91,Very High Vulnerability,0.94,Very High Concern,1828.0,1.0,large,urban,23.469542212999997,1.0,5.96637375055,1.0,495.0,0.0,492.04664499347774,90.64181303500442,884.5,857858.7069695758,0.10310555722218356,False,43.297337313,0.0
Maverick,7.9604578564,15.0,25.76611,26.0,35.0,5.4275880328,2420,12.774493243,5740,10.0,55.092817391,46.16568,2166:1,35594,76.292689617,58485,50.110284688,9.2557779498,2020,63.3641595525,,753.0,661.0,27.5,1026.0,0.9864995178399228,0.9797492767598844,0.9942140790742526,0.9932497589199616,0.9932497589199616,0.982642237222758,0.107,0.1724,0.0705,0.97,Very High Vulnerability,1.0,Very High Concern,2166.0,1.0,large,very urban,23.469542212999997,1.0,5.4275880328,0.0,1026.0,0.0,1020.4312946783472,73.79232721761588,1441.5,1372616.176327305,0.10501843303763234,False,55.092817391,0.0
McCulloch,7.654723127,4.0,50.2702,23.0,28.2,,243,13.015532941,1130,13.8,38.048048048,37.56104,2662:1,42719,66.575716235,7987,49.768373607,35.325365206,2020,79.99212508049999,,59.5,56.5,2.5,76.0,0.988095238095238,0.988095238095238,0.988095238095238,0.988095238095238,0.988095238095238,0.988095238095238,0.1235,0.1873,0.0822,0.74,High Vulnerability,0.93,Very High Concern,2662.0,1.0,small,urban,23.469542212999997,1.0,5.96637375055,1.0,76.0,0.0,75.5465555949582,78.75938159114548,118.5,187451.233655231,0.06321644178557433,False,38.048048048,0.0
McLennan,8.2675546785,187.0,74.42519,49.0,23.4,6.8851099129,6105,9.5728666855,44960,18.3,41.276867876,72.26824,1384:1,48858,61.807808723,254607,51.115248206,23.351893949,2020,79.62727438900001,,2332.0,2327.0,30.0,3199.0,0.9707960433349034,0.9689119170984456,0.9745642958078192,0.96938294865756,0.9710315591144608,0.9689119170984456,0.1128,0.178,0.0742,0.84,Very High Vulnerability,0.88,Very High Concern,1384.0,1.0,large,very urban,23.469542212999997,1.0,6.8851099129,0.0,3199.0,0.0,3176.974533388633,73.40316944601491,4689.0,5975509.73422529,0.07847029305539098,False,41.276867876,0.0
McMullen,,0.0,0.0,28.0,15.9,,31,18.235294118,40,7.0,,133.51135,749:1,64633,21.789883268,749,45.126835781,100.0,2020,76.79443635749999,,10.0,12.5,0.0,12.0,,,,,,,0.1146,0.1867,0.0742,0.76,High Vulnerability,0.83,Very High Concern,749.0,1.0,small,very rural,23.469542212999997,1.0,5.96637375055,1.0,12.0,0.0,11.9284035149934,83.83351541914645,22.5,17578.687117536996,0.12799590691590024,True,41.965456189,1.0
Medina,8.1729567608,14.0,27.96309,37.0,17.9,6.1823802164,1368,11.133718564,4440,9.1,52.730520001,19.63826,5092:1,59304,58.636085091,50921,48.398499637,61.555014563,2020,76.75550454399999,,386.0,360.0,15.0,597.0,0.9822695035460992,0.9810874704491724,0.9893617021276596,0.983451536643026,0.9858156028368794,0.9775413711583923,0.1146,0.174,0.0756,0.67,High Vulnerability,0.95,Very High Concern,5092.0,1.0,large,rural,23.469542212999997,1.0,6.1823802164,0.0,597.0,0.0,593.3091190108092,65.05883486900656,761.0,1195092.5590281729,0.0636770762441054,False,52.730520001,0.0
Menard,,1.0,47.08098,27.0,40.8,,71,18.34625323,270,12.7,,46.75082,2139:1,35881,72.063492063,2139,50.350631136,100.0,2020,64.77660578,,20.0,27.5,0.0,14.0,1.0,1.0,1.0,1.0,1.0,1.0,0.1235,0.1873,0.0822,0.59,Moderate Vulnerability,0.97,Very High Concern,2139.0,1.0,small,very rural,23.469542212999997,1.0,5.96637375055,1.0,14.0,0.0,13.9164707674923,143.71459786139394,47.5,50201.350793606995,0.0946189679144032,True,41.965456189,1.0
Midland,8.2433114589,59.0,35.74696,42.0,13.5,5.9576691926,7145,14.548675449,16420,10.3,42.694441943,87.49667000000001,1143:1,80189,46.301894397,172578,49.528329219,12.291776258,2020,85.442602044,,2000.0,1870.0,36.0,2919.0,0.9660892001474384,0.9587172871360118,0.978252856616292,0.9708809436048654,0.9712495392554368,0.9609288610394398,0.1034,0.1564,0.067,0.47,Moderate Vulnerability,0.72,High Concern,1143.0,1.0,large,very urban,23.469542212999997,1.0,5.9576691926,0.0,2919.0,0.0,2901.6095636268005,68.92726109918613,3906.0,4050326.6560351136,0.09643666626690313,False,42.694441943,0.0
Milam,7.4387947269,2.0,7.98308,40.0,25.4,,754,11.91906418,4120,16.8,22.632995263,67.64554,1478:1,46720,65.911474722,25131,50.718236441,56.182089914,2020,70.8094282955,,211.0,218.0,12.5,295.0,0.98125,0.978125,0.9875,0.984375,0.984375,0.984375,0.1225,0.1864,0.0827,0.76,High Vulnerability,0.95,Very High Concern,1478.0,1.0,medium,rural,23.469542212999997,1.0,5.96637375055,1.0,295.0,0.0,293.23991974358773,71.95473255636571,441.5,589813.0653549029,0.07485422516612787,False,22.632995263,0.0
Mills,9.3425605536,2.0,40.64215,18.0,24.6,,203,19.670542636,690,14.2,,60.96322,1640:1,47068,59.022118743,4921,50.091444828,100.0,2020,73.9961990765,,35.5,39.0,2.5,28.0,0.98,0.98,0.98,0.98,0.98,0.98,0.1264,0.1929,0.0847,0.77,High Vulnerability,0.95,Very High Concern,1640.0,1.0,small,very rural,23.469542212999997,1.0,5.96637375055,1.0,28.0,0.0,27.8329415349846,127.54670560198711,77.0,115493.61723017298,0.06667035100869935,True,41.965456189,1.0
Mitchell,9.9270072993,4.0,47.23666,26.0,26.7,,247,13.251072961,1080,12.3,21.92063978,24.55494,4073:1,48529,55.808980756,8145,41.669736034,36.74359247,2020,69.336736978,,45.5,83.0,0.0,72.0,0.9690721649484536,0.979381443298969,0.979381443298969,0.979381443298969,0.979381443298969,0.979381443298969,0.1278,0.1901,0.086,0.62,High Vulnerability,0.97,Very High Concern,4073.0,1.0,small,urban,23.469542212999997,1.0,5.96637375055,1.0,72.0,0.0,71.5704210899604,63.57374919285272,128.5,191159.42132488498,0.0672213794692378,False,21.92063978,0.0
Montague,8.141025641,6.0,30.70782,26.0,20.9,,712,15.371329879,3270,16.9,,15.30925,6532:1,50542,54.915354915,19596,50.918554807,58.943151275,2020,74.0056887105,,156.0,161.0,2.5,210.0,0.881578947368421,0.912280701754386,0.9210526315789472,0.881578947368421,0.8859649122807017,0.8728070175438597,0.1293,0.1898,0.087,0.58,Moderate Vulnerability,0.93,Very High Concern,6532.0,1.0,medium,rural,23.469542212999997,1.0,5.96637375055,1.0,210.0,0.0,208.7470615123845,74.73159088792484,319.5,459909.14920594794,0.06947024223189077,True,41.965456189,1.0
Montgomery,7.1694504913,354.0,62.00366,47.0,12.9,5.0282714055,17341,10.888552609,73710,13.8,38.267285974,66.67513000000001,1500:1,77598,42.256969762,590925,50.457672293,22.725597153,2020,90.7773444195,,5733.0,5492.0,84.5,7433.0,0.9536771728748806,0.9452005730659024,0.9621537726838586,0.9576170009551098,0.9570200573065902,0.9472301814708692,0.1086,0.1585,0.0725,0.39,Low Vulnerability,0.67,High Concern,1500.0,1.0,large,very urban,23.469542212999997,1.0,5.0282714055,0.0,7433.0,0.0,7395.624858642918,77.51880482823724,11309.5,13868739.232217023,0.08154670594518122,False,38.267285974,0.0
Moore,7.4931880109,10.0,45.25501,40.0,16.8,,1274,17.411507448,2480,11.3,50.009511128,27.92646,3581:1,53785,64.498255695,21485,48.056783803,16.814280497,2020,84.5515328665,,230.0,263.0,18.5,368.0,0.9242424242424242,0.914141414141414,0.9343434343434344,0.9570707070707072,0.9318181818181818,0.9242424242424242,0.1241,0.1883,0.0824,0.7,High Vulnerability,0.88,Very High Concern,3581.0,1.0,medium,very urban,23.469542212999997,1.0,5.96637375055,1.0,368.0,0.0,365.8043744597976,62.87513656435985,511.5,504243.1144463049,0.10143916403532126,False,50.009511128,0.0
Morris,10.309278351,2.0,16.042350000000003,43.0,31.1,,291,9.8310810811,2770,22.1,15.76101116,32.417539999999995,3085:1,41418,74.700052165,12339,51.908582543,78.421215401,2020,79.529274172,,128.0,136.5,5.0,135.0,0.9782608695652174,0.9855072463768116,0.9855072463768116,0.9782608695652174,0.9782608695652174,0.9710144927536232,0.1283,0.1937,0.0866,0.73,High Vulnerability,0.97,Very High Concern,3085.0,1.0,medium,rural,23.469542212999997,1.0,5.96637375055,1.0,135.0,0.0,134.19453954367575,95.38391087689553,269.5,289590.68136620696,0.09306238678971823,False,15.76101116,0.0
Motley,,0.0,0.0,26.0,30.3,,39,16.455696203,170,15.6,,81.03728,1234:1,41009,76.162790698,1234,48.622366288,100.0,2020,69.64385843400001,,15.0,12.5,0.0,12.0,1.0,1.0,1.0,1.0,1.0,1.0,0.1143,0.1758,0.0766,0.7,High Vulnerability,0.87,Very High Concern,1234.0,1.0,small,very rural,23.469542212999997,1.0,5.96637375055,1.0,12.0,0.0,11.9284035149934,125.7502731287197,27.5,28961.415090841998,0.09495392374213055,True,41.965456189,1.0
Nacogdoches,7.9009433962,46.0,70.14334000000001,48.0,25.5,3.9473684211,1854,11.841348917,14130,21.6,47.871475508,85.22165,1173:1,45357,65.008960573,65711,52.094778652,46.460231852,2020,80.50138623500001,,493.0,504.0,12.5,790.0,0.9825174825174824,0.9731934731934732,0.9848484848484848,0.9848484848484848,0.9813519813519812,0.9825174825174824,0.125,0.1935,0.0836,0.98,Very High Vulnerability,0.9,Very High Concern,1173.0,1.0,large,urban,23.469542212999997,1.0,3.9473684211,0.0,790.0,0.0,786.881578947331,62.65237529890103,1009.5,1542207.0883584428,0.06545813513764437,False,47.871475508,0.0
Navarro,8.4238573478,22.0,45.17361,47.0,27.7,6.6417600664,1598,12.168748096,8270,17.1,31.799995591,48.42127,2065:1,46259,69.656887121,49565,50.947240997,52.657379281,2020,77.9200695305,,440.0,345.0,12.5,645.0,0.9859154929577464,0.9859154929577464,0.9935979513444302,0.9884763124199744,0.9859154929577464,0.9859154929577464,0.1248,0.188,0.085,0.97,Very High Vulnerability,0.95,Very High Concern,2065.0,1.0,large,urban,23.469542212999997,1.0,6.6417600664,0.0,645.0,0.0,640.716064757172,68.67316494815182,797.5,1163267.859787345,0.06855686704400049,False,31.799995591,0.0
Newton,8.9343379978,,,34.0,29.2,,305,10.353021045,3050,21.5,39.14630123,14.549690000000002,6873:1,43367,76.827956989,13746,48.595955187,100.0,2020,72.4674249815,,39.5,56.5,2.5,127.0,0.9274193548387096,0.9274193548387096,0.9435483870967742,0.935483870967742,0.935483870967742,0.9274193548387096,0.1428,0.2169,0.0983,0.72,High Vulnerability,0.96,Very High Concern,6873.0,1.0,medium,very rural,23.469542212999997,1.0,5.96637375055,1.0,127.0,0.0,126.24227053368016,31.2890443375397,98.5,322612.32725989795,0.03053200131458336,False,39.14630123,0.0
Nolan,8.217270195,4.0,27.08192,33.0,26.5,,400,10.062893082,2150,14.3,47.316498841,67.79200999999999,1475:1,42522,61.59083875,14751,50.037285608,32.656414301,2020,73.87043465400001,,170.0,142.5,0.0,202.0,0.9876543209876544,0.9794238683127572,0.9958847736625516,0.9958847736625516,0.9917695473251028,0.9835390946502056,0.1278,0.1901,0.086,0.89,Very High Vulnerability,0.96,Very High Concern,1475.0,1.0,medium,urban,23.469542212999997,1.0,5.96637375055,1.0,202.0,0.0,200.7947925023889,84.66355022527662,312.5,346199.21718396293,0.09026594645185004,False,47.316498841,0.0
Nueces,8.6236470101,299.0,82.77481,40.0,22.6,4.9626325584,8894,9.5181019445,41660,11.6,38.909542732,94.12999,1062:1,53034,72.641777385,362265,50.551667978,6.447241956,2020,82.7543623575,,3372.0,3449.0,160.0,4391.0,0.9824978392394124,0.9796888504753674,0.9870354364736388,0.9850907519446844,0.9848746758859118,0.9822817631806396,0.1011,0.1589,0.0646,0.84,Very High Vulnerability,0.89,Very High Concern,1062.0,1.0,large,very urban,23.469542212999997,1.0,4.9626325584,0.0,4391.0,0.0,4369.209080436066,77.176439440693,6981.0,8502193.709792444,0.08210822098724471,False,38.909542732,0.0
Ochiltree,6.5853658537,4.0,39.71012,33.0,15.7,,640,18.979833926,1030,9.8,65.179531284,20.10656,4974:1,49845,58.138489209,9947,49.431989545,13.90981121,2020,78.39062089800001,,84.5,147.0,7.5,125.0,0.9407894736842104,0.9539473684210528,0.9605263157894736,0.9342105263157896,0.9539473684210528,0.9342105263157896,0.1241,0.1883,0.0824,0.58,Moderate Vulnerability,0.9,Very High Concern,4974.0,1.0,medium,very urban,23.469542212999997,1.0,5.96637375055,1.0,125.0,0.0,124.25420328118125,68.00574770801161,239.0,233451.53639271096,0.10237670897053144,False,65.179531284,0.0
Oldham,7.2289156627,,,40.0,25.4,,33,10.3125,300,14.6,,46.92633,2131:1,56590,47.222222222,2131,47.958704833,100.0,2020,81.983925947,,20.0,17.5,0.0,26.0,0.9821428571428572,0.9821428571428572,1.0,0.9821428571428572,0.9821428571428572,0.9642857142857144,0.1241,0.1883,0.0824,0.43,Moderate Vulnerability,0.72,High Concern,2131.0,1.0,small,very rural,23.469542212999997,1.0,5.96637375055,1.0,26.0,0.0,25.8448742824857,77.3847834638275,37.5,50013.594455902996,0.07497961385891543,True,41.965456189,1.0
Orange,9.4620133552,18.0,21.16477,43.0,20.1,8.5382948898,1773,8.0048760666,15950,19.0,74.836052417,34.70062,2882:1,56556,66.346282205,83572,50.415210836,35.171132862,2020,83.4603635425,,759.0,767.0,22.5,1038.0,0.955160744500846,0.955160744500846,0.9619289340101524,0.9509306260575296,0.9593908629441624,0.9467005076142132,0.1338,0.1949,0.0899,0.58,Moderate Vulnerability,0.86,Very High Concern,2882.0,1.0,large,urban,23.469542212999997,1.0,8.5382948898,0.0,1038.0,0.0,1029.1372499043875,73.75109588837788,1548.5,1961396.5818248356,0.07894884769093018,False,74.836052417,0.0
Palo Pinto,7.8571428571,12.0,42.002100000000006,44.0,25.0,7.7639751553,915,13.093875215,4690,16.7,59.888198181,51.94805,1925:1,46067,67.854799913,28875,50.701298701,50.215218242,2020,78.86466424150001,,207.0,194.5,5.0,344.0,0.9456521739130436,0.9619565217391304,0.9646739130434784,0.9538043478260868,0.9510869565217392,0.9510869565217392,0.1134,0.1689,0.0762,0.88,Very High Vulnerability,0.93,Very High Concern,1925.0,1.0,medium,urban,23.469542212999997,1.0,7.7639751553,0.0,344.0,0.0,341.3291925465768,60.64526695054171,406.5,677683.031400375,0.0599837949549957,False,59.888198181,0.0
Panola,7.7704418487,8.0,34.41896,38.0,25.9,9.9502487562,666,11.688311688,4510,19.1,31.072430937,25.92017,3858:1,51192,50.373038333,23148,50.509763262,72.718103883,2020,76.6527829785,,148.0,171.5,5.0,264.0,0.8850574712643678,0.9616858237547892,0.9770114942528736,0.9003831417624522,0.9003831417624522,0.896551724137931,0.1282,0.1918,0.0871,0.7,High Vulnerability,0.92,Very High Concern,3858.0,1.0,medium,rural,23.469542212999997,1.0,9.9502487562,0.0,264.0,0.0,261.3731343283632,56.624029237093474,324.5,543272.9631465239,0.05973056308942074,False,31.072430937,0.0
Parker,6.7543512658,59.0,44.20701,46.0,11.5,5.8893990817,3831,10.972675717,17560,13.9,61.997470481,35.41204,2824:1,73718,33.621517771,138371,50.226564815,56.084565584,2020,86.80030971,,1299.0,1271.0,7.5,1636.0,0.9442912300055156,0.942084942084942,0.9509100937672368,0.947600661886376,0.948703805846663,0.9442912300055156,0.1198,0.1716,0.0811,0.26,Low Vulnerability,0.68,High Concern,2824.0,1.0,large,rural,23.469542212999997,1.0,5.8893990817,0.0,1636.0,0.0,1626.3649431023389,79.8713723822723,2577.5,3247504.0255550225,0.07936864680435574,False,61.997470481,0.0
Parmer,6.945681211,2.0,20.32107,31.0,19.2,,544,18.440677966,910,9.3,,111.51663,897:1,50539,74.488926746,9864,48.063665856,60.015580874,2020,70.7999250625,,105.5,159.0,0.0,169.0,0.9176470588235294,0.9352941176470588,0.9529411764705882,0.923529411764706,0.923529411764706,0.9058823529411764,0.1241,0.1883,0.0824,0.76,High Vulnerability,0.97,Very High Concern,897.0,1.0,medium,rural,23.469542212999997,1.0,5.96637375055,1.0,169.0,0.0,167.99168283615705,62.80072811872155,264.5,231503.56438903196,0.1142531004643708,True,41.965456189,1.0
Pecos,9.5693779904,7.0,44.77421,16.0,24.3,,537,13.716475096,1290,8.2,,82.94519,1206:1,47008,62.484510533,15673,43.137880431,39.77558522,2020,66.8260549295,,172.0,219.5,15.0,217.0,0.9705882352941176,0.9789915966386554,0.9915966386554622,0.9831932773109244,0.9789915966386554,0.9495798319327732,0.1166,0.1765,0.0789,0.82,Very High Vulnerability,0.98,Very High Concern,1206.0,1.0,medium,urban,23.469542212999997,1.0,5.96637375055,1.0,217.0,0.0,215.70529689613065,79.73842203922501,406.5,367838.13510434894,0.1105105646223123,True,41.965456189,1.0
Polk,7.0808844109,29.0,58.98865,45.0,24.7,6.4715813168,1422,13.665193158,8880,18.9,46.391874528,49.96901999999999,2001:1,46017,75.7077495,50031,46.159381184,77.638561645,2020,74.051553144,,371.0,402.0,7.5,497.0,0.9461077844311376,0.9500998003992016,0.9740518962075848,0.9461077844311376,0.9520958083832336,0.93812375249501,0.1365,0.206,0.093,0.91,Very High Vulnerability,0.97,Very High Concern,2001.0,1.0,large,rural,23.469542212999997,1.0,6.4715813168,0.0,497.0,0.0,493.7836240855504,75.13412391653605,780.5,1174204.6664586028,0.06647052445754498,False,46.391874528,0.0
Potter,9.6320023838,90.0,74.71484000000001,47.0,27.7,7.9912822376,4229,12.466100696,20070,16.6,47.738630094,189.72319,527:1,41912,73.617192207,119648,48.50812383,8.9962254177,2020,76.1345567825,,1230.0,1295.0,46.0,1582.0,0.9741501416430596,0.9691926345609064,0.9815864022662888,0.9780453257790368,0.976628895184136,0.9720254957507082,0.1281,0.2007,0.0864,0.92,Very High Vulnerability,0.87,Very High Concern,527.0,1.0,large,very urban,23.469542212999997,1.0,7.9912822376,0.0,1582.0,0.0,1569.3577915001167,78.37600875095974,2571.0,2808083.7867010236,0.09155709712709274,False,47.738630094,0.0
Presidio,7.9852579853,2.0,27.948570000000004,12.0,35.2,,285,14.630390144,970,13.5,,43.17789,2316:1,37738,89.677010766,6948,48.805411629,40.470708621,2020,55.637522977,,77.5,93.0,5.0,74.0,0.9897959183673468,0.9387755102040816,0.979591836734694,0.9897959183673468,0.979591836734694,0.9693877551020408,0.1166,0.1765,0.0789,1.0,Very High Vulnerability,0.99,Very High Concern,2316.0,1.0,small,urban,23.469542212999997,1.0,5.96637375055,1.0,74.0,0.0,73.5584883424593,105.35833694568406,175.5,163066.37929592398,0.10762488304318829,True,41.965456189,1.0
Rains,7.0175438596,2.0,17.00391,38.0,23.7,,325,13.638271087,1810,16.1,1.6706594322,8.22436,12159:1,47572,61.231671554,12159,50.2919648,93.228880337,2020,75.508713822,,79.5,60.0,0.0,117.0,0.9090909090909092,0.8863636363636364,0.9015151515151516,0.9090909090909092,0.9090909090909092,0.8939393939393939,0.1285,0.1874,0.0874,0.4,Moderate Vulnerability,0.89,Very High Concern,12159.0,1.0,medium,very rural,23.469542212999997,1.0,5.96637375055,1.0,117.0,0.0,116.30193427118564,68.35655872638095,139.5,285366.16376786696,0.04888456226137491,False,1.6706594322,0.0
Randall,7.7036013473,80.0,59.505210000000005,49.0,11.4,5.7708871662,2627,7.7235174786,17490,13.4,56.75468584,49.90057,2004:1,69600,39.792006346,136271,50.815654101,14.375647132,2020,88.9201184405,,1399.0,1292.0,27.0,1602.0,0.957908163265306,0.9591836734693876,0.9642857142857144,0.9604591836734694,0.9591836734693876,0.9604591836734694,0.1021,0.1521,0.0667,0.22,Low Vulnerability,0.6,High Concern,2004.0,1.0,large,very urban,23.469542212999997,1.0,5.7708871662,0.0,1602.0,0.0,1592.7550387597475,87.83522675837074,2718.0,3198217.9869077224,0.08498482627283223,False,56.75468584,0.0
Reagan,7.7951002227,2.0,53.90836,19.0,13.5,,160,14.047410009,320,8.5,,53.46164,1871:1,65273,63.562281723,3741,46.511627907,13.305613306,2020,74.669234606,,41.5,60.0,2.5,56.0,0.9090909090909092,0.9242424242424242,1.0,0.9545454545454546,0.8939393939393939,0.9242424242424242,0.1235,0.1873,0.0822,0.48,Moderate Vulnerability,0.94,Very High Concern,1871.0,1.0,small,very urban,23.469542212999997,1.0,5.96637375055,1.0,56.0,0.0,55.6658830699692,74.5519476405981,104.0,87799.55741883299,0.11845162214643695,True,41.965456189,1.0
Real,6.8273092369,1.0,29.16302,35.0,35.6,,85,14.166666667,580,17.4,,86.25647000000001,1159:1,39506,69.636963696,3478,50.172512938,100.0,2020,62.5600210765,,22.5,25.0,0.0,27.0,1.0,1.0,1.0,1.0,1.0,1.0,0.107,0.1724,0.0705,0.72,High Vulnerability,0.93,Very High Concern,1159.0,1.0,small,very rural,23.469542212999997,1.0,5.96637375055,1.0,27.0,0.0,26.83890790873515,83.83351541914647,47.5,81627.06781681399,0.05819148141716747,True,41.965456189,1.0
Red River,9.8765432099,2.0,16.35457,49.0,28.6,,287,11.493792551,2480,20.1,49.590776375,24.64066,4058:1,42233,66.209829868,12175,51.441478439,75.730948678,2020,67.77602831799999,,115.0,141.5,5.0,110.0,0.9659863945578232,0.9727891156462584,0.9931972789115646,0.9863945578231292,0.9863945578231292,0.979591836734694,0.1283,0.1937,0.0866,0.56,Moderate Vulnerability,0.99,Very High Concern,4058.0,1.0,medium,rural,23.469542212999997,1.0,5.96637375055,1.0,110.0,0.0,109.3436988874395,105.17295570765646,261.5,285741.67644327495,0.09151622656344029,False,49.590776375,0.0
Reeves,8.5629188384,6.0,39.26445,28.0,21.9,,413,11.666666667,1040,7.1,50.891703119,38.22874,2616:1,45341,65.110477548,15695,38.630136986,14.496118407,2020,63.573211124000004,,169.0,206.0,15.0,214.0,0.9838709677419356,0.9798387096774194,0.9879032258064516,0.9838709677419356,0.9798387096774194,0.9758064516129032,0.1166,0.1765,0.0789,0.78,High Vulnerability,0.98,Very High Concern,2616.0,1.0,medium,very urban,23.469542212999997,1.0,5.96637375055,1.0,214.0,0.0,212.7231960173823,79.44596694861168,390.0,368354.46503303497,0.10587627869938371,False,50.891703119,0.0
Refugio,8.6294416244,2.0,27.68549,28.0,25.5,,191,10.790960452,940,12.9,32.78357649,42.66212,2344:1,44821,70.542635659,7032,50.938566553,60.679940404,2020,71.34228032850001,,46.0,65.5,2.5,58.0,0.9493670886075948,0.9620253164556962,0.9620253164556962,0.9620253164556962,0.9620253164556962,0.9620253164556962,0.1183,0.18,0.0772,0.94,Very High Vulnerability,0.99,Very High Concern,2344.0,1.0,small,rural,23.469542212999997,1.0,5.96637375055,1.0,58.0,0.0,57.6539503224681,79.78638019201524,114.0,165037.820841816,0.06907507589382542,False,32.78357649,0.0
Roberts,,0.0,0.0,49.0,10.2,,28,10.9375,120,13.1,,0.0,903:0,67470,21.00456621,903,50.387596899,100.0,2020,80.9712306495,,17.5,17.5,0.0,,1.0,1.0,1.0,1.0,1.0,1.0,0.1241,0.1883,0.0824,0.09,Very Low Vulnerability,0.67,High Concern,903.0,0.0,small,very rural,23.469542212999997,1.0,5.96637375055,1.0,213.5,1.0,212.22617920425756,8.245919549424242,35.0,21192.996618339,0.1651488962618592,True,41.965456189,1.0
Robertson,9.6556380824,1.0,5.81294,41.0,25.6,,494,11.488372093,2930,17.5,39.476494824,40.49988,2469:1,44917,62.297972377,17284,50.948854432,73.853928528,2020,73.305133188,,172.0,177.0,5.0,220.0,0.9462809917355371,0.9545454545454546,0.9669421487603306,0.9669421487603306,0.9669421487603306,0.9586776859504132,0.1225,0.1864,0.0827,0.75,High Vulnerability,0.93,Very High Concern,2469.0,1.0,medium,rural,23.469542212999997,1.0,5.96637375055,1.0,220.0,0.0,218.687397774879,78.65107992050831,354.0,405647.56760949193,0.08726787198211135,False,39.476494824,0.0
Rockwall,7.7940348903,76.0,78.52213,51.0,6.9,4.1637751561,2413,8.5670666761,10770,11.9,35.593721911,81.46478,1228:1,102858,25.523799291,100657,50.584658792,16.035845131,2020,94.1774169735,,965.0,872.0,22.5,1134.0,0.9480440097799512,0.9425427872860636,0.956601466992665,0.9486552567237164,0.9498777506112468,0.9431540342298288,0.1122,0.1653,0.0743,0.11,Very Low Vulnerability,0.51,Moderate Concern,1228.0,1.0,large,very urban,23.469542212999997,1.0,4.1637751561,0.0,1134.0,0.0,1129.2782789729827,85.45280804281609,1859.5,2362373.7105339407,0.07871320239081556,False,35.593721911,0.0
Runnels,6.9199457259,7.0,68.18625,37.0,23.9,,301,12.215909091,1420,13.8,48.220703638,68.39945,1462:1,42205,55.605832076,10234,49.159663866,40.758023045,2020,73.302412454,,119.0,106.0,5.0,101.0,0.9926470588235294,1.0,1.0,0.9926470588235294,1.0,0.9926470588235294,0.1278,0.1901,0.086,0.54,Moderate Vulnerability,0.92,Very High Concern,1462.0,1.0,medium,urban,23.469542212999997,1.0,5.96637375055,1.0,101.0,0.0,100.39739625119445,118.52897031538727,230.0,240187.29500784198,0.09575860371485953,False,48.220703638,0.0
Rusk,7.1994408201,11.0,20.82032,41.0,20.8,4.7978067169,1389,11.029061458,9620,18.2,20.628924531,31.2213,3203:1,49788,65.211913975,54450,46.073461892,65.872867054,2020,64.445300946,,400.0,388.0,5.0,618.0,0.9676190476190476,0.961904761904762,0.9733333333333334,0.9695238095238096,0.9733333333333334,0.9657142857142856,0.1282,0.1918,0.0871,0.8,High Vulnerability,0.94,Very High Concern,3203.0,1.0,large,rural,23.469542212999997,1.0,4.7978067169,0.0,618.0,0.0,615.0349554489558,65.03695382777273,793.0,1277916.5734978497,0.062054129075847245,False,20.628924531,0.0
Sabine,7.7598828697,2.0,19.11863,40.0,28.5,,300,14.713094654,2210,21.2,5.7895152467,113.32515,882:1,40641,68.575772935,10589,50.769666635,100.0,2020,76.561593407,,50.0,67.5,2.5,113.0,0.9655172413793104,0.9586206896551724,0.9724137931034482,0.9724137931034482,0.9655172413793104,0.9724137931034482,0.1428,0.2169,0.0983,0.53,Moderate Vulnerability,0.93,Very High Concern,882.0,1.0,medium,very rural,23.469542212999997,1.0,5.96637375055,1.0,113.0,0.0,112.32579976618786,44.51337101901582,120.0,248518.98249345698,0.04828604994113855,False,5.7895152467,0.0
San Augustine,9.4637223975,2.0,24.23361,45.0,34.3,,182,10.84624553,1970,23.5,50.749616957,48.59086,2058:1,38826,84.385665529,8232,50.777453839,100.0,2020,70.51058569950001,,49.0,60.5,2.5,86.0,0.9375,0.921875,0.9375,0.9375,0.9375,0.9375,0.1428,0.2169,0.0983,0.89,Very High Vulnerability,0.98,Very High Concern,2058.0,1.0,small,very rural,23.469542212999997,1.0,5.96637375055,1.0,86.0,0.0,85.4868918574527,57.31872914704432,112.0,193201.27149741596,0.05797063297355059,False,50.749616957,0.0
San Jacinto,8.3540527101,3.0,10.61196,38.0,28.4,,866,13.680884676,5010,18.3,8.0306156533,13.92806,7180:1,47028,58.551704706,28719,50.384762701,100.0,2020,75.88787075900001,,198.0,199.5,10.0,289.0,0.9586466165413534,0.9736842105263158,0.981203007518797,0.9736842105263158,0.962406015037594,0.9699248120300752,0.1365,0.206,0.093,0.69,High Vulnerability,0.89,Very High Concern,7180.0,1.0,medium,very rural,23.469542212999997,1.0,5.96637375055,1.0,289.0,0.0,287.275717986091,68.92333309200416,407.5,674021.782815147,0.060457986728265495,False,8.0306156533,0.0
San Patricio,8.9127594716,18.0,26.77974,39.0,26.1,5.6279620853,2008,10.641229465,8280,12.4,42.279739861,50.82744,1967:1,53559,73.393985693,66893,49.692792968,19.650021604,2020,73.135159836,,793.0,895.0,15.0,896.0,0.9828109201213346,0.9858442871587462,0.9908998988877654,0.9888776541961576,0.9888776541961576,0.9888776541961576,0.1183,0.18,0.0772,0.83,Very High Vulnerability,0.97,Very High Concern,1967.0,1.0,large,very urban,23.469542212999997,1.0,5.6279620853,0.0,896.0,0.0,890.9573459715712,89.00538320779536,1703.0,1569948.0872542087,0.10847492435106533,False,42.279739861,0.0
San Saba,6.0869565217,2.0,33.56268,23.0,28.0,,217,17.685411573,870,14.9,,49.55401,2018:1,43827,68.52886406,6054,45.3584407,49.355733159,2020,78.0807645665,,32.0,49.5,0.0,40.0,0.958904109589041,0.958904109589041,0.9726027397260274,0.9726027397260274,0.958904109589041,0.9726027397260274,0.1264,0.1929,0.0847,0.73,High Vulnerability,0.97,Very High Concern,2018.0,1.0,small,urban,23.469542212999997,1.0,5.96637375055,1.0,40.0,0.0,39.761345049978,80.4801748023806,81.5,142084.60855750198,0.05736018899402236,True,41.965456189,1.0
Schleicher,5.8823529412,,,24.0,23.8,,167,19.928400955,260,8.5,,34.54231,2895:1,47317,60.0,2895,50.397236615,100.0,2020,64.2288767175,,25.0,32.0,0.0,23.0,1.0,1.0,1.0,1.0,1.0,1.0,0.1235,0.1873,0.0822,0.59,Moderate Vulnerability,0.96,Very High Concern,2895.0,1.0,small,very rural,23.469542212999997,1.0,5.96637375055,1.0,23.0,0.0,22.86277340373735,109.34806359019103,57.0,67944.32470663499,0.08389221652597242,True,41.965456189,1.0
Scurry,8.7729697688,9.0,52.78592,31.0,21.3,,531,11.807871915,2130,12.3,31.499128051,35.57453,2811:1,53059,55.96759115,16866,45.760702004,31.700254122,2020,75.134102127,,181.0,214.5,10.0,231.0,0.9344978165938864,0.9694323144104804,0.9912663755458516,0.960698689956332,0.9432314410480348,0.9563318777292577,0.1278,0.1901,0.086,0.7,High Vulnerability,0.95,Very High Concern,2811.0,1.0,medium,urban,23.469542212999997,1.0,5.96637375055,1.0,231.0,0.0,229.62176766362296,78.82527943306758,405.5,395837.29896445794,0.10244107896371071,False,31.499128051,0.0
Shackelford,7.8189300412,1.0,30.04808,45.0,20.5,,143,17.228915663,540,16.2,,30.74085,3253:1,57126,48.037676609,3253,51.675376575,100.0,2020,79.034392967,,39.0,22.5,0.0,37.0,0.951219512195122,0.902439024390244,0.951219512195122,0.926829268292683,0.951219512195122,0.926829268292683,0.1278,0.1901,0.086,0.69,High Vulnerability,0.72,High Concern,3253.0,1.0,small,very rural,23.469542212999997,1.0,5.96637375055,1.0,37.0,0.0,36.77924417122965,106.03806815178525,61.5,76346.42081888899,0.08055387448468859,True,41.965456189,1.0
Shelby,8.2526152654,5.0,19.59785,42.0,30.1,,910,13.102951764,5280,20.6,30.947739802,78.6844,1271:1,41961,74.401170232,25418,50.283263829,79.432568375,2020,70.6650020455,,193.0,193.0,12.5,295.0,0.9761904761904762,0.9732142857142856,0.988095238095238,0.9642857142857144,0.9732142857142856,0.9642857142857144,0.1428,0.2169,0.0983,0.95,Very High Vulnerability,0.99,Very High Concern,1271.0,1.0,medium,rural,23.469542212999997,1.0,5.96637375055,1.0,295.0,0.0,293.23991974358773,65.81641413923498,398.5,596548.8239700339,0.06680090279081961,False,30.947739802,0.0
Sherman,7.2463768116,,,36.0,15.9,,223,25.140924464,320,10.5,,32.47808,3079:1,57052,60.997442455,3079,47.905164014,100.0,2020,79.1209542065,,25.0,22.5,2.5,54.0,0.9375,0.9583333333333334,0.9791666666666666,0.9166666666666666,0.9583333333333334,0.8958333333333334,0.1241,0.1883,0.0824,0.46,Moderate Vulnerability,0.87,Very High Concern,3079.0,1.0,small,very rural,23.469542212999997,1.0,5.96637375055,1.0,54.0,0.0,53.6778158174703,46.57417523285915,50.0,72262.720473827,0.06919197017791437,True,41.965456189,1.0
Smith,7.7370970747,232.0,101.87637,52.0,22.2,8.0059579222,6206,10.704060161,40500,18.2,38.798301938,138.56251,722:1,56848,62.402349161,230221,51.695544716,31.60780873,2020,82.17414043100001,,1605.0,1869.0,40.5,2894.0,0.9637533875338752,0.9590108401084012,0.9718834688346883,0.9681571815718156,0.9661246612466124,0.9637533875338752,0.116,0.1766,0.0768,0.75,High Vulnerability,0.67,High Concern,722.0,1.0,large,urban,23.469542212999997,1.0,8.0059579222,0.0,2894.0,0.0,2870.830757773153,55.90716191312396,3514.5,5403181.477819072,0.06504501124805057,False,38.798301938,0.0
Somervell,7.003257329,6.0,67.83493,45.0,14.2,,322,15.333333333,1480,17.1,,88.73114,1127:1,63929,44.123408423,9016,50.732031943,100.0,2020,79.68301748100001,,78.0,84.0,2.5,65.0,0.9415584415584416,0.9545454545454546,0.961038961038961,0.9285714285714286,0.948051948051948,0.9155844155844156,0.1134,0.1689,0.0762,0.56,Moderate Vulnerability,0.71,High Concern,1127.0,1.0,small,very rural,23.469542212999997,1.0,5.96637375055,1.0,65.0,0.0,64.61218570621425,120.72026220357091,164.5,211601.39259240797,0.07774050916425873,True,41.965456189,1.0
Starr,8.7623707328,13.0,20.16942,25.0,45.3,3.928844265,2336,10.825841134,8190,12.9,,52.69275,1898:1,30490,89.321107188,64525,51.290197598,23.705878494,2020,58.4952107555,,641.0,570.0,20.0,1115.0,0.9898523985239852,0.9880073800738008,0.9981549815498156,0.9916974169741696,0.9870848708487084,0.9870848708487084,0.1146,0.1867,0.0742,0.98,Very High Vulnerability,1.0,Very High Concern,1898.0,1.0,large,very urban,23.469542212999997,1.0,3.928844265,0.0,1115.0,0.0,1110.619338644525,57.71554462416617,1231.0,1514372.2112938247,0.08128780961638739,True,41.965456189,1.0
Stephens,8.3682008368,3.0,32.13023,32.0,30.4,,328,15.746519443,1560,16.6,35.002988643,106.01081,943:1,43115,63.091272485,9433,47.100604262,39.366562825,2020,76.262857661,,64.5,94.5,5.0,111.0,0.9545454545454546,0.9181818181818182,0.9454545454545454,0.9545454545454546,0.9545454545454546,0.9090909090909092,0.1278,0.1901,0.086,0.88,Very High Vulnerability,0.86,Very High Concern,943.0,1.0,small,urban,23.469542212999997,1.0,5.96637375055,1.0,111.0,0.0,110.33773251368895,58.456883724702124,164.0,221388.19169522898,0.07407802500404735,False,35.002988643,0.0
Sterling,,0.0,0.0,38.0,17.3,,67,18.108108108,130,11.5,,152.5553,656:1,59064,39.735099338,1311,49.046529367,100.0,2020,87.36266106,,22.5,22.5,0.0,18.0,0.88,0.92,0.92,0.92,0.92,0.92,0.1235,0.1873,0.0822,0.41,Moderate Vulnerability,0.8,Very High Concern,656.0,1.0,small,very rural,23.469542212999997,1.0,5.96637375055,1.0,18.0,0.0,17.8926052724901,125.75027312871967,45.0,30768.569841242996,0.1462531415408227,True,41.965456189,1.0
Stonewall,,1.0,72.04611,12.0,17.8,,62,19.076923077,160,14.3,,440.52863,227:1,46915,44.49339207,1362,51.174743025,100.0,2020,80.3031093145,,17.5,20.0,0.0,,,,,,,,0.1278,0.1901,0.086,0.32,Low Vulnerability,0.79,High Concern,227.0,1.0,small,very rural,23.469542212999997,1.0,5.96637375055,1.0,213.5,1.0,212.22617920425756,8.245919549424242,37.5,31965.516494105996,0.11731391860010924,True,41.965456189,1.0
Sutton,8.0428954424,3.0,79.63897,41.0,22.6,,127,13.10629515,310,8.0,,133.04949000000002,752:1,54774,58.384332925,3758,48.908994146,18.798449612,2020,53.739067409499995,,30.0,41.0,5.0,35.0,0.9629629629629628,0.9629629629629628,0.9629629629629628,0.9629629629629628,0.9629629629629628,0.9629629629629628,0.1235,0.1873,0.0822,0.6,High Vulnerability,0.94,Very High Concern,752.0,1.0,small,very urban,23.469542212999997,1.0,5.96637375055,1.0,35.0,0.0,34.79117691873075,86.22875871683637,76.0,88198.53963645399,0.08616922719272313,True,41.965456189,1.0
Swisher,7.9147640791,1.0,13.30672,23.0,29.2,,225,11.491317671,1140,15.1,33.296664058,40.2037,2487:1,43084,71.809169765,7462,46.730099169,37.573211103,2020,75.10286852249999,,55.5,71.0,0.0,78.0,0.9907407407407408,0.9814814814814816,0.9907407407407408,0.9907407407407408,0.9907407407407408,0.9814814814814816,0.1241,0.1883,0.0824,0.97,Very High Vulnerability,1.0,Very High Concern,2487.0,1.0,small,urban,23.469542212999997,1.0,5.96637375055,1.0,78.0,0.0,77.5346228474571,71.58092470404044,126.5,175129.723993406,0.07223217002543954,False,33.296664058,0.0
Tarrant,8.344893005,1196.0,58.21439,49.0,16.8,6.5634381737,63361,11.141512204,316980,16.0,47.514770115,80.53023999999999,1242:1,66059,54.704259724,2084931,51.072865241,1.2882013273,2020,88.3269916465,,16136.0,15614.0,538.0,26640.0,0.9516251217488546,0.9519497853612784,0.965549583348364,0.9586955737527506,0.9565672234046392,0.9496049926048844,0.1069,0.1641,0.0701,0.55,Moderate Vulnerability,0.73,High Concern,1242.0,1.0,large,very urban,23.469542212999997,1.0,6.5634381737,0.0,26640.0,0.0,26465.15000705263,60.97074830749102,32288.0,48932376.115692295,0.06598494200171376,False,47.514770115,0.0
Taylor,8.8202790441,97.0,71.17177,44.0,22.1,5.5920592758,2928,8.3908869466,22660,16.7,38.819381445,143.12699999999998,699:1,48040,60.007380982,137640,51.158093577,16.033488966,2020,79.6463185075,,1627.0,1433.0,27.0,1933.0,0.9742376445846478,0.9716088328075708,0.9826498422712934,0.9815983175604628,0.9810725552050472,0.97739221871714,0.1178,0.1846,0.0776,0.69,High Vulnerability,0.78,High Concern,699.0,1.0,large,very urban,23.469542212999997,1.0,5.5920592758,0.0,1933.0,0.0,1922.1905494198786,84.64301317530835,3087.0,3230347.7901973194,0.09556246573101768,False,38.819381445,0.0
Terrell,,0.0,0.0,16.0,22.8,,45,24.590163934,90,12.2,,121.50668,823:1,41413,49.305555556,823,48.845686513,100.0,2020,62.599490699,,0.0,12.5,0.0,,1.0,1.0,1.0,1.0,1.0,1.0,0.1166,0.1765,0.0789,0.47,Moderate Vulnerability,0.91,Very High Concern,823.0,1.0,small,very rural,23.469542212999997,1.0,5.96637375055,1.0,213.5,1.0,212.22617920425756,0.0,12.5,19315.433241298997,0.06471508996895455,True,41.965456189,1.0
Terry,9.941089838,4.0,31.458910000000003,41.0,32.6,,487,13.683618994,1460,11.4,22.639019793,48.8321,2048:1,41268,77.688057799,12287,47.774070155,24.669986562,2020,72.8027157895,,122.0,153.0,5.0,165.0,0.9595375722543352,0.953757225433526,0.9653179190751444,0.9595375722543352,0.9595375722543352,0.9595375722543352,0.1143,0.1758,0.0766,0.99,Very High Vulnerability,0.99,Very High Concern,2048.0,1.0,medium,very urban,23.469542212999997,1.0,5.96637375055,1.0,165.0,0.0,164.01554833115924,74.38319186280631,280.0,288370.26517113094,0.0970973896472427,False,22.639019793,0.0
Throckmorton,,1.0,65.48787999999999,18.0,24.3,,74,21.958456973,260,16.8,,66.00659999999999,1515:1,42701,62.0,1515,53.267326733,100.0,2020,74.2076156245,,12.5,17.5,0.0,18.0,1.0,1.0,1.0,1.0,1.0,1.0,0.1278,0.1901,0.086,0.27,Low Vulnerability,0.85,Very High Concern,1515.0,1.0,small,very rural,23.469542212999997,1.0,5.96637375055,1.0,18.0,0.0,17.8926052724901,69.8612628492887,30.0,35556.35645269499,0.0843730994763558,True,41.965456189,1.0
Titus,6.7123678949,18.0,54.704600000000006,41.0,29.7,,1392,14.288647095,4990,15.3,31.023090181,96.87282,1032:1,45604,68.670796959,33033,51.000514637,50.556689553,2020,76.4023999075,,371.0,480.0,12.5,426.0,0.996078431372549,0.9941176470588236,0.9980392156862744,1.0,0.996078431372549,0.9980392156862744,0.1283,0.1937,0.0866,0.89,Very High Vulnerability,0.92,Very High Concern,1032.0,1.0,medium,urban,23.469542212999997,1.0,5.96637375055,1.0,426.0,0.0,423.4583247822657,87.61192738169953,863.5,775269.3879220289,0.11138063922715398,False,31.023090181,0.0
Tom Green,8.1738183798,78.0,66.09105,48.0,23.7,4.9827867367,3289,11.286116258,15270,13.1,43.541154689,94.76347,1055:1,51393,52.343710325,118189,50.279636853,15.64087676,2020,78.9830872945,,1181.0,1161.0,15.0,1481.0,0.9802669762042948,0.9825885084155542,0.9849100406268136,0.9808473592571096,0.97968659315148,0.9791062100986652,0.1078,0.1675,0.0704,0.66,High Vulnerability,0.89,Very High Concern,1055.0,1.0,large,very urban,23.469542212999997,1.0,4.9827867367,0.0,1481.0,0.0,1473.6204928429472,80.14275084635827,2357.0,2773841.7246122565,0.08497240412408444,False,43.541154689,0.0
Travis,7.6838142128,1043.0,85.025,49.0,15.2,3.9928704982,25454,9.0035088712,171740,14.6,44.997651997,92.89341,1077:1,76255,48.171145926,1248743,49.447884793,5.463522171,2020,89.383835508,,9293.0,8534.0,376.0,15161.0,0.9574832170593656,0.9476108990390943,0.9648545478478346,0.9624851915229696,0.9588653415822036,0.9453073581676976,0.0916,0.1391,0.0588,0.38,Low Vulnerability,0.69,High Concern,1077.0,1.0,large,very urban,23.469542212999997,1.0,3.9928704982,0.0,15161.0,0.0,15100.46409037679,61.54115492332606,18203.0,29307426.551688254,0.06211053695859699,False,44.997651997,0.0
Trinity,7.3422957601,2.0,13.63605,37.0,30.3,,336,11.129513084,2800,19.3,46.539367438,61.05834,1638:1,40486,68.199398367,14740,51.797829037,77.236887213,2020,68.811369035,,69.5,103.5,5.0,126.0,0.9874213836477987,0.9874213836477987,0.9874213836477987,0.981132075471698,0.9874213836477987,0.9874213836477987,0.1365,0.206,0.093,0.8,Very High Vulnerability,0.97,Very High Concern,1638.0,1.0,medium,rural,23.469542212999997,1.0,5.96637375055,1.0,126.0,0.0,125.2482369074307,55.489803063149324,178.0,345941.05221962,0.05145385286248048,False,46.539367438,0.0
Tyler,8.8315217391,5.0,23.21371,31.0,26.4,,397,9.2627158189,4150,19.3,39.321490009,36.87316,2712:1,44041,63.814904493,21696,46.105272861,78.131030047,2020,70.904236645,,136.0,148.0,10.0,201.0,0.9595141700404858,0.9595141700404858,0.9757085020242916,0.9635627530364372,0.9635627530364372,0.9595141700404858,0.1428,0.2169,0.0983,0.88,Very High Vulnerability,0.98,Very High Concern,2712.0,1.0,medium,rural,23.469542212999997,1.0,5.96637375055,1.0,201.0,0.0,199.80075887613944,68.06780953435175,294.0,509195.1878532479,0.0577381733003989,False,39.321490009,0.0
Upshur,7.4209245742,12.0,29.06906,43.0,21.1,9.9099099099,1064,10.385553929,7270,17.9,31.22438478,12.11827,8252:1,48554,59.480025365,41260,50.588948134,79.299905874,2020,81.1359518635,,264.0,333.0,0.0,489.0,0.9623762376237625,0.9663366336633664,0.9722772277227724,0.9683168316831684,0.9683168316831684,0.9623762376237625,0.1276,0.1901,0.0861,0.59,Moderate Vulnerability,0.88,Very High Concern,8252.0,1.0,large,rural,23.469542212999997,1.0,9.9099099099,0.0,489.0,0.0,484.1540540540589,54.52809860609423,597.0,968353.3117083799,0.06165105161325527,False,31.22438478,0.0
Upton,9.4488188976,2.0,54.60005,20.0,20.2,,193,17.232142857,430,12.1,30.057789124,108.96214,918:1,53867,57.341040462,3671,48.760555707,100.0,2020,55.468079687,,34.5,40.0,7.5,40.0,1.0,0.972972972972973,1.0,0.9864864864864864,1.0,1.0,0.1235,0.1873,0.0822,0.65,High Vulnerability,0.96,Very High Concern,918.0,1.0,small,very rural,23.469542212999997,1.0,5.96637375055,1.0,40.0,0.0,39.761345049978,86.7676884588166,82.0,86156.68946392299,0.09517543038180043,False,30.057789124,0.0
Uvalde,7.1071428571,12.0,44.22822,32.0,35.0,,882,11.54752553,2430,9.0,,59.5992,1678:1,39725,65.834238147,26846,50.797139239,31.384207536,2020,67.7622909265,,281.0,262.0,5.0,386.0,0.96875,0.9791666666666666,0.984375,0.9713541666666666,0.9713541666666666,0.9713541666666666,0.107,0.1724,0.0705,0.95,Very High Vulnerability,0.98,Very High Concern,1678.0,1.0,medium,urban,23.469542212999997,1.0,5.96637375055,1.0,386.0,0.0,383.6969797322877,73.23487409154453,548.0,630063.3302501979,0.08697538385266596,True,41.965456189,1.0
Val Verde,6.4690026954,14.0,28.45239,25.0,28.9,3.2976092333,1588,10.958525982,4580,9.3,59.153051434,65.03008,1538:1,44276,72.558181328,49208,48.878231182,10.157736451,2020,67.375072206,,415.0,502.0,12.5,732.0,0.9845722300140252,0.976157082748948,0.9915848527349228,0.9859747545582048,0.9901823281907434,0.976157082748948,0.107,0.1724,0.0705,0.97,Very High Vulnerability,0.99,Very High Concern,1538.0,1.0,large,very urban,23.469542212999997,1.0,3.2976092333,0.0,732.0,0.0,729.5861500412244,56.88156223587178,929.5,1154889.2332173039,0.08048390904213282,False,59.153051434,0.0
Van Zandt,6.7780654272,10.0,18.12185,40.0,20.8,6.679389313,1884,14.12505623,8690,16.2,40.080845273,26.77663,3735:1,51152,53.309147956,56019,51.154072725,75.018543525,2020,74.4325397835,,416.0,495.0,5.0,575.0,0.9428571428571428,0.9342857142857144,0.9485714285714286,0.9428571428571428,0.9442857142857144,0.9357142857142856,0.1285,0.1874,0.0874,0.56,Moderate Vulnerability,0.89,Very High Concern,3735.0,1.0,large,rural,23.469542212999997,1.0,6.679389313,0.0,575.0,0.0,571.159351145025,72.83431483105878,916.0,1314740.2852300468,0.06967155492917164,False,40.080845273,0.0
Victoria,8.0605655756,72.0,78.18948,48.0,21.4,5.5011552426,2923,12.01446833,11820,12.9,32.859626713,94.52926,1058:1,51646,67.742143641,92035,51.003422611,26.626571267,2020,71.6688979825,,1017.0,1147.0,35.5,1166.0,0.9789391575663028,0.9812792511700468,0.983619344773791,0.9820592823712948,0.982839313572543,0.9804992199687989,0.1065,0.1663,0.0699,0.78,High Vulnerability,0.9,Very High Concern,1058.0,1.0,large,very urban,23.469542212999997,1.0,5.5011552426,0.0,1166.0,0.0,1159.5856529871285,87.70374119239717,2199.5,2160019.3175734547,0.10182779302505951,False,32.859626713,0.0
Walker,7.9144871503,20.0,27.683580000000003,42.0,28.3,,1234,10.977671026,15950,22.5,18.26365771,49.668870000000005,2013:1,43681,49.175824176,72480,41.799116998,45.582882657,2020,81.99197924250001,,368.0,305.0,15.0,640.0,0.970948012232416,0.9617737003058104,0.9755351681957186,0.970948012232416,0.970948012232416,0.963302752293578,0.1365,0.206,0.093,0.7,High Vulnerability,0.9,Very High Concern,2013.0,1.0,large,urban,23.469542212999997,1.0,5.96637375055,1.0,640.0,0.0,636.181520799648,57.84512563921106,688.0,1701072.4195982397,0.040445074064659296,False,18.26365771,0.0
Waller,7.7939835916,6.0,11.69431,43.0,19.9,5.730002292,1762,13.705662726,8770,18.1,38.100103891,1.88232,53126:1,59807,71.279861204,53126,50.152467718,61.641013772,2020,74.6667102355,,502.0,451.0,12.5,689.0,0.9779951100244498,0.9706601466992664,0.9853300733496332,0.9816625916870416,0.9841075794621028,0.9682151589242054,0.1114,0.1704,0.0738,0.83,Very High Vulnerability,0.9,Very High Concern,53126.0,1.0,large,rural,23.469542212999997,1.0,5.730002292,0.0,689.0,0.0,685.052028420812,73.27910569905396,965.5,1246842.899607838,0.07743557751370866,False,38.100103891,0.0
Ward,9.9845201238,3.0,26.15063,19.0,17.7,,466,13.641686183,1160,10.1,20.527967891,76.79181,1302:1,53621,51.606425703,11720,49.675767918,27.88515669,2020,74.2995009135,,119.0,134.5,5.0,183.0,0.9759615384615384,0.9759615384615384,0.9807692307692308,0.9807692307692308,0.9807692307692308,0.9759615384615384,0.1166,0.1765,0.0789,0.65,High Vulnerability,0.96,Very High Concern,1302.0,1.0,medium,urban,23.469542212999997,1.0,5.96637375055,1.0,183.0,0.0,181.90815360364934,65.41762842543231,258.5,275063.03473635996,0.09397845851870458,False,20.527967891,0.0
Washington,7.9422382671,21.0,59.92638,41.0,19.5,,993,12.750385208,5850,16.9,28.88573044,59.815430000000006,1672:1,54332,54.079211535,35108,50.922866583,53.490717124,2020,75.166748847,,254.0,295.0,15.0,365.0,0.9790209790209792,0.9813519813519812,0.9883449883449884,0.9836829836829836,0.986013986013986,0.9836829836829836,0.1225,0.1864,0.0827,0.73,High Vulnerability,0.86,Very High Concern,1672.0,1.0,medium,urban,23.469542212999997,1.0,5.96637375055,1.0,365.0,0.0,362.8222735810493,70.00672739659134,564.0,823968.6880140039,0.06844920301029866,False,28.88573044,0.0
Webb,8.0857228767,89.0,32.3879,35.0,34.6,4.9619847939,10498,11.269994632,25250,9.4,69.444092382,50.37875,1985:1,44919,82.325494588,275910,50.866949368,2.5996388392,2020,69.60671184649999,,3207.0,2935.0,54.0,4344.0,0.9945474372955287,0.9899672846237731,0.9967284623773174,0.9960741548527808,0.9949836423118866,0.9862595419847328,0.1039,0.1663,0.0674,0.95,Very High Vulnerability,0.99,Very High Concern,1985.0,1.0,large,very urban,23.469542212999997,1.0,4.9619847939,0.0,4344.0,0.0,4322.445138055298,74.19411693083639,6196.0,6475481.391988829,0.09568400594379607,False,69.444092382,0.0
Wharton,9.4440213252,16.0,38.12429,36.0,26.0,8.0561330561,1539,13.646036531,6250,15.1,38.523797679,67.27696,1486:1,48040,65.348309236,41619,50.743650736,49.895833333,2020,73.1708412535,,799.0,752.0,12.5,543.0,0.9820143884892086,0.9784172661870504,0.9892086330935252,0.9856115107913668,0.9856115107913668,0.9838129496402878,0.1114,0.1704,0.0738,0.88,Very High Vulnerability,0.96,Very High Concern,1486.0,1.0,large,urban,23.469542212999997,1.0,8.0561330561,0.0,543.0,0.0,538.6255197505377,148.3405391504758,1563.5,976778.8773628469,0.16006693390229837,False,38.523797679,0.0
Wheeler,6.8311195446,2.0,37.32736,36.0,20.9,,257,18.085855032,910,16.3,54.530271399,57.79233000000001,1730:1,48018,50.900900901,5191,49.662878058,100.0,2020,74.938558766,,304.0,150.5,5.0,45.0,0.9027777777777778,0.9166666666666666,0.9166666666666666,0.9166666666666666,0.9166666666666666,0.9166666666666666,0.1241,0.1883,0.0824,0.7,High Vulnerability,0.91,Very High Concern,1730.0,1.0,small,very rural,23.469542212999997,1.0,5.96637375055,1.0,45.0,0.0,44.73151318122525,679.6103649978805,459.5,121830.39362768298,0.3771636833122649,False,54.530271399,0.0
Wichita,8.2245649264,95.0,71.9697,44.0,22.4,7.7178423237,2833,9.252727154,24410,18.5,42.662719612,112.82409,886:1,47477,61.217079783,132064,48.254634117,10.666920152,2020,79.1007337705,,1207.0,1265.0,22.5,1534.0,0.97796817625459,0.97796817625459,0.9834761321909424,0.982252141982864,0.9791921664626684,0.9785801713586292,0.1296,0.2018,0.0855,0.82,Very High Vulnerability,0.83,Very High Concern,886.0,1.0,large,very urban,23.469542212999997,1.0,7.7178423237,0.0,1534.0,0.0,1522.1608298754443,79.29516883565888,2494.5,3099481.622817632,0.08048119987665345,False,42.662719612,0.0
Wilbarger,8.5237258348,6.0,47.00721,49.0,23.6,,374,12.790697674,2140,16.5,24.839368965,54.60218,1831:1,44735,60.43814433,12820,50.483619345,21.891392686,2020,67.92269820050001,,116.0,162.0,7.5,134.0,0.9861111111111112,0.9861111111111112,0.9861111111111112,0.9861111111111112,0.9861111111111112,0.9861111111111112,0.1293,0.1898,0.087,0.91,Very High Vulnerability,0.93,Very High Concern,1831.0,1.0,medium,very urban,23.469542212999997,1.0,5.96637375055,1.0,134.0,0.0,133.2005059174263,87.08675631600885,285.5,300879.53117065993,0.09488847542708494,False,24.839368965,0.0
Willacy,8.6486486486,8.0,37.06449,53.0,44.5,,461,8.884178069,3070,14.1,,60.42296,1655:1,33171,82.95059151,21515,44.722286777,34.57576579,2020,63.449100616,,170.0,238.0,56.5,226.0,0.991304347826087,0.991304347826087,0.9956521739130436,0.982608695652174,0.9956521739130436,0.9869565217391304,0.0992,0.1603,0.0642,0.99,Very High Vulnerability,0.98,Very High Concern,1655.0,1.0,medium,urban,23.469542212999997,1.0,5.96637375055,1.0,226.0,0.0,224.6515995323757,75.67273073232688,464.5,504947.20071269496,0.09198981583508004,True,41.965456189,1.0
Williamson,7.3943110355,376.0,68.67015,52.0,7.9,4.4526161889,10395,6.8602993585,63750,12.5,34.644574855,67.75845,1476:1,87817,29.369333598,566719,50.755665506,11.98994982,2020,93.32610549,,4583.0,4234.0,72.5,6863.0,0.9455001044059302,0.9423679264982252,0.95343495510545,0.9506159949885152,0.9477970348715808,0.9410106494048862,0.0946,0.1402,0.061,0.2,Low Vulnerability,0.58,Moderate Concern,1476.0,1.0,large,very urban,23.469542212999997,1.0,4.4526161889,0.0,6863.0,0.0,6832.441695095579,67.07704514024233,8889.5,13300635.493409146,0.06683515238354594,False,34.644574855,0.0
Wilson,7.1641791045,24.0,48.67759,37.0,14.6,,1446,11.342955758,4530,9.6,34.935734138,43.80376,2283:1,71207,40.26446281,50224,49.874561962,85.861410131,2020,84.4511625785,,392.0,427.0,10.0,512.0,0.9732540861812778,0.976225854383358,0.9836552748885586,0.9821693907875184,0.9791976225854384,0.9806835066864784,0.1134,0.1709,0.0762,0.44,Moderate Vulnerability,0.78,High Concern,2283.0,1.0,large,very rural,23.469542212999997,1.0,5.96637375055,1.0,512.0,0.0,508.9452166397184,77.02204229134081,829.0,1178734.2881057118,0.07032967551425409,False,34.935734138,0.0
Winkler,7.4324324324,2.0,26.40613,17.0,20.1,,288,12.462137603,820,10.5,32.160107343,38.8601,2573:1,56781,60.259179266,7720,48.691709845,18.129395218,2020,76.15101752449999,,109.5,91.0,7.5,98.0,0.962406015037594,0.9548872180451128,0.9849624060150376,0.9849624060150376,0.9774436090225564,0.9774436090225564,0.1166,0.1765,0.0789,0.65,High Vulnerability,0.99,Very High Concern,2573.0,1.0,small,very urban,23.469542212999997,1.0,5.96637375055,1.0,98.0,0.0,97.4152953724461,112.4053461844474,208.0,181184.86588435998,0.11479987524606751,False,32.160107343,0.0
Wise,6.3923585599,27.0,40.79721,48.0,14.1,6.7877453678,2900,16.815493448,9150,14.5,59.833848709,70.27304,1423:1,66387,46.325243976,68305,49.990483859,72.107497421,2020,80.0099270245,,598.0,639.0,22.5,771.0,0.9305740987983978,0.931909212283044,0.9465954606141522,0.9399198931909212,0.9359145527369828,0.9332443257676902,0.1293,0.1898,0.087,0.58,Moderate Vulnerability,0.81,Very High Concern,1423.0,1.0,large,rural,23.469542212999997,1.0,6.7877453678,0.0,771.0,0.0,765.7666483214261,78.09167470414472,1259.5,1603087.0808589647,0.07856716051414597,False,59.833848709,0.0
Wood,6.2521830248,21.0,47.38909,40.0,24.9,,1194,13.405186932,7220,16.7,61.570877077,68.69197000000001,1456:1,48384,58.102893891,45129,50.395532806,74.199313697,2020,78.86959892499999,,238.0,277.0,20.0,362.0,0.9483146067415732,0.9415730337078652,0.9640449438202248,0.946067415730337,0.950561797752809,0.946067415730337,0.1285,0.1874,0.0874,0.63,High Vulnerability,0.87,Very High Concern,1456.0,1.0,large,rural,23.469542212999997,1.0,5.96637375055,1.0,362.0,0.0,359.8401727023009,66.14047514836527,535.0,1059156.970530477,0.050511870750569315,False,61.570877077,0.0
Yoakum,6.3506261181,3.0,35.01401,17.0,16.3,,498,16.739495798,610,7.2,,46.56035,2148:1,61560,56.434253627,8591,48.958212082,37.327071963,2020,79.277289223,,89.0,65.5,12.5,143.0,0.9507042253521126,0.9154929577464788,0.971830985915493,0.9507042253521126,0.943661971830986,0.9295774647887324,0.1143,0.1758,0.0766,0.49,Moderate Vulnerability,0.93,Very High Concern,2148.0,1.0,small,urban,23.469542212999997,1.0,5.96637375055,1.0,143.0,0.0,142.14680855367135,62.61132480255134,167.0,201626.83715188297,0.08282627568779496,True,41.965456189,1.0
Young,4.7433398311,12.0,66.74454,38.0,20.4,,719,15.977777778,2820,15.5,49.227356402,55.417010000000005,1805:1,49301,56.629417095,18045,50.473815461,33.568733154,2020,77.379648151,,185.0,181.0,7.5,196.0,0.9626168224299064,0.9672897196261684,0.985981308411215,0.97196261682243,0.9626168224299064,0.97196261682243,0.1293,0.1898,0.087,0.55,Moderate Vulnerability,0.84,Very High Concern,1805.0,1.0,medium,urban,23.469542212999997,1.0,5.96637375055,1.0,196.0,0.0,194.8305907448922,94.95428787270671,373.5,423507.8892335849,0.08819198165963724,False,49.227356402,0.0
Zapata,8.5869565217,1.0,6.982270000000001,32.0,49.1,,595,12.329050974,1620,11.2,,21.14165,4730:1,33160,83.300198807,14190,50.084566596,23.534027679,2020,60.193254259,,153.0,130.0,12.5,207.0,0.9924528301886792,0.9924528301886792,0.9924528301886792,0.9924528301886792,0.9924528301886792,0.9924528301886792,0.1146,0.1867,0.0742,0.99,Very High Vulnerability,1.0,Very High Concern,4730.0,1.0,medium,very urban,23.469542212999997,1.0,5.96637375055,1.0,207.0,0.0,205.76496063363615,74.3566832413299,295.5,333032.80400246993,0.08872999790068982,True,41.965456189,1.0
Zavala,8.8482074752,2.0,16.7392,26.0,44.5,,277,7.7940348903,1730,14.3,,75.1064,1331:1,30076,79.671618452,11983,49.420011683,38.032028775,2020,57.0766869815,,68.5,44.0,2.5,145.0,0.9941520467836256,0.9883040935672516,0.9941520467836256,0.9941520467836256,0.9941520467836256,0.9883040935672516,0.107,0.1724,0.0705,1.0,Very High Vulnerability,1.0,Very High Concern,1331.0,1.0,medium,urban,23.469542212999997,1.0,5.96637375055,1.0,145.0,0.0,144.13487580617024,47.524930810026476,115.0,281235.524338379,0.04089099350821466,True,41.965456189,1.0
Anderson,7.33179410875,19.0,32.72646,44.0,23.8,,1293,11.28370713,8800,15.2,42.574682123,60.62181,1650:1,48461,62.569370646,57735,38.557201005,67.063532793,2021,67.943874798,19.017926734,388.0,453.0,12.5,561.0,0.9753086419753086,0.9753086419753086,0.9753086419753086,0.9753086419753086,0.9753086419753086,0.9753086419753086,0.1398,0.2105,0.0948,0.79,High Vulnerability,0.95,Very High Concern,1650.0,1.0,large,rural,19.017926734,0.0,5.96637375055,1.0,561.0,0.0,557.6528643259414,69.5773347222007,853.5,1097999.99998749,0.07773224043804411,False,42.574682123,0.0
Andrews,6.80491141435,9.0,49.64695,24.0,12.7,,784,13.452299245,1800,10.1,,58.80781,1700:1,74918,40.912248206,18705,48.847901631,16.502096578,2021,86.183384174,31.02379043,264.0,383.0,20.0,273.0,0.9628482972136224,0.9659442724458204,0.978328173374613,0.9752321981424148,0.9690402476780186,0.9659442724458204,0.1166,0.1765,0.0789,0.47,Moderate Vulnerability,0.88,Very High Concern,1700.0,1.0,medium,very urban,31.02379043,0.0,5.96637375055,1.0,273.0,0.0,271.3711799660999,97.28372778309742,667.0,580299.99999315,0.1149405479937745,True,41.965456189,1.0
Angelina,8.9788685353,51.0,58.55877,49.0,22.6,6.5789473684,2670,11.637029289,15640,17.9,38.343168513,88.79663000000001,1126:1,51750,67.965116279,86715,51.158392435,43.082366228,2021,82.274850975,25.436199043,934.0,1066.0,23.5,1114.0,0.9759704251386322,0.9842883548983364,0.987985212569316,0.9787430683918668,0.9805914972273568,0.977818853974122,0.125,0.1935,0.0836,0.98,Very High Vulnerability,0.89,Very High Concern,1126.0,1.0,large,urban,25.436199043,0.0,6.5789473684,0.0,1114.0,0.0,1106.6710526316024,84.3972558764413,2023.5,2205700.000013745,0.09173958380502291,False,38.343168513,0.0
Aransas,9.085329816849999,9.0,37.82784,49.0,32.1,,668,15.455807497,4560,18.4,61.813483728,55.29562,1808:1,53085,67.161541181,23510,50.518928116,27.260557907,2021,81.755341433,17.732879626,149.0,206.0,15.0,223.0,0.9540229885057472,0.971264367816092,0.9655172413793104,0.9655172413793104,0.9655172413793104,0.9655172413793104,0.1183,0.18,0.0772,0.8,Very High Vulnerability,0.85,Very High Concern,1808.0,1.0,medium,urban,17.732879626,0.0,5.96637375055,1.0,223.0,0.0,221.66949865362736,67.21718635400622,370.0,416900.00000725995,0.08875029983054852,False,61.813483728,0.0
Archer,7.43714413665,,,47.0,12.8,,233,11.626746507,1160,13.2,,,,63731,33.231083845,8553,51.058108266,88.988292467,2021,75.405561993,21.547994856,70.0,120.0,0.0,80.0,0.9935483870967742,0.9935483870967742,0.9935483870967742,0.9935483870967742,0.9935483870967742,0.9935483870967742,0.1293,0.1898,0.087,0.09,Very Low Vulnerability,0.8,Very High Concern,,,small,very rural,21.547994856,0.0,5.96637375055,1.0,80.0,0.0,79.522690099956,88.0251911901038,190.0,184300.00000336798,0.10309278350327067,True,41.965456189,1.0
Armstrong,8.6092715232,0.0,0.0,27.0,16.7,,60,12.987012987,230,12.1,,52.99417,1887:1,64424,40.668523677,1887,51.086380498,100.0,2021,81.556195965,22.575516693,30.0,25.0,0.0,22.0,0.9,0.95,0.95,0.9,0.9,0.9,0.1241,0.1883,0.0824,0.16,Very Low Vulnerability,0.56,Moderate Concern,1887.0,1.0,small,very rural,22.575516693,0.0,5.96637375055,1.0,22.0,0.0,21.8687397774879,137.18211614042147,55.0,42599.999999691005,0.12910798122159373,True,41.965456189,1.0
Atascosa,7.9875320275499995,11.0,21.86444,36.0,19.0,4.4369321783,1607,11.280359399,6170,12.6,,46.91807,2131:1,57309,66.194084576,51153,50.200379254,60.711184342,2021,80.219992281,27.189021172,583.0,670.0,17.5,601.0,0.9737704918032788,0.9770491803278688,0.9918032786885246,0.9704918032786886,0.9754098360655736,0.9704918032786886,0.1146,0.174,0.0756,0.85,Very High Vulnerability,0.95,Very High Concern,2131.0,1.0,large,rural,27.189021172,0.0,4.4369321783,0.0,601.0,0.0,598.3334037608417,97.43731443632208,1270.5,1390800.000011316,0.09135030198372611,True,41.965456189,1.0
Austin,8.009837161250001,5.0,16.67278,41.0,17.0,,894,12.0209762,3890,13.1,19.282058084,56.60629,1767:1,68311,55.517490083,30032,50.283031433,66.344089805,2021,74.250066366,23.841236015,276.0,303.0,12.5,365.0,0.9791666666666666,0.9791666666666666,0.9814814814814816,0.9791666666666666,0.9814814814814816,0.976851851851852,0.1114,0.1704,0.0738,0.49,Moderate Vulnerability,0.82,Very High Concern,1767.0,1.0,medium,rural,23.841236015,0.0,5.96637375055,1.0,365.0,0.0,362.8222735810493,76.07030221046934,591.5,716000.00000248,0.08261173184328928,False,19.282058084,0.0
Bailey,7.69529400625,2.0,28.46165,42.0,25.8,,397,17.581930912,920,13.0,,85.71428999999999,1167:1,46174,85.815102329,7000,49.771428571,28.750872296,2021,70.545277507,30.771428571,105.5,152.0,21.0,106.0,0.98,0.98,1.0,1.0,0.99,0.99,0.1143,0.1758,0.0766,0.8,Very High Vulnerability,0.96,Very High Concern,1167.0,1.0,small,urban,30.771428571,0.0,5.96637375055,1.0,106.0,0.0,105.3675643824417,100.12568917041453,278.5,215399.999997,0.12929433612064942,True,41.965456189,1.0
Bandera,8.60693153,5.0,21.90676,42.0,23.6,,579,14.884318766,3390,15.6,,47.59432,2101:1,59604,54.409448819,23112,50.36344756,100.0,2021,81.819264198,16.471962617,102.5,140.5,7.5,187.0,0.9444444444444444,0.95,0.9611111111111112,0.95,0.95,0.9444444444444444,0.1146,0.174,0.0756,0.51,Moderate Vulnerability,0.77,High Concern,2101.0,1.0,medium,very rural,16.471962617,0.0,5.96637375055,1.0,187.0,0.0,185.88428810864716,55.1418309976204,250.5,380700.000004104,0.06579984239487775,True,41.965456189,1.0
Bastrop,7.59053669265,24.0,27.59382,43.0,23.8,4.5567522784,3089,13.420515271,10220,12.4,34.598673152,39.44862,2535:1,62627,70.670550244,88723,49.154108856,63.85244907,2021,80.403582183,25.367717503,1156.0,1321.0,46.0,1283.0,0.9615069615069616,0.9664209664209664,0.9754299754299754,0.968058968058968,0.9647829647829648,0.9631449631449632,0.124,0.188,0.0827,0.75,High Vulnerability,0.85,Very High Concern,2535.0,1.0,large,rural,25.367717503,0.0,4.5567522784,0.0,1283.0,0.0,1277.1536868268129,90.51377386477046,2523.0,2250700.0000186693,0.11209845825650118,False,34.598673152,0.0
Baylor,9.17541229385,5.0,139.58682000000002,21.0,24.5,,104,12.220916569,580,16.1,,56.996300000000005,1755:1,41539,58.075601375,3509,51.439156455,100.0,2021,74.705882353,22.855514392,31.0,37.5,2.5,32.0,0.9272727272727272,0.9454545454545454,0.9272727272727272,0.9272727272727272,0.9272727272727272,0.9272727272727272,0.1293,0.1898,0.087,0.16,Very Low Vulnerability,0.78,High Concern,1755.0,1.0,small,very rural,22.855514392,0.0,5.96637375055,1.0,32.0,0.0,31.8090760399824,97.45646167475776,71.0,80200.000001528,0.08852867830255272,True,41.965456189,1.0
Bee,9.926008349,7.0,21.48096,31.0,27.8,7.7730275942,651,9.2616303884,5630,17.2,37.6674511,55.27407,1809:1,44171,80.326331583,32565,39.121756487,42.97730768,2021,62.933849317,20.951942269,254.0,292.0,10.0,296.0,0.9886039886039886,0.9943019943019944,0.9914529914529916,0.9886039886039886,0.9886039886039886,0.9886039886039886,0.1183,0.18,0.0772,0.97,Very High Vulnerability,0.99,Very High Concern,1809.0,1.0,medium,urban,20.951942269,0.0,7.7730275942,0.0,296.0,0.0,293.6991838321168,86.483045913124,556.0,682299.999989985,0.08148908105058789,False,37.6674511,0.0
Bell,8.73335063445,280.0,78.73086,38.0,18.4,6.3845100179,6828,6.7389780993,55500,16.2,41.270733444,178.54978,560:1,54831,58.75884078,362924,50.321279386,15.186229794,2021,84.993764722,27.551773925,3317.0,3755.0,95.0,6122.0,0.9618281410475864,0.96987333105101,0.9744950359465936,0.9619993153029784,0.9635398836015064,0.9568640876412188,0.1244,0.1993,0.0815,0.81,Very High Vulnerability,0.83,Very High Concern,560.0,1.0,large,very urban,27.551773925,0.0,6.3845100179,0.0,6122.0,0.0,6082.914029670416,54.52978595161439,7167.0,9999199.9999567,0.07167573405903509,False,41.270733444,0.0
Bexar,8.89723811735,1507.0,75.8793,40.0,22.4,6.2724667882,44973,8.540323132,271790,14.1,43.283748495,105.96171,944:1,58956,63.057328341,2003554,50.598286844,4.5390847652,2021,81.274823378,25.277082624,16961.0,20880.0,1508.0,25569.0,0.9486607142857144,0.9612681878306878,0.9702794312169312,0.953249007936508,0.9522982804232804,0.9488260582010584,0.1005,0.1587,0.0641,0.83,Very High Vulnerability,0.87,Very High Concern,944.0,1.0,large,very urban,25.277082624,0.0,6.2724667882,0.0,25569.0,0.0,25408.619296692515,66.75293844954355,39349.0,50643999.999645695,0.07769725930075681,False,43.283748495,0.0
Blanco,6.3482936227,3.0,25.63664,44.0,14.7,,406,17.893345086,1480,13.1,,41.90764,2386:1,68404,42.925948224,11931,50.12991367,100.0,2021,85.263642643,17.768837482,51.5,57.0,5.0,86.0,0.9150943396226416,0.9056603773584906,0.9150943396226416,0.9150943396226416,0.9150943396226416,0.9150943396226416,0.1008,0.1475,0.0669,0.28,Low Vulnerability,0.68,High Concern,2386.0,1.0,medium,very rural,17.768837482,0.0,5.96637375055,1.0,86.0,0.0,85.4868918574527,60.24315410352617,113.5,211999.99999774198,0.05353773584962683,True,41.965456189,1.0
Borden,,0.0,0.0,19.0,15.4,,13,9.4890510949,90,13.3,,0.0,654:0,71926,24.299065421,654,48.470948012,100.0,2021,79.735682819,19.877675841,2.5,5.0,0.0,,0.8461538461538461,0.8461538461538461,0.8461538461538461,0.8461538461538461,0.8461538461538461,0.8461538461538461,0.1235,0.1873,0.0822,0.06,Very Low Vulnerability,0.72,High Concern,654.0,0.0,small,very rural,19.877675841,0.0,5.96637375055,1.0,213.5,1.0,212.22617920425756,1.177988507060606,7.5,13000.000000013999,0.057692307692245565,True,41.965456189,1.0
Bosque,6.53855602565,11.0,58.85185,31.0,19.7,,652,15.542312277,2820,15.6,36.30021194,42.81509,2336:1,55179,65.042868277,18685,50.56462403,81.215681968,2021,74.70531133,21.032914102,131.5,137.5,5.0,190.0,0.9617486338797814,0.989071038251366,0.9836065573770492,0.9617486338797814,0.9672131147540984,0.9672131147540984,0.1248,0.188,0.085,0.62,High Vulnerability,0.89,Very High Concern,2336.0,1.0,medium,rural,21.032914102,0.0,5.96637375055,1.0,190.0,0.0,188.8663889873955,69.62594070074374,274.0,392999.99999587,0.06972010178190317,False,36.30021194,0.0
Bowie,10.19980481755,66.0,69.97159,46.0,23.3,8.5714285714,2031,8.8296669855,16460,17.5,45.387928283,169.44608,590:1,51207,62.333314735,93245,49.9458416,35.424836601,2021,72.399929569,23.573381951,512.0,655.0,20.0,1060.0,0.959121877365632,0.9666919000757004,0.9780469341408023,0.9621498864496594,0.959121877365632,0.9606358819076456,0.1356,0.2056,0.0926,0.85,Very High Vulnerability,0.86,Very High Concern,590.0,1.0,large,urban,23.573381951,0.0,8.5714285714,0.0,1060.0,0.0,1050.914285714316,48.71948235549857,1187.0,2198100.000020995,0.05400118283920943,False,45.387928283,0.0
Brazoria,8.325770294449999,233.0,62.93895,45.0,11.1,4.4955193665,11001,10.702298839,43600,12.3,43.197193302,64.92743,1540:1,83704,48.140862508,374264,49.486725947,22.52862699,2021,87.128362532,26.10991172,3781.0,4339.0,145.5,4669.0,0.9718221665623044,0.9753704863285326,0.9812147777082028,0.9751617616364016,0.9745355875600084,0.9732832394072218,0.1074,0.1608,0.071,0.51,Moderate Vulnerability,0.69,High Concern,1540.0,1.0,large,very urban,26.10991172,0.0,4.4955193665,0.0,4669.0,0.0,4648.010420077811,81.34663346853476,8265.5,9771999.99997408,0.08458350388888584,False,43.197193302,0.0
Brazos,7.73258788245,196.0,86.43576,55.0,19.4,4.9220247656,5375,11.078819359,33200,15.1,34.174423233,66.31444,1508:1,54471,57.73401551,229211,49.642469166,12.063576784,2021,81.893164761,20.629899961,1846.0,2431.0,89.5,2732.0,0.9725910064239828,0.9837259100642398,0.9850107066381156,0.9691648822269808,0.9700214132762311,0.9687366167023554,0.1055,0.1682,0.0691,0.65,High Vulnerability,0.81,Very High Concern,1508.0,1.0,large,very urban,20.629899961,0.0,4.9220247656,0.0,2732.0,0.0,2718.553028340381,67.90377015845608,4366.5,4728599.999960771,0.09234234234310842,False,34.174423233,0.0
Brewster,5.9423896788,7.0,75.53685,13.0,19.8,,211,11.580680571,1410,15.2,,86.92818,1150:1,48581,51.817413356,9203,49.049223079,34.867850953,2021,76.54109589,18.254916875,36.5,76.5,5.0,83.0,0.8918918918918919,0.918918918918919,0.9324324324324323,0.8783783783783784,0.9054054054054054,0.8513513513513513,0.1166,0.1765,0.0789,0.66,High Vulnerability,0.84,Very High Concern,1150.0,1.0,small,urban,18.254916875,0.0,5.96637375055,1.0,83.0,0.0,82.50479097870435,44.23985512480259,118.0,168000.000000625,0.07023809523783393,True,41.965456189,1.0
Briscoe,,0.0,0.0,30.0,24.6,,61,20.132013201,220,14.3,,64.68305,1546:1,44259,58.980582524,1546,50.258732212,100.0,2021,70.930232558,19.534282018,22.5,20.0,2.5,10.0,0.9333333333333332,0.9333333333333332,0.9333333333333332,0.9333333333333332,0.9333333333333332,0.9333333333333332,0.1241,0.1883,0.0824,0.46,Moderate Vulnerability,0.95,Very High Concern,1546.0,1.0,small,very rural,19.534282018,0.0,5.96637375055,1.0,10.0,0.0,9.9403362624945,226.35049163169546,45.0,30199.999999828,0.14900662251740493,True,41.965456189,1.0
Brooks,8.429556676,,,40.0,44.4,,149,7.3003429691,1550,21.6,,28.19681,3547:1,31410,81.18622449,7093,49.020160722,31.759656652,2021,60.70754717,27.491893416,64.5,88.5,7.5,97.0,0.98989898989899,0.98989898989899,0.98989898989899,0.98989898989899,0.98989898989899,0.98989898989899,0.0992,0.1603,0.0642,1.0,Very High Vulnerability,0.99,Very High Concern,3547.0,1.0,small,urban,27.491893416,0.0,5.96637375055,1.0,97.0,0.0,96.42126174619665,66.89395972620552,160.5,194999.999999688,0.082307692307824,True,41.965456189,1.0
Brown,8.7379906844,22.0,58.010760000000005,44.0,21.8,7.8459343795,850,9.8733883146,5590,14.8,44.611196504,79.23093,1262:1,56040,62.861759953,37864,50.528206212,40.40046187,2021,75.848428066,21.579864779,297.0,381.0,17.5,431.0,0.9569620253164556,0.9569620253164556,0.9670886075949368,0.9645569620253164,0.9645569620253164,0.9569620253164556,0.1278,0.1901,0.086,0.63,High Vulnerability,0.72,High Concern,1262.0,1.0,large,urban,21.579864779,0.0,7.8459343795,0.0,431.0,0.0,427.6184022824355,69.45444780083061,695.5,817099.999992056,0.08511810060050934,False,44.611196504,0.0
Burleson,8.74229240885,7.0,38.06624,40.0,21.8,,559,13.146754468,2540,14.2,13.293232691,43.37689,2305:1,61745,62.624821683,18443,50.637098086,76.65677547,2021,73.054331865,21.775199263,161.0,218.0,15.0,201.0,0.990990990990991,0.9864864864864864,0.9864864864864864,0.981981981981982,0.990990990990991,0.9864864864864864,0.1225,0.1864,0.0827,0.61,High Vulnerability,0.83,Very High Concern,2305.0,1.0,medium,rural,21.775199263,0.0,5.96637375055,1.0,201.0,0.0,199.80075887613944,80.58027452228406,394.0,401600.000007509,0.09810756971928114,False,13.293232691,0.0
Burnet,6.8935788242000005,21.0,44.17147,47.0,16.3,,1426,13.431289441,6400,14.0,54.484326387,62.29883,1605:1,62827,62.722527105,48155,50.993666286,55.67251462,2021,78.605984591,21.065309937,357.0,411.0,23.5,499.0,0.954183266932271,0.9581673306772908,0.9661354581673308,0.9561752988047808,0.9601593625498008,0.954183266932271,0.1264,0.1929,0.0847,0.53,Moderate Vulnerability,0.7,High Concern,1605.0,1.0,large,rural,21.065309937,0.0,5.96637375055,1.0,499.0,0.0,496.02277949847553,71.97250101315099,791.5,1014400.0000162349,0.07802641955711084,False,54.484326387,0.0
Caldwell,8.69926838715,12.0,27.74759,42.0,20.5,,1266,11.829564567,6020,14.6,41.477267721,48.09454,2079:1,55301,72.300351582,43664,49.548827409,42.292334367,2021,69.762258544,23.24798461,513.0,559.0,36.5,633.0,0.9752650176678446,0.9681978798586572,0.9840989399293286,0.978798586572438,0.980565371024735,0.9646643109540636,0.124,0.188,0.0827,0.87,Very High Vulnerability,0.97,Very High Concern,2079.0,1.0,large,urban,23.24798461,0.0,5.96637375055,1.0,633.0,0.0,629.2232854159018,81.52908703321732,1108.5,1015100.00001104,0.10920106393340007,False,41.477267721,0.0
Calhoun,7.13471392395,11.0,51.01804,31.0,22.6,,611,11.227489893,3170,14.5,16.139395589,65.75857,1521:1,55909,67.264690588,21290,48.661343354,44.731303494,2021,78.818253759,23.936120244,235.0,250.0,12.5,218.0,0.9963898916967509,0.9927797833935018,0.9963898916967509,0.9927797833935018,0.9927797833935018,0.9927797833935018,0.1065,0.1663,0.0699,0.86,Very High Vulnerability,0.88,Very High Concern,1521.0,1.0,medium,urban,23.936120244,0.0,5.96637375055,1.0,218.0,0.0,216.6993305223801,108.44518967063898,497.5,509599.99999476003,0.0976255886980211,False,16.139395589,0.0
Callahan,11.3573012155,1.0,7.145919999999999,40.0,18.7,,361,11.056661562,2140,15.5,,57.37646,1743:1,50812,53.989678444,13943,50.405221258,72.179562906,2021,71.380659586,21.896292046,118.5,137.0,0.0,135.0,0.966346153846154,0.9471153846153846,0.966346153846154,0.9615384615384616,0.9567307692307692,0.9615384615384616,0.1278,0.1901,0.086,0.3,Low Vulnerability,0.8,High Concern,1743.0,1.0,medium,rural,21.896292046,0.0,5.96637375055,1.0,135.0,0.0,134.19453954367575,88.30463624150093,255.5,305299.999997378,0.08368817556573675,True,41.965456189,1.0
Cameron,8.2441132295,208.0,49.06725,42.0,36.3,5.0773942895,18505,14.075454476,75130,17.8,70.459128341,75.14835000000001,1331:1,40893,84.894811994,423163,51.249045876,8.4208064596,2021,57.488062277,29.905261093,4900.0,6154.0,3323.0,5738.0,0.98625678119349,0.987884267631103,0.9929475587703436,0.9869801084990958,0.9871609403254972,0.9866184448462928,0.105,0.1701,0.0683,0.98,Very High Vulnerability,0.98,Very High Concern,1331.0,1.0,large,very urban,29.905261093,0.0,5.0773942895,0.0,5738.0,0.0,5708.865911566849,85.83140812734823,14377.0,12654799.99989716,0.11360906533581594,False,70.459128341,0.0
Camp,7.0489095939999995,11.0,84.40114,35.0,26.1,,405,11.3988179,2250,17.5,24.782628792,15.274169999999998,6547:1,47091,77.886247878,13094,51.412860852,61.478912991,2021,65.363735071,26.332671453,149.0,149.5,10.0,189.0,0.9662921348314608,0.9606741573033708,0.9887640449438202,0.9662921348314608,0.9719101123595506,0.9606741573033708,0.1285,0.1874,0.0874,0.9,Very High Vulnerability,0.98,Very High Concern,6547.0,1.0,medium,rural,26.332671453,0.0,5.96637375055,1.0,189.0,0.0,187.87235536114605,79.30916696795443,308.5,344800.000005582,0.08947215777117334,False,24.782628792,0.0
Carson,5.5833823352500005,,,45.0,11.0,,186,12.117263844,670,11.2,,101.24873,988:1,69760,33.278553821,5926,49.679379008,95.195729537,2021,76.311188811,23.388457644,31.0,53.0,0.0,64.0,0.931372549019608,0.931372549019608,0.9411764705882352,0.9411764705882352,0.931372549019608,0.931372549019608,0.1241,0.1883,0.0824,0.03,Very Low Vulnerability,0.6,High Concern,988.0,1.0,small,very rural,23.388457644,0.0,5.96637375055,1.0,64.0,0.0,63.6181520799648,48.72823083737888,84.0,138599.999998344,0.06060606060678474,True,41.965456189,1.0
Cass,8.32216052465,7.0,23.24114,37.0,23.6,,698,9.9189995737,5650,18.8,32.835286643,46.62626,2145:1,44529,64.090497738,30026,51.66855392,74.011948529,2021,69.331322272,22.190768001,170.0,192.5,0.0,346.0,0.9747474747474748,0.9797979797979798,0.9823232323232324,0.9797979797979798,0.9747474747474748,0.9772727272727272,0.1356,0.2056,0.0926,0.78,High Vulnerability,0.98,Very High Concern,2145.0,1.0,medium,rural,22.190768001,0.0,5.96637375055,1.0,346.0,0.0,343.9356346823097,49.42785302169329,362.5,666299.999998026,0.0544049227076503,False,32.835286643,0.0
Castro,7.393797997449999,1.0,13.04631,28.0,22.7,,357,15.923282783,1010,12.9,20.097843236,39.84064,2510:1,51736,68.76841485,7530,48.698539177,45.757876457,2021,68.641390205,28.671978752,87.0,115.0,7.5,110.0,0.9572649572649572,0.9572649572649572,0.9572649572649572,0.9487179487179488,0.9572649572649572,0.9401709401709402,0.1241,0.1883,0.0824,0.78,High Vulnerability,0.99,Very High Concern,2510.0,1.0,small,urban,28.671978752,0.0,5.96637375055,1.0,110.0,0.0,109.3436988874395,79.56562736144446,209.5,215900.00000256,0.09703566465841403,False,20.097843236,0.0
Chambers,7.9107015421,6.0,14.13294,33.0,11.9,,1245,9.8966613672,5610,13.9,16.40757393,61.59181,1624:1,93351,33.73650108,43837,49.533499099,45.720310007,2021,84.291705167,27.784748044,540.0,647.0,20.5,588.0,0.9728867623604466,0.9665071770334928,0.9792663476874004,0.9744816586921852,0.9744816586921852,0.9665071770334928,0.1377,0.2028,0.0929,0.41,Moderate Vulnerability,0.79,High Concern,1624.0,1.0,large,urban,27.784748044,0.0,5.96637375055,1.0,588.0,0.0,584.4917722346765,92.38795576803896,1207.5,1218000.000004828,0.09913793103408979,False,16.40757393,0.0
Cherokee,7.4538846908,20.0,38.0286,43.0,22.7,7.9135302065,1755,12.790612929,8350,16.1,37.108729714,45.58751,2194:1,46576,66.433566434,52646,49.048360749,63.048480677,2021,72.907707575,25.314363864,537.0,633.0,30.5,676.0,0.9918962722852512,0.9951377633711508,0.9967585089141004,0.9951377633711508,0.9951377633711508,0.9902755267423016,0.1282,0.1918,0.0871,0.92,Very High Vulnerability,0.94,Very High Concern,2194.0,1.0,large,rural,25.314363864,0.0,7.9135302065,0.0,676.0,0.0,670.650453580406,80.07151820044474,1200.5,1332699.999984144,0.09008028813793675,False,37.108729714,0.0
Childress,9.3575258256,10.0,137.1554,26.0,25.9,,180,12.203389831,1140,15.7,16.616654164,123.18641999999998,812:1,44095,59.124087591,7306,38.748973446,33.148700469,2021,73.24470295,18.998083767,38.0,68.0,2.5,67.0,0.8928571428571429,0.8928571428571429,0.9821428571428572,0.875,0.8928571428571429,0.8928571428571429,0.1241,0.1883,0.0824,0.75,High Vulnerability,0.92,Very High Concern,812.0,1.0,small,urban,18.998083767,0.0,5.96637375055,1.0,67.0,0.0,66.60025295871316,57.05684034497131,108.5,138800.000001702,0.07817002881748526,False,16.616654164,0.0
Clay,5.01632921425,4.0,38.25555,49.0,16.0,,291,13.197278912,1600,15.4,,19.10037,5236:1,59983,50.455373406,10471,50.052526024,74.600074405,2021,75.322777101,19.749785121,99.5,104.0,0.0,101.0,0.97196261682243,0.97196261682243,0.97196261682243,0.97196261682243,0.97196261682243,0.9626168224299064,0.1293,0.1898,0.087,0.32,Low Vulnerability,0.68,High Concern,5236.0,1.0,medium,rural,19.749785121,0.0,5.96637375055,1.0,101.0,0.0,100.39739625119445,99.10615585194145,203.5,206800.000001991,0.09840425531820154,True,41.965456189,1.0
Cochran,7.6570300708,1.0,35.260929999999995,22.0,30.1,,121,15.67357513,480,16.5,,35.05082,2853:1,43742,71.018651363,2853,49.281458114,100.0,2021,66.032064128,26.813880126,33.5,37.5,5.0,48.0,0.925,0.925,0.925,0.925,0.925,0.925,0.1143,0.1758,0.0766,0.86,Very High Vulnerability,0.99,Very High Concern,2853.0,1.0,small,very rural,26.813880126,0.0,5.96637375055,1.0,48.0,0.0,47.7136140599736,70.21056916353515,76.0,76499.99999947801,0.09934640522943605,True,41.965456189,1.0
Coke,6.4866291344,,,48.0,17.9,,92,12.185430464,520,15.8,,0.0,3387:0,48435,53.281853282,3387,49.95571302,100.0,2021,68.734793187,20.932979037,30.0,27.5,0.0,35.0,0.9705882352941176,0.9705882352941176,0.9705882352941176,0.9705882352941176,0.9705882352941176,0.9705882352941176,0.1235,0.1873,0.0822,0.62,High Vulnerability,0.91,Very High Concern,3387.0,0.0,small,very rural,20.932979037,0.0,5.96637375055,1.0,35.0,0.0,34.79117691873075,86.22875871683637,57.5,70899.99999831899,0.0811001410456464,True,41.965456189,1.0
Coleman,10.6793112945,5.0,59.545080000000006,26.0,30.4,,263,14.270211612,1430,17.0,15.063375584,61.16208,1635:1,44834,67.420109119,8175,49.100917431,51.545812254,2021,70.931931055,20.318042813,69.0,60.0,5.0,89.0,0.9761904761904762,0.9642857142857144,0.9642857142857144,0.9642857142857144,0.9761904761904762,0.9642857142857144,0.1278,0.1901,0.086,0.42,Moderate Vulnerability,0.94,Very High Concern,1635.0,1.0,small,urban,20.318042813,0.0,5.96637375055,1.0,89.0,0.0,88.46899273620105,77.99342782814975,134.0,166099.999996275,0.08067429259663161,False,15.063375584,0.0
Collin,7.6310665769,1019.0,101.37830999999998,57.0,6.8,4.3008808411,23223,8.3576256181,105240,11.1,26.62046639,76.15513,1313:1,96847,25.5217787,1034730,50.754689629,5.2427266371,2021,92.76328324,25.636542866,7069.0,8103.0,722.0,12190.0,0.95326695706285,0.951337896701929,0.9588052271313006,0.9537025513378968,0.9549471064094586,0.9490976975731176,0.083,0.1234,0.0542,0.15,Very Low Vulnerability,0.49,Moderate Concern,1313.0,1.0,large,very urban,25.636542866,0.0,4.3008808411,0.0,12190.0,0.0,12137.572262546992,58.24064192649854,15894.0,26526899.99973618,0.05991653755304265,False,26.62046639,0.0
Collingsworth,7.74523641495,1.0,33.76097,12.0,35.8,,166,20.570012392,430,14.5,,102.73973,973:1,40314,66.211604096,2920,51.02739726,100.0,2021,69.371980676,25.0,21.0,30.0,0.0,33.0,0.9565217391304348,0.9565217391304348,1.0,0.9565217391304348,0.9565217391304348,0.9565217391304348,0.1241,0.1883,0.0824,0.89,Very High Vulnerability,0.98,Very High Concern,973.0,1.0,small,very rural,25.0,0.0,5.96637375055,1.0,33.0,0.0,32.80310966623185,64.01832086553003,51.0,73000.0,0.06986301369863014,True,41.965456189,1.0
Colorado,8.59583176505,10.0,47.13202,34.0,20.9,12.311135982,740,14.6883684,2730,13.0,19.804990809,32.56874,3070:1,55607,67.532104969,21493,49.644070162,62.613777906,2021,71.758389262,22.984227423,196.0,232.0,10.0,269.0,0.9609929078014184,0.9645390070921984,0.975177304964539,0.953900709219858,0.9609929078014184,0.9574468085106383,0.1114,0.1704,0.0738,0.68,High Vulnerability,0.93,Very High Concern,3070.0,1.0,medium,rural,22.984227423,0.0,12.311135982,0.0,269.0,0.0,265.688304420842,73.77065408552652,438.0,494000.000002539,0.08866396761088031,False,19.804990809,0.0
Comal,7.72082940415,96.0,64.70179999999999,45.0,9.4,5.3933420123,3700,10.416666667,16480,12.2,42.16777542,66.57746999999999,1502:1,87976,33.464007072,156209,50.495169933,46.145549082,2021,89.193451048,22.484619964,1459.0,1560.0,40.5,1773.0,0.9631354287931704,0.9608071400853706,0.9650756693830036,0.9639115250291036,0.9627473806752036,0.9608071400853706,0.0937,0.1369,0.0619,0.24,Low Vulnerability,0.64,High Concern,1502.0,1.0,large,urban,22.484619964,0.0,5.3933420123,0.0,1773.0,0.0,1763.437604612192,82.7361283543036,3059.5,3512299.999956476,0.08710816274344199,False,42.16777542,0.0
Comanche,6.78562164165,6.0,44.33279,28.0,22.1,,529,16.938840858,2130,15.8,39.098941336,73.34067,1364:1,54122,67.012448133,13635,50.172350568,71.461285244,2021,72.553307818,22.141547488,141.0,171.0,7.5,176.0,0.9822485207100592,0.9881656804733728,0.9881656804733728,0.9763313609467456,0.9822485207100592,0.9763313609467456,0.1278,0.1901,0.086,0.73,High Vulnerability,0.92,Very High Concern,1364.0,1.0,medium,rural,22.141547488,0.0,5.96637375055,1.0,176.0,0.0,174.9499182199032,80.59449323249763,319.5,301899.99999888,0.10582974494905109,False,39.098941336,0.0
Concho,8.000261233,1.0,23.38634,45.0,27.0,,78,14.800759013,440,10.3,,110.05136,909:1,43321,70.0,2726,46.845194424,100.0,2021,75.109649123,18.231841526,25.0,31.0,0.0,25.0,0.9,0.95,0.95,0.95,0.9,0.95,0.1235,0.1873,0.0822,0.43,Moderate Vulnerability,0.96,Very High Concern,909.0,1.0,small,very rural,18.231841526,0.0,5.96637375055,1.0,25.0,0.0,24.85084065623625,100.60021850297574,56.0,49699.999999876,0.1126760563383093,True,41.965456189,1.0
Cooke,6.2096217732,13.0,32.04022,43.0,18.4,,1123,11.456845542,5860,14.8,59.170678606,77.5626,1289:1,61186,57.587768969,41257,50.127251133,59.03426386,2021,76.216533125,23.620234142,440.0,576.0,20.0,541.0,0.9571984435797666,0.9552529182879378,0.970817120622568,0.9649805447470816,0.9552529182879378,0.9591439688715954,0.1317,0.1945,0.0881,0.62,High Vulnerability,0.85,Very High Concern,1289.0,1.0,large,rural,23.620234142,0.0,5.96637375055,1.0,541.0,0.0,537.7721918009524,81.81903168449044,1036.0,974499.999996494,0.10631092868175754,False,59.170678606,0.0
Coryell,8.4914651579,16.0,21.38809,31.0,15.7,7.1537290715,1359,7.7737101018,12530,16.6,36.554900422,50.03226,1999:1,53083,56.05972087,75951,50.196837435,19.423515679,2021,85.745004928,22.582981133,546.0,606.0,30.5,970.0,0.9702970297029704,0.969059405940594,0.9752475247524752,0.9678217821782178,0.9702970297029704,0.9678217821782178,0.1264,0.1929,0.0847,0.78,High Vulnerability,0.82,Very High Concern,1999.0,1.0,large,very urban,22.582981133,0.0,7.1537290715,0.0,970.0,0.0,963.060882800645,56.694234990854966,1182.5,1715200.0000324831,0.06894239738675405,False,36.554900422,0.0
Cottle,,0.0,0.0,18.0,32.5,,58,17.901234568,350,21.8,,0.0,1398:0,40449,64.215686275,1398,51.287553648,100.0,2021,65.629420085,22.961373391,12.5,17.5,0.0,11.0,0.9285714285714286,1.0,1.0,1.0,0.9285714285714286,1.0,0.1293,0.1898,0.087,0.94,Very High Vulnerability,1.0,Very High Concern,1398.0,0.0,small,very rural,22.961373391,0.0,5.96637375055,1.0,11.0,0.0,10.93436988874395,114.3184301170179,30.0,32100.000000617998,0.09345794392343437,True,41.965456189,1.0
Crane,8.3669869563,1.0,20.85941,22.0,13.6,,194,13.07277628,420,8.6,,20.84636,4797:1,68626,52.736750652,4797,49.593495935,10.697142857,2021,66.220971147,28.913904524,66.5,91.0,12.5,62.0,1.0,0.9876543209876544,0.9876543209876544,1.0,1.0,1.0,0.1166,0.1765,0.0789,0.47,Moderate Vulnerability,0.93,Very High Concern,4797.0,1.0,small,very urban,28.913904524,0.0,5.96637375055,1.0,62.0,0.0,61.6300848274659,107.90184726528851,170.0,138700.000001628,0.12256669069791247,True,41.965456189,1.0
Crockett,8.7513651941,1.0,28.579590000000003,22.0,19.3,,116,13.019079686,480,13.2,,28.868360000000003,3464:1,54165,53.281853282,3464,49.826789838,22.748050551,2021,69.497784343,24.826789838,31.0,42.0,7.5,53.0,0.9622641509433962,0.9622641509433962,0.9622641509433962,0.9622641509433962,0.9622641509433962,0.9622641509433962,0.1235,0.1873,0.0822,0.69,High Vulnerability,0.9,Very High Concern,3464.0,1.0,small,very urban,24.826789838,0.0,5.96637375055,1.0,53.0,0.0,52.68378219122085,58.841637237589595,80.5,85999.999998832,0.09360465116406197,True,41.965456189,1.0
Crosby,8.67525125405,2.0,34.60806,42.0,33.6,,175,11.075949367,980,16.8,23.549883087,52.29214,1912:1,38871,81.439722463,5737,50.374760328,100.0,2021,68.898592916,26.05891581,42.5,62.5,2.5,67.0,0.9878048780487804,1.0,1.0,0.9878048780487804,0.9878048780487804,0.9878048780487804,0.1143,0.1758,0.0766,0.94,Very High Vulnerability,0.99,Very High Concern,1912.0,1.0,small,very rural,26.05891581,0.0,5.96637375055,1.0,67.0,0.0,66.60025295871316,63.813571438454765,107.5,149500.00000196998,0.07190635451410264,False,23.549883087,0.0
Culberson,7.9791923823,,,15.0,30.6,,76,14.757281553,430,19.3,,92.12345,1086:1,44462,77.777777778,2171,50.115154307,100.0,2021,55.517241379,22.385997236,22.5,41.0,0.0,31.0,0.9117647058823528,1.0,1.0,0.9705882352941176,0.9411764705882352,0.9705882352941176,0.1166,0.1765,0.0789,1.0,Very High Vulnerability,1.0,Very High Concern,1086.0,1.0,small,very rural,22.385997236,0.0,5.96637375055,1.0,31.0,0.0,30.81504241373295,73.01628762312757,63.5,48599.999999356005,0.13065843621572312,True,41.965456189,1.0
Dallam,6.50280545295,4.0,55.55556,28.0,17.4,,477,20.358514725,940,13.0,,164.67682,607:1,55793,64.022140221,7287,47.358309318,23.541697747,2021,74.534686971,31.906134212,94.5,152.5,12.5,178.0,0.9542857142857144,0.9542857142857144,0.9828571428571428,0.9828571428571428,0.9828571428571428,0.96,0.1241,0.1883,0.0824,0.55,Moderate Vulnerability,0.92,Very High Concern,607.0,1.0,small,very urban,31.906134212,0.0,5.96637375055,1.0,178.0,0.0,176.9379854724021,53.40854296927645,259.5,232500.000002844,0.11161290322444117,True,41.965456189,1.0
Dallas,8.5016924295,1834.0,69.52837,52.0,20.9,6.433806928,102076,14.385350269,391670,15.1,49.080078898,113.8297,879:1,61807,72.919592161,2635516,50.667155881,0.6883041916,2021,81.096278199,25.814906834,22408.0,30221.0,2795.0,35541.0,0.931108597285068,0.943552036199095,0.9602092760180996,0.9352092760180996,0.9345022624434388,0.9284785067873303,0.1078,0.1697,0.0704,0.75,High Vulnerability,0.83,Very High Concern,879.0,1.0,large,very urban,25.814906834,0.0,6.433806928,0.0,35541.0,0.0,35312.336067971955,63.456577771766,55424.0,68035599.99951634,0.08146323395456792,False,49.080078898,0.0
Dawson,9.9642981539,5.0,39.62279,26.0,28.9,,469,14.050329539,2220,17.1,13.960449451,54.99686,1818:1,48165,68.341307815,12728,45.301697046,16.294368539,2021,68.833873207,25.699245757,110.5,166.5,12.5,178.0,0.9096045197740112,0.9378531073446328,0.96045197740113,0.9209039548022598,0.9152542372881356,0.9209039548022598,0.1235,0.1873,0.0822,0.95,Very High Vulnerability,1.0,Very High Concern,1818.0,1.0,medium,very urban,25.699245757,0.0,5.96637375055,1.0,178.0,0.0,176.9379854724021,62.451259239206856,289.5,327099.999995096,0.0885050443302783,False,13.960449451,0.0
DeWitt,8.43814224005,10.0,49.53683,32.0,24.3,,506,10.818901005,3060,15.0,30.03957812,59.523810000000005,1680:1,52544,63.708785129,20160,47.495039683,49.624322038,2021,62.712826334,22.46031746,194.0,211.0,12.5,208.0,,,,,,,0.1134,0.1709,0.0762,0.82,Very High Vulnerability,0.97,Very High Concern,1680.0,1.0,medium,urban,22.46031746,0.0,5.96637375055,1.0,208.0,0.0,206.7589942598856,93.82904994989084,417.5,452799.99999359995,0.09220406360554352,False,30.03957812,0.0
Deaf Smith,7.36069072385,2.0,10.66098,39.0,24.8,,941,15.659843568,2420,12.8,20.387828162,107.83997,927:1,46178,80.587544066,18546,50.145583953,17.711129465,2021,79.121236778,30.84223013,248.0,293.0,15.0,311.0,0.9714285714285714,0.9904761904761904,0.9714285714285714,0.9714285714285714,0.9714285714285714,0.9714285714285714,0.1241,0.1883,0.0824,0.84,Very High Vulnerability,0.9,Very High Concern,927.0,1.0,medium,very urban,30.84223013,0.0,5.96637375055,1.0,311.0,0.0,309.14445776357894,80.22139610526683,556.0,571999.99999098,0.09720279720433,False,20.387828162,0.0
Delta,6.40829127955,1.0,18.69508,44.0,25.5,,147,11.307692308,1000,19.2,58.056320136,56.27462,1777:1,51348,70.011025358,5331,50.234477584,100.0,2021,70.285142571,23.466516601,27.5,50.5,0.0,62.0,0.9857142857142858,0.9857142857142858,0.9857142857142858,0.9857142857142858,0.9857142857142858,0.9857142857142858,0.1283,0.1937,0.0866,0.57,Moderate Vulnerability,0.85,Very High Concern,1777.0,1.0,small,very rural,23.466516601,0.0,5.96637375055,1.0,62.0,0.0,61.6300848274659,44.62106465857795,78.0,125099.999999931,0.062350119904111136,False,58.056320136,0.0
Denton,7.403689914899999,464.0,54.01227,53.0,7.1,4.1793258876,17611,7.8588258394,92570,11.5,38.71477225,67.85339,1474:1,90910,33.383062029,887207,50.831880271,6.9058305439,2021,91.795444287,24.289032886,6567.0,7647.0,417.0,10782.0,0.939531008213308,0.942625877871682,0.951434353053208,0.940721342697298,0.9404832758005,0.93453160338055,0.0949,0.1412,0.0617,0.22,Low Vulnerability,0.63,High Concern,1474.0,1.0,large,very urban,24.289032886,0.0,4.1793258876,0.0,10782.0,0.0,10736.938508279896,61.162686131952725,14631.0,21549399.999689404,0.06789516181522863,False,38.71477225,0.0
Dickens,13.6620714035,1.0,44.46421,32.0,26.2,,68,15.384615385,380,17.3,,45.2284,2211:1,41973,67.346938776,2211,44.504748982,100.0,2021,77.278106509,18.181818182,17.5,17.5,0.0,19.0,1.0,1.0,1.0,1.0,1.0,0.9285714285714286,0.1143,0.1758,0.0766,0.88,Very High Vulnerability,0.93,Very High Concern,2211.0,1.0,small,very rural,18.181818182,0.0,5.96637375055,1.0,19.0,0.0,18.88663889873955,92.65809598958292,35.0,40200.000000402004,0.08706467661604476,True,41.965456189,1.0
Dimmit,8.1242010361,4.0,38.80481,41.0,34.8,,298,9.7545008183,1960,18.3,,69.14263,1446:1,40315,77.51239297,10124,51.274199921,39.475790316,2021,59.18043202,28.654681944,123.0,405.0,1086.0,131.0,0.9848484848484848,0.9848484848484848,0.9924242424242424,0.9772727272727272,0.9772727272727272,0.9772727272727272,0.107,0.1724,0.0705,1.0,Very High Vulnerability,0.99,Very High Concern,1446.0,1.0,medium,urban,28.654681944,0.0,5.96637375055,1.0,131.0,0.0,130.21840503867796,94.45669370890089,1614.0,290100.000001056,0.5563598759028352,True,41.965456189,1.0
Donley,10.313190862150002,,,18.0,24.5,,91,13.541666667,520,15.4,44.845609402,152.53203,656:1,41093,58.289703316,3278,50.823672971,100.0,2021,63.146067416,19.371568029,29.5,32.0,0.0,34.0,0.9473684210526316,0.9473684210526316,0.9473684210526316,0.9473684210526316,0.9473684210526316,0.9473684210526316,0.1241,0.1883,0.0824,0.45,Moderate Vulnerability,0.82,Very High Concern,656.0,1.0,small,very rural,19.371568029,0.0,5.96637375055,1.0,34.0,0.0,33.7971432924813,87.2854837011113,61.5,63499.999999062,0.09685039370221804,False,44.845609402,0.0
Duval,8.809027877750001,,,34.0,33.5,,281,9.7909407666,2160,19.0,,44.81491,2231:1,37100,78.638941399,11157,48.8482567,67.042946868,2021,64.027342637,25.625168056,68.5,91.5,0.0,143.0,0.9932432432432432,1.0,1.0,1.0,1.0,1.0,0.1146,0.1867,0.0742,1.0,Very High Vulnerability,1.0,Very High Concern,2231.0,1.0,medium,rural,25.625168056,0.0,5.96637375055,1.0,143.0,0.0,142.14680855367135,48.18961515701985,160.0,285900.000000792,0.05596362364447597,True,41.965456189,1.0
Eastland,8.068252882549999,6.0,32.74752,40.0,24.2,,545,13.49343897,3370,18.4,42.842566473,43.57298,2295:1,46991,62.257495591,18360,50.0,60.345477049,2021,66.805298829,21.149237473,167.0,222.0,10.0,212.0,0.945,0.955,0.975,0.955,0.95,0.94,0.1278,0.1901,0.086,0.81,Very High Vulnerability,0.98,Very High Concern,2295.0,1.0,medium,rural,21.149237473,0.0,5.96637375055,1.0,212.0,0.0,210.7351287648834,79.24639853772146,399.0,388300.00000428,0.10275560133803813,False,42.842566473,0.0
Ector,9.05852446675,94.0,57.98031,41.0,17.0,5.3865336658,6773,13.373482081,18580,11.7,37.037137093,84.82581,1179:1,65564,54.063192905,166223,48.946896639,9.4552614308,2021,82.17780316,30.278601638,2471.0,2860.0,104.0,2773.0,0.9557862360630528,0.9611687812379854,0.9811610918877356,0.964628988850442,0.9607843137254902,0.954632833525567,0.1113,0.171,0.0731,0.79,High Vulnerability,0.88,Very High Concern,1179.0,1.0,large,very urban,30.278601638,0.0,5.3865336658,0.0,2773.0,0.0,2758.0631421447365,89.59185749744985,5435.0,5033000.000073275,0.10798728392451566,False,37.037137093,0.0
Edwards,7.0967741935,1.0,51.86722,32.0,34.5,,73,16.404494382,260,12.8,,0.0,1932:0,40424,69.174757282,1932,46.997929607,100.0,2021,45.88086185,21.739130435,17.5,22.5,0.0,20.0,0.945945945945946,0.945945945945946,0.945945945945946,0.945945945945946,0.945945945945946,0.945945945945946,0.107,0.1724,0.0705,0.44,Moderate Vulnerability,0.92,Very High Concern,1932.0,0.0,small,very rural,21.739130435,0.0,5.96637375055,1.0,20.0,0.0,19.880672524989,88.0251911901038,40.0,42000.00000042,0.09523809523714287,True,41.965456189,1.0
El Paso,8.5127032601,407.0,48.4087,33.0,26.2,4.5448543006,24362,10.351919367,125910,15.0,47.643653088,84.12393,1189:1,48629,76.784561912,839238,50.573377278,2.1743664811,2021,78.495397115,26.74080535,8465.0,11495.0,2305.0,10878.0,0.9704517473245572,0.9767023392366702,0.9824794014584716,0.9726299838999906,0.9696940998200588,0.9668529216781891,0.0965,0.1577,0.0608,0.95,Very High Vulnerability,0.96,Very High Concern,1189.0,1.0,large,very urban,26.74080535,0.0,4.5448543006,0.0,10878.0,0.0,10828.561074918072,78.17289796339857,22265.0,22441900.0003233,0.0992117423198537,False,47.643653088,0.0
Ellis,7.217302296650001,76.0,42.35493,52.0,12.8,6.4900307775,6757,13.477341631,20710,12.3,40.864046097,57.89229,1727:1,78341,49.000509944,184826,50.61463214,31.975135352,2021,87.793812274,26.515749949,1996.0,2243.0,38.0,2591.0,0.9635135135135136,0.9652027027027028,0.9726351351351352,0.9668918918918918,0.9668918918918918,0.9652027027027028,0.1147,0.169,0.0766,0.39,Low Vulnerability,0.7,High Concern,1727.0,1.0,large,urban,26.515749949,0.0,6.4900307775,0.0,2591.0,0.0,2574.1843302554976,77.53912478372865,4277.0,4900800.000073874,0.08727146588180561,False,40.864046097,0.0
Erath,6.739046054299999,23.0,54.1865,50.0,18.9,6.9868995633,1144,12.782122905,6110,14.7,71.791061207,53.86669,1856:1,53044,52.236820223,42698,50.997704811,46.320929005,2021,80.787054064,20.677783503,386.0,453.0,5.0,474.0,0.97459584295612,0.979214780600462,0.979214780600462,0.976905311778291,0.97459584295612,0.97459584295612,0.1134,0.1689,0.0762,0.63,High Vulnerability,0.87,Very High Concern,1856.0,1.0,large,urban,20.677783503,0.0,6.9868995633,0.0,474.0,0.0,470.6882096069958,82.00757786609807,844.0,882900.000011094,0.09559406501182408,False,71.791061207,0.0
Falls,9.4831982393,2.0,11.53735,34.0,28.1,,444,11.970881639,3400,19.6,41.575384311,46.25079,2162:1,41484,78.619153675,17297,52.616060589,67.356990932,2021,61.261781112,20.963172805,146.0,216.0,10.0,164.0,0.9707602339181286,0.9707602339181286,1.0,0.9707602339181286,0.9707602339181286,0.9649122807017544,0.1248,0.188,0.085,0.98,Very High Vulnerability,0.99,Very High Concern,2162.0,1.0,medium,rural,20.963172805,0.0,5.96637375055,1.0,164.0,0.0,163.0215147049098,89.55873110630768,372.0,362600.000008085,0.1025923883043865,False,41.575384311,0.0
Fannin,7.922075143300001,6.0,17.00391,44.0,16.1,,968,12.260924636,5080,14.9,32.616133047,42.23686,2368:1,56123,57.521015918,35514,46.849129921,70.529264337,2021,72.119168072,21.157853241,291.0,302.0,7.5,345.0,0.9569620253164556,0.959493670886076,0.9696202531645568,0.9645569620253164,0.9620253164556962,0.9620253164556962,0.1317,0.1945,0.0881,0.58,Moderate Vulnerability,0.86,Very High Concern,2368.0,1.0,medium,rural,21.157853241,0.0,5.96637375055,1.0,345.0,0.0,342.9416010560602,84.85409734598825,600.5,751400.000000874,0.07991748735684076,False,32.616133047,0.0
Fayette,7.1183654531,8.0,31.55943,46.0,15.3,,774,14.499812664,3350,13.4,16.640111385,47.34475,2112:1,62195,53.529723992,25346,50.737789,67.137737232,2021,63.437328955,20.022883295,182.0,241.0,20.0,244.0,0.98932384341637,0.99288256227758,0.99288256227758,0.99288256227758,0.98932384341637,0.98932384341637,0.124,0.188,0.0827,0.44,Moderate Vulnerability,0.84,Very High Concern,2112.0,1.0,medium,rural,20.022883295,0.0,5.96637375055,1.0,244.0,0.0,242.5442048048658,75.03786789976058,443.0,507499.99999507,0.08729064039493664,False,16.640111385,0.0
Fisher,10.871886121,1.0,26.048450000000003,11.0,22.2,,134,15.783274441,610,15.7,13.980318968,104.43864,958:1,51053,54.693140794,3830,49.973890339,100.0,2021,70.206121174,21.35770235,30.0,44.0,0.0,29.0,0.9767441860465116,0.9767441860465116,0.9767441860465116,0.9767441860465116,0.9767441860465116,0.9767441860465116,0.1278,0.1901,0.086,0.43,Moderate Vulnerability,0.91,Very High Concern,958.0,1.0,small,very rural,21.35770235,0.0,5.96637375055,1.0,29.0,0.0,28.82697516123405,104.0691915548025,74.0,81800.0000005,0.09046454767670864,False,13.980318968,0.0
Floyd,9.42016109925,4.0,68.52835,35.0,30.3,,188,11.655300682,890,15.1,27.429287969,35.01401,2856:1,45022,80.337552743,5712,49.737394958,53.319888303,2021,73.844121532,26.418067227,42.5,85.0,5.0,59.0,0.95,0.95,0.95,0.95,0.95,0.95,0.1143,0.1758,0.0766,0.83,Very High Vulnerability,0.97,Very High Concern,2856.0,1.0,small,urban,26.418067227,0.0,5.96637375055,1.0,59.0,0.0,58.64798394871755,72.46625909112659,132.5,150900.00000062402,0.08780649436676743,False,27.429287969,0.0
Foard,,0.0,0.0,34.0,26.2,,41,16.078431373,190,13.3,,86.58009,1155:1,38615,70.33492823,1155,52.640692641,100.0,2021,69.981238274,20.0,7.5,15.0,0.0,,0.9166666666666666,0.9166666666666666,1.0,0.9166666666666666,0.9166666666666666,0.9166666666666666,0.1293,0.1898,0.087,0.48,Moderate Vulnerability,0.93,Very High Concern,1155.0,1.0,small,very rural,20.0,0.0,5.96637375055,1.0,213.5,1.0,212.22617920425756,3.533965521181818,22.5,23100.0,0.09740259740259741,True,41.965456189,1.0
Fort Bend,8.6908903902,677.0,85.92918999999999,50.0,7.4,4.2025063869,18645,8.1316946373,81310,11.0,44.868418509,71.08643,1407:1,101361,37.491583522,811688,50.931392358,5.5357676703,2021,92.608971637,27.308399286,7768.0,9106.0,658.0,9128.0,0.972374283895608,0.9801400381922344,0.9838319541693188,0.9744112030553788,0.97555697008275,0.9718650541056651,0.0795,0.1228,0.0524,0.29,Low Vulnerability,0.54,Moderate Concern,1407.0,1.0,large,very urban,27.308399286,0.0,4.2025063869,0.0,9128.0,0.0,9089.639521700377,85.45993470318456,17532.0,22165899.99965477,0.07909446492257502,False,44.868418509,0.0
Franklin,6.4898646136,3.0,27.8655,44.0,22.8,,281,10.782808903,1540,14.4,64.711445951,18.64802,5363:1,50630,59.839605182,10725,50.237762238,69.12776992,2021,80.933165195,23.142191142,90.5,91.0,0.0,99.0,0.9901960784313726,0.9901960784313726,1.0,1.0,1.0,1.0,0.1283,0.1937,0.0866,0.53,Moderate Vulnerability,0.79,High Concern,5363.0,1.0,medium,rural,23.142191142,0.0,5.96637375055,1.0,99.0,0.0,98.40932899869556,91.9628260052455,181.5,248199.99999795,0.07312651087892792,False,64.711445951,0.0
Freestone,7.88569133865,6.0,30.29079,37.0,19.5,,608,12.969283276,3600,18.3,27.925882756,55.78942000000001,1792:1,52511,58.287444934,19717,48.034690876,66.476584578,2021,66.987274342,22.680935234,135.5,188.5,7.5,216.0,0.9352226720647774,0.931174089068826,0.951417004048583,0.9433198380566802,0.9392712550607288,0.9352226720647774,0.1248,0.188,0.085,0.84,Very High Vulnerability,0.97,Very High Concern,1792.0,1.0,medium,rural,22.680935234,0.0,5.96637375055,1.0,216.0,0.0,214.7112632698812,63.10800744052414,331.5,447200.000008778,0.07412790697528915,False,27.925882756,0.0
Frio,10.1185588542,4.0,20.18571,34.0,35.9,,483,10.153458062,2780,14.3,,68.94514000000001,1450:1,40360,81.108633323,20306,40.825371811,22.181564733,2021,63.099955967,23.259135231,171.0,181.0,7.5,222.0,0.9758454106280192,0.9855072463768116,0.9903381642512076,0.9806763285024156,0.9758454106280192,0.9806763285024156,0.1146,0.174,0.0756,0.99,Very High Vulnerability,0.99,Very High Concern,1450.0,1.0,medium,very urban,23.259135231,0.0,5.96637375055,1.0,222.0,0.0,220.6754650273779,77.48935749553537,359.5,472300.000000686,0.0761168748675583,True,41.965456189,1.0
Gaines,5.7172043772,4.0,19.13784,26.0,19.5,,1887,24.386146291,2550,12.5,59.332915898,18.61158,5373:1,67171,58.092643052,21492,49.390470873,63.043478261,2021,76.892635926,36.115764005,221.0,260.0,15.0,452.0,0.8081180811808119,0.8044280442804428,0.8154981549815498,0.8081180811808119,0.8081180811808119,0.8044280442804428,0.1166,0.1765,0.0789,0.68,High Vulnerability,0.99,Very High Concern,5373.0,1.0,medium,rural,36.115764005,0.0,5.96637375055,1.0,452.0,0.0,449.3031990647514,49.187274976012475,496.0,776199.99999546,0.06390105642912923,False,59.332915898,0.0
Galveston,8.554481244249999,256.0,75.7643,47.0,16.1,4.9890102222,9010,10.510107667,49100,15.0,42.371129395,91.77556,1090:1,73214,47.352184268,342139,50.914102163,6.1498271595,2021,85.776280901,24.052797255,3104.0,3905.0,167.5,3869.0,0.9528081823075544,0.9633949398887494,0.9746994437466356,0.9563969136910102,0.9547819845684552,0.9537053651534184,0.1049,0.1574,0.0689,0.58,Moderate Vulnerability,0.73,High Concern,1090.0,1.0,large,very urban,24.052797255,0.0,4.9890102222,0.0,3869.0,0.0,3849.6975194503084,80.62971140764365,7176.5,8229400.000028445,0.08720562859959649,False,42.371129395,0.0
Garza,9.1291103828,1.0,15.20219,36.0,24.4,,142,12.885662432,910,14.5,,32.107879999999994,3115:1,48975,72.652218782,6229,34.981537968,22.334004024,2021,78.872326636,16.728206775,33.5,52.5,0.0,51.0,0.9607843137254902,0.9607843137254902,0.9607843137254902,0.9607843137254902,0.9607843137254902,0.9411764705882352,0.1143,0.1758,0.0766,0.72,High Vulnerability,0.96,Very High Concern,3115.0,1.0,small,very urban,16.728206775,0.0,5.96637375055,1.0,51.0,0.0,50.69571493872195,66.08053568332721,86.0,104200.000001475,0.08253358925027124,True,41.965456189,1.0
Gillespie,7.769396166,32.0,119.38517,53.0,13.6,,950,16.958229204,3420,13.1,,55.58026,1799:1,62143,49.892588614,26988,51.27093523,53.653822925,2021,79.193940527,19.738402253,179.0,253.0,22.5,236.0,0.9403508771929824,0.9438596491228072,0.9649122807017544,0.9473684210526316,0.9403508771929824,0.9192982456140352,0.1008,0.1475,0.0669,0.36,Low Vulnerability,0.61,High Concern,1799.0,1.0,medium,rural,19.738402253,0.0,5.96637375055,1.0,236.0,0.0,234.5919357948702,76.30270810183329,454.5,532700.000003964,0.08532006757961665,True,41.965456189,1.0
Glasscock,,0.0,0.0,48.0,10.7,,66,17.054263566,140,9.9,,0.0,1409:0,93759,35.409836066,1409,44.854506742,100.0,2021,73.200992556,25.408090845,22.5,22.5,0.0,12.0,0.92,0.84,0.92,0.92,0.92,0.88,0.1235,0.1873,0.0822,0.18,Very Low Vulnerability,0.81,Very High Concern,1409.0,0.0,small,very rural,25.408090845,0.0,5.96637375055,1.0,12.0,0.0,11.9284035149934,188.62540969307952,45.0,35800.000000605,0.12569832402022213,True,41.965456189,1.0
Goliad,7.397840092099999,,,41.0,22.5,,196,11.632047478,1120,14.9,4.9295774648,13.05824,7658:1,56758,52.105263158,7658,50.822669104,100.0,2021,66.960029336,20.723426482,41.5,65.5,0.0,66.0,0.9651162790697676,0.9651162790697676,0.9767441860465116,0.9767441860465116,0.9767441860465116,0.9651162790697676,0.1134,0.1709,0.0762,0.58,Moderate Vulnerability,0.97,Very High Concern,7658.0,1.0,small,very rural,20.723426482,0.0,5.96637375055,1.0,66.0,0.0,65.6062193324637,63.25619799808324,107.0,158699.99999915602,0.06742281033432201,False,4.9295774648,0.0
Gonzales,8.7235446435,8.0,38.41352,39.0,23.7,,841,14.512510785,3000,14.5,31.839773913,52.79071,1894:1,48425,77.28114868,20837,49.34971445,65.279951532,2021,75.434546442,26.707299515,261.0,241.0,16.0,282.0,0.9931740614334472,0.9931740614334472,0.9965870307167236,0.9965870307167236,0.9965870307167236,0.9965870307167236,0.1134,0.1709,0.0762,0.9,Very High Vulnerability,0.98,Very High Concern,1894.0,1.0,medium,rural,26.707299515,0.0,5.96637375055,1.0,282.0,0.0,280.3174826023449,93.10871286977542,518.0,556499.999994055,0.09308176100728367,False,31.839773913,0.0
Gray,6.91086132535,10.0,45.67253,46.0,19.0,,749,12.825342466,3550,15.7,76.582129981,73.1061,1368:1,52543,59.398496241,21886,46.20762131,19.387619259,2021,73.072044647,25.322123732,204.0,268.0,17.5,239.0,0.9477611940298508,0.9552238805970148,0.9664179104477612,0.9440298507462688,0.9440298507462688,0.9402985074626866,0.1241,0.1883,0.0824,0.84,Very High Vulnerability,0.95,Very High Concern,1368.0,1.0,medium,very urban,25.322123732,0.0,5.96637375055,1.0,239.0,0.0,237.57403667361854,85.86796893141026,489.5,554199.999998552,0.08832551425501244,False,76.582129981,0.0
Grayson,7.86429854665,62.0,46.27176,52.0,17.1,6.5705420697,4372,13.200084539,20230,15.7,44.640238428,80.75647000000001,1238:1,57439,54.736842105,136212,51.099756262,43.150475277,2021,75.71511124,23.663847532,1136.0,1522.0,47.5,1770.0,0.9542631281761716,0.9491812535290796,0.9632975719932242,0.9542631281761716,0.9553924336533032,0.9520045172219084,0.1317,0.1945,0.0881,0.66,High Vulnerability,0.79,High Concern,1238.0,1.0,large,urban,23.663847532,0.0,6.5705420697,0.0,1770.0,0.0,1758.370140536631,64.60528268828018,2705.5,3223300.000028784,0.08393571805217757,False,44.640238428,0.0
Gregg,8.3247069373,104.0,84.06962,50.0,24.2,6.9596496716,3750,11.483693156,21240,17.2,28.068824846,147.64613,677:1,53137,63.376313276,123945,51.378433983,13.36235932,2021,79.13550374,25.71382468,983.0,1134.0,57.0,1704.0,0.9483568075117372,0.9483568075117372,0.948943661971831,0.9477699530516432,0.948943661971831,0.9477699530516432,0.1265,0.1924,0.0851,0.88,Very High Vulnerability,0.79,High Concern,677.0,1.0,large,very urban,25.71382468,0.0,6.9596496716,0.0,1704.0,0.0,1692.1407569595935,58.09209405051124,2174.0,3187099.9999626,0.06821248156711467,False,28.068824846,0.0
Grimes,9.105063086400001,7.0,24.68265,48.0,20.5,,951,14.466078491,4510,16.3,35.697997195,38.08864,2625:1,51651,65.557476232,28880,45.592105263,68.903172455,2021,73.010764621,22.09833795,235.0,316.0,7.5,396.0,0.9577922077922078,0.9707792207792209,0.9707792207792209,0.9707792207792209,0.9675324675324676,0.9642857142857144,0.1225,0.1864,0.0827,0.86,Very High Vulnerability,0.9,Very High Concern,2625.0,1.0,medium,rural,22.09833795,0.0,5.96637375055,1.0,396.0,0.0,393.6373159947822,59.69962461666489,558.5,638199.9999960001,0.08751175180249145,False,35.697997195,0.0
Guadalupe,8.0362646716,51.0,31.15569,40.0,11.2,5.2058684335,3465,8.0210190051,17950,11.6,40.604939109,39.5572,2528:1,78801,42.854100106,166847,50.526530294,26.16225586,2021,86.124561079,24.734637123,1674.0,1738.0,51.0,1845.0,0.9770392749244712,0.9782477341389728,0.9842900302114804,0.980664652567976,0.980664652567976,0.9758308157099698,0.1024,0.1543,0.0667,0.43,Moderate Vulnerability,0.77,High Concern,2528.0,1.0,large,very urban,24.734637123,0.0,5.2058684335,0.0,1845.0,0.0,1835.3951727401925,91.2065164419478,3463.0,4126900.000061181,0.083912864376376,False,40.604939109,0.0
Hale,9.1065508495,10.0,29.55956,35.0,23.9,,1068,11.350834308,5100,14.9,32.793294307,59.86948,1670:1,49187,72.396121884,33406,47.883613722,23.099826317,2021,77.215768773,26.78860085,339.0,468.0,20.0,405.0,0.9767441860465116,0.986046511627907,0.9930232558139536,0.986046511627907,0.983720930232558,0.983720930232558,0.1143,0.1758,0.0766,0.93,Very High Vulnerability,0.97,Very High Concern,1670.0,1.0,medium,very urban,26.78860085,0.0,5.96637375055,1.0,405.0,0.0,402.58361863102726,84.20610882100932,827.0,894899.9999951001,0.09241256006308282,False,32.793294307,0.0
Hall,11.6343229775,1.0,33.0251,27.0,40.5,,104,14.710042433,590,19.3,,33.73819,2964:1,35940,75.409836066,2964,51.079622132,100.0,2021,59.905288082,22.132253711,27.5,25.5,0.0,29.0,0.7894736842105263,0.8421052631578947,0.8947368421052632,0.7894736842105263,0.7894736842105263,0.7894736842105263,0.1241,0.1883,0.0824,0.95,Very High Vulnerability,1.0,Very High Concern,2964.0,1.0,small,very rural,22.132253711,0.0,5.96637375055,1.0,29.0,0.0,28.82697516123405,95.39675892523563,53.0,65599.999999404,0.08079268292756331,True,41.965456189,1.0
Hamilton,6.9896029102,8.0,94.29514,21.0,21.9,,285,14.683153014,1390,16.8,,82.73254,1209:1,52505,52.23796034,8461,49.994090533,64.377128097,2021,72.432251589,21.735019501,65.5,97.0,0.0,88.0,0.9747899159663864,0.9747899159663864,0.9831932773109244,0.9747899159663864,0.9747899159663864,0.9663865546218487,0.1264,0.1929,0.0847,0.61,High Vulnerability,0.78,High Concern,1209.0,1.0,small,rural,21.735019501,0.0,5.96637375055,1.0,88.0,0.0,87.4749591099516,74.87857172664673,162.5,183899.999997961,0.08836324089276876,True,41.965456189,1.0
Hansford,6.0462470217,3.0,54.91488,41.0,16.8,,332,19.86834231,770,13.9,,55.56585,1800:1,58703,58.627858628,5399,49.56473421,40.334936754,2021,75.734494015,29.69068346,61.0,73.0,0.0,69.0,0.9777777777777776,1.0,1.0,1.0,0.9888888888888888,0.9888888888888888,0.1241,0.1883,0.0824,0.76,High Vulnerability,0.83,Very High Concern,1800.0,1.0,small,urban,29.69068346,0.0,5.96637375055,1.0,69.0,0.0,68.58832021121205,88.93642505335538,134.0,160300.00000054,0.08359326263228235,True,41.965456189,1.0
Hardeman,5.4388784948,5.0,127.48598,34.0,32.9,,149,17.146144994,640,16.2,,25.42588,3933:1,40057,80.142857143,3933,49.504195271,100.0,2021,66.917293233,21.510297483,41.0,35.0,0.0,44.0,0.9607843137254902,1.0,1.0,0.9607843137254902,0.9607843137254902,0.9607843137254902,0.1293,0.1898,0.087,0.73,High Vulnerability,0.96,Very High Concern,3933.0,1.0,small,very rural,21.510297483,0.0,5.96637375055,1.0,44.0,0.0,43.7374795549758,93.74111269595467,76.0,84600.00000063899,0.08983451536575174,True,41.965456189,1.0
Hardin,8.79466290455,11.0,19.22842,45.0,16.2,5.2159399124,1302,8.8391038697,8800,15.6,55.512551643,52.08152,1920:1,62616,47.505443529,57602,50.826360196,51.547542784,2021,81.33423834,24.396722336,486.0,609.0,20.0,694.0,0.951715374841169,0.9593392630241424,0.96569250317662,0.9593392630241424,0.9567979669631512,0.9580686149936468,0.1338,0.1949,0.0899,0.25,Low Vulnerability,0.81,Very High Concern,1920.0,1.0,large,urban,24.396722336,0.0,5.2159399124,0.0,694.0,0.0,690.3801377007944,70.39599974856587,1115.0,1405299.999998272,0.07934248914832215,False,55.512551643,0.0
Harris,8.747909698299999,2749.0,58.50655,47.0,21.3,6.1115510758,159305,12.314372269,682650,14.8,47.128118906,97.85024,1022:1,61638,67.918119156,4713325,50.365336572,1.2132803285,2021,83.600520255,26.43314433,48519.0,60272.0,6970.0,63132.0,0.922178795005134,0.9317511841277202,0.9414395018382962,0.92196349905601,0.9195289987082244,0.9152893246331688,0.1057,0.1669,0.0691,0.72,High Vulnerability,0.79,High Concern,1022.0,1.0,large,very urban,26.43314433,0.0,6.1115510758,0.0,63132.0,0.0,62746.16555748259,77.32584066121315,115761.0,124587999.99919726,0.09291504799880074,False,47.128118906,0.0
Harrison,8.139958563899999,20.0,29.97332,47.0,26.8,6.6619915849,1999,11.526264199,10550,15.8,38.999759777,60.10247,1664:1,55171,53.231960818,66553,50.996949799,56.054303607,2021,68.096342092,24.921491142,571.0,520.0,22.5,803.0,0.9789227166276346,0.9765807962529274,0.981264637002342,0.9800936768149884,0.9754098360655736,0.9754098360655736,0.1276,0.1901,0.0861,0.73,High Vulnerability,0.94,Very High Concern,1664.0,1.0,large,rural,24.921491142,0.0,6.6619915849,0.0,803.0,0.0,797.6504207573253,71.58524400424272,1113.5,1658599.999973526,0.06713493307715986,False,38.999759777,0.0
Hartley,6.58644743395,,,33.0,8.3,,237,18.990384615,680,11.7,,,,72796,58.033707865,5576,39.831420373,57.258330584,2021,83.075089392,20.87517934,45.0,54.5,15.0,67.0,0.8518518518518519,0.925925925925926,0.9629629629629628,0.8888888888888888,0.8888888888888888,0.8888888888888888,0.1241,0.1883,0.0824,0.53,Moderate Vulnerability,0.74,High Concern,,,small,rural,20.87517934,0.0,5.96637375055,1.0,67.0,0.0,66.60025295871316,67.56731093483445,114.5,116399.99999983999,0.09836769759463694,True,41.965456189,1.0
Haskell,7.84752298455,3.0,51.60846,40.0,29.0,,167,14.649122807,1050,18.2,5.1782942604,17.67409,5658:1,38613,75.512528474,5658,46.995404737,47.61824038,2021,63.513513514,16.896429834,40.0,47.0,0.0,45.0,0.9629629629629628,1.0,1.0,0.9814814814814816,0.9629629629629628,0.9814814814814816,0.1278,0.1901,0.086,0.98,Very High Vulnerability,0.99,Very High Concern,5658.0,1.0,small,urban,16.896429834,0.0,5.96637375055,1.0,45.0,0.0,44.73151318122525,89.42241644708955,87.0,95600.000000772,0.09100418409968353,False,5.1782942604,0.0
Hays,7.11880538295,95.0,42.671510000000005,48.0,11.3,3.7878787879,5921,11.040668295,24660,12.1,35.030227758,62.12232,1610:1,72890,47.700671071,230191,50.346451425,31.712145226,2021,84.835981862,22.856671199,2322.0,2454.0,111.5,2921.0,0.9648278415401704,0.9689004072565716,0.9696408737504628,0.9626064420584968,0.9655683080340616,0.9592743428359868,0.1018,0.157,0.0664,0.49,Moderate Vulnerability,0.73,High Concern,1610.0,1.0,large,urban,22.856671199,0.0,3.7878787879,0.0,2921.0,0.0,2909.935606060544,79.7955801896081,4887.5,5261399.999969009,0.0928935264383774,False,35.030227758,0.0
Hemphill,5.05620279445,4.0,104.57516,31.0,11.7,,232,18.58974359,550,13.5,,52.36973,1910:1,71299,42.273730684,3819,50.117831893,26.95035461,2021,78.1201849,30.191149516,25.0,37.0,5.0,34.0,0.9846153846153848,0.9846153846153848,0.9846153846153848,0.9846153846153848,0.9846153846153848,0.9846153846153848,0.1241,0.1883,0.0824,0.74,High Vulnerability,0.8,Very High Concern,1910.0,1.0,small,very urban,30.191149516,0.0,5.96637375055,1.0,34.0,0.0,33.7971432924813,73.97074889924687,67.0,115300.000001604,0.058109280137960045,True,41.965456189,1.0
Henderson,7.6316301449,25.0,30.37704,52.0,30.3,7.9693975135,2247,12.282044274,13340,16.6,41.185002057,49.55461,2018:1,49896,66.960838389,82737,51.03279065,60.110528192,2021,74.974802484,21.274641333,728.0,781.0,20.0,945.0,0.9561497326203208,0.9529411764705882,0.9636363636363636,0.960427807486631,0.958288770053476,0.9561497326203208,0.1398,0.2105,0.0948,0.72,High Vulnerability,0.9,Very High Concern,2018.0,1.0,large,rural,21.274641333,0.0,7.9693975135,0.0,945.0,0.0,937.4689193497425,77.65590783585267,1529.0,1760199.9999684212,0.08686512896417628,False,41.185002057,0.0
Hidalgo,8.41041992955,399.0,46.07715,45.0,37.4,4.5097281278,38973,13.555401744,154400,18.2,73.620250649,88.29214,1133:1,41656,86.283288134,868707,50.95929928,5.1386929524,2021,68.444901299,32.131892571,10150.0,12417.0,1639.0,13260.0,0.973253493013972,0.9815226689478188,0.989848873681209,0.973253493013972,0.9741659538066724,0.9698887938408896,0.1074,0.1741,0.0695,0.98,Very High Vulnerability,0.99,Very High Concern,1133.0,1.0,large,very urban,32.131892571,0.0,4.5097281278,0.0,13260.0,0.0,13200.201005025372,76.89276849750888,24206.0,27913199.9996757,0.08671882836894813,False,73.620250649,0.0
Hill,7.7612586187999995,9.0,24.75656,38.0,18.1,,1132,12.906168054,5740,16.2,42.424784301,35.47164,2819:1,53210,65.250037543,36649,50.317880433,76.266066289,2021,77.84020936,23.138421239,245.0,268.0,12.5,431.0,0.9310344827586208,0.9471264367816092,0.9586206896551724,0.9333333333333332,0.9310344827586208,0.9195402298850576,0.1248,0.188,0.085,0.87,Very High Vulnerability,0.93,Very High Concern,2819.0,1.0,large,rural,23.138421239,0.0,5.96637375055,1.0,431.0,0.0,428.42849291351297,57.18573905621591,525.5,847999.999988111,0.061969339623510325,False,42.424784301,0.0
Hockley,9.3185638147,14.0,60.922540000000005,32.0,19.7,,766,12.433046583,3290,14.2,38.280762643,43.4386,2302:1,51149,61.96369637,23021,50.149863168,39.847394811,2021,75.840940353,25.680900048,262.0,310.0,12.5,281.0,0.9900332225913622,0.9867109634551496,0.9900332225913622,0.9867109634551496,0.9900332225913622,0.9800664451827242,0.1143,0.1758,0.0766,0.9,Very High Vulnerability,0.97,Very High Concern,2302.0,1.0,medium,urban,25.680900048,0.0,5.96637375055,1.0,281.0,0.0,279.32344897609545,93.79806849743646,584.5,591200.0000050081,0.09886671177182825,False,38.280762643,0.0
Hood,7.1435175922,29.0,47.90459,52.0,14.8,7.5325268204,1383,10.330918055,7740,13.6,70.459891896,47.045080000000006,2126:1,74534,51.187904968,61643,51.26291712,32.845531632,2021,85.15258216,21.077819055,602.0,722.0,17.5,650.0,0.9086460032626428,0.9249592169657422,0.931484502446982,0.9053833605220228,0.9119086460032626,0.9037520391517128,0.1134,0.1689,0.0762,0.26,Low Vulnerability,0.66,High Concern,2126.0,1.0,large,urban,21.077819055,0.0,7.5325268204,0.0,650.0,0.0,645.10385756674,93.318307267713,1341.5,1299300.000007365,0.10324790271626229,False,70.459891896,0.0
Hopkins,7.311765029,10.0,27.16653,48.0,20.2,6.287331028,1275,13.62761864,5960,16.4,49.157028235,94.38033,1060:1,50332,63.06345733,37084,50.763132348,59.62572168,2021,78.687425507,24.164059972,275.0,305.0,12.5,461.0,0.954337899543379,0.9497716894977168,0.9611872146118722,0.952054794520548,0.95662100456621,0.9497716894977168,0.1283,0.1937,0.0866,0.71,High Vulnerability,0.76,High Concern,1060.0,1.0,large,rural,24.164059972,0.0,6.287331028,0.0,461.0,0.0,458.101540396092,60.03035915623085,592.5,896100.000001648,0.06611985269489012,False,49.157028235,0.0
Houston,9.220066515900001,4.0,17.26445,40.0,28.8,,549,11.68333688,4580,20.0,43.299238163,47.89272,2088:1,43601,67.927382753,22968,46.473354232,73.487274566,2021,63.536112458,19.766631836,127.0,202.0,17.5,240.0,0.9329896907216496,0.9587628865979382,0.9587628865979382,0.9329896907216496,0.9329896907216496,0.9329896907216496,0.1365,0.206,0.093,0.91,Very High Vulnerability,0.97,Very High Concern,2088.0,1.0,medium,rural,19.766631836,0.0,5.96637375055,1.0,240.0,0.0,238.568070299868,53.234282291157996,346.5,454000.000009248,0.07632158590152903,False,43.299238163,0.0
Howard,9.77502601015,10.0,27.42807,37.0,18.6,7.6093849081,868,10.791993037,5590,15.2,41.228787457,111.82631,894:1,61112,58.323474734,36664,42.856753218,20.064549297,2021,73.590021692,21.852498364,212.0,323.0,5.0,352.0,0.9782082324455206,0.9782082324455206,0.980629539951574,0.9782082324455206,0.980629539951574,0.9830508474576272,0.1235,0.1873,0.0822,0.92,Very High Vulnerability,0.97,Very High Concern,894.0,1.0,large,very urban,21.852498364,0.0,7.6093849081,0.0,352.0,0.0,349.3214965123488,60.68907929131857,540.0,801200.000017696,0.06739890164604008,False,41.228787457,0.0
Hudspeth,10.957108072499999,,,25.0,41.2,,165,16.003879728,790,19.2,,,,39309,87.972508591,4886,46.909537454,100.0,2021,54.192229039,20.814572247,55.5,82.5,5.0,32.0,0.9117647058823528,1.0,1.0,0.9411764705882352,0.9411764705882352,0.9117647058823528,0.1166,0.1765,0.0789,0.98,Very High Vulnerability,0.98,Very High Concern,,,small,very rural,20.814572247,0.0,5.96637375055,1.0,32.0,0.0,31.8090760399824,174.47850396609857,143.0,101699.999998842,0.14060963618645847,True,41.965456189,1.0
Hunt,8.63748593305,27.0,27.9813,41.0,20.3,7.358538442,2677,11.141168637,15300,16.6,52.814313515,82.1551,1217:1,57513,59.808059201,98594,50.773880764,56.631332072,2021,78.052969357,23.831064771,1101.0,1251.0,43.5,1301.0,0.9833948339483396,0.9787822878228782,0.985239852398524,0.9843173431734318,0.9843173431734318,0.981549815498155,0.1122,0.1653,0.0743,0.83,Very High Vulnerability,0.87,Very High Concern,1217.0,1.0,large,rural,23.831064771,0.0,7.358538442,0.0,1301.0,0.0,1291.426541486958,85.25455878677393,2395.5,2349600.000031974,0.10195352400269837,False,52.814313515,0.0
Hutchinson,9.0364891351,5.0,23.58713,40.0,16.3,,620,10.913571554,3480,16.1,44.040500657,52.53606,1903:1,57936,50.910380705,20938,49.45553539,22.564334086,2021,79.203348247,25.346260388,181.0,260.5,10.0,229.0,0.95,0.9576923076923076,0.9576923076923076,0.953846153846154,0.95,0.953846153846154,0.1241,0.1883,0.0824,0.66,High Vulnerability,0.86,Very High Concern,1903.0,1.0,medium,very urban,25.346260388,0.0,5.96637375055,1.0,229.0,0.0,227.63370041112404,79.51370982112931,451.5,530700.000003944,0.08507631430123319,False,44.040500657,0.0
Irion,10.957910014500001,0.0,0.0,47.0,9.0,,35,9.8870056497,210,13.9,,0.0,1536:0,68630,28.947368421,1536,49.153645833,100.0,2021,67.595307918,22.526041667,12.5,31.0,0.0,21.0,1.0,1.0,1.0,1.0,1.0,1.0,0.1235,0.1873,0.0822,0.2,Low Vulnerability,0.88,Very High Concern,1536.0,0.0,small,very rural,22.526041667,0.0,5.96637375055,1.0,21.0,0.0,20.87470615123845,59.88108244224747,43.5,34600.000000512,0.12572254335074076,True,41.965456189,1.0
Jack,7.30913006135,4.0,45.23352,33.0,19.4,,291,14.528207688,1300,14.7,,22.38388,4468:1,55358,61.861313869,8935,43.514269726,53.217602831,2021,68.907828283,21.712367096,68.5,96.0,0.0,90.0,0.9833333333333332,0.9833333333333332,0.9833333333333332,0.9916666666666668,0.9833333333333332,0.9833333333333332,0.1293,0.1898,0.087,0.65,High Vulnerability,0.98,Very High Concern,4468.0,1.0,small,urban,21.712367096,0.0,5.96637375055,1.0,90.0,0.0,89.4630263624505,76.56794408282043,164.5,194000.00000276,0.08479381443178334,True,41.965456189,1.0
Jackson,7.10025186545,1.0,6.72314,38.0,18.4,,470,11.886697016,2240,15.1,41.016724824,67.75068,1476:1,55800,54.76988723,14760,50.237127371,61.818827709,2021,72.828960748,25.379403794,171.0,223.0,12.5,229.0,0.9827586206896552,0.9913793103448276,0.9956896551724138,0.9870689655172412,0.9827586206896552,0.9870689655172412,0.1134,0.1709,0.0762,0.68,High Vulnerability,0.93,Very High Concern,1476.0,1.0,medium,rural,25.379403794,0.0,5.96637375055,1.0,229.0,0.0,227.63370041112404,75.12068717907796,406.5,374599.99999944004,0.10851575013363791,False,41.016724824,0.0
Jasper,8.22841028525,13.0,36.23996,40.0,28.2,,865,9.742088073,6540,18.4,62.299099408,67.55045,1480:1,47252,64.079452512,35529,50.524923302,78.185382246,2021,65.282931354,23.752427594,231.0,356.0,7.5,394.0,0.9563636363636364,0.9490909090909092,0.9563636363636364,0.9563636363636364,0.9563636363636364,0.9345454545454546,0.1428,0.2169,0.0983,0.82,Very High Vulnerability,0.92,Very High Concern,1480.0,1.0,medium,rural,23.752427594,0.0,5.96637375055,1.0,394.0,0.0,391.6492487422833,58.981346381186285,594.5,843899.999987226,0.07044673539625534,False,62.299099408,0.0
Jeff Davis,9.2592592593,1.0,44.40497,21.0,39.0,,20,18.691588785,260,11.7,,43.97537,2274:1,53362,50.751879699,2274,48.812664908,100.0,2021,61.19544592,6.8161829376,15.0,15.0,0.0,13.0,0.8571428571428571,0.8571428571428571,0.8571428571428571,0.8571428571428571,0.8571428571428571,0.7857142857142857,0.1166,0.1765,0.0789,0.36,Low Vulnerability,0.89,Very High Concern,2274.0,1.0,small,very rural,6.8161829376,0.0,5.96637375055,1.0,13.0,0.0,12.92243714124285,116.07717519574123,30.0,15500.0000001024,0.19354838709549552,True,41.965456189,1.0
Jefferson,10.214458423,134.0,52.54881,45.0,24.4,8.8331963846,6328,10.077556416,47160,18.5,49.712983165,129.19126,774:1,55173,71.318875652,251565,48.868483295,8.4020089348,2021,72.827676689,24.061773299,2237.0,3208.0,192.5,3112.0,0.9673430564362714,0.972415979708307,0.9816106531388712,0.9689283449587826,0.9708306911857958,0.962270133164236,0.1231,0.1913,0.0827,0.86,Very High Vulnerability,0.95,Very High Concern,774.0,1.0,large,very urban,24.061773299,0.0,8.8331963846,0.0,3112.0,0.0,3084.511092851125,72.52364905364176,5637.5,6053099.999962934,0.09313409657918291,False,49.712983165,0.0
Jim Hogg,8.4633698775,1.0,19.05488,29.0,35.0,,154,9.3617021277,990,18.7,,,,38788,87.975778547,5200,48.730769231,17.396226415,2021,56.396063961,30.557692308,38.0,42.0,0.0,75.0,0.926829268292683,0.9634146341463414,0.9634146341463414,0.9390243902439024,0.9390243902439024,0.9390243902439024,0.1146,0.1867,0.0742,0.99,Very High Vulnerability,1.0,Very High Concern,,,small,very urban,30.557692308,0.0,5.96637375055,1.0,75.0,0.0,74.55252196870875,50.97077737484105,80.0,158900.0000016,0.05034612964077687,True,41.965456189,1.0
Jim Wells,10.267409926,10.0,24.49659,37.0,29.0,,1208,10.309806264,6660,16.2,,74.10701,1349:1,44444,77.504678727,40482,50.382886221,40.085214751,2021,59.282359282,27.340546416,367.0,398.0,25.0,490.0,0.9886578449905482,0.9886578449905482,0.996219281663516,0.9905482041587902,0.9924385633270322,0.9886578449905482,0.0992,0.1603,0.0642,0.92,Very High Vulnerability,0.99,Very High Concern,1349.0,1.0,large,urban,27.340546416,0.0,5.96637375055,1.0,490.0,0.0,487.0764768622305,75.34751059304512,790.0,1106800.0000125119,0.07137694253623685,True,41.965456189,1.0
Johnson,6.789890111349999,75.0,43.76725,48.0,15.9,6.6380860185,5430,11.65211047,20920,12.8,36.433905967,58.58364,1707:1,66538,52.365001444,175817,50.006540892,37.874170167,2021,85.581922876,25.933214649,1404.0,1471.0,50.5,2359.0,0.9505982246236974,0.9525279814743344,0.9594751061366268,0.9529139328444616,0.9525279814743344,0.9529139328444616,0.1346,0.1961,0.0907,0.51,Moderate Vulnerability,0.73,High Concern,1707.0,1.0,large,urban,25.933214649,0.0,6.6380860185,0.0,2359.0,0.0,2343.3407550823586,59.91446173395535,2925.5,4559499.999943233,0.06416273714302935,False,36.433905967,0.0
Jones,7.335561603,7.0,35.32321,31.0,22.0,,383,10.776589758,3360,16.9,43.326724822,44.81402,2231:1,51094,63.049962714,20083,37.250410795,85.14998515,2021,76.843398876,17.338047105,141.0,181.5,2.5,152.0,0.9876543209876544,0.9876543209876544,0.9938271604938272,0.9938271604938272,0.9876543209876544,0.9938271604938272,0.1278,0.1901,0.086,0.63,High Vulnerability,0.97,Very High Concern,2231.0,1.0,medium,very rural,17.338047105,0.0,5.96637375055,1.0,152.0,0.0,151.0931111899164,93.31993953236565,325.0,348200.00000971503,0.0933371625476543,False,43.326724822,0.0
Karnes,8.18652248975,4.0,25.55911,41.0,27.0,,459,13.208633094,2200,14.3,36.32232263,38.45907,2600:1,54843,63.558978516,15601,41.439651304,38.390447922,2021,68.262494162,21.27427729,128.0,159.0,7.5,148.0,0.9801980198019802,0.9801980198019802,0.99009900990099,0.99009900990099,0.9702970297029704,0.99009900990099,0.1134,0.1709,0.0762,0.84,Very High Vulnerability,0.97,Very High Concern,2600.0,1.0,medium,urban,21.27427729,0.0,5.96637375055,1.0,148.0,0.0,147.1169766849186,87.005594380952,294.5,331900.00000129,0.08873154564593413,False,36.32232263,0.0
Kaufman,8.2038393166,37.0,28.76646,52.0,13.8,5.5312695156,3697,9.9510120586,16390,13.8,35.54399762,51.41237,1945:1,75009,51.315701148,136154,50.702880562,48.817610063,2021,81.057477312,27.913979758,1965.0,2037.0,56.0,2284.0,0.967391304347826,0.9733201581027668,0.982707509881423,0.9708498023715416,0.9738142292490118,0.9594861660079052,0.1236,0.185,0.0839,0.57,Moderate Vulnerability,0.77,High Concern,1945.0,1.0,large,urban,27.913979758,0.0,5.5312695156,0.0,2284.0,0.0,2271.3665804263696,86.51179501069967,4058.0,3800599.999970732,0.10677261485110906,False,35.54399762,0.0
Kendall,7.391787551349999,38.0,83.25846999999999,51.0,10.9,,1273,11.398638968,4720,11.2,,124.39122,804:1,94899,25.409379525,47431,50.98142565,58.159233762,2021,88.353329124,23.124117139,386.0,357.0,16.0,437.0,0.9465081723625556,0.9435364041604756,0.952451708766716,0.9420505200594352,0.9435364041604756,0.9390787518573552,0.1008,0.1475,0.0669,0.23,Low Vulnerability,0.47,Moderate Concern,804.0,1.0,large,rural,23.124117139,0.0,5.96637375055,1.0,437.0,0.0,434.3926946710096,88.8596895701342,759.0,1096800.0000199089,0.06920131290902834,True,41.965456189,1.0
Kenedy,,0.0,0.0,50.0,21.4,,21,16.030534351,90,14.3,,0.0,404:0,46132,60.9375,404,47.524752475,100.0,2021,48.223350254,24.752475248,5.0,12.5,0.0,,1.0,1.0,1.0,1.0,1.0,1.0,0.0992,0.1603,0.0642,0.73,High Vulnerability,0.99,Very High Concern,404.0,0.0,small,very rural,24.752475248,0.0,5.96637375055,1.0,213.5,1.0,212.22617920425756,2.355977014121212,17.5,10000.000000192,0.17499999999664,True,41.965456189,1.0
Kent,,0.0,0.0,23.0,14.1,,18,12.0,130,17.4,,0.0,762:0,52591,34.210526316,762,49.081364829,100.0,2021,73.626373626,21.653543307,12.5,15.0,0.0,,0.8,0.8,0.9,0.8,0.8,0.8,0.1278,0.1901,0.086,0.44,Moderate Vulnerability,0.91,Very High Concern,762.0,0.0,small,very rural,21.653543307,0.0,5.96637375055,1.0,213.5,1.0,212.22617920425756,5.889942535303031,27.5,16499.999999934,0.16666666666733332,True,41.965456189,1.0
Kerr,8.23945554345,44.0,83.96145,51.0,20.4,6.0240963855,1358,13.122040777,7760,15.1,62.929335439,91.25475,1096:1,57789,61.231729814,52600,51.851711027,41.102267003,2021,83.063121992,18.942965779,307.0,441.0,22.5,501.0,0.9623015873015872,0.9603174603174603,0.9682539682539684,0.9623015873015872,0.9623015873015872,0.9623015873015872,0.1008,0.1475,0.0669,0.7,High Vulnerability,0.6,High Concern,1096.0,1.0,large,urban,18.942965779,0.0,6.0240963855,0.0,501.0,0.0,497.9819277108645,61.64882356498861,770.5,996399.9999754,0.07732838217774214,False,62.929335439,0.0
Kimble,7.61093911245,4.0,91.70105,30.0,32.6,,98,12.265331665,790,18.0,,115.28706,867:1,44757,64.958677686,4337,50.979940051,44.302148904,2021,70.330902973,18.030896933,38.0,40.0,5.0,35.0,0.8823529411764706,0.9215686274509804,0.9411764705882352,0.9215686274509804,0.9411764705882352,0.8823529411764706,0.1235,0.1873,0.0822,0.59,Moderate Vulnerability,0.82,Very High Concern,867.0,1.0,small,urban,18.030896933,0.0,5.96637375055,1.0,35.0,0.0,34.79117691873075,109.22309437465938,83.0,78199.999998421,0.10613810741902292,True,41.965456189,1.0
King,,0.0,0.0,,16.7,,12,16.438356164,30,14.7,,0.0,272:0,71256,23.58490566,272,50.0,100.0,2021,88.311688312,26.470588235,0.0,2.5,0.0,,0.9090909090909092,1.0,1.0,0.9090909090909092,1.0,0.9090909090909092,0.1143,0.1758,0.0766,0.2,Very Low Vulnerability,0.68,High Concern,272.0,0.0,small,very rural,26.470588235,0.0,5.96637375055,1.0,213.5,1.0,212.22617920425756,0.0,2.5,7199.99999992,0.034722222222608026,True,41.965456189,1.0
Kinney,7.3613445378,,,28.0,24.7,,78,10.41388518,620,16.9,,27.27025,3667:1,47076,56.964285714,3667,45.132260704,20.455808783,2021,48.167539267,19.170984456,20.0,30.5,0.0,25.0,0.9777777777777776,0.9777777777777776,0.9777777777777776,0.9777777777777776,0.9777777777777776,0.9777777777777776,0.107,0.1724,0.0705,0.86,Very High Vulnerability,0.98,Very High Concern,3667.0,1.0,small,very urban,19.170984456,0.0,5.96637375055,1.0,25.0,0.0,24.85084065623625,80.4801748023806,50.5,70300.000000152,0.07183499288746915,True,41.965456189,1.0
Kleberg,7.999384224349999,13.0,41.7617,38.0,31.0,,731,9.3406593407,5360,17.1,34.077345885,48.89179000000001,2045:1,47169,69.791477788,30680,49.178617992,18.870278532,2021,73.436786855,23.921121252,263.0,298.0,10.0,348.0,0.9875389408099688,0.9781931464174456,0.9906542056074766,0.9875389408099688,0.9906542056074766,0.9875389408099688,0.0992,0.1603,0.0642,0.98,Very High Vulnerability,0.99,Very High Concern,2045.0,1.0,medium,very urban,23.921121252,0.0,5.96637375055,1.0,348.0,0.0,345.9237019348086,76.02832605253627,571.0,733900.0000113599,0.07780351546411794,False,34.077345885,0.0
Knox,7.5459425786,,,15.0,30.8,,178,17.997977755,570,15.3,44.454078886,163.75546,611:1,40808,64.073550212,3664,51.091703057,100.0,2021,75.2,26.06441048,27.5,41.5,2.5,41.0,0.9818181818181818,1.0,1.0,0.9818181818181818,0.9818181818181818,0.9818181818181818,0.1278,0.1901,0.086,0.8,High Vulnerability,0.93,Very High Concern,611.0,1.0,small,very rural,26.06441048,0.0,5.96637375055,1.0,41.0,0.0,40.75537867622745,67.47575631297154,71.5,95499.99999872,0.07486910994864746,False,44.454078886,0.0
La Salle,10.0239348302,,,24.0,27.4,,110,7.3089700997,890,12.0,,132.97872,752:1,41683,88.789903489,7520,41.156914894,46.354923032,2021,56.280299691,19.707446809,38.0,56.5,2.5,73.0,1.0,1.0,1.0,1.0,1.0,1.0,0.107,0.1724,0.0705,0.82,Very High Vulnerability,0.97,Very High Concern,752.0,1.0,small,urban,19.707446809,0.0,5.96637375055,1.0,73.0,0.0,72.56445471620985,52.36723702894628,97.0,148200.00000368,0.06545209176625598,True,41.965456189,1.0
Lamar,8.6355030484,25.0,50.27349,49.0,27.3,7.0252469813,1380,11.305915124,8970,18.1,39.066746966,112.31673,890:1,47061,64.312617702,49859,51.866262861,47.082923302,2021,65.816197646,23.612587497,521.0,688.0,10.0,670.0,0.9781591263650546,0.9750390015600624,0.9812792511700468,0.9781591263650546,0.9781591263650546,0.9750390015600624,0.1283,0.1937,0.0866,0.84,Very High Vulnerability,0.94,Very High Concern,890.0,1.0,large,urban,23.612587497,0.0,7.0252469813,0.0,670.0,0.0,665.293084522529,78.3113506093204,1219.0,1177300.000012923,0.10354200288682743,False,39.066746966,0.0
Lamb,8.6308676044,4.0,30.39976,35.0,26.1,,554,14.663843303,2250,16.9,17.939155213,62.04917,1612:1,42719,71.428571429,12893,50.399441557,57.687629677,2021,67.322335025,27.534320949,144.0,176.0,10.0,165.0,0.9567567567567568,0.9621621621621622,0.9621621621621622,0.9567567567567568,0.9567567567567568,0.9567567567567568,0.1143,0.1758,0.0766,0.9,Very High Vulnerability,0.99,Very High Concern,1612.0,1.0,medium,rural,27.534320949,0.0,5.96637375055,1.0,165.0,0.0,164.01554833115924,87.79655432986975,330.0,354999.999995457,0.09295774648006283,False,17.939155213,0.0
Lampasas,5.94131632525,10.0,47.10537,24.0,19.2,,553,11.260435756,3050,14.8,45.989359577,32.667539999999995,3061:1,58817,54.224395545,21428,50.87735673,68.267520455,2021,76.713206097,21.602576069,119.0,137.5,2.5,207.0,0.9785714285714284,0.9857142857142858,0.9928571428571428,0.9857142857142858,0.9857142857142858,0.9785714285714284,0.1264,0.1929,0.0847,0.54,Moderate Vulnerability,0.88,Very High Concern,3061.0,1.0,medium,rural,21.602576069,0.0,5.96637375055,1.0,207.0,0.0,205.76496063363615,57.832975854367696,259.0,462900.000006532,0.05595160941809143,False,45.989359577,0.0
Lavaca,7.29463423845,13.0,64.64446,39.0,14.5,,578,11.59943809,2900,14.5,37.328895092,64.50332,1550:1,52632,41.813705375,20154,51.061823956,81.316513523,2021,75.811397904,23.255929344,188.0,258.0,10.0,236.0,0.9779179810725552,0.9747634069400632,0.9810725552050472,0.9810725552050472,0.9779179810725552,0.9716088328075708,0.1134,0.1709,0.0762,0.69,High Vulnerability,0.91,Very High Concern,1550.0,1.0,medium,very rural,23.255929344,0.0,5.96637375055,1.0,236.0,0.0,234.5919357948702,80.13915711254,456.0,468699.99999897595,0.0972903776404942,False,37.328895092,0.0
Lee,7.3858765027499995,5.0,29.16472,47.0,16.1,,449,12.086137281,2390,14.1,38.783603036,34.8048,2873:1,59250,60.036663611,17239,49.66065317,69.720683843,2021,77.402253148,21.735599513,189.0,176.0,12.5,185.0,0.9745762711864406,0.9830508474576272,0.9830508474576272,0.9703389830508474,0.9745762711864406,0.9703389830508474,0.124,0.188,0.0827,0.68,High Vulnerability,0.88,Very High Concern,2873.0,1.0,medium,rural,21.735599513,0.0,5.96637375055,1.0,185.0,0.0,183.89622085614826,102.77535836249953,377.5,374700.000004607,0.10074726447701055,False,38.783603036,0.0
Leon,7.2654918501,,,43.0,22.2,,798,19.791666667,2920,17.1,31.462717089,34.474830000000004,2901:1,50522,57.854649318,17404,50.275798667,100.0,2021,70.805525376,22.351183636,129.5,180.0,7.5,177.0,0.9783549783549784,0.9783549783549784,0.9826839826839828,0.974025974025974,0.9783549783549784,0.974025974025974,0.1225,0.1864,0.0827,0.62,High Vulnerability,0.92,Very High Concern,2901.0,1.0,medium,very rural,22.351183636,0.0,5.96637375055,1.0,177.0,0.0,175.94395184615266,73.60298472392857,317.0,389000.00000094395,0.08149100257049634,False,31.462717089,0.0
Liberty,8.64922632185,20.0,23.1688,37.0,19.0,6.8947573826,2784,11.792113177,13680,16.7,33.789892982,37.40691,2673:1,53274,70.740679734,88219,50.607012095,63.227264915,2021,79.194730771,27.044060803,1174.0,1224.0,40.5,1356.0,0.9783368273934312,0.9776380153738644,0.983927323549965,0.9825296995108316,0.979035639412998,0.9776380153738644,0.1377,0.2028,0.0929,0.94,Very High Vulnerability,0.97,Very High Concern,2673.0,1.0,large,rural,27.044060803,0.0,6.8947573826,0.0,1356.0,0.0,1346.6507089891943,87.17925087502555,2438.5,2385799.999979857,0.10220890267501835,False,33.789892982,0.0
Limestone,10.142070565000001,8.0,34.01505,41.0,26.0,,682,12.643678161,4170,17.7,28.04293872,68.26812000000001,1465:1,43644,70.730452675,23437,48.653837949,53.617858365,2021,63.793720902,22.020736442,189.0,241.5,17.5,240.0,0.8847736625514403,0.9629629629629628,0.9753086419753086,0.8765432098765432,0.8847736625514403,0.8724279835390947,0.1248,0.188,0.085,0.95,Very High Vulnerability,0.98,Very High Concern,1465.0,1.0,medium,urban,22.020736442,0.0,5.96637375055,1.0,240.0,0.0,238.568070299868,79.2226720710934,448.0,516099.999991154,0.08680488277614393,False,28.04293872,0.0
Lipscomb,5.8391378909,,,33.0,17.2,,215,23.652365237,460,13.1,,61.86205,1617:1,65388,63.648468708,3233,48.871017631,100.0,2021,82.718120805,25.332508506,25.0,37.0,0.0,38.0,0.8333333333333334,0.8333333333333334,0.8571428571428571,0.8333333333333334,0.8333333333333334,0.7857142857142857,0.1241,0.1883,0.0824,0.46,Moderate Vulnerability,0.87,Very High Concern,1617.0,1.0,small,very rural,25.332508506,0.0,5.96637375055,1.0,38.0,0.0,37.7732777974791,66.18435427827352,62.0,81899.999999898,0.07570207570216997,True,41.965456189,1.0
Live Oak,7.3835496447499995,1.0,8.21963,32.0,23.0,,382,15.1047845,1840,15.2,,40.9601,2441:1,54163,61.042765085,12207,45.072499386,100.0,2021,58.875266525,19.832882772,89.5,117.5,5.0,92.0,0.9908256880733946,0.9908256880733946,0.9908256880733946,0.9908256880733946,0.9908256880733946,0.9908256880733946,0.1146,0.1867,0.0742,0.69,High Vulnerability,0.95,Very High Concern,2441.0,1.0,medium,very rural,19.832882772,0.0,5.96637375055,1.0,92.0,0.0,91.4510936149494,97.86651691322096,212.0,242099.99999780403,0.08756712102516437,True,41.965456189,1.0
Llano,8.09106790325,17.0,78.53645,43.0,20.7,,457,13.057142857,3420,16.6,66.084699175,27.52925,3633:1,55617,64.42159383,21795,51.557696719,45.179006269,2021,81.020972574,15.122734572,129.5,149.5,10.0,219.0,0.9642857142857144,0.9714285714285714,0.9714285714285714,0.9714285714285714,0.9642857142857144,0.9714285714285714,0.1264,0.1929,0.0847,0.47,Moderate Vulnerability,0.76,High Concern,3633.0,1.0,medium,urban,15.122734572,0.0,5.96637375055,1.0,219.0,0.0,217.69336414862954,59.48734381796969,289.0,329599.99999674,0.0876820388358187,False,66.084699175,0.0
Loving,,0.0,0.0,,10.2,,8,13.333333333,20,18.8,,0.0,169:0,88487,,169,42.01183432,100.0,2021,73.333333333,28.99408284,0.0,2.5,0.0,0.0,,,,,,,0.1166,0.1765,0.0789,0.76,High Vulnerability,0.83,Very High Concern,169.0,0.0,small,very rural,28.99408284,0.0,5.96637375055,1.0,0.0,0.0,0.0,,2.5,4899.99999996,0.051020408163681794,True,41.965456189,1.0
Lubbock,8.722541183,252.0,81.97468,46.0,22.5,5.1417454141,6626,8.7078799348,46080,15.3,44.906062064,154.87702,646:1,54733,60.363303966,310569,50.732365432,11.335540166,2021,79.79433949,23.674288161,3401.0,3749.0,54.5,4005.0,0.930802995094242,0.9486186418796798,0.9617867286341336,0.932868577330235,0.933126775109734,0.9284792150787504,0.109,0.1714,0.0711,0.75,High Vulnerability,0.74,High Concern,646.0,1.0,large,very urban,23.674288161,0.0,5.1417454141,0.0,4005.0,0.0,3984.4073096165293,85.35773919979385,7204.5,7352499.999873609,0.0979870792264379,False,44.906062064,0.0
Lynn,9.269943497749999,3.0,51.04645,33.0,23.4,,213,13.059472716,950,16.4,,50.4117,1984:1,45737,54.731965586,5951,48.731305663,56.720202874,2021,71.634168988,27.255923374,58.5,77.0,7.5,85.0,0.9705882352941176,0.9705882352941176,0.9803921568627452,0.9803921568627452,0.9803921568627452,0.9705882352941176,0.1143,0.1758,0.0766,0.89,Very High Vulnerability,0.99,Very High Concern,1984.0,1.0,small,rural,27.255923374,0.0,5.96637375055,1.0,85.0,0.0,84.49285823120324,69.23662096969508,143.0,162199.999998674,0.08816276202291556,True,41.965456189,1.0
Madison,7.7118052405,3.0,20.80155,43.0,22.2,,380,12.117346939,2210,15.6,51.067263319,28.00336,3571:1,46274,69.685902118,14284,42.411089331,67.403395785,2021,69.126259077,21.240548866,111.0,122.0,10.0,180.0,0.9702970297029704,0.9455445544554456,0.9752475247524752,0.9653465346534652,0.9653465346534652,0.9554455445544554,0.1225,0.1864,0.0827,0.84,Very High Vulnerability,0.96,Very High Concern,3571.0,1.0,medium,rural,21.240548866,0.0,5.96637375055,1.0,180.0,0.0,178.926052724901,62.03680141016837,243.0,303400.000001944,0.0800922874088474,False,51.067263319,0.0
Marion,9.43951924055,,,37.0,32.9,,202,10.97826087,1970,19.5,36.795174384,10.14816,9854:1,37876,74.16918429,9854,50.92348285,100.0,2021,62.863202545,18.084026791,44.5,49.5,7.5,85.0,0.9743589743589745,0.9871794871794872,0.9871794871794872,0.9615384615384616,0.9743589743589745,0.9615384615384616,0.1276,0.1901,0.0861,0.69,High Vulnerability,0.97,Very High Concern,9854.0,1.0,medium,very rural,18.084026791,0.0,5.96637375055,1.0,85.0,0.0,84.49285823120324,52.66717321626378,101.5,178199.999998514,0.056958473625615264,False,36.795174384,0.0
Martin,7.93939643645,1.0,17.38224,32.0,17.9,,266,14.156466205,580,10.3,,34.656040000000004,2886:1,68745,53.141167775,5771,49.818055796,100.0,2021,62.92798111,31.346387108,35.5,50.5,5.0,72.0,0.979591836734694,0.979591836734694,0.9897959183673468,0.9897959183673468,0.979591836734694,0.979591836734694,0.1235,0.1873,0.0822,0.42,Moderate Vulnerability,0.89,Very High Concern,2886.0,1.0,small,very rural,31.346387108,0.0,5.96637375055,1.0,72.0,0.0,71.5704210899604,49.601496622994986,91.0,180900.000000268,0.05030403537858773,True,41.965456189,1.0
Mason,6.8965517241,,,41.0,20.4,,214,23.010752688,630,15.2,,70.19186,1425:1,54914,46.993006993,4274,48.85353299,100.0,2021,73.231132075,20.191857745,30.0,41.0,0.0,31.0,0.9807692307692308,1.0,1.0,0.9807692307692308,0.9807692307692308,0.9807692307692308,0.1235,0.1873,0.0822,0.36,Low Vulnerability,0.81,Very High Concern,1425.0,1.0,small,very rural,20.191857745,0.0,5.96637375055,1.0,31.0,0.0,30.81504241373295,97.35505016417008,71.0,86300.00000213001,0.08227114715903548,True,41.965456189,1.0
Matagorda,8.55166543795,14.0,38.3016,41.0,24.1,,1253,13.053443067,6600,18.0,42.729500918,60.03875,1666:1,49276,70.199862164,36643,49.717544961,36.417633916,2021,63.388214905,25.557405234,403.0,531.0,12.5,522.0,0.9788135593220338,0.9745762711864406,0.9788135593220338,0.9766949152542372,0.9788135593220338,0.972457627118644,0.1114,0.1704,0.0738,0.91,Very High Vulnerability,0.94,Very High Concern,1666.0,1.0,large,urban,25.557405234,0.0,5.96637375055,1.0,522.0,0.0,518.8855529022129,77.6664522158989,946.5,936499.9999894621,0.10106780566050726,False,42.729500918,0.0
Maverick,8.1435965714,17.0,29.06728,26.0,40.3,5.6833201163,2229,11.845671467,10520,18.1,48.426122658,47.682300000000005,2097:1,40017,81.168875764,58722,49.862061919,9.2557779498,2021,61.347169348,30.95092129,702.0,847.0,35.5,930.0,0.9595375722543352,0.96242774566474,0.9836223506743738,0.966281310211946,0.9595375722543352,0.953757225433526,0.107,0.1724,0.0705,0.97,Very High Vulnerability,1.0,Very High Concern,2097.0,1.0,large,very urban,30.95092129,0.0,5.6833201163,0.0,930.0,0.0,924.714512291841,75.9153220446537,1584.5,1817499.99999138,0.08718019257262806,False,48.426122658,0.0
McCulloch,7.600946469149999,4.0,50.08138,33.0,26.4,,220,11.879049676,1300,16.1,,37.57515,2661:1,43262,63.285714286,7984,49.611723447,35.325365206,2021,76.296531976,22.131763527,42.5,67.0,7.5,66.0,,,,,,,0.1235,0.1873,0.0822,0.74,High Vulnerability,0.93,Very High Concern,2661.0,1.0,small,urban,22.131763527,0.0,5.96637375055,1.0,66.0,0.0,65.6062193324637,64.7804437329768,117.0,176699.999999568,0.06621392190168988,True,41.965456189,1.0
McLennan,8.39403584095,187.0,73.44653,50.0,22.6,6.9395679293,6791,10.551912738,40000,16.1,40.641278953,83.78049,1194:1,51078,59.557719434,256623,51.188708728,23.351893949,2021,77.682279521,24.515339623,2475.0,2801.0,75.0,3349.0,,,,,,,0.1128,0.178,0.0742,0.84,Very High Vulnerability,0.88,Very High Concern,1194.0,1.0,large,very urban,24.515339623,0.0,6.9395679293,0.0,3349.0,0.0,3325.7593870047745,74.41909386683021,5351.0,6291200.000073128,0.0850553153601507,False,40.641278953,0.0
McMullen,,0.0,0.0,26.0,13.8,,16,10.95890411,90,13.3,,134.5895,743:1,68349,24.567474048,743,47.240915209,100.0,2021,76.296296296,19.784656797,20.0,17.5,2.5,,,,,,,,0.1146,0.1867,0.0742,0.76,High Vulnerability,0.83,Very High Concern,743.0,1.0,small,very rural,19.784656797,0.0,5.96637375055,1.0,213.5,1.0,212.22617920425756,9.423908056484848,40.0,14700.000000171,0.27210884353424963,True,41.965456189,1.0
Medina,8.23105669365,14.0,27.49357,38.0,19.4,6.3211125158,1470,11.890317884,6000,12.2,54.399904646,19.38586,5158:1,60695,56.590493601,51584,48.377403846,61.555014563,2021,73.644943247,22.892757444,384.0,439.0,15.0,597.0,0.9658227848101266,0.979746835443038,0.9860759493670886,0.970886075949367,0.9670886075949368,0.9683544303797468,0.1146,0.174,0.0756,0.67,High Vulnerability,0.95,Very High Concern,5158.0,1.0,large,rural,22.892757444,0.0,6.3211125158,0.0,597.0,0.0,593.2262958280674,64.7307785748077,838.0,1180899.999991296,0.07096282496453353,False,54.399904646,0.0
Menard,8.064516129,1.0,46.75082,31.0,35.4,,82,20.918367347,330,15.7,,0.0,2138:0,38425,72.786885246,2138,50.140318054,100.0,2021,66.07495069,18.054256314,20.0,22.5,2.5,17.0,1.0,1.0,1.0,1.0,1.0,1.0,0.1235,0.1873,0.0822,0.59,Moderate Vulnerability,0.97,Very High Concern,2138.0,0.0,small,very rural,18.054256314,0.0,5.96637375055,1.0,17.0,0.0,16.89857164624065,118.353198238795,45.0,38599.999999332,0.11658031088284651,True,41.965456189,1.0
Midland,8.25072260425,62.0,35.92578,44.0,12.3,5.3863579159,6101,11.862034103,17200,10.5,41.204751849,98.39848,1016:1,85811,46.12061913,176832,49.23939106,12.291776258,2021,84.06786203,28.560441549,2271.0,2505.0,194.5,2805.0,0.961569579288026,0.9652103559870552,0.9793689320388348,0.968042071197411,0.9668284789644012,0.9555016181229772,0.1034,0.1564,0.067,0.47,Moderate Vulnerability,0.72,High Concern,1016.0,1.0,large,very urban,28.560441549,0.0,5.3863579159,0.0,2805.0,0.0,2789.8912660459005,81.40102188350436,4970.5,5050399.999992768,0.09841794709344047,False,41.204751849,0.0
Milam,7.1257233975,3.0,11.93745,40.0,25.1,,682,10.837438424,4180,16.9,27.859175028,68.48487,1460:1,48989,70.107296137,24823,50.630463683,56.182089914,2021,68.530559168,23.760222374,271.0,298.0,12.5,288.0,0.9680511182108626,0.977635782747604,0.9840255591054312,0.9712460063897764,0.9712460063897764,0.97444089456869,0.1225,0.1864,0.0827,0.76,High Vulnerability,0.95,Very High Concern,1460.0,1.0,medium,rural,23.760222374,0.0,5.96637375055,1.0,288.0,0.0,286.2816843598416,94.6620111607862,581.5,589799.999989802,0.09859274330451923,False,27.859175028,0.0
Mills,8.80661862265,2.0,40.64215,19.0,24.9,,181,18.009950249,850,17.4,,61.56372,1624:1,46876,54.885404101,4873,50.01026062,100.0,2021,71.508379888,20.418633285,33.5,22.5,0.0,42.0,1.0,1.0,1.0,1.0,1.0,1.0,0.1264,0.1929,0.0847,0.77,High Vulnerability,0.95,Very High Concern,1624.0,1.0,small,very rural,20.418633285,0.0,5.96637375055,1.0,42.0,0.0,41.7494123024769,80.2406504726116,56.0,99499.99999780499,0.05628140703641747,True,41.965456189,1.0
Mitchell,9.8777002175,4.0,49.10988,26.0,23.4,,225,12.369433755,1130,13.2,32.578726242,23.4055,4273:1,44457,56.632653061,8545,39.426565243,36.74359247,2021,66.246851385,20.631948508,63.0,91.5,10.0,69.0,0.87,0.86,0.94,0.89,0.9,0.89,0.1278,0.1901,0.086,0.62,High Vulnerability,0.97,Very High Concern,4273.0,1.0,small,urban,20.631948508,0.0,5.96637375055,1.0,69.0,0.0,68.58832021121205,91.85237341576047,164.5,176300.00000086002,0.09330686330073598,False,32.578726242,0.0
Montague,8.06391216045,6.0,30.61849,30.0,18.0,,667,14.459137221,3190,16.4,,15.13775,6606:1,53649,55.228662977,19818,50.877989706,58.943151275,2021,72.205128205,22.449288526,145.0,206.0,5.0,193.0,0.853448275862069,0.8879310344827587,0.9224137931034484,0.8922413793103449,0.8620689655172413,0.8448275862068966,0.1293,0.1898,0.087,0.58,Moderate Vulnerability,0.93,Very High Concern,6606.0,1.0,medium,rural,22.449288526,0.0,5.96637375055,1.0,193.0,0.0,191.84848986614384,75.58047504109578,356.0,444900.000008268,0.08001798156740485,True,41.965456189,1.0
Montgomery,7.21368629735,353.0,59.73685,50.0,13.2,5.013574302,17720,10.807448113,69390,12.5,36.927662488,72.9349,1371:1,88833,46.036977634,607391,50.514742563,22.725597153,2021,89.879636948,26.085338769,5803.0,6406.0,212.0,8063.0,0.9592480444108,0.9573555387332828,0.96555639666919,0.9611405500883168,0.9606358819076456,0.955463033055766,0.1086,0.1585,0.0725,0.39,Low Vulnerability,0.67,High Concern,1371.0,1.0,large,very urban,26.085338769,0.0,5.013574302,0.0,8063.0,0.0,8022.575550402974,72.33337926881244,12421.0,15844000.000241678,0.07839560716871077,False,36.927662488,0.0
Moore,7.452249080950001,10.0,46.5441,36.0,15.1,,1073,15.153226945,2740,12.6,29.476659232,33.42884,2991:1,55099,63.756177924,20940,48.132760267,16.814280497,2021,84.360611911,31.757402101,286.0,443.0,43.5,414.0,0.9603174603174603,0.9603174603174603,0.9735449735449736,0.984126984126984,0.9708994708994708,0.9629629629629628,0.1241,0.1883,0.0824,0.7,High Vulnerability,0.88,Very High Concern,2991.0,1.0,medium,very urban,31.757402101,0.0,5.96637375055,1.0,414.0,0.0,411.5299212672723,69.49676930398809,772.5,664999.99999494,0.11616541353471849,False,29.476659232,0.0
Morris,10.00429969925,2.0,16.208769999999998,42.0,29.0,,289,10.041695622,2320,18.7,15.629255706,40.36164,2478:1,43304,78.582677165,12388,51.993865031,78.421215401,2021,77.975376197,23.062641266,121.0,152.0,2.5,116.0,0.990990990990991,1.0,1.0,1.0,0.990990990990991,1.0,0.1283,0.1937,0.0866,0.73,High Vulnerability,0.97,Very High Concern,2478.0,1.0,medium,rural,23.062641266,0.0,5.96637375055,1.0,116.0,0.0,115.3079006449362,104.93643481775918,275.5,285700.000003208,0.0964298214899918,False,15.629255706,0.0
Motley,,0.0,0.0,34.0,30.9,,35,13.725490196,170,15.1,,83.33333,1200:1,40217,70.987654321,1200,49.0,100.0,2021,69.529652352,19.75,17.5,10.0,0.0,14.0,0.8888888888888888,0.8888888888888888,0.8888888888888888,0.8888888888888888,0.8888888888888888,0.8888888888888888,0.1143,0.1758,0.0766,0.7,High Vulnerability,0.87,Very High Concern,1200.0,1.0,small,very rural,19.75,0.0,5.96637375055,1.0,14.0,0.0,13.9164707674923,125.7502731287197,27.5,23700.0,0.1160337552742616,True,41.965456189,1.0
Nacogdoches,8.0125358543,46.0,70.0035,48.0,26.3,3.8805466509,1804,11.552254098,12430,19.0,46.061693652,98.15349,1019:1,46207,66.822640151,65204,51.889454635,46.460231852,2021,78.860967294,23.006257285,538.0,600.0,17.5,845.0,0.983502538071066,0.9873096446700508,0.9898477157360406,0.9873096446700508,0.9847715736040608,0.980964467005076,0.125,0.1935,0.0836,0.98,Very High Vulnerability,0.9,Very High Concern,1019.0,1.0,large,urban,23.006257285,0.0,3.8805466509,0.0,845.0,0.0,841.7209380799895,63.916670675581244,1155.5,1500100.00001114,0.07702819811955329,False,46.061693652,0.0
Navarro,8.33864814035,20.0,40.35105,46.0,21.1,6.4395513087,1562,11.584958837,8100,16.7,36.196830879,51.882740000000005,1927:1,48649,72.200924015,50113,50.910941273,52.657379281,2021,76.052601223,26.406321713,563.0,692.0,20.0,737.0,0.9776223776223776,0.9734265734265736,0.9818181818181818,0.9776223776223776,0.9818181818181818,0.9762237762237762,0.1248,0.188,0.085,0.97,Very High Vulnerability,0.95,Very High Concern,1927.0,1.0,large,urban,26.406321713,0.0,6.4395513087,0.0,737.0,0.0,732.2540506854881,76.88588400063563,1275.0,1323300.000003569,0.0963500340056345,False,36.196830879,0.0
Newton,9.0578769635,,,37.0,28.3,,347,12.044429018,2820,20.0,35.20103925,14.71129,6798:1,45890,67.721518987,13595,48.716439868,100.0,2021,69.91533396,19.610150791,45.5,84.5,5.0,106.0,0.9457364341085271,0.9534883720930232,0.9612403100775194,0.9457364341085271,0.9457364341085271,0.9457364341085271,0.1428,0.2169,0.0983,0.72,High Vulnerability,0.96,Very High Concern,6798.0,1.0,medium,very rural,19.610150791,0.0,5.96637375055,1.0,106.0,0.0,105.3675643824417,43.18216926306978,135.0,266600.00000364496,0.050637659414161394,False,35.20103925,0.0
Nolan,8.108635097499999,5.0,33.89601,37.0,23.6,,417,10.498489426,2350,15.7,42.354382475,74.75873,1338:1,46389,61.507191995,14714,50.101943727,32.656414301,2021,72.831514703,26.022835395,142.0,197.0,10.0,176.0,0.983957219251337,0.983957219251337,0.9946524064171124,0.983957219251337,0.983957219251337,0.983957219251337,0.1278,0.1901,0.086,0.89,Very High Vulnerability,0.96,Very High Concern,1338.0,1.0,medium,urban,26.022835395,0.0,5.96637375055,1.0,176.0,0.0,174.9499182199032,81.1660853830827,349.0,382900.00000203,0.09114651344950371,False,42.354382475,0.0
Nueces,8.687792143949999,287.0,79.22377,42.0,23.1,4.9287410926,9671,10.431565436,52610,14.6,39.87273332,104.05913,961:1,56079,63.567242199,362294,50.588748365,6.447241956,2021,81.289445427,24.305950416,3558.0,4152.0,961.0,4320.0,0.9795862819814916,0.9814915623298855,0.9869352204681546,0.9812193794229722,0.9812193794229722,0.9801306477953184,0.1011,0.1589,0.0646,0.84,Very High Vulnerability,0.89,Very High Concern,961.0,1.0,large,very urban,24.305950416,0.0,4.9287410926,0.0,4320.0,0.0,4298.707838479968,82.7690583702966,8671.0,8805900.000014305,0.09846807254211283,False,39.87273332,0.0
Ochiltree,6.7440103605,4.0,40.21313,27.0,16.2,,573,17.52293578,1200,11.6,,50.83367,1967:1,62567,58.266309205,9836,49.827165514,13.90981121,2021,75.59575079,31.018706791,95.5,152.5,10.0,133.0,0.8903225806451613,0.896774193548387,0.896774193548387,0.8903225806451613,0.8903225806451613,0.8903225806451613,0.1241,0.1883,0.0824,0.58,Moderate Vulnerability,0.9,Very High Concern,1967.0,1.0,medium,very urban,31.018706791,0.0,5.96637375055,1.0,133.0,0.0,132.20647229117685,72.23549524085853,258.0,305099.999996276,0.08456243854577158,True,41.965456189,1.0
Oldham,7.2289156627,,,43.0,29.5,,31,9.872611465,280,13.5,,0.0,2112:0,59404,47.250509165,2112,47.585227273,100.0,2021,79.292929293,23.390151515,27.5,25.0,2.5,23.0,0.9642857142857144,0.9464285714285714,0.9642857142857144,0.9285714285714286,0.9464285714285714,0.9285714285714286,0.1241,0.1883,0.0824,0.43,Moderate Vulnerability,0.72,High Concern,2112.0,0.0,small,very rural,23.390151515,0.0,5.96637375055,1.0,23.0,0.0,22.86277340373735,120.28286994921014,55.0,49399.999999679996,0.11133603238938516,True,41.965456189,1.0
Orange,9.45294414555,16.0,19.14517,47.0,18.7,8.3279948751,2050,9.5109956389,14130,16.8,73.898354282,38.37114,2606:1,62976,50.525141132,83396,50.412489808,35.171132862,2021,80.74714457,24.763777639,738.0,1083.0,34.5,1046.0,0.9424269264836138,0.9433126660761736,0.9557130203720108,0.9477413640389726,0.9468556244464128,0.9450841452612933,0.1338,0.1949,0.0899,0.58,Moderate Vulnerability,0.86,Very High Concern,2606.0,1.0,large,urban,24.763777639,0.0,8.3279948751,0.0,1046.0,0.0,1037.2889173606454,71.14700520254489,1855.5,2065199.999982044,0.089846019756737,False,73.898354282,0.0
Palo Pinto,7.7052545156,11.0,38.09524,46.0,26.2,7.8709169618,1008,14.507772021,4770,16.8,67.193196484,54.81517,1824:1,50159,70.299427565,29189,50.878755696,50.215218242,2021,75.631399317,22.998389804,231.0,269.0,10.0,339.0,0.9611940298507464,0.9611940298507464,0.9611940298507464,0.9611940298507464,0.9611940298507464,0.9582089552238806,0.1134,0.1689,0.0762,0.88,Very High Vulnerability,0.93,Very High Concern,1824.0,1.0,medium,urban,22.998389804,0.0,7.8709169618,0.0,339.0,0.0,336.3317591499498,68.68218469282623,510.0,671299.9999889559,0.07597199463852085,False,67.193196484,0.0
Panola,8.5508507844,8.0,34.56022,40.0,21.5,,676,12.043470515,3940,16.8,30.83385354,25.86876,3866:1,56882,52.659574468,23194,50.379408468,72.718103883,2021,73.312492764,23.286194706,183.0,213.0,5.0,254.0,0.9790794979079498,0.98744769874477,0.9832635983263598,0.9790794979079498,0.9790794979079498,0.9790794979079498,0.1282,0.1918,0.0871,0.7,High Vulnerability,0.92,Very High Concern,3866.0,1.0,medium,rural,23.286194706,0.0,5.96637375055,1.0,254.0,0.0,252.4845410673603,72.47968498442741,401.0,540100.000010964,0.07424551008921676,False,30.83385354,0.0
Parker,6.653953856099999,58.0,41.9163,50.0,10.4,5.7634072482,4202,11.621539398,16090,12.4,56.658467308,42.69377,2342:1,82501,35.465883455,142878,50.180573636,56.084565584,2021,85.073311795,24.728789597,1517.0,1645.0,38.0,1802.0,0.959070796460177,0.9546460176991152,0.9629424778761062,0.9601769911504424,0.9601769911504424,0.9596238938053098,0.1198,0.1716,0.0811,0.26,Low Vulnerability,0.68,High Concern,2342.0,1.0,large,rural,24.728789597,0.0,5.7634072482,0.0,1802.0,0.0,1791.6143401387435,84.67224033731068,3200.0,3533200.0000401656,0.0905694554501195,False,56.658467308,0.0
Parmer,7.38823214465,2.0,20.27575,31.0,17.8,,570,19.580900034,1230,12.5,,124.93493,800:1,50607,70.161290323,9605,48.276939094,60.015580874,2021,66.031845145,28.214471629,131.5,190.0,20.0,144.0,0.9013157894736842,0.9276315789473684,0.9473684210526316,0.9342105263157896,0.9078947368421052,0.9013157894736842,0.1241,0.1883,0.0824,0.76,High Vulnerability,0.97,Very High Concern,800.0,1.0,medium,rural,28.214471629,0.0,5.96637375055,1.0,144.0,0.0,143.1408421799208,91.86756064681465,341.5,270999.99999654497,0.12601476014920807,True,41.965456189,1.0
Pecos,9.2891934997,7.0,44.6628,18.0,23.1,,547,13.837591703,1860,11.8,38.606569634,75.83896999999999,1319:1,52763,62.932138284,15823,43.297731151,39.77558522,2021,63.29467354,24.527586425,182.0,217.0,20.0,181.0,0.9891891891891892,0.9783783783783784,0.9891891891891892,0.9891891891891892,0.9891891891891892,0.9783783783783784,0.1166,0.1765,0.0789,0.82,Very High Vulnerability,0.98,Very High Concern,1319.0,1.0,medium,urban,24.527586425,0.0,5.96637375055,1.0,181.0,0.0,179.92008635115045,101.1560208151469,419.0,388100.000002775,0.1079618654978109,False,38.606569634,0.0
Polk,7.5298039076,29.0,57.96406,47.0,26.6,,1316,12.622290428,8690,18.2,45.580557725,54.52457,1834:1,50416,73.47985348,51353,45.944735458,77.638561645,2021,71.474518938,19.874204039,335.0,436.0,22.5,537.0,0.9596774193548387,0.969758064516129,0.9778225806451613,0.9637096774193548,0.9657258064516128,0.9637096774193548,0.1365,0.206,0.093,0.91,Very High Vulnerability,0.97,Very High Concern,1834.0,1.0,large,rural,19.874204039,0.0,5.96637375055,1.0,537.0,0.0,533.7960572959546,62.75805064896998,793.5,1020600.0000147669,0.07774838330281392,False,45.580557725,0.0
Potter,9.63803101395,89.0,74.38485999999999,46.0,26.1,7.3606729758,4073,12.137195304,19280,15.9,49.301579076,200.14479,500:1,41138,72.963611915,117415,48.60878082,8.9962254177,2021,74.010815683,27.265681557,1291.0,1854.0,127.0,1564.0,0.9644631257164692,0.9682842949942684,0.9778372181887658,0.9686664119220482,0.9701948796331678,0.965227359572029,0.1281,0.2007,0.0864,0.92,Very High Vulnerability,0.87,Very High Concern,500.0,1.0,large,very urban,27.265681557,0.0,7.3606729758,0.0,1564.0,0.0,1552.4879074658488,83.15684739260354,3272.0,3201400.000015155,0.10220528518724654,False,49.301579076,0.0
Presidio,8.15379147615,2.0,28.78526,13.0,29.1,,321,17.06539075,1550,21.8,,44.7494,2235:1,33499,89.856020942,6704,48.702267303,40.470708621,2021,48.36806921,26.834725537,52.0,110.5,10.0,91.0,0.9882352941176472,0.976470588235294,1.0,0.9882352941176472,0.9882352941176472,0.9882352941176472,0.1166,0.1765,0.0789,1.0,Very High Vulnerability,0.99,Very High Concern,2235.0,1.0,small,urban,26.834725537,0.0,5.96637375055,1.0,91.0,0.0,90.45705998869995,57.48583914455757,172.5,179900.000000048,0.09588660366867925,True,41.965456189,1.0
Rains,7.1689026487500005,1.0,8.22436,40.0,22.9,,374,14.829500397,1740,15.2,3.0974101792,15.9821,6257:1,65657,62.950058072,12514,50.05593735,93.228880337,2021,72.632794457,20.177401311,63.5,105.0,0.0,108.0,0.9858490566037736,0.9858490566037736,0.9858490566037736,0.9858490566037736,0.9858490566037736,0.9858490566037736,0.1285,0.1874,0.0874,0.4,Moderate Vulnerability,0.89,Very High Concern,6257.0,1.0,medium,very rural,20.177401311,0.0,5.96637375055,1.0,108.0,0.0,107.3556316349406,59.149202545731114,168.5,252500.000005854,0.0667326732657796,False,3.0974101792,0.0
Randall,7.83031408095,86.0,63.10954,46.0,12.1,6.1259706644,2631,7.7273261278,15830,11.9,54.784481659,54.461090000000006,1836:1,70694,43.275771847,137713,50.936367663,14.375647132,2021,88.155257244,23.89897831,1399.0,1508.0,42.5,1711.0,0.9658002735978112,0.9658002735978112,0.9685362517099864,0.9671682626538988,0.9671682626538988,0.9658002735978112,0.1021,0.1521,0.0667,0.22,Low Vulnerability,0.6,High Concern,1836.0,1.0,large,very urban,23.89897831,0.0,6.1259706644,0.0,1711.0,0.0,1700.5184641932117,82.26902732654166,2949.5,3291200.00000503,0.08961776859490435,False,54.784481659,0.0
Reagan,8.2504912878,2.0,53.46164,27.0,12.2,,159,14.108251996,410,11.0,,77.94232,1283:1,67384,61.828571429,3849,46.583528189,13.305613306,2021,73.062730627,28.968563263,37.5,75.0,5.0,45.0,1.0,1.0,1.0,1.0,1.0,1.0,0.1235,0.1873,0.0822,0.48,Moderate Vulnerability,0.94,Very High Concern,1283.0,1.0,small,very urban,28.968563263,0.0,5.96637375055,1.0,45.0,0.0,44.73151318122525,83.83351541914645,117.5,111499.999999287,0.10538116591995639,True,41.965456189,1.0
Real,6.7058356884,2.0,57.50431,34.0,32.7,,84,13.907284768,670,19.9,,86.90614,1151:1,40834,68.813559322,3452,50.60834299,100.0,2021,61.722912966,16.425260718,25.0,32.0,5.0,30.0,1.0,1.0,1.0,1.0,1.0,1.0,0.107,0.1724,0.0705,0.72,High Vulnerability,0.93,Very High Concern,1151.0,1.0,small,very rural,16.425260718,0.0,5.96637375055,1.0,30.0,0.0,29.8210087874835,83.83351541914645,62.0,56699.999998536005,0.10934744268359937,True,41.965456189,1.0
Red River,9.179609717249999,2.0,16.427100000000003,50.0,27.2,,257,10.284113645,2310,18.8,50.712959561,33.26957,3006:1,41325,66.869443145,12023,51.426432671,75.730948678,2021,64.13459601,19.57082259,97.5,138.5,2.5,136.0,0.9809523809523808,0.9809523809523808,0.9809523809523808,0.9809523809523808,0.9809523809523808,0.9809523809523808,0.1283,0.1937,0.0866,0.56,Moderate Vulnerability,0.99,Very High Concern,3006.0,1.0,medium,rural,19.57082259,0.0,5.96637375055,1.0,136.0,0.0,135.1885731699252,72.1214801767657,238.5,235299.99999957,0.10135996600103521,False,50.712959561,0.0
Reeves,8.2575326071,5.0,31.85728,30.0,24.6,,444,12.164383562,1530,10.1,52.394440095,25.03756,3994:1,48990,72.30975528,15976,38.839509264,14.496118407,2021,61.79647527,22.414872308,216.0,248.0,766.5,179.0,0.9308755760368664,0.967741935483871,0.9815668202764976,0.9262672811059908,0.9308755760368664,0.9262672811059908,0.1166,0.1765,0.0789,0.78,High Vulnerability,0.98,Very High Concern,3994.0,1.0,medium,very urban,22.414872308,0.0,5.96637375055,1.0,179.0,0.0,177.93201909865155,121.39467707621654,1230.5,358099.999992608,0.34361910081692276,False,52.394440095,0.0
Refugio,8.5565980685,1.0,14.22071,30.0,27.0,,166,9.9401197605,1270,17.5,32.601953952,43.17789,2316:1,46883,79.527559055,6948,50.546919977,60.679940404,2021,69.925402434,22.063903282,46.0,85.0,0.0,54.0,0.9803921568627452,0.9803921568627452,0.9705882352941176,0.9803921568627452,0.9803921568627452,0.9803921568627452,0.1183,0.18,0.0772,0.94,Very High Vulnerability,0.99,Very High Concern,2316.0,1.0,small,rural,22.063903282,0.0,5.96637375055,1.0,54.0,0.0,53.6778158174703,85.69648242846083,131.0,153300.000003336,0.08545335942410259,False,32.601953952,0.0
Roberts,,0.0,0.0,44.0,9.3,,27,11.392405063,120,14.1,,0.0,854:0,70705,29.223744292,854,50.468384075,100.0,2021,81.395348837,23.18501171,5.0,5.0,0.0,13.0,0.9230769230769232,1.0,1.0,0.9230769230769232,0.9230769230769232,0.9230769230769232,0.1241,0.1883,0.0824,0.09,Very Low Vulnerability,0.67,High Concern,854.0,0.0,small,very rural,23.18501171,0.0,5.96637375055,1.0,13.0,0.0,12.92243714124285,38.69239173191375,10.0,19800.000000340002,0.05050505050418324,True,41.965456189,1.0
Robertson,9.1106875671,1.0,5.7857,44.0,31.0,,538,12.549568463,2480,14.7,40.603202406,46.854870000000005,2134:1,47016,64.797601199,17074,50.825817032,73.853928528,2021,73.680943513,23.427433525,177.0,216.0,15.0,196.0,0.9812206572769951,0.9812206572769951,0.9906103286384976,0.9812206572769951,0.9859154929577464,0.976525821596244,0.1225,0.1864,0.0827,0.75,High Vulnerability,0.93,Very High Concern,2134.0,1.0,medium,rural,23.427433525,0.0,5.96637375055,1.0,196.0,0.0,194.8305907448922,90.84815650523831,408.0,400000.00000585004,0.10199999999850823,False,40.603202406,0.0
Rockwall,7.77690948295,77.0,76.49741,52.0,6.5,3.4293552812,2861,9.9030806507,9610,10.3,32.534790348,96.26841,1039:1,105763,27.66478932,104915,50.611447362,16.035845131,2021,93.082465488,26.632035457,1012.0,1046.0,29.0,1287.0,0.9549668874172186,0.9503311258278144,0.9622516556291392,0.9549668874172186,0.956953642384106,0.9503311258278144,0.1122,0.1653,0.0743,0.11,Very Low Vulnerability,0.51,Moderate Concern,1039.0,1.0,large,very urban,26.632035457,0.0,3.4293552812,0.0,1287.0,0.0,1282.5864197530957,78.90306527608604,2087.0,2794099.999971155,0.0746931033256342,False,32.534790348,0.0
Runnels,7.28617260355,7.0,68.39945,40.0,23.7,,273,11.220715166,1460,14.2,33.651287178,68.19953,1466:1,48650,55.644355644,10264,49.327747467,40.758023045,2021,72.125256674,23.178098207,78.0,124.0,7.5,112.0,0.9923076923076924,0.9846153846153848,0.9923076923076924,0.9923076923076924,0.9923076923076924,0.9923076923076924,0.1278,0.1901,0.086,0.54,Moderate Vulnerability,0.92,Very High Concern,1466.0,1.0,medium,urban,23.178098207,0.0,5.96637375055,1.0,112.0,0.0,111.3317661399384,70.06086645742954,209.5,237899.99999664802,0.08806221101427147,False,33.651287178,0.0
Rusk,7.4375970241000005,11.0,20.20202,40.0,20.4,,1654,13.187689364,8200,15.3,27.300175303,33.08459,3023:1,56036,68.338357541,54406,46.263279785,65.872867054,2021,62.524850895,22.100503621,387.0,443.0,20.0,514.0,0.9661654135338346,0.9661654135338346,0.9718045112781954,0.9661654135338346,0.9661654135338346,0.9680451127819548,0.1282,0.1918,0.0871,0.8,High Vulnerability,0.94,Very High Concern,3023.0,1.0,large,rural,22.100503621,0.0,5.96637375055,1.0,514.0,0.0,510.9332838922173,75.74374428142337,850.0,1202400.000004126,0.07069194943422183,False,27.300175303,0.0
Sabine,8.0058155607,3.0,28.33129,38.0,26.6,,261,12.70691334,2230,21.4,4.2186433542,113.83039,879:1,43778,69.170168067,10542,51.052931133,100.0,2021,74.785432614,18.08006071,63.5,72.0,5.0,100.0,0.9859154929577464,0.9859154929577464,1.0,1.0,1.0,1.0,0.1428,0.2169,0.0983,0.53,Moderate Vulnerability,0.93,Very High Concern,879.0,1.0,medium,very rural,18.08006071,0.0,5.96637375055,1.0,100.0,0.0,99.403362624945,63.8811387493896,140.5,190600.00000482,0.07371458551754824,False,4.2186433542,0.0
San Augustine,9.3382263579,2.0,24.29543,46.0,32.1,,186,11.231884058,1850,22.2,42.38399462,48.56137,2059:1,40094,85.763888889,8237,50.698069686,100.0,2021,66.937119675,19.460968799,54.5,67.5,0.0,84.0,0.9859154929577464,0.9859154929577464,1.0,0.9859154929577464,0.9859154929577464,1.0,0.1428,0.2169,0.0983,0.89,Very High Vulnerability,0.98,Very High Concern,2059.0,1.0,small,very rural,19.460968799,0.0,5.96637375055,1.0,84.0,0.0,83.4988246049538,65.27037986204974,122.0,160299.999997363,0.07610729881597439,False,42.38399462,0.0
San Jacinto,8.7848694923,2.0,6.96403,43.0,26.2,,917,14.303540789,4860,17.5,5.2600124728,10.39537,9620:1,42633,68.486696231,28859,50.216570221,100.0,2021,73.613462113,21.213486261,194.0,219.0,10.0,295.0,0.9647577092511012,0.9559471365638766,0.9691629955947136,0.973568281938326,0.9691629955947136,0.973568281938326,0.1365,0.206,0.093,0.69,High Vulnerability,0.89,Very High Concern,9620.0,1.0,medium,very rural,21.213486261,0.0,5.96637375055,1.0,295.0,0.0,293.23991974358773,66.15743182907559,423.0,612200.000006199,0.06909506697087828,False,5.2600124728,0.0
San Patricio,8.88234141705,17.0,25.41372,42.0,20.6,5.364327224,1627,8.7699439414,10390,15.5,39.306398482,58.44448,1711:1,57302,65.477536027,66730,49.577401469,19.650021604,2021,72.220281247,26.371946651,788.0,938.0,20.0,899.0,0.9740871613663132,0.9764428739693758,0.9811542991755006,0.9764428739693758,0.978798586572438,0.9764428739693758,0.1183,0.18,0.0772,0.83,Very High Vulnerability,0.97,Very High Concern,1711.0,1.0,large,very urban,26.371946651,0.0,5.364327224,0.0,899.0,0.0,894.177469825624,88.12568271862968,1746.0,1759800.00002123,0.0992158199783462,False,39.306398482,0.0
San Saba,5.84068105805,2.0,33.03601,28.0,34.4,,223,18.130081301,910,15.3,,49.54583,2018:1,46061,71.912168344,6055,45.829892651,49.355733159,2021,75.936599424,20.04954583,41.5,66.5,10.0,49.0,0.9594594594594594,0.9594594594594594,0.972972972972973,0.9594594594594594,0.972972972972973,0.945945945945946,0.1264,0.1929,0.0847,0.73,High Vulnerability,0.97,Very High Concern,2018.0,1.0,small,urban,20.04954583,0.0,5.96637375055,1.0,49.0,0.0,48.70764768622305,85.20222587496926,118.0,121400.00000064999,0.09719934102089639,True,41.965456189,1.0
Schleicher,6.3803299097499995,,,27.0,23.4,,161,20.561941252,360,11.8,,35.803799999999995,2793:1,53286,57.087378641,2793,50.37593985,100.0,2021,64.558139535,23.8811314,27.5,19.5,0.0,38.0,0.96875,0.9375,1.0,1.0,0.96875,1.0,0.1235,0.1873,0.0822,0.59,Moderate Vulnerability,0.96,Very High Concern,2793.0,1.0,small,very rural,23.8811314,0.0,5.96637375055,1.0,38.0,0.0,37.7732777974791,72.80278970610087,47.0,66700.0000002,0.07046476761598061,True,41.965456189,1.0
Scurry,8.67925820125,10.0,59.29088,34.0,18.3,,520,11.78069778,2310,13.4,38.871914705,35.921690000000005,2784:1,56299,61.924290221,16703,45.949829372,31.700254122,2021,73.506143747,24.803927438,205.0,229.0,5.0,194.0,0.95,0.9708333333333332,0.9791666666666666,0.9666666666666668,0.9666666666666668,0.9666666666666668,0.1278,0.1901,0.086,0.7,High Vulnerability,0.95,Very High Concern,2784.0,1.0,medium,urban,24.803927438,0.0,5.96637375055,1.0,194.0,0.0,192.8425234923933,106.30435460365995,439.0,414299.999996914,0.1059618633848105,False,38.871914705,0.0
Shackelford,7.021498215599999,1.0,30.74085,48.0,17.5,,133,16.708542714,500,15.1,,30.62787,3265:1,65095,45.379537954,3265,51.148545176,100.0,2021,77.600607441,22.848392037,36.5,34.5,0.0,32.0,0.8461538461538461,0.8974358974358975,0.8974358974358975,0.8205128205128205,0.8461538461538461,0.8461538461538461,0.1278,0.1901,0.086,0.69,High Vulnerability,0.72,High Concern,3265.0,1.0,small,very rural,22.848392037,0.0,5.96637375055,1.0,32.0,0.0,31.8090760399824,114.74712422995673,71.0,74600.000000805,0.09517426273355745,True,41.965456189,1.0
Shelby,8.2233316849,5.0,19.6711,42.0,32.5,,1001,14.918032787,4880,19.1,34.384029716,87.04598,1149:1,39708,75.482195846,25274,50.399620163,79.432568375,2021,68.686107823,25.971353961,193.0,275.5,7.5,348.0,0.9637883008356546,0.9637883008356546,0.9721448467966574,0.9665738161559888,0.9665738161559888,0.9665738161559888,0.1428,0.2169,0.0983,0.95,Very High Vulnerability,0.99,Very High Concern,1149.0,1.0,medium,rural,25.971353961,0.0,5.96637375055,1.0,348.0,0.0,345.9237019348086,55.79264991688023,476.0,656400.0000103139,0.07251675807320547,False,34.384029716,0.0
Sherman,6.3258911085000005,,,44.0,13.7,,206,22.612513721,420,13.9,,33.09067,3022:1,55473,64.485981308,3022,47.849106552,100.0,2021,76.840039254,26.737260093,27.5,41.0,2.5,41.0,0.9534883720930232,1.0,0.9767441860465116,0.9302325581395348,0.9302325581395348,0.9302325581395348,0.1241,0.1883,0.0824,0.46,Moderate Vulnerability,0.87,Very High Concern,3022.0,1.0,small,very rural,26.737260093,0.0,5.96637375055,1.0,41.0,0.0,40.75537867622745,67.47575631297154,71.0,80800.000001046,0.08787128712757532,True,41.965456189,1.0
Smith,7.74012549675,238.0,103.37893,52.0,17.8,7.7595475155,7278,12.463822718,35300,15.7,36.736459014,152.09386999999998,657:1,59538,64.339983602,232751,51.768628277,31.60780873,2021,80.728134092,24.390443006,2271.0,2746.0,76.0,3014.0,0.9600580973129992,0.9636891793754538,0.9691358024691358,0.9644153957879448,0.9625998547567176,0.9593318809005084,0.116,0.1766,0.0768,0.75,High Vulnerability,0.67,High Concern,657.0,1.0,large,urban,24.390443006,0.0,7.7595475155,0.0,3014.0,0.0,2990.612723788283,75.93761579143113,5093.0,5676900.000089507,0.08971445683242085,False,36.736459014,0.0
Somervell,6.79931137395,6.0,66.54836,49.0,14.2,,274,12.888052681,1550,17.7,,98.59772,1014:1,67897,43.914081146,9128,50.613496933,100.0,2021,77.553634326,21.954425942,55.0,78.0,5.0,97.0,0.951219512195122,0.967479674796748,0.967479674796748,0.959349593495935,0.959349593495935,0.959349593495935,0.1134,0.1689,0.0762,0.56,Moderate Vulnerability,0.71,High Concern,1014.0,1.0,small,very rural,21.954425942,0.0,5.96637375055,1.0,97.0,0.0,96.42126174619665,57.04136100684192,138.0,200399.999998576,0.06886227544959111,True,41.965456189,1.0
Starr,8.87668402185,14.0,21.69702,27.0,43.2,4.2240995998,3110,14.38150289,13750,21.5,,54.1519,1847:1,32516,88.606430091,64633,51.206040258,23.705878494,2021,56.140350877,32.639673232,678.0,700.0,57.5,1062.0,0.9606003752345216,0.9634146341463414,0.9878048780487804,0.9652908067542214,0.9615384615384616,0.9596622889305816,0.1146,0.1867,0.0742,0.98,Very High Vulnerability,1.0,Very High Concern,1847.0,1.0,large,very urban,32.639673232,0.0,4.2240995998,0.0,1062.0,0.0,1057.5140062250125,64.11262602754961,1435.5,2109600.000003856,0.06804607508519986,True,41.965456189,1.0
Stephens,8.397583564449999,3.0,31.80324,41.0,26.9,,288,13.747016706,1660,17.7,36.022335749,117.44608,851:1,46658,62.457798785,9366,47.34144779,39.366562825,2021,75.823837388,21.962417254,74.0,99.5,2.5,85.0,0.8807339449541285,0.8899082568807339,0.908256880733945,0.8990825688073395,0.8807339449541285,0.8899082568807339,0.1278,0.1901,0.086,0.88,Very High Vulnerability,0.86,Very High Concern,851.0,1.0,small,urban,21.962417254,0.0,5.96637375055,1.0,85.0,0.0,84.49285823120324,87.5813666967083,176.0,205700.000000964,0.08556149732580222,False,36.022335749,0.0
Sterling,,0.0,0.0,43.0,12.9,,54,13.953488372,110,10.0,,154.91867,646:1,66790,42.63322884,1291,49.419054996,100.0,2021,85.589519651,28.505034857,20.0,26.0,0.0,31.0,0.9523809523809524,0.9523809523809524,0.9523809523809524,0.9523809523809524,0.9523809523809524,0.9523809523809524,0.1235,0.1873,0.0822,0.41,Moderate Vulnerability,0.8,Very High Concern,646.0,1.0,small,very rural,28.505034857,0.0,5.96637375055,1.0,31.0,0.0,30.81504241373295,64.90336677611339,46.0,36800.000000387,0.12499999999868545,True,41.965456189,1.0
Stonewall,,1.0,73.42144,14.0,20.2,,51,16.242038217,220,15.7,,518.51852,193:1,48267,45.089285714,1350,51.259259259,100.0,2021,77.24137931,22.444444444,10.0,15.0,0.0,10.0,0.9166666666666666,0.9166666666666666,0.9166666666666666,0.9166666666666666,0.9166666666666666,0.9166666666666666,0.1278,0.1901,0.086,0.32,Low Vulnerability,0.79,High Concern,193.0,1.0,small,very rural,22.444444444,0.0,5.96637375055,1.0,10.0,0.0,9.9403362624945,100.60021850297576,25.0,30299.9999994,0.08250825082671634,True,41.965456189,1.0
Sutton,7.464561493650001,4.0,106.4396,45.0,17.8,,122,12.978723404,410,10.7,,185.38136,539:1,63427,58.415841584,3776,48.940677966,18.798449612,2021,52.407932011,23.569915254,33.5,50.0,0.0,38.0,0.9615384615384616,0.9615384615384616,0.9615384615384616,0.9615384615384616,0.9615384615384616,0.9615384615384616,0.1235,0.1873,0.0822,0.6,High Vulnerability,0.94,Very High Concern,539.0,1.0,small,very urban,23.569915254,0.0,5.96637375055,1.0,38.0,0.0,37.7732777974791,88.6870347328865,83.5,88999.99999910401,0.09382022472004564,True,41.965456189,1.0
Swisher,8.65536861675,1.0,13.40123,28.0,29.1,,250,12.906556531,1270,17.0,33.599185268,40.55698,2466:1,44388,71.535114978,7397,46.532377991,37.573211103,2021,75.369261477,24.658645397,73.5,88.5,7.5,84.0,0.989247311827957,0.989247311827957,0.989247311827957,0.989247311827957,0.989247311827957,0.989247311827957,0.1241,0.1883,0.0824,0.97,Very High Vulnerability,1.0,Very High Concern,2466.0,1.0,small,urban,24.658645397,0.0,5.96637375055,1.0,84.0,0.0,83.4988246049538,88.02519119010378,169.5,182400.000001609,0.09292763157812763,False,33.599185268,0.0
Tarrant,8.392094624999999,1225.0,58.75494,50.0,13.9,6.3920526321,60367,10.554427852,280150,13.9,46.414380634,87.98986000000001,1136:1,70130,58.857204691,2102515,51.113975406,1.2882013273,2021,86.865127102,26.027495642,18916.0,23650.0,1354.0,27100.0,0.9421672555948174,0.9527287004318806,0.9663918335296428,0.945818610129564,0.9456615626226934,0.941146446800157,0.1069,0.1641,0.0701,0.55,Moderate Vulnerability,0.73,High Concern,1136.0,1.0,large,very urban,26.027495642,0.0,6.3920526321,0.0,27100.0,0.0,26926.77537367009,70.24977828758769,43920.0,54723199.99973963,0.0802584644176674,False,46.414380634,0.0
Taylor,8.96641885245,94.0,68.2941,45.0,18.9,5.5928411633,3216,9.1514427181,21510,15.8,40.397762639,150.68751,664:1,54465,56.667349028,138034,51.367054494,16.033488966,2021,77.105558675,24.812727299,1644.0,1957.0,76.0,1866.0,0.9652317880794702,0.9646799116997792,0.9729580573951436,0.9713024282560706,0.9701986754966888,0.9707505518763796,0.1178,0.1846,0.0776,0.69,High Vulnerability,0.78,High Concern,664.0,1.0,large,very urban,24.812727299,0.0,5.5928411633,0.0,1866.0,0.0,1855.5637583892822,88.5984107292045,3677.0,3424999.9999901657,0.10735766423388489,False,40.397762639,0.0
Terrell,,0.0,0.0,12.0,20.7,,26,14.857142857,110,13.0,,128.86598,776:1,45677,49.58677686,776,49.613402062,100.0,2021,58.373205742,18.81443299,10.0,17.5,0.0,,1.0,1.0,1.0,1.0,1.0,1.0,0.1166,0.1765,0.0789,0.47,Moderate Vulnerability,0.91,Very High Concern,776.0,1.0,small,very rural,18.81443299,0.0,5.96637375055,1.0,213.5,1.0,212.22617920425756,4.711954028242424,27.5,14600.000000240001,0.18835616438046537,True,41.965456189,1.0
Terry,9.685373816350001,4.0,32.55473,39.0,31.0,,496,14.273381295,1900,15.0,47.295028442,48.63419,2056:1,42953,76.338147833,12337,47.264326822,24.669986562,2021,70.696872691,27.218934911,92.0,168.0,12.5,177.0,0.935483870967742,0.9419354838709676,0.967741935483871,0.9612903225806452,0.935483870967742,0.9612903225806452,0.1143,0.1758,0.0766,0.99,Very High Vulnerability,0.99,Very High Concern,2056.0,1.0,medium,very urban,27.218934911,0.0,5.96637375055,1.0,177.0,0.0,175.94395184615266,52.289379108891346,272.5,335799.999997007,0.08114949374700083,False,47.295028442,0.0
Throckmorton,,1.0,66.00659999999999,22.0,27.2,,62,19.620253165,260,16.5,,66.62225000000001,1501:1,42746,65.29209622,1501,52.165223185,100.0,2021,71.556886228,19.253830779,22.5,17.5,0.0,14.0,0.631578947368421,0.7368421052631579,0.7368421052631579,0.631578947368421,0.631578947368421,0.631578947368421,0.1278,0.1901,0.086,0.27,Low Vulnerability,0.85,Very High Concern,1501.0,1.0,small,very rural,19.253830779,0.0,5.96637375055,1.0,14.0,0.0,13.9164707674923,161.67892259406818,40.0,28899.999999279004,0.1384083045017229,True,41.965456189,1.0
Titus,6.7571386013999994,15.0,45.40914,41.0,23.2,,1048,10.663410663,5400,16.5,33.523609954,100.76336,992:1,49924,72.985983293,32750,51.007633588,50.556689553,2021,73.873129533,28.680916031,420.0,535.0,27.0,441.0,0.9941520467836256,0.9941520467836256,0.9970760233918128,0.9970760233918128,0.9912280701754386,0.9970760233918128,0.1283,0.1937,0.0866,0.89,Very High Vulnerability,0.92,Very High Concern,992.0,1.0,medium,urban,28.680916031,0.0,5.96637375055,1.0,441.0,0.0,438.36882917600747,95.80973190759595,982.0,939300.0000152499,0.10454593846311688,False,33.523609954,0.0
Tom Green,8.28004769055,85.0,71.91870999999999,53.0,17.4,4.9122168653,3049,10.38912362,16450,14.0,41.806504444,98.99329000000002,1010:1,54774,50.701192026,119200,50.23909396,15.64087676,2021,78.057902757,23.769295302,1228.0,1416.0,34.5,1465.0,0.9732724902216427,0.9771838331160364,0.9869621903520208,0.9791395045632334,0.9765319426336376,0.9752281616688396,0.1078,0.1675,0.0704,0.66,High Vulnerability,0.89,Very High Concern,1010.0,1.0,large,very urban,23.769295302,0.0,4.9122168653,0.0,1465.0,0.0,1457.8036022923354,84.23631263285543,2678.5,2833299.9999984,0.09453640631071587,False,41.806504444,0.0
Travis,7.58347203475,1078.0,86.32681,50.0,13.6,4.0662597467,22753,8.0468957224,155240,12.9,46.268515217,100.00361,1000:1,80690,50.17510918,1273954,49.4692901,5.463522171,2021,88.213463855,21.22360776,10367.0,11974.0,1348.0,15582.0,0.9515164018980812,0.9557114366274672,0.9649267588198884,0.9550237260160924,0.9530293652431056,0.9460834880682208,0.0916,0.1391,0.0588,0.38,Low Vulnerability,0.69,High Concern,1000.0,1.0,large,very urban,21.22360776,0.0,4.0662597467,0.0,15582.0,0.0,15518.63954062692,66.80353630780444,23689.0,27037900.00028304,0.08761405286561463,False,46.268515217,0.0
Trinity,7.833584428249999,2.0,13.56852,38.0,29.8,,392,12.852459016,2820,19.3,42.485157526,54.60378,1831:1,43788,70.362190813,14651,51.948672446,77.236887213,2021,65.157545605,19.705139581,80.5,102.5,7.5,138.0,0.9507042253521126,0.9577464788732394,0.9577464788732394,0.9647887323943662,0.9577464788732394,0.9577464788732394,0.1365,0.206,0.093,0.8,Very High Vulnerability,0.97,Very High Concern,1831.0,1.0,medium,rural,19.705139581,0.0,5.96637375055,1.0,138.0,0.0,137.1766404224241,58.68346079340252,190.5,288700.00000123103,0.06598545202604354,False,42.485157526,0.0
Tyler,8.62628718535,4.0,18.43658,33.0,23.3,,440,10.249242954,4080,19.0,43.411948542,41.52824,2408:1,48254,60.686600221,21672,46.040974529,78.131030047,2021,68.492957746,19.255260244,139.0,184.0,5.0,204.0,0.9744680851063828,0.9659574468085106,0.9787234042553192,0.9744680851063828,0.9787234042553192,0.9744680851063828,0.1428,0.2169,0.0983,0.88,Very High Vulnerability,0.98,Very High Concern,2408.0,1.0,medium,rural,19.255260244,0.0,5.96637375055,1.0,204.0,0.0,202.7828597548878,68.54622731330211,328.0,417300.000007968,0.07860052719715724,False,43.411948542,0.0
Upshur,7.6840738244,12.0,29.08386,45.0,21.1,8.4822780975,1345,13.218673219,6460,15.9,30.615075863,9.58015,10438:1,53078,59.635091227,41753,50.705338539,79.299905874,2021,78.933938191,23.787512275,313.0,388.0,15.0,483.0,0.9555555555555556,0.9555555555555556,0.9577777777777776,0.9577777777777776,0.9555555555555556,0.9577777777777776,0.1276,0.1901,0.0861,0.59,Moderate Vulnerability,0.88,Very High Concern,10438.0,1.0,large,rural,23.787512275,0.0,8.4822780975,0.0,483.0,0.0,478.9030596789075,65.3576947722695,716.0,993200.000018075,0.07209021345015805,False,30.615075863,0.0
Upton,8.87953410255,2.0,54.48107,18.0,18.8,,145,12.923351159,480,13.3,19.855506598,109.37927,914:1,58908,64.827586207,3657,49.576155319,100.0,2021,49.84984985,28.63002461,28.5,55.0,5.0,24.0,1.0,1.0,1.0,1.0,1.0,1.0,0.1235,0.1873,0.0822,0.65,High Vulnerability,0.96,Very High Concern,914.0,1.0,small,very rural,28.63002461,0.0,5.96637375055,1.0,24.0,0.0,23.8568070299868,119.46275947228371,88.5,104699.99999877,0.0845272206313655,False,19.855506598,0.0
Uvalde,7.09941670075,11.0,40.97445,34.0,29.9,,922,12.339400428,3700,13.7,78.685728211,74.79152,1337:1,44690,74.464084242,26741,50.914326315,31.384207536,2021,65.184933831,26.812759433,304.0,351.0,5.0,381.0,0.9721518987341772,0.9696202531645568,0.979746835443038,0.9746835443037974,0.9696202531645568,0.9696202531645568,0.107,0.1724,0.0705,0.95,Very High Vulnerability,0.98,Very High Concern,1337.0,1.0,medium,urban,26.812759433,0.0,5.96637375055,1.0,381.0,0.0,378.7268116010404,80.26894074778119,660.0,716999.999997853,0.09205020920529657,False,78.685728211,0.0
Val Verde,6.51994028235,15.0,30.48285,26.0,28.9,3.5128805621,1631,11.295796108,7250,14.8,58.603168154,67.3126,1486:1,45034,72.200667689,49025,48.895461499,10.157736451,2021,67.627859814,28.387557369,492.0,546.0,22.5,783.0,0.9744680851063828,0.9744680851063828,0.9886524822695036,0.975886524822695,0.9801418439716312,0.9716312056737588,0.107,0.1724,0.0705,0.97,Very High Vulnerability,0.99,Very High Concern,1486.0,1.0,large,very urban,28.387557369,0.0,3.5128805621,0.0,783.0,0.0,780.2494145198757,63.0567599083366,1060.5,1391700.000015225,0.07620176762149876,False,58.603168154,0.0
Van Zandt,6.9612978811,9.0,16.06598,40.0,19.5,6.6084493746,1765,13.09930236,8720,16.0,45.892153477,30.04064,3329:1,55554,54.335541699,56590,51.169817989,75.018543525,2021,71.422901369,22.977557872,481.0,587.0,12.5,632.0,0.9553429027113236,0.9505582137161084,0.9617224880382776,0.9649122807017544,0.963317384370016,0.9617224880382776,0.1285,0.1874,0.0874,0.56,Moderate Vulnerability,0.89,Very High Concern,3329.0,1.0,large,rural,22.977557872,0.0,6.6084493746,0.0,632.0,0.0,627.8234599952528,76.61389397644315,1080.5,1300299.99997648,0.08309620856875677,False,45.892153477,0.0
Victoria,7.8843189941,70.0,76.05802,51.0,22.6,5.2408563782,2580,10.72185513,13300,14.5,28.923112188,102.08071,980:1,57344,65.004556698,92084,51.009947439,26.626571267,2021,70.73631995,25.251943877,980.0,1312.0,157.5,1220.0,0.9823008849557522,0.9778761061946902,0.9849557522123894,0.984070796460177,0.9831858407079646,0.9823008849557522,0.1065,0.1663,0.0699,0.78,High Vulnerability,0.9,Very High Concern,980.0,1.0,large,very urban,25.251943877,0.0,5.2408563782,0.0,1220.0,0.0,1213.606155218596,80.75107363174845,2449.5,2325299.9999696678,0.10534124629217531,False,28.923112188,0.0
Walker,8.2140003319,21.0,28.97351,45.0,22.4,,1160,10.478771454,11520,16.1,22.261886733,53.44589,1871:1,47519,57.403145378,72971,41.926244673,45.582882657,2021,80.794973364,14.704471639,418.0,410.0,34.0,639.0,0.9584,0.9568,0.9744,0.9584,0.9648,0.952,0.1365,0.206,0.093,0.7,High Vulnerability,0.9,Very High Concern,1871.0,1.0,large,urban,14.704471639,0.0,5.96637375055,1.0,639.0,0.0,635.1874871733985,65.80734168113281,862.0,1072999.999969469,0.08033550792400068,False,22.261886733,0.0
Waller,7.6921201124500005,7.0,13.17622,45.0,18.2,6.2864840593,1950,14.625365634,7470,14.9,40.536508521,3.62017,27623:1,61822,70.489875898,55246,50.217210296,61.641013772,2021,70.628172171,24.119393259,454.0,536.0,24.5,736.0,0.9756722151088348,0.9820742637644048,0.9871959026888604,0.9795134443021768,0.9756722151088348,0.9756722151088348,0.1114,0.1704,0.0738,0.83,Very High Vulnerability,0.9,Very High Concern,27623.0,1.0,large,rural,24.119393259,0.0,6.2864840593,0.0,736.0,0.0,731.3731477323552,62.07501620857163,1014.5,1332499.999986714,0.07613508442852648,False,40.536508521,0.0
Ward,9.647824028599999,2.0,17.06485,26.0,15.8,,446,12.808730615,1380,11.9,28.582502952,83.34722,1200:1,61396,51.774691358,11998,49.308218036,27.88515669,2021,71.769733534,28.83813969,126.5,100.0,10.0,161.0,0.987012987012987,0.9935064935064936,0.9935064935064936,0.9935064935064936,0.9935064935064936,0.9935064935064936,0.1166,0.1765,0.0789,0.65,High Vulnerability,0.96,Very High Concern,1200.0,1.0,medium,urban,28.83813969,0.0,5.96637375055,1.0,161.0,0.0,160.03941382616145,79.04302882376666,236.5,346000.00000061997,0.0683526011559469,False,28.582502952,0.0
Washington,8.01768232645,21.0,59.815430000000006,46.0,17.5,,1092,13.836796756,5370,15.4,21.284250548,64.09899,1560:1,59039,59.083469722,35882,51.125912714,53.490717124,2021,73.552475248,21.361685525,303.0,369.0,20.0,350.0,0.9875311720698254,0.9925187032418952,0.9925187032418952,0.9875311720698254,0.9875311720698254,0.9875311720698254,0.1225,0.1864,0.0827,0.73,High Vulnerability,0.86,Very High Concern,1560.0,1.0,medium,urban,21.361685525,0.0,5.96637375055,1.0,350.0,0.0,347.9117691873075,87.09104630400472,692.0,766500.00000805,0.09028049575899967,False,21.284250548,0.0
Webb,8.06629893835,86.0,31.169580000000003,37.0,28.7,4.6296296296,12072,13.012546889,43810,16.1,68.062476939,53.49681,1869:1,52576,82.810541331,276652,50.789800905,2.5996388392,2021,66.917594833,32.407501121,3150.0,3371.0,99.0,4225.0,0.9893353174603174,0.9900793650793652,0.9952876984126984,0.9908234126984128,0.9903273809523808,0.9836309523809524,0.1039,0.1663,0.0674,0.95,Very High Vulnerability,0.99,Very High Concern,1869.0,1.0,large,very urban,32.407501121,0.0,4.6296296296,0.0,4225.0,0.0,4205.43981481494,74.90298610155274,6620.0,8965600.000126893,0.07383777995790917,False,68.062476939,0.0
Wharton,9.257186542,14.0,33.63848,40.0,21.5,7.5639019301,1613,14.531531532,6310,15.2,36.426397486,77.00452,1299:1,49901,64.659213848,41556,50.878332852,49.895833333,2021,69.754589118,25.777264414,669.0,891.0,22.5,531.0,0.977818853974122,0.9815157116451017,0.9870609981515712,0.9833641404805916,0.9833641404805916,0.9815157116451017,0.1114,0.1704,0.0738,0.88,Very High Vulnerability,0.96,Very High Concern,1299.0,1.0,large,urban,25.777264414,0.0,7.5639019301,0.0,531.0,0.0,526.9835680751169,126.94892982026337,1582.5,1071199.999988184,0.14773151605838833,False,36.426397486,0.0
Wheeler,6.91132248415,2.0,38.52822,28.0,17.5,,258,19.210722264,900,16.3,46.537053098,79.11392000000001,1264:1,58544,53.534401508,5056,49.782436709,100.0,2021,72.789738891,25.39556962,154.5,179.0,10.0,57.0,0.9402985074626866,0.9402985074626866,0.9701492537313432,0.9402985074626866,0.9402985074626866,0.9552238805970148,0.1241,0.1883,0.0824,0.7,High Vulnerability,0.91,Very High Concern,1264.0,1.0,small,very rural,25.39556962,0.0,5.96637375055,1.0,57.0,0.0,56.65991669621865,272.67953962648687,343.5,128399.99999872,0.2675233644886482,False,46.537053098,0.0
Wichita,8.00328263595,102.0,77.23528,47.0,17.4,8.0604534005,2653,8.658616188,22710,17.2,42.920220344,121.75754,821:1,51535,61.594167914,132230,48.315813356,10.666920152,2021,77.378195053,22.527414354,1224.0,1629.0,28.5,1577.0,0.9758800521512386,0.9765319426336376,0.9869621903520208,0.9797913950456324,0.9771838331160364,0.9765319426336376,0.1296,0.2018,0.0855,0.82,Very High Vulnerability,0.83,Very High Concern,821.0,1.0,large,very urban,22.527414354,0.0,8.0604534005,0.0,1577.0,0.0,1564.2886649874115,78.24642774675159,2881.5,2978800.00002942,0.09673358399259907,False,42.920220344,0.0
Wilbarger,8.95648461295,5.0,39.00156,48.0,21.4,,333,11.443298969,2390,18.5,26.370059264,46.9888,2128:1,42570,65.067012538,12769,50.834051218,21.891392686,2021,65.617760618,22.092567938,148.5,170.5,7.5,172.0,0.9761904761904762,0.9702380952380952,0.988095238095238,0.988095238095238,0.988095238095238,0.988095238095238,0.1293,0.1898,0.087,0.91,Very High Vulnerability,0.93,Very High Concern,2128.0,1.0,medium,very urban,22.092567938,0.0,5.96637375055,1.0,172.0,0.0,170.9737837149054,86.85542120751103,326.5,282100.000000322,0.11573909960993524,False,26.370059264,0.0
Willacy,8.3006811217,7.0,32.53544,50.0,38.1,,463,8.9659178931,4560,21.0,,60.86712000000001,1643:1,35821,86.095100865,21358,44.671785748,34.57576579,2021,60.152196472,23.480662983,178.0,428.0,379.0,231.0,0.9785714285714284,0.9892857142857144,1.0,0.9714285714285714,0.9821428571428572,0.9714285714285714,0.0992,0.1603,0.0642,0.99,Very High Vulnerability,0.98,Very High Concern,1643.0,1.0,medium,urban,23.480662983,0.0,5.96637375055,1.0,231.0,0.0,229.62176766362296,77.51878308887309,985.0,501499.99999091396,0.1964107677004678,True,41.965456189,1.0
Williamson,7.342344129400001,396.0,69.8759,52.0,6.5,4.1267890069,12862,8.3765337224,58830,11.2,32.179655517,73.15202000000001,1367:1,92661,30.729400141,590551,50.700616882,11.98994982,2021,92.594915631,25.223562402,5536.0,5787.0,263.0,7693.0,0.9404946827577968,0.9467080893774644,0.9548333134185684,0.9414505914685148,0.936790536503764,0.937268490859123,0.0946,0.1402,0.061,0.2,Low Vulnerability,0.58,Moderate Concern,1367.0,1.0,large,very urban,25.223562402,0.0,4.1267890069,0.0,7693.0,0.0,7661.252612169918,72.25972409793734,11586.0,14895800.000063501,0.0777803139136576,False,32.179655517,0.0
Wilson,7.30065563035,23.0,45.79484,39.0,11.7,,1321,10.310646269,5490,11.4,30.736240084,52.86861,1891:1,76905,42.284963887,51070,49.810064617,85.861410131,2021,82.705142058,23.81437243,404.0,415.0,5.0,569.0,0.9780775716694772,0.9780775716694772,0.9797639123102868,0.9797639123102868,0.9797639123102868,0.9763912310286678,0.1134,0.1709,0.0762,0.44,Moderate Vulnerability,0.78,High Concern,1891.0,1.0,large,very rural,23.81437243,0.0,5.96637375055,1.0,569.0,0.0,565.605133335937,71.42792315501266,824.0,1216200.0000001,0.0677520144712985,False,30.736240084,0.0
Winkler,8.54179761155,2.0,25.90674,20.0,17.9,,318,13.32774518,940,12.0,22.104257729,37.45318,2670:1,64894,64.878803507,8010,48.339575531,18.129395218,2021,73.272241313,29.076154806,100.0,149.0,12.5,118.0,0.9765625,0.9609375,0.9921875,0.9921875,0.984375,0.9765625,0.1166,0.1765,0.0789,0.65,High Vulnerability,0.99,Very High Concern,2670.0,1.0,small,very urban,29.076154806,0.0,5.96637375055,1.0,118.0,0.0,117.2959678974351,85.25442246014893,261.5,232899.99999606,0.11227994847764011,False,22.104257729,0.0
Wise,6.316590440000001,27.0,39.52859,49.0,11.7,6.1908230153,2410,13.582821394,9460,14.6,62.474322274,75.7316,1320:1,70468,50.537827178,69984,49.902834934,72.107497421,2021,77.54928696,24.692786923,626.0,776.0,15.0,862.0,0.9505347593582888,0.9572192513368984,0.963903743315508,0.9558823529411764,0.9532085561497328,0.9478609625668448,0.1293,0.1898,0.087,0.58,Moderate Vulnerability,0.81,Very High Concern,1320.0,1.0,large,rural,24.692786923,0.0,6.1908230153,0.0,862.0,0.0,856.6635105608113,73.07419917888082,1417.0,1728100.000019232,0.0819975695841809,False,62.474322274,0.0
Wood,6.3444414413,20.0,44.3174,40.0,22.3,,1136,12.639074321,7360,16.8,67.747330035,68.07352,1469:1,56945,60.268929086,45539,50.367816597,74.199313697,2021,77.516656572,18.856364874,283.0,320.0,15.0,401.0,0.9468822170900691,0.9491916859122402,0.9653579676674364,0.9607390300230948,0.9630484988452656,0.9561200923787528,0.1285,0.1874,0.0874,0.63,High Vulnerability,0.87,Very High Concern,1469.0,1.0,large,rural,18.856364874,0.0,5.96637375055,1.0,401.0,0.0,398.6074841260295,70.99716168663875,618.0,858699.999997086,0.07196925585211333,False,67.747330035,0.0
Yoakum,6.2224044718,3.0,34.920269999999995,19.0,14.9,,435,14.887063655,790,9.3,,57.38552,1743:1,62636,56.049495875,8713,49.110524504,37.327071963,2021,74.97134123,32.698266957,106.5,97.5,10.0,123.0,0.959349593495935,0.991869918699187,0.991869918699187,0.991869918699187,0.967479674796748,0.991869918699187,0.1143,0.1758,0.0766,0.49,Moderate Vulnerability,0.93,Very High Concern,1743.0,1.0,small,urban,32.698266957,0.0,5.96637375055,1.0,123.0,0.0,122.26613602868235,87.10506724038144,214.0,284899.999996341,0.07511407511503981,True,41.965456189,1.0
Young,4.97478012515,12.0,66.50042,42.0,20.4,,642,14.244508542,2530,14.0,25.807162904,66.62965,1501:1,52643,60.202516109,18010,50.349805664,33.568733154,2021,75.01026413,23.65907829,169.0,243.0,7.5,224.0,0.9495412844036696,0.9587155963302753,0.9724770642201837,0.9587155963302753,0.9495412844036696,0.9495412844036696,0.1293,0.1898,0.087,0.55,Moderate Vulnerability,0.84,Very High Concern,1501.0,1.0,medium,urban,23.65907829,0.0,5.96637375055,1.0,224.0,0.0,222.6635322798768,75.89927199554867,419.5,426100.0000029,0.0984510678237843,False,25.807162904,0.0
Zapata,8.327636093599999,1.0,7.04722,32.0,43.7,,567,11.924290221,2990,20.8,,21.158050000000003,4726:1,36069,84.866553095,14179,50.271528317,23.534027679,2021,58.56095936,33.062980464,130.5,143.5,10.0,197.0,0.9623430962343096,0.9790794979079498,0.99581589958159,0.9707112970711296,0.9539748953974896,0.9707112970711296,0.1146,0.1867,0.0742,0.99,Very High Vulnerability,1.0,Very High Concern,4726.0,1.0,medium,very urban,33.062980464,0.0,5.96637375055,1.0,197.0,0.0,195.82462437114165,66.64126149562607,284.0,468799.999999056,0.06058020477827899,True,41.965456189,1.0
Zavala,8.573481330949999,1.0,8.34516,26.0,40.4,,289,8.0907054871,2730,22.5,,84.45946,1184:1,32538,84.440078585,11840,49.087837838,38.032028775,2021,52.422290675,28.386824324,109.0,146.5,0.0,150.0,1.0,1.0,1.0,1.0,1.0,1.0,0.107,0.1724,0.0705,1.0,Very High Vulnerability,1.0,Very High Concern,1184.0,1.0,medium,urban,28.386824324,0.0,5.96637375055,1.0,150.0,0.0,149.1050439374175,73.10282544549571,255.5,336099.99999616,0.07601904195266859,True,41.965456189,1.0
Anderson,7.33179410875,22.0,38.10514,44.0,27.6,,1613,14.285714286,8400,14.5,41.475037318,65.73826,1521:1,50879,64.166666667,57805,38.460981191,67.063532793,2022,74.327997584,19.036415535,460.0,508.0,25.0,517.0,0.9676258992805756,0.9676258992805756,0.9658273381294964,0.9676258992805756,0.9658273381294964,0.9676258992805756,0.1398,0.2105,0.0948,0.79,High Vulnerability,0.95,Very High Concern,1521.0,1.0,large,rural,19.036415535,0.0,5.96637375055,1.0,517.0,0.0,513.9153847709656,89.50889847460125,993.0,1100400.000000675,0.09023991275894137,False,41.475037318,0.0
Andrews,6.80491141435,7.0,37.42315,19.0,12.0,,973,15.987512323,1760,9.8,69.942275167,63.56269,1573:1,76600,47.923835742,18879,48.87190665666666,16.502096578,2022,89.07771287,31.426452672,283.0,388.0,17.5,316.0,0.996845425867508,0.9873817034700316,0.996845425867508,1.0,0.996845425867508,0.993690851735016,0.1166,0.1765,0.0789,0.47,Moderate Vulnerability,0.88,Very High Concern,1573.0,1.0,medium,very urban,31.426452672,0.0,5.96637375055,1.0,316.0,0.0,314.1146258948262,90.09449948209537,688.5,593299.999994688,0.11604584527324531,False,69.942275167,0.0
Angelina,8.9788685353,54.0,62.272960000000005,51.0,25.1,7.0544554455,3004,13.286744217,15090,17.3,42.495365935,103.69141,964:1,49943,73.401819783,86796,51.109348942666664,43.082366228,2022,85.364065289,25.385962487,590.0,567.0,23.5,1082.0,0.9472361809045226,0.962311557788945,0.9748743718592964,0.9614740368509216,0.9514237855946398,0.9589614740368508,0.125,0.1935,0.0836,0.98,Very High Vulnerability,0.89,Very High Concern,964.0,1.0,large,urban,25.385962487,0.0,7.0544554455,0.0,1082.0,0.0,1074.367079207969,54.91605349960575,1180.5,2203400.000021652,0.0535762911858219,False,42.495365935,0.0
Aransas,9.085329816849999,7.0,29.77456,47.0,30.8,,710,16.480965645,4450,18.2,,62.98816,1588:1,51461,64.733648011,23814,50.43188511066666,27.260557907,2022,85.086215589,18.035609305,175.0,181.0,12.5,197.0,1.0,1.0,1.0,1.0,1.0,1.0,0.1183,0.18,0.0772,0.8,Very High Vulnerability,0.85,Very High Concern,1588.0,1.0,medium,urban,18.035609305,0.0,5.96637375055,1.0,197.0,0.0,195.82462437114165,89.36567633513074,368.5,429499.99998927006,0.08579743888456484,True,41.965456189,1.0
Archer,7.43714413665,,,47.0,11.2,,320,16.46090535,1240,14.2,,,,69566,32.075471698,8730,50.747047855333335,88.988292467,2022,77.768289212,21.489117984,78.5,82.0,2.5,92.0,0.9746835443037976,0.9746835443037976,0.9746835443037976,0.9746835443037976,0.968354430379747,0.9746835443037976,0.1293,0.1898,0.087,0.09,Very Low Vulnerability,0.8,Very High Concern,,,small,very rural,21.489117984,0.0,5.96637375055,1.0,92.0,0.0,91.4510936149494,85.83822991829996,163.0,187600.00000032,0.08688699360326331,True,41.965456189,1.0
Armstrong,8.6092715232,0.0,0.0,39.0,12.4,,69,15.367483296,240,12.2,,0.0,1869:0,62256,36.858006042,1869,51.08200438966667,100.0,2022,85.277777778,22.311396469,22.5,20.0,0.0,20.0,0.9444444444444444,0.888888888888889,0.9444444444444444,0.9444444444444444,0.9444444444444444,0.9444444444444444,0.1241,0.1883,0.0824,0.16,Very Low Vulnerability,0.56,Moderate Concern,1869.0,0.0,small,very rural,22.311396469,0.0,5.96637375055,1.0,20.0,0.0,19.880672524989,113.17524581584773,42.5,41700.000000561005,0.1019184652264466,True,41.965456189,1.0
Atascosa,7.9875320275499995,9.0,17.59428,37.0,22.0,,1965,13.652469951,6140,12.4,82.92746359,50.2668,1989:1,60594,65.960832313,51724,50.10348880433333,60.711184342,2022,82.66869224,26.94493852,461.0,620.0,22.5,666.0,0.9822006472491912,0.9789644012944982,0.9902912621359226,0.9870550161812296,0.9870550161812296,0.9838187702265369,0.1146,0.174,0.0756,0.85,Very High Vulnerability,0.95,Very High Concern,1989.0,1.0,large,rural,26.94493852,0.0,5.96637375055,1.0,666.0,0.0,662.0263950821337,69.63468578058831,1103.5,1393700.0000084802,0.0791777283485173,False,82.92746359,0.0
Austin,8.009837161250001,5.0,16.64891,44.0,18.0,,1136,15.256513564,4000,13.4,32.647534793,56.71959999999999,1763:1,60593,51.572099747,29972,50.152526873999996,66.344089805,2022,80.663843029,23.55198185,337.0,351.0,20.0,349.0,0.9851485148514852,0.9851485148514852,0.9876237623762376,0.9826732673267328,0.9851485148514852,0.9727722772277227,0.1114,0.1704,0.0738,0.49,Moderate Vulnerability,0.82,Very High Concern,1763.0,1.0,medium,rural,23.55198185,0.0,5.96637375055,1.0,349.0,0.0,346.91773556105807,97.14118520201383,708.0,705900.0000082001,0.10029749256152085,False,32.647534793,0.0
Bailey,7.69529400625,2.0,28.57143,37.0,23.3,,413,18.789808917,770,10.9,,104.52441,957:1,48259,85.132237312,6697,49.87798564566666,28.750872296,2022,73.054474708,29.416156488,73.5,125.0,22.5,130.0,0.913978494623656,0.9032258064516128,0.956989247311828,0.946236559139785,0.9354838709677415,0.9247311827956988,0.1143,0.1758,0.0766,0.8,Very High Vulnerability,0.96,Very High Concern,957.0,1.0,small,urban,29.416156488,0.0,5.96637375055,1.0,130.0,0.0,129.2243714124285,56.87781584591322,221.0,197000.000000136,0.11218274111667381,True,41.965456189,1.0
Bandera,8.60693153,5.0,21.63378,40.0,21.3,,588,15.245009074,3540,16.0,,58.67315,1704:1,64389,51.036070606,23861,50.27233752466666,100.0,2022,84.603886398,16.550018859,109.0,122.5,12.5,182.0,0.962025316455696,0.9556962025316452,0.962025316455696,0.968354430379747,0.962025316455696,0.9556962025316452,0.1146,0.174,0.0756,0.51,Moderate Vulnerability,0.77,High Concern,1704.0,1.0,medium,very rural,16.550018859,0.0,5.96637375055,1.0,182.0,0.0,180.9141199773999,60.24958141112283,244.0,394899.999994599,0.06178779437916869,True,41.965456189,1.0
Bastrop,7.59053669265,24.0,27.050480000000004,42.0,16.4,4.3982407037,3524,15.094016362,10230,12.1,44.881529314,43.66765,2290:1,74612,69.31923006,91601,49.017744765,63.85244907,2022,82.860199442,25.401469416,1088.0,1283.0,72.0,1429.0,0.9488768396591788,0.9419054996127032,0.9690162664601086,0.95429899302866,0.9527498063516652,0.9364833462432224,0.124,0.188,0.0827,0.75,High Vulnerability,0.85,Very High Concern,2290.0,1.0,large,rural,25.401469416,0.0,4.3982407037,0.0,1429.0,0.0,1422.7149140344127,76.4735077468713,2443.0,2326799.9999750163,0.10499398315395526,False,44.881529314,0.0
Baylor,9.17541229385,5.0,142.49074,29.0,21.8,,104,12.606060606,580,16.3,25.590992094,56.85048,1759:1,44392,59.930915371,3518,51.11362043900001,100.0,2022,78.593460827,22.797043775,30.0,37.5,0.0,48.0,0.98,0.98,0.98,0.96,0.96,0.96,0.1293,0.1898,0.087,0.16,Very Low Vulnerability,0.78,High Concern,1759.0,1.0,small,very rural,22.797043775,0.0,5.96637375055,1.0,48.0,0.0,47.7136140599736,62.87513656435985,67.5,80200.00000044999,0.08416458852820607,False,25.590992094,0.0
Bee,9.926008349,7.0,21.49547,33.0,26.1,7.9904115062,681,9.8424627836,5400,16.6,47.317412578,64.58955,1548:1,46316,81.059212946,32513,39.00145246333333,42.97730768,2022,68.384515825,20.671731307,206.0,256.0,12.5,309.0,0.984,0.9813333333333332,0.9893333333333332,0.9813333333333332,0.9866666666666668,0.9813333333333332,0.1183,0.18,0.0772,0.97,Very High Vulnerability,0.99,Very High Concern,1548.0,1.0,medium,urban,20.671731307,0.0,7.9904115062,0.0,309.0,0.0,306.5309628445842,67.20365149684572,474.5,672099.999984491,0.07059961315443376,False,47.317412578,0.0
Bell,8.73335063445,280.0,77.15114,36.0,21.4,6.5978802555,10103,9.8867762044,52720,15.1,43.960578608,186.25296,537:1,53639,57.983467788,369927,50.21996093800001,15.186229794,2022,88.011642425,27.429465814,3559.0,4127.0,157.0,6092.0,0.9594102341717258,0.967215958369471,0.9717259323503904,0.9613183000867302,0.9618386816999132,0.9543798785776236,0.1244,0.1993,0.0815,0.81,Very High Vulnerability,0.83,Very High Concern,537.0,1.0,large,very urban,27.429465814,0.0,6.5978802555,0.0,6092.0,0.0,6051.805713483494,58.8088938822095,7843.0,10146900.000175579,0.07729454315962794,False,43.960578608,0.0
Bexar,8.89723811735,1531.0,76.41421,39.0,20.5,6.1205886183,49744,9.5222781185,270950,13.9,44.347527864,116.88243,856:1,60477,62.528289072,2026823,50.542538288,4.5390847652,2022,84.235937328,25.065484258,14520.0,18085.0,2152.0,26609.0,0.9428302504501556,0.9567441479783924,0.9686937305614663,0.9463087248322144,0.9459404157799964,0.93967916189229,0.1005,0.1587,0.0641,0.83,Very High Vulnerability,0.87,Very High Concern,856.0,1.0,large,very urban,25.065484258,0.0,6.1205886183,0.0,26609.0,0.0,26446.137257455655,54.90404840089281,34757.0,50803300.000252336,0.06841484706668143,False,44.347527864,0.0
Blanco,6.3482936227,5.0,41.90764,46.0,14.6,,471,20.924033763,1500,13.1,,40.75312,2454:1,66383,44.278903456,12269,49.96946362366666,100.0,2022,87.824222937,17.230418127,46.0,59.0,2.5,99.0,0.888888888888889,0.8803418803418804,0.905982905982906,0.8974358974358976,0.888888888888889,0.888888888888889,0.1008,0.1475,0.0669,0.28,Low Vulnerability,0.68,High Concern,2454.0,1.0,medium,very rural,17.230418127,0.0,5.96637375055,1.0,99.0,0.0,98.40932899869556,46.743535870069536,107.5,211400.000000163,0.050851466414341115,True,41.965456189,1.0
Borden,,0.0,0.0,37.0,8.5,,16,11.510791367,80,13.2,,0.0,706:0,69499,30.917874396,706,48.038231378333336,100.0,2022,81.614349776,20.254957507,7.5,15.0,0.0,,1.0,1.0,1.0,1.0,1.0,1.0,0.1235,0.1873,0.0822,0.06,Very Low Vulnerability,0.72,High Concern,706.0,0.0,small,very rural,20.254957507,0.0,5.96637375055,1.0,213.5,1.0,212.22617920425756,3.533965521181818,22.5,14299.999999942,0.15734265734329553,True,41.965456189,1.0
Bosque,6.53855602565,10.0,53.51887000000001,33.0,19.2,,639,15.781674488,3010,16.5,31.720917319,37.62834,2658:1,58056,65.567911041,18603,50.490896428333336,81.215681968,2022,74.803583735,20.722464119,121.0,152.5,2.5,179.0,0.9032258064516128,0.9447004608294928,0.9677419354838712,0.9078341013824882,0.9032258064516128,0.8986175115207374,0.1248,0.188,0.085,0.62,High Vulnerability,0.89,Very High Concern,2658.0,1.0,medium,rural,20.722464119,0.0,5.96637375055,1.0,179.0,0.0,177.93201909865155,68.00349965843611,276.0,385500.000005757,0.07159533073823042,False,31.720917319,0.0
Bowie,10.19980481755,67.0,71.85372,44.0,23.4,9.200968523,2073,9.2153811958,15100,16.2,47.805947013,186.13408,537:1,50326,62.107033961,93481,49.688239321,35.424836601,2022,73.117871832,23.532054642,544.0,656.0,21.0,995.0,0.9477503628447024,0.9571843251088537,0.9716981132075472,0.957910014513788,0.9542815674891144,0.951378809869376,0.1356,0.2056,0.0926,0.85,Very High Vulnerability,0.86,Very High Concern,537.0,1.0,large,urban,23.532054642,0.0,9.200968523,0.0,995.0,0.0,985.845036319615,55.18108627202471,1221.0,2199799.999988802,0.05550504591354739,False,47.805947013,0.0
Brazoria,8.325770294449999,240.0,64.12586,44.0,10.0,4.6175704475,10494,10.229765166,41090,11.4,46.79054136,68.59071,1458:1,83576,47.46164688,380518,49.42724425133333,22.52862699,2022,90.025285061,25.916776605,3855.0,4434.0,239.5,4827.0,0.967369589345172,0.9682574916759156,0.9800221975582688,0.9704772475027748,0.9695893451720312,0.9655937846836852,0.1074,0.1608,0.071,0.51,Moderate Vulnerability,0.69,High Concern,1458.0,1.0,large,very urban,25.916776605,0.0,4.6175704475,0.0,4827.0,0.0,4804.710987449917,80.2337541231804,8528.5,9861800.00018139,0.08648015575090891,False,46.79054136,0.0
Brazos,7.73258788245,195.0,85.07445,54.0,19.5,5.0300767476,5607,11.466726655,34500,15.5,38.329016679,71.38096,1401:1,53570,58.681626928,232555,49.599918741,12.063576784,2022,82.959982334,20.583947883,1885.0,2423.0,149.0,2752.0,0.976948868398994,0.9765297569153394,0.980720871751886,0.9748533109807206,0.9756915339480302,0.9685666387259012,0.1055,0.1682,0.0691,0.65,High Vulnerability,0.81,Very High Concern,1401.0,1.0,large,very urban,20.583947883,0.0,5.0300767476,0.0,2752.0,0.0,2738.1572287906047,68.84191967429756,4457.0,4786899.999931065,0.09310827466761754,False,38.329016679,0.0
Brewster,5.9423896788,8.0,86.92818,15.0,16.6,,249,14.196123147,1440,15.6,,97.43423,1026:1,48537,54.913294798,9237,49.000544383333335,34.867850953,2022,75.139794967,18.350113673,35.5,75.5,7.5,72.0,0.861111111111111,0.888888888888889,0.9583333333333336,0.888888888888889,0.8333333333333336,0.8472222222222222,0.1166,0.1765,0.0789,0.66,High Vulnerability,0.84,Very High Concern,1026.0,1.0,small,urban,18.350113673,0.0,5.96637375055,1.0,72.0,0.0,71.5704210899604,49.601496622994986,118.5,169499.999997501,0.0699115044258095,True,41.965456189,1.0
Briscoe,,1.0,64.68305,32.0,22.8,,64,20.578778135,230,15.8,,67.2495,1487:1,50062,55.989583333,1487,49.939633371333336,100.0,2022,70.068027211,20.712844654,22.5,22.5,2.5,13.0,0.857142857142857,0.857142857142857,0.857142857142857,0.857142857142857,0.857142857142857,0.857142857142857,0.1241,0.1883,0.0824,0.46,Moderate Vulnerability,0.95,Very High Concern,1487.0,1.0,small,very rural,20.712844654,0.0,5.96637375055,1.0,13.0,0.0,12.92243714124285,174.11576279361188,47.5,30800.000000498003,0.15422077921828564,True,41.965456189,1.0
Brooks,8.429556676,,,38.0,45.0,,164,8.4318766067,1570,22.0,,28.71913,3482:1,33513,84.130146082,6964,49.10452307,31.759656652,2022,64.202020202,27.800114877,59.5,88.5,7.5,102.0,0.9894736842105264,1.0,1.0,1.0,1.0,1.0,0.0992,0.1603,0.0642,1.0,Very High Vulnerability,0.99,Very High Concern,3482.0,1.0,small,urban,27.800114877,0.0,5.96637375055,1.0,102.0,0.0,101.3914298774439,58.68346079340252,155.5,193600.000003428,0.0803202479324621,True,41.965456189,1.0
Brown,8.7379906844,22.0,58.10267999999999,40.0,22.3,7.5839653304,1116,13.397358944,5670,15.0,44.298342625,87.689,1140:1,48752,62.399270184,37633,50.41730531333334,40.40046187,2022,78.534282195,20.939069434,323.0,402.0,22.5,374.0,0.9626168224299064,0.960280373831776,0.969626168224299,0.9672897196261682,0.9672897196261682,0.9579439252336448,0.1278,0.1901,0.086,0.63,High Vulnerability,0.72,High Concern,1140.0,1.0,large,urban,20.939069434,0.0,7.5839653304,0.0,374.0,0.0,371.1635969664304,87.02362048431529,747.5,788000.000009722,0.09486040609020022,False,44.298342625,0.0
Burleson,8.74229240885,8.0,43.37689,43.0,19.9,,617,14.732569245,2470,13.7,27.199626601,37.80923,2645:1,64836,62.825144509,18514,50.61354806333333,76.65677547,2022,76.367046602,21.556659825,167.0,185.0,12.5,210.0,0.9674418604651162,0.9534883720930236,0.9767441860465113,0.9581395348837206,0.9720930232558138,0.9534883720930236,0.1225,0.1864,0.0827,0.61,High Vulnerability,0.83,Very High Concern,2645.0,1.0,medium,rural,21.556659825,0.0,5.96637375055,1.0,210.0,0.0,208.7470615123845,80.00112614284262,364.5,399100.00000005,0.09133049361061246,False,27.199626601,0.0
Burnet,6.8935788242000005,19.0,39.45592,45.0,16.4,,1480,13.971490607,6430,13.8,68.921883489,66.46124,1505:1,63813,62.825572218,49653,50.90303841166667,55.67251462,2022,83.945006903,20.687571748,357.0,428.0,25.0,594.0,0.913284132841328,0.9151291512915132,0.9317343173431732,0.9188191881918816,0.9169741697416977,0.9169741697416977,0.1264,0.1929,0.0847,0.53,Moderate Vulnerability,0.7,High Concern,1505.0,1.0,large,rural,20.687571748,0.0,5.96637375055,1.0,594.0,0.0,590.4559739921733,60.46174748411168,810.0,1027200.000003444,0.07885514018665149,False,68.921883489,0.0
Caldwell,8.69926838715,12.0,27.48259,41.0,18.6,5.6038105912,1591,15.162489279,6230,14.8,42.916038319,47.75006,2094:1,66128,72.841949048,43979,49.41058834566667,42.292334367,2022,77.217946856,22.817708452,471.0,558.0,33.5,659.0,0.9689213893967092,0.9542961608775138,0.9762340036563072,0.9725776965265082,0.9725776965265082,0.9652650822669102,0.124,0.188,0.0827,0.87,Very High Vulnerability,0.97,Very High Concern,2094.0,1.0,large,urban,22.817708452,0.0,5.6038105912,0.0,659.0,0.0,655.3070888203991,71.87469936390198,1062.5,1003500.0000105081,0.10587942202181107,False,42.916038319,0.0
Calhoun,7.13471392395,11.0,51.66745,33.0,21.4,,730,13.888888889,3050,14.1,42.275863047,76.18685,1313:1,58470,61.276041667,21001,48.52694082233333,44.731303494,2022,79.444375234,23.775058331,186.0,231.0,20.0,228.0,0.9894366197183097,0.97887323943662,0.9859154929577464,0.9929577464788736,0.9894366197183097,0.9894366197183097,0.1065,0.1663,0.0699,0.86,Very High Vulnerability,0.88,Very High Concern,1313.0,1.0,medium,urban,23.775058331,0.0,5.96637375055,1.0,228.0,0.0,226.6396667848746,82.06859930505917,437.0,499300.000009331,0.08752253154252619,False,42.275863047,0.0
Callahan,11.3573012155,1.0,7.17206,40.0,19.0,,370,11.649874055,2080,15.0,,56.69738,1764:1,54862,53.922345483,14110,50.442263077999996,72.179562906,2022,76.265822785,21.176470588,126.0,145.5,12.5,155.0,0.9274611398963732,0.9378238341968912,0.9533678756476685,0.9222797927461136,0.9274611398963732,0.9222797927461136,0.1278,0.1901,0.086,0.3,Low Vulnerability,0.8,High Concern,1764.0,1.0,medium,rural,21.176470588,0.0,5.96637375055,1.0,155.0,0.0,154.07521206866474,81.77824213790286,284.0,298799.99999668,0.09504685408405474,True,41.965456189,1.0
Cameron,8.2441132295,210.0,49.626270000000005,41.0,34.6,5.0383674846,17765,13.850015982,73730,17.5,78.355916189,82.27638999999999,1215:1,44440,85.376196594,424180,51.12661403433333,8.4208064596,2022,63.020603617,29.513649866,4733.0,6701.0,4962.0,6112.0,0.9763870224611252,0.9794586292954502,0.987713572662699,0.9786907275868688,0.9771549241697064,0.975235169898253,0.105,0.1701,0.0683,0.98,Very High Vulnerability,0.98,Very High Concern,1215.0,1.0,large,very urban,29.513649866,0.0,5.0383674846,0.0,6112.0,0.0,6081.205497934125,77.8299631809494,16396.0,12519100.00015988,0.13096788107604068,False,78.355916189,0.0
Camp,7.0489095939999995,11.0,84.00794,35.0,24.8,,500,14.302059497,2080,16.2,30.709870992,38.28484,2612:1,43130,77.017615731,13060,51.309837589000004,61.478912991,2022,75.538116592,26.003062787,148.0,171.0,5.0,163.0,0.9617834394904456,0.9617834394904456,0.974522292993631,0.974522292993631,0.9617834394904456,0.9554140127388536,0.1285,0.1874,0.0874,0.9,Very High Vulnerability,0.98,Very High Concern,2612.0,1.0,medium,rural,26.003062787,0.0,5.96637375055,1.0,163.0,0.0,162.02748107866034,91.34252968368351,324.0,339599.99999822,0.09540636042452834,False,30.709870992,0.0
Carson,5.5833823352500005,,,48.0,10.7,,194,13.25136612,730,12.2,,187.90571,532:1,66597,33.164983165,5854,49.787681855333325,95.195729537,2022,78.559176672,23.009907755,46.0,58.5,7.5,60.0,0.9473684210526312,0.9789473684210528,0.9789473684210528,0.9684210526315788,0.9578947368421056,0.9578947368421056,0.1241,0.1883,0.0824,0.03,Very Low Vulnerability,0.6,High Concern,532.0,1.0,small,very rural,23.009907755,0.0,5.96637375055,1.0,60.0,0.0,59.642017574967,77.12683418561474,112.0,134699.99999777,0.08314773571035945,True,41.965456189,1.0
Cass,8.32216052465,7.0,23.31313,35.0,25.6,,707,10.327198364,5270,17.5,36.636058161,56.896150000000006,1758:1,50595,62.876737051,29879,51.544434168,74.011948529,2022,75.4138104,22.206231802,189.0,207.5,7.5,293.0,0.9504950495049506,0.9554455445544556,0.9653465346534652,0.9554455445544556,0.952970297029703,0.9554455445544556,0.1356,0.2056,0.0926,0.78,High Vulnerability,0.98,Very High Concern,1758.0,1.0,medium,rural,22.206231802,0.0,5.96637375055,1.0,293.0,0.0,291.25185249108887,64.89229111625397,404.0,663500.0000119581,0.06088922381201489,False,36.636058161,0.0
Castro,7.393797997449999,1.0,13.28021,28.0,20.4,,439,19.792605951,900,11.8,,54.08329,1849:1,55139,65.521327014,7396,48.62038385366666,45.757876457,2022,73.48455221,28.637101136,93.0,88.0,5.0,110.0,0.9411764705882352,0.92156862745098,0.9705882352941174,0.9509803921568633,0.9509803921568633,0.92156862745098,0.1241,0.1883,0.0824,0.78,High Vulnerability,0.99,Very High Concern,1849.0,1.0,small,urban,28.637101136,0.0,5.96637375055,1.0,110.0,0.0,109.3436988874395,85.05291200706131,186.0,211800.00000185598,0.08781869688308314,True,41.965456189,1.0
Chambers,7.9107015421,5.0,11.40589,34.0,11.0,,1560,12.181789786,5300,12.8,12.562612314,52.64312,1900:1,89991,36.765153823,45590,49.44102009899999,45.720310007,2022,85.896537221,28.194779557,576.0,653.0,29.0,675.0,0.9703389830508472,0.9731638418079096,0.9774011299435028,0.9675141242937852,0.9717514124293788,0.961864406779661,0.1377,0.2028,0.0929,0.41,Moderate Vulnerability,0.79,High Concern,1900.0,1.0,large,urban,28.194779557,0.0,5.96637375055,1.0,675.0,0.0,670.9726977183788,85.84551978920597,1258.0,1285400.00000363,0.0978683678229693,False,12.562612314,0.0
Cherokee,7.4538846908,22.0,41.78855,42.0,24.4,8.3349486335,1875,13.786764706,7840,15.0,36.356376801,49.17258,2034:1,45894,65.896836808,52875,48.835021734,63.048480677,2022,78.82416397,25.172576832,537.0,640.0,17.5,679.0,0.9753694581280788,0.981937602627258,0.9868637110016424,0.9835796387520525,0.981937602627258,0.9753694581280788,0.1282,0.1918,0.0871,0.92,Very High Vulnerability,0.94,Very High Concern,2034.0,1.0,large,rural,25.172576832,0.0,8.3349486335,0.0,679.0,0.0,673.3405698778535,79.75161812950226,1194.5,1330999.999992,0.08974455296823287,False,36.356376801,0.0
Childress,9.3575258256,10.0,136.8738,25.0,24.1,,220,15.30967293,1170,16.1,,125.99748,794:1,45473,54.311926606,7143,38.755208102000005,33.148700469,2022,77.59965338,18.493630127,45.5,48.0,0.0,72.0,1.0,0.986301369863014,1.0,1.0,1.0,1.0,0.1241,0.1883,0.0824,0.75,High Vulnerability,0.92,Very High Concern,794.0,1.0,small,urban,18.493630127,0.0,5.96637375055,1.0,72.0,0.0,71.5704210899604,63.57374919285272,93.5,132099.999997161,0.07077971234065816,True,41.965456189,1.0
Clay,5.01632921425,4.0,38.20074,47.0,14.6,,314,14.403669725,1610,15.5,,18.95735,5275:1,62763,47.136829415,10550,49.992010257333334,74.600074405,2022,79.129598461,19.383886256,78.5,98.0,0.0,91.0,0.964285714285714,1.0,0.964285714285714,0.9910714285714288,0.964285714285714,0.955357142857143,0.1293,0.1898,0.087,0.32,Low Vulnerability,0.68,High Concern,5275.0,1.0,medium,rural,19.383886256,0.0,5.96637375055,1.0,91.0,0.0,90.45705998869995,86.78150717014941,176.5,204500.0000008,0.08630806845932006,True,41.965456189,1.0
Cochran,7.6570300708,2.0,70.10165,22.0,29.4,,144,18.997361478,490,16.9,,69.03693,1449:1,44584,68.398876404,2897,49.59572947866667,100.0,2022,71.832358674,26.855367622,27.5,40.5,2.5,52.0,0.9069767441860468,0.9302325581395352,0.9534883720930236,0.9069767441860468,0.9069767441860468,0.9069767441860468,0.1143,0.1758,0.0766,0.86,Very High Vulnerability,0.99,Very High Concern,1449.0,1.0,small,very rural,26.855367622,0.0,5.96637375055,1.0,52.0,0.0,51.6897485649714,53.2020386313814,70.5,77800.000000934,0.09061696657988899,True,41.965456189,1.0
Coke,6.4866291344,,,51.0,18.0,,121,16.133333333,510,15.5,,0.0,3323:0,51050,52.6,3323,50.53952592866667,100.0,2022,73.476923077,20.58380981,17.5,25.0,2.5,35.0,0.9487179487179488,0.9230769230769232,0.9487179487179488,0.9487179487179488,0.9487179487179488,0.9487179487179488,0.1235,0.1873,0.0822,0.62,High Vulnerability,0.91,Very High Concern,3323.0,0.0,small,very rural,20.58380981,0.0,5.96637375055,1.0,35.0,0.0,34.79117691873075,50.30010925148788,45.0,68399.99999863001,0.06578947368552823,True,41.965456189,1.0
Coleman,10.6793112945,5.0,61.16208,26.0,28.1,,309,17.913043478,1340,16.1,22.872433266,37.03704,2700:1,43623,70.716009654,8100,49.348104834999994,51.545812254,2022,76.030927835,20.592592593,63.5,81.5,0.0,85.0,0.9777777777777776,0.9666666666666665,0.9777777777777776,0.9777777777777776,0.9777777777777776,0.9777777777777776,0.1278,0.1901,0.086,0.42,Moderate Vulnerability,0.94,Very High Concern,2700.0,1.0,small,urban,20.592592593,0.0,5.96637375055,1.0,85.0,0.0,84.49285823120324,75.15428088163483,145.0,166800.0000033,0.08693045563377176,False,22.872433266,0.0
Collin,7.6310665769,1044.0,100.89589,56.0,6.7,4.3124346118,24796,8.7766305752,107700,11.1,31.384781793,80.03216,1249:1,101560,25.903504667,1072069,50.629538884666665,5.2427266371,2022,94.228141593,25.333257468,6984.0,8716.0,988.0,12808.0,0.9483316049533338,0.9416214237784424,0.9568718355395598,0.9496736411883122,0.9502836576587564,0.9436954797779544,0.083,0.1234,0.0542,0.15,Very Low Vulnerability,0.49,Moderate Concern,1249.0,1.0,large,very urban,25.333257468,0.0,4.3124346118,0.0,12808.0,0.0,12752.766337492065,54.76458844437245,16688.0,27159000.00046129,0.061445561323011,False,31.384781793,0.0
Collingsworth,7.74523641495,1.0,34.24658,14.0,25.5,,173,23.035952064,460,15.4,,139.03372,719:1,47885,64.385964912,2877,51.20608820866667,100.0,2022,67.444120505,25.929787974,25.0,37.0,0.0,27.0,0.9375,0.9375,0.9375,0.9375,0.9375,0.9375,0.1241,0.1883,0.0824,0.89,Very High Vulnerability,0.98,Very High Concern,719.0,1.0,small,very rural,25.929787974,0.0,5.96637375055,1.0,27.0,0.0,26.83890790873515,93.1483504657183,62.0,74600.000001198,0.08310991956971092,True,41.965456189,1.0
Colorado,8.59583176505,10.0,46.52678,36.0,18.4,,932,18.199570396,2480,11.7,23.78858233,32.39241,3087:1,52726,66.535874439,21610,49.705339847000005,62.613777906,2022,73.327062618,23.493752892,215.0,241.0,17.5,258.0,0.9586466165413532,0.9548872180451128,0.9624060150375936,0.9586466165413532,0.9586466165413532,0.9548872180451128,0.1114,0.1704,0.0738,0.68,High Vulnerability,0.93,Very High Concern,3087.0,1.0,medium,rural,23.493752892,0.0,5.96637375055,1.0,258.0,0.0,256.4606755723581,83.83351541914645,473.5,507699.99999612,0.09326373842891839,False,23.78858233,0.0
Comal,7.72082940415,104.0,66.57746999999999,46.0,9.4,5.9625982474,4309,11.661389408,17230,12.2,51.448206932,74.63049000000001,1340:1,79290,33.643587668,164812,50.42309413866667,46.145549082,2022,91.378741802,22.234424678,1329.0,1391.0,54.0,1912.0,0.9488233096750092,0.9521852820321252,0.9592827792304816,0.9514381770638776,0.9529323870003736,0.9510646245797536,0.0937,0.1369,0.0619,0.24,Low Vulnerability,0.64,High Concern,1340.0,1.0,large,urban,22.234424678,0.0,5.9625982474,0.0,1912.0,0.0,1900.5995121509711,69.92530470009049,2774.0,3664500.000030536,0.07569927684477784,False,51.448206932,0.0
Comanche,6.78562164165,7.0,51.33847,27.0,24.0,,525,16.940948693,1910,14.1,57.889102564,50.90909,1964:1,47282,66.719745223,13750,50.059909725000004,71.461285244,2022,75.092319055,22.305454545,160.0,165.0,7.5,176.0,0.9548022598870056,0.966101694915254,0.9717514124293788,0.9548022598870056,0.9548022598870056,0.9491525423728812,0.1278,0.1901,0.086,0.73,High Vulnerability,0.92,Very High Concern,1964.0,1.0,medium,rural,22.305454545,0.0,5.96637375055,1.0,176.0,0.0,174.9499182199032,91.45474409361431,332.5,306699.99999375,0.10841212911860962,False,57.889102564,0.0
Concho,8.000261233,1.0,36.68379,46.0,20.9,,83,16.147859922,420,13.0,,70.74637,1414:1,47412,68.764044944,2827,40.671037567333336,100.0,2022,73.97260274,18.040325433,20.0,25.0,0.0,13.0,1.0,1.0,1.0,1.0,1.0,1.0,0.1235,0.1873,0.0822,0.43,Moderate Vulnerability,0.96,Very High Concern,1414.0,1.0,small,very rural,18.040325433,0.0,5.96637375055,1.0,13.0,0.0,12.92243714124285,154.769566927655,45.0,50999.999999091,0.08823529411921972,True,41.965456189,1.0
Cooke,6.2096217732,12.0,29.08597,43.0,16.1,,1517,15.369807497,5880,14.7,60.852143308,86.97123,1150:1,66323,54.986914801,41393,50.14501858466667,59.03426386,2022,77.656149388,23.472567825,429.0,564.0,17.5,491.0,0.9389179755671904,0.9371727748691102,0.9581151832460733,0.9528795811518324,0.9458987783595116,0.9476439790575916,0.1317,0.1945,0.0881,0.62,High Vulnerability,0.85,Very High Concern,1150.0,1.0,large,rural,23.472567825,0.0,5.96637375055,1.0,491.0,0.0,488.07051048847995,87.89713592215193,1010.5,971599.999980225,0.10400370523060587,False,60.852143308,0.0
Coryell,8.4914651579,14.0,18.43294,29.0,16.8,7.1075401731,1551,8.8572897036,12230,16.3,35.700258261,56.03554999999999,1785:1,58398,55.780842814,76737,50.18547179233334,19.423515679,2022,87.493280774,22.306058355,594.0,682.0,27.5,974.0,0.9680196801968016,0.9643296432964332,0.9753997539975402,0.9630996309963102,0.9680196801968016,0.959409594095941,0.1264,0.1929,0.0847,0.78,High Vulnerability,0.82,Very High Concern,1785.0,1.0,large,very urban,22.306058355,0.0,7.1075401731,0.0,974.0,0.0,967.0772558714006,61.422186944595936,1303.5,1711699.999987635,0.07615236314829796,False,35.700258261,0.0
Cottle,,0.0,0.0,19.0,31.7,,53,15.915915916,380,23.1,,0.0,1363:0,44430,68.0,1363,51.44009281466666,100.0,2022,68.421052632,21.790168745,15.0,15.0,0.0,,1.0,1.0,1.0,1.0,1.0,1.0,0.1293,0.1898,0.087,0.94,Very High Vulnerability,1.0,Very High Concern,1363.0,0.0,small,very rural,21.790168745,0.0,5.96637375055,1.0,213.5,1.0,212.22617920425756,7.067931042363636,30.0,29699.999999435,0.10101010101202258,True,41.965456189,1.0
Crane,8.3669869563,1.0,20.84636,12.0,12.9,,224,15.352981494,400,8.3,,20.98636,4765:1,67547,43.441226576,4765,49.433074393,10.697142857,2022,72.266666667,28.625393494,54.5,71.5,7.5,71.0,0.9714285714285712,0.9523809523809528,0.9809523809523812,0.9809523809523812,0.9809523809523812,0.9619047619047616,0.1166,0.1765,0.0789,0.47,Moderate Vulnerability,0.93,Very High Concern,4765.0,1.0,small,very urban,28.625393494,0.0,5.96637375055,1.0,71.0,0.0,70.57638746371094,77.22129448467857,133.5,136399.99999891,0.09787390029403725,True,41.965456189,1.0
Crockett,8.7513651941,1.0,28.868360000000003,24.0,17.7,,134,15.056179775,430,12.4,,0.0,3513:0,54458,46.7324291,3513,49.759647621666666,22.748050551,2022,66.857962697,25.277540564,29.5,36.5,7.5,32.0,1.0,1.0,1.0,1.0,1.0,1.0,0.1235,0.1873,0.0822,0.69,High Vulnerability,0.9,Very High Concern,3513.0,0.0,small,very urban,25.277540564,0.0,5.96637375055,1.0,32.0,0.0,31.8090760399824,92.74082643243077,73.5,88800.000001332,0.08277027026902872,True,41.965456189,1.0
Crosby,8.67525125405,2.0,34.86143,45.0,30.3,,200,13.157894737,970,16.6,1.9528269164,53.88898999999999,1856:1,42804,81.474480151,5567,50.142645502,100.0,2022,78.690080683,25.597269625,39.0,76.5,0.0,71.0,0.9444444444444444,0.9444444444444444,0.9583333333333336,0.9305555555555556,0.9444444444444444,0.9444444444444444,0.1143,0.1758,0.0766,0.94,Very High Vulnerability,0.99,Very High Concern,1856.0,1.0,small,very rural,25.597269625,0.0,5.96637375055,1.0,71.0,0.0,70.57638746371094,55.2592749523388,115.5,142500.000002375,0.0810526315775965,False,1.9528269164,0.0
Culberson,7.9791923823,1.0,46.06172,16.0,29.4,,86,17.234468938,420,19.0,,93.06654,1075:1,47479,78.497409326,2149,49.93859936066667,100.0,2022,54.790419162,22.801302932,22.5,22.0,2.5,32.0,1.0,1.0,1.0,1.0,1.0,1.0,0.1166,0.1765,0.0789,1.0,Very High Vulnerability,1.0,Very High Concern,1075.0,1.0,small,very rural,22.801302932,0.0,5.96637375055,1.0,32.0,0.0,31.8090760399824,70.73452863490482,47.0,49000.000000868,0.09591836734523965,True,41.965456189,1.0
Dallam,6.50280545295,5.0,68.61534,29.0,16.0,,634,26.616288833,940,12.9,,151.24433,661:1,55253,72.084130019,7273,47.44439874133334,23.541697747,2022,76.791808874,32.655025437,90.5,146.0,12.5,142.0,0.923529411764706,0.8823529411764706,0.9529411764705882,0.923529411764706,0.9352941176470588,0.9117647058823528,0.1241,0.1883,0.0824,0.55,Moderate Vulnerability,0.92,Very High Concern,661.0,1.0,small,very urban,32.655025437,0.0,5.96637375055,1.0,142.0,0.0,141.1527749274219,64.11492798957258,249.0,237500.000003301,0.10484210526170071,True,41.965456189,1.0
Dallas,8.5016924295,1863.0,70.68824,51.0,20.1,6.3617250733,109538,15.722044563,364840,14.0,51.204936365,124.62593,802:1,65770,73.320643047,2635888,50.57802083466667,0.6883041916,2022,84.90331883,25.562770497,20053.0,30572.0,4064.0,37228.0,0.916867037006329,0.9318464472265984,0.9517176574634496,0.9201005997291544,0.920349335323218,0.9114777658016192,0.1078,0.1697,0.0704,0.75,High Vulnerability,0.83,Very High Concern,802.0,1.0,large,very urban,25.562770497,0.0,6.3617250733,0.0,37228.0,0.0,36991.165698971185,54.21024079962348,54689.0,67380599.99979633,0.08116431138957698,False,51.204936365,0.0
Dawson,9.9642981539,5.0,39.28347,31.0,24.4,,444,13.265610995,2370,18.5,20.624120279,53.95406,1853:1,47233,66.666666667,12974,44.91339312466667,16.294368539,2022,77.404063205,25.450901804,113.5,135.0,10.0,154.0,0.9032258064516128,0.9483870967741936,0.9741935483870968,0.929032258064516,0.9225806451612902,0.9096774193548388,0.1235,0.1873,0.0822,0.95,Very High Vulnerability,1.0,Very High Concern,1853.0,1.0,medium,very urban,25.450901804,0.0,5.96637375055,1.0,154.0,0.0,153.0811784424153,74.14366753303732,258.5,330200.000005096,0.07828588733979726,False,20.624120279,0.0
DeWitt,8.43814224005,11.0,54.56349,34.0,27.6,,649,13.956989247,3010,14.8,33.345890873,59.4825,1681:1,53899,66.063853539,20174,47.30451178766666,49.624322038,2022,67.888025795,22.474472093,175.0,230.0,12.5,213.0,,,,,,,0.1134,0.1709,0.0762,0.82,Very High Vulnerability,0.97,Very High Concern,1681.0,1.0,medium,urban,22.474472093,0.0,5.96637375055,1.0,213.0,0.0,211.72916239113286,82.65276168084861,417.5,453400.000004182,0.0920820467569804,False,33.345890873,0.0
Deaf Smith,7.36069072385,2.0,10.784,37.0,22.6,,830,14.207463198,2380,12.7,,114.89851,870:1,51412,80.3870043,18277,50.005331012999996,17.711129465,2022,79.035189162,30.967883132,260.0,309.0,22.5,313.0,0.9681528662420388,0.974522292993631,0.9808917197452232,0.9904458598726118,0.9777070063694268,0.9713375796178344,0.1241,0.1883,0.0824,0.84,Very High Vulnerability,0.9,Very High Concern,870.0,1.0,medium,very urban,30.967883132,0.0,5.96637375055,1.0,313.0,0.0,311.13252501607786,83.56567671173704,591.5,566000.000003564,0.10450530035269884,True,41.965456189,1.0
Delta,6.40829127955,1.0,18.75821,44.0,21.5,,165,12.790697674,950,18.1,61.653200746,56.08525,1783:1,50456,60.397196262,5349,50.446658977999995,100.0,2022,69.554695063,23.06973266,30.0,39.0,0.0,81.0,1.0,0.9852941176470588,1.0,1.0,1.0,1.0,0.1283,0.1937,0.0866,0.57,Moderate Vulnerability,0.85,Very High Concern,1783.0,1.0,small,very rural,23.06973266,0.0,5.96637375055,1.0,81.0,0.0,80.51672372620546,37.25934018628731,69.0,123399.99999834,0.055915721232518804,False,61.653200746,0.0
Denton,7.403689914899999,479.0,53.98966,54.0,7.6,4.2977309677,22582,9.9096885175,93820,11.3,40.090277784,73.09719,1368:1,90880,32.847341868,919324,50.74168776833333,6.9058305439,2022,93.371592062,23.866667247,6837.0,8190.0,671.0,11506.0,0.9098013676326928,0.9115380440681649,0.931618365353305,0.9117551286225988,0.910778248127646,0.9017692391186368,0.0949,0.1412,0.0617,0.22,Low Vulnerability,0.63,High Concern,1368.0,1.0,large,very urban,23.866667247,0.0,4.2977309677,0.0,11506.0,0.0,11456.550307485644,59.677650047351015,15698.0,21941200.000181027,0.07154576777874722,False,40.090277784,0.0
Dickens,13.6620714035,1.0,45.2284,31.0,27.7,,69,16.428571429,400,18.1,,46.72897,2140:1,42034,68.695652174,2140,44.40909063033333,100.0,2022,82.694541231,17.056074766,25.0,25.0,0.0,18.0,0.8666666666666669,0.9333333333333336,1.0,0.9333333333333336,1.0,0.9333333333333336,0.1143,0.1758,0.0766,0.88,Very High Vulnerability,0.93,Very High Concern,2140.0,1.0,small,very rural,17.056074766,0.0,5.96637375055,1.0,18.0,0.0,17.8926052724901,139.7225256985774,50.0,36499.99999924,0.13698630137271534,True,41.965456189,1.0
Dimmit,8.1242010361,4.0,39.51008,39.0,34.4,,323,10.964019009,2100,20.1,,80.60453,1241:1,42788,74.683544304,9925,51.057034274333326,39.475790316,2022,65.261170548,28.141057935,95.0,152.0,270.5,116.0,1.0,1.0,1.0,1.0,1.0,1.0,0.107,0.1724,0.0705,1.0,Very High Vulnerability,0.99,Very High Concern,1241.0,1.0,medium,urban,28.141057935,0.0,5.96637375055,1.0,116.0,0.0,115.3079006449362,82.38810998088532,517.5,279300.000004875,0.18528464016862417,True,41.965456189,1.0
Donley,10.313190862150002,,,19.0,24.8,,107,16.31097561,520,15.6,50.436046512,120.91898,827:1,57526,54.320987654,3308,50.89722902366666,100.0,2022,67.038690476,19.92140266,27.5,28.5,0.0,18.0,0.9148936170212768,0.9148936170212768,0.9148936170212768,0.9148936170212768,0.9148936170212768,0.9148936170212768,0.1241,0.1883,0.0824,0.45,Moderate Vulnerability,0.82,Very High Concern,827.0,1.0,small,very rural,19.92140266,0.0,5.96637375055,1.0,18.0,0.0,17.8926052724901,153.69477826843516,56.0,65899.99999928,0.08497723824068563,False,50.436046512,0.0
Duval,8.809027877750001,,,36.0,32.1,,337,11.697327317,1930,17.2,,45.21613,2212:1,40601,79.765949415,11058,48.64094476533333,67.042946868,2022,65.688288817,26.035449448,87.0,134.0,0.0,144.0,0.9575757575757576,0.9454545454545455,0.9636363636363638,0.9212121212121211,0.9575757575757576,0.9575757575757576,0.1146,0.1867,0.0742,1.0,Very High Vulnerability,1.0,Very High Concern,2212.0,1.0,medium,rural,26.035449448,0.0,5.96637375055,1.0,144.0,0.0,143.1408421799208,60.779298678881176,221.0,287899.999995984,0.07676276484997664,True,41.965456189,1.0
Eastland,8.068252882549999,5.0,27.233120000000003,37.0,23.2,,603,15.204236006,3260,17.8,47.508972565,54.38329,1839:1,50317,61.843515541,18388,50.01063597666666,60.345477049,2022,72.338606242,21.051772895,185.0,203.5,10.0,204.0,0.9211822660098524,0.940886699507389,0.9605911330049264,0.911330049261084,0.916256157635468,0.916256157635468,0.1278,0.1901,0.086,0.81,Very High Vulnerability,0.98,Very High Concern,1839.0,1.0,medium,rural,21.051772895,0.0,5.96637375055,1.0,204.0,0.0,202.7828597548878,91.23059030907115,398.5,387099.99999325996,0.10294497546033028,False,47.508972565,0.0
Ector,9.05852446675,99.0,59.55854,40.0,17.9,5.5278348498,8046,15.456431535,18420,11.5,39.488149644,93.0227,1075:1,62669,52.722920407,167701,48.97327434933334,9.4552614308,2022,84.131189135,30.531123845,2279.0,2836.0,300.0,3015.0,0.937905844155844,0.935470779220779,0.968344155844156,0.9500811688311688,0.9496753246753248,0.940340909090909,0.1113,0.171,0.0731,0.79,High Vulnerability,0.88,Very High Concern,1075.0,1.0,large,very urban,30.531123845,0.0,5.5278348498,0.0,3015.0,0.0,2998.333577927853,76.00888762934163,5415.0,5120099.9999303445,0.10575965313321357,False,39.488149644,0.0
Edwards,7.0967741935,1.0,51.75983,30.0,31.8,,81,18.75,250,13.1,,0.0,1923:0,45330,65.700483092,1923,47.05165608533333,100.0,2022,48.284625159,22.256890276,25.0,17.5,5.0,20.0,0.9428571428571432,0.9714285714285712,0.9714285714285712,0.9714285714285712,0.9714285714285712,0.9714285714285712,0.107,0.1724,0.0705,0.44,Moderate Vulnerability,0.92,Very High Concern,1923.0,0.0,small,very rural,22.256890276,0.0,5.96637375055,1.0,20.0,0.0,19.880672524989,125.7502731287197,47.5,42800.000000748,0.11098130840927539,True,41.965456189,1.0
El Paso,8.5127032601,419.0,49.92624,31.0,22.7,4.4294285811,27003,11.734567499,121760,14.6,51.955968232,89.74356,1114:1,48522,75.909332025,841286,50.504465473,2.1743664811,2022,82.664747024,26.530930029,6825.0,9589.0,5589.0,11597.0,0.9288590604026848,0.9521572387344202,0.9562799616490896,0.9320230105465002,0.9275167785234898,0.9285714285714288,0.0965,0.1577,0.0608,0.95,Very High Vulnerability,0.96,Very High Concern,1114.0,1.0,large,very urban,26.530930029,0.0,4.4294285811,0.0,11597.0,0.0,11545.631916744984,59.11326507907716,22003.0,22320100.000377294,0.09857930743871249,False,51.955968232,0.0
Ellis,7.217302296650001,76.0,41.11976,52.0,11.1,5.8931377685,6519,12.748357322,20050,11.5,35.942945446,65.18565,1534:1,79849,48.252319109,191760,50.58134996733333,31.975135352,2022,90.065489318,26.35951189,2074.0,2275.0,70.5,2820.0,0.9480980012894904,0.9461637653127014,0.960348162475822,0.95357833655706,0.9539007092198578,0.9484203739522888,0.1147,0.169,0.0766,0.39,Low Vulnerability,0.7,High Concern,1534.0,1.0,large,urban,26.35951189,0.0,5.8931377685,0.0,2820.0,0.0,2803.38135149283,73.98208591548106,4419.5,5054700.0000264,0.08743347775292139,False,35.942945446,0.0
Erath,6.739046054299999,24.0,56.20872,48.0,15.5,6.160164271,1483,16.321813779,6200,14.8,79.694197952,55.52471,1801:1,61453,53.559711286,43224,51.002369597666664,46.320929005,2022,86.678819323,20.870349806,362.0,454.0,22.5,520.0,0.9789719626168224,0.9626168224299064,0.976635514018692,0.9813084112149536,0.9789719626168224,0.9742990654205608,0.1134,0.1689,0.0762,0.63,High Vulnerability,0.87,Very High Concern,1801.0,1.0,large,urban,20.870349806,0.0,6.160164271,0.0,520.0,0.0,516.79671457908,70.04688493324525,838.5,902100.000014544,0.09294978383621343,False,79.694197952,0.0
Falls,9.4831982393,2.0,11.5627,35.0,25.2,,478,13.003264418,3310,19.1,46.098823333,57.88712,1728:1,44590,75.195822454,17275,52.62685714933334,67.356990932,2022,68.083573487,21.105643994,138.0,200.0,5.0,185.0,0.9553072625698328,0.9720670391061456,0.9888268156424582,0.9720670391061456,0.9720670391061456,0.9664804469273748,0.1248,0.188,0.085,0.98,Very High Vulnerability,0.99,Very High Concern,1728.0,1.0,medium,rural,21.105643994,0.0,5.96637375055,1.0,185.0,0.0,183.89622085614826,75.0423251535711,343.0,364599.99999635003,0.09407569939754079,False,46.098823333,0.0
Fannin,7.922075143300001,7.0,19.71054,43.0,17.5,,1110,14.212548015,5100,14.8,40.200701224,47.33662,2113:1,59746,56.998043749,35913,46.736487743666665,70.529264337,2022,74.699378581,21.184529279,309.0,318.0,20.0,371.0,0.9192708333333336,0.9244791666666664,0.9557291666666664,0.9322916666666664,0.9244791666666664,0.9192708333333336,0.1317,0.1945,0.0881,0.58,Moderate Vulnerability,0.86,Very High Concern,2113.0,1.0,medium,rural,21.184529279,0.0,5.96637375055,1.0,371.0,0.0,368.7864753385459,83.78832214937873,647.0,760799.999996727,0.08504206098879909,False,40.200701224,0.0
Fayette,7.1183654531,8.0,31.56317,47.0,14.4,,894,16.919000757,3350,13.3,22.112172227,58.71531,1703:1,63713,47.517730496,25547,50.68245331433334,67.137737232,2022,65.393556958,20.178494539,192.0,209.0,12.5,242.0,0.957142857142857,0.975,0.9785714285714282,0.9678571428571432,0.957142857142857,0.960714285714286,0.124,0.188,0.0827,0.44,Moderate Vulnerability,0.84,Very High Concern,1703.0,1.0,medium,rural,20.178494539,0.0,5.96637375055,1.0,242.0,0.0,240.5561375523669,79.81504939079068,413.5,515499.99998783297,0.08021338506493882,False,22.112172227,0.0
Fisher,10.871886121,1.0,26.10966,10.0,17.6,,143,16.686114352,600,15.6,18.079693759,105.70825,946:1,52828,55.635062612,3784,49.98165805666667,100.0,2022,75.596658711,21.405919662,27.5,45.5,0.0,31.0,0.9459459459459464,0.9729729729729732,0.9729729729729732,0.9459459459459464,0.9459459459459464,0.9459459459459464,0.1278,0.1901,0.086,0.43,Moderate Vulnerability,0.91,Very High Concern,946.0,1.0,small,very rural,21.405919662,0.0,5.96637375055,1.0,31.0,0.0,30.81504241373295,89.2421293171559,73.0,81000.000001008,0.09012345678900192,False,18.079693759,0.0
Floyd,9.42016109925,3.0,52.52101,34.0,29.5,,242,15.633074935,760,13.0,43.037974684,88.15233,1134:1,44256,77.01048951,5672,49.678575153333334,53.319888303,2022,73.580586081,25.81100141,43.5,63.0,0.0,63.0,0.9852941176470588,0.9852941176470588,0.9852941176470588,0.9852941176470588,0.9852941176470588,0.9852941176470588,0.1143,0.1758,0.0766,0.83,Very High Vulnerability,0.97,Very High Concern,1134.0,1.0,small,urban,25.81100141,0.0,5.96637375055,1.0,63.0,0.0,62.62411845371535,69.46205563300707,106.5,146399.99999752,0.07274590164057657,False,43.037974684,0.0
Foard,,0.0,0.0,33.0,29.9,,44,18.181818182,180,14.4,,88.10573,1135:1,40955,77.391304348,1135,52.185786436,100.0,2022,68.958742633,18.766519824,15.0,17.5,0.0,,1.0,1.0,1.0,1.0,1.0,1.0,0.1293,0.1898,0.087,0.48,Moderate Vulnerability,0.93,Very High Concern,1135.0,1.0,small,very rural,18.766519824,0.0,5.96637375055,1.0,213.5,1.0,212.22617920425756,7.067931042363636,32.5,21300.00000024,0.1525821596226939,True,41.965456189,1.0
Fort Bend,8.6908903902,688.0,84.76163,50.0,9.4,4.1503001556,22621,9.6381794787,72370,9.5,47.06376717,77.52713,1290:1,97210,37.955971875,839706,50.85756334333333,5.5357676703,2022,93.851364685,27.058399011,8000.0,9552.0,988.0,9587.0,0.9506343713956168,0.9655132641291811,0.960322952710496,0.95040369088812,0.96320645905421,0.9463667820069206,0.0795,0.1228,0.0524,0.29,Low Vulnerability,0.54,Moderate Concern,1290.0,1.0,large,very urban,27.058399011,0.0,4.1503001556,0.0,9587.0,0.0,9547.211072408263,83.79410426066988,18540.0,22721099.999930765,0.08159816206106436,False,47.06376717,0.0
Franklin,6.4898646136,3.0,27.97203,43.0,20.4,,361,13.954387321,1520,14.1,67.750839768,27.72387,3607:1,58927,59.949302915,10821,50.23558151333333,69.12776992,2022,84.393939394,22.964605859,82.0,106.5,12.5,103.0,1.0,0.9912280701754382,1.0,1.0,1.0,1.0,0.1283,0.1937,0.0866,0.53,Moderate Vulnerability,0.79,High Concern,3607.0,1.0,medium,rural,22.964605859,0.0,5.96637375055,1.0,103.0,0.0,102.38546350369334,80.08949434217487,201.0,248500.000000239,0.08088531187114957,False,67.750839768,0.0
Freestone,7.88569133865,6.0,30.43059,37.0,16.7,,666,14.409346603,3430,17.4,22.623845474,45.2853,2208:1,54502,59.107192064,19874,48.005844183,66.476584578,2022,68.467933492,22.59233169,155.0,199.0,2.5,212.0,0.96031746031746,0.9484126984126984,0.96031746031746,0.96031746031746,0.964285714285714,0.964285714285714,0.1248,0.188,0.085,0.84,Very High Vulnerability,0.97,Very High Concern,2208.0,1.0,medium,rural,22.59233169,0.0,5.96637375055,1.0,212.0,0.0,210.7351287648834,73.55204654698699,356.5,449000.00000706,0.07939866369585623,False,22.623845474,0.0
Frio,10.1185588542,4.0,19.69861,34.0,28.8,,596,12.319140141,3000,15.1,,78.51219,1274:1,47007,80.837563452,20379,40.600008368,22.181564733,2022,65.268564092,22.694931056,137.0,155.5,5.0,209.0,0.9793814432989688,0.9793814432989688,0.9896907216494844,0.9742268041237112,0.9793814432989688,0.9742268041237112,0.1146,0.174,0.0756,0.99,Very High Vulnerability,0.99,Very High Concern,1274.0,1.0,medium,very urban,22.694931056,0.0,5.96637375055,1.0,209.0,0.0,207.75302788613504,65.9436838990798,297.5,462499.999990224,0.06432432432568397,True,41.965456189,1.0
Gaines,5.7172043772,2.0,9.30579,27.0,19.8,,2294,28.721672718,2720,13.1,52.94243756,22.73141,4399:1,63528,56.761803148,21996,49.184789314999996,63.043478261,2022,80.333446751,36.406619385,197.0,262.0,34.0,467.0,0.8285714285714288,0.819047619047619,0.8317460317460318,0.8285714285714288,0.8158730158730159,0.8285714285714288,0.1166,0.1765,0.0789,0.68,High Vulnerability,0.99,Very High Concern,4399.0,1.0,medium,rural,36.406619385,0.0,5.96637375055,1.0,467.0,0.0,464.21370345849317,42.43735127427456,493.0,800799.99999246,0.061563436564016215,False,52.94243756,0.0
Galveston,8.554481244249999,261.0,76.28478,47.0,14.1,4.7870295957,9688,11.262366166,46810,14.1,48.013386483,102.00267,980:1,78465,47.353076326,345089,50.81005473833333,6.1498271595,2022,88.811859046,23.905137515,2997.0,3894.0,200.0,3881.0,0.9553896892900536,0.9538274605103282,0.9678875195278598,0.9609442805068564,0.95764624197188,0.9538274605103282,0.1049,0.1574,0.0689,0.58,Moderate Vulnerability,0.73,High Concern,980.0,1.0,large,very urban,23.905137515,0.0,4.7870295957,0.0,3881.0,0.0,3862.421538139088,77.59380923098188,7091.0,8249399.999913835,0.08595776662634938,False,48.013386483,0.0
Garza,9.1291103828,1.0,16.053939999999997,35.0,23.4,,148,14.41090555,940,15.5,38.598698163,16.072,6222:1,50934,68.008474576,6222,34.30176324,22.334004024,2022,82.545242265,16.200578592,31.0,35.5,2.5,55.0,0.9636363636363638,0.9636363636363638,0.9636363636363638,0.9636363636363638,0.9636363636363638,0.9636363636363638,0.1143,0.1758,0.0766,0.72,High Vulnerability,0.96,Very High Concern,6222.0,1.0,small,very urban,16.200578592,0.0,5.96637375055,1.0,55.0,0.0,54.67184944371975,56.701941338040875,69.0,100799.99999942399,0.06845238095277212,False,38.598698163,0.0
Gillespie,7.769396166,33.0,122.27657,54.0,15.2,,1168,20.890717224,3500,13.2,,63.05638,1586:1,64365,50.82010582,26960,51.29175107933333,53.653822925,2022,83.14232902,19.56231454,158.0,250.0,25.0,248.0,0.9028776978417264,0.89568345323741,0.9100719424460432,0.9064748201438848,0.9064748201438848,0.89568345323741,0.1008,0.1475,0.0669,0.36,Low Vulnerability,0.61,High Concern,1586.0,1.0,medium,rural,19.56231454,0.0,5.96637375055,1.0,248.0,0.0,246.5203393098636,64.09207469141197,433.0,527399.9999984,0.08210087220351037,True,41.965456189,1.0
Glasscock,,0.0,0.0,42.0,9.9,,70,18.469656992,170,11.3,,0.0,1439:0,85001,32.679738562,1439,45.23074519266667,100.0,2022,85.747126437,24.878387769,15.0,27.5,0.0,17.0,0.9333333333333336,0.9333333333333336,0.9333333333333336,0.9333333333333336,0.9333333333333336,0.8666666666666669,0.1235,0.1873,0.0822,0.18,Very Low Vulnerability,0.81,Very High Concern,1439.0,0.0,small,very rural,24.878387769,0.0,5.96637375055,1.0,17.0,0.0,16.89857164624065,88.76489867909625,42.5,35799.999999591,0.11871508380023896,True,41.965456189,1.0
Goliad,7.397840092099999,,,42.0,20.8,,226,13.688673531,1020,13.5,25.614202223,13.11303,7626:1,54970,51.023502654,7626,50.49992726600001,100.0,2022,67.746478873,20.194072908,41.5,49.0,2.5,75.0,0.9397590361445782,0.9397590361445782,0.9518072289156624,0.9518072289156624,0.9518072289156624,0.9518072289156624,0.1134,0.1709,0.0762,0.58,Moderate Vulnerability,0.97,Very High Concern,7626.0,1.0,small,very rural,20.194072908,0.0,5.96637375055,1.0,75.0,0.0,74.55252196870875,55.66545423831325,93.0,153999.999996408,0.06038961039101895,False,25.614202223,0.0
Gonzales,8.7235446435,8.0,38.39324,37.0,22.3,,888,15.56802244,2850,13.8,32.867319504,62.05843,1611:1,55363,75.817757009,20948,49.41397250333333,65.279951532,2022,77.213663764,26.689898797,212.0,229.0,12.5,298.0,0.975,0.975,0.9785714285714282,0.975,0.975,0.975,0.1134,0.1709,0.0762,0.9,Very High Vulnerability,0.98,Very High Concern,1611.0,1.0,medium,rural,26.689898797,0.0,5.96637375055,1.0,298.0,0.0,296.2220206223361,71.56794067996933,453.5,559099.999999556,0.08111250223580042,False,32.867319504,0.0
Gray,6.91086132535,10.0,45.69131,45.0,18.0,,833,14.588441331,3520,15.7,74.1690297,55.406780000000005,1805:1,54141,58.462694041,21658,46.209119525,19.387619259,2022,76.794593905,24.859174439,186.0,230.0,12.5,240.0,0.952755905511811,0.9606299212598424,0.9685039370078736,0.9488188976377953,0.952755905511811,0.952755905511811,0.1241,0.1883,0.0824,0.84,Very High Vulnerability,0.95,Very High Concern,1805.0,1.0,medium,very urban,24.859174439,0.0,5.96637375055,1.0,240.0,0.0,238.568070299868,77.96516933980621,428.5,538399.999999862,0.07958766716198176,False,74.1690297,0.0
Grayson,7.86429854665,62.0,45.51728,51.0,20.8,6.3785823376,4853,14.536033068,20780,15.9,43.363208633,93.26335,1072:1,59554,54.843292938,138318,51.084136801999996,43.150475277,2022,78.987167271,23.642620628,1282.0,1706.0,82.5,1687.0,0.9373354397051084,0.9399684044233806,0.9568193786203264,0.939441811479726,0.9368088467614532,0.9310163243812531,0.1317,0.1945,0.0881,0.66,High Vulnerability,0.79,High Concern,1072.0,1.0,large,urban,23.642620628,0.0,6.3785823376,0.0,1687.0,0.0,1676.239331596469,76.48072538537853,3070.5,3270200.000023704,0.0938933398562089,False,43.363208633,0.0
Gregg,8.3247069373,107.0,86.32861,49.0,26.3,7.5115870225,4496,13.850040047,20510,16.6,34.926050453,160.993,621:1,51394,62.659967769,124229,51.276689435,13.36235932,2022,83.152856586,25.553614695,1011.0,1173.0,51.5,1735.0,0.9511784511784512,0.9601571268237936,0.9685746352413024,0.9567901234567896,0.9567901234567896,0.9511784511784512,0.1265,0.1924,0.0851,0.88,Very High Vulnerability,0.79,High Concern,621.0,1.0,large,very urban,25.553614695,0.0,7.5115870225,0.0,1735.0,0.0,1721.9673965159625,58.7119130156323,2235.5,3174499.999945155,0.07042053866872333,False,34.926050453,0.0
Grimes,9.105063086400001,8.0,27.700830000000003,49.0,20.6,,1084,16.386999244,4210,15.0,43.89797853,33.76781,2961:1,57795,64.20552677,29614,45.47925981233334,68.903172455,2022,77.460351944,21.895049639,296.0,295.0,20.0,359.0,0.9710144927536232,0.9507246376811592,0.9768115942028984,0.9710144927536232,0.9710144927536232,0.9652173913043478,0.1225,0.1864,0.0827,0.86,Very High Vulnerability,0.9,Very High Concern,2961.0,1.0,medium,rural,21.895049639,0.0,5.96637375055,1.0,359.0,0.0,356.85807182355256,82.94614116122791,611.0,648400.0000093459,0.09423195558161523,False,43.89797853,0.0
Guadalupe,8.0362646716,50.0,29.96758,36.0,10.7,5.3183169091,4794,11.037690236,17550,11.0,45.784990773,42.20201,2370:1,78909,42.122515156,170608,50.42095325733334,26.16225586,2022,88.87991384,24.487714527,1521.0,1632.0,60.5,2099.0,0.9654974123059232,0.9637722829212187,0.9741230592294422,0.9689476710753312,0.9723979298447384,0.966647498562392,0.1024,0.1543,0.0667,0.43,Moderate Vulnerability,0.77,High Concern,2370.0,1.0,large,very urban,24.487714527,0.0,5.3183169091,0.0,2099.0,0.0,2087.836852807799,72.85051980735486,3213.5,4177800.0000224165,0.07691847383749241,False,45.784990773,0.0
Hale,9.1065508495,11.0,32.92822,37.0,24.6,,1302,14.262241209,4730,14.0,43.217151832,67.16737,1489:1,46589,75.851872712,32754,47.619967284000005,23.099826317,2022,75.881704629,26.619649508,367.0,402.0,22.5,442.0,0.9785202863961816,0.9880668257756564,0.992840095465394,0.9856801909307876,0.9809069212410504,0.9832935560859184,0.1143,0.1758,0.0766,0.93,Very High Vulnerability,0.97,Very High Concern,1489.0,1.0,medium,very urban,26.619649508,0.0,5.96637375055,1.0,442.0,0.0,439.3628628022569,83.53004568007262,791.5,871899.9999850319,0.0907787590335575,False,43.217151832,0.0
Hall,11.6343229775,,,27.0,36.7,,106,15.844544096,580,19.2,,34.02518,2939:1,36654,78.494623656,2939,50.49570838533333,100.0,2022,70.207667732,20.959510037,22.5,31.0,0.0,21.0,0.84375,0.84375,0.84375,0.84375,0.84375,0.8125,0.1241,0.1883,0.0824,0.95,Very High Vulnerability,1.0,Very High Concern,2939.0,1.0,small,very rural,20.959510037,0.0,5.96637375055,1.0,21.0,0.0,20.87470615123845,107.78594839604546,53.5,61599.999998743006,0.08685064935242161,True,41.965456189,1.0
Hamilton,6.9896029102,8.0,94.55147,23.0,20.9,,359,18.815513627,1430,17.1,,81.80436999999999,1222:1,52840,53.748558247,8557,50.167263547999994,64.377128097,2022,74.26005986,21.339254412,67.0,105.0,2.5,74.0,0.988636363636364,0.988636363636364,0.988636363636364,0.988636363636364,0.988636363636364,0.988636363636364,0.1264,0.1929,0.0847,0.61,High Vulnerability,0.78,High Concern,1222.0,1.0,small,rural,21.339254412,0.0,5.96637375055,1.0,74.0,0.0,73.5584883424593,91.08398161755913,174.5,182600.000003484,0.09556407447791378,True,41.965456189,1.0
Hansford,6.0462470217,3.0,55.56585,45.0,15.4,,402,23.914336704,840,15.2,,75.77193,1320:1,61059,57.337151038,5279,49.156953910333336,40.334936754,2022,75.632060247,29.266906611,36.5,73.5,7.5,71.0,0.9125,0.9375,0.9625,0.925,0.9375,0.925,0.1241,0.1883,0.0824,0.76,High Vulnerability,0.83,Very High Concern,1320.0,1.0,small,urban,29.266906611,0.0,5.96637375055,1.0,71.0,0.0,70.57638746371094,51.717013737445285,117.5,154499.999999469,0.07605177993553647,True,41.965456189,1.0
Hardeman,5.4388784948,5.0,127.12942,34.0,23.6,,166,19.168591224,660,16.6,,49.86288,2006:1,63479,81.680440771,4011,49.44218118766667,100.0,2022,70.813397129,21.366242832,35.0,39.0,5.0,38.0,1.0,1.0,1.0,1.0,1.0,1.0,0.1293,0.1898,0.087,0.73,High Vulnerability,0.96,Very High Concern,2006.0,1.0,small,very rural,21.366242832,0.0,5.96637375055,1.0,38.0,0.0,37.7732777974791,92.65809598958292,79.0,85699.999999152,0.09218203033930186,True,41.965456189,1.0
Hardin,8.79466290455,12.0,20.83261,43.0,12.9,6.2578222778,1643,11.162443101,8850,15.6,72.798951919,60.02916,1666:1,69151,47.208500326,58305,50.70624250633333,51.547542784,2022,83.684160846,24.406140125,455.0,549.0,27.0,647.0,0.9483793517406964,0.9519807923169268,0.965186074429772,0.95078031212485,0.95078031212485,0.95078031212485,0.1338,0.1949,0.0899,0.25,Low Vulnerability,0.81,Very High Concern,1666.0,1.0,large,urban,24.406140125,0.0,6.2578222778,0.0,647.0,0.0,642.9511889862634,70.76742492962728,1031.0,1422999.999988125,0.07245256500411833,False,72.798951919,0.0
Harris,8.747909698299999,2788.0,59.15145,47.0,23.3,5.9292286292,186257,14.545873422,644710,13.9,50.848828382,104.89098,953:1,61906,68.174797696,4738253,50.30075522166666,1.2132803285,2022,86.860208993,26.275718076,49002.0,59987.0,8638.0,66112.0,0.920837525150905,0.9376257545271628,0.9454539738430584,0.917410714285714,0.91807092555332,0.9136066398390342,0.1057,0.1669,0.0691,0.72,High Vulnerability,0.79,High Concern,953.0,1.0,large,very urban,26.275718076,0.0,5.9292286292,0.0,66112.0,0.0,65720.00683686633,74.56176948008442,117627.0,124501000.00076123,0.0944787592061757,False,50.848828382,0.0
Harrison,8.139958563899999,20.0,30.05124,46.0,21.9,6.8382220623,2196,12.913848868,10430,15.7,45.665664738,64.77269,1544:1,55198,47.736709899,66386,50.968874011666664,56.054303607,2022,72.677320582,24.728105323,554.0,562.0,28.5,795.0,0.9596174282678002,0.9606801275239104,0.971307120085016,0.9628055260361316,0.9628055260361316,0.9564293304994688,0.1276,0.1901,0.0861,0.73,High Vulnerability,0.94,Very High Concern,1544.0,1.0,large,rural,24.728105323,0.0,6.8382220623,0.0,795.0,0.0,789.5636134604715,70.1653407724741,1144.5,1641599.999972678,0.06971856725262235,False,45.665664738,0.0
Hartley,6.58644743395,,,40.0,9.1,,257,21.239669421,670,11.8,,,,74686,65.855039638,5443,39.649489847,57.258330584,2022,85.097575399,21.091309939,33.5,45.0,17.5,75.0,0.9130434782608696,0.9565217391304348,1.0,0.9130434782608696,0.9130434782608696,0.9130434782608696,0.1241,0.1883,0.0824,0.53,Moderate Vulnerability,0.74,High Concern,,,small,rural,21.091309939,0.0,5.96637375055,1.0,75.0,0.0,74.55252196870875,44.934764264662505,96.0,114799.999997977,0.08362369338126456,True,41.965456189,1.0
Haskell,7.84752298455,3.0,53.022270000000006,38.0,25.6,,162,16.463414634,1040,18.2,5.5975525434,17.37921,5754:1,44847,73.987730061,5754,46.583232622666664,47.61824038,2022,71.97039778,17.257559958,40.0,48.0,0.0,33.0,0.9636363636363638,0.9454545454545455,0.9818181818181818,0.9636363636363638,0.9818181818181818,0.9636363636363638,0.1278,0.1901,0.086,0.98,Very High Vulnerability,0.99,Very High Concern,5754.0,1.0,small,urban,17.257559958,0.0,5.96637375055,1.0,33.0,0.0,32.80310966623185,121.93965879148575,88.0,99299.99999833202,0.08862034239826604,False,5.5975525434,0.0
Hays,7.11880538295,98.0,42.57334,49.0,9.9,3.6802174159,6390,11.620294599,25610,12.0,49.043805255,61.73223,1620:1,77511,46.116541259,241365,50.264969396333335,31.712145226,2022,87.259527658,22.772150063,2275.0,2504.0,148.5,3250.0,0.9577224684623252,0.9566996249573816,0.9635185816570064,0.9597681554722132,0.9611319468121382,0.9560177292874188,0.1018,0.157,0.0664,0.49,Moderate Vulnerability,0.73,High Concern,1620.0,1.0,large,urban,22.772150063,0.0,3.6802174159,0.0,3250.0,0.0,3238.039293398325,70.2585668011578,4927.5,5496399.999955995,0.08964958882249201,False,49.043805255,0.0
Hemphill,5.05620279445,4.0,104.73946,31.0,14.5,,250,20.576131687,480,12.1,,79.42812,1259:1,65718,40.476190476,3777,50.07072817433334,26.95035461,2022,80.973451327,30.050304474,27.5,42.0,0.0,30.0,0.982142857142857,0.982142857142857,0.982142857142857,0.982142857142857,0.982142857142857,0.982142857142857,0.1241,0.1883,0.0824,0.74,High Vulnerability,0.8,Very High Concern,1259.0,1.0,small,very urban,30.050304474,0.0,5.96637375055,1.0,30.0,0.0,29.8210087874835,92.2168669610611,69.5,113499.99999829801,0.06123348017712968,True,41.965456189,1.0
Henderson,7.6316301449,25.0,30.216230000000003,52.0,22.6,8.6275762901,2479,13.715834901,13820,17.0,54.833479654,52.51098,1904:1,52660,67.036435786,83792,50.98807309466667,60.110528192,2022,78.896647603,21.202501432,631.0,809.0,25.0,967.0,0.94921875,0.951171875,0.9609375,0.95703125,0.953125,0.9541015625,0.1398,0.2105,0.0948,0.72,High Vulnerability,0.9,Very High Concern,1904.0,1.0,large,rural,21.202501432,0.0,8.6275762901,0.0,967.0,0.0,958.6571337274733,65.82123866814936,1465.0,1776599.9999901438,0.08246088033367822,False,54.833479654,0.0
Hidalgo,8.41041992955,402.0,46.27567,45.0,32.5,4.3081601622,41968,14.877837807,153810,18.0,83.638571377,94.72121,1056:1,46653,85.765984729,875200,50.870369751,5.1386929524,2022,72.829857552,31.794104205,9505.0,12929.0,2009.0,14400.0,0.9694026498989444,0.9784976420390749,0.9883786211542784,0.9728273074331912,0.9716483269705818,0.9685043790702894,0.1074,0.1741,0.0695,0.98,Very High Vulnerability,0.99,Very High Concern,1056.0,1.0,large,very urban,31.794104205,0.0,4.3081601622,0.0,14400.0,0.0,14337.96249366432,66.29254333870718,24443.0,27826200.000216,0.08784167439251592,False,83.638571377,0.0
Hill,7.7612586187999995,9.0,24.55729,38.0,20.4,,1179,13.508249313,5450,15.3,47.745960301,45.9385,2177:1,56565,63.524962179,37006,50.09289291833333,76.266066289,2022,81.533526806,22.980057288,333.0,374.0,17.5,431.0,0.9295454545454545,0.9431818181818182,0.9477272727272726,0.9272727272727274,0.9318181818181818,0.925,0.1248,0.188,0.085,0.87,Very High Vulnerability,0.93,Very High Concern,2177.0,1.0,large,rural,22.980057288,0.0,5.96637375055,1.0,431.0,0.0,428.42849291351297,77.72592288048938,724.5,850399.999999728,0.08519520225778829,False,47.745960301,0.0
Hockley,9.3185638147,14.0,60.81404,34.0,19.5,,844,13.777342475,3320,14.4,41.846530848,52.35374,1910:1,55469,61.847555924,22921,50.14864262433334,39.847394811,2022,76.756287944,25.932550936,248.0,271.0,12.5,285.0,0.9672131147540984,0.96448087431694,0.9754098360655736,0.9754098360655736,0.9726775956284152,0.9672131147540984,0.1143,0.1758,0.0766,0.9,Very High Vulnerability,0.97,Very High Concern,1910.0,1.0,medium,urban,25.932550936,0.0,5.96637375055,1.0,285.0,0.0,283.29958348109324,87.53983925872978,531.5,594400.0000040559,0.08941790040315836,False,41.846530848,0.0
Hood,7.1435175922,29.0,47.045080000000006,51.0,14.8,7.3042684319,1719,12.73805113,7860,13.5,76.495585704,59.81708999999999,1672:1,85449,51.538547611,63527,51.09785982066666,32.845531632,2022,88.119750162,20.594392935,576.0,630.0,27.5,666.0,0.8526170798898072,0.8994490358126722,0.9269972451790636,0.849862258953168,0.8526170798898072,0.8484848484848486,0.1134,0.1689,0.0762,0.26,Low Vulnerability,0.66,High Concern,1672.0,1.0,large,urban,20.594392935,0.0,7.3042684319,0.0,666.0,0.0,661.1353572243546,87.12285520747545,1233.5,1308299.999981745,0.09428265688429346,False,76.495585704,0.0
Hopkins,7.311765029,11.0,29.66239,48.0,18.9,,1374,14.839615509,5640,15.5,54.260671509,96.8523,1033:1,53634,60.256965497,37170,50.70725531866666,59.62572168,2022,82.647624686,24.272262577,233.0,267.0,17.5,459.0,0.9864559819413088,0.9864559819413088,0.9977426636568848,0.9932279909706544,0.9909706546275392,0.9864559819413088,0.1283,0.1937,0.0866,0.71,High Vulnerability,0.76,High Concern,1033.0,1.0,large,rural,24.272262577,0.0,5.96637375055,1.0,459.0,0.0,456.26143444849754,51.067213314146734,517.5,902199.99998709,0.05735978718769731,False,54.260671509,0.0
Houston,9.220066515900001,4.0,17.41553,39.0,27.7,,603,13.142981691,4110,17.9,38.683084853,61.30939,1631:1,45989,69.972451791,22835,46.38160987566667,73.487274566,2022,67.342725285,19.483249398,167.0,203.0,25.0,257.0,0.9136690647482014,0.9352517985611511,0.949640287769784,0.9352517985611511,0.9280575539568344,0.9208633093525178,0.1365,0.206,0.093,0.91,Very High Vulnerability,0.97,Very High Concern,1631.0,1.0,medium,rural,19.483249398,0.0,5.96637375055,1.0,257.0,0.0,255.46664194610864,65.37056999998813,395.0,444900.00000333006,0.08878399640302168,False,38.683084853,0.0
Howard,9.77502601015,10.0,27.27471,37.0,17.8,,998,12.175186044,5620,15.5,44.230992106,112.2058,891:1,58445,52.832428765,36540,42.49161041066667,20.064549297,2022,79.20556632,21.483305966,263.0,427.0,10.0,379.0,0.9361702127659576,0.9404255319148936,0.9680851063829788,0.9659574468085108,0.9595744680851064,0.9638297872340424,0.1235,0.1873,0.0822,0.92,Very High Vulnerability,0.97,Very High Concern,891.0,1.0,medium,very urban,21.483305966,0.0,5.96637375055,1.0,379.0,0.0,376.73874434854156,69.8096503068143,700.0,784999.99999764,0.08917197452256108,False,44.230992106,0.0
Hudspeth,10.957108072499999,,,26.0,33.1,,231,22.669283611,770,17.3,,,,40666,86.979166667,4906,46.730011389333335,100.0,2022,58.828748891,19.832857725,37.5,72.0,15.0,25.0,0.9,0.9666666666666665,1.0,0.9333333333333336,0.9333333333333336,0.9333333333333336,0.1166,0.1765,0.0789,0.98,Very High Vulnerability,0.98,Very High Concern,,,small,very rural,19.832857725,0.0,5.96637375055,1.0,25.0,0.0,24.85084065623625,150.90032775446363,124.5,97299.99999885,0.12795477903542804,True,41.965456189,1.0
Hunt,8.63748593305,30.0,30.42782,42.0,17.6,7.3944103271,2941,12.153897016,15270,16.2,49.705929091,76.14695999999999,1313:1,53760,58.014697439,99807,50.652321341333334,56.631332072,2022,82.756875819,23.663670885,1025.0,1221.0,41.5,1475.0,0.9634703196347032,0.9607305936073064,0.9707762557077628,0.9689497716894976,0.9680365296803648,0.9625570776255704,0.1122,0.1653,0.0743,0.83,Very High Vulnerability,0.87,Very High Concern,1313.0,1.0,large,rural,23.663670885,0.0,7.3944103271,0.0,1475.0,0.0,1464.0932447675275,70.00920219140497,2287.5,2361800.000019195,0.09685409433404221,False,49.705929091,0.0
Hutchinson,9.0364891351,6.0,28.65603,40.0,15.4,,810,14.586709887,3460,16.2,65.519667941,53.19921000000001,1880:1,62536,51.694708608,20677,49.455207681,22.564334086,2022,83.163698049,24.858538473,169.0,230.0,15.0,215.0,0.9330985915492956,0.9507042253521124,0.9401408450704224,0.9401408450704224,0.936619718309859,0.9295774647887322,0.1241,0.1883,0.0824,0.66,High Vulnerability,0.86,Very High Concern,1880.0,1.0,medium,very urban,24.858538473,0.0,5.96637375055,1.0,215.0,0.0,213.71722964363175,79.07645082326931,414.0,514000.000006221,0.08054474708073722,False,65.519667941,0.0
Irion,10.957910014500001,0.0,0.0,45.0,7.4,,49,13.315217391,230,14.1,,0.0,1564:0,73776,35.254237288,1564,49.10804048933333,100.0,2022,65.880503145,21.803069054,10.0,7.5,0.0,18.0,0.894736842105263,0.894736842105263,0.894736842105263,0.894736842105263,0.894736842105263,0.894736842105263,0.1235,0.1873,0.0822,0.2,Low Vulnerability,0.88,Very High Concern,1564.0,0.0,small,very rural,21.803069054,0.0,5.96637375055,1.0,18.0,0.0,17.8926052724901,55.88901027943097,17.5,34100.000000456006,0.05131964809315536,True,41.965456189,1.0
Jack,7.30913006135,4.0,44.767770000000006,37.0,18.4,,364,18.12749004,1390,15.7,,55.21201000000001,1811:1,56028,65.278628291,9056,43.609792227666674,53.217602831,2022,73.745661092,21.643109541,73.5,82.5,2.5,96.0,0.9528301886792452,0.9716981132075472,1.0,0.9528301886792452,0.9528301886792452,0.9528301886792452,0.1293,0.1898,0.087,0.65,High Vulnerability,0.98,Very High Concern,1811.0,1.0,small,urban,21.643109541,0.0,5.96637375055,1.0,96.0,0.0,95.4272281199472,77.02204229134081,158.5,196000.000003296,0.08086734693741562,True,41.965456189,1.0
Jackson,7.10025186545,2.0,13.55014,39.0,17.5,,645,16.517285531,2190,14.8,34.328414959,74.05413,1350:1,56101,54.262144821,14854,50.158654537,61.818827709,2022,76.401299756,25.380368924,183.0,202.0,5.0,209.0,0.9791666666666664,0.9916666666666668,0.9916666666666668,0.9958333333333336,0.9875,0.9916666666666668,0.1134,0.1709,0.0762,0.68,High Vulnerability,0.93,Very High Concern,1350.0,1.0,medium,rural,25.380368924,0.0,5.96637375055,1.0,209.0,0.0,207.75302788613504,88.08535878490221,390.0,376999.99999709596,0.10344827586286584,False,34.328414959,0.0
Jasper,8.22841028525,12.0,33.77523,36.0,24.9,,1020,11.759280609,6340,17.9,64.676083695,67.84452,1474:1,51153,62.576687117,35375,50.385687469333334,78.185382246,2022,73.624772313,23.239575972,217.0,342.0,7.5,401.0,0.9057471264367816,0.9241379310344826,0.935632183908046,0.9218390804597704,0.9241379310344826,0.9195402298850576,0.1428,0.2169,0.0983,0.82,Very High Vulnerability,0.92,Very High Concern,1474.0,1.0,medium,rural,23.239575972,0.0,5.96637375055,1.0,401.0,0.0,398.6074841260295,54.43951973851805,566.5,822100.0000095001,0.06890889186150756,False,64.676083695,0.0
Jeff Davis,9.2592592593,1.0,43.97537,22.0,59.7,,17,20.238095238,220,10.0,,45.04505,2220:1,55718,45.833333333,2220,49.061504310000004,100.0,2022,63.16851665,6.3063063063,15.0,7.5,2.5,14.0,1.0,0.888888888888889,1.0,0.888888888888889,1.0,0.888888888888889,0.1166,0.1765,0.0789,0.36,Low Vulnerability,0.89,Very High Concern,2220.0,1.0,small,very rural,6.3063063063,0.0,5.96637375055,1.0,14.0,0.0,13.9164707674923,107.78594839604546,25.0,13999.999999986,0.17857142857160715,True,41.965456189,1.0
Jefferson,10.214458423,134.0,53.26655,42.0,25.9,8.6384204031,7233,11.73369239,42130,16.6,53.32229461,133.93196,747:1,48808,66.204902868,250127,48.68041327133333,8.4020089348,2022,78.405948177,24.240485833,2239.0,3133.0,310.0,3263.0,0.9521711768407805,0.9509125235997484,0.97136563876652,0.9612964128382628,0.9584644430459408,0.9540591567023284,0.1231,0.1913,0.0827,0.86,Very High Vulnerability,0.95,Very High Concern,747.0,1.0,large,very urban,24.240485833,0.0,8.6384204031,0.0,3263.0,0.0,3234.8128342246846,69.21575110346811,5682.0,6063199.999950792,0.09371289088346277,False,53.32229461,0.0
Jim Hogg,8.4633698775,1.0,19.23077,33.0,30.5,,146,9.0683229814,970,18.5,,,,41620,84.995663487,5184,48.48313894433333,17.396226415,2022,57.605177994,30.13117284,32.0,48.5,0.0,52.0,0.9367088607594938,0.9240506329113924,0.962025316455696,0.8607594936708862,0.9873417721518988,0.8354430379746839,0.1146,0.1867,0.0742,0.99,Very High Vulnerability,1.0,Very High Concern,,,small,very urban,30.13117284,0.0,5.96637375055,1.0,52.0,0.0,51.6897485649714,61.90782677106199,80.5,156200.00000256,0.05153649167649211,True,41.965456189,1.0
Jim Wells,10.267409926,9.0,22.2321,40.0,32.9,4.8959608323,1337,11.739397664,6610,16.1,,76.63404,1305:1,48773,77.417342483,40452,50.38197734766667,40.085214751,2022,65.366759517,27.135864729,411.0,504.0,15.0,546.0,0.9759036144578316,0.967871485943775,0.9799196787148594,0.9759036144578316,0.9759036144578316,0.969879518072289,0.0992,0.1603,0.0642,0.92,Very High Vulnerability,0.99,Very High Concern,1305.0,1.0,large,urban,27.135864729,0.0,4.8959608323,0.0,546.0,0.0,543.3268053855642,75.64508062662944,930.0,1097700.0000175082,0.08472260180242021,True,41.965456189,1.0
Johnson,6.789890111349999,77.0,43.79554,48.0,11.7,6.3472563473,6366,13.397310436,21590,12.9,46.219005832,66.82445,1496:1,67382,51.723361751,179575,49.99150212566667,37.874170167,2022,87.914879011,25.79256578,1655.0,1931.0,78.5,2401.0,0.944778362133734,0.9470323065364392,0.9560480841472576,0.9455296769346356,0.9470323065364392,0.94290007513148,0.1346,0.1961,0.0907,0.51,Moderate Vulnerability,0.73,High Concern,1496.0,1.0,large,urban,25.79256578,0.0,6.3472563473,0.0,2401.0,0.0,2385.760237510133,69.36992133489571,3664.5,4631699.9999435,0.07911781851252675,False,46.219005832,0.0
Jones,7.335561603,6.0,29.87601,32.0,21.2,,507,13.970790851,3030,15.2,36.418941016,40.25157,2484:1,47019,61.786508525,19875,37.079857532666665,85.14998515,2022,79.277364506,17.6,152.0,174.0,5.0,168.0,0.952127659574468,0.9680851063829788,0.9680851063829788,0.952127659574468,0.952127659574468,0.952127659574468,0.1278,0.1901,0.086,0.63,High Vulnerability,0.97,Very High Concern,2484.0,1.0,medium,very rural,17.6,0.0,5.96637375055,1.0,168.0,0.0,166.9976492099076,91.01924531221616,331.0,349800.0,0.09462550028587764,False,36.418941016,0.0
Karnes,8.18652248975,4.0,25.63938,44.0,22.9,,482,14.023858016,2040,13.1,31.185464654,38.55546,2594:1,56006,66.381766382,15562,41.40852982166667,38.390447922,2022,69.969244288,21.925202416,115.0,119.5,0.0,140.0,0.976470588235294,0.9823529411764704,0.9823529411764704,0.9647058823529412,0.9823529411764704,0.9647058823529412,0.1134,0.1709,0.0762,0.84,Very High Vulnerability,0.97,Very High Concern,2594.0,1.0,medium,urban,21.925202416,0.0,5.96637375055,1.0,140.0,0.0,139.164707674923,82.63589377030152,234.5,341199.999997792,0.06872801875777185,False,31.185464654,0.0
Kaufman,8.2038393166,35.0,25.70619,51.0,12.7,5.1059484299,4341,10.998505156,15990,12.9,39.17079701,51.6767,1935:1,76352,52.933961655,143198,50.68886362466666,48.817610063,2022,85.136478324,28.098157795,1724.0,1980.0,82.5,2768.0,0.9445438282647582,0.9490161001788908,0.9695885509839,0.9534883720930236,0.9521466905187836,0.9382826475849732,0.1236,0.185,0.0839,0.57,Moderate Vulnerability,0.77,High Concern,1935.0,1.0,large,urban,28.098157795,0.0,5.1059484299,0.0,2768.0,0.0,2753.866734746037,62.60288409195619,3786.5,4023599.9999284097,0.09410726712564299,False,39.17079701,0.0
Kendall,7.391787551349999,41.0,86.44135999999999,49.0,8.6,,1528,13.100137174,5010,11.4,59.826582556,127.77446,783:1,103216,24.493554328,48523,50.80897774933334,58.159233762,2022,92.359185881,22.811862416,314.0,258.0,27.5,443.0,0.9447058823529412,0.9482352941176472,0.9541176470588236,0.9458823529411764,0.9470588235294118,0.9447058823529412,0.1008,0.1475,0.0669,0.23,Low Vulnerability,0.47,Moderate Concern,783.0,1.0,large,rural,22.811862416,0.0,5.96637375055,1.0,443.0,0.0,440.35689642850633,71.30579821655618,599.5,1106900.000011568,0.05416026741293114,False,59.826582556,0.0
Kenedy,,0.0,0.0,38.0,13.8,,21,19.626168224,80,14.0,,0.0,379:0,45980,53.424657534,379,48.058778728666674,100.0,2022,50.387596899,17.678100264,2.5,2.5,0.0,,1.0,1.0,1.0,1.0,1.0,1.0,0.0992,0.1603,0.0642,0.73,High Vulnerability,0.99,Very High Concern,379.0,0.0,small,very rural,17.678100264,0.0,5.96637375055,1.0,213.5,1.0,212.22617920425756,1.177988507060606,5.0,6700.000000056,0.07462686567101803,True,41.965456189,1.0
Kent,,0.0,0.0,23.0,12.3,,20,12.121212121,120,19.0,,0.0,786:0,53472,39.053254438,786,48.917791876,100.0,2022,79.020979021,23.918575064,17.5,12.5,0.0,,0.8181818181818181,0.909090909090909,0.909090909090909,0.909090909090909,0.909090909090909,0.909090909090909,0.1278,0.1901,0.086,0.44,Moderate Vulnerability,0.91,Very High Concern,786.0,0.0,small,very rural,23.918575064,0.0,5.96637375055,1.0,213.5,1.0,212.22617920425756,8.245919549424242,30.0,18800.000000304,0.159574468082526,True,41.965456189,1.0
Kerr,8.23945554345,47.0,89.35361,50.0,16.5,6.0109289617,1686,16.479327534,7690,14.8,65.610099651,98.35631,1017:1,57425,59.463358338,52869,51.746628902666664,41.102267003,2022,85.731741705,18.7160718,343.0,477.0,22.5,501.0,0.9498997995991982,0.9398797595190382,0.9619238476953904,0.9539078156312624,0.9559118236472948,0.9398797595190382,0.1008,0.1475,0.0669,0.7,High Vulnerability,0.6,High Concern,1017.0,1.0,large,urban,18.7160718,0.0,6.0109289617,0.0,501.0,0.0,497.9885245901883,68.87708914221797,842.5,989499.9999942001,0.08514401212783611,False,65.610099651,0.0
Kimble,7.61093911245,4.0,92.22965,30.0,32.7,,126,15.6133829,820,18.7,,136.48772,733:1,47894,67.294520548,4396,50.903449468,44.302148904,2022,75.851550585,18.084622384,25.0,38.5,2.5,45.0,0.9565217391304348,0.9565217391304348,0.9782608695652174,0.9565217391304348,0.9782608695652174,0.9565217391304348,0.1235,0.1873,0.0822,0.59,Moderate Vulnerability,0.82,Very High Concern,733.0,1.0,small,urban,18.084622384,0.0,5.96637375055,1.0,45.0,0.0,44.73151318122525,55.88901027943097,66.0,79500.000000064,0.08301886792446148,True,41.965456189,1.0
King,,0.0,0.0,,21.3,,16,21.333333333,40,17.0,,0.0,283:0,78210,24.299065421,283,49.04430078666667,100.0,2022,92.222222222,26.855123675,2.5,5.0,0.0,,0.8,0.8,0.8,0.7333333333333332,0.8,0.7333333333333332,0.1143,0.1758,0.0766,0.2,Very Low Vulnerability,0.68,High Concern,283.0,0.0,small,very rural,26.855123675,0.0,5.96637375055,1.0,213.5,1.0,212.22617920425756,1.177988507060606,7.5,7600.000000025,0.09868421052599116,True,41.965456189,1.0
Kinney,7.3613445378,,,22.0,22.7,,93,12.774725275,660,17.9,,54.49591,1835:1,62557,58.391608392,3670,44.79609505033333,20.455808783,2022,59.254237288,19.264305177,23.5,32.0,0.0,35.0,0.9361702127659576,0.9361702127659576,0.9361702127659576,0.9361702127659576,0.9361702127659576,0.9361702127659576,0.107,0.1724,0.0705,0.86,Very High Vulnerability,0.98,Very High Concern,1835.0,1.0,small,very urban,19.264305177,0.0,5.96637375055,1.0,35.0,0.0,34.79117691873075,67.54586099485515,55.5,70699.99999959,0.07850070721403374,True,41.965456189,1.0
Kleberg,7.999384224349999,13.0,42.37288,34.0,30.0,,822,10.887417219,5390,17.4,45.950692161,49.44294,2023:1,51574,66.904851448,30338,49.058062923,18.870278532,2022,78.168761221,24.227041994,237.0,298.0,15.0,373.0,0.9797297297297296,0.983108108108108,0.9932432432432432,0.9898648648648648,0.9898648648648648,0.9898648648648648,0.0992,0.1603,0.0642,0.98,Very High Vulnerability,0.99,Very High Concern,2023.0,1.0,medium,very urban,24.227041994,0.0,5.96637375055,1.0,373.0,0.0,370.77454259104485,63.92024607293634,550.0,735000.000013972,0.07482993197136663,False,45.950692161,0.0
Knox,7.5459425786,1.0,27.29258,15.0,24.6,,188,19.183673469,550,15.0,40.805078335,135.75889,737:1,46053,63.751584284,3683,50.657875393666664,100.0,2022,78.766140603,26.282921531,30.0,38.5,0.0,39.0,0.9607843137254904,0.9607843137254904,0.9607843137254904,0.9607843137254904,0.9607843137254904,0.9607843137254904,0.1278,0.1901,0.086,0.8,High Vulnerability,0.93,Very High Concern,737.0,1.0,small,very rural,26.282921531,0.0,5.96637375055,1.0,39.0,0.0,38.76731142372855,77.3847834638275,68.5,96799.999998673,0.07076446281088745,False,40.805078335,0.0
La Salle,10.0239348302,,,27.0,28.3,,142,9.4919786096,1030,13.9,,120.0,833:1,45647,89.856169569,7500,40.838199164,46.354923032,2022,64.705882353,19.36,41.0,53.5,0.0,65.0,0.9887640449438202,,,,,,0.107,0.1724,0.0705,0.82,Very High Vulnerability,0.97,Very High Concern,833.0,1.0,small,urban,19.36,0.0,5.96637375055,1.0,65.0,0.0,64.61218570621425,63.455522440338555,94.5,145200.0,0.06508264462809918,True,41.965456189,1.0
Lamar,8.6355030484,22.0,44.12443,49.0,26.9,7.0609002648,1646,13.635987076,9000,18.1,38.622880279,134.25508,745:1,44688,63.740856844,49905,51.706396898,47.082923302,2022,69.957489372,23.729085262,555.0,641.0,20.0,615.0,0.9728867623604462,0.971291866028708,0.9760765550239237,0.9776714513556618,0.9760765550239237,0.971291866028708,0.1283,0.1937,0.0866,0.84,Very High Vulnerability,0.94,Very High Concern,745.0,1.0,large,urban,23.729085262,0.0,7.0609002648,0.0,615.0,0.0,610.657546337148,90.88563685637004,1216.0,1184200.0000001101,0.10268535720316559,False,38.622880279,0.0
Lamb,8.6308676044,5.0,38.78073,33.0,24.5,,606,16.819317236,2020,15.4,28.730108968,62.94255999999999,1589:1,48123,70.881629786,12710,50.26209081733333,57.687629677,2022,70.378240544,27.293469709,139.0,176.5,10.0,167.0,0.9746192893401018,0.9746192893401018,0.9949238578680204,0.9898477157360408,0.984771573604061,0.9898477157360408,0.1143,0.1758,0.0766,0.9,Very High Vulnerability,0.99,Very High Concern,1589.0,1.0,medium,rural,27.293469709,0.0,5.96637375055,1.0,167.0,0.0,166.00361558365816,83.7331159994828,325.5,346900.00000139,0.09383107523744473,False,28.730108968,0.0
Lampasas,5.94131632525,9.0,42.00112,25.0,18.0,,623,12.903893952,3150,15.1,37.154429022,36.71577,2724:1,69051,55.087906233,21789,50.639832225,68.267520455,2022,82.104052154,21.630180366,115.5,138.5,0.0,213.0,0.9411764705882352,0.9448529411764706,0.9522058823529412,0.948529411764706,0.948529411764706,0.948529411764706,0.1264,0.1929,0.0847,0.54,Moderate Vulnerability,0.88,Very High Concern,2724.0,1.0,medium,rural,21.630180366,0.0,5.96637375055,1.0,213.0,0.0,211.72916239113286,54.55082270936009,254.0,471299.999994774,0.05389348610286791,False,37.154429022,0.0
Lavaca,7.29463423845,14.0,69.46512,41.0,14.5,,736,15.060364232,2790,13.9,27.503020476,74.19865,1348:1,57999,39.453284374,20216,51.04356431233333,81.316513523,2022,78.479251012,23.402255639,188.0,187.5,12.5,244.0,0.9652406417112298,0.9625668449197864,0.9759358288770056,0.9732620320855616,0.9705882352941174,0.9705882352941174,0.1134,0.1709,0.0762,0.69,High Vulnerability,0.91,Very High Concern,1348.0,1.0,medium,very rural,23.402255639,0.0,5.96637375055,1.0,244.0,0.0,242.5442048048658,77.51164376458787,388.0,473099.999998024,0.08201225956491662,False,27.503020476,0.0
Lee,7.3858765027499995,4.0,23.2032,49.0,15.0,,584,15.753978959,2170,12.7,34.934938191,28.74059,3479:1,61444,61.162444113,17397,49.51749378333333,69.720683843,2022,79.525897061,21.394493303,166.0,206.0,15.0,220.0,0.9396226415094338,0.9471698113207548,0.9509433962264155,0.9509433962264155,0.943396226415094,0.9471698113207548,0.124,0.188,0.0827,0.68,High Vulnerability,0.88,Very High Concern,3479.0,1.0,medium,rural,21.394493303,0.0,5.96637375055,1.0,220.0,0.0,218.687397774879,75.90743759769988,387.0,372199.99999229104,0.10397635679957429,False,34.934938191,0.0
Leon,7.2654918501,,,44.0,17.9,,878,21.835364337,3070,17.8,38.937516062,28.58286,3499:1,52878,52.31511254,17493,50.154293155333335,100.0,2022,72.253912535,22.460412737,135.5,158.0,15.0,181.0,0.9785407725321889,0.9871244635193132,0.9871244635193132,0.9785407725321889,0.9785407725321889,0.969957081545064,0.1225,0.1864,0.0827,0.62,High Vulnerability,0.92,Very High Concern,3499.0,1.0,medium,very rural,22.460412737,0.0,5.96637375055,1.0,181.0,0.0,179.92008635115045,75.31121329918903,308.5,392900.000008341,0.0785187070484731,False,38.937516062,0.0
Liberty,8.64922632185,20.0,22.67085,37.0,20.0,6.8758594824,3646,14.895616293,13160,15.7,42.929386067,39.32406,2543:1,61230,72.815932656,91547,50.41919596266666,63.227264915,2022,82.707809024,27.873114357,1165.0,1293.0,57.0,1517.0,0.9719451371571072,0.9638403990024936,0.9812967581047384,0.9781795511221943,0.9756857855361596,0.9750623441396512,0.1377,0.2028,0.0929,0.94,Very High Vulnerability,0.97,Very High Concern,2543.0,1.0,large,rural,27.873114357,0.0,6.8758594824,0.0,1517.0,0.0,1506.5693211651992,77.32800500006032,2515.0,2551700.000040279,0.09856174315006859,False,42.929386067,0.0
Limestone,10.142070565000001,9.0,38.40082,40.0,19.7,,779,14.883454337,3880,16.6,29.605444415,68.55184,1459:1,53143,73.458586928,23340,48.41624963066666,53.617858365,2022,66.58224795,21.915167095,179.0,231.0,24.5,273.0,0.7439446366782007,0.830449826989619,0.8615916955017299,0.7301038062283736,0.7439446366782007,0.7231833910034605,0.1248,0.188,0.085,0.95,Very High Vulnerability,0.98,Very High Concern,1459.0,1.0,medium,urban,21.915167095,0.0,5.96637375055,1.0,273.0,0.0,271.3711799660999,65.96131542869105,434.5,511499.99999730004,0.08494623655958818,False,29.605444415,0.0
Lipscomb,5.8391378909,,,32.0,14.8,,253,29.660023447,470,13.8,,64.28801,1556:1,67775,66.803278689,3111,48.56760962433333,100.0,2022,86.269430052,24.847315976,25.0,39.0,2.5,35.0,0.9285714285714288,0.9047619047619044,0.9523809523809528,0.9047619047619044,0.9285714285714288,0.857142857142857,0.1241,0.1883,0.0824,0.46,Moderate Vulnerability,0.87,Very High Concern,1556.0,1.0,small,very rural,24.847315976,0.0,5.96637375055,1.0,35.0,0.0,34.79117691873075,71.85729893069697,66.5,77300.000001336,0.0860284605418508,True,41.965456189,1.0
Live Oak,7.3835496447499995,1.0,8.19202,34.0,23.8,,431,17.171314741,1890,15.6,,32.45699,3081:1,54031,63.163778647,12324,44.998014504333334,100.0,2022,63.777893098,20.05842259,62.5,90.5,10.0,96.0,0.95,0.9428571428571432,0.957142857142857,0.957142857142857,0.95,0.95,0.1146,0.1867,0.0742,0.69,High Vulnerability,0.95,Very High Concern,3081.0,1.0,medium,very rural,20.05842259,0.0,5.96637375055,1.0,96.0,0.0,95.4272281199472,65.49493392120816,163.0,247199.99999916,0.0659385113270849,True,41.965456189,1.0
Llano,8.09106790325,15.0,68.82312,39.0,20.3,,566,16.511085181,3490,16.6,,31.87904,3137:1,60706,62.890825218,21958,51.479632273,45.179006269,2022,83.645222013,14.755442208,159.0,164.5,5.0,195.0,0.9695121951219514,0.9634146341463414,0.975609756097561,0.9695121951219514,0.9634146341463414,0.9512195121951218,0.1264,0.1929,0.0847,0.47,Moderate Vulnerability,0.76,High Concern,3137.0,1.0,medium,urban,14.755442208,0.0,5.96637375055,1.0,195.0,0.0,193.83655711864276,82.02787047165715,328.5,324000.000003264,0.1013888888878675,True,41.965456189,1.0
Loving,,0.0,0.0,,11.3,,5,9.2592592593,20,17.8,,0.0,181:0,97491,,181,36.88406173233333,100.0,2022,96.774193548,29.281767956,0.0,5.0,0.0,,,,,,,,0.1166,0.1765,0.0789,0.76,High Vulnerability,0.83,Very High Concern,181.0,0.0,small,very rural,29.281767956,0.0,5.96637375055,1.0,213.5,1.0,212.22617920425756,0.0,5.0,5300.000000036,0.09433962264086863,True,41.965456189,1.0
Lubbock,8.722541183,259.0,83.39532,45.0,18.4,5.0146259925,7919,10.430167009,47200,15.5,54.235633017,159.7982,626:1,56477,59.412400587,314772,50.69208099866666,11.335540166,2022,82.484232205,23.554191605,3205.0,3642.0,94.0,4146.0,0.91786497684621,0.932000974896417,0.949792834511333,0.9203022178893492,0.9217645625152328,0.9171338045332684,0.109,0.1714,0.0711,0.75,High Vulnerability,0.74,High Concern,626.0,1.0,large,very urban,23.554191605,0.0,5.0146259925,0.0,4146.0,0.0,4125.209360635095,77.69302645785172,6941.0,7414199.99988906,0.0936176526139551,False,54.235633017,0.0
Lynn,9.269943497749999,5.0,84.01949,37.0,19.6,,239,14.319952067,980,16.9,,66.39004,1506:1,51003,54.357366771,6025,48.430719544666665,56.720202874,2022,79.399727149,27.070539419,64.5,63.5,7.5,93.0,0.9318181818181818,0.9469696969696968,0.9545454545454548,0.9393939393939392,0.9393939393939392,0.9469696969696968,0.1143,0.1758,0.0766,0.89,Very High Vulnerability,0.99,Very High Concern,1506.0,1.0,small,rural,27.070539419,0.0,5.96637375055,1.0,93.0,0.0,92.44512724119885,69.7711192843219,135.5,163099.999999475,0.08307786633993633,True,41.965456189,1.0
Madison,7.7118052405,2.0,14.00168,43.0,21.6,,528,16.820643517,2010,14.1,51.444791918,27.72579,3607:1,58674,71.133259505,14427,42.487442718333334,67.403395785,2022,75.624256837,21.418174257,103.0,169.0,10.0,172.0,0.9684210526315788,0.9736842105263156,0.9578947368421056,0.963157894736842,0.9736842105263156,0.9578947368421056,0.1225,0.1864,0.0827,0.84,Very High Vulnerability,0.96,Very High Concern,3607.0,1.0,medium,rural,21.418174257,0.0,5.96637375055,1.0,172.0,0.0,170.9737837149054,60.24315410352617,282.0,309000.000005739,0.0912621359206351,False,51.444791918,0.0
Marion,9.43951924055,,,37.0,31.1,,245,13.528437327,1820,18.2,36.851333976,40.16064,2490:1,42024,71.833202203,9960,51.21338269166667,100.0,2022,68.643880926,17.991967871,54.0,55.5,2.5,76.0,0.984375,0.953125,0.984375,0.96875,0.984375,0.96875,0.1276,0.1901,0.0861,0.69,High Vulnerability,0.97,Very High Concern,2490.0,1.0,medium,very rural,17.991967871,0.0,5.96637375055,1.0,76.0,0.0,75.5465555949582,71.4791026205354,112.0,179199.99999516,0.06250000000168807,False,36.851333976,0.0
Martin,7.93939643645,1.0,17.328020000000002,27.0,17.0,,324,17.161016949,600,10.6,,34.3879,2908:1,73367,52.034883721,5816,49.62751354,100.0,2022,71.951219512,31.654057772,51.0,78.0,2.5,66.0,0.9565217391304348,0.9217391304347824,0.9739130434782608,0.9565217391304348,0.9652173913043478,0.9478260869565216,0.1235,0.1873,0.0822,0.42,Moderate Vulnerability,0.89,Very High Concern,2908.0,1.0,small,very rural,31.654057772,0.0,5.96637375055,1.0,66.0,0.0,65.6062193324637,77.73653247957218,131.5,184100.00000195202,0.07142857142781407,True,41.965456189,1.0
Mason,6.8965517241,,,36.0,20.1,,234,26.145251397,600,14.4,,69.06077,1448:1,63120,46.499339498,4344,49.353546544333334,100.0,2022,77.038369305,20.096685083,25.0,38.0,5.0,38.0,0.924528301886792,0.8867924528301888,0.943396226415094,0.924528301886792,0.924528301886792,0.8867924528301888,0.1235,0.1873,0.0822,0.36,Low Vulnerability,0.81,Very High Concern,1448.0,1.0,small,very rural,20.096685083,0.0,5.96637375055,1.0,38.0,0.0,37.7732777974791,66.18435427827352,68.0,87300.000000552,0.07789232531451322,True,41.965456189,1.0
Matagorda,8.55166543795,14.0,38.20648,36.0,24.0,,1322,13.760799417,6150,16.7,52.085740425,76.24234,1312:1,52241,69.45439515,36725,49.68737207733333,36.417633916,2022,68.287769784,25.927842069,480.0,538.0,22.5,475.0,0.9701492537313436,0.9664179104477612,0.9757462686567162,0.9738805970149256,0.9720149253731344,0.9701492537313436,0.1114,0.1704,0.0738,0.91,Very High Vulnerability,0.94,Very High Concern,1312.0,1.0,large,urban,25.927842069,0.0,5.96637375055,1.0,475.0,0.0,472.16597246848875,101.65916817142812,1040.5,952199.999984025,0.10927326192159803,False,52.085740425,0.0
Maverick,8.1435965714,14.0,23.841150000000003,24.0,27.9,6.915813273,2779,14.939253844,10500,18.0,76.775010553,47.96327,2085:1,41324,79.172413793,58378,49.88111797,9.2557779498,2022,65.381149757,30.598855733,727.0,837.0,57.0,991.0,0.8991270611057226,0.9282250242483024,0.9631425800193988,0.8923375363724539,0.8971871968962173,0.880698351115422,0.107,0.1724,0.0705,0.97,Very High Vulnerability,1.0,Very High Concern,2085.0,1.0,large,very urban,30.598855733,0.0,6.915813273,0.0,991.0,0.0,984.146429046457,73.87112105912867,1621.0,1786299.9999810741,0.09074623523580443,False,76.775010553,0.0
McCulloch,7.600946469149999,4.0,50.1002,27.0,27.1,,229,12.610132159,1440,17.9,,63.9141,1565:1,47617,65.370231862,7823,49.684953807999996,35.325365206,2022,83.687718185,21.296177937,47.5,69.0,12.5,99.0,,,,,,,0.1235,0.1873,0.0822,0.74,High Vulnerability,0.93,Very High Concern,1565.0,1.0,small,urban,21.296177937,0.0,5.96637375055,1.0,99.0,0.0,98.40932899869556,48.267781604963105,129.0,166600.000001151,0.07743097238842063,True,41.965456189,1.0
McLennan,8.39403584095,196.0,76.37663,50.0,20.7,6.2644246621,6575,10.253251411,39500,15.7,46.871623352,86.24341,1160:1,55148,63.947644203,259730,51.10643081133333,23.351893949,2022,81.572269257,24.326800909,2634.0,3167.0,119.5,3328.0,,,,,,,0.1128,0.178,0.0742,0.84,Very High Vulnerability,0.88,Very High Concern,1160.0,1.0,large,very urban,24.326800909,0.0,6.2644246621,0.0,3328.0,0.0,3307.151994724531,79.64556827752935,5920.5,6318400.00009457,0.09370251962381909,False,46.871623352,0.0
McMullen,,0.0,0.0,34.0,12.0,,23,14.649681529,100,12.3,,138.69626,721:1,45927,27.430555556,721,46.52389945266666,100.0,2022,77.292576419,20.665742025,12.5,12.5,0.0,11.0,,,,,,,0.1146,0.1867,0.0742,0.76,High Vulnerability,0.83,Very High Concern,721.0,1.0,small,very rural,20.665742025,0.0,5.96637375055,1.0,11.0,0.0,10.93436988874395,114.3184301170179,25.0,14900.000000025,0.16778523489904734,True,41.965456189,1.0
Medina,8.23105669365,12.0,23.26303,37.0,17.2,5.9701492537,1450,11.739940086,6050,12.1,69.576250898,21.00921,4760:1,62600,54.668809141,52358,48.215747029,61.555014563,2022,79.866065841,22.814087627,391.0,423.0,20.0,544.0,0.94358407079646,0.961283185840708,0.970132743362832,0.9502212389380532,0.9413716814159294,0.94358407079646,0.1146,0.174,0.0756,0.67,High Vulnerability,0.95,Very High Concern,4760.0,1.0,large,rural,22.814087627,0.0,5.9701492537,0.0,544.0,0.0,540.7522388059872,72.30668168167941,834.0,1194499.999974466,0.06982000837319614,False,69.576250898,0.0
Menard,8.064516129,1.0,46.77268,31.0,34.5,,91,22.580645161,370,17.4,,0.0,2124:0,41477,72.277227723,2124,49.928197325000006,100.0,2022,63.47826087,18.455743879,20.0,20.0,0.0,12.0,1.0,1.0,1.0,1.0,1.0,1.0,0.1235,0.1873,0.0822,0.59,Moderate Vulnerability,0.97,Very High Concern,2124.0,0.0,small,very rural,18.455743879,0.0,5.96637375055,1.0,12.0,0.0,11.9284035149934,167.6670308382929,40.0,39199.999998996,0.10204081632914411,True,41.965456189,1.0
Midland,8.25072260425,64.0,36.19254,42.0,13.1,5.3123462863,8566,16.212737769,17820,10.6,46.403199697,109.07271,917:1,92117,43.829389387,177863,49.32123429033334,12.291776258,2022,86.817342058,28.918324778,2212.0,2530.0,122.5,2980.0,0.9456643096390028,0.9464086341644956,0.9761816151842202,0.9568291775213992,0.9553405284704132,0.927800521027168,0.1034,0.1564,0.067,0.47,Moderate Vulnerability,0.72,High Concern,917.0,1.0,large,very urban,28.918324778,0.0,5.3123462863,0.0,2980.0,0.0,2964.169208066826,74.6246197410108,4864.5,5143499.999989414,0.09457567804043962,False,46.403199697,0.0
Milam,7.1257233975,2.0,8.057039999999999,45.0,24.0,,765,12.781954887,4080,16.5,22.144518694,68.80363,1453:1,49961,68.870826011,24708,50.50267486266667,56.182089914,2022,73.088297423,23.283956613,243.0,298.0,15.0,311.0,0.9381107491856676,0.95114006514658,0.964169381107492,0.95114006514658,0.9446254071661236,0.9478827361563515,0.1225,0.1864,0.0827,0.76,High Vulnerability,0.95,Very High Concern,1453.0,1.0,medium,rural,23.283956613,0.0,5.96637375055,1.0,311.0,0.0,309.14445776357894,78.60402924830582,556.0,575299.999994004,0.0966452285774022,False,22.144518694,0.0
Mills,8.80661862265,1.0,20.52124,21.0,22.8,,187,19.159836066,810,16.5,,61.98347,1613:1,49089,55.86797066,4840,49.63211610166667,100.0,2022,76.484018265,20.41322314,27.5,33.0,0.0,34.0,0.9836065573770492,0.9836065573770492,0.9836065573770492,0.9836065573770492,0.9836065573770492,0.9836065573770492,0.1264,0.1929,0.0847,0.77,High Vulnerability,0.95,Very High Concern,1613.0,1.0,small,very rural,20.41322314,0.0,5.96637375055,1.0,34.0,0.0,33.7971432924813,81.36782378917155,60.5,98799.9999976,0.06123481781525267,True,41.965456189,1.0
Mitchell,9.8777002175,4.0,46.811,25.0,21.9,,257,14.066776136,1100,12.9,31.043898712,36.57644,2734:1,46156,54.197349043,8202,40.549189731000006,36.74359247,2022,72.426622571,22.055596196,50.0,96.5,2.5,77.0,0.95,0.95,0.99,0.99,0.95,0.99,0.1278,0.1901,0.086,0.62,High Vulnerability,0.97,Very High Concern,2734.0,1.0,small,urban,22.055596196,0.0,5.96637375055,1.0,77.0,0.0,76.54058922120765,65.3248172097245,149.0,180899.999999592,0.08236594803777561,False,31.043898712,0.0
Montague,8.06391216045,6.0,30.27551,31.0,18.2,,668,14.371772806,3440,17.7,,20.03807,4991:1,56012,54.840596666,19962,50.638863197,58.943151275,2022,75.806249216,22.517783789,162.0,210.0,15.0,218.0,0.8632478632478638,0.8974358974358976,0.9230769230769232,0.8675213675213677,0.8717948717948718,0.8461538461538463,0.1293,0.1898,0.087,0.58,Moderate Vulnerability,0.93,Very High Concern,4991.0,1.0,medium,rural,22.517783789,0.0,5.96637375055,1.0,218.0,0.0,216.6993305223801,74.75796053890859,387.0,449499.99999601796,0.08609566184725881,True,41.965456189,1.0
Montgomery,7.21368629735,367.0,60.42236,50.0,10.9,5.0126287158,18670,11.22372914,70560,12.3,48.871364123,77.11331,1297:1,85348,45.358124246,626351,50.42605654733333,22.725597153,2022,91.675051891,25.911350026,6289.0,6713.0,309.0,8474.0,0.942178447276941,0.9403244495944384,0.9565469293163382,0.9501738122827345,0.9478563151796056,0.9415990730011592,0.1086,0.1585,0.0725,0.39,Low Vulnerability,0.67,High Concern,1297.0,1.0,large,very urban,25.911350026,0.0,5.0126287158,0.0,8474.0,0.0,8431.52298426231,74.58913427311539,13311.0,16229600.000135127,0.08201680879312598,False,48.871364123,0.0
Moore,7.452249080950001,8.0,38.20439,42.0,14.8,,1261,18.435672515,2500,11.7,47.735483071,33.891740000000006,2951:1,53341,63.243132431,20654,47.946945602,16.814280497,2022,84.742453822,31.383751331,276.0,423.0,62.0,402.0,0.9430693069306928,0.9381188118811882,0.9603960396039608,0.9727722772277227,0.9480198019801982,0.9504950495049506,0.1241,0.1883,0.0824,0.7,High Vulnerability,0.88,Very High Concern,2951.0,1.0,medium,very urban,31.383751331,0.0,5.96637375055,1.0,402.0,0.0,399.6015177522789,69.06880673338634,761.0,648199.999990474,0.11740203641024125,False,47.735483071,0.0
Morris,10.00429969925,2.0,16.144660000000002,41.0,25.1,,333,11.396303901,2220,18.0,18.932481298,40.34536,2479:1,45122,78.012684989,12393,51.87715279333333,78.421215401,2022,81.083172147,22.835471637,117.0,128.5,7.5,140.0,0.9645390070921984,0.9787234042553188,0.98581560283688,0.9645390070921984,0.9645390070921984,0.9645390070921984,0.1283,0.1937,0.0866,0.73,High Vulnerability,0.97,Very High Concern,2479.0,1.0,medium,rural,22.835471637,0.0,5.96637375055,1.0,140.0,0.0,139.164707674923,84.07303974891545,253.0,282999.999997341,0.08939929328705905,False,18.932481298,0.0
Motley,,0.0,0.0,30.0,27.5,,45,18.218623482,190,15.1,,84.38819,1185:1,46712,69.333333333,1185,48.816952461666666,100.0,2022,69.758064516,20.337552743,17.5,12.5,0.0,11.0,1.0,1.0,1.0,1.0,1.0,0.909090909090909,0.1143,0.1758,0.0766,0.7,High Vulnerability,0.87,Very High Concern,1185.0,1.0,small,very rural,20.337552743,0.0,5.96637375055,1.0,11.0,0.0,10.93436988874395,160.04580216382507,30.0,24100.000000455,0.1244813277984797,True,41.965456189,1.0
Nacogdoches,8.0125358543,46.0,70.54782,48.0,23.5,3.7787701821,1877,12.297713425,12290,18.8,44.837333433,105.01444,952:1,49375,66.7602318,64753,51.977033454,46.460231852,2022,82.141805176,23.138696277,604.0,617.0,25.0,797.0,0.955665024630542,0.955665024630542,0.9704433497536944,0.9618226600985218,0.9519704433497536,0.9593596059113296,0.125,0.1935,0.0836,0.98,Very High Vulnerability,0.9,Very High Concern,952.0,1.0,large,urban,23.138696277,0.0,3.7787701821,0.0,797.0,0.0,793.9883201648663,76.07164799031094,1246.0,1498300.000024581,0.08316091570310072,False,44.837333433,0.0
Navarro,8.33864814035,20.0,39.9098,49.0,21.9,6.4462466209,1995,14.700464225,7880,16.1,35.738039361,51.288120000000006,1950:1,50778,71.84841454,50694,50.81190153833333,52.657379281,2022,79.787537838,26.545547797,503.0,503.0,15.0,731.0,0.9702380952380956,0.9613095238095242,0.982142857142857,0.973214285714286,0.9717261904761902,0.9672619047619044,0.1248,0.188,0.085,0.97,Very High Vulnerability,0.95,Very High Concern,1950.0,1.0,large,urban,26.545547797,0.0,6.4462466209,0.0,731.0,0.0,726.2877937201221,69.25629266376369,1021.0,1345700.000021118,0.0758712937492738,False,35.738039361,0.0
Newton,9.0578769635,,,31.0,27.9,,397,14.368440101,2760,19.9,36.053640407,14.9098,6707:1,45769,71.358695652,13414,48.41382860533333,100.0,2022,75.019516003,18.838526912,42.0,88.0,7.5,113.0,0.9203539823008848,0.8938053097345131,0.9469026548672564,0.9380530973451328,0.9380530973451328,0.929203539823009,0.1428,0.2169,0.0983,0.72,High Vulnerability,0.96,Very High Concern,6707.0,1.0,medium,very rural,18.838526912,0.0,5.96637375055,1.0,113.0,0.0,112.32579976618786,37.391231655973286,137.5,252699.999997568,0.054412346656637633,False,36.053640407,0.0
Nolan,8.108635097499999,5.0,33.98124,33.0,24.4,,525,13.338414634,2380,15.9,42.191075469,80.88979,1236:1,41720,62.350722816,14835,49.830612011666666,32.656414301,2022,74.909354605,25.648803505,162.5,168.0,7.5,176.0,0.9739583333333336,0.9791666666666664,1.0,0.9791666666666664,0.9739583333333336,0.9791666666666664,0.1278,0.1901,0.086,0.89,Very High Vulnerability,0.96,Very High Concern,1236.0,1.0,medium,urban,25.648803505,0.0,5.96637375055,1.0,176.0,0.0,174.9499182199032,92.88372447007704,338.0,380499.999996675,0.08883048620314156,False,42.191075469,0.0
Nueces,8.687792143949999,290.0,80.04549,42.0,25.9,5.1223676722,9432,10.332927992,52970,14.7,45.446755603,112.90163,886:1,55727,64.534606205,363148,50.49158692699999,6.447241956,2022,84.219279288,24.16645555,2725.0,3441.0,882.0,4170.0,0.9740721911540418,0.976868327402135,0.9839857651245548,0.9771225216065076,0.9758515505846468,0.9740721911540418,0.1011,0.1589,0.0646,0.84,Very High Vulnerability,0.89,Very High Concern,886.0,1.0,large,very urban,24.16645555,0.0,5.1223676722,0.0,4170.0,0.0,4148.639726806926,65.68418034451366,7048.0,8776000.000071399,0.08030993618895464,False,45.446755603,0.0
Ochiltree,6.7440103605,4.0,40.66694,34.0,14.2,,630,19.786432161,1290,12.7,63.729356667,52.09419,1920:1,71477,59.240849526,9598,49.62356214766667,13.90981121,2022,81.185491006,31.100229214,91.5,93.0,10.0,104.0,0.9483870967741936,0.9483870967741936,0.9483870967741936,0.9483870967741936,0.9483870967741936,0.9419354838709674,0.1241,0.1883,0.0824,0.58,Moderate Vulnerability,0.9,Very High Concern,1920.0,1.0,medium,very urban,31.100229214,0.0,5.96637375055,1.0,104.0,0.0,103.3794971299428,88.5088460867527,194.5,298499.999995972,0.06515912897910373,False,63.729356667,0.0
Oldham,7.2289156627,,,46.0,28.8,,34,12.546125461,260,12.3,,0.0,2135:0,61013,44.831013917,2135,47.592492996666664,100.0,2022,84.674922601,22.201405152,17.5,29.0,5.0,27.0,0.9705882352941174,0.9705882352941174,0.9705882352941174,0.9705882352941174,0.9705882352941174,0.9705882352941174,0.1241,0.1883,0.0824,0.43,Moderate Vulnerability,0.72,High Concern,2135.0,0.0,small,very rural,22.201405152,0.0,5.96637375055,1.0,27.0,0.0,26.83890790873515,65.2038453260028,51.5,47399.99999952,0.10864978903063613,True,41.965456189,1.0
Orange,9.45294414555,15.0,17.98647,44.0,21.1,7.4674906656,2490,11.632252639,13830,16.5,75.514927876,47.05712,2125:1,61323,58.892993799,82878,50.39311875266666,35.171132862,2022,86.173582515,24.957165955,714.0,975.0,56.0,1038.0,0.9232758620689652,0.9206896551724136,0.9396551724137936,0.9275862068965516,0.930172413793104,0.9275862068965516,0.1338,0.1949,0.0899,0.58,Moderate Vulnerability,0.86,Very High Concern,2125.0,1.0,large,urban,24.957165955,0.0,7.4674906656,0.0,1038.0,0.0,1030.2487446891073,69.30365153858644,1745.0,2068400.00001849,0.08436472635778383,False,75.514927876,0.0
Palo Pinto,7.7052545156,11.0,37.68543,47.0,20.9,,1020,14.742014742,4920,17.2,70.613260161,54.57026,1833:1,59450,67.691631891,29320,50.78697437100001,50.215218242,2022,82.097929166,23.066166439,240.0,276.0,22.5,351.0,0.9200000000000002,0.9446153846153844,0.96,0.9353846153846156,0.9261538461538464,0.9353846153846156,0.1134,0.1689,0.0762,0.88,Very High Vulnerability,0.93,Very High Concern,1833.0,1.0,medium,urban,23.066166439,0.0,5.96637375055,1.0,351.0,0.0,348.90580281355693,68.78647419006889,538.5,676299.99999148,0.07962442703042792,False,70.613260161,0.0
Panola,8.5508507844,8.0,34.49168,38.0,19.5,,768,13.726541555,3710,15.9,23.695498432,30.18933,3312:1,51936,53.31302361,23187,50.33534684266667,72.718103883,2022,79.993073193,23.02152068,151.0,198.0,15.0,262.0,0.9666666666666665,0.9666666666666665,0.9703703703703702,0.9666666666666665,0.9703703703703702,0.9666666666666665,0.1282,0.1918,0.0871,0.7,High Vulnerability,0.92,Very High Concern,3312.0,1.0,medium,rural,23.02152068,0.0,5.96637375055,1.0,262.0,0.0,260.4368100773559,57.97951524408143,364.0,533800.00000716,0.06819033345730939,False,23.695498432,0.0
Parker,6.653953856099999,57.0,39.89418,48.0,9.8,5.048099819,4353,11.700354801,16710,12.5,53.323090932,50.60797,1976:1,88617,33.992865439,148198,50.10275456966667,56.084565584,2022,88.527307625,24.615716811,1516.0,1778.0,34.0,1931.0,0.9349830179524502,0.928675400291121,0.9383794274623968,0.9378942261038332,0.939835031538088,0.9301310043668124,0.1198,0.1716,0.0811,0.26,Low Vulnerability,0.68,High Concern,1976.0,1.0,large,rural,24.615716811,0.0,5.048099819,0.0,1931.0,0.0,1921.252119249511,78.90687457470118,3328.0,3647999.999956578,0.09122807017652448,False,53.323090932,0.0
Parmer,7.38823214465,1.0,10.41124,31.0,17.7,,599,21.423462089,1210,12.5,,115.52195,866:1,61989,72.020725389,9522,48.133100865333326,60.015580874,2022,75.56800498,27.578239866,105.0,159.0,12.5,148.0,0.9438775510204084,0.9387755102040816,0.9336734693877552,0.964285714285714,0.9438775510204084,0.9336734693877552,0.1241,0.1883,0.0824,0.76,High Vulnerability,0.97,Very High Concern,866.0,1.0,medium,rural,27.578239866,0.0,5.96637375055,1.0,148.0,0.0,147.1169766849186,71.37177664062469,276.5,262600.000004052,0.10529322162823057,True,41.965456189,1.0
Pecos,9.2891934997,9.0,56.87923,15.0,19.7,,700,17.382666998,1890,12.0,,76.34559,1310:1,52792,64.914543696,15718,43.06640155,39.77558522,2022,70.357436319,24.576918183,143.5,204.0,17.5,186.0,0.9615384615384612,0.9725274725274722,0.9890109890109888,0.9725274725274722,0.9615384615384612,0.9560439560439562,0.1166,0.1765,0.0789,0.82,Very High Vulnerability,0.98,Very High Concern,1310.0,1.0,medium,urban,24.576918183,0.0,5.96637375055,1.0,186.0,0.0,184.8902544823977,77.6136094364356,365.0,386300.000000394,0.09448615066001236,True,41.965456189,1.0
Polk,7.5298039076,28.0,54.52457,46.0,22.9,6.408470326,1552,14.817643689,8990,18.4,44.988478357,52.83517,1893:1,47535,61.64879745,52995,46.051700094333334,77.638561645,2022,76.62858735,20.056609114,384.0,419.0,15.0,496.0,0.9550359712230218,0.971223021582734,0.983812949640288,0.9694244604316544,0.9604316546762588,0.9676258992805756,0.1365,0.206,0.093,0.91,Very High Vulnerability,0.97,Very High Concern,1893.0,1.0,large,rural,20.056609114,0.0,6.408470326,0.0,496.0,0.0,492.821398718304,77.91869448012622,818.0,1062899.99999643,0.076959262395592,False,44.988478357,0.0
Potter,9.63803101395,102.0,86.87134999999999,49.0,29.2,7.3083501788,5005,15.381542149,19400,16.2,53.211575704,218.09593,459:1,45903,72.695182724,116004,48.490834559666666,8.9962254177,2022,78.258297882,26.92838178,1216.0,1526.0,164.5,1579.0,0.963486454652532,0.9650569297212408,0.9768354927365528,0.9701609736945422,0.9666274047899488,0.9642716921868864,0.1281,0.2007,0.0864,0.92,Very High Vulnerability,0.87,Very High Concern,459.0,1.0,large,very urban,26.92838178,0.0,7.3083501788,0.0,1579.0,0.0,1567.460115067675,77.57773153593126,2906.5,3123800.00000712,0.093043728791644,False,53.211575704,0.0
Presidio,8.15379147615,2.0,29.83294,21.0,32.4,,352,19.308831596,1690,24.2,,30.731410000000004,3254:1,39967,92.133333333,6508,48.76748906866666,40.470708621,2022,62.906976744,27.33558697,47.0,95.0,12.5,87.0,0.8055555555555555,0.9722222222222222,1.0,0.861111111111111,0.861111111111111,0.8472222222222222,0.1166,0.1765,0.0789,1.0,Very High Vulnerability,0.99,Very High Concern,3254.0,1.0,small,urban,27.33558697,0.0,5.96637375055,1.0,87.0,0.0,86.48092548370215,54.34724447861908,154.5,177900.00000076002,0.08684654300131531,True,41.965456189,1.0
Rains,7.1689026487500005,1.0,7.991049999999999,40.0,20.3,,441,16.832061069,1920,16.3,25.017319533,15.93372,6276:1,59195,62.651997684,12552,50.061340048333335,93.228880337,2022,78.384633187,19.925111536,68.0,55.0,7.5,125.0,0.9158878504672896,0.9158878504672896,0.9158878504672896,0.9065420560747662,0.9158878504672896,0.9065420560747662,0.1285,0.1874,0.0874,0.4,Moderate Vulnerability,0.89,Very High Concern,6276.0,1.0,medium,very rural,19.925111536,0.0,5.96637375055,1.0,125.0,0.0,124.25420328118125,54.726518865618814,130.5,250099.999999872,0.05217912834868724,False,25.017319533,0.0
Randall,7.83031408095,87.0,63.17486,50.0,11.6,5.8808267751,2992,8.6900958466,16220,12.1,52.127680731,61.47292,1627:1,71041,42.455462546,139899,50.78421023833334,14.375647132,2022,89.684979637,24.005889963,1265.0,1396.0,35.0,1731.0,0.9567979669631512,0.9606099110546382,0.9669631512071156,0.9631512071156294,0.96569250317662,0.9555273189326556,0.1021,0.1521,0.0667,0.22,Low Vulnerability,0.6,High Concern,1627.0,1.0,large,very urban,24.005889963,0.0,5.8808267751,0.0,1731.0,0.0,1720.820288852302,73.51145312470075,2696.0,3358399.9999337373,0.0802763220597068,False,52.127680731,0.0
Reagan,8.2504912878,2.0,51.96155,30.0,10.1,,185,15.852613539,360,9.6,,78.26768,1278:1,66711,60.352422907,3833,46.47387465733333,13.305613306,2022,76.275738585,29.428645969,25.0,37.0,5.0,43.0,0.984375,0.96875,1.0,1.0,0.984375,1.0,0.1235,0.1873,0.0822,0.48,Moderate Vulnerability,0.94,Very High Concern,1278.0,1.0,small,very urban,29.428645969,0.0,5.96637375055,1.0,43.0,0.0,42.74344592872635,58.48849912963706,67.0,112799.999999177,0.05939716312100074,True,41.965456189,1.0
Real,6.7058356884,2.0,57.93743,34.0,32.1,,84,14.482758621,710,20.7,,87.95075,1137:1,43076,70.877192982,3411,49.918223502333326,100.0,2022,63.397129187,17.20902961,20.0,32.0,2.5,24.0,1.0,1.0,1.0,1.0,1.0,1.0,0.107,0.1724,0.0705,0.72,High Vulnerability,0.93,Very High Concern,1137.0,1.0,small,very rural,17.20902961,0.0,5.96637375055,1.0,24.0,0.0,23.8568070299868,83.83351541914645,54.5,58699.99999971001,0.09284497444679599,True,41.965456189,1.0
Red River,9.179609717249999,2.0,16.634780000000003,48.0,25.6,,285,11.806130903,2230,18.3,51.994351752,33.34723,2999:1,46727,69.517439083,11995,51.378586842000004,75.730948678,2022,71.417460626,19.107961651,112.5,132.0,2.5,115.0,0.9870967741935484,0.9806451612903224,0.9806451612903224,0.9935483870967744,0.9870967741935484,0.9870967741935484,0.1283,0.1937,0.0866,0.56,Moderate Vulnerability,0.99,Very High Concern,2999.0,1.0,medium,rural,19.107961651,0.0,5.96637375055,1.0,115.0,0.0,114.31386701868675,98.41325723117193,247.0,229200.000003745,0.10776614310469641,False,51.994351752,0.0
Reeves,8.2575326071,5.0,31.29695,27.0,20.5,,603,16.174892704,1650,10.7,61.595297383,37.61991,2658:1,64863,67.346938776,15949,38.86709383633333,14.496118407,2022,65.349946978,22.258448806,150.0,214.0,2825.0,184.0,0.9333333333333336,0.9375,0.9833333333333332,0.9541666666666668,0.9375,0.9458333333333332,0.1166,0.1765,0.0789,0.78,High Vulnerability,0.98,Very High Concern,2658.0,1.0,medium,very urban,22.258448806,0.0,5.96637375055,1.0,184.0,0.0,182.9021872298988,82.01104769264327,3189.0,355000.000006894,0.8983098591374847,False,61.595297383,0.0
Refugio,8.5565980685,1.0,14.39263,29.0,23.7,,193,12.107904642,1110,15.6,42.34956562,72.70612,1375:1,48433,61.503067485,6877,50.71225315766667,60.679940404,2022,72.759158223,22.262614512,35.5,41.0,7.5,82.0,0.9560439560439562,0.9670329670329668,0.9780219780219782,0.9780219780219782,0.9560439560439562,0.9780219780219782,0.1183,0.18,0.0772,0.94,Very High Vulnerability,0.99,Very High Concern,1375.0,1.0,small,rural,22.262614512,0.0,5.96637375055,1.0,82.0,0.0,81.5107573524549,43.55253362019072,84.0,153099.999999024,0.05486610058820084,False,42.34956562,0.0
Roberts,,0.0,0.0,43.0,9.1,,35,16.129032258,120,14.8,,0.0,813:0,69927,28.947368421,813,50.38988575333334,100.0,2022,80.547112462,23.493234932,10.0,7.5,0.0,,1.0,1.0,1.0,1.0,1.0,1.0,0.1241,0.1883,0.0824,0.09,Very Low Vulnerability,0.67,High Concern,813.0,0.0,small,very rural,23.493234932,0.0,5.96637375055,1.0,213.5,1.0,212.22617920425756,4.711954028242424,17.5,19099.999999716,0.091623036650577,True,41.965456189,1.0
Robertson,9.1106875671,1.0,5.85686,44.0,23.2,,515,12.478798158,2330,13.7,47.465548195,46.63363,2144:1,55218,62.296591956,17155,50.827434027,73.853928528,2022,72.929322863,23.433401341,177.0,240.0,12.5,216.0,0.9641434262948204,0.9920318725099602,0.99601593625498,0.9760956175298804,0.9681274900398408,0.9760956175298804,0.1225,0.1864,0.0827,0.75,High Vulnerability,0.93,Very High Concern,2144.0,1.0,medium,rural,23.433401341,0.0,5.96637375055,1.0,216.0,0.0,214.7112632698812,82.43629016216069,429.5,402000.000004855,0.10684079601861018,False,47.465548195,0.0
Rockwall,7.77690948295,78.0,74.3459,53.0,6.4,3.4857219466,3584,12.011126378,9280,9.6,48.930164184,96.46185,1037:1,106225,27.465317774,109888,50.44982723500001,16.035845131,2022,95.272368459,26.635301398,900.0,1036.0,40.0,1390.0,0.9311740890688264,0.9329091960670906,0.9444765760555236,0.9363794100636208,0.932330827067669,0.932330827067669,0.1122,0.1653,0.0743,0.11,Very Low Vulnerability,0.51,Moderate Concern,1037.0,1.0,large,very urban,26.635301398,0.0,3.4857219466,0.0,1390.0,0.0,1385.154846494226,64.97468512476173,1976.0,2926900.0000234237,0.06751170179999953,False,48.930164184,0.0
Runnels,7.28617260355,5.0,48.71395,42.0,21.4,,316,12.798703929,1570,15.2,34.52180423,86.53014,1156:1,50972,56.805019305,10401,49.05495762133334,40.758023045,2022,74.479568234,23.488126142,68.5,89.5,12.5,115.0,0.9636363636363638,0.9636363636363638,0.9818181818181818,0.9636363636363638,0.9636363636363638,0.9636363636363638,0.1278,0.1901,0.086,0.54,Moderate Vulnerability,0.92,Very High Concern,1156.0,1.0,medium,urban,23.488126142,0.0,5.96637375055,1.0,115.0,0.0,114.31386701868675,59.92273884742468,170.5,244300.000002942,0.06979124027750583,False,34.52180423,0.0
Rusk,7.4375970241000005,11.0,20.21836,45.0,18.1,5.0810549238,1693,13.616987051,7380,13.7,24.599442347,40.49775,2469:1,56954,67.774842882,54324,46.22045747799999,65.872867054,2022,66.365750997,21.732567558,353.0,424.0,20.0,568.0,0.934782608695652,0.960144927536232,0.965579710144928,0.943840579710145,0.9420289855072462,0.9365942028985508,0.1282,0.1918,0.0871,0.8,High Vulnerability,0.94,Very High Concern,2469.0,1.0,large,rural,21.732567558,0.0,5.0810549238,0.0,568.0,0.0,565.1139608032815,62.46527682632862,797.0,1180600.000020792,0.06750804675469793,False,24.599442347,0.0
Sabine,8.0058155607,2.0,18.97173,41.0,25.4,,289,14.759959142,2150,20.6,8.4439935658,133.24450000000002,751:1,51046,68.143459916,10507,50.54942587233333,100.0,2022,78.3377542,17.797658704,53.5,66.5,2.5,107.0,0.924812030075188,0.9548872180451128,0.9548872180451128,0.9473684210526312,0.924812030075188,0.9398496240601504,0.1428,0.2169,0.0983,0.53,Moderate Vulnerability,0.93,Very High Concern,751.0,1.0,medium,very rural,17.797658704,0.0,5.96637375055,1.0,107.0,0.0,106.36159800869115,50.30010925148788,122.5,187000.000002928,0.06550802138934864,False,8.4439935658,0.0
San Augustine,9.3382263579,2.0,24.28068,49.0,29.7,,222,13.495440729,1740,21.0,60.698759795,48.49661,2062:1,45781,83.747779751,8248,50.613864232999994,100.0,2022,74.084051724,19.665373424,41.5,59.5,2.5,72.0,0.9459459459459464,0.9594594594594592,0.9594594594594592,0.9594594594594592,0.9594594594594592,0.9594594594594592,0.1428,0.2169,0.0983,0.89,Very High Vulnerability,0.98,Very High Concern,2062.0,1.0,small,very rural,19.665373424,0.0,5.96637375055,1.0,72.0,0.0,71.5704210899604,57.98484816490963,103.5,162200.000001152,0.06381011097365284,False,60.698759795,0.0
San Jacinto,8.7848694923,2.0,6.93025,43.0,26.1,,962,15.223927837,4880,17.3,19.726408391,10.23856,9767:1,51575,66.806605094,29301,50.08685414066667,100.0,2022,78.162279405,21.227944439,227.0,227.0,10.0,350.0,0.9537037037037036,0.9583333333333336,0.9814814814814816,0.9675925925925924,0.9675925925925924,0.9675925925925924,0.1365,0.206,0.093,0.69,High Vulnerability,0.89,Very High Concern,9767.0,1.0,medium,very rural,21.227944439,0.0,5.96637375055,1.0,350.0,0.0,347.9117691873075,65.24642742907284,464.0,622000.000007139,0.07459807073869364,False,19.726408391,0.0
San Patricio,8.88234141705,17.0,25.4758,41.0,21.6,4.7754066557,2059,11.357493519,10180,15.2,45.462431746,64.11308,1560:1,56944,66.56684492,67069,49.49489128033334,19.650021604,2022,74.050038425,26.241631752,659.0,824.0,40.0,851.0,0.9673135852911132,0.9703779366700712,0.9775280898876404,0.9744637385086824,0.9713993871297242,0.9734422880490295,0.1183,0.18,0.0772,0.83,Very High Vulnerability,0.97,Very High Concern,1560.0,1.0,large,very urban,26.241631752,0.0,4.7754066557,0.0,851.0,0.0,846.9361289359992,77.80988170004008,1523.0,1759999.999974888,0.08653409091032559,False,45.462431746,0.0
San Saba,5.84068105805,2.0,33.03055,27.0,26.1,,257,21.100164204,910,15.3,,49.6771,2013:1,48349,64.129400571,6039,45.652675386666665,49.355733159,2022,80.224929709,19.85428051,30.0,64.5,7.5,50.0,0.9833333333333332,0.9666666666666665,0.9833333333333332,0.9833333333333332,0.9833333333333332,0.9666666666666665,0.1264,0.1929,0.0847,0.73,High Vulnerability,0.97,Very High Concern,2013.0,1.0,small,urban,19.85428051,0.0,5.96637375055,1.0,50.0,0.0,49.7016813124725,60.360131101785456,102.0,119899.99999988999,0.08507089241042001,True,41.965456189,1.0
Schleicher,6.3803299097499995,,,31.0,19.0,,154,21.538461538,380,12.7,,36.21876,2761:1,54471,60.99009901,2761,50.11363326933333,100.0,2022,63.8996139,23.324882289,23.5,15.0,2.5,20.0,1.0,1.0,1.0,1.0,1.0,1.0,0.1235,0.1873,0.0822,0.59,Moderate Vulnerability,0.96,Very High Concern,2761.0,1.0,small,very rural,23.324882289,0.0,5.96637375055,1.0,20.0,0.0,19.880672524989,118.20525674099652,41.0,64399.999999929,0.06366459627336211,True,41.965456189,1.0
Scurry,8.67925820125,11.0,65.85643,33.0,17.6,,624,14.528521537,2340,13.7,38.966912585,36.01008,2777:1,57158,61.6860648,16662,45.71718933,31.700254122,2022,76.762060507,25.105029408,176.5,242.0,12.5,199.0,0.9662447257383968,0.9535864978902951,0.9746835443037976,0.962025316455696,0.9662447257383968,0.9493670886075944,0.1278,0.1901,0.086,0.7,High Vulnerability,0.95,Very High Concern,2777.0,1.0,medium,urban,25.105029408,0.0,5.96637375055,1.0,199.0,0.0,197.81269162364055,89.22582193856896,431.0,418299.999996096,0.10303609849486553,False,38.966912585,0.0
Shackelford,7.021498215599999,1.0,30.62787,51.0,15.8,,146,18.741976893,500,15.0,,30.303030000000003,3300:1,64931,49.52681388,3300,51.04508475133334,100.0,2022,80.468178493,22.787878788,25.0,35.5,0.0,26.0,0.975609756097561,0.975609756097561,0.975609756097561,0.9512195121951218,0.975609756097561,0.975609756097561,0.1278,0.1901,0.086,0.69,High Vulnerability,0.72,High Concern,3300.0,1.0,small,very rural,22.787878788,0.0,5.96637375055,1.0,26.0,0.0,25.8448742824857,96.73097932978438,60.5,75200.0000004,0.08045212765914653,True,41.965456189,1.0
Shelby,8.2233316849,5.0,19.78318,41.0,24.4,,1062,15.812983919,4530,17.9,25.850763117,88.30022,1133:1,41194,74.707085736,24915,50.242248491,79.432568375,2022,72.643896268,25.839855509,239.0,288.0,20.0,334.0,0.978319783197832,0.9593495934959352,0.9810298102981032,0.978319783197832,0.975609756097561,0.978319783197832,0.1428,0.2169,0.0983,0.95,Very High Vulnerability,0.99,Very High Concern,1133.0,1.0,medium,rural,25.839855509,0.0,5.96637375055,1.0,334.0,0.0,332.0072311673163,71.98638389883594,547.0,643800.000006735,0.0849642746185582,False,25.850763117,0.0
Sherman,6.3258911085000005,,,35.0,16.9,,216,25.531914894,440,14.4,,33.03601,3027:1,66408,59.863945578,3027,47.846134029666665,100.0,2022,81.401869159,27.254707631,27.5,28.5,5.0,47.0,0.8461538461538463,0.7884615384615382,0.8461538461538463,0.8269230769230768,0.8461538461538463,0.7884615384615382,0.1241,0.1883,0.0824,0.46,Moderate Vulnerability,0.87,Very High Concern,3027.0,1.0,small,very rural,27.254707631,0.0,5.96637375055,1.0,47.0,0.0,46.71958043372415,58.86182997514538,61.0,82499.999999037,0.07393939394025702,True,41.965456189,1.0
Smith,7.74012549675,239.0,102.68484,52.0,18.2,7.6468380559,7126,12.196416041,33700,14.8,42.693836269,154.78826,646:1,60735,64.145861948,235806,51.657705114,31.60780873,2022,83.62014677,24.233480064,2171.0,2857.0,72.0,3115.0,0.9421265141318976,0.9414535666218036,0.9582772543741586,0.9515477792732164,0.9495289367429336,0.9448183041722744,0.116,0.1766,0.0768,0.75,High Vulnerability,0.67,High Concern,646.0,1.0,large,urban,24.233480064,0.0,7.6468380559,0.0,3115.0,0.0,3091.1800994558716,70.23207739924803,5100.0,5714399.9999715835,0.0892482150361431,False,42.693836269,0.0
Somervell,6.79931137395,6.0,65.73181,48.0,12.8,,290,13.862332696,1590,18.0,,109.42116,914:1,67984,44.475138122,9139,50.545316750333335,100.0,2022,81.812400636,21.796695481,75.5,99.0,5.0,82.0,0.9235668789808916,0.9299363057324842,0.9171974522292992,0.9235668789808916,0.9108280254777072,0.9108280254777072,0.1134,0.1689,0.0762,0.56,Moderate Vulnerability,0.71,High Concern,914.0,1.0,small,very rural,21.796695481,0.0,5.96637375055,1.0,82.0,0.0,81.5107573524549,92.62581093871547,179.5,199200.000000859,0.0901104417666797,True,41.965456189,1.0
Starr,8.87668402185,14.0,21.66076,28.0,35.3,3.4005894355,3054,14.350155061,13550,21.1,,63.797340000000005,1567:1,35716,90.226120636,64266,51.119492165666664,23.705878494,2022,60.850070634,32.493075654,829.0,1178.0,46.5,1097.0,0.9329608938547485,0.9486033519553072,0.9921787709497204,0.9318435754189944,0.9273743016759778,0.9229050279329613,0.1146,0.1867,0.0742,0.98,Very High Vulnerability,1.0,Very High Concern,1567.0,1.0,large,very urban,32.493075654,0.0,3.4005894355,0.0,1097.0,0.0,1093.2695533892565,75.82759415827582,2053.5,2088199.9999799642,0.09833828177472,True,41.965456189,1.0
Stephens,8.397583564449999,3.0,32.03075,41.0,23.5,,308,14.597156398,1570,16.8,37.187537022,117.84873,849:1,48911,61.126373626,9334,47.11351951266666,39.366562825,2022,76.701877934,21.737733019,83.0,94.5,0.0,96.0,0.905511811023622,0.929133858267716,0.9370078740157478,0.9448818897637796,0.9370078740157478,0.9448818897637796,0.1278,0.1901,0.086,0.88,Very High Vulnerability,0.86,Very High Concern,849.0,1.0,small,urban,21.737733019,0.0,5.96637375055,1.0,96.0,0.0,95.4272281199472,86.97727224736444,177.5,202899.999999346,0.08748151798943919,False,37.187537022,0.0
Sterling,,0.0,0.0,43.0,13.5,,65,16.927083333,100,8.1,,152.09125,658:1,68435,42.985074627,1315,49.33163697933333,100.0,2022,89.135802469,27.984790875,22.5,7.5,2.5,18.0,0.925925925925926,0.925925925925926,0.925925925925926,0.925925925925926,0.925925925925926,0.925925925925926,0.1235,0.1873,0.0822,0.41,Moderate Vulnerability,0.8,Very High Concern,658.0,1.0,small,very rural,27.984790875,0.0,5.96637375055,1.0,18.0,0.0,17.8926052724901,125.75027312871967,32.5,36800.000000625005,0.08831521738980441,True,41.965456189,1.0
Stonewall,,1.0,74.07406999999999,13.0,22.5,,56,17.948717949,230,15.4,,445.10386,225:1,59802,52.727272727,1348,50.715469948,100.0,2022,83.364839319,22.848664688,12.5,25.0,0.0,13.0,1.0,1.0,1.0,1.0,1.0,1.0,0.1278,0.1901,0.086,0.32,Low Vulnerability,0.79,High Concern,225.0,1.0,small,very rural,22.848664688,0.0,5.96637375055,1.0,13.0,0.0,12.92243714124285,96.73097932978438,37.5,30799.999999424,0.12175324675552371,True,41.965456189,1.0
Sutton,7.464561493650001,4.0,105.9322,46.0,17.3,,135,14.270613108,480,12.4,,160.51364,623:1,64612,61.61745828,3738,49.04720917333333,18.798449612,2022,55.070202808,23.488496522,22.5,22.5,2.5,27.0,0.96,0.9399999999999998,0.96,0.96,0.96,0.96,0.1235,0.1873,0.0822,0.6,High Vulnerability,0.94,Very High Concern,623.0,1.0,small,very urban,23.488496522,0.0,5.96637375055,1.0,27.0,0.0,26.83890790873515,83.83351541914647,47.5,87799.999999236,0.05410022779090356,True,41.965456189,1.0
Swisher,8.65536861675,1.0,13.51899,27.0,27.2,,298,15.969989282,1320,17.8,26.446700508,40.87193,2447:1,39897,72.175597159,7340,46.455643071666664,37.573211103,2022,74.836475568,24.046321526,60.5,83.0,7.5,72.0,0.99009900990099,1.0,1.0,0.99009900990099,0.99009900990099,0.99009900990099,0.1241,0.1883,0.0824,0.97,Very High Vulnerability,1.0,Very High Concern,2447.0,1.0,small,urban,24.046321526,0.0,5.96637375055,1.0,72.0,0.0,71.5704210899604,84.53212804763935,151.0,176500.00000084,0.08555240793160418,False,26.446700508,0.0
Tarrant,8.392094624999999,1245.0,59.2148,50.0,15.4,6.1974459625,67120,11.808502403,266980,13.0,49.408171209,96.21602,1039:1,72064,58.664603241,2123347,51.02789987666667,1.2882013273,2022,89.788856191,25.784763395,18372.0,24779.0,2236.0,28137.0,0.9184099624131516,0.9320019742587036,0.9536428869736892,0.9238771403622008,0.9229279775238238,0.9151828087626712,0.1069,0.1641,0.0701,0.55,Moderate Vulnerability,0.73,High Concern,1039.0,1.0,large,very urban,25.784763395,0.0,6.1974459625,0.0,28137.0,0.0,27962.62246295314,65.70199209441292,45387.0,54750000.000483066,0.08289863013625487,False,49.408171209,0.0
Taylor,8.96641885245,99.0,71.72146,45.0,16.9,5.1831617287,4108,11.673439232,21730,15.9,40.385448991,170.97701,585:1,52974,55.241641706,139200,51.20475785366667,16.033488966,2022,82.18707834,24.779454023,1637.0,1955.0,143.5,1963.0,0.9554242749731476,0.9543501611170784,0.970998925886144,0.96186895810956,0.958109559613319,0.956498388829216,0.1178,0.1846,0.0776,0.69,High Vulnerability,0.78,High Concern,585.0,1.0,large,very urban,24.779454023,0.0,5.1831617287,0.0,1963.0,0.0,1952.825453526562,83.82725640142492,3735.5,3449300.0000016,0.10829733569124944,False,40.385448991,0.0
Terrell,,0.0,0.0,11.0,13.2,,26,17.105263158,90,9.9,,142.45014,702:1,42849,53.6,702,49.210119764333335,100.0,2022,66.825775656,18.518518519,12.5,10.0,0.0,,1.0,1.0,1.0,1.0,1.0,1.0,0.1166,0.1765,0.0789,0.47,Moderate Vulnerability,0.91,Very High Concern,702.0,1.0,small,very rural,18.518518519,0.0,5.96637375055,1.0,213.5,1.0,212.22617920425756,5.889942535303031,22.5,13000.000000338001,0.17307692307242306,True,41.965456189,1.0
Terry,9.685373816350001,5.0,40.52849,41.0,27.4,,529,15.46331482,1940,15.5,25.41642234,49.24895,2031:1,47292,74.26567295,12183,47.112509729,24.669986562,2022,74.908558888,27.33316917,120.0,139.5,15.0,198.0,0.9554140127388536,0.9490445859872612,0.9681528662420388,0.9554140127388536,0.9681528662420388,0.9426751592356688,0.1143,0.1758,0.0766,0.99,Very High Vulnerability,0.99,Very High Concern,2031.0,1.0,medium,very urban,27.33316917,0.0,5.96637375055,1.0,198.0,0.0,196.8186579973911,60.96982939574287,274.5,332999.99999811,0.0824324324329003,False,25.41642234,0.0
Throckmorton,,1.0,66.62225000000001,21.0,27.7,,64,21.333333333,270,18.7,,67.2495,1487:1,46820,59.17721519,1487,52.134149861333334,100.0,2022,76.858345021,20.847343645,17.5,20.0,0.0,23.0,0.9545454545454548,0.9545454545454548,0.9545454545454548,0.9545454545454548,0.9545454545454548,0.9545454545454548,0.1278,0.1901,0.086,0.27,Low Vulnerability,0.85,Very High Concern,1487.0,1.0,small,very rural,20.847343645,0.0,5.96637375055,1.0,23.0,0.0,22.86277340373735,76.54364451313373,37.5,31000.000000114997,0.12096774193503512,True,41.965456189,1.0
Titus,6.7571386013999994,14.0,42.74809,40.0,21.4,,1440,14.998437663,5000,15.3,38.568121763,112.37319999999998,890:1,52973,70.898493034,32926,50.92539830566667,50.556689553,2022,78.931670282,28.579238292,359.0,447.0,41.5,436.0,0.965235173824131,0.96319018404908,0.9775051124744376,0.967280163599182,0.965235173824131,0.9529652351738244,0.1283,0.1937,0.0866,0.89,Very High Vulnerability,0.92,Very High Concern,890.0,1.0,medium,urban,28.579238292,0.0,5.96637375055,1.0,436.0,0.0,433.3986610447602,82.83366615267957,847.5,941000.000002392,0.0900637619551377,False,38.568121763,0.0
Tom Green,8.28004769055,88.0,73.8255,52.0,16.6,5.228398459,3074,10.488961682,16620,14.1,46.09465089,105.82451,945:1,55990,53.068222529,120010,50.16272137166666,15.64087676,2022,79.908271832,23.761353221,728.0,741.0,34.5,1444.0,0.957205789804909,0.964128382630585,0.9767149150409064,0.9603524229074888,0.9603524229074888,0.9553178099433608,0.1078,0.1675,0.0704,0.66,High Vulnerability,0.89,Very High Concern,945.0,1.0,large,very urban,23.761353221,0.0,5.228398459,0.0,1444.0,0.0,1436.450192625204,50.68049026256411,1503.5,2851600.00005221,0.05272478608403957,False,46.09465089,0.0
Travis,7.58347203475,1119.0,87.83677,51.0,10.9,4.0891632738,34551,12.26530634,156910,12.8,50.125527111,108.3427,923:1,82605,50.635554983,1300503,49.37679039666667,5.463522171,2022,90.554207161,20.872539317,10418.0,12267.0,1670.0,16433.0,0.9017482043637348,0.9138772191353844,0.9372543705109094,0.9064236346388398,0.9012061254912588,0.8906355874779779,0.0916,0.1391,0.0588,0.38,Low Vulnerability,0.69,High Concern,923.0,1.0,large,very urban,20.872539317,0.0,4.0891632738,0.0,16433.0,0.0,16365.802779921645,63.657127854316464,24355.0,27144799.999376453,0.08972252512657843,False,50.125527111,0.0
Trinity,7.833584428249999,2.0,13.65095,37.0,26.5,,391,13.227334235,2750,18.8,48.314859019,47.03353,2126:1,47685,74.200518583,14883,51.626114992666665,77.236887213,2022,72.465192465,19.619700329,87.5,136.5,15.0,110.0,0.9415584415584416,0.9350649350649352,0.9545454545454548,0.9285714285714288,0.9415584415584416,0.9285714285714288,0.1365,0.206,0.093,0.8,Very High Vulnerability,0.97,Very High Concern,2126.0,1.0,medium,rural,19.619700329,0.0,5.96637375055,1.0,110.0,0.0,109.3436988874395,80.02290108191252,239.0,291999.999996507,0.08184931506947225,False,48.314859019,0.0
Tyler,8.62628718535,4.0,18.457,32.0,27.9,,526,12.353217473,3950,18.4,50.998396311,41.68404,2399:1,48809,62.386302836,21591,46.04805181466667,78.131030047,2022,73.315515544,19.095919596,115.0,137.5,5.0,198.0,0.9450549450549453,0.9450549450549453,0.9560439560439562,0.9560439560439562,0.9523809523809528,0.9487179487179488,0.1428,0.2169,0.0983,0.88,Very High Vulnerability,0.98,Very High Concern,2399.0,1.0,medium,rural,19.095919596,0.0,5.96637375055,1.0,198.0,0.0,196.8186579973911,58.42941983758691,257.5,412299.999997236,0.0624545234057061,False,50.998396311,0.0
Upshur,7.6840738244,12.0,28.74045,44.0,17.8,7.6640098099,1230,11.998829382,6810,16.6,41.539203211,7.11474,14055:1,58231,62.194372773,42166,50.608572568999996,79.299905874,2022,83.337965536,23.620926813,291.0,381.0,22.5,518.0,0.9532908704883224,0.9490445859872612,0.9596602972399152,0.9554140127388536,0.9554140127388536,0.9532908704883224,0.1276,0.1901,0.0861,0.59,Moderate Vulnerability,0.88,Very High Concern,14055.0,1.0,large,rural,23.620926813,0.0,7.6640098099,0.0,518.0,0.0,514.0300429184718,56.61147709340294,694.5,995999.9999969581,0.06972891566286357,False,41.539203211,0.0
Upton,8.87953410255,2.0,54.68964,19.0,17.0,,186,17.064220183,420,11.4,36.664373311,110.40574,906:1,59593,59.885057471,3623,49.399628535,100.0,2022,61.086309524,28.705492686,27.5,29.5,5.0,40.0,0.982142857142857,0.964285714285714,0.982142857142857,0.982142857142857,0.982142857142857,1.0,0.1235,0.1873,0.0822,0.65,High Vulnerability,0.96,Very High Concern,906.0,1.0,small,very rural,28.705492686,0.0,5.96637375055,1.0,40.0,0.0,39.761345049978,69.16265022079583,62.0,104000.000001378,0.059615384614594716,False,36.664373311,0.0
Uvalde,7.09941670075,10.0,37.39576,32.0,30.7,,1036,14.122137405,3820,14.2,78.688173883,78.52816,1273:1,49275,75.766755017,26742,50.767962469,31.384207536,2022,70.339648022,26.632263855,268.0,329.0,7.5,400.0,0.9690140845070424,0.971830985915493,0.9774647887323944,0.971830985915493,0.971830985915493,0.9661971830985916,0.107,0.1724,0.0705,0.95,Very High Vulnerability,0.98,Very High Concern,1273.0,1.0,medium,urban,26.632263855,0.0,5.96637375055,1.0,400.0,0.0,397.61345049978,67.40214639699374,604.5,712200.0000104101,0.08487784330120249,False,78.688173883,0.0
Val Verde,6.51994028235,17.0,34.67619,25.0,24.3,3.4019391053,1681,11.881538027,7230,14.8,65.38569818,69.34813,1442:1,54346,70.936451818,49028,48.801670161333334,10.157736451,2022,67.122284598,28.153300155,540.0,552.0,38.5,773.0,0.9308093994778068,0.9621409921671018,0.9765013054830284,0.929503916449086,0.9399477806788512,0.928198433420366,0.107,0.1724,0.0705,0.97,Very High Vulnerability,0.99,Very High Concern,1442.0,1.0,large,very urban,28.153300155,0.0,3.4019391053,0.0,773.0,0.0,770.3703010716031,70.09616015166309,1130.5,1380299.99999934,0.08190248496707532,False,65.38569818,0.0
Van Zandt,6.9612978811,7.0,12.36968,42.0,17.7,6.2111801242,2174,16.133580705,8780,15.9,50.925009357,33.02453,3028:1,57891,53.936854414,57533,50.990868508000005,75.018543525,2022,77.442178198,22.858185737,453.0,557.0,31.0,674.0,0.93013698630137,0.9287671232876712,0.943835616438356,0.934246575342466,0.9369863013698632,0.9273972602739724,0.1285,0.1874,0.0874,0.56,Moderate Vulnerability,0.89,Very High Concern,3028.0,1.0,large,rural,22.858185737,0.0,6.2111801242,0.0,674.0,0.0,669.8136645962892,67.63074925815863,1041.0,1315100.000006821,0.07915747851833325,False,50.925009357,0.0
Victoria,7.8843189941,69.0,74.93158,51.0,24.4,5.4035798717,3083,12.920665521,13240,14.4,33.800546644,104.42047,958:1,53583,65.285249386,91936,50.929100865,26.626571267,2022,72.601476015,25.069613644,962.0,1114.0,138.5,1249.0,0.9809128630705392,0.9767634854771788,0.9858921161825732,0.9809128630705392,0.9809128630705392,0.9767634854771788,0.1065,0.1663,0.0699,0.78,High Vulnerability,0.9,Very High Concern,958.0,1.0,large,very urban,25.069613644,0.0,5.4035798717,0.0,1249.0,0.0,1242.2509287402468,77.44007090222536,2214.5,2304799.999974784,0.09608208955329,False,33.800546644,0.0
Walker,8.2140003319,21.0,28.77856,45.0,20.8,,1423,13.122464035,10940,15.1,27.137336083,58.20076,1718:1,43002,54.030214882,72164,41.857438847333334,45.582882657,2022,83.188985121,14.918796076,444.0,497.0,20.0,694.0,0.944707740916272,0.9352290679304898,0.958925750394945,0.958925750394945,0.9494470774091626,0.9478672985781992,0.1365,0.206,0.093,0.7,High Vulnerability,0.9,Very High Concern,1718.0,1.0,large,urban,14.918796076,0.0,5.96637375055,1.0,694.0,0.0,689.8593366171183,64.36094670795566,961.0,1076600.000028464,0.08926249303126438,False,27.137336083,0.0
Waller,7.6921201124500005,8.0,14.48069,44.0,17.4,6.0962333987,2159,15.655137408,6960,13.4,58.697529087,3.48117,28726:1,69460,68.722903506,57452,50.14859638433333,61.641013772,2022,78.7052483,24.000905103,486.0,592.0,49.5,770.0,0.9680981595092024,0.9779141104294482,0.9865030674846622,0.970552147239264,0.9680981595092024,0.96319018404908,0.1114,0.1704,0.0738,0.83,Very High Vulnerability,0.9,Very High Concern,28726.0,1.0,large,rural,24.000905103,0.0,6.0962333987,0.0,770.0,0.0,765.305900283001,63.50401843501833,1127.5,1378899.999977556,0.08176807600394169,False,58.697529087,0.0
Ward,9.647824028599999,2.0,16.66944,27.0,14.4,,563,15.638888889,1310,11.2,8.6425395821,90.93164,1100:1,57257,47.077042199,12097,49.41715022233333,27.88515669,2022,76.829268293,29.313052823,111.5,159.5,22.5,184.0,0.9503105590062112,0.9565217391304348,0.968944099378882,0.9627329192546584,0.9627329192546584,0.9503105590062112,0.1166,0.1765,0.0789,0.65,High Vulnerability,0.96,Very High Concern,1100.0,1.0,medium,urban,29.313052823,0.0,5.96637375055,1.0,184.0,0.0,182.9021872298988,60.96154545153149,293.5,354599.999999831,0.08276931754093059,False,8.6425395821,0.0
Washington,8.01768232645,20.0,55.73825,46.0,17.6,7.1942446043,1226,15.489576753,4940,14.0,40.500037304,67.09346,1490:1,62667,57.25,35771,51.02981005233334,53.490717124,2022,76.781022446,21.363674485,303.0,388.0,29.5,342.0,0.978142076502732,0.9808743169398908,0.9836065573770492,0.9754098360655736,0.978142076502732,0.9726775956284152,0.1225,0.1864,0.0827,0.73,High Vulnerability,0.86,Very High Concern,1490.0,1.0,medium,urban,21.363674485,0.0,7.1942446043,0.0,342.0,0.0,339.5395683453294,89.23849478769237,720.5,764200.0000029351,0.0942816016745921,False,40.500037304,0.0
Webb,8.06629893835,84.0,30.36306,37.0,30.3,4.8999136947,13216,14.540173611,43300,15.8,71.381264815,58.34033,1714:1,56588,82.585862678,277681,50.704706752,2.5996388392,2022,72.29582886,32.005430692,3083.0,3648.0,200.5,4534.0,0.9909040793825798,0.98787210584344,0.9953142227122382,0.9931091510474088,0.9931091510474088,0.9873208379272328,0.1039,0.1663,0.0674,0.95,Very High Vulnerability,0.99,Very High Concern,1714.0,1.0,large,very urban,32.005430692,0.0,4.8999136947,0.0,4534.0,0.0,4511.78379130823,68.33217509090917,6931.5,8887299.999985252,0.077993316305419,False,71.381264815,0.0
Wharton,9.257186542,15.0,36.09587,40.0,20.6,6.6820868671,1833,16.663636364,6200,14.9,32.709420385,86.362,1158:1,55887,65.897778317,41685,50.69366168333334,49.895833333,2022,76.587093389,25.788652993,453.0,849.0,22.5,545.0,0.9731182795698928,0.9767025089605736,0.9874551971326162,0.9749103942652328,0.9767025089605736,0.9713261648745518,0.1114,0.1704,0.0738,0.88,Very High Vulnerability,0.96,Very High Concern,1158.0,1.0,large,urban,25.788652993,0.0,6.6820868671,0.0,545.0,0.0,541.3582626574305,83.67841247611229,1324.5,1075000.000013205,0.12320930232406792,False,32.709420385,0.0
Wheeler,6.91132248415,2.0,39.55696,27.0,20.3,,276,20.988593156,890,16.7,43.478699651,121.31015,824:1,49838,54.912764004,4946,49.723771453666664,100.0,2022,77.087378641,24.747270522,39.0,158.0,10.0,46.0,0.9743589743589745,0.9743589743589745,1.0,0.9871794871794876,0.9743589743589745,0.9871794871794876,0.1241,0.1883,0.0824,0.7,High Vulnerability,0.91,Very High Concern,824.0,1.0,small,very rural,24.747270522,0.0,5.96637375055,1.0,46.0,0.0,45.7255468074747,85.291489600349,207.0,122400.000001812,0.16911764705631993,False,43.478699651,0.0
Wichita,8.00328263595,111.0,83.94464,45.0,20.9,7.6250856751,3723,12.20535685,22340,17.0,44.443706665,126.87211,788:1,54659,59.907545625,133205,48.182686452000006,10.666920152,2022,80.823272488,22.491648211,1276.0,1595.0,57.0,1526.0,0.9597359735973598,0.9617161716171616,0.9742574257425743,0.9623762376237625,0.9630363036303632,0.9590759075907592,0.1296,0.2018,0.0855,0.82,Very High Vulnerability,0.83,Very High Concern,788.0,1.0,large,very urban,22.491648211,0.0,7.6250856751,0.0,1526.0,0.0,1514.3641192597975,84.25978823532171,2928.0,2995999.9999462552,0.09773030707785463,False,44.443706665,0.0
Wilbarger,8.95648461295,4.0,31.32587,50.0,21.1,,336,11.76882662,2440,19.0,15.587673946,55.76801,1793:1,51774,64.073426573,12552,50.60286607333333,21.891392686,2022,70.227635783,21.89292543,132.0,145.0,15.0,158.0,0.9875,0.99375,0.9875,0.99375,0.99375,0.9875,0.1293,0.1898,0.087,0.91,Very High Vulnerability,0.93,Very High Concern,1793.0,1.0,medium,very urban,21.89292543,0.0,5.96637375055,1.0,158.0,0.0,157.0573129474131,84.04575216704303,292.0,274799.99999736,0.10625909752649391,False,15.587673946,0.0
Willacy,8.3006811217,7.0,32.7746,49.0,34.0,,542,10.690335306,4050,18.8,,61.43377,1628:1,40190,86.713286713,21161,44.51384749966667,34.57576579,2022,66.74600476,23.264496007,220.0,811.0,1240.0,234.0,1.0,1.0,1.0,1.0,1.0,1.0,0.0992,0.1603,0.0642,0.99,Very High Vulnerability,0.98,Very High Concern,1628.0,1.0,medium,urban,23.264496007,0.0,5.96637375055,1.0,234.0,0.0,232.6038685423713,94.58140201134472,2271.0,492300.00000412704,0.46130408287242775,True,41.965456189,1.0
Williamson,7.342344129400001,406.0,68.74935,52.0,6.3,4.139179925,13097,8.3161363651,60430,11.0,40.634655498,77.68813,1287:1,91507,29.459483369,617855,50.57650724266667,11.98994982,2022,94.057295349,24.812941548,6130.0,6212.0,430.0,8077.0,0.9367473147444938,0.9387002278398612,0.9481393078008024,0.9390257133557556,0.9370728002603884,0.931105565802322,0.0946,0.1402,0.061,0.2,Low Vulnerability,0.58,Moderate Concern,1287.0,1.0,large,very urban,24.812941548,0.0,4.139179925,0.0,8077.0,0.0,8043.567843745775,76.20996203527199,12772.0,15330800.00013954,0.08330941633759327,False,40.634655498,0.0
Wilson,7.30065563035,22.0,43.07813,37.0,11.5,,1528,11.907730673,5350,10.9,35.862415719,49.97789,2001:1,74529,41.624145044,52023,49.746928254000004,85.861410131,2022,86.197183099,23.508832632,387.0,376.0,20.0,546.0,0.976608187134503,0.9780701754385964,0.9795321637426898,0.9809941520467836,0.9809941520467836,0.9795321637426898,0.1134,0.1709,0.0762,0.44,Moderate Vulnerability,0.78,High Concern,2001.0,1.0,large,very rural,23.508832632,0.0,5.96637375055,1.0,546.0,0.0,542.7423599321997,71.3045504773839,783.0,1223000.000014536,0.06402289452090708,False,35.862415719,0.0
Winkler,8.54179761155,2.0,24.96879,22.0,16.9,,378,15.447486718,890,11.4,40.318537353,50.71637,1972:1,77960,53.2351394,7887,48.32488114466667,18.129395218,2022,79.029793736,29.085837454,107.0,179.5,33.5,108.0,0.9813084112149536,0.9158878504672896,0.9906542056074767,0.9906542056074767,0.9813084112149536,0.9626168224299064,0.1166,0.1765,0.0789,0.65,High Vulnerability,0.99,Very High Concern,1972.0,1.0,small,very urban,29.085837454,0.0,5.96637375055,1.0,108.0,0.0,107.3556316349406,99.66873499831857,320.0,229399.999999698,0.1394943330429038,False,40.318537353,0.0
Wise,6.316590440000001,28.0,40.00914,48.0,12.4,5.2299368801,2735,15.149836592,9520,14.4,63.320537933,87.22075,1147:1,71636,46.755214833,71084,49.83336337833333,72.107497421,2022,82.470567089,24.344437567,690.0,819.0,15.0,866.0,0.925294888597641,0.9174311926605504,0.9357798165137616,0.929226736566186,0.926605504587156,0.9213630406290956,0.1293,0.1898,0.087,0.58,Moderate Vulnerability,0.81,Very High Concern,1147.0,1.0,large,rural,24.344437567,0.0,5.2299368801,0.0,866.0,0.0,861.4708746618334,80.09556913585227,1524.0,1730500.000012628,0.0880670326488806,False,63.320537933,0.0
Wood,6.3444414413,19.0,41.72248,41.0,21.4,,1288,14.486559442,7520,16.9,64.04081037,69.12791,1447:1,61886,60.718829517,46291,50.24972682199999,74.199313697,2022,80.222541278,18.720701648,287.0,323.0,7.5,444.0,0.9344978165938862,0.9432314410480348,0.9585152838427948,0.9323144104803488,0.9301310043668124,0.9301310043668124,0.1285,0.1874,0.0874,0.63,High Vulnerability,0.87,Very High Concern,1447.0,1.0,large,rural,18.720701648,0.0,5.96637375055,1.0,444.0,0.0,441.3509300547558,65.0276187170136,617.5,866599.9999875679,0.07125548119188306,False,64.04081037,0.0
Yoakum,6.2224044718,3.0,34.43131,15.0,14.9,,627,21.06147128,780,9.0,,57.45806,1740:1,67132,59.406858202,8702,49.012264108000004,37.327071963,2022,83.583237216,33.176281315,80.0,122.0,12.5,136.0,0.929203539823009,0.9203539823008848,0.9469026548672564,0.929203539823009,0.9203539823008848,0.9115044247787608,0.1143,0.1758,0.0766,0.49,Moderate Vulnerability,0.93,Very High Concern,1740.0,1.0,small,urban,33.176281315,0.0,5.96637375055,1.0,136.0,0.0,135.1885731699252,59.1765991193975,214.5,288700.00000313,0.07429857983985952,True,41.965456189,1.0
Young,4.97478012515,16.0,88.83953000000001,42.0,22.1,,756,17.127322157,2570,14.3,35.891993869,78.19482,1279:1,54569,58.541927409,17904,50.214278188,33.568733154,2022,79.749032172,23.212689902,192.0,206.0,10.0,217.0,0.925925925925926,0.925925925925926,0.9722222222222222,0.9351851851851852,0.9305555555555556,0.9212962962962964,0.1293,0.1898,0.087,0.55,Moderate Vulnerability,0.84,Very High Concern,1279.0,1.0,medium,urban,23.212689902,0.0,5.96637375055,1.0,217.0,0.0,215.70529689613065,89.01033157866979,408.0,415600.000005408,0.09817131857427597,False,35.891993869,0.0
Zapata,8.327636093599999,1.0,7.05268,36.0,39.5,,631,13.491554415,2780,19.4,,35.28084,2834:1,39876,85.460693153,14172,50.130681815,23.534027679,2022,61.825549158,32.479537115,156.0,221.0,10.0,175.0,0.9791666666666664,0.984375,0.9947916666666664,0.9791666666666664,0.984375,0.9791666666666664,0.1146,0.1867,0.0742,0.99,Very High Vulnerability,1.0,Very High Concern,2834.0,1.0,medium,very urban,32.479537115,0.0,5.96637375055,1.0,175.0,0.0,173.95588459365376,89.67790906550981,387.0,460299.99999378,0.08407560286883109,True,41.965456189,1.0
Zavala,8.573481330949999,1.0,8.44595,26.0,39.0,,321,9.4550810015,2590,21.5,,84.45946,1184:1,34898,85.89540412,11840,49.111035498666666,38.032028775,2022,61.731083288,28.260135135,117.0,154.5,7.5,158.0,1.0,0.9930555555555556,1.0,1.0,1.0,1.0,0.107,0.1724,0.0705,1.0,Very High Vulnerability,1.0,Very High Concern,1184.0,1.0,medium,urban,28.260135135,0.0,5.96637375055,1.0,158.0,0.0,157.0573129474131,74.49509851169724,279.0,334599.9999984,0.08338314405299885,True,41.965456189,1.0
Anderson,7.3565473271,23.0,39.78895,45.0,24.5,,1282,11.478198585,8060,13.9,47.602799748,77.05216,1298:1,54515,64.514557193,58402,38.051779049,67.063532793,2023,71.135936191,,328.0,421.0,17.5,,0.96229802513465,0.9587073608617596,0.96229802513465,0.96229802513465,0.96229802513465,0.9551166965888688,0.1398,0.2105,0.0948,0.79,High Vulnerability,0.95,Very High Concern,1298.0,1.0,large,rural,23.469542212999997,1.0,5.96637375055,1.0,213.5,1.0,212.22617920425756,154.5520921263515,766.5,1370668.204323626,0.05592162987236137,False,47.602799748,0.0
Andrews,7.3170731707,8.0,42.37513,24.0,15.4,,1195,19.430894309,2200,12.0,71.350793204,65.07592,1537:1,70005,46.584302326,18440,48.926247289,16.502096578,2023,87.630548522,,275.0,361.0,31.0,,0.9777070063694268,0.9554140127388536,0.9968152866242038,0.9936305732484076,0.9840764331210192,0.9777070063694268,0.1166,0.1765,0.0789,0.47,Moderate Vulnerability,0.88,Very High Concern,1537.0,1.0,medium,very urban,23.469542212999997,1.0,5.96637375055,1.0,213.5,1.0,212.22617920425756,129.57873577666666,667.0,432778.35840771993,0.15412046074901464,False,71.350793204,0.0
Angelina,8.9076884797,57.0,65.67123000000001,50.0,26.4,7.0544554455,2984,13.443258098,15170,17.4,41.273274278,115.59892,865:1,50620,74.279898847,86506,50.954847063,43.082366228,2023,83.819458132,,624.0,658.0,42.5,,0.9480176211453744,0.9524229074889868,0.9691629955947136,0.9541850220264316,0.9559471365638766,0.947136563876652,0.125,0.1935,0.0836,0.98,Very High Vulnerability,0.89,Very High Concern,865.0,1.0,large,urban,23.469542212999997,1.0,7.0544554455,0.0,213.5,1.0,211.99387376238576,294.34812852158785,1324.5,2030256.2186777778,0.06523807132395301,False,41.273274278,0.0
Aransas,8.9071383449,7.0,29.39447,55.0,27.8,,682,15.507048658,4500,18.6,,57.11953999999999,1751:1,55435,68.006644518,24510,50.167278662,27.260557907,2023,83.42077851100001,,158.0,194.0,24.5,,0.972093023255814,0.972093023255814,0.972093023255814,0.9813953488372092,0.9674418604651164,0.9813953488372092,0.1183,0.18,0.0772,0.8,Very High Vulnerability,0.85,Very High Concern,1751.0,1.0,medium,urban,23.469542212999997,1.0,5.96637375055,1.0,213.5,1.0,212.22617920425756,74.4488736462303,376.5,575238.47964063,0.0654511152027263,True,41.965456189,1.0
Archer,6.8965517241,,,48.0,12.5,,313,15.912557194,1200,13.7,,11.51941,8681:1,69286,31.87032419,8681,50.420458473,88.988292467,2023,76.5869256025,,75.0,111.0,2.5,,0.9420289855072465,0.9492753623188406,0.9492753623188406,0.9420289855072465,0.9420289855072465,0.9420289855072465,0.1293,0.1898,0.087,0.09,Very Low Vulnerability,0.8,Very High Concern,8681.0,1.0,small,very rural,23.469542212999997,1.0,5.96637375055,1.0,213.5,1.0,212.22617920425756,35.33965521181818,188.5,203739.09595105296,0.0925202888135353,True,41.965456189,1.0
Armstrong,,0.0,0.0,36.0,13.2,,77,17.539863326,210,10.5,,0.0,1839:0,64401,31.329113924,1839,50.679717238,100.0,2023,83.4169868715,,17.5,23.5,0.0,,1.0,0.96,1.0,1.0,1.0,1.0,0.1241,0.1883,0.0824,0.16,Very Low Vulnerability,0.56,Moderate Concern,1839.0,0.0,small,very rural,23.469542212999997,1.0,5.96637375055,1.0,213.5,1.0,212.22617920425756,8.245919549424242,41.0,43160.488129706995,0.09499429171603843,True,41.965456189,1.0
Atascosa,7.9859678085,10.0,19.33338,40.0,23.8,,1777,12.442234981,5830,11.6,79.225644182,56.0684,1784:1,57905,61.99440346,49939,49.968962134,60.711184342,2023,81.44434226050001,,537.0,698.0,25.0,,0.9690265486725664,0.9690265486725664,0.9778761061946902,0.971976401179941,0.971976401179941,0.971976401179941,0.1146,0.174,0.0756,0.85,Very High Vulnerability,0.95,Very High Concern,1784.0,1.0,large,rural,23.469542212999997,1.0,5.96637375055,1.0,213.5,1.0,212.22617920425756,253.0319313166182,1260.0,1172045.4685750068,0.10750436171490256,False,79.225644182,0.0
Austin,8.0698835275,5.0,16.68224,47.0,16.5,,1047,14.405613649,4030,13.5,28.248595886,59.24951,1688:1,68150,53.472222222,30380,50.039499671,66.344089805,2023,77.45695469750001,,338.0,405.0,125.5,,0.9477806788511748,0.9399477806788512,0.9556135770234988,0.9530026109660574,0.9477806788511748,0.93733681462141,0.1114,0.1704,0.0738,0.49,Moderate Vulnerability,0.82,Very High Concern,1688.0,1.0,medium,rural,23.469542212999997,1.0,5.96637375055,1.0,213.5,1.0,212.22617920425756,159.26404615459393,868.5,713004.6924309399,0.12180845501015003,False,28.248595886,0.0
Bailey,7.9329608939,2.0,29.86412,38.0,24.7,,384,19.248120301,710,10.2,,102.41405,976:1,47375,85.78908003,6835,49.656181419,28.750872296,2023,71.7998761075,,91.5,143.0,16.0,,0.926605504587156,0.9174311926605504,0.963302752293578,0.9541284403669724,0.926605504587156,0.9174311926605504,0.1143,0.1758,0.0766,0.8,Very High Vulnerability,0.96,Very High Concern,976.0,1.0,small,urban,23.469542212999997,1.0,5.96637375055,1.0,213.5,1.0,212.22617920425756,43.114379358418184,250.5,160414.32102585497,0.156158127527545,True,41.965456189,1.0
Bandera,8.0,5.0,20.9547,45.0,19.4,,546,13.694507148,3400,14.9,,69.55715000000001,1438:1,69051,51.484751204,21565,50.081150012,100.0,2023,83.211575298,,114.0,162.0,20.0,,0.9109947643979056,0.9214659685863874,0.9319371727748692,0.9214659685863874,0.9319371727748692,0.9214659685863874,0.1146,0.174,0.0756,0.51,Moderate Vulnerability,0.77,High Concern,1438.0,1.0,medium,very rural,23.469542212999997,1.0,5.96637375055,1.0,213.5,1.0,212.22617920425756,53.71627592196363,296.0,506120.67782334494,0.058484075630538666,True,41.965456189,1.0
Bastrop,7.604262597,24.0,26.20059,45.0,18.1,4.3982407037,3516,14.742138365,10440,12.0,42.292319466,47.03208,2126:1,72809,72.02498763,102058,48.828117345,63.85244907,2023,81.63189081249999,,1128.0,1312.0,131.5,,0.930928626247122,0.9462778204144282,0.9623944742900996,0.9301611665387568,0.933231005372218,0.920951650038373,0.124,0.188,0.0827,0.75,High Vulnerability,0.85,Very High Concern,2126.0,1.0,large,rural,23.469542212999997,1.0,4.3982407037,0.0,213.5,1.0,212.56097560976005,530.6712564543791,2571.5,2395254.5391743537,0.10735810987697357,False,42.292319466,0.0
Baylor,9.6551724138,5.0,142.12621,35.0,25.2,,106,12.942612943,560,15.7,30.43688815,115.0417,869:1,45408,57.32689211,3477,50.589588726,100.0,2023,76.64967159,,35.5,42.0,0.0,,0.9215686274509804,0.9803921568627452,1.0,0.9607843137254902,0.9411764705882352,0.9607843137254902,0.1293,0.1898,0.087,0.16,Very Low Vulnerability,0.78,High Concern,869.0,1.0,small,very rural,23.469542212999997,1.0,5.96637375055,1.0,213.5,1.0,212.22617920425756,16.727436800260605,77.5,81603.59827460098,0.09497130229381291,False,30.43688815,0.0
Bee,9.736632083,5.0,15.37846,37.0,30.9,7.9904115062,610,9.0450771056,5500,16.9,66.47505981,71.14215,1406:1,45431,80.309339679,30924,38.701332299,42.97730768,2023,65.659182571,,214.0,238.0,15.0,,0.9647435897435898,0.967948717948718,0.9775641025641024,0.967948717948718,0.967948717948718,0.9647435897435898,0.1183,0.18,0.0772,0.97,Very High Vulnerability,0.99,Very High Concern,1406.0,1.0,medium,urban,23.469542212999997,1.0,7.9904115062,0.0,213.5,1.0,211.7940471434263,101.04155564631137,467.0,725772.1233948119,0.06434526553811398,False,66.47505981,0.0
Bell,8.7076951725,287.0,77.58287,36.0,19.7,6.5978802555,8956,8.7289597567,53820,15.1,45.673583546,197.0407,508:1,58878,54.207645538,379617,50.026210628,15.186229794,2023,86.5027035735,,3434.0,4059.0,303.0,,0.9612030610428902,0.9647624132407902,0.9690336358782702,0.9651183484605802,0.9635166399715251,0.9617369638725752,0.1244,0.1993,0.0815,0.81,Very High Vulnerability,0.83,Very High Concern,508.0,1.0,large,very urban,23.469542212999997,1.0,6.5978802555,0.0,213.5,1.0,212.09135256545076,1619.1136312077024,7796.0,8909437.20627242,0.08750272121017322,False,45.673583546,0.0
Bexar,8.8493981011,1505.0,74.25414,43.0,20.8,6.1205886183,51184,9.8073179331,288320,14.6,42.305089999,127.30274,786:1,63014,61.540029941,2028236,50.399509722,4.5390847652,2023,82.75538035299999,,17833.0,23476.0,3342.0,,0.9311357055020032,0.94133047721052,0.955730096394145,0.9353405529771114,0.9334761394739974,0.929548970605736,0.1005,0.1587,0.0641,0.83,Very High Vulnerability,0.87,Very High Concern,786.0,1.0,large,very urban,23.469542212999997,1.0,6.1205886183,0.0,213.5,1.0,212.19325432999295,8404.131439667237,44651.0,47601770.41992626,0.0938011330379194,False,42.305089999,0.0
Blanco,6.3271604938,6.0,48.903740000000006,48.0,14.2,,427,19.139399372,1510,12.9,,50.479560000000006,1981:1,69247,39.323076923,11886,49.957933704,100.0,2023,86.54393279,,53.5,75.5,7.5,,0.8559322033898306,0.8559322033898306,0.8983050847457628,0.8559322033898306,0.8559322033898306,0.8389830508474576,0.1008,0.1475,0.0669,0.28,Low Vulnerability,0.68,High Concern,1981.0,1.0,medium,very rural,23.469542212999997,1.0,5.96637375055,1.0,213.5,1.0,212.22617920425756,25.20895405109697,136.5,278958.97874371795,0.04893192562387596,True,41.965456189,1.0
Borden,,0.0,0.0,28.0,12.0,,22,14.285714286,80,11.7,,0.0,617:0,69744,37.229437229,617,47.649918963,100.0,2023,80.67501629750001,,2.5,15.0,2.5,,1.0,1.0,1.0,1.0,1.0,1.0,0.1235,0.1873,0.0822,0.06,Very Low Vulnerability,0.72,High Concern,617.0,0.0,small,very rural,23.469542212999997,1.0,5.96637375055,1.0,213.5,1.0,212.22617920425756,1.177988507060606,20.0,14480.707545420999,0.1381147981703717,True,41.965456189,1.0
Bosque,6.0392156863,11.0,59.13025,34.0,19.8,,586,14.779319042,2850,15.5,25.971333562,48.64076,2056:1,56041,65.77977896,18503,50.386423823,81.215681968,2023,74.7544475325,,123.0,157.0,7.5,,0.8944444444444445,0.9222222222222224,0.9388888888888888,0.9,0.9055555555555556,0.8944444444444445,0.1248,0.188,0.085,0.62,High Vulnerability,0.89,Very High Concern,2056.0,1.0,medium,rural,23.469542212999997,1.0,5.96637375055,1.0,213.5,1.0,212.22617920425756,57.95703454738182,287.5,434256.93956713896,0.06620504448048103,False,25.971333562,0.0
Bowie,10.533448318,63.0,67.39336999999999,45.0,23.6,9.200968523,2094,9.4375338021,14990,16.0,45.176024658,199.82502,500:1,52934,60.724991673,92581,49.448590964,35.424836601,2023,72.75890070049999,,579.0,872.0,60.5,,0.9394856278366112,0.94553706505295,0.9546142208774584,0.9493192133131618,0.94553706505295,0.9447806354009076,0.1356,0.2056,0.0926,0.85,Very High Vulnerability,0.86,Very High Concern,500.0,1.0,large,urban,23.469542212999997,1.0,9.200968523,0.0,213.5,1.0,211.5355932203395,273.712802269121,1511.5,2172833.6876217527,0.06956353855385927,False,45.176024658,0.0
Brazoria,8.2835415535,244.0,64.12312,47.0,11.8,4.6175704475,8777,8.4860966083,42840,11.6,45.420277373,73.74455999999999,1356:1,82165,51.388176589,379689,49.30851302,22.52862699,2023,88.57682379650001,,3899.0,4610.0,327.0,,0.963084495488105,0.963084495488105,0.9729286300246104,0.9649302707136996,0.965135356849877,0.9639048400328136,0.1074,0.1608,0.071,0.51,Moderate Vulnerability,0.69,High Concern,1356.0,1.0,large,very urban,23.469542212999997,1.0,4.6175704475,0.0,213.5,1.0,212.51414870945874,1834.701371027566,8836.0,8911127.013311755,0.09915693028278547,False,45.420277373,0.0
Brazos,7.8270905466,203.0,87.29118,56.0,23.5,5.0300767476,5029,10.208058459,34030,15.0,38.333795888,77.20477,1295:1,50494,57.559210109,237032,49.707212528,12.063576784,2023,82.4265735475,,1872.0,2445.0,257.5,,0.9605609114811569,0.962313759859772,0.9618755477651184,0.9596844872918492,0.9592462751971954,0.9548641542506572,0.1055,0.1682,0.0691,0.65,High Vulnerability,0.81,Very High Concern,1295.0,1.0,large,very urban,23.469542212999997,1.0,5.0300767476,0.0,213.5,1.0,212.4260786143874,881.2477320160875,4574.5,5563032.5298318155,0.08223032986899141,False,38.333795888,0.0
Brewster,5.5467511886,9.0,97.43423,13.0,20.8,,273,15.61784897,1460,15.8,,95.2381,1050:1,51197,56.625441696,9450,48.497354497,34.867850953,2023,75.8404454285,,37.5,59.5,2.5,,0.8939393939393939,0.9242424242424242,0.9242424242424242,0.8939393939393939,0.8939393939393939,0.8787878787878788,0.1166,0.1765,0.0789,0.66,High Vulnerability,0.84,Very High Concern,1050.0,1.0,medium,urban,23.469542212999997,1.0,5.96637375055,1.0,213.5,1.0,212.22617920425756,17.66982760590909,99.5,221787.17391284998,0.04486282874008664,True,41.965456189,1.0
Briscoe,,1.0,67.2495,34.0,24.3,,61,19.365079365,210,15.4,,71.27584,1403:1,49905,52.480417755,1403,48.966500356,100.0,2023,70.49912988450001,,20.0,20.0,0.0,,1.0,1.0,1.0,1.0,1.0,1.0,0.1241,0.1883,0.0824,0.46,Moderate Vulnerability,0.95,Very High Concern,1403.0,1.0,small,very rural,23.469542212999997,1.0,5.96637375055,1.0,213.5,1.0,212.22617920425756,9.423908056484848,40.0,32927.767724838995,0.12147801920330628,True,41.965456189,1.0
Brooks,8.4432717678,,,39.0,45.6,,181,9.4516971279,1700,23.9,,14.29797,6994:1,33460,85.883171071,6994,48.827566486,31.759656652,2023,62.454783686,,76.5,87.0,10.0,,0.9733333333333334,0.9733333333333334,0.9733333333333334,0.9733333333333334,0.9733333333333334,0.9733333333333334,0.0992,0.1603,0.0642,1.0,Very High Vulnerability,0.99,Very High Concern,6994.0,1.0,small,urban,23.469542212999997,1.0,5.96637375055,1.0,213.5,1.0,212.22617920425756,36.046448316054544,173.5,164145.97823772198,0.10569859941906783,True,41.965456189,1.0
Brown,8.3661065427,21.0,55.80209,43.0,22.3,7.5839653304,783,9.7740606666,5680,15.0,52.518803697,91.64223,1091:1,48803,58.127235962,38192,50.201612903,40.40046187,2023,77.1913551305,,273.0,416.0,27.5,,0.9610091743119266,0.9564220183486238,0.9655963302752294,0.9610091743119266,0.9610091743119266,0.9564220183486238,0.1278,0.1901,0.086,0.63,High Vulnerability,0.72,High Concern,1091.0,1.0,large,urban,23.469542212999997,1.0,7.5839653304,0.0,213.5,1.0,211.8808234019596,128.84601617867563,716.5,896348.7561988959,0.0799354040539341,False,52.518803697,0.0
Burleson,9.2682926829,7.0,37.80923,46.0,20.7,,519,12.714355708,2440,13.4,27.821782098,49.85873,2006:1,57469,60.883977901,18051,50.39056008,76.65677547,2023,74.7106892335,,166.0,236.0,22.5,,0.9736842105263158,0.9824561403508772,0.9824561403508772,0.9824561403508772,0.9780701754385964,0.9736842105263158,0.1225,0.1864,0.0827,0.61,High Vulnerability,0.83,Very High Concern,2006.0,1.0,medium,rural,23.469542212999997,1.0,5.96637375055,1.0,213.5,1.0,212.22617920425756,78.21843686882424,424.5,423648.70648686297,0.100200943257964,False,27.821782098,0.0
Burnet,7.132374523,21.0,42.29352,50.0,16.3,,1612,15.097873935,5760,12.1,70.950903274,76.53962,1307:1,72510,60.967831392,50954,50.716332378,55.67251462,2023,81.27549574700001,,370.0,420.0,44.5,,0.9158316633266532,0.9138276553106212,0.9278557114228456,0.9238476953907816,0.9218436873747496,0.9218436873747496,0.1264,0.1929,0.0847,0.53,Moderate Vulnerability,0.7,High Concern,1307.0,1.0,large,rural,23.469542212999997,1.0,5.96637375055,1.0,213.5,1.0,212.22617920425756,174.3422990449697,834.5,1195867.0539212017,0.06978200438449297,False,70.950903274,0.0
Caldwell,8.7528459398,11.0,25.011940000000003,44.0,19.4,5.6038105912,1460,14.218932606,5930,13.9,39.033710301,42.74326,2340:1,60063,77.938767796,46791,49.141929003,42.292334367,2023,73.4901027,,552.0,584.0,57.0,,0.966796875,0.96875,0.986328125,0.98046875,0.974609375,0.96484375,0.124,0.188,0.0827,0.87,Very High Vulnerability,0.97,Very High Concern,2340.0,1.0,large,urban,23.469542212999997,1.0,5.6038105912,0.0,213.5,1.0,212.3035864387788,260.0050282990288,1193.0,1098163.349688483,0.10863593292732084,False,39.033710301,0.0
Calhoun,7.0351758794,10.0,47.61678,37.0,22.1,,704,13.606494009,2580,12.0,39.015376493,81.10711,1233:1,70662,59.27737028,19727,48.299285244,44.731303494,2023,79.13131449650001,,202.5,266.0,18.5,,0.9795081967213116,0.9754098360655736,0.9836065573770492,0.9795081967213116,0.9795081967213116,0.9795081967213116,0.1065,0.1663,0.0699,0.86,Very High Vulnerability,0.88,Very High Concern,1233.0,1.0,medium,urban,23.469542212999997,1.0,5.96637375055,1.0,213.5,1.0,212.22617920425756,95.41706907190908,487.0,462983.65923585097,0.10518729771236154,False,39.015376493,0.0
Callahan,11.451135242,2.0,14.17434,41.0,19.1,,373,12.036140691,1940,13.9,,63.76196,1568:1,56708,49.699398798,14115,50.442791357,72.179562906,2023,73.8232411855,,129.0,134.5,10.0,,0.9239130434782608,0.9239130434782608,0.9239130434782608,0.9184782608695652,0.9293478260869564,0.9130434782608696,0.1278,0.1901,0.086,0.3,Low Vulnerability,0.8,High Concern,1568.0,1.0,medium,rural,23.469542212999997,1.0,5.96637375055,1.0,213.5,1.0,212.22617920425756,60.78420696432727,273.5,331272.588336495,0.0825604078421932,True,41.965456189,1.0
Cameron,8.3524870983,219.0,51.62903,44.0,32.6,5.0383674846,16733,13.312594973,75390,17.9,80.079373763,88.8828,1125:1,46436,85.421696284,423029,50.809518969,8.4208064596,2023,60.254332946999995,,5417.0,6974.0,9674.0,,0.9878858929269244,0.9867135599843688,0.9910121141070732,0.981242672919109,0.9898397811645174,0.988081281750684,0.105,0.1701,0.0683,0.98,Very High Vulnerability,0.98,Very High Concern,1125.0,1.0,large,very urban,23.469542212999997,1.0,5.0383674846,0.0,213.5,1.0,212.4243085420379,2550.0847982885152,22065.0,9928296.972823177,0.2222435535560503,False,80.079373763,0.0
Camp,6.6396761134,12.0,91.88361,38.0,26.0,,463,13.541971337,2160,16.7,26.539211383,47.55866,2103:1,51024,78.355347252,12616,51.077996195,61.478912991,2023,70.4509258315,,130.0,161.0,15.0,,0.9760479041916168,0.9760479041916168,0.9820359281437124,0.9820359281437124,0.9700598802395208,0.9820359281437124,0.1285,0.1874,0.0874,0.9,Very High Vulnerability,0.98,Very High Concern,2103.0,1.0,medium,rural,23.469542212999997,1.0,5.96637375055,1.0,213.5,1.0,212.22617920425756,61.25540236715151,306.0,296091.744559208,0.10334634640203914,False,26.539211383,0.0
Carson,5.540166205,,,52.0,13.0,,212,14.887640449,660,11.0,,174.03411,575:1,66548,34.605597964,5746,49.808562478,95.195729537,2023,77.4351827415,,45.5,45.5,5.0,,0.9523809523809524,0.9642857142857144,0.9761904761904762,0.9523809523809524,0.9523809523809524,0.9404761904761904,0.1241,0.1883,0.0824,0.03,Very Low Vulnerability,0.6,High Concern,575.0,1.0,small,very rural,23.469542212999997,1.0,5.96637375055,1.0,213.5,1.0,212.22617920425756,21.43939082850303,96.0,134855.98955589798,0.07118704947117524,True,41.965456189,1.0
Cass,8.8337684943,7.0,23.42783,42.0,29.9,,741,11.026785714,5230,17.4,30.386327196,59.523810000000005,1680:1,42896,61.835205993,28560,51.37605042,74.011948529,2023,72.372566336,,186.0,252.0,22.5,,0.9461756373937678,0.9405099150141644,0.9490084985835694,0.9490084985835694,0.9490084985835694,0.9461756373937678,0.1356,0.2056,0.0926,0.78,High Vulnerability,0.98,Very High Concern,1680.0,1.0,medium,rural,23.469542212999997,1.0,5.96637375055,1.0,213.5,1.0,212.22617920425756,87.64234492530909,460.5,670290.1256032799,0.06870159389347069,False,30.386327196,0.0
Castro,7.874015748,2.0,27.04164,28.0,21.0,,401,18.607888631,820,10.9,,54.24464,1844:1,62236,63.929440389,7374,48.630322756,45.757876457,2023,71.0629712075,,108.5,114.5,19.5,,0.9772727272727272,0.9659090909090908,0.9886363636363636,0.9772727272727272,0.9659090909090908,0.9772727272727272,0.1241,0.1883,0.0824,0.78,High Vulnerability,0.99,Very High Concern,1844.0,1.0,small,urban,23.469542212999997,1.0,5.96637375055,1.0,213.5,1.0,212.22617920425756,51.1247012064303,242.5,173064.40427866197,0.14012124619776542,True,41.965456189,1.0
Chambers,7.5555555556,7.0,15.35424,36.0,12.7,,1420,10.525535542,6170,14.5,15.136777295,53.207820000000005,1879:1,89767,34.471023922,48865,49.444387598,45.720310007,2023,85.094121194,,539.0,725.0,37.0,,0.9616438356164384,0.9547945205479452,0.9684931506849316,0.9575342465753424,0.963013698630137,0.952054794520548,0.1377,0.2028,0.0929,0.41,Moderate Vulnerability,0.79,High Concern,1879.0,1.0,large,urban,23.469542212999997,1.0,5.96637375055,1.0,213.5,1.0,212.22617920425756,253.97432212226664,1301.0,1146839.1802382448,0.1134422351815474,False,15.136777295,0.0
Cherokee,7.6804619827,22.0,41.60757,44.0,25.1,8.3349486335,2107,15.681750521,7630,14.6,38.547949571,60.66891999999999,1648:1,48664,66.013254924,51097,48.456856567,63.048480677,2023,75.8659357725,,506.0,674.0,24.5,,0.976627712854758,0.9749582637729548,0.9849749582637728,0.9849749582637728,0.9816360601001668,0.979966611018364,0.1282,0.1918,0.0871,0.92,Very High Vulnerability,0.94,Very High Concern,1648.0,1.0,large,rural,23.469542212999997,1.0,8.3349486335,0.0,213.5,1.0,211.72048846674775,238.9943475307403,1204.5,1199223.1984576609,0.10044001830094061,False,38.547949571,0.0
Childress,8.8531187123,10.0,139.9972,29.0,24.0,,182,13.197969543,990,13.7,,133.61045,748:1,42758,63.791374122,6736,38.331353919,33.148700469,2023,75.422178165,,41.0,62.5,2.5,,1.0,1.0,1.0,1.0,1.0,1.0,0.1241,0.1883,0.0824,0.75,High Vulnerability,0.92,Very High Concern,748.0,1.0,small,urban,23.469542212999997,1.0,5.96637375055,1.0,213.5,1.0,212.22617920425756,19.31901151579394,106.0,158090.836346768,0.0670500596046515,True,41.965456189,1.0
Clay,5.0083472454,4.0,37.91469,49.0,15.1,,284,13.264829519,1580,15.1,,48.7187,2053:1,60973,48.068669528,10263,49.741790899,74.600074405,2023,77.226187781,,76.0,83.5,7.5,,0.9626168224299064,0.9626168224299064,0.9626168224299064,0.9626168224299064,0.9626168224299064,0.9626168224299064,0.1293,0.1898,0.087,0.32,Low Vulnerability,0.68,High Concern,2053.0,1.0,medium,rural,23.469542212999997,1.0,5.96637375055,1.0,213.5,1.0,212.22617920425756,35.810850614642426,167.0,240867.91173201895,0.06933260590800415,True,41.965456189,1.0
Cochran,6.8965517241,1.0,34.51847,25.0,31.4,,156,20.526315789,540,19.0,,79.49126,1258:1,42274,71.10799439,2516,49.682034976,100.0,2023,68.932211401,,27.5,42.5,5.0,,0.903846153846154,0.9230769230769232,0.9230769230769232,0.903846153846154,0.903846153846154,0.9230769230769232,0.1143,0.1758,0.0766,0.86,Very High Vulnerability,0.99,Very High Concern,1258.0,1.0,small,very rural,23.469542212999997,1.0,5.96637375055,1.0,213.5,1.0,212.22617920425756,12.957873577666668,75.0,59049.368207907995,0.1270123665606906,True,41.965456189,1.0
Coke,6.9387755102,,,51.0,22.4,,129,18.117977528,510,15.5,,0.0,3321:0,46767,56.910569106,3321,51.099066546,100.0,2023,71.105858132,,27.5,33.5,2.5,,0.9090909090909092,0.8787878787878788,0.8787878787878788,0.9090909090909092,0.9090909090909092,0.9090909090909092,0.1235,0.1873,0.0822,0.62,High Vulnerability,0.91,Very High Concern,3321.0,0.0,small,very rural,23.469542212999997,1.0,5.96637375055,1.0,213.5,1.0,212.22617920425756,12.957873577666668,63.5,77942.34968937299,0.08147047176928755,True,41.965456189,1.0
Coleman,10.093457944,5.0,61.72839999999999,26.0,31.8,,204,12.049616066,1370,16.6,39.690527228,64.64124,1547:1,42253,66.587490103,7735,49.437621202,51.545812254,2023,73.481429445,,61.0,45.5,5.0,,0.891566265060241,0.9156626506024096,0.9156626506024096,0.9156626506024096,0.9156626506024096,0.9156626506024096,0.1278,0.1901,0.086,0.42,Moderate Vulnerability,0.94,Very High Concern,1547.0,1.0,small,urban,23.469542212999997,1.0,5.96637375055,1.0,213.5,1.0,212.22617920425756,28.742919572278787,111.5,181536.90901755498,0.06142001679075506,False,39.690527228,0.0
Collin,7.4898187284,1050.0,97.94146,59.0,7.9,4.3124346118,23811,8.1150717239,109310,10.9,30.992999793,88.78177,1126:1,102119,26.420675929,1109462,50.360805508,5.2427266371,2023,93.4957124165,,8177.0,10696.0,1594.0,,0.9399698340874812,0.9349019607843138,0.947209653092006,0.941659125188537,0.9423227752639516,0.9350829562594268,0.083,0.1234,0.0542,0.15,Very Low Vulnerability,0.49,Moderate Concern,1126.0,1.0,large,very urban,23.469542212999997,1.0,4.3124346118,0.0,213.5,1.0,212.5792952103807,3846.564639283224,20467.0,26038565.2427194,0.07860264115636227,False,30.992999793,0.0
Collingsworth,7.7981651376,1.0,34.75843,12.0,27.1,,173,22.496749025,450,15.4,,152.96367,654:1,45734,65.498154982,2615,51.510516252,100.0,2023,68.40805059050001,,25.0,33.5,0.0,,0.9032258064516128,0.9032258064516128,0.9032258064516128,0.9032258064516128,0.9032258064516128,0.9032258064516128,0.1241,0.1883,0.0824,0.89,Very High Vulnerability,0.98,Very High Concern,654.0,1.0,small,very rural,23.469542212999997,1.0,5.96637375055,1.0,213.5,1.0,212.22617920425756,11.779885070606062,58.5,61372.852886994995,0.09531901687496142,True,41.965456189,1.0
Colorado,8.5201793722,10.0,46.27487,43.0,21.8,,813,15.64665127,2390,11.2,15.797765604,38.77848,2579:1,62004,62.854686156,20630,49.738245274,62.613777906,2023,72.54272594,,229.0,268.0,44.5,,0.9771863117870724,0.9695817490494296,0.9809885931558936,0.9657794676806084,0.973384030418251,0.9695817490494296,0.1114,0.1704,0.0738,0.68,High Vulnerability,0.93,Very High Concern,2579.0,1.0,medium,rural,23.469542212999997,1.0,5.96637375055,1.0,213.5,1.0,212.22617920425756,107.90374724675151,541.5,484176.65585418994,0.11183934488635755,False,15.797765604,0.0
Comal,7.6377372397,108.0,65.52920999999999,48.0,9.6,5.9625982474,3699,9.5593745962,17960,12.1,45.822563984,86.29262,1159:1,93487,34.783243855,174986,50.198873053,46.145549082,2023,90.286096425,,1505.0,1646.0,94.0,,0.9276087793608008,0.934924913361571,0.9399306892568348,0.9268386599922988,0.9306892568348094,0.9256834809395456,0.0937,0.1369,0.0619,0.24,Low Vulnerability,0.64,High Concern,1159.0,1.0,large,urban,23.469542212999997,1.0,5.9625982474,0.0,213.5,1.0,212.2269852741801,709.1463877959072,3245.0,4106841.3136840174,0.07901449683939923,False,45.822563984,0.0
Comanche,6.8093385214,7.0,50.90909,29.0,24.7,,443,14.090330789,1970,14.5,,65.33575,1531:1,49076,65.346956152,13775,49.793103448,71.461285244,2023,73.8228134365,,148.0,162.0,7.5,,0.9825581395348836,0.9883720930232558,0.994186046511628,0.9883720930232558,0.9883720930232558,0.9883720930232558,0.1278,0.1901,0.086,0.73,High Vulnerability,0.92,Very High Concern,1531.0,1.0,medium,rural,23.469542212999997,1.0,5.96637375055,1.0,213.5,1.0,212.22617920425756,69.73691961798788,317.5,323292.943984075,0.09820814400936621,True,41.965456189,1.0
Concho,7.9545454545,1.0,35.37319,42.0,25.6,,89,16.920152091,420,13.8,,59.86232,1671:1,48563,65.274725275,3341,45.794672254,100.0,2023,74.5411259315,,17.5,28.5,0.0,,0.9642857142857144,0.9285714285714286,0.9642857142857144,0.9285714285714286,0.9285714285714286,0.9285714285714286,0.1235,0.1873,0.0822,0.43,Moderate Vulnerability,0.96,Very High Concern,1671.0,1.0,small,very rural,23.469542212999997,1.0,5.96637375055,1.0,213.5,1.0,212.22617920425756,8.245919549424242,46.0,78411.74053363298,0.058664684251294376,True,41.965456189,1.0
Cooke,6.1497326203,13.0,31.40628,45.0,19.3,,1527,15.597548519,5980,14.8,60.594965393,75.7504,1320:1,58060,53.226044589,42244,50.246188808,59.03426386,2023,76.9363412565,,392.0,557.0,44.0,,0.9234972677595628,0.9562841530054644,0.9672131147540984,0.9344262295081968,0.9289617486338798,0.930783242258652,0.1317,0.1945,0.0881,0.62,High Vulnerability,0.85,Very High Concern,1320.0,1.0,large,rural,23.469542212999997,1.0,5.96637375055,1.0,213.5,1.0,212.22617920425756,184.70859790710304,993.0,991447.3412459719,0.10015660526680892,False,60.594965393,0.0
Coryell,8.6995117621,13.0,16.94098,29.0,17.9,7.1075401731,1475,8.5161662818,11480,15.2,36.323802793,55.79827,1792:1,59718,57.453682337,84232,50.010684775,19.423515679,2023,86.61914285099999,,555.0,636.0,23.5,,0.9643835616438357,0.96986301369863,0.9753424657534246,0.963013698630137,0.9684931506849316,0.9643835616438357,0.1264,0.1929,0.0847,0.78,High Vulnerability,0.82,Very High Concern,1792.0,1.0,large,very urban,23.469542212999997,1.0,7.1075401731,0.0,213.5,1.0,211.98254017304316,261.8140152235881,1214.5,1976886.4796854157,0.061434989438203094,False,36.323802793,0.0
Cottle,,0.0,0.0,23.0,34.0,,45,14.657980456,320,19.5,,0.0,1381:0,44590,66.120218579,1381,51.556842867,100.0,2023,67.0252363585,,10.0,15.0,0.0,,1.0,1.0,1.0,1.0,1.0,1.0,0.1293,0.1898,0.087,0.94,Very High Vulnerability,1.0,Very High Concern,1381.0,0.0,small,very rural,23.469542212999997,1.0,5.96637375055,1.0,213.5,1.0,212.22617920425756,4.711954028242424,25.0,32411.437796152997,0.07713326436560405,True,41.965456189,1.0
Crane,8.9820359281,2.0,41.97272,14.0,17.9,,290,20.265548567,490,10.4,,21.36752,4680:1,63555,54.959053685,4680,49.081196581,10.697142857,2023,69.24381890699999,,47.0,104.0,22.0,,0.8636363636363636,0.9431818181818182,0.9545454545454546,0.9318181818181818,0.8977272727272727,0.9318181818181818,0.1166,0.1765,0.0789,0.47,Moderate Vulnerability,0.93,Very High Concern,4680.0,1.0,small,very urban,23.469542212999997,1.0,5.96637375055,1.0,213.5,1.0,212.22617920425756,22.146183932739394,173.0,109837.45755683999,0.15750546657589368,True,41.965456189,1.0
Crockett,9.1194968553,2.0,56.9314,18.0,22.0,,186,20.43956044,490,14.5,,32.59452,3068:1,53159,53.141361257,3068,49.380704042,22.748050551,2023,68.17787352,,30.0,56.5,12.5,,1.0,1.0,1.0,1.0,1.0,1.0,0.1235,0.1873,0.0822,0.69,High Vulnerability,0.9,Very High Concern,3068.0,1.0,small,very urban,23.469542212999997,1.0,5.96637375055,1.0,213.5,1.0,212.22617920425756,14.135862084727272,99.0,72004.555509484,0.13749130079271213,True,41.965456189,1.0
Crosby,9.3808630394,2.0,35.92599,47.0,36.7,,202,14.03752606,910,15.8,20.604944832,58.75441,1702:1,42728,81.048387097,5106,49.490795143,100.0,2023,73.7943367995,,62.0,50.0,5.0,,0.9838709677419356,0.9838709677419356,0.9838709677419356,0.9838709677419356,0.9838709677419356,0.9838709677419356,0.1143,0.1758,0.0766,0.94,Very High Vulnerability,0.99,Very High Concern,1702.0,1.0,small,very rural,23.469542212999997,1.0,5.96637375055,1.0,213.5,1.0,212.22617920425756,29.21411497510303,117.0,119835.48253957798,0.09763385394752218,False,20.604944832,0.0
Culberson,7.5471698113,1.0,46.53327,18.0,29.9,,111,22.334004024,430,19.8,,91.19927,1097:1,48217,81.65374677,2193,49.110807114,100.0,2023,55.153830270499995,,25.0,22.5,2.5,,0.972972972972973,0.972972972972973,0.972972972972973,0.972972972972973,0.972972972972973,0.972972972972973,0.1166,0.1765,0.0789,1.0,Very High Vulnerability,1.0,Very High Concern,1097.0,1.0,small,very rural,23.469542212999997,1.0,5.96637375055,1.0,213.5,1.0,212.22617920425756,11.779885070606062,50.0,51468.706073108995,0.09714640956579954,True,41.965456189,1.0
Dallam,6.300630063,5.0,68.74742,30.0,16.4,,605,25.145469659,870,12.0,,153.37422999999998,652:1,70895,56.213017751,7172,47.113775795,23.541697747,2023,75.6632479225,,63.0,111.5,18.0,,0.9344262295081968,0.8852459016393442,0.9508196721311476,0.9617486338797814,0.9344262295081968,0.9016393442622952,0.1241,0.1883,0.0824,0.55,Moderate Vulnerability,0.92,Very High Concern,652.0,1.0,small,very urban,23.469542212999997,1.0,5.96637375055,1.0,213.5,1.0,212.22617920425756,29.68531037792727,192.5,168323.55675163597,0.11436307770280588,True,41.965456189,1.0
Dallas,8.5008850863,1879.0,71.28527,55.0,20.3,6.3617250733,80404,11.775681498,373560,14.2,51.732681667,137.93237,725:1,63549,73.393637195,2586050,50.418708068,0.6883041916,2023,82.9997985145,,23634.0,33394.0,6725.0,,0.9365238285943132,0.9438182962412036,0.9620687682361692,0.9422449796899136,0.9405572401167116,0.9323759940500028,0.1078,0.1697,0.0704,0.75,High Vulnerability,0.83,Very High Concern,725.0,1.0,large,very urban,23.469542212999997,1.0,6.3617250733,0.0,213.5,1.0,212.14177169685044,11140.663062705478,63753.0,60693409.63992864,0.10504105862271171,False,51.732681667,0.0
Dawson,10.579937304,5.0,38.53862,32.0,27.8,,421,12.623688156,2330,18.1,18.853243491,48.33642,2069:1,43627,72.663066057,12413,44.292274229,16.294368539,2023,73.118968206,,117.0,131.0,7.5,,0.8368794326241135,0.8723404255319149,0.9078014184397164,0.8652482269503546,0.8581560283687943,0.8581560283687943,0.1235,0.1873,0.0822,0.95,Very High Vulnerability,1.0,Very High Concern,2069.0,1.0,medium,very urban,23.469542212999997,1.0,5.96637375055,1.0,213.5,1.0,212.22617920425756,55.12986213043636,255.5,291327.42748996895,0.08770200670817287,False,18.853243491,0.0
DeWitt,8.371559633,11.0,54.52563000000001,39.0,25.0,,545,11.878814298,3150,15.6,34.693494826,60.24701,1660:1,54279,63.260566651,19918,46.937443518,49.624322038,2023,65.3004260645,,150.0,197.0,17.5,,,,,,,,0.1134,0.1709,0.0762,0.82,Very High Vulnerability,0.97,Very High Concern,1660.0,1.0,medium,urban,23.469542212999997,1.0,5.96637375055,1.0,213.5,1.0,212.22617920425756,70.67931042363637,364.5,467466.3417985339,0.07797352823256101,False,34.693494826,0.0
Deaf Smith,6.9341474051,2.0,10.94271,34.0,24.1,,970,16.898954704,2000,10.8,,103.66087,965:1,50967,76.957605985,18329,49.811773692,17.711129465,2023,79.07821297,,265.0,342.0,57.5,,0.9834983498349836,0.99009900990099,0.9933993399339934,0.9966996699669968,1.0,0.9933993399339934,0.1241,0.1883,0.0824,0.84,Very High Vulnerability,0.9,Very High Concern,965.0,1.0,medium,very urban,23.469542212999997,1.0,5.96637375055,1.0,213.5,1.0,212.22617920425756,124.86678174842424,664.5,430173.23922207695,0.154472649484584,True,41.965456189,1.0
Delta,6.2231759657,1.0,18.69508,40.0,23.3,,172,13.607594937,870,16.5,64.290443611,55.63798,1797:1,50329,65.685164213,5392,50.853115727,100.0,2023,69.919918817,,49.0,48.5,0.0,,0.9701492537313432,0.9850746268656716,1.0,0.9850746268656716,0.9701492537313432,0.9850746268656716,0.1283,0.1937,0.0866,0.57,Moderate Vulnerability,0.85,Very High Concern,1797.0,1.0,small,very rural,23.469542212999997,1.0,5.96637375055,1.0,213.5,1.0,212.22617920425756,23.08857473838788,97.5,126547.77161249598,0.07704600306875127,False,64.290443611,0.0
Denton,7.3799521099,493.0,53.626360000000005,55.0,7.6,4.2977309677,20866,8.9343135702,96610,11.2,39.352739145,79.01050000000001,1266:1,98027,32.259779109,941647,50.600809008,6.9058305439,2023,92.5835181745,,7963.0,9477.0,1230.0,,0.9223848238482384,0.9218428184281844,0.9365853658536586,0.9257452574525744,0.9249864498644986,0.9188075880758808,0.0949,0.1412,0.0617,0.22,Low Vulnerability,0.63,High Concern,1266.0,1.0,large,very urban,23.469542212999997,1.0,4.2977309677,0.0,213.5,1.0,212.58243443839606,3745.8410056488397,18670.0,22100024.016244806,0.0844795462044587,False,39.352739145,0.0
Dickens,11.382113821,1.0,46.72897,35.0,27.4,,65,17.015706806,350,16.2,,57.47126,1740:1,42690,57.575757576,1740,44.08045977,100.0,2023,79.98632387,,22.5,28.5,0.0,,0.8636363636363636,0.9090909090909092,1.0,0.8636363636363636,0.8636363636363636,0.8636363636363636,0.1143,0.1758,0.0766,0.88,Very High Vulnerability,0.93,Very High Concern,1740.0,1.0,small,very rural,23.469542212999997,1.0,5.96637375055,1.0,213.5,1.0,212.22617920425756,10.601896563545454,51.0,40837.003450619995,0.12488673431112318,True,41.965456189,1.0
Dimmit,7.8651685393,2.0,20.15113,40.0,36.5,,318,11.418312388,2370,23.1,,94.41756,1059:1,41838,82.381413359,8473,51.091703057,39.475790316,2023,62.220801284,,108.0,105.5,259.5,,1.0,1.0,1.0,1.0,1.0,1.0,0.107,0.1724,0.0705,1.0,Very High Vulnerability,0.99,Very High Concern,1059.0,1.0,small,urban,23.469542212999997,1.0,5.96637375055,1.0,213.5,1.0,212.22617920425756,50.889103505018184,473.0,198857.43117074898,0.23785885054195358,True,41.965456189,1.0
Donley,11.304347826,,,21.0,24.7,,101,15.303030303,420,12.5,49.944382647,122.39902,817:1,44353,53.971119134,3268,50.979192166,100.0,2023,65.092378946,,17.5,27.5,0.0,,0.951219512195122,0.951219512195122,0.951219512195122,0.951219512195122,0.951219512195122,0.951219512195122,0.1241,0.1883,0.0824,0.45,Moderate Vulnerability,0.82,Very High Concern,817.0,1.0,small,very rural,23.469542212999997,1.0,5.96637375055,1.0,213.5,1.0,212.22617920425756,8.245919549424242,45.0,76698.46395208398,0.0586713184088184,False,49.944382647,0.0
Duval,8.9072543618,,,37.0,43.3,,338,11.707655005,2000,17.9,,51.250510000000006,1951:1,37921,84.007782101,9756,48.626486265,67.042946868,2023,64.857815727,,70.0,107.5,2.5,,0.98,0.9866666666666668,0.9933333333333332,0.9866666666666668,0.9866666666666668,0.9866666666666668,0.1146,0.1867,0.0742,1.0,Very High Vulnerability,1.0,Very High Concern,1951.0,1.0,medium,rural,23.469542212999997,1.0,5.96637375055,1.0,213.5,1.0,212.22617920425756,32.98367819769697,180.0,228968.85383002798,0.07861331224273002,True,41.965456189,1.0
Eastland,8.2079343365,3.0,16.31499,39.0,25.5,,492,12.484141081,3280,17.9,38.219766167,61.576350000000005,1624:1,47526,59.838472834,17864,49.966412897,60.345477049,2023,69.5719525355,,149.5,188.0,10.0,,0.8372093023255814,0.916279069767442,0.9209302325581395,0.8325581395348837,0.8372093023255814,0.8232558139534883,0.1278,0.1901,0.086,0.81,Very High Vulnerability,0.98,Very High Concern,1624.0,1.0,medium,rural,23.469542212999997,1.0,5.96637375055,1.0,213.5,1.0,212.22617920425756,70.44371272222423,347.5,419259.90209303197,0.08288414853536155,False,38.219766167,0.0
Ector,9.0676080859,101.0,60.22624,42.0,22.0,5.5278348498,9453,17.959873846,23160,14.3,37.18280955,97.46044,1026:1,58389,52.976190476,161091,48.850649633,9.4552614308,2023,83.1544961475,,2175.0,2898.0,315.0,,0.9347649918962724,0.9258508914100486,0.9647487844408428,0.942868719611021,0.9396272285251216,0.9226094003241492,0.1113,0.171,0.0731,0.79,High Vulnerability,0.88,Very High Concern,1026.0,1.0,large,very urban,23.469542212999997,1.0,5.5278348498,0.0,213.5,1.0,212.3198072595677,1024.398066328778,5388.0,3780732.0246343827,0.1425120840327489,False,37.18280955,0.0
Edwards,7.0967741935,1.0,52.00208,29.0,32.6,,91,20.823798627,240,12.3,,0.0,1438:0,47573,70.526315789,1438,47.009735744,100.0,2023,47.0827435045,,20.0,17.5,0.0,,0.9736842105263158,0.9736842105263158,0.9736842105263158,0.9736842105263158,0.9736842105263158,0.9736842105263158,0.107,0.1724,0.0705,0.44,Moderate Vulnerability,0.92,Very High Concern,1438.0,0.0,small,very rural,23.469542212999997,1.0,5.96637375055,1.0,213.5,1.0,212.22617920425756,9.423908056484848,37.5,33749.201702294,0.11111373931387258,True,41.965456189,1.0
El Paso,8.4655168433,433.0,51.46882,36.0,27.4,4.4294285811,21843,9.6203055701,126370,15.1,50.939678054,94.82146,1055:1,50983,74.378464442,867947,50.206752256,2.1743664811,2023,80.5800720695,,8591.0,11127.0,4118.0,,0.9615233992559232,0.970628549050323,0.9806148423732132,0.9659291168983748,0.9711180732328176,0.9621108282749168,0.0965,0.1577,0.0608,0.95,Very High Vulnerability,0.96,Very High Concern,1055.0,1.0,large,very urban,23.469542212999997,1.0,4.4294285811,0.0,213.5,1.0,212.55431699793516,4041.7904097819173,23836.0,20370318.75514671,0.11701338740208796,False,50.939678054,0.0
Ellis,7.2161642078,79.0,41.19733,53.0,12.4,5.8931377685,7666,14.622794468,19920,11.1,34.379483717,72.52884,1379:1,87698,46.881656512,202678,50.457869132,31.975135352,2023,88.929650796,,2005.0,2362.0,114.0,,0.942153846153846,0.944,0.953846153846154,0.946153846153846,0.9467692307692308,0.9433846153846154,0.1147,0.169,0.0766,0.39,Low Vulnerability,0.7,High Concern,1379.0,1.0,large,urban,23.469542212999997,1.0,5.8931377685,0.0,213.5,1.0,212.24181508642525,944.6771830440482,4481.0,4756759.8766464135,0.09420277912281694,False,34.379483717,0.0
Erath,6.652555186,25.0,57.838240000000006,49.0,20.4,6.160164271,1152,12.42584403,5840,13.8,79.41056646,57.6329,1735:1,51964,51.908525307,43378,50.975148693,46.320929005,2023,83.7329366935,,379.0,370.0,29.5,,0.9471153846153846,0.9543269230769232,0.9543269230769232,0.9519230769230768,0.9519230769230768,0.9495192307692308,0.1134,0.1689,0.0762,0.63,High Vulnerability,0.87,Very High Concern,1735.0,1.0,large,urban,23.469542212999997,1.0,6.160164271,0.0,213.5,1.0,212.1848049281415,178.61787988463743,778.5,1018061.8021155138,0.0764688350336189,False,79.41056646,0.0
Falls,9.3510118632,2.0,11.57742,36.0,27.5,,416,11.46953405,3160,18.3,46.251502548,46.20805,2164:1,46173,79.282868526,17313,52.74071507,67.356990932,2023,64.6726772995,,125.0,210.0,7.5,,0.9152542372881356,0.9322033898305084,0.9661016949152542,0.9209039548022598,0.9491525423728814,0.9209039548022598,0.1248,0.188,0.085,0.98,Very High Vulnerability,0.99,Very High Concern,2164.0,1.0,medium,rural,23.469542212999997,1.0,5.96637375055,1.0,213.5,1.0,212.22617920425756,58.899425353030296,342.5,406328.18433366896,0.0842914700986495,False,46.251502548,0.0
Fannin,8.4288052373,7.0,19.49155,43.0,17.9,,1002,12.757830405,4880,13.9,51.670927777,41.01835,2438:1,56794,53.680365297,36569,46.443709153,70.529264337,2023,73.4092733265,,275.0,362.0,26.0,,0.928191489361702,0.925531914893617,0.928191489361702,0.928191489361702,0.925531914893617,0.925531914893617,0.1317,0.1945,0.0881,0.58,Moderate Vulnerability,0.86,Very High Concern,2438.0,1.0,large,rural,23.469542212999997,1.0,5.96637375055,1.0,213.5,1.0,212.22617920425756,129.57873577666666,663.0,858257.6891871969,0.07724952637801434,False,51.670927777,0.0
Fayette,7.6968973747,6.0,23.48612,51.0,15.5,,836,15.690690691,3130,12.4,32.409007585,72.91287,1372:1,64711,52.008686211,24687,50.447604002,67.137737232,2023,64.4154429565,,133.5,162.5,10.0,,0.9705882352941176,0.9705882352941176,0.9742647058823528,0.9779411764705882,0.9742647058823528,0.9705882352941176,0.124,0.188,0.0827,0.44,Moderate Vulnerability,0.84,Very High Concern,1372.0,1.0,medium,rural,23.469542212999997,1.0,5.96637375055,1.0,213.5,1.0,212.22617920425756,62.904586277036366,306.0,579392.588612331,0.052813930660190626,False,32.409007585,0.0
Fisher,11.743772242,2.0,52.85412,14.0,21.6,,135,16.148325359,520,13.7,,107.93308,927:1,51362,55.696202532,3706,49.541284404,100.0,2023,72.9013899425,,30.0,42.5,2.5,,0.9714285714285714,0.9714285714285714,1.0,0.9142857142857144,0.9714285714285714,0.9714285714285714,0.1278,0.1901,0.086,0.43,Moderate Vulnerability,0.91,Very High Concern,927.0,1.0,small,very rural,23.469542212999997,1.0,5.96637375055,1.0,213.5,1.0,212.22617920425756,14.135862084727272,75.0,86978.12344137799,0.08622857913294592,True,41.965456189,1.0
Floyd,9.3253968254,3.0,52.8914,32.0,30.5,,227,15.379403794,750,13.0,43.308589608,93.45794,1070:1,43855,77.575757576,5350,49.700934579,53.319888303,2023,73.7123538065,,46.5,75.0,7.5,,0.9714285714285714,0.9714285714285714,0.9714285714285714,0.9714285714285714,0.9714285714285714,0.9714285714285714,0.1143,0.1758,0.0766,0.83,Very High Vulnerability,0.97,Very High Concern,1070.0,1.0,small,urban,23.469542212999997,1.0,5.96637375055,1.0,213.5,1.0,212.22617920425756,21.910586231327272,129.0,125562.05083954998,0.10273804795116258,False,43.308589608,0.0
Foard,,0.0,0.0,34.0,31.8,,39,16.810344828,150,12.7,,92.59259,1080:1,42616,75.247524752,1080,52.5,100.0,2023,69.4699904535,,15.0,25.0,0.0,,0.8,0.9333333333333332,0.9333333333333332,0.8,0.8,0.8,0.1293,0.1898,0.087,0.48,Moderate Vulnerability,0.93,Very High Concern,1080.0,1.0,small,very rural,23.469542212999997,1.0,5.96637375055,1.0,213.5,1.0,212.22617920425756,7.067931042363636,40.0,25347.105590039995,0.1578089453168877,True,41.965456189,1.0
Fort Bend,8.6120705326,697.0,83.00524,54.0,8.9,4.1503001556,26374,10.885302736,80400,10.2,46.900561511,82.23387,1216:1,98070,38.981996938,858527,50.710926971,5.5357676703,2023,93.230168161,,8210.0,9893.0,1260.0,,0.9528459821428572,0.9503348214285714,0.9637276785714286,0.9564732142857144,0.9556361607142856,0.9506138392857144,0.0795,0.1228,0.0524,0.29,Low Vulnerability,0.54,Moderate Concern,1216.0,1.0,large,very urban,23.469542212999997,1.0,4.1503001556,0.0,213.5,1.0,212.6139109167794,3861.459471113125,19363.0,20149235.66750025,0.09609793800383004,False,46.900561511,0.0
Franklin,5.919395466,3.0,27.72387,44.0,22.4,,256,9.9417475728,1290,12.0,58.52548462,38.2263,2616:1,51885,58.930987821,10464,50.162461774,69.12776992,2023,82.6635522945,,69.0,101.5,15.0,,0.968421052631579,0.968421052631579,0.968421052631579,0.968421052631579,0.968421052631579,0.968421052631579,0.1283,0.1937,0.0866,0.53,Moderate Vulnerability,0.79,High Concern,2616.0,1.0,medium,rural,23.469542212999997,1.0,5.96637375055,1.0,213.5,1.0,212.22617920425756,32.512482794872724,185.5,245585.28971683196,0.07553384008215137,False,58.52548462,0.0
Freestone,7.602739726,6.0,30.1902,39.0,21.2,,632,13.733159496,3360,17.0,16.558711163,50.57146,1977:1,48397,62.382978723,19774,47.886113078,66.476584578,2023,67.72760391700001,,134.0,184.0,7.5,,0.921161825726141,0.925311203319502,0.941908713692946,0.933609958506224,0.933609958506224,0.933609958506224,0.1248,0.188,0.085,0.84,Very High Vulnerability,0.97,Very High Concern,1977.0,1.0,medium,rural,23.469542212999997,1.0,5.96637375055,1.0,213.5,1.0,212.22617920425756,63.14018397844848,325.5,464086.72771986196,0.07013775239797043,False,16.558711163,0.0
Frio,9.7432905484,4.0,19.62805,40.0,33.7,,533,11.347668725,2910,14.5,,92.21089,1084:1,47833,82.887517147,18436,40.285311347,22.181564733,2023,64.1842600295,,143.5,204.0,22.5,,0.9760765550239234,0.985645933014354,0.985645933014354,0.9808612440191388,0.9808612440191388,0.9808612440191388,0.1146,0.174,0.0756,0.99,Very High Vulnerability,0.99,Very High Concern,1084.0,1.0,medium,very urban,23.469542212999997,1.0,5.96637375055,1.0,213.5,1.0,212.22617920425756,67.61654030527879,370.0,432684.4802388679,0.08551265804489629,True,41.965456189,1.0
Gaines,5.6283978254,2.0,9.09256,27.0,20.3,,1966,24.072486837,2820,13.4,58.506224066,18.26901,5474:1,58712,60.435267857,21895,48.869604933,63.043478261,2023,78.6130413385,,190.0,285.0,37.5,,0.81640625,0.82421875,0.828125,0.828125,0.8203125,0.828125,0.1166,0.1765,0.0789,0.68,High Vulnerability,0.99,Very High Concern,5474.0,1.0,medium,rural,23.469542212999997,1.0,5.96637375055,1.0,213.5,1.0,212.22617920425756,89.52712653660606,512.5,513865.62675363495,0.09973424438558727,False,58.506224066,0.0
Galveston,8.5685021015,265.0,76.79178,50.0,16.4,4.7870295957,7401,8.6221559467,47740,14.1,49.523979284,103.36223,967:1,77627,49.239817818,355062,50.683542593,6.1498271595,2023,87.2940699735,,3054.0,3969.0,297.5,,0.95333455814808,0.9524159470880028,0.9650927797170678,0.956274113540327,0.9557229469042808,0.950762447179864,0.1049,0.1574,0.0689,0.58,Moderate Vulnerability,0.73,High Concern,967.0,1.0,large,very urban,23.469542212999997,1.0,4.7870295957,0.0,213.5,1.0,212.47796918131806,1437.3254845041697,7320.5,8333142.597232205,0.08784801069444621,False,49.523979284,0.0
Garza,8.8019559902,1.0,16.072,38.0,26.7,,142,14.639175258,1020,16.9,67.88125879,34.112230000000004,2932:1,43890,71.444201313,5863,34.129285349,22.334004024,2023,80.70878445049999,,40.5,50.0,15.0,,0.95,0.95,0.95,0.95,0.95,0.95,0.1143,0.1758,0.0766,0.72,High Vulnerability,0.96,Very High Concern,2932.0,1.0,small,very urban,23.469542212999997,1.0,5.96637375055,1.0,213.5,1.0,212.22617920425756,19.083413814381817,105.5,137601.92599481897,0.07667043846753448,False,67.88125879,0.0
Gillespie,8.1187010078,34.0,126.11276,57.0,14.8,,967,17.569040698,3470,13.0,,76.93153,1300:1,71594,49.115164715,27297,51.306004323,53.653822925,2023,81.1681347735,,164.0,208.0,25.0,,0.9253246753246752,0.9123376623376624,0.935064935064935,0.9318181818181818,0.9285714285714286,0.9155844155844156,0.1008,0.1475,0.0669,0.36,Low Vulnerability,0.61,High Concern,1300.0,1.0,medium,rural,23.469542212999997,1.0,5.96637375055,1.0,213.5,1.0,212.22617920425756,77.27604606317576,397.0,640648.093788261,0.06196849781484116,True,41.965456189,1.0
Glasscock,,0.0,0.0,47.0,10.3,,102,26.424870466,190,13.3,,0.0,1149:0,116958,27.986348123,1149,45.953002611,100.0,2023,79.4740594965,,25.0,17.5,0.0,,0.92,0.92,0.92,0.92,0.92,0.92,0.1235,0.1873,0.0822,0.18,Very Low Vulnerability,0.81,Very High Concern,1149.0,0.0,small,very rural,23.469542212999997,1.0,5.96637375055,1.0,213.5,1.0,212.22617920425756,11.779885070606062,42.5,26966.504002736998,0.15760292841699616,True,41.965456189,1.0
Goliad,8.1027667984,,,47.0,24.3,,208,12.991880075,1070,14.1,28.449901725,13.960630000000002,7163:1,58937,50.355731225,7163,50.20242915,100.0,2023,67.3532541045,,43.0,76.0,5.0,,0.989247311827957,0.978494623655914,0.989247311827957,0.989247311827957,0.989247311827957,0.989247311827957,0.1134,0.1709,0.0762,0.58,Moderate Vulnerability,0.97,Very High Concern,7163.0,1.0,small,very rural,23.469542212999997,1.0,5.96637375055,1.0,213.5,1.0,212.22617920425756,20.261402321442425,124.0,168112.33087171896,0.07376020507063243,False,28.449901725,0.0
Gonzales,8.8122605364,7.0,33.41608,44.0,23.1,,896,15.799682596,2740,13.1,30.735924734,71.27947,1403:1,48164,78.357463804,19641,49.39157884,65.279951532,2023,76.324105103,,208.0,232.0,20.0,,0.9836065573770492,0.971311475409836,0.9836065573770492,0.9877049180327868,0.9836065573770492,0.9836065573770492,0.1134,0.1709,0.0762,0.9,Very High Vulnerability,0.98,Very High Concern,1403.0,1.0,medium,rural,23.469542212999997,1.0,5.96637375055,1.0,213.5,1.0,212.22617920425756,98.00864378744242,460.0,460965.27860553295,0.09979059624437377,False,30.735924734,0.0
Gray,7.1428571429,8.0,36.937850000000005,47.0,23.6,,908,16.506089802,3470,15.7,64.78755446,61.81645,1618:1,45530,61.803781298,21030,45.468378507,19.387619259,2023,74.93331927599999,,184.0,218.0,15.0,,0.960431654676259,0.960431654676259,0.9640287769784172,0.9640287769784172,0.9640287769784172,0.9640287769784172,0.1241,0.1883,0.0824,0.84,Very High Vulnerability,0.95,Very High Concern,1618.0,1.0,medium,very urban,23.469542212999997,1.0,5.96637375055,1.0,213.5,1.0,212.22617920425756,86.6999541196606,417.0,493564.4727393899,0.08448744247849921,False,64.78755446,0.0
Grayson,7.9365079365,62.0,44.82425,52.0,14.8,6.3785823376,4350,12.890416642,19450,14.6,39.24153424,94.73503,1056:1,62678,54.599831508,139336,50.938020325,43.150475277,2023,77.3511392555,,1216.0,1601.0,135.0,,0.9368825466520307,0.9407244785949506,0.951152579582876,0.942371020856202,0.9445664105378704,0.9412733260153676,0.1317,0.1945,0.0881,0.66,High Vulnerability,0.79,High Concern,1056.0,1.0,large,urban,23.469542212999997,1.0,6.3785823376,0.0,213.5,1.0,212.1381726709224,573.2113106707627,2952.0,3270152.1337905675,0.09027102957984452,False,39.24153424,0.0
Gregg,8.7272127361,111.0,89.35112,48.0,21.6,7.5115870225,4178,13.096768126,20810,16.8,36.246509745,167.47047,597:1,57608,65.590405904,124201,51.043872433,13.36235932,2023,81.144180163,,1091.0,1230.0,70.5,,0.9553305539011316,0.957712924359738,0.96605122096486,0.9571173317450864,0.9571173317450864,0.9541393686718284,0.1265,0.1924,0.0851,0.88,Very High Vulnerability,0.79,High Concern,597.0,1.0,large,very urban,23.469542212999997,1.0,7.5115870225,0.0,213.5,1.0,211.89627617069624,514.8745507547893,2391.5,2914940.6123968125,0.08204283784819846,False,36.246509745,0.0
Grimes,9.0909090909,8.0,27.014250000000004,50.0,21.7,,952,14.432989691,4270,15.0,47.244025185,29.71572,3365:1,52540,65.738036396,30287,45.260342721,68.903172455,2023,75.2355582825,,257.0,334.0,21.0,,0.9563758389261744,0.9563758389261744,0.959731543624161,0.9563758389261744,0.9563758389261744,0.9496644295302014,0.1225,0.1864,0.0827,0.86,Very High Vulnerability,0.9,Very High Concern,3365.0,1.0,medium,rural,23.469542212999997,1.0,5.96637375055,1.0,213.5,1.0,212.22617920425756,121.09721852583031,612.0,710822.0250051309,0.08609750098775885,False,47.244025185,0.0
Guadalupe,8.0744374367,51.0,29.89309,40.0,12.5,5.3183169091,3711,8.4875237289,18060,11.1,44.61007155,51.40197,1945:1,80145,41.107765969,177036,50.229896744,26.16225586,2023,87.50223745950001,,1650.0,1797.0,93.0,,0.933249370277078,0.9389168765743072,0.9477329974811084,0.9345088161209067,0.9351385390428212,0.9338790931989924,0.1024,0.1543,0.0667,0.43,Moderate Vulnerability,0.77,High Concern,1945.0,1.0,large,very urban,23.469542212999997,1.0,5.3183169091,0.0,213.5,1.0,212.36453933990714,776.9658744010164,3540.0,4154953.8752206676,0.08519950175889719,False,44.61007155,0.0
Hale,8.5445094217,10.0,30.53062,37.0,28.1,,1101,12.443490054,4680,14.0,49.51778371,74.48790000000001,1343:1,47373,75.563232202,32220,47.172563625,23.099826317,2023,76.548736701,,347.0,438.0,32.5,,0.981264637002342,0.97423887587822,0.990632318501171,0.981264637002342,0.9836065573770492,0.981264637002342,0.1143,0.1758,0.0766,0.93,Very High Vulnerability,0.97,Very High Concern,1343.0,1.0,medium,very urban,23.469542212999997,1.0,5.96637375055,1.0,213.5,1.0,212.22617920425756,163.50480478001214,817.5,756188.65010286,0.10810794368426453,False,49.51778371,0.0
Hall,10.179640719,,,27.0,42.3,,89,14.262820513,510,17.0,,35.14938,2845:1,34766,81.715575621,2845,49.912126538,100.0,2023,65.056477907,,25.0,20.0,2.5,,0.8529411764705882,0.8529411764705882,0.8529411764705882,0.8529411764705882,0.8529411764705882,0.8529411764705882,0.1241,0.1883,0.0824,0.95,Very High Vulnerability,1.0,Very High Concern,2845.0,1.0,small,very rural,23.469542212999997,1.0,5.96637375055,1.0,213.5,1.0,212.22617920425756,11.779885070606062,47.5,66770.84759598499,0.07113883035814006,True,41.965456189,1.0
Hamilton,8.040201005,8.0,93.49071,25.0,22.8,,316,16.889363976,1440,17.1,,97.21716,1029:1,53759,52.56869773,8229,50.22481468,64.377128097,2023,73.3461557245,,42.5,57.5,2.5,,0.9464285714285714,0.9375,0.9553571428571428,0.9375,0.9553571428571428,0.9375,0.1264,0.1929,0.0847,0.61,High Vulnerability,0.78,High Concern,1029.0,1.0,small,rural,23.469542212999997,1.0,5.96637375055,1.0,213.5,1.0,212.22617920425756,20.025804620030303,102.5,193130.86287077697,0.05307282247715235,True,41.965456189,1.0
Hansford,6.6413662239,3.0,56.82894,45.0,16.7,,406,25.438596491,600,11.1,,58.1508,1720:1,57692,55.938416422,5159,48.885442915,40.334936754,2023,75.683277131,,49.5,85.0,10.0,,0.9318181818181818,0.9204545454545454,0.9545454545454546,0.9318181818181818,0.9545454545454546,0.9318181818181818,0.1241,0.1883,0.0824,0.76,High Vulnerability,0.83,Very High Concern,1720.0,1.0,small,urban,23.469542212999997,1.0,5.96637375055,1.0,213.5,1.0,212.22617920425756,23.3241724398,144.5,121079.36827686698,0.11934320607750289,True,41.965456189,1.0
Hardeman,4.3795620438,5.0,124.65719,37.0,26.3,,188,21.33938706,600,15.2,,84.45946,1184:1,45677,76.326530612,3552,49.408783784,100.0,2023,68.865345181,,35.0,37.5,5.0,,0.9473684210526316,0.9473684210526316,0.9736842105263158,0.9736842105263158,0.9736842105263158,0.9473684210526316,0.1293,0.1898,0.087,0.73,High Vulnerability,0.96,Very High Concern,1184.0,1.0,small,very rural,23.469542212999997,1.0,5.96637375055,1.0,213.5,1.0,212.22617920425756,16.491839098848484,77.5,83363.81394057599,0.09296599607983883,True,41.965456189,1.0
Hardin,8.9017102823,10.0,17.15119,46.0,15.1,6.2578222778,1706,11.509141199,9210,16.1,66.330426643,57.92217,1726:1,67183,46.534464677,56973,50.566057606,51.547542784,2023,82.509199593,,506.0,686.0,22.5,,0.8875154511742892,0.927070457354759,0.9406674907292956,0.892459826946848,0.892459826946848,0.8875154511742892,0.1338,0.1949,0.0899,0.25,Low Vulnerability,0.81,Very High Concern,1726.0,1.0,large,urban,23.469542212999997,1.0,6.2578222778,0.0,213.5,1.0,212.1639549436897,238.4947999929098,1214.5,1337130.2285012489,0.09082884928577961,False,66.330426643,0.0
Harris,8.7783547757,2788.0,58.84025,51.0,23.0,5.9292286292,161681,12.748343979,695310,14.9,50.439585496,114.57203,873:1,63539,69.079986136,4728030,50.20824741,1.2132803285,2023,85.230364624,,51291.0,62148.0,12935.0,,0.9334318789549736,0.94357986347556,0.9506718264711256,0.9326678735737182,0.9302097693035924,0.9266222657742198,0.1057,0.1669,0.0691,0.72,High Vulnerability,0.79,High Concern,873.0,1.0,large,very urban,23.469542212999997,1.0,5.9292286292,0.0,213.5,1.0,212.2341096876658,24167.180325293786,126374.0,110964699.66933037,0.11388666880241069,False,50.439585496,0.0
Harrison,8.479741843,21.0,31.63318,45.0,20.0,6.8382220623,2012,12.12632594,10630,16.0,41.23539529,66.52205,1503:1,56645,51.609815524,69150,50.856109906,56.054303607,2023,70.38683133699999,,553.0,635.0,59.5,,0.946808510638298,0.9444444444444444,0.966903073286052,0.9598108747044918,0.953900709219858,0.9562647754137116,0.1276,0.1901,0.0861,0.73,High Vulnerability,0.94,Very High Concern,1503.0,1.0,large,rural,23.469542212999997,1.0,6.8382220623,0.0,213.5,1.0,212.04003958969895,260.7998003915036,1247.5,1622918.8440289497,0.07686767607572045,False,41.23539529,0.0
Hartley,6.9506726457,,,47.0,8.2,,224,18.436213992,610,10.9,,,,71332,59.027777778,5397,39.003149898,57.258330584,2023,84.0863323955,,38.5,42.5,15.0,,0.896551724137931,0.8275862068965517,0.9655172413793104,0.8620689655172413,0.896551724137931,0.8275862068965517,0.1241,0.1883,0.0824,0.53,Moderate Vulnerability,0.74,High Concern,,,small,rural,23.469542212999997,1.0,5.96637375055,1.0,213.5,1.0,212.22617920425756,18.141023008733335,96.0,126665.11932356098,0.07579039952962253,True,41.965456189,1.0
Haskell,8.8414634146,3.0,52.13764,38.0,27.4,,154,14.864864865,870,15.3,10.907424381,18.48087,5411:1,43546,68.414322251,5411,46.220661615,47.61824038,2023,67.741955647,,25.0,44.5,5.0,,0.9,0.9,0.92,0.92,0.88,0.92,0.1278,0.1901,0.086,0.98,Very High Vulnerability,0.99,Very High Concern,5411.0,1.0,small,urban,23.469542212999997,1.0,5.96637375055,1.0,213.5,1.0,212.22617920425756,11.779885070606062,74.5,126993.69291454299,0.058664330716118936,False,10.907424381,0.0
Hays,6.9996640161,103.0,42.67396,52.0,12.6,3.6802174159,6222,10.848982581,26660,12.0,51.110830383,66.95457999999999,1494:1,79336,43.315629169,255397,50.197144054,31.712145226,2023,86.04775476,,2632.0,2933.0,267.0,,0.9613857813063876,0.959942259112234,0.9635510645976182,0.9595813785636954,0.9613857813063876,0.954168170335619,0.1018,0.157,0.0664,0.49,Moderate Vulnerability,0.73,High Concern,1494.0,1.0,large,urban,23.469542212999997,1.0,3.6802174159,0.0,213.5,1.0,212.71427358170536,1237.3405675520062,5832.0,5994050.67257356,0.09729647476430187,False,51.110830383,0.0
Hemphill,4.8991354467,4.0,105.90416,35.0,14.9,,248,20.735785953,500,12.9,,122.28676000000002,818:1,65387,44.811858609,3271,50.290431061,26.95035461,2023,79.5468181135,,29.5,30.0,0.0,,0.9387755102040816,0.9387755102040816,0.9387755102040816,0.9387755102040816,0.9387755102040816,0.9387755102040816,0.1241,0.1883,0.0824,0.74,High Vulnerability,0.8,Very High Concern,818.0,1.0,small,very urban,23.469542212999997,1.0,5.96637375055,1.0,213.5,1.0,212.22617920425756,13.90026438331515,59.5,76768.87257872299,0.07750537164524,True,41.965456189,1.0
Henderson,7.6177068669,27.0,32.22265,52.0,22.7,8.6275762901,2134,11.777041943,13710,16.7,52.683585114,53.78465,1859:1,50348,68.687435682,83667,50.83724766,60.110528192,2023,76.9357250435,,613.0,741.0,27.5,,0.935288169868554,0.9312436804853388,0.9544994944388272,0.9443882709807888,0.9393326592517696,0.9373104145601616,0.1398,0.2105,0.0948,0.72,High Vulnerability,0.9,Very High Concern,1859.0,1.0,large,rural,23.469542212999997,1.0,8.6275762901,0.0,213.5,1.0,211.65801246206365,289.6181405416299,1381.5,1963626.1883350709,0.0703545312344481,False,52.683585114,0.0
Hidalgo,8.6074300215,406.0,46.3894,47.0,37.6,4.3081601622,41304,14.839831568,164720,19.1,80.255526351,102.79932,973:1,44260,85.880367608,880356,50.671660101,5.1386929524,2023,70.6373794255,,10714.0,13361.0,2387.0,,0.9547646849774076,0.9747677311265674,0.9854800223384272,0.9573031426105498,0.954358531756105,0.9537493019241507,0.1074,0.1741,0.0695,0.98,Very High Vulnerability,0.99,Very High Concern,973.0,1.0,large,very urban,23.469542212999997,1.0,4.3081601622,0.0,213.5,1.0,212.5802078053703,5039.980020063438,26462.0,20661552.304467827,0.1280736297547106,False,80.255526351,0.0
Hill,7.9505300353,9.0,24.32038,40.0,21.3,,1184,13.587330732,5370,14.9,41.380210643,49.35428,2026:1,52495,61.761919798,36471,49.787502399,76.266066289,2023,79.68686808300001,,321.0,410.0,20.0,,0.930715935334873,0.930715935334873,0.9515011547344112,0.930715935334873,0.9330254041570438,0.9237875288683602,0.1248,0.188,0.085,0.87,Very High Vulnerability,0.93,Very High Concern,2026.0,1.0,medium,rural,23.469542212999997,1.0,5.96637375055,1.0,213.5,1.0,212.22617920425756,151.25372430658183,751.0,855957.6740503229,0.0877379831699304,False,41.380210643,0.0
Hockley,9.2833092833,14.0,61.07936,37.0,22.8,,856,14.016702145,3390,14.7,41.795146612,70.21486,1424:1,51078,64.010338143,21363,50.156813182,39.847394811,2023,76.2986141485,,254.0,300.0,17.5,,0.9345794392523364,0.9470404984423676,0.9470404984423676,0.940809968847352,0.940809968847352,0.9376947040498442,0.1143,0.1758,0.0766,0.9,Very High Vulnerability,0.97,Very High Concern,1424.0,1.0,medium,urban,23.469542212999997,1.0,5.96637375055,1.0,213.5,1.0,212.22617920425756,119.68363231735756,571.5,501379.8302963189,0.11398543887619883,False,41.795146612,0.0
Hood,7.0512820513,27.0,42.50161,52.0,16.1,7.3042684319,1559,11.453971053,7780,13.0,78.755296044,73.18364,1366:1,68911,52.990591398,64222,50.928030893,32.845531632,2023,86.636166161,,482.0,647.0,54.0,,0.892128279883382,0.9052478134110788,0.924198250728863,0.892128279883382,0.8877551020408163,0.8892128279883382,0.1134,0.1689,0.0762,0.26,Low Vulnerability,0.66,High Concern,1366.0,1.0,large,urban,23.469542212999997,1.0,7.3042684319,0.0,213.5,1.0,211.94053868978935,227.42227748391645,1183.0,1507260.9400032859,0.07848674165187489,False,78.755296044,0.0
Hopkins,7.2887213321,10.0,26.90342,49.0,20.6,,1296,14.007782101,5170,14.1,47.409821557,96.74559,1034:1,56680,60.551948052,37211,50.595254092,59.62572168,2023,80.6675250965,,346.0,417.0,20.0,,0.956611570247934,0.9586776859504132,0.9648760330578512,0.9545454545454546,0.9607438016528924,0.9545454545454546,0.1283,0.1937,0.0866,0.71,High Vulnerability,0.76,High Concern,1034.0,1.0,large,rural,23.469542212999997,1.0,5.96637375055,1.0,213.5,1.0,212.22617920425756,163.03360937718787,783.0,873325.1352879428,0.08965733016968969,False,47.409821557,0.0
Houston,9.5457537854,4.0,17.51697,42.0,28.8,,463,10.425579824,3880,16.9,41.141908874,71.93921,1390:1,45603,70.635910224,22241,46.126523088,73.487274566,2023,65.4394188715,,141.0,160.5,20.0,,0.88,0.9155555555555556,0.9555555555555556,0.8977777777777778,0.8933333333333333,0.8844444444444445,0.1365,0.206,0.093,0.91,Very High Vulnerability,0.97,Very High Concern,1390.0,1.0,medium,rural,23.469542212999997,1.0,5.96637375055,1.0,213.5,1.0,212.22617920425756,66.43855179821819,321.5,521986.08835933293,0.06159167977263808,False,41.141908874,0.0
Howard,9.7485253027,10.0,27.36727,36.0,19.4,,945,11.800699301,5840,16.1,47.882369016,117.20581,853:1,55842,56.391382406,34128,42.123769339,20.064549297,2023,76.397794006,,281.0,393.0,15.0,,0.9649122807017544,0.9517543859649122,0.9649122807017544,0.9671052631578948,0.9649122807017544,0.9539473684210528,0.1235,0.1873,0.0822,0.92,Very High Vulnerability,0.97,Very High Concern,853.0,1.0,medium,very urban,23.469542212999997,1.0,5.96637375055,1.0,213.5,1.0,212.22617920425756,132.4059081936121,689.0,800968.5366452639,0.08602085705960096,False,47.882369016,0.0
Hudspeth,10.526315789,,,21.0,34.8,,218,22.614107884,850,18.1,,0.0,3287:0,38904,88.013136289,3287,46.273197444,100.0,2023,56.51048896499999,,38.0,75.5,10.0,,1.0,1.0,1.0,1.0,1.0,1.0,0.1166,0.1765,0.0789,0.98,Very High Vulnerability,0.98,Very High Concern,3287.0,0.0,small,very rural,23.469542212999997,1.0,5.96637375055,1.0,213.5,1.0,212.22617920425756,17.905425307321213,123.5,77144.38525413099,0.160089421405282,True,41.965456189,1.0
Hunt,8.6433394721,29.0,29.05608,43.0,17.6,7.3944103271,2734,11.283532811,14620,15.2,49.665821138,72.53806,1379:1,58326,57.242331818,103394,50.50583206,56.631332072,2023,80.404922588,,1145.0,1307.0,92.0,,0.9448051948051948,0.9407467532467532,0.950487012987013,0.9488636363636364,0.9472402597402596,0.9472402597402596,0.1122,0.1653,0.0743,0.83,Very High Vulnerability,0.87,Very High Concern,1379.0,1.0,large,rural,23.469542212999997,1.0,7.3944103271,0.0,213.5,1.0,211.92129339516416,540.2949282047596,2544.0,2426609.8475709218,0.1048376195516798,False,49.665821138,0.0
Hutchinson,8.803728638,5.0,24.18146,44.0,17.5,,745,13.967004124,3140,14.9,72.830580163,63.4301,1577:1,56646,50.609756098,20495,49.212002928,22.564334086,2023,81.183523148,,152.0,223.0,12.5,,0.949748743718593,0.9547738693467336,0.9547738693467336,0.9547738693467336,0.949748743718593,0.9447236180904522,0.1241,0.1883,0.0824,0.66,High Vulnerability,0.86,Very High Concern,1577.0,1.0,medium,very urban,23.469542212999997,1.0,5.96637375055,1.0,213.5,1.0,212.22617920425756,71.62170122928485,387.5,481008.26765543496,0.08055994585888936,False,72.830580163,0.0
Irion,11.538461538,0.0,0.0,45.0,12.4,,59,16.388888889,200,13.1,,0.0,1552:0,69966,41.486068111,1552,49.484536082,100.0,2023,66.7379055315,,22.5,20.0,0.0,,0.9393939393939394,0.9393939393939394,0.9393939393939394,0.9393939393939394,0.9393939393939394,0.9393939393939394,0.1235,0.1873,0.0822,0.2,Low Vulnerability,0.88,Very High Concern,1552.0,0.0,small,very rural,23.469542212999997,1.0,5.96637375055,1.0,213.5,1.0,212.22617920425756,10.601896563545454,42.5,36424.72951457599,0.11667897213345918,True,41.965456189,1.0
Jack,7.2900158479,5.0,55.21201000000001,35.0,20.6,,292,14.476945959,1420,15.9,,68.87052,1452:1,51846,65.995115995,8712,43.721303949,53.217602831,2023,71.3267446875,,61.0,89.5,7.5,,0.96875,0.96875,0.96875,0.96875,0.96875,0.96875,0.1293,0.1898,0.087,0.65,High Vulnerability,0.98,Very High Concern,1452.0,1.0,small,urban,23.469542212999997,1.0,5.96637375055,1.0,213.5,1.0,212.22617920425756,28.742919572278787,158.0,204466.65175965597,0.07727421495888921,True,41.965456189,1.0
Jackson,7.2108843537,2.0,13.46439,40.0,18.1,,587,15.097736626,2190,14.8,35.973896055,72.74651,1375:1,60666,52.333759591,15121,49.990080021,61.818827709,2023,74.615130252,,174.5,209.0,0.0,,0.9787234042553192,0.9822695035460992,0.9858156028368794,0.9858156028368794,0.9822695035460992,0.9822695035460992,0.1134,0.1709,0.0762,0.68,High Vulnerability,0.93,Very High Concern,1375.0,1.0,medium,rural,23.469542212999997,1.0,5.96637375055,1.0,213.5,1.0,212.22617920425756,82.2235977928303,383.5,354882.947802773,0.10806380029652228,False,35.973896055,0.0
Jasper,8.4089323098,12.0,33.92226,40.0,32.2,,967,11.594724221,6970,19.6,53.342158311,81.88021,1221:1,50038,65.382567016,32975,50.147081122,78.185382246,2023,69.4538518335,,248.0,332.0,17.5,,0.8959390862944162,0.9086294416243654,0.9213197969543148,0.9111675126903552,0.8984771573604061,0.8984771573604061,0.1428,0.2169,0.0983,0.82,Very High Vulnerability,0.92,Very High Concern,1221.0,1.0,medium,rural,23.469542212999997,1.0,5.96637375055,1.0,213.5,1.0,212.22617920425756,116.85645990041212,597.5,773908.154473675,0.07720554390673816,False,53.342158311,0.0
Jeff Davis,9.2592592593,1.0,45.04505,20.0,57.1,,20,31.25,350,15.7,,51.30836,1949:1,56149,45.25862069,1949,49.615187276,100.0,2023,62.181981285,,17.5,10.0,0.0,,0.9090909090909092,0.9090909090909092,0.9090909090909092,0.9090909090909092,0.9090909090909092,0.9090909090909092,0.1166,0.1765,0.0789,0.36,Low Vulnerability,0.89,Very High Concern,1949.0,1.0,small,very rural,23.469542212999997,1.0,5.96637375055,1.0,213.5,1.0,212.22617920425756,8.245919549424242,27.5,45742.137773136994,0.060119621291836386,True,41.965456189,1.0
Jefferson,10.308434918,129.0,51.5738,46.0,27.0,8.6384204031,7432,12.279223461,46070,18.2,56.477132093,139.53268,717:1,55575,69.418019693,253704,48.458045596,8.4020089348,2023,75.616812433,,2609.0,3344.0,399.0,,0.9468120251073672,0.9484638255698712,0.9643211100099108,0.9557317476048892,0.9540799471423852,0.948794185662372,0.1231,0.1913,0.0827,0.86,Very High Vulnerability,0.95,Very High Concern,717.0,1.0,large,very urban,23.469542212999997,1.0,8.6384204031,0.0,213.5,1.0,211.65569724393816,1232.6623067429487,6352.0,5954316.737606951,0.10667890674812973,False,56.477132093,0.0
Jim Hogg,7.9766536965,1.0,19.29012,38.0,37.1,,181,11.536010198,1020,19.7,,,,37454,87.04028021,4801,48.052489065,17.396226415,2023,57.000620977500006,,34.5,40.5,0.0,,0.9836065573770492,0.9836065573770492,0.9836065573770492,0.9836065573770492,0.9836065573770492,0.9836065573770492,0.1146,0.1867,0.0742,0.99,Very High Vulnerability,1.0,Very High Concern,,,small,very urban,23.469542212999997,1.0,5.96637375055,1.0,213.5,1.0,212.22617920425756,16.256241397436362,75.0,112677.27216461298,0.06656178176769373,True,41.965456189,1.0
Jim Wells,10.414114188,10.0,24.72066,43.0,29.3,4.8959608323,1274,11.431135038,7420,18.2,78.561748264,102.96805,971:1,43852,78.986915404,38847,50.353952686,40.085214751,2023,62.324559399500004,,391.0,516.0,17.5,,0.901840490797546,0.9427402862985684,0.950920245398773,0.9079754601226994,0.901840490797546,0.9079754601226994,0.0992,0.1603,0.0642,0.92,Very High Vulnerability,0.99,Very High Concern,971.0,1.0,large,urban,23.469542212999997,1.0,4.8959608323,0.0,213.5,1.0,212.45471236230395,184.03922212523986,924.5,911721.3063484109,0.10140160085791675,False,78.561748264,0.0
Johnson,6.8209583277,78.0,43.43589,49.0,12.8,6.3472563473,6538,13.608642258,22190,12.9,44.900670064,72.61854,1377:1,76226,49.06062587,187280,49.832870568,37.874170167,2023,86.7484009435,,1544.0,1979.0,107.0,,0.9382142857142856,0.9407142857142856,0.9507142857142856,0.9432142857142856,0.9432142857142856,0.9414285714285714,0.1346,0.1961,0.0907,0.51,Moderate Vulnerability,0.73,High Concern,1377.0,1.0,large,urban,23.469542212999997,1.0,6.3472563473,0.0,213.5,1.0,212.14486076985145,727.8045739109522,3630.0,4395375.86565064,0.08258679373402478,False,44.900670064,0.0
Jones,7.5825156111,4.0,20.12579,36.0,22.0,,381,10.571587125,2740,13.8,45.158368077,45.28758,2208:1,52288,62.476262818,19873,36.728224224,85.14998515,2023,78.060381691,,133.0,182.5,12.5,,0.9735449735449736,0.9788359788359788,0.9788359788359788,0.9735449735449736,0.9735449735449736,0.9735449735449736,0.1278,0.1901,0.086,0.63,High Vulnerability,0.97,Very High Concern,2208.0,1.0,medium,very rural,23.469542212999997,1.0,5.96637375055,1.0,213.5,1.0,212.22617920425756,62.66898857562424,328.0,466410.21239894896,0.07032436067661436,False,45.158368077,0.0
Karnes,8.2516339869,4.0,25.70364,45.0,25.0,,427,12.154853402,2060,13.2,42.071679251,33.88911,2951:1,48470,65.744203441,14754,41.62938864,38.390447922,2023,69.115869225,,101.5,147.0,10.0,,0.8434065934065934,0.8571428571428571,0.8983516483516484,0.8543956043956044,0.8461538461538461,0.8406593406593407,0.1134,0.1709,0.0762,0.84,Very High Vulnerability,0.97,Very High Concern,2951.0,1.0,medium,urban,23.469542212999997,1.0,5.96637375055,1.0,213.5,1.0,212.22617920425756,47.8263333866606,258.5,346269.625810602,0.07465280831226905,False,42.071679251,0.0
Kaufman,8.1678437889,35.0,24.44168,52.0,12.0,5.1059484299,4790,11.569489397,16130,12.4,45.533675253,53.24274,1878:1,73660,52.744870063,157768,50.624334466,48.817610063,2023,83.096977818,,2299.0,2432.0,154.5,,0.9575273338940286,0.9478553406223718,0.969722455845248,0.9667788057190916,0.964255677039529,0.9465937762825904,0.1236,0.185,0.0839,0.57,Moderate Vulnerability,0.77,High Concern,1878.0,1.0,large,urban,23.469542212999997,1.0,5.1059484299,0.0,213.5,1.0,212.40988001021634,1082.3413674963822,4885.5,3702742.7358605834,0.13194273403562626,False,45.533675253,0.0
Kendall,7.6547842402,41.0,84.49601,53.0,9.2,,1470,12.518095887,4700,10.3,,132.51261,755:1,102832,23.795791947,46788,50.414636232,58.159233762,2023,90.3562575025,,366.0,433.0,32.0,,0.9007891770011274,0.910935738444194,0.9143179255918829,0.8996617812852311,0.8996617812852311,0.8974069898534386,0.1008,0.1475,0.0669,0.23,Low Vulnerability,0.47,Moderate Concern,755.0,1.0,large,rural,23.469542212999997,1.0,5.96637375055,1.0,213.5,1.0,212.22617920425756,172.45751743367273,831.0,1098092.941061844,0.0756766544001669,True,41.965456189,1.0
Kenedy,,0.0,0.0,36.0,23.4,,29,39.726027397,40,10.9,,0.0,340:0,42379,52.808988764,340,48.235294118,100.0,2023,49.305473576500006,,10.0,5.0,0.0,,1.0,1.0,1.0,1.0,1.0,1.0,0.0992,0.1603,0.0642,0.73,High Vulnerability,0.99,Very High Concern,340.0,0.0,small,very rural,23.469542212999997,1.0,5.96637375055,1.0,213.5,1.0,212.22617920425756,4.711954028242424,15.0,7979.6443524199985,0.18797830250982211,True,41.965456189,1.0
Kent,,0.0,0.0,25.0,15.8,,28,14.893617021,100,14.1,,0.0,749:0,54154,38.636363636,749,47.396528705,100.0,2023,76.3236763235,,2.5,5.0,0.0,,1.0,1.0,1.0,1.0,1.0,1.0,0.1278,0.1901,0.086,0.44,Moderate Vulnerability,0.91,Very High Concern,749.0,0.0,small,very rural,23.469542212999997,1.0,5.96637375055,1.0,213.5,1.0,212.22617920425756,1.177988507060606,7.5,17578.687117536996,0.04266530230530008,True,41.965456189,1.0
Kerr,8.3084442031,45.0,85.11604,53.0,20.1,6.0109289617,1484,14.706173818,7690,14.7,61.072780424,116.62685,857:1,60834,58.270398341,53161,51.511446361,41.102267003,2023,84.3974318485,,334.0,424.0,23.5,,0.9168241965973536,0.9111531190926276,0.9319470699432892,0.9187145557655956,0.9206049149338374,0.9130434782608696,0.1008,0.1475,0.0669,0.7,High Vulnerability,0.6,High Concern,857.0,1.0,large,urban,23.469542212999997,1.0,6.0109289617,0.0,213.5,1.0,212.21666666667704,157.38631901357905,781.5,1247664.3335852928,0.06263703938336353,False,61.072780424,0.0
Kimble,8.3591331269,4.0,90.99181,30.0,32.1,,122,14.950980392,730,16.8,,114.54754,873:1,48671,65.442404007,4365,50.652920962,44.302148904,2023,73.091226779,,37.0,36.5,2.5,,0.9787234042553192,1.0,0.9787234042553192,1.0,1.0,1.0,0.1235,0.1873,0.0822,0.59,Moderate Vulnerability,0.82,Very High Concern,873.0,1.0,small,urban,23.469542212999997,1.0,5.96637375055,1.0,213.5,1.0,212.22617920425756,17.43422990449697,76.0,102444.55175974498,0.07418647326237195,True,41.965456189,1.0
King,,0.0,0.0,,14.5,,22,27.848101266,60,23.2,,0.0,258:0,74890,21.25984252,258,47.674418605,100.0,2023,90.266955267,,0.0,10.0,0.0,,0.75,0.75,0.5,0.5,0.75,0.5,0.1143,0.1758,0.0766,0.2,Very Low Vulnerability,0.68,High Concern,258.0,0.0,small,very rural,23.469542212999997,1.0,5.96637375055,1.0,213.5,1.0,212.22617920425756,0.0,10.0,6055.141890953999,0.1651488962618592,True,41.965456189,1.0
Kinney,6.7226890756,,,28.0,24.7,,109,15.013774105,600,16.2,,63.89776,1565:1,50567,64.161849711,3130,44.313099042,20.455808783,2023,53.710888277500004,,25.0,31.5,0.0,,1.0,1.0,1.0,1.0,1.0,1.0,0.107,0.1724,0.0705,0.86,Very High Vulnerability,0.98,Very High Concern,1565.0,1.0,small,very urban,23.469542212999997,1.0,5.96637375055,1.0,213.5,1.0,212.22617920425756,11.779885070606062,56.5,73459.66712669,0.07691295401946074,True,41.965456189,1.0
Kleberg,8.2252559727,13.0,42.85055,42.0,32.0,,849,11.300412618,5490,17.9,49.461018366,52.22783999999999,1915:1,49226,70.935765266,30635,49.198629019,18.870278532,2023,75.802774038,,286.0,375.0,7.5,,0.9470198675496688,0.9536423841059604,0.956953642384106,0.9470198675496688,0.9470198675496688,0.9503311258278144,0.0992,0.1603,0.0642,0.98,Very High Vulnerability,0.99,Very High Concern,1915.0,1.0,medium,very urban,23.469542212999997,1.0,5.96637375055,1.0,213.5,1.0,212.22617920425756,134.76188520773334,668.5,718989.4256952549,0.09297772346979481,False,49.461018366,0.0
Knox,6.8322981366,1.0,27.15178,14.0,28.6,,174,17.827868852,490,13.3,39.368795812,179.05103,559:1,45558,61.096605744,3351,50.402864816,100.0,2023,76.98307030149999,,27.5,45.0,0.0,,0.9361702127659576,0.9361702127659576,0.9361702127659576,0.9361702127659576,0.9361702127659576,0.9361702127659576,0.1278,0.1901,0.086,0.8,High Vulnerability,0.93,Very High Concern,559.0,1.0,small,very rural,23.469542212999997,1.0,5.96637375055,1.0,213.5,1.0,212.22617920425756,12.957873577666668,72.5,78646.435955763,0.09218472409961434,False,39.368795812,0.0
La Salle,10.849056604,,,29.0,32.3,,169,11.59917639,1060,14.1,,194.90255,513:1,40549,78.260869565,6670,40.539730135,46.354923032,2023,60.493091022,,45.5,63.0,2.5,,0.9661016949152542,0.9661016949152542,0.9661016949152542,0.9661016949152542,0.9661016949152542,0.9661016949152542,0.107,0.1724,0.0705,0.82,Very High Vulnerability,0.97,Very High Concern,513.0,1.0,small,urban,23.469542212999997,1.0,5.96637375055,1.0,213.5,1.0,212.22617920425756,21.43939082850303,111.0,156541.84656071,0.07090755758841265,True,41.965456189,1.0
Lamar,8.4627159414,20.0,40.07614,50.0,25.2,7.0609002648,1610,13.386546936,9020,18.1,45.626298291,139.72614000000002,716:1,50787,60.81048581,50098,51.45514791,47.082923302,2023,67.886843509,,507.0,633.0,20.0,,0.9625187406296852,0.9610194902548724,0.9655172413793104,0.9655172413793104,0.9640179910044976,0.9640179910044976,0.1283,0.1937,0.0866,0.84,Very High Vulnerability,0.94,Very High Concern,716.0,1.0,large,urban,23.469542212999997,1.0,7.0609002648,0.0,213.5,1.0,211.9924977934652,239.159406713509,1160.0,1175777.1257868737,0.09865815336590128,False,45.626298291,0.0
Lamb,8.5894405043,4.0,31.47128,32.0,26.3,,547,15.522133939,1980,15.2,30.81841909,62.02512,1612:1,48981,69.924541861,12898,49.9612343,57.687629677,2023,68.8502877845,,137.5,162.5,12.5,,0.9629629629629628,0.9629629629629628,0.9814814814814816,0.9814814814814816,0.9814814814814816,0.9629629629629628,0.1143,0.1758,0.0766,0.9,Very High Vulnerability,0.99,Very High Concern,1612.0,1.0,medium,rural,23.469542212999997,1.0,5.96637375055,1.0,213.5,1.0,212.22617920425756,64.78936788833333,312.5,302710.155463274,0.10323406544512634,False,30.81841909,0.0
Lampasas,6.0264900662,9.0,41.30525,24.0,19.4,,599,12.269561655,3020,14.3,27.811875028,44.93978,2225:1,64401,53.117408907,22252,50.319072443,68.267520455,2023,79.4086291255,,90.5,95.0,12.5,,0.9251968503937008,0.9488188976377953,0.9409448818897638,0.9251968503937008,0.9173228346456692,0.9133858267716536,0.1264,0.1929,0.0847,0.54,Moderate Vulnerability,0.88,Very High Concern,2225.0,1.0,medium,rural,23.469542212999997,1.0,5.96637375055,1.0,213.5,1.0,212.22617920425756,42.64318395559394,198.0,522244.25332367595,0.03791329416070832,False,27.811875028,0.0
Lavaca,7.1911493546,14.0,69.25208,47.0,15.9,,591,12.046473706,2480,12.4,37.637176067,77.88162,1284:1,54421,37.42280774,20544,50.910241433,81.316513523,2023,77.145324458,,175.0,240.0,12.5,,0.9615384615384616,0.9583333333333334,0.971153846153846,0.9615384615384616,0.9647435897435898,0.9647435897435898,0.1134,0.1709,0.0762,0.69,High Vulnerability,0.91,Very High Concern,1284.0,1.0,medium,very rural,23.469542212999997,1.0,5.96637375055,1.0,213.5,1.0,212.22617920425756,82.45919549424242,427.5,482158.2752238719,0.08866383135320172,False,37.637176067,0.0
Lee,7.1917808219,4.0,22.99247,51.0,18.1,,477,13.047045952,2050,12.0,44.747323779,22.59121,4427:1,59469,62.434675684,17706,49.107647125,69.720683843,2023,78.4640751045,,190.0,169.0,7.5,,0.9675675675675676,0.9405405405405406,0.9783783783783784,0.9675675675675676,0.9675675675675676,0.9621621621621622,0.124,0.188,0.0827,0.68,High Vulnerability,0.88,Very High Concern,4427.0,1.0,medium,rural,23.469542212999997,1.0,5.96637375055,1.0,213.5,1.0,212.22617920425756,89.52712653660606,366.5,415551.71442337794,0.08819600239372315,False,44.747323779,0.0
Leon,7.3342736248,,,43.0,23.8,,708,17.633872976,3010,17.4,41.965456189,31.33028,3192:1,51582,58.362760835,15959,49.909142177,100.0,2023,71.5297189555,,112.5,156.0,12.5,,0.9285714285714286,0.945054945054945,0.945054945054945,0.934065934065934,0.934065934065934,0.9285714285714286,0.1225,0.1864,0.0827,0.62,High Vulnerability,0.92,Very High Concern,3192.0,1.0,medium,very rural,23.469542212999997,1.0,5.96637375055,1.0,213.5,1.0,212.22617920425756,53.009482817727275,281.0,374550.42417726695,0.07502327640323497,False,41.965456189,0.0
Liberty,8.5500490677,19.0,20.75437,39.0,22.0,6.8758594824,3306,12.773849542,14420,16.7,38.264390733,40.97479,2441:1,57174,77.039155735,97621,50.224849162,63.227264915,2023,80.9512698975,,1232.0,1409.0,112.0,,0.9701879455605964,0.9643551523007128,0.9766688269604666,0.9721322099805574,0.9753726506804924,0.966299416720674,0.1377,0.2028,0.0929,0.94,Very High Vulnerability,0.97,Very High Concern,2441.0,1.0,large,rural,23.469542212999997,1.0,6.8758594824,0.0,213.5,1.0,212.0320040005076,581.0443596981946,2753.0,2291120.180375273,0.12015956315085462,False,38.264390733,0.0
Limestone,10.221550856,9.0,38.56041,41.0,24.5,,651,12.799842705,3860,16.5,29.147404479,63.294,1580:1,50381,74.421768707,22119,48.225507482,53.617858365,2023,65.187984426,,198.0,240.0,12.5,,0.8098591549295775,0.8697183098591549,0.897887323943662,0.8098591549295775,0.8169014084507042,0.8098591549295775,0.1248,0.188,0.085,0.95,Very High Vulnerability,0.98,Very High Concern,1580.0,1.0,medium,urban,23.469542212999997,1.0,5.96637375055,1.0,213.5,1.0,212.22617920425756,93.2966897592,450.5,519122.80420934694,0.08678100756643443,False,29.147404479,0.0
Lipscomb,5.3691275168,,,38.0,19.0,,224,27.757125155,430,13.0,,34.118050000000004,2931:1,64249,67.213114754,2931,48.515864893,100.0,2023,84.4937754285,,25.0,24.5,2.5,,0.925,0.95,0.95,0.925,0.925,0.925,0.1241,0.1883,0.0824,0.46,Moderate Vulnerability,0.87,Very High Concern,2931.0,1.0,small,very rural,23.469542212999997,1.0,5.96637375055,1.0,213.5,1.0,212.22617920425756,11.779885070606062,52.0,68789.22822630299,0.07559323071474251,True,41.965456189,1.0
Live Oak,7.2589382449,1.0,8.11425,36.0,25.0,,413,16.202432326,2070,17.0,,43.94832,2275:1,52910,63.069245165,11377,44.721807155,100.0,2023,61.3265798115,,58.0,97.0,12.5,,0.9779411764705882,0.9705882352941176,0.9779411764705882,0.9926470588235294,0.9852941176470588,0.9926470588235294,0.1146,0.1867,0.0742,0.69,High Vulnerability,0.95,Very High Concern,2275.0,1.0,medium,very rural,23.469542212999997,1.0,5.96637375055,1.0,213.5,1.0,212.22617920425756,27.329333363806057,167.5,267012.98175730096,0.06273103236315589,True,41.965456189,1.0
Llano,8.0576759966,15.0,68.31223,42.0,23.1,,489,14.399293286,3150,14.7,68.222322912,54.60005,1832:1,61037,63.660762211,21978,51.305851306,45.179006269,2023,82.3330972935,,141.0,179.5,15.0,,0.9574468085106383,0.9645390070921984,0.9716312056737588,0.9787234042553192,0.9574468085106383,0.9787234042553192,0.1264,0.1929,0.0847,0.47,Moderate Vulnerability,0.76,High Concern,1832.0,1.0,medium,urban,23.469542212999997,1.0,5.96637375055,1.0,213.5,1.0,212.22617920425756,66.43855179821819,335.5,515813.5987573139,0.06504287611033885,False,68.222322912,0.0
Loving,,0.0,0.0,,8.7,,15,24.193548387,30,24.3,,0.0,57:0,100917,,57,24.561403509,100.0,2023,85.0537634405,,5.0,7.5,0.0,,,,,,,,0.1166,0.1765,0.0789,0.76,High Vulnerability,0.83,Very High Concern,57.0,0.0,small,very rural,23.469542212999997,1.0,5.96637375055,1.0,213.5,1.0,212.22617920425756,2.355977014121212,12.5,1337.7639061409998,0.9343950709552561,True,41.965456189,1.0
Lubbock,8.5707294907,258.0,81.96409,49.0,17.6,5.0146259925,6894,9.0741569484,45900,14.9,50.933616777,169.81978,589:1,57270,60.029784649,314451,50.614563159,11.335540166,2023,81.13928584749999,,3462.0,3921.0,129.0,,0.909795812871543,0.927371413802016,0.9446885500129232,0.9131558542258982,0.912121995347635,0.9072111656758852,0.109,0.1714,0.0711,0.75,High Vulnerability,0.74,High Concern,589.0,1.0,large,very urban,23.469542212999997,1.0,5.0146259925,0.0,213.5,1.0,212.42937735060124,1629.7180941627428,7512.0,7380021.018420062,0.10178832799053726,False,50.933616777,0.0
Lynn,9.7276264591,5.0,82.98755,37.0,23.2,,250,14.95215311,910,15.4,,52.74262,1896:1,50374,51.526479751,5688,47.55625879,56.720202874,2023,75.5169480685,,66.0,77.5,5.0,,0.875,0.890625,0.90625,0.90625,0.890625,0.90625,0.1143,0.1758,0.0766,0.89,Very High Vulnerability,0.99,Very High Concern,1896.0,1.0,small,rural,23.469542212999997,1.0,5.96637375055,1.0,213.5,1.0,212.22617920425756,31.0988965864,148.5,133494.75610754397,0.11124032458650866,True,41.965456189,1.0
Madison,8.0589254766,2.0,13.8629,42.0,23.4,,372,11.907810499,1950,13.6,50.343784446,29.15877,3430:1,48251,72.359290671,13718,42.484327161,67.403395785,2023,72.375257957,,120.0,159.5,22.5,,0.9597989949748744,0.9698492462311558,0.9748743718592964,0.9698492462311558,0.964824120603015,0.9597989949748744,0.1225,0.1864,0.0827,0.84,Very High Vulnerability,0.96,Very High Concern,3430.0,1.0,medium,rural,23.469542212999997,1.0,5.96637375055,1.0,213.5,1.0,212.22617920425756,56.54344833890909,302.0,321955.18007793394,0.09380187637512044,False,50.343784446,0.0
Marion,9.0177133655,,,35.0,34.3,,209,11.508810573,1800,18.1,51.705579386,31.1042,3215:1,43178,75.224123879,9645,51.487817522,100.0,2023,65.7535417355,,54.5,49.0,7.5,,0.9620253164556962,0.9620253164556962,0.9746835443037974,0.9746835443037974,0.9746835443037974,0.9746835443037974,0.1276,0.1901,0.0861,0.69,High Vulnerability,0.97,Very High Concern,3215.0,1.0,medium,very rural,23.469542212999997,1.0,5.96637375055,1.0,213.5,1.0,212.22617920425756,25.680149453921214,111.0,226363.73464438497,0.04903612328820242,False,51.705579386,0.0
Martin,7.6452599388,1.0,17.19395,25.0,20.1,,396,20.700470465,660,11.7,,76.7607,1303:1,69505,48.59375,5211,49.664171944,100.0,2023,67.43960031099999,,39.0,45.0,5.0,,0.9239130434782608,0.9239130434782608,0.9565217391304348,0.9456521739130436,0.9347826086956522,0.9239130434782608,0.1235,0.1873,0.0822,0.42,Moderate Vulnerability,0.89,Very High Concern,1303.0,1.0,small,very rural,23.469542212999997,1.0,5.96637375055,1.0,213.5,1.0,212.22617920425756,18.376620710145456,89.0,122299.78447194298,0.07277200069017101,True,41.965456189,1.0
Mason,,,,45.0,20.8,,210,23.153252481,520,12.2,,76.0842,1314:1,56690,47.346368715,3943,49.277200101,100.0,2023,75.13475069,,30.0,30.5,7.5,,0.96,0.96,0.96,0.96,0.96,0.96,0.1235,0.1873,0.0822,0.36,Low Vulnerability,0.81,Very High Concern,1314.0,1.0,small,very rural,23.469542212999997,1.0,5.96637375055,1.0,213.5,1.0,212.22617920425756,14.135862084727272,68.0,92540.40494585899,0.07348141607958554,True,41.965456189,1.0
Matagorda,8.5547290117,14.0,38.12117,42.0,31.7,,1313,13.637307852,6400,17.4,61.405185157,77.0416,1298:1,50054,72.004591764,36344,49.72485142,36.417633916,2023,65.83799234450001,,398.0,511.0,30.5,,0.9763779527559056,0.9763779527559056,0.984251968503937,0.9763779527559056,0.9783464566929134,0.9744094488188976,0.1114,0.1704,0.0738,0.91,Very High Vulnerability,0.94,Very High Concern,1298.0,1.0,medium,urban,23.469542212999997,1.0,5.96637375055,1.0,213.5,1.0,212.22617920425756,187.53577032404849,939.5,852977.0421892719,0.11014364438093856,False,61.405185157,0.0
Maverick,8.3267352864,13.0,22.26866,27.0,28.0,6.915813273,2663,14.710269016,11660,20.1,84.828082438,48.2293,2073:1,41815,83.333333333,58056,49.671007303,9.2557779498,2023,63.3641595525,,840.0,1032.0,104.5,,0.8766730401529637,0.8996175908221797,0.95697896749522,0.8680688336520076,0.8766730401529637,0.8565965583173997,0.107,0.1724,0.0705,0.97,Very High Vulnerability,1.0,Very High Concern,2073.0,1.0,large,very urban,23.469542212999997,1.0,6.915813273,0.0,213.5,1.0,212.0234738662145,396.1825474711516,1976.5,1362547.7427179278,0.14505913723488303,False,84.828082438,0.0
McCulloch,7.5471698113,5.0,63.9141,31.0,29.0,,241,14.068884997,1320,16.6,,66.37462,1507:1,43525,66.381987578,7533,49.67476437,35.325365206,2023,79.99212508049999,,70.0,98.0,2.5,,,,,,,,0.1235,0.1873,0.0822,0.74,High Vulnerability,0.93,Very High Concern,1507.0,1.0,small,urban,23.469542212999997,1.0,5.96637375055,1.0,213.5,1.0,212.22617920425756,32.98367819769697,170.5,176796.06149052898,0.09643879991587581,True,41.965456189,1.0
McLennan,8.5205170034,201.0,77.38806,52.0,18.2,6.2644246621,6490,10.181350402,39140,15.4,45.938165251,91.59493,1092:1,58524,63.36644519,263115,51.0153355,23.351893949,2023,79.62727438900001,,2541.0,3159.0,160.0,,,,,,,,0.1128,0.178,0.0742,0.84,Very High Vulnerability,0.88,Very High Concern,1092.0,1.0,large,very urban,23.469542212999997,1.0,6.2644246621,0.0,213.5,1.0,212.16254533464166,1197.6666267800042,5860.0,6175188.599373494,0.09489588707613769,False,45.938165251,0.0
McMullen,,0.0,0.0,26.0,17.6,,28,17.610062893,70,9.3,,164.47368,608:1,63120,24.719101124,608,47.203947368,100.0,2023,76.79443635749999,,10.0,12.5,0.0,,,,,,,,0.1146,0.1867,0.0742,0.76,High Vulnerability,0.83,Very High Concern,608.0,1.0,small,very rural,23.469542212999997,1.0,5.96637375055,1.0,213.5,1.0,212.22617920425756,4.711954028242424,22.5,14269.481665503998,0.15767916822369946,True,41.965456189,1.0
Medina,8.2891566265,13.0,24.82906,39.0,19.6,5.9701492537,1382,11.123631681,6180,12.2,71.187362681,21.16158,4726:1,62907,55.025613849,51981,47.871337604,61.555014563,2023,76.75550454399999,,335.0,429.0,28.5,,0.9020618556701032,0.9309278350515464,0.9371134020618556,0.9123711340206184,0.9030927835051548,0.91340206185567,0.1146,0.174,0.0756,0.67,High Vulnerability,0.95,Very High Concern,4726.0,1.0,large,rural,23.469542212999997,1.0,5.9701492537,0.0,213.5,1.0,212.22537313433506,157.85105949039877,792.5,1219970.2737739529,0.06496059920775099,False,71.187362681,0.0
Menard,8.064516129,1.0,47.08098,27.0,32.9,,87,21.914357683,350,16.8,,0.0,1982:0,41507,59.856630824,1982,49.293642785,100.0,2023,64.77660578,,21.0,25.0,0.0,,1.0,1.0,1.0,1.0,1.0,1.0,0.1235,0.1873,0.0822,0.59,Moderate Vulnerability,0.97,Very High Concern,1982.0,0.0,small,very rural,23.469542212999997,1.0,5.96637375055,1.0,213.5,1.0,212.22617920425756,9.895103459309091,46.0,46516.63266616599,0.09888935927526464,True,41.965456189,1.0
Midland,8.2581337496,65.0,36.54498,45.0,12.9,5.3123462863,7658,14.274796354,20680,12.1,45.894263297,122.64168,815:1,84837,49.156146179,167969,49.195982592,12.291776258,2023,85.442602044,,2352.0,2524.0,188.5,,0.9491778774289984,0.9439461883408072,0.967488789237668,0.9607623318385652,0.9573991031390134,0.9409566517189836,0.1034,0.1564,0.067,0.47,Moderate Vulnerability,0.72,High Concern,815.0,1.0,large,very urban,23.469542212999997,1.0,5.3123462863,0.0,213.5,1.0,212.36581406787494,1107.5228893706355,5064.5,3942155.5359753966,0.12847032426250793,False,45.894263297,0.0
Milam,6.8126520681,2.0,8.09454,46.0,22.7,,783,13.530326594,3850,15.5,20.180449818,79.66223,1255:1,53320,65.912689437,25106,50.159324464,56.182089914,2023,70.8094282955,,218.0,302.0,15.0,,0.96028880866426,0.9530685920577616,0.967509025270758,0.96028880866426,0.96028880866426,0.9530685920577616,0.1225,0.1864,0.0827,0.76,High Vulnerability,0.95,Very High Concern,1255.0,1.0,medium,rural,23.469542212999997,1.0,5.96637375055,1.0,213.5,1.0,212.22617920425756,102.72059781568485,535.0,589226.3267995779,0.09079702920028848,False,20.180449818,0.0
Mills,8.2706766917,1.0,20.66116,20.0,22.5,,177,18.1724846,650,13.4,,66.96429,1493:1,54948,53.105196451,4480,48.794642857,100.0,2023,73.9961990765,,28.5,36.5,2.5,,0.8909090909090909,0.8545454545454545,0.9090909090909092,0.8909090909090909,0.8727272727272727,0.8909090909090909,0.1264,0.1929,0.0847,0.77,High Vulnerability,0.95,Very High Concern,1493.0,1.0,small,very rural,23.469542212999997,1.0,5.96637375055,1.0,213.5,1.0,212.22617920425756,13.429068980490907,67.5,105143.54911423998,0.06419794706250621,True,41.965456189,1.0
Mitchell,9.8283931357,4.0,48.76859,31.0,25.3,,242,13.109425785,1100,13.3,,44.10143,2268:1,44476,52.714398112,9070,40.551267916,36.74359247,2023,69.336736978,,56.5,59.5,0.0,,0.9716981132075472,0.9528301886792452,0.9716981132075472,0.9716981132075472,0.9622641509433962,0.9716981132075472,0.1278,0.1901,0.086,0.62,High Vulnerability,0.97,Very High Concern,2268.0,1.0,small,urban,23.469542212999997,1.0,5.96637375055,1.0,213.5,1.0,212.22617920425756,26.622540259569693,116.0,212868.74787190996,0.05449367328913916,True,41.965456189,1.0
Montague,7.9867986799,6.0,30.05711,37.0,21.2,,694,15.011897037,3210,16.4,,24.499,4082:1,54988,53.805620609,20409,50.120045078,58.943151275,2023,74.0056887105,,160.0,213.0,17.5,,0.8440366972477065,0.8532110091743119,0.8899082568807339,0.8486238532110092,0.8486238532110092,0.8394495412844036,0.1293,0.1898,0.087,0.58,Moderate Vulnerability,0.93,Very High Concern,4082.0,1.0,medium,rural,23.469542212999997,1.0,5.96637375055,1.0,213.5,1.0,212.22617920425756,75.39126445187878,390.5,478989.88702511694,0.08152572957756897,True,41.965456189,1.0
Montgomery,7.2579221034,372.0,59.39162,52.0,14.7,5.0126287158,19075,11.179683745,73560,12.5,48.30654019,81.37023,1229:1,87831,45.124496474,648886,50.305754786,22.725597153,2023,90.7773444195,,6603.0,7199.0,345.0,,0.937216681776972,0.9326835902085222,0.9496826835902086,0.9423164097914778,0.9409564823209428,0.935403445149592,0.1086,0.1585,0.0725,0.39,Low Vulnerability,0.67,High Concern,1229.0,1.0,large,very urban,23.469542212999997,1.0,5.0126287158,0.0,213.5,1.0,212.4298037691767,3108.3209054670738,14147.0,15229057.368424715,0.09289478434385434,False,48.30654019,0.0
Moore,7.411310151,8.0,38.73342,40.0,15.6,,1498,22.492492492,2180,10.3,43.918762241,28.41178,3520:1,61833,61.268641042,21118,47.651292736,16.814280497,2023,84.5515328665,,304.0,493.0,124.5,,0.9262536873156342,0.9262536873156342,0.9557522123893806,0.9646017699115044,0.943952802359882,0.9410029498525072,0.1241,0.1883,0.0824,0.7,High Vulnerability,0.88,Very High Concern,3520.0,1.0,medium,very urban,23.469542212999997,1.0,5.96637375055,1.0,213.5,1.0,212.22617920425756,143.2434024585697,921.5,495629.7924541339,0.1859250622197568,False,43.918762241,0.0
Morris,9.6993210475,3.0,24.20721,43.0,29.3,,328,11.577832686,2340,18.9,17.221640045,49.875310000000006,2005:1,44957,80.604796663,12030,51.729010806,78.421215401,2023,79.529274172,,105.0,128.5,12.5,,0.984,0.976,0.984,0.984,0.984,0.984,0.1283,0.1937,0.0866,0.73,High Vulnerability,0.97,Very High Concern,2005.0,1.0,medium,rural,23.469542212999997,1.0,5.96637375055,1.0,213.5,1.0,212.22617920425756,49.475517296545455,246.0,282338.59282238997,0.08712942766373799,False,17.221640045,0.0
Motley,,0.0,0.0,35.0,29.9,,34,13.991769547,180,13.3,,93.72071,1067:1,47835,70.05988024,1067,48.828491097,100.0,2023,69.64385843400001,,17.5,10.0,0.0,,1.0,1.0,1.0,1.0,1.0,1.0,0.1143,0.1758,0.0766,0.7,High Vulnerability,0.87,Very High Concern,1067.0,1.0,small,very rural,23.469542212999997,1.0,5.96637375055,1.0,213.5,1.0,212.22617920425756,8.245919549424242,27.5,25042.001541270998,0.10981550318443214,True,41.965456189,1.0
Nacogdoches,8.1241283124,46.0,71.03918,52.0,25.7,3.7787701821,1907,12.706556503,12130,18.6,45.035971127,108.24519,924:1,46970,70.233170365,64668,51.946867075,46.460231852,2023,80.50138623500001,,537.0,635.0,52.5,,0.9530791788856304,0.9530791788856304,0.9618768328445748,0.9618768328445748,0.9574780058651028,0.9560117302052786,0.125,0.1935,0.0836,0.98,Very High Vulnerability,0.9,Very High Concern,924.0,1.0,large,urban,23.469542212999997,1.0,3.7787701821,0.0,213.5,1.0,212.69323256612165,252.4762981506986,1224.5,1517728.3558302838,0.08067978668884583,False,45.035971127,0.0
Navarro,8.2534389329,17.0,33.53454,49.0,22.3,6.4462466209,1811,13.279073178,7600,15.4,30.745982397,52.24757999999999,1914:1,51015,67.12195122,53591,50.577522345,52.657379281,2023,77.9200695305,,526.0,568.0,20.0,,0.947887323943662,0.9380281690140844,0.9577464788732394,0.9549295774647888,0.947887323943662,0.9422535211267604,0.1248,0.188,0.085,0.97,Very High Vulnerability,0.95,Very High Concern,1914.0,1.0,large,urban,23.469542212999997,1.0,6.4462466209,0.0,213.5,1.0,212.12372634643785,247.9684894564521,1114.0,1257756.236736883,0.08857042147452646,False,30.745982397,0.0
Newton,9.1814159292,,,34.0,27.3,,317,12.220508867,2860,20.8,36.487988626,16.33853,6121:1,44030,71.331828442,12241,47.929090761,100.0,2023,72.4674249815,,53.0,77.0,0.0,,0.8947368421052632,0.8736842105263158,0.9157894736842104,0.9052631578947368,0.9052631578947368,0.9052631578947368,0.1428,0.2169,0.0983,0.72,High Vulnerability,0.96,Very High Concern,6121.0,1.0,medium,very rural,23.469542212999997,1.0,5.96637375055,1.0,213.5,1.0,212.22617920425756,24.973356349684845,130.0,287290.666229333,0.04525033886629162,False,36.487988626,0.0
Nolan,8.0,6.0,40.44489,35.0,25.0,,478,12.294238683,2320,15.6,54.784256086,89.0594,1123:1,44342,61.619047619,14597,49.3526067,32.656414301,2023,73.87043465400001,,148.0,170.0,2.5,,0.9836065573770492,0.9781420765027322,0.9836065573770492,0.9781420765027322,0.9836065573770492,0.9781420765027322,0.1278,0.1901,0.086,0.89,Very High Vulnerability,0.96,Very High Concern,1123.0,1.0,medium,urban,23.469542212999997,1.0,5.96637375055,1.0,213.5,1.0,212.22617920425756,69.73691961798788,320.5,342584.907683161,0.09355344990749384,False,54.784256086,0.0
Nueces,8.7519372778,299.0,82.33558,47.0,24.9,5.1223676722,7447,8.2434855764,55000,15.2,44.515363198,126.88379,788:1,59337,66.344249307,353079,50.334344438,6.447241956,2023,82.7543623575,,3147.0,4023.0,1284.0,,0.9638970002654632,0.9673480222989116,0.97690469869923,0.9676134855322538,0.9662861693655428,0.964958853198832,0.1011,0.1589,0.0646,0.84,Very High Vulnerability,0.89,Very High Concern,788.0,1.0,large,very urban,23.469542212999997,1.0,5.1223676722,0.0,213.5,1.0,212.4063745019853,1481.5939528079398,8454.0,8286602.495023826,0.1020200981654025,False,44.515363198,0.0
Ochiltree,6.9026548673,4.0,41.67535,37.0,16.8,,736,23.997391588,1270,12.8,,61.33715,1630:1,60914,52.27379278,9782,49.611531384,13.90981121,2023,78.39062089800001,,53.5,73.5,17.5,,0.926829268292683,0.91869918699187,0.943089430894309,0.926829268292683,0.926829268292683,0.91869918699187,0.1241,0.1883,0.0824,0.58,Moderate Vulnerability,0.9,Very High Concern,1630.0,1.0,medium,very urban,23.469542212999997,1.0,5.96637375055,1.0,213.5,1.0,212.22617920425756,25.20895405109697,144.5,229579.06192756596,0.06294127991758713,True,41.965456189,1.0
Oldham,,,,43.0,30.6,,33,12.643678161,260,12.2,,0.0,1717:0,62868,39.380530973,1717,47.233546884,100.0,2023,81.983925947,,17.5,22.5,0.0,,0.9767441860465116,0.9767441860465116,0.9767441860465116,0.9767441860465116,0.9767441860465116,0.9534883720930232,0.1241,0.1883,0.0824,0.43,Moderate Vulnerability,0.72,High Concern,1717.0,0.0,small,very rural,23.469542212999997,1.0,5.96637375055,1.0,213.5,1.0,212.22617920425756,8.245919549424242,40.0,40297.203979720995,0.09926246997218328,True,41.965456189,1.0
Orange,9.4438749359,14.0,16.8923,45.0,18.6,7.4674906656,2094,9.8070438366,14220,17.0,75.047685948,40.12178,2492:1,65908,54.424511187,84742,50.351655614,35.171132862,2023,83.4603635425,,834.0,1082.0,52.5,,0.9322191272051996,0.9266480965645312,0.9415041782729804,0.9340761374187558,0.9350046425255338,0.9303621169916436,0.1338,0.1949,0.0899,0.58,Moderate Vulnerability,0.86,Very High Concern,2492.0,1.0,large,urban,23.469542212999997,1.0,7.4674906656,0.0,213.5,1.0,211.9056907428944,393.57130857419673,1968.5,1988855.9462140456,0.09897649971820258,False,75.047685948,0.0
Palo Pinto,7.5533661741,12.0,40.92769,48.0,22.3,,828,12.034883721,4580,15.9,64.313991082,59.26236,1687:1,57580,73.354883399,28686,50.780868716,50.215218242,2023,78.86466424150001,,255.0,261.0,15.0,,0.96398891966759,0.96398891966759,0.969529085872576,0.969529085872576,0.9667590027700832,0.96398891966759,0.1134,0.1689,0.0762,0.88,Very High Vulnerability,0.93,Very High Concern,1687.0,1.0,medium,urban,23.469542212999997,1.0,5.96637375055,1.0,213.5,1.0,212.22617920425756,120.15482772018183,531.0,673247.2879221179,0.07887146514007595,False,64.313991082,0.0
Panola,9.3312597201,6.0,25.87657,37.0,19.3,,745,13.684790595,3720,16.0,18.741245383,52.92172,1890:1,54244,52.213305721,22675,50.116868798,72.718103883,2023,76.6527829785,,186.0,223.5,17.5,,0.935483870967742,0.939516129032258,0.9435483870967742,0.935483870967742,0.935483870967742,0.935483870967742,0.1282,0.1918,0.0871,0.7,High Vulnerability,0.92,Very High Concern,1890.0,1.0,medium,rural,23.469542212999997,1.0,5.96637375055,1.0,213.5,1.0,212.22617920425756,87.64234492530909,427.0,532171.869679775,0.08023723618780146,False,18.741245383,0.0
Parker,6.5535564464,60.0,40.48638,49.0,9.5,5.048099819,4616,12.017077996,16790,12.1,60.026562206,56.13534000000001,1781:1,85613,32.795346551,156764,49.901125258,56.084565584,2023,86.80030971,,1494.0,1744.0,43.5,,0.92363813229572,0.9182879377431906,0.933852140077821,0.928501945525292,0.9280155642023348,0.9226653696498056,0.1198,0.1716,0.0811,0.26,Low Vulnerability,0.68,High Concern,1781.0,1.0,large,rural,23.469542212999997,1.0,5.048099819,0.0,213.5,1.0,212.4222306886435,703.3162184375235,3281.5,3679179.3154787314,0.0891910863434775,False,60.026562206,0.0
Parmer,7.8307830783,1.0,10.502,34.0,22.9,,567,21.09375,1020,10.6,,81.52450999999999,1227:1,56632,67.311072056,9813,48.058697646,60.015580874,2023,70.7999250625,,114.5,175.0,31.5,,0.9651162790697676,0.9534883720930232,0.9593023255813954,0.9709302325581396,0.9593023255813954,0.9534883720930232,0.1241,0.1883,0.0824,0.76,High Vulnerability,0.97,Very High Concern,1227.0,1.0,medium,rural,23.469542212999997,1.0,5.96637375055,1.0,213.5,1.0,212.22617920425756,53.951873623375754,321.0,230306.61773616896,0.1393794078326165,True,41.965456189,1.0
Pecos,9.009009009,8.0,50.89706,20.0,28.9,,730,18.415741675,2150,13.7,,85.99021,1163:1,49291,64.439058172,15118,42.763593068,39.77558522,2023,66.8260549295,,142.0,213.0,22.0,,0.9823529411764704,0.976470588235294,1.0,0.9941176470588236,0.9882352941176472,0.9823529411764704,0.1166,0.1765,0.0789,0.82,Very High Vulnerability,0.98,Very High Concern,1163.0,1.0,medium,urban,23.469542212999997,1.0,5.96637375055,1.0,213.5,1.0,212.22617920425756,66.90974720104242,377.0,354812.5391761339,0.10625329106896414,True,41.965456189,1.0
Polk,7.9787234043,27.0,50.9482,48.0,24.7,6.408470326,1476,13.65907829,9150,18.2,47.025053732,55.87776,1790:1,50827,66.002675784,51899,46.050983641,77.638561645,2023,74.051553144,,315.0,419.0,20.0,,0.6294896030245747,0.724007561436673,0.7504725897920604,0.6502835538752363,0.6332703213610587,0.6465028355387523,0.1365,0.206,0.093,0.91,Very High Vulnerability,0.97,Very High Concern,1790.0,1.0,large,rural,23.469542212999997,1.0,6.408470326,0.0,213.5,1.0,212.131791585399,148.49259398876515,754.0,1218045.7713124868,0.0619024356685331,False,47.025053732,0.0
Potter,9.6440596441,100.0,86.20392,51.0,28.3,7.3083501788,3426,10.884137624,19010,16.1,56.389120499,244.53654,409:1,45904,70.701435738,116547,48.355599029,8.9962254177,2023,76.1345567825,,1178.0,1541.0,185.0,,0.9558701082431308,0.9596169858451292,0.970857618651124,0.9650291423813488,0.9633638634471274,0.9587843463780183,0.1281,0.2007,0.0864,0.92,Very High Vulnerability,0.87,Very High Concern,409.0,1.0,large,very urban,23.469542212999997,1.0,7.3083501788,0.0,213.5,1.0,211.9396672368262,555.8185569309571,2904.0,2735304.736298511,0.10616732978460647,False,56.389120499,0.0
Presidio,8.322324967,3.0,46.09711,18.0,35.0,,434,24.259362772,1950,28.7,,32.57329,3070:1,39791,94.674556213,6140,48.794788274,40.470708621,2023,55.637522977,,67.0,93.5,31.0,,0.9692307692307692,1.0,1.0,0.9692307692307692,0.9692307692307692,0.953846153846154,0.1166,0.1765,0.0789,1.0,Very High Vulnerability,0.99,Very High Concern,3070.0,1.0,small,urban,23.469542212999997,1.0,5.96637375055,1.0,213.5,1.0,212.22617920425756,31.57009198922424,191.5,144102.98918781997,0.1328910670620469,True,41.965456189,1.0
Rains,7.3202614379,1.0,7.96686,41.0,20.2,,373,14.513618677,1790,14.9,43.25465018,23.98273,4170:1,57294,61.966062025,12509,49.836117995,93.228880337,2023,75.508713822,,79.5,104.5,10.0,,0.9291338582677166,0.9291338582677166,0.9291338582677166,0.9291338582677166,0.9291338582677166,0.9212598425196852,0.1285,0.1874,0.0874,0.4,Moderate Vulnerability,0.89,Very High Concern,4170.0,1.0,medium,very rural,23.469542212999997,1.0,5.96637375055,1.0,213.5,1.0,212.22617920425756,37.460034524527266,194.0,293580.50354241696,0.06608068235429353,False,43.25465018,0.0
Randall,7.9570268146,88.0,62.90252,51.0,10.8,5.8808267751,2960,8.4390591589,16120,11.9,49.911101825,69.51492,1439:1,72082,41.689089489,143854,50.600608951,14.375647132,2023,88.9201184405,,1323.0,1442.0,48.5,,0.9466501240694788,0.9454094292803972,0.9503722084367244,0.9503722084367244,0.9491315136476428,0.9416873449131512,0.1021,0.1521,0.0667,0.22,Low Vulnerability,0.6,High Concern,1439.0,1.0,large,very urban,23.469542212999997,1.0,5.8808267751,0.0,213.5,1.0,212.24444348351614,623.3378732022024,2813.5,3376187.5255089016,0.08333364123712038,False,49.911101825,0.0
Reagan,8.7058823529,1.0,26.08923,24.0,18.0,,257,22.041166381,450,12.0,,92.22256,1084:1,65162,66.666666667,3253,46.326467876,13.305613306,2023,74.669234606,,27.5,46.5,10.0,,0.9855072463768116,0.9565217391304348,0.9855072463768116,0.9855072463768116,0.9855072463768116,0.9710144927536232,0.1235,0.1873,0.0822,0.48,Moderate Vulnerability,0.94,Very High Concern,1084.0,1.0,small,very urban,23.469542212999997,1.0,5.96637375055,1.0,213.5,1.0,212.22617920425756,12.957873577666668,84.0,76346.42081888899,0.11002480417420882,True,41.965456189,1.0
Real,6.5843621399,2.0,58.63383,35.0,29.7,,100,16.920473773,730,21.3,,106.15711,942:1,46907,65.425531915,2826,48.973814579,100.0,2023,62.5600210765,,17.5,27.5,7.5,,0.9615384615384616,0.9615384615384616,1.0,1.0,0.9615384615384616,1.0,0.107,0.1724,0.0705,0.72,High Vulnerability,0.93,Very High Concern,942.0,1.0,small,very rural,23.469542212999997,1.0,5.96637375055,1.0,213.5,1.0,212.22617920425756,8.245919549424242,52.5,66324.92629393798,0.07915576078792934,True,41.965456189,1.0
Red River,8.4826762246,2.0,16.67361,47.0,28.2,,245,10.488013699,2070,17.1,53.328380403,51.92556999999999,1926:1,46134,71.558704453,11555,51.267849416,75.730948678,2023,67.77602831799999,,110.5,118.0,25.0,,0.9724137931034482,0.9724137931034482,0.9655172413793104,0.9724137931034482,0.9655172413793104,0.9724137931034482,0.1283,0.1937,0.0866,0.56,Moderate Vulnerability,0.99,Very High Concern,1926.0,1.0,medium,rural,23.469542212999997,1.0,5.96637375055,1.0,213.5,1.0,212.22617920425756,52.06709201207879,253.5,271190.560271215,0.09347670499536458,False,53.328380403,0.0
Reeves,7.9521463758,5.0,31.34993,33.0,26.3,,495,13.506139154,1850,11.9,53.607494754,48.31918,2070:1,46275,66.129032258,14487,39.131635259,14.496118407,2023,63.573211124000004,,159.0,260.0,1152.5,,0.859375,0.875,0.96875,0.8697916666666666,0.859375,0.8541666666666666,0.1166,0.1765,0.0789,0.78,High Vulnerability,0.98,Very High Concern,2070.0,1.0,medium,very urban,23.469542212999997,1.0,5.96637375055,1.0,213.5,1.0,212.22617920425756,74.92006904905453,1571.5,340003.25803973095,0.46220145332147466,False,53.607494754,0.0
Refugio,8.4837545126,1.0,14.54122,31.0,28.3,,183,11.656050955,1110,15.8,49.839105961,74.00829,1351:1,46695,62.870890136,6756,50.651272943,60.679940404,2023,71.34228032850001,,53.0,54.0,0.0,,0.9195402298850576,0.9310344827586208,0.942528735632184,0.942528735632184,0.942528735632184,0.9310344827586208,0.1183,0.18,0.0772,0.94,Very High Vulnerability,0.99,Very High Concern,1351.0,1.0,small,rural,23.469542212999997,1.0,5.96637375055,1.0,213.5,1.0,212.22617920425756,24.973356349684845,107.0,158560.22719102798,0.06748224437840268,False,49.839105961,0.0
Roberts,,0.0,0.0,50.0,9.1,,30,15.075376884,100,12.8,,125.47051,797:1,73224,36.41025641,797,50.313676286,100.0,2023,80.9712306495,,5.0,12.5,0.0,,1.0,1.0,1.0,1.0,1.0,1.0,0.1241,0.1883,0.0824,0.09,Very Low Vulnerability,0.67,High Concern,797.0,1.0,small,very rural,23.469542212999997,1.0,5.96637375055,1.0,213.5,1.0,212.22617920425756,2.355977014121212,17.5,18705.225143760996,0.09355674612575839,True,41.965456189,1.0
Robertson,8.5657370518,1.0,5.829199999999999,46.0,24.9,,510,12.617516081,2440,14.3,49.121868758,47.17537,2120:1,50816,61.640866873,16958,50.707630617,73.853928528,2023,73.305133188,,152.0,225.0,17.5,,0.9606299212598424,0.968503937007874,0.9763779527559056,0.9724409448818898,0.9645669291338582,0.9645669291338582,0.1225,0.1864,0.0827,0.75,High Vulnerability,0.93,Very High Concern,2120.0,1.0,medium,rural,23.469542212999997,1.0,5.96637375055,1.0,213.5,1.0,212.22617920425756,71.62170122928485,394.5,397996.49684805394,0.09912147547133088,False,49.121868758,0.0
Rockwall,7.7597840756,78.0,70.98136,54.0,6.9,3.4857219466,2959,9.4691030113,8920,8.8,45.663801956,97.95413,1021:1,120696,26.775269493,116381,50.153375551,16.035845131,2023,94.1774169735,,1108.0,1342.0,67.0,,0.9302569480859988,0.9302569480859988,0.9396958573675932,0.9318300996329312,0.9318300996329312,0.9307813319349764,0.1122,0.1653,0.0743,0.11,Very Low Vulnerability,0.51,Moderate Concern,1021.0,1.0,large,very urban,23.469542212999997,1.0,3.4857219466,0.0,213.5,1.0,212.7557983644009,520.7848662729535,2517.0,2731408.7922911528,0.09215024887902983,False,45.663801956,0.0
Runnels,7.6523994812,7.0,67.30122,42.0,23.1,,380,15.079365079,1420,13.8,33.30775087,110.63059,904:1,48190,58.574277168,9943,48.677461531,40.758023045,2023,73.302412454,,86.5,152.0,0.0,,0.9710144927536232,0.9710144927536232,0.9855072463768116,0.9710144927536232,0.9710144927536232,0.9637681159420288,0.1278,0.1901,0.086,0.54,Moderate Vulnerability,0.92,Very High Concern,904.0,1.0,medium,urban,23.469542212999997,1.0,5.96637375055,1.0,213.5,1.0,212.22617920425756,40.75840234429697,238.5,233357.65822385898,0.10220363103370192,False,33.30775087,0.0
Rusk,7.6757532281,11.0,20.24888,47.0,23.8,5.0810549238,1582,13.087359365,7310,13.5,25.081078958,47.39965,2110:1,53186,65.445321308,52743,46.324630757,65.872867054,2023,64.445300946,,422.0,560.0,32.5,,0.9481765834932822,0.963531669865643,0.9750479846449136,0.9558541266794626,0.9539347408829176,0.9520153550863724,0.1282,0.1918,0.0871,0.8,High Vulnerability,0.94,Very High Concern,2110.0,1.0,large,rural,23.469542212999997,1.0,5.0810549238,0.0,213.5,1.0,212.4151947737687,198.66752020703987,1014.5,1237854.0649402589,0.081956349196055,False,25.081078958,0.0
Sabine,8.2517482517,2.0,19.03493,40.0,27.6,,256,13.319458897,2180,20.8,22.881532285,139.45612,717:1,46233,58.810572687,10039,49.825679849,100.0,2023,76.561593407,,47.5,68.0,2.5,,0.8571428571428571,0.8991596638655462,0.907563025210084,0.8991596638655462,0.8487394957983193,0.8739495798319328,0.1428,0.2169,0.0983,0.53,Moderate Vulnerability,0.93,Very High Concern,717.0,1.0,medium,very rural,23.469542212999997,1.0,5.96637375055,1.0,213.5,1.0,212.22617920425756,22.381781634151515,118.0,235610.73427630696,0.05008260780751113,False,22.881532285,0.0
San Augustine,9.2127303183,2.0,24.2483,49.0,32.0,,192,11.800860479,1900,23.0,55.685187775,50.4923,1981:1,43335,85.163776493,7922,50.366069174,100.0,2023,70.51058569950001,,47.0,63.0,5.0,,0.9863013698630136,0.9726027397260274,0.9726027397260274,0.9863013698630136,0.9863013698630136,0.9726027397260274,0.1428,0.2169,0.0983,0.89,Very High Vulnerability,0.98,Very High Concern,1981.0,1.0,small,very rural,23.469542212999997,1.0,5.96637375055,1.0,213.5,1.0,212.22617920425756,22.146183932739394,115.0,185925.71341138598,0.061852660339426435,False,55.685187775,0.0
San Jacinto,9.2156862745,2.0,6.82571,44.0,27.7,,909,14.382911392,4710,16.5,25.637641304,10.76117,9293:1,52302,64.828183656,27878,49.6592295,100.0,2023,75.88787075900001,,212.0,250.0,17.5,,0.9754098360655736,0.9672131147540984,0.9795081967213116,0.9795081967213116,0.9795081967213116,0.9754098360655736,0.1365,0.206,0.093,0.69,High Vulnerability,0.89,Very High Concern,9293.0,1.0,medium,very rural,23.469542212999997,1.0,5.96637375055,1.0,213.5,1.0,212.22617920425756,99.89342539873938,479.5,654283.8978140139,0.07328622966299901,False,25.637641304,0.0
San Patricio,8.8519233625,18.0,26.838030000000003,44.0,24.1,4.7754066557,2090,11.616919571,10840,16.2,42.271461259,70.3023,1422:1,58227,68.104943625,69699,49.214479404,19.650021604,2023,73.135159836,,712.0,856.0,37.5,,0.9713679745493108,0.9703075291622482,0.9787910922587488,0.9745493107104984,0.9713679745493108,0.9724284199363732,0.1183,0.18,0.0772,0.83,Very High Vulnerability,0.97,Very High Concern,1422.0,1.0,large,very urban,23.469542212999997,1.0,4.7754066557,0.0,213.5,1.0,212.48045067900804,335.0896507065541,1605.5,1635803.6227038868,0.09814747795619887,False,42.271461259,0.0
San Saba,5.5944055944,2.0,33.11807,28.0,27.3,,206,17.038875103,860,14.3,,68.64596,1457:1,45437,71.23015873,5827,45.769692809,49.355733159,2023,78.0807645665,,27.5,53.0,15.0,,1.0,1.0,1.0,1.0,1.0,1.0,0.1264,0.1929,0.0847,0.73,High Vulnerability,0.97,Very High Concern,1457.0,1.0,small,urban,23.469542212999997,1.0,5.96637375055,1.0,213.5,1.0,212.22617920425756,12.957873577666668,95.5,136757.022475151,0.0698318801269255,True,41.965456189,1.0
Schleicher,6.8783068783,,,32.0,21.6,,163,24.148148148,390,13.6,,41.16921,2429:1,52408,70.057581574,2429,49.567723343,100.0,2023,64.2288767175,,22.5,24.5,5.0,,1.0,1.0,1.0,1.0,1.0,1.0,0.1235,0.1873,0.0822,0.59,Moderate Vulnerability,0.96,Very High Concern,2429.0,1.0,small,very rural,23.469542212999997,1.0,5.96637375055,1.0,213.5,1.0,212.22617920425756,10.601896563545454,52.0,57007.51803537699,0.09121603920333896,True,41.965456189,1.0
Scurry,8.5855466337,11.0,66.01849,38.0,20.7,,637,14.800185874,2390,14.1,49.618320611,41.60723,2403:1,49727,60.482846252,16824,45.441036614,31.700254122,2023,75.134102127,,171.0,238.0,20.0,,0.9733333333333334,0.96,0.9733333333333334,0.9688888888888888,0.9733333333333334,0.9733333333333334,0.1278,0.1901,0.086,0.7,High Vulnerability,0.95,Very High Concern,2403.0,1.0,medium,urban,23.469542212999997,1.0,5.96637375055,1.0,213.5,1.0,212.22617920425756,80.57441388294545,429.0,394851.578191512,0.10864841973404124,False,49.618320611,0.0
Shackelford,6.22406639,,,42.0,18.8,,136,17.280813215,470,14.2,,93.39975,1071:1,61351,51.690821256,3212,50.311332503,100.0,2023,79.034392967,,31.0,39.5,2.5,,0.9333333333333332,0.9777777777777776,0.9777777777777776,0.9333333333333332,0.9333333333333332,0.9333333333333332,0.1278,0.1901,0.086,0.69,High Vulnerability,0.72,High Concern,1071.0,1.0,small,very rural,23.469542212999997,1.0,5.96637375055,1.0,213.5,1.0,212.22617920425756,14.607057487551515,73.0,75384.16958815599,0.09683730735354472,True,41.965456189,1.0
Shelby,8.1940481044,5.0,20.06823,43.0,29.2,,1032,15.992561599,4500,17.8,30.449629758,104.4321,958:1,43244,72.362787077,23939,50.043861481,79.432568375,2023,70.6650020455,,200.0,267.0,28.5,,0.9461756373937678,0.9461756373937678,0.9461756373937678,0.9461756373937678,0.9461756373937678,0.9461756373937678,0.1428,0.2169,0.0983,0.95,Very High Vulnerability,0.99,Very High Concern,958.0,1.0,medium,rural,23.469542212999997,1.0,5.96637375055,1.0,213.5,1.0,212.22617920425756,94.23908056484849,495.5,561837.371037007,0.08819278060578895,False,30.449629758,0.0
Sherman,5.4054054054,,,39.0,17.2,,274,32.696897375,350,11.7,,35.73981,2798:1,62557,60.0,2798,47.784131523,100.0,2023,79.1209542065,,25.0,25.0,5.0,,0.8857142857142857,0.9142857142857144,0.9428571428571428,0.9,0.9,0.8857142857142857,0.1241,0.1883,0.0824,0.46,Moderate Vulnerability,0.87,Very High Concern,2798.0,1.0,small,very rural,23.469542212999997,1.0,5.96637375055,1.0,213.5,1.0,212.22617920425756,11.779885070606062,55.0,65667.77911197398,0.08375492630292289,True,41.965456189,1.0
Smith,7.7431539188,236.0,100.08227,53.0,17.8,7.6468380559,6716,11.541501976,32930,14.3,41.227750129,166.11435999999998,602:1,62903,64.873837981,237186,51.508942349,31.60780873,2023,82.17414043100001,,2197.0,2644.0,203.0,,0.9299826689774696,0.9285961871750432,0.9462738301559792,0.9355285961871752,0.9341421143847488,0.9306759098786828,0.116,0.1766,0.0768,0.75,High Vulnerability,0.67,High Concern,602.0,1.0,large,urban,23.469542212999997,1.0,7.6468380559,0.0,213.5,1.0,211.86740007506535,1036.9693493296256,5044.0,5566646.839332617,0.09061110118142007,False,41.227750129,0.0
Somervell,6.5953654189,6.0,65.6527,52.0,15.0,,285,13.701923077,1350,15.1,,105.60777,947:1,68280,45.535714286,9469,50.290421375,100.0,2023,79.68301748100001,,55.0,72.5,10.0,,0.952755905511811,0.9448818897637796,0.952755905511811,0.9606299212598424,0.952755905511811,0.952755905511811,0.1134,0.1689,0.0762,0.56,Moderate Vulnerability,0.71,High Concern,947.0,1.0,medium,very rural,23.469542212999997,1.0,5.96637375055,1.0,213.5,1.0,212.22617920425756,25.915747155333335,137.5,222233.09521489698,0.061871972699223315,True,41.965456189,1.0
Starr,8.9909973109,16.0,24.89652,36.0,40.6,3.4005894355,2921,14.035846427,15100,23.6,,71.15929,1405:1,33535,90.943331621,66049,50.862238641,23.705878494,2023,58.4952107555,,866.0,1058.0,66.5,,0.9458937198067632,0.957487922705314,0.9893719806763284,0.9507246376811594,0.9478260869565216,0.9458937198067632,0.1146,0.1867,0.0742,0.98,Very High Vulnerability,1.0,Very High Concern,1405.0,1.0,large,very urban,23.469542212999997,1.0,3.4005894355,0.0,213.5,1.0,212.77397415552076,407.0046646621467,1990.5,1550139.7936264367,0.12840777381395863,True,41.965456189,1.0
Stephens,8.4269662921,3.0,32.14056,38.0,27.4,,302,14.56123433,1590,17.0,47.617133824,87.21247,1147:1,46064,63.05278174,9173,46.898506486,39.366562825,2023,76.262857661,,65.0,96.0,12.5,,0.9361702127659576,0.9148936170212766,0.946808510638298,0.946808510638298,0.946808510638298,0.9361702127659576,0.1278,0.1901,0.086,0.88,Very High Vulnerability,0.86,Very High Concern,1147.0,1.0,small,urban,23.469542212999997,1.0,5.96637375055,1.0,213.5,1.0,212.22617920425756,30.627701183575756,173.5,215286.11071984898,0.08059042890406196,False,47.617133824,0.0
Sterling,,0.0,0.0,59.0,16.1,,78,19.897959184,100,7.6,,72.4113,1381:1,69212,39.50617284,1381,49.529326575,100.0,2023,87.36266106,,22.5,25.0,0.0,,0.8518518518518519,0.8888888888888888,0.8518518518518519,0.8888888888888888,0.8888888888888888,0.8888888888888888,0.1235,0.1873,0.0822,0.41,Moderate Vulnerability,0.8,Very High Concern,1381.0,1.0,small,very rural,23.469542212999997,1.0,5.96637375055,1.0,213.5,1.0,212.22617920425756,10.601896563545454,47.5,32411.437796152997,0.1465532022946477,True,41.965456189,1.0
Stonewall,,1.0,74.18398,11.0,22.7,,65,20.440251572,180,12.5,,493.01561,203:1,49813,57.276995305,1217,49.71240756,100.0,2023,80.3031093145,,12.5,20.0,0.0,,0.9285714285714286,0.9285714285714286,1.0,0.8571428571428571,0.9285714285714286,0.8571428571428571,0.1278,0.1901,0.086,0.32,Low Vulnerability,0.79,High Concern,203.0,1.0,small,very rural,23.469542212999997,1.0,5.96637375055,1.0,213.5,1.0,212.22617920425756,5.889942535303031,32.5,28562.432873220998,0.11378582540309691,True,41.965456189,1.0
Sutton,6.8862275449,4.0,107.0091,25.0,20.9,,175,19.12568306,520,13.6,,120.51823,830:1,59905,55.793991416,3319,49.291955408,18.798449612,2023,53.739067409499995,,30.0,34.5,5.0,,0.98,0.98,0.98,0.98,0.98,0.98,0.1235,0.1873,0.0822,0.6,High Vulnerability,0.94,Very High Concern,830.0,1.0,small,very urban,23.469542212999997,1.0,5.96637375055,1.0,213.5,1.0,212.22617920425756,14.135862084727272,69.5,77895.41060494698,0.0892222012314371,True,41.965456189,1.0
Swisher,9.3959731544,1.0,13.62398,28.0,29.4,,298,16.817155756,1300,17.6,25.487165234,42.80822,2336:1,45509,72.860962567,7008,46.104452055,37.573211103,2023,75.10286852249999,,52.5,74.5,0.0,,0.9315068493150684,0.9452054794520548,0.958904109589041,0.9315068493150684,0.9452054794520548,0.9315068493150684,0.1241,0.1883,0.0824,0.97,Very High Vulnerability,1.0,Very High Concern,2336.0,1.0,small,urban,23.469542212999997,1.0,5.96637375055,1.0,213.5,1.0,212.22617920425756,24.737758648272727,127.0,164474.551828704,0.07721559267859701,False,25.487165234,0.0
Tarrant,8.439296245,1244.0,58.58675,51.0,15.3,6.1974459625,69407,12.282250929,272440,13.1,48.418934656,103.31642,968:1,71399,58.57084249,2126477,50.896858983,1.2882013273,2023,88.3269916465,,19824.0,25315.0,3278.0,,0.9181181765147096,0.9238686557213102,0.9451204267022252,0.9237019751645972,0.9237436453037752,0.9133677806483874,0.1069,0.1641,0.0701,0.55,Moderate Vulnerability,0.73,High Concern,968.0,1.0,large,very urban,23.469542212999997,1.0,6.1974459625,0.0,213.5,1.0,212.17684528700624,9343.149566195396,48417.0,49907441.716473594,0.0970135882240952,False,48.418934656,0.0
Taylor,9.1125586608,99.0,71.12069,46.0,20.6,5.1831617287,2951,8.3592997564,20460,14.9,38.960543609,180.00921,556:1,53820,54.881012234,143326,51.08912549,16.033488966,2023,79.6463185075,,1584.0,1966.0,194.0,,0.960482985729967,0.968715697036224,0.973655323819978,0.960482985729967,0.9621295279912184,0.960482985729967,0.1178,0.1846,0.0776,0.69,High Vulnerability,0.78,High Concern,556.0,1.0,large,very urban,23.469542212999997,1.0,5.1831617287,0.0,213.5,1.0,212.39339497092254,745.7859036609192,3744.0,3363795.6072204374,0.11130283873263429,False,38.960543609,0.0
Terrell,,0.0,0.0,11.0,21.4,,27,20.454545455,80,9.1,,138.12155,724:1,44343,57.024793388,724,49.171270718,100.0,2023,62.599490699,,7.5,7.5,0.0,,1.0,1.0,1.0,1.0,1.0,1.0,0.1166,0.1765,0.0789,0.47,Moderate Vulnerability,0.91,Very High Concern,724.0,1.0,small,very rural,23.469542212999997,1.0,5.96637375055,1.0,213.5,1.0,212.22617920425756,3.533965521181818,15.0,16991.948562211997,0.08827710338859049,True,41.965456189,1.0
Terry,9.4296577947,5.0,41.04079,41.0,31.0,,553,16.581709145,2140,17.2,36.647524804,34.03097,2939:1,42225,80.792261631,11754,46.29913221,24.669986562,2023,72.8027157895,,117.0,156.5,17.5,,0.9183673469387756,0.9319727891156464,0.9591836734693876,0.9183673469387756,0.9183673469387756,0.91156462585034,0.1143,0.1758,0.0766,0.99,Very High Vulnerability,0.99,Very High Concern,2939.0,1.0,medium,very urban,23.469542212999997,1.0,5.96637375055,1.0,213.5,1.0,212.22617920425756,55.12986213043636,291.0,275860.99917160196,0.10548790908242187,False,36.647524804,0.0
Throckmorton,,1.0,67.2495,20.0,24.4,,57,17.647058824,280,18.4,,66.88963,1495:1,46253,50.49833887,1495,50.969899666,100.0,2023,74.2076156245,,22.5,25.0,2.5,,0.8571428571428571,0.8571428571428571,0.8571428571428571,0.8571428571428571,0.8571428571428571,0.8571428571428571,0.1278,0.1901,0.086,0.27,Low Vulnerability,0.85,Very High Concern,1495.0,1.0,small,very rural,23.469542212999997,1.0,5.96637375055,1.0,213.5,1.0,212.22617920425756,10.601896563545454,50.0,35086.96560843499,0.1425030609884939,True,41.965456189,1.0
Titus,6.8019093079,12.0,36.44536,38.0,20.6,,1486,15.671799198,4680,14.3,30.298536395,128.27502,780:1,49513,70.286123033,31183,50.768046692,50.556689553,2023,76.4023999075,,373.0,459.0,40.0,,0.9668615984405458,0.9649122807017544,0.9844054580896686,0.9785575048732944,0.97270955165692,0.97270955165692,0.1283,0.1937,0.0866,0.89,Very High Vulnerability,0.92,Very High Concern,780.0,1.0,medium,urban,23.469542212999997,1.0,5.96637375055,1.0,213.5,1.0,212.22617920425756,175.75588525344241,872.0,731850.7348279789,0.11914997942920193,False,30.298536395,0.0
Tom Green,8.3862770013,84.0,69.99417,52.0,16.5,5.228398459,3312,11.286804798,15990,13.5,40.663404541,112.21747,891:1,60750,51.60510692,119411,49.969433302,15.64087676,2023,78.9830872945,,1209.0,1383.0,40.5,,0.9721695129664768,0.9759645793801393,0.9822896900695762,0.9759645793801393,0.9753320683111956,0.9728020240354206,0.1078,0.1675,0.0704,0.66,High Vulnerability,0.89,Very High Concern,891.0,1.0,large,very urban,23.469542212999997,1.0,5.228398459,0.0,213.5,1.0,212.3837369290035,569.2526261575996,2632.5,2802521.5051965425,0.09393326670709637,False,40.663404541,0.0
Travis,7.4831298567,1112.0,85.50538,55.0,13.8,4.0891632738,25866,9.0846190859,158120,12.6,49.586314182,119.67936,836:1,84519,50.130630438,1305154,49.213196297,5.463522171,2023,89.383835508,,11309.0,13161.0,2592.0,,0.8904997560465603,0.9200529727469158,0.9416602774099114,0.9036732417927092,0.8953091238586464,0.8902906530982087,0.0916,0.1391,0.0588,0.38,Low Vulnerability,0.69,High Concern,836.0,1.0,large,very urban,23.469542212999997,1.0,4.0891632738,0.0,213.5,1.0,212.6269636410437,5318.704554842736,27062.0,30631366.8974658,0.08834734698776665,False,49.586314182,0.0
Trinity,8.3248730964,2.0,13.43815,40.0,27.3,,335,11.290866195,2830,19.2,58.626081099,57.85781,1728:1,46569,74.559082892,13827,51.131843495,77.236887213,2023,68.811369035,,77.0,75.5,5.0,,0.88125,0.9,0.925,0.91875,0.9,0.9,0.1365,0.206,0.093,0.8,Very High Vulnerability,0.97,Very High Concern,1728.0,1.0,medium,rural,23.469542212999997,1.0,5.96637375055,1.0,213.5,1.0,212.22617920425756,36.28204601746667,157.5,324513.36017915094,0.04853421132277898,False,58.626081099,0.0
Tyler,8.4210526316,4.0,18.52624,35.0,23.3,,458,10.896978349,4240,19.7,53.281067373,54.78906,1825:1,46955,65.136830103,20077,45.997908054,78.131030047,2023,70.904236645,,108.0,153.0,5.0,,0.9324324324324323,0.9324324324324323,0.9369369369369368,0.9414414414414416,0.9324324324324323,0.9369369369369368,0.1428,0.2169,0.0983,0.88,Very High Vulnerability,0.98,Very High Concern,1825.0,1.0,medium,rural,23.469542212999997,1.0,5.96637375055,1.0,213.5,1.0,212.22617920425756,50.889103505018184,266.0,471197.99901040096,0.0564518526306663,False,53.281067373,0.0
Upshur,7.9472230746,13.0,30.83053,42.0,19.9,7.6640098099,1208,11.801484955,6970,16.8,34.619806775,14.363,6962:1,51634,63.916602712,41774,50.531431034,79.299905874,2023,81.1359518635,,343.0,347.0,20.0,,0.948875255623722,0.950920245398773,0.9550102249488752,0.950920245398773,0.9468302658486708,0.9468302658486708,0.1276,0.1901,0.0861,0.59,Moderate Vulnerability,0.88,Very High Concern,6962.0,1.0,large,rural,23.469542212999997,1.0,7.6640098099,0.0,213.5,1.0,211.86373390558634,161.89651417776506,710.0,980416.6564058618,0.07241819030317272,False,34.619806775,0.0
Upton,8.3102493075,2.0,55.20287,18.0,20.9,,201,18.767507003,360,9.9,36.786570743,122.51149,816:1,49340,59.003831418,3265,49.862174579,100.0,2023,55.468079687,,28.5,48.5,10.0,,1.0,1.0,1.0,1.0,1.0,1.0,0.1235,0.1873,0.0822,0.65,High Vulnerability,0.96,Very High Concern,816.0,1.0,small,very rural,23.469542212999997,1.0,5.96637375055,1.0,213.5,1.0,212.22617920425756,13.429068980490907,87.0,76628.05532544499,0.11353544029077157,False,36.786570743,0.0
Uvalde,7.0916905444,8.0,29.91549,37.0,31.1,,1042,14.400221117,4250,15.8,77.206461781,101.09588,989:1,48438,72.76794398,24729,50.592421853,31.384207536,2023,67.7622909265,,307.0,331.0,10.0,,0.967741935483871,0.956989247311828,0.9811827956989247,0.9543010752688172,0.967741935483871,0.9489247311827956,0.107,0.1724,0.0705,0.95,Very High Vulnerability,0.98,Very High Concern,989.0,1.0,medium,urban,23.469542212999997,1.0,5.96637375055,1.0,213.5,1.0,212.22617920425756,144.6569886670424,648.0,580378.3093852769,0.11165131251826874,False,77.206461781,0.0
Val Verde,6.5708778693,17.0,34.67406,31.0,27.8,3.4019391053,1966,14.105323576,7420,15.1,65.540514508,75.68749,1321:1,50532,68.58968336,47564,48.631317803,10.157736451,2023,67.375072206,,619.0,713.0,55.5,,0.9202363367799112,0.9335302806499262,0.9734121122599704,0.929098966026588,0.930576070901034,0.914327917282127,0.107,0.1724,0.0705,0.97,Very High Vulnerability,0.99,Very High Concern,1321.0,1.0,large,very urban,23.469542212999997,1.0,3.4019391053,0.0,213.5,1.0,212.77368600101846,290.9194325829544,1387.5,1116305.305819132,0.12429395370309278,False,65.540514508,0.0
Van Zandt,7.144530335,6.0,10.4288,41.0,19.1,6.2111801242,1768,13.065326633,8290,14.8,50.455415417,40.79967,2451:1,59929,52.782512785,61275,50.64871481,75.018543525,2023,74.4325397835,,385.0,510.0,28.5,,0.9431818181818182,0.9375,0.9460227272727272,0.9431818181818182,0.9460227272727272,0.9360795454545454,0.1285,0.1874,0.0874,0.56,Moderate Vulnerability,0.89,Very High Concern,2451.0,1.0,large,rural,23.469542212999997,1.0,6.2111801242,0.0,213.5,1.0,212.1739130434833,181.4549180327826,923.5,1438096.1991015747,0.0642168445043482,False,50.455415417,0.0
Victoria,7.7080724126,68.0,73.9645,53.0,21.9,5.4035798717,2966,12.616981453,14120,15.3,36.682148979,111.03294,901:1,57142,65.594528711,90964,50.773932545,26.626571267,2023,71.6688979825,,1048.0,1229.0,286.0,,0.9748878923766816,0.9748878923766816,0.9811659192825112,0.9820627802690582,0.9766816143497756,0.979372197309417,0.1065,0.1663,0.0699,0.78,High Vulnerability,0.9,Very High Concern,901.0,1.0,large,very urban,23.469542212999997,1.0,5.4035798717,0.0,213.5,1.0,212.34633569739205,493.533357454998,2563.0,2134883.4378633318,0.12005339282434749,False,36.682148979,0.0
Walker,8.5135135135,21.0,29.10038,47.0,24.8,,1017,9.5197978096,10900,15.1,26.785320535,58.99175,1695:1,43012,56.663710393,77977,41.846954871,45.582882657,2023,81.99197924250001,,429.0,543.0,50.0,,0.9458041958041958,0.9388111888111887,0.9527972027972028,0.9423076923076924,0.944055944055944,0.9388111888111887,0.1365,0.206,0.093,0.7,High Vulnerability,0.9,Very High Concern,1695.0,1.0,large,urban,23.469542212999997,1.0,5.96637375055,1.0,213.5,1.0,212.22617920425756,202.14282781159997,1022.0,1830084.4931431008,0.0558444161364787,False,26.785320535,0.0
Waller,7.5902566333,7.0,12.18408,47.0,17.7,6.0962333987,2367,16.812273599,6950,13.0,56.774232793,5.01832,19927:1,65437,68.371351484,59781,50.076111139,61.641013772,2023,74.6667102355,,526.0,628.0,64.0,,0.9614485981308412,0.955607476635514,0.9661214953271028,0.9672897196261684,0.9626168224299064,0.963785046728972,0.1114,0.1704,0.0738,0.83,Very High Vulnerability,0.9,Very High Concern,19927.0,1.0,large,rural,23.469542212999997,1.0,6.0962333987,0.0,213.5,1.0,212.19845416937756,247.8811648553033,1218.0,1403032.7030353528,0.08681194653303172,False,56.774232793,0.0
Ward,9.3111279334,2.0,16.53302,26.0,20.0,,613,16.863823934,1480,12.6,27.420688856,89.33357,1119:1,58461,56.059938299,11194,49.267464713,27.88515669,2023,74.2995009135,,120.0,152.5,20.0,,0.9378531073446328,0.9322033898305084,0.943502824858757,0.9265536723163842,0.9491525423728814,0.9378531073446328,0.1166,0.1765,0.0789,0.65,High Vulnerability,0.96,Very High Concern,1119.0,1.0,medium,urban,23.469542212999997,1.0,5.96637375055,1.0,213.5,1.0,212.22617920425756,56.54344833890909,292.5,262718.055532322,0.1113360859067465,False,27.420688856,0.0
Washington,8.0931263858,22.0,61.50233,52.0,19.8,7.1942446043,1082,13.927146351,4460,12.7,42.499055901,78.01398999999999,1282:1,66601,60.25664528,35891,51.04065086,53.490717124,2023,75.166748847,,305.0,376.0,33.0,,0.951219512195122,0.948509485094851,0.962059620596206,0.948509485094851,0.948509485094851,0.9376693766937668,0.1225,0.1864,0.0827,0.73,High Vulnerability,0.86,Very High Concern,1282.0,1.0,medium,urban,23.469542212999997,1.0,7.1942446043,0.0,213.5,1.0,211.96402877698196,143.89233954451106,714.0,842345.3395667829,0.08476333475854561,False,42.499055901,0.0
Webb,8.046875,82.0,29.53029,41.0,29.0,4.8999136947,12155,13.610355291,44480,16.2,77.192857917,69.04402,1448:1,50865,82.679797615,267945,50.457369983,2.5996388392,2023,69.60671184649999,,3561.0,4282.0,363.0,,0.9884747425208436,0.9825895046591466,0.9950956351152526,0.9916625796959294,0.9916625796959294,0.982099068170672,0.1039,0.1663,0.0674,0.95,Very High Vulnerability,0.99,Very High Concern,1448.0,1.0,large,very urban,23.469542212999997,1.0,4.8999136947,0.0,213.5,1.0,212.45386842618154,1676.1285762312643,8206.0,6288546.488262285,0.13049120357648125,False,77.192857917,0.0
Wharton,9.0703517588,17.0,40.78206,42.0,22.7,6.6820868671,1688,15.464956482,5990,14.4,38.010056694,83.89061,1192:1,56522,67.04730832,41721,50.459001462,49.895833333,2023,73.1708412535,,446.0,939.0,38.0,,0.9645390070921984,0.9680851063829788,0.973404255319149,0.9680851063829788,0.9680851063829788,0.9627659574468084,0.1114,0.1704,0.0738,0.88,Very High Vulnerability,0.96,Very High Concern,1192.0,1.0,large,urban,23.469542212999997,1.0,6.6820868671,0.0,213.5,1.0,212.07337445387415,210.3045708347536,1423.0,979172.7706685729,0.14532675362575542,False,38.010056694,0.0
Wheeler,6.9915254237,1.0,20.21836,35.0,22.0,,253,20.063441713,840,16.1,31.430706712,101.48163,985:1,49282,54.737810488,4927,49.725999594,100.0,2023,74.938558766,,30.0,296.0,5.0,,0.9852941176470588,0.9558823529411764,1.0,0.9852941176470588,0.9852941176470588,0.9705882352941176,0.1241,0.1883,0.0824,0.7,High Vulnerability,0.91,Very High Concern,985.0,1.0,small,very rural,23.469542212999997,1.0,5.96637375055,1.0,213.5,1.0,212.22617920425756,14.135862084727272,331.0,115634.43448345098,0.2862469138008982,False,31.430706712,0.0
Wichita,7.7820003455,110.0,82.57948,47.0,19.3,7.6250856751,3392,11.072302921,22270,16.8,43.970747554,140.69455,711:1,53148,56.779282631,130069,47.977611883,10.666920152,2023,79.1007337705,,1195.0,1539.0,77.0,,0.9666444296197464,0.971314209472982,0.9819879919946632,0.9746497665110072,0.9733155436957972,0.9659773182121414,0.1296,0.2018,0.0855,0.82,Very High Vulnerability,0.83,Very High Concern,711.0,1.0,large,very urban,23.469542212999997,1.0,7.6250856751,0.0,213.5,1.0,211.87204420836616,564.0196678447932,2811.0,3052659.8861026964,0.09208362886403236,False,43.970747554,0.0
Wilbarger,9.3892433911,4.0,31.86743,50.0,21.0,,368,13.208901651,2340,18.4,20.353131021,54.9839,1819:1,48117,58.734402852,12731,50.490927657,21.891392686,2023,67.92269820050001,,144.0,161.0,17.5,,0.9803921568627452,0.9607843137254902,0.9869281045751634,0.9803921568627452,0.9803921568627452,0.954248366013072,0.1293,0.1898,0.087,0.91,Very High Vulnerability,0.93,Very High Concern,1819.0,1.0,medium,very urban,23.469542212999997,1.0,5.96637375055,1.0,213.5,1.0,212.22617920425756,67.85213800669091,322.5,298790.741913703,0.10793507119211371,False,20.353131021,0.0
Willacy,7.9527135948,8.0,37.8054,48.0,39.4,,527,10.724460724,4080,19.0,,73.83342999999999,1354:1,37087,86.082474227,20316,44.147469974,34.57576579,2023,63.449100616,,253.0,706.0,1118.0,,0.9695817490494296,0.9961977186311788,0.9961977186311788,0.973384030418251,0.9657794676806084,0.973384030418251,0.0992,0.1603,0.0642,0.99,Very High Vulnerability,0.98,Very High Concern,1354.0,1.0,medium,urban,23.469542212999997,1.0,5.96637375055,1.0,213.5,1.0,212.22617920425756,119.21243691453334,2077.0,476807.2195993079,0.4356058202611609,True,41.965456189,1.0
Williamson,7.2903772233,420.0,67.97711,56.0,7.3,4.139179925,13130,8.0369220976,61070,10.7,37.253358242,81.64522000000001,1225:1,96653,27.378079956,643026,50.27323934,11.98994982,2023,93.32610549,,6195.0,6363.0,529.0,,0.9390838786436644,0.9369422962522308,0.9505056513979774,0.9405116002379535,0.9418203450327186,0.9352766210588936,0.0946,0.1402,0.061,0.2,Low Vulnerability,0.58,Moderate Concern,1225.0,1.0,large,very urban,23.469542212999997,1.0,4.139179925,0.0,213.5,1.0,212.6162850860125,2913.699671449839,13087.0,15091525.851056537,0.08671754022197695,False,37.253358242,0.0
Wilson,7.4371321562,22.0,42.28899,41.0,13.4,,1663,12.900473198,5400,10.8,43.244644874,52.67573,1898:1,78794,41.408195608,51257,49.556158183,85.861410131,2023,84.4511625785,,422.0,498.0,23.0,,0.9750415973377704,0.9700499168053244,0.978369384359401,0.9767054908485856,0.9767054908485856,0.9733777038269552,0.1134,0.1709,0.0762,0.44,Moderate Vulnerability,0.78,High Concern,1898.0,1.0,large,very rural,23.469542212999997,1.0,5.96637375055,1.0,213.5,1.0,212.22617920425756,198.8444599918303,943.0,1202978.3252117408,0.07838877727360707,False,43.244644874,0.0
Winkler,9.6511627907,2.0,25.35818,25.0,21.6,,422,17.760942761,950,12.1,15.775255237,53.94471,1854:1,62477,60.727056019,7415,47.943358058,18.129395218,2023,76.15101752449999,,92.0,138.0,35.5,,0.9402985074626866,0.9029850746268656,0.9850746268656716,0.9850746268656716,0.9552238805970148,0.9552238805970148,0.1166,0.1765,0.0789,0.65,High Vulnerability,0.99,Very High Concern,1854.0,1.0,small,very urban,23.469542212999997,1.0,5.96637375055,1.0,213.5,1.0,212.22617920425756,43.3499770598303,265.5,174026.65550939497,0.15256283540176796,False,15.775255237,0.0
Wise,6.2408223201,28.0,39.39002,48.0,13.7,5.2299368801,2299,12.767257178,9260,13.6,62.741026339,99.00438,1010:1,77668,49.338612436,71714,49.606771342,72.107497421,2023,80.0099270245,,618.0,814.0,25.0,,0.9154518950437318,0.9300291545189504,0.9446064139941692,0.9271137026239068,0.9256559766763848,0.922740524781341,0.1293,0.1898,0.087,0.58,Moderate Vulnerability,0.81,Very High Concern,1010.0,1.0,large,rural,23.469542212999997,1.0,5.2299368801,0.0,213.5,1.0,212.38340847609865,290.98318198878934,1457.0,1683094.7502630819,0.08656672476533235,False,62.741026339,0.0
Wood,6.4366998578,17.0,36.7242,42.0,21.5,,1228,13.808613516,7040,15.6,72.860862299,65.3951,1529:1,53485,60.194174757,45875,49.985831063,74.199313697,2023,78.86959892499999,,304.0,420.0,31.5,,0.9302832244008714,0.9368191721132898,0.9498910675381264,0.9411764705882352,0.9389978213507624,0.9368191721132898,0.1285,0.1874,0.0874,0.63,High Vulnerability,0.87,Very High Concern,1529.0,1.0,large,rural,23.469542212999997,1.0,5.96637375055,1.0,213.5,1.0,212.22617920425756,143.2434024585697,755.5,1076665.2490213749,0.07017037103098711,False,72.860862299,0.0
Yoakum,6.0941828255,2.0,22.98322,20.0,19.0,,792,26.568265683,1160,13.4,23.628617078,78.87472,1268:1,66816,63.653939101,7607,48.968055738,37.327071963,2023,79.277289223,,84.0,149.0,26.0,,0.911504424778761,0.9292035398230089,0.9557522123893806,0.911504424778761,0.9203539823008848,0.911504424778761,0.1143,0.1758,0.0766,0.49,Moderate Vulnerability,0.93,Very High Concern,1268.0,1.0,small,urban,23.469542212999997,1.0,5.96637375055,1.0,213.5,1.0,212.22617920425756,39.580413837236364,259.0,178532.80761429097,0.14507137565413378,False,23.628617078,0.0
Young,5.2062204192,16.0,89.3655,40.0,21.1,,595,13.853317811,2500,13.9,68.022147032,77.87729,1284:1,53715,56.195244055,17977,49.819213439,33.568733154,2023,77.379648151,,203.0,220.0,20.0,,0.947136563876652,0.9427312775330396,0.9691629955947136,0.9559471365638766,0.9515418502202644,0.9559471365638766,0.1293,0.1898,0.087,0.55,Moderate Vulnerability,0.84,Very High Concern,1284.0,1.0,medium,urban,23.469542212999997,1.0,5.96637375055,1.0,213.5,1.0,212.22617920425756,95.6526667733212,443.0,421911.9603631009,0.10499820854065159,False,68.022147032,0.0
Zapata,8.0683156655,1.0,7.05617,38.0,44.6,,663,14.447592068,3040,21.4,,35.95053,2782:1,37474,87.980493402,13908,50.035950532,23.534027679,2023,60.193254259,,151.0,225.0,15.0,,0.9658536585365852,0.975609756097561,0.9951219512195122,0.9804878048780488,0.9804878048780488,0.9853658536585366,0.1146,0.1867,0.0742,0.99,Very High Vulnerability,1.0,Very High Concern,2782.0,1.0,medium,very urban,23.469542212999997,1.0,5.96637375055,1.0,213.5,1.0,212.22617920425756,71.1505058264606,391.0,326414.39309840393,0.11978638450606727,True,41.965456189,1.0
Zavala,8.2987551867,1.0,8.44595,29.0,38.8,,384,11.507341924,2720,22.8,,115.37655,867:1,35046,84.809098294,9534,48.825256975,38.032028775,2023,57.0766869815,,120.0,150.0,0.0,,0.984126984126984,1.0,1.0,0.992063492063492,0.992063492063492,0.992063492063492,0.107,0.1724,0.0705,1.0,Very High Vulnerability,1.0,Very High Concern,867.0,1.0,medium,urban,23.469542212999997,1.0,5.96637375055,1.0,213.5,1.0,212.22617920425756,56.54344833890909,270.0,223758.61545874196,0.12066574484582665,True,41.965456189,1.0
