county_name,% Low Birthweight,# Primary Care Physicians,Primary Care Physicians Rate,% Vaccinated Flu,% Children in Poverty,Infant Mortality Rate,# Uninsured Children,% Uninsured Children,# Food Insecure,% Food Insecure,Segregation index_b,Other Primary Care Provider Rate,Other Primary Care Provider Ratio (str),Median Household Income,% Enrolled in Free or Reduced Lunch,Population,% Female,% Rural,year,% Broadband Access,% Less Than 18 Years of Age,mmr_dose_variance,mmr_doses_0_24_months,mmr_doses_2_8_years,mmr_doses_9_17_years,live_births,Estimated hesitant,Estimated hesitant or unsure,Estimated strongly hesitant,Social Vulnerability Index (SVI),SVI Category,CVAC level of concern for vaccination rollout,CVAC Level Of Concern,other_pc_provider_ratio_numerator,other_pc_provider_ratio_denominator
Anderson,7.3070408904,20.0,34.637429999999995,43.0,22.6,,1385,11.824468539,10520,18.2,35.304894231,53.395799999999994,1873:1,45969,59.215550156,58057,38.773963519,67.063532793,2020,,,0.0,358.0,404.0,12.5,543,0.1398,0.2105,0.0948,0.79,High Vulnerability,0.95,Very High Concern,1873,1
Andrews,6.292749658,9.0,50.78434,24.0,14.0,,795,13.915631017,1480,8.4,25.861752745,66.19594,1511:1,84946,39.719626168,18128,48.84157105,16.502096578,2020,,,0.0,294.0,329.0,21.0,287,0.1166,0.1765,0.0789,0.47,Moderate Vulnerability,0.88,Very High Concern,1511,1
Angelina,9.0500485909,52.0,59.22214,48.0,26.7,5.9509640562,2795,11.982851018,16570,18.9,40.085463665,78.07835,1281:1,46653,66.865877485,87092,51.21480733,43.082366228,2020,,,0.0,774.0,906.0,25.0,1167,0.125,0.1935,0.0836,0.98,Very High Vulnerability,0.89,Very High Concern,1281,1
Aransas,9.2635212888,9.0,35.19474,42.0,34.7,,644,12.978637646,4100,16.5,59.778522614,46.23403,2163:1,46912,96.309383589,23792,50.609448554,27.260557907,2020,,,0.0,153.0,192.0,0.0,171,0.1183,0.18,0.0772,0.8,Very High Vulnerability,0.85,Very High Concern,2163,1
Archer,7.9777365492,,,46.0,14.3,,298,14.5153434,1230,14.0,,,,61190,29.387113672,8786,50.762576827,88.988292467,2020,,,0.0,94.0,77.0,5.0,69,0.1293,0.1898,0.087,0.09,Very Low Vulnerability,0.8,Very High Concern,,
Armstrong,8.6092715232,0.0,0.0,26.0,15.3,,66,14.798206278,250,13.1,,52.854119999999995,1892:1,57210,42.741935484,1892,51.479915433,100.0,2020,,,0.0,25.0,20.0,0.0,22,0.1241,0.1883,0.0824,0.16,Very Low Vulnerability,0.56,Moderate Concern,1892,1
Atascosa,7.9890962466,8.0,16.33286,36.0,23.9,4.9250535332,1448,10.409028826,4210,8.8,,43.72888,2287:1,50594,62.907510263,50310,50.141125025,60.711184342,2020,,,0.0,548.0,497.0,15.0,678,0.1146,0.174,0.0756,0.85,Very High Vulnerability,0.95,Very High Concern,2287,1
Austin,7.949790795,6.0,20.14369,40.0,16.9,,987,13.109310665,4300,14.7,23.413953827,50.01834,1999:1,59942,54.045365244,29989,50.135049518,66.344089805,2020,,,0.0,249.0,282.0,12.5,338,0.1114,0.1704,0.0738,0.49,Moderate Vulnerability,0.82,Very High Concern,1999,1
Bailey,7.4576271186,3.0,42.39084,41.0,26.1,,348,15.256466462,800,11.2,,85.38494,1171:1,45051,83.136710618,7027,50.206346947,28.750872296,2020,,,0.0,114.0,104.5,5.0,114,0.1143,0.1758,0.0766,0.8,Very High Vulnerability,0.96,Very High Concern,1171,1
Bandera,9.21386306,6.0,26.84444,39.0,22.8,,538,13.963145601,3090,14.5,,43.81353,2282:1,53008,51.017274472,22824,50.372415002,100.0,2020,,,0.0,135.0,95.5,0.0,164,0.1146,0.174,0.0756,0.51,Moderate Vulnerability,0.77,High Concern,2282,1
Bastrop,7.5768107883,23.0,27.135119999999997,41.0,19.2,5.1450621695,2863,12.629025143,10040,12.5,31.748427654,34.492270000000005,2899:1,61883,69.318550217,86976,49.071008094,63.85244907,2020,,,0.0,950.0,1000.0,27.5,1143,0.124,0.188,0.0827,0.75,High Vulnerability,0.85,Very High Concern,2899,1
Baylor,8.6956521739,5.0,139.6258,18.0,28.6,,105,12.758201701,590,16.2,,55.83473000000001,1791:1,41180,56.994818653,3582,51.312116136,100.0,2020,,,0.0,32.0,41.5,0.0,45,0.1293,0.1898,0.087,0.16,Very Low Vulnerability,0.78,High Concern,1791,1
Bee,10.115384615,7.0,21.49679,29.0,32.0,7.6716532413,661,9.3059270731,4540,13.9,21.546270543,55.236749999999994,1810:1,41806,70.382165605,32587,39.181268604,42.97730768,2020,,,0.0,238.0,278.0,17.5,347,0.1183,0.18,0.0772,0.97,Very High Vulnerability,0.99,Very High Concern,1810,1
Bell,8.7590060964,284.0,81.64837999999999,39.0,19.1,6.8502693665,6377,6.3900356728,62960,18.7,41.201303726,168.4278,594:1,54292,55.844724212,355642,50.3123928,15.186229794,2020,,,0.0,2925.0,2860.0,49.0,6102,0.1244,0.1993,0.0815,0.81,Very High Vulnerability,0.83,Very High Concern,594,1
Bexar,8.9450781336,1450.0,74.0333,38.0,23.7,6.3072376596,41735,7.9588622078,216220,11.4,44.536756467,97.63103,1024:1,54210,61.712693731,1986049,50.629818298,4.5390847652,2020,,,0.0,16266.0,16997.0,586.0,25247,0.1005,0.1587,0.0641,0.83,Very High Vulnerability,0.87,Very High Concern,1024,1
Blanco,6.3694267516,5.0,43.00705,44.0,17.2,,422,18.158347676,1450,13.1,,25.636639999999996,3901:1,64832,39.408284024,11702,49.820543497,100.0,2020,,,0.0,57.5,56.0,5.0,82,0.1008,0.1475,0.0669,0.28,Low Vulnerability,0.68,High Concern,3901,1
Borden,,0.0,0.0,18.0,14.5,,23,14.743589744,80,12.9,,0.0,648:0,66101,24.892703863,648,47.99382716,100.0,2020,,,0.0,12.5,12.5,2.5,,0.1235,0.1873,0.0822,0.06,Very Low Vulnerability,0.72,High Concern,648,0
Bosque,7.037896365,10.0,54.567280000000004,30.0,24.0,,570,13.90583069,2790,15.5,47.765226152,42.80135,2336:1,48460,62.348942598,18691,50.521641432,81.215681968,2020,,,0.0,122.0,133.0,2.5,181,0.1248,0.188,0.085,0.62,High Vulnerability,0.89,Very High Concern,2336,1
Bowie,9.8661613171,63.0,67.01272,43.0,25.5,8.4053510122,1868,8.1426267382,20180,21.5,45.089203319,148.42458,674:1,47339,60.490387295,94324,49.670285399,35.424836601,2020,,,0.0,582.0,666.0,15.0,1088,0.1356,0.2056,0.0926,0.85,Very High Vulnerability,0.86,Very High Concern,674,1
Brazoria,8.3679990354,234.0,64.55938,41.0,13.1,4.5152091255,9325,9.1593980827,48610,14.0,39.686637624,60.23771,1660:1,74225,44.17376277,370200,49.486493787,22.52862699,2020,,,0.0,3787.0,3424.0,77.0,4495,0.1074,0.1608,0.071,0.51,Moderate Vulnerability,0.69,High Concern,1660,1
Brazos,7.6380852183,190.0,85.2668,53.0,20.2,4.5098750713,5110,10.659824353,43590,20.3,33.582402407,59.53483,1680:1,50113,56.573967418,226758,49.450074529,12.063576784,2020,,,0.0,1783.0,2041.0,39.0,2636,0.1055,0.1682,0.0691,0.65,High Vulnerability,0.81,Very High Concern,1680,1
Brewster,6.338028169,6.0,64.26047,21.0,21.2,,224,11.826821542,1130,12.3,,75.53685,1324:1,45670,51.791277259,9267,49.455055574,34.867850953,2020,,,0.0,33.5,39.5,5.0,75,0.1166,0.1765,0.0789,0.66,High Vulnerability,0.84,Very High Concern,1324,1
Briscoe,,0.0,0.0,29.0,24.3,,79,25.079365079,210,13.4,,65.96306,1516:1,44409,54.411764706,1516,50.593667546,100.0,2020,,,0.0,20.0,18.5,2.5,12,0.1241,0.1883,0.0824,0.46,Moderate Vulnerability,0.95,Very High Concern,1516,1
Brooks,8.4158415842,,,39.0,48.6,,130,6.2560153994,1070,14.7,,28.113580000000002,3557:1,30116,79.924480806,7114,49.465842002,31.759656652,2020,,,0.0,77.5,90.0,2.5,95,0.0992,0.1603,0.0642,1.0,Very High Vulnerability,0.99,Very High Concern,3557,1
Brown,9.1098748261,19.0,49.93036,41.0,21.2,8.7138375741,917,10.482395976,5980,15.8,47.635153175,81.74243,1223:1,47097,62.892263196,37924,50.522096825,40.40046187,2020,,,0.0,310.0,357.0,15.0,384,0.1278,0.1901,0.086,0.63,High Vulnerability,0.72,High Concern,1223,1
Burleson,8.2162921348,7.0,38.86514,41.0,23.7,,500,11.930326891,2840,16.1,17.476375419,43.50427,2299:1,53626,61.390374332,18389,50.812986024,76.65677547,2020,,,0.0,180.0,161.5,5.0,205,0.1225,0.1864,0.0827,0.61,High Vulnerability,0.83,Very High Concern,2299,1
Burnet,6.6547831254,22.0,47.004529999999995,45.0,18.6,,1477,13.95107207,6100,13.5,56.658653402,58.895289999999996,1698:1,56696,60.123772366,47542,50.999116571,55.67251462,2020,,,0.0,290.0,347.0,5.0,499,0.1264,0.1929,0.0847,0.53,Moderate Vulnerability,0.7,High Concern,1698,1
Caldwell,8.6456908345,12.0,28.343329999999998,45.0,20.7,,1156,11.133583743,5070,12.5,45.185992619,50.87058,1966:1,52588,73.376539209,43247,49.541008625,42.292334367,2020,,,0.0,412.0,438.0,20.0,629,0.124,0.188,0.0827,0.87,Very High Vulnerability,0.97,Very High Concern,1966,1
Calhoun,7.2342519685,11.0,50.58867,29.0,24.0,,651,11.57744976,2720,12.5,23.870296008,60.29405,1659:1,52085,72.562068083,21561,48.620193869,44.731303494,2020,,,0.0,232.0,228.0,12.5,261,0.1065,0.1663,0.0699,0.86,Very High Vulnerability,0.88,Very High Concern,1659,1
Callahan,11.263467189,1.0,7.17051,40.0,20.2,,360,10.895883777,2240,16.4,,57.167359999999995,1749:1,50330,52.479174931,13994,50.478776619,72.179562906,2020,,,0.0,117.0,108.0,2.5,123,0.1278,0.1901,0.086,0.3,Low Vulnerability,0.8,High Concern,1749,1
Cameron,8.1357393607,207.0,48.852439999999994,42.0,40.2,5.0892108729,16938,12.753077589,47770,11.4,67.081450135,66.52387,1503:1,38106,87.033089872,423908,51.321277258,8.4208064596,2020,,,0.0,4505.0,5083.0,388.0,6019,0.105,0.1701,0.0683,0.98,Very High Vulnerability,0.98,Very High Concern,1503,1
Camp,7.4581430746,11.0,85.56981999999999,35.0,30.5,,403,11.484753491,2320,18.3,21.808815883,15.345659999999999,6517:1,43714,74.57337884,13033,51.43865572,61.478912991,2020,,,0.0,108.5,151.5,5.0,162,0.1285,0.1874,0.0874,0.9,Very High Vulnerability,0.98,Very High Concern,6517,1
Carson,5.6265984655,,,44.0,12.2,,203,12.979539642,770,12.7,,116.56952999999999,858:1,64799,32.747603834,6005,49.87510408,95.195729537,2020,,,0.0,33.5,60.5,0.0,38,0.1241,0.1883,0.0824,0.03,Very Low Vulnerability,0.6,High Concern,858,1
Cass,7.810552555,8.0,26.656,35.0,32.0,,624,8.8888888889,6340,21.0,30.701785208,49.80245,2008:1,44154,62.828467153,30119,51.588698164,74.011948529,2020,,,0.0,161.5,208.0,10.0,317,0.1356,0.2056,0.0926,0.78,High Vulnerability,0.98,Very High Concern,2008,1
Castro,6.9135802469,1.0,12.75022,35.0,24.2,,412,17.614365113,750,9.5,,39.13894,2555:1,45689,74.154025671,7665,48.532289628,45.757876457,2020,,,0.0,87.0,99.5,2.5,112,0.1241,0.1883,0.0824,0.78,High Vulnerability,0.99,Very High Concern,2555,1
Chambers,8.2658475286,4.0,9.65228,28.0,10.9,,1286,10.478285668,5950,15.1,24.700513178,54.176280000000006,1846:1,89513,36.772457104,42454,49.3451736,45.720310007,2020,,,0.0,631.0,557.0,23.5,552,0.1377,0.2028,0.0929,0.41,Moderate Vulnerability,0.79,High Concern,1846,1
Cherokee,7.2273073989,21.0,40.19908,43.0,24.6,8.0521472393,1528,11.150029189,9110,17.7,34.805617504,43.73289,2287:1,43483,63.046594982,52592,48.999847886,63.048480677,2020,,,0.0,452.0,527.0,12.5,739,0.1282,0.1918,0.0871,0.92,Very High Vulnerability,0.94,Very High Concern,2287,1
Childress,9.8619329389,10.0,141.50276,23.0,25.4,,174,11.584553928,1280,18.1,16.197996918,109.72431999999999,911:1,42291,54.398563734,7291,39.185296941,33.148700469,2020,,,0.0,45.5,45.5,0.0,58,0.1241,0.1883,0.0824,0.75,High Vulnerability,0.92,Very High Concern,911,1
Clay,5.0243111831,4.0,38.384029999999996,45.0,16.9,,296,13.016710642,1670,16.1,,19.12777,5228:1,58356,46.344271733,10456,50.181713849,74.600074405,2020,,,0.0,59.0,79.0,2.5,92,0.1293,0.1898,0.087,0.32,Low Vulnerability,0.68,High Concern,5228,1
Cochran,8.4175084175,1.0,35.07541,21.0,31.8,,146,18.741976893,380,13.1,,35.260929999999995,2836:1,42873,77.793493635,2836,49.823695346,100.0,2020,,,0.0,33.5,39.5,5.0,41,0.1143,0.1758,0.0766,0.86,Very High Vulnerability,0.99,Very High Concern,2836,1
Coke,6.0344827586,,,46.0,21.4,,113,15.311653117,510,15.6,,0.0,3370:0,44804,53.537284895,3370,50.56379822,100.0,2020,,,0.0,28.5,27.5,0.0,37,0.1235,0.1873,0.0822,0.62,High Vulnerability,0.91,Very High Concern,3370,0
Coleman,11.265164645,5.0,59.31198,25.0,30.6,,265,14.33207139,1500,17.8,52.707060421,59.545080000000006,1679:1,39484,64.323507181,8397,49.505775872,51.545812254,2020,,,0.0,46.0,55.0,0.0,74,0.1278,0.1901,0.086,0.42,Moderate Vulnerability,0.94,Very High Concern,1679,1
Collin,7.7723144254,918.0,94.67792,55.0,6.7,4.2660106258,22472,8.253147449,130090,14.2,24.937604784,71.92985,1390:1,96936,23.07329027,1005146,50.773121517,5.2427266371,2020,,,0.0,6287.0,5579.0,235.0,11422,0.083,0.1234,0.0542,0.15,Very Low Vulnerability,0.49,Moderate Concern,1390,1
Collingsworth,7.6923076923,,,14.0,26.7,,188,22.70531401,400,13.3,,168.80486,592:1,39536,61.054421769,2962,51.080351114,100.0,2020,,,0.0,34.5,22.5,0.0,23,0.1241,0.1883,0.0824,0.89,Very High Vulnerability,0.98,Very High Concern,592,1
Colorado,8.6714841579,10.0,47.09872,31.0,21.9,11.160714286,727,14.218658322,2850,13.6,26.476277405,28.27921,3536:1,48258,64.609286523,21217,49.733704105,62.613777906,2020,,,0.0,137.0,125.0,2.5,221,0.1114,0.1704,0.0738,0.68,High Vulnerability,0.93,Very High Concern,3536,1
Comal,7.8039215686,98.0,69.49911,44.0,10.2,5.4650047939,3235,9.5261933508,15260,11.8,46.330893613,64.70179999999999,1546:1,76523,31.555606095,148373,50.57523943,46.145549082,2020,,,0.0,1404.0,1296.0,24.5,1662,0.0937,0.1369,0.0619,0.24,Low Vulnerability,0.64,High Concern,1546,1
Comanche,6.7619047619,6.0,44.20541,25.0,25.0,,520,16.326530612,1970,14.6,44.809687706,59.11039,1692:1,52251,63.597246127,13534,50.214275159,71.461285244,2020,,,0.0,155.0,148.5,5.0,143,0.1278,0.1901,0.086,0.73,High Vulnerability,0.92,Very High Concern,1692,1
Concho,8.0459770115,1.0,36.8053,40.0,25.7,,88,15.384615385,350,9.1,,46.77268,2138:1,40987,65.384615385,4276,29.373246024,100.0,2020,,,0.0,22.5,27.5,5.0,23,0.1235,0.1873,0.0822,0.43,Moderate Vulnerability,0.96,Very High Concern,2138,1
Cooke,6.2695109261,13.0,32.585539999999995,41.0,24.9,5.3547523427,1254,12.844412578,6080,15.6,48.717654389,73.93898,1352:1,52047,56.768115942,40574,50.061615813,59.03426386,2020,,,0.0,415.0,476.0,10.0,485,0.1317,0.1945,0.0881,0.62,High Vulnerability,0.85,Very High Concern,1352,1
Coryell,8.2834185537,17.0,22.692989999999998,35.0,20.1,7.491759065,1629,9.1434665469,13890,18.3,38.683900773,50.796710000000004,1969:1,48099,52.832172427,74808,50.348893167,19.423515679,2020,,,0.0,548.0,481.0,10.0,913,0.1264,0.1929,0.0847,0.78,High Vulnerability,0.82,Very High Concern,1969,1
Cottle,,0.0,0.0,19.0,40.1,,62,19.74522293,270,18.1,,0.0,1389:0,38304,66.822429907,1389,51.475881929,100.0,2020,,,0.0,15.0,15.0,0.0,,0.1293,0.1898,0.087,0.94,Very High Vulnerability,1.0,Very High Concern,1389,0
Crane,7.7519379845,1.0,21.09705,18.0,13.6,,171,11.468812877,410,8.4,,20.85941,4794:1,61987,53.027681661,4794,49.624530663,10.697142857,2020,,,0.0,70.5,77.0,7.5,59,0.1166,0.1765,0.0789,0.47,Moderate Vulnerability,0.93,Very High Concern,4794,1
Crockett,8.3832335329,1.0,28.058359999999997,23.0,23.4,,133,14.074074074,380,9.9,,28.579590000000003,3499:1,49117,51.055408971,3499,50.071448985,22.748050551,2020,,,0.0,39.0,27.5,5.0,36,0.1235,0.1873,0.0822,0.69,High Vulnerability,0.9,Very High Concern,3499,1
Crosby,7.9696394687,2.0,33.90405,39.0,37.1,,206,12.653562654,750,12.7,25.530704223,51.9121,1926:1,37911,81.381118881,5779,50.562381035,100.0,2020,,,0.0,46.0,54.5,0.0,78,0.1143,0.1758,0.0766,0.94,Very High Vulnerability,0.99,Very High Concern,1926,1
Culberson,8.4112149533,,,14.0,32.7,,78,14.338235294,240,10.6,,90.7441,1102:1,42164,75.703324808,2204,50.589836661,100.0,2020,,,0.0,22.5,22.5,2.5,30,0.1166,0.1765,0.0789,1.0,Very High Vulnerability,1.0,Very High Concern,1102,1
Dallam,6.7049808429,5.0,69.36737000000001,27.0,18.1,,529,22.491496599,900,12.4,,152.77778,655:1,50587,66.017699115,7200,47.861111111,23.541697747,2020,,,0.0,110.5,119.5,7.5,186,0.1241,0.1883,0.0824,0.55,Moderate Vulnerability,0.92,Very High Concern,655,1
Dallas,8.5024997727,1818.0,69.4384,51.0,20.7,6.469842706,95584,13.459653708,438830,17.2,49.092138416,106.11227999999998,942:1,59838,71.613253358,2637772,50.648198555,0.6883041916,2020,,,0.0,21399.0,19984.0,890.0,36101,0.1078,0.1697,0.0704,0.75,High Vulnerability,0.83,Very High Concern,942,1
Dawson,9.3486590038,3.0,23.41372,23.0,29.9,,426,12.36574746,1590,12.1,28.303645402,55.47191,1803:1,43726,68.489378442,12619,45.146208099,16.294368539,2020,,,0.0,105.5,114.5,0.0,186,0.1235,0.1873,0.0822,0.95,Very High Vulnerability,1.0,Very High Concern,1803,1
DeWitt,8.5047248471,11.0,54.38544,29.0,25.2,,513,10.924190801,2930,14.3,34.082606888,64.39788,1553:1,49208,72.827041264,20187,47.481052162,49.624322038,2020,,,0.0,190.0,190.5,7.5,246,0.1134,0.1709,0.0762,0.82,Very High Vulnerability,0.97,Very High Concern,1553,1
Deaf Smith,7.7872340426,2.0,10.61797,35.0,25.3,,799,13.072643979,1650,8.7,24.945547092,106.60981,938:1,44230,79.064381658,18760,50.058635394,17.711129465,2020,,,0.0,257.0,243.0,12.5,323,0.1241,0.1883,0.0824,0.84,Very High Vulnerability,0.9,Very High Concern,938,1
Delta,6.5934065934,1.0,18.875049999999998,42.0,26.0,,158,12.30529595,1000,19.3,55.546591441,37.390170000000005,2675:1,44410,63.476347635,5349,50.252383623,100.0,2020,,,0.0,31.0,42.0,0.0,66,0.1283,0.1937,0.0866,0.57,Moderate Vulnerability,0.85,Very High Concern,2675,1
Denton,7.4274277199,530.0,63.38121,52.0,8.1,4.2800322804,19390,8.7155860209,111860,14.3,39.098873179,64.72160000000001,1545:1,88384,32.209285683,859064,50.792374026,6.9058305439,2020,,,0.0,6149.0,5576.0,158.5,9965,0.0949,0.1412,0.0617,0.22,Low Vulnerability,0.63,High Concern,1545,1
Dickens,15.942028986,1.0,45.26935,26.0,27.5,,82,18.850574713,340,15.4,,44.46421,2249:1,39627,64.985994398,2249,44.642063139,100.0,2020,,,0.0,20.0,20.0,0.0,12,0.1143,0.1758,0.0766,0.88,Very High Vulnerability,0.93,Very High Concern,2249,1
Dimmit,8.3832335329,4.0,38.39509,33.0,35.8,,278,8.8366179275,1130,10.4,,67.90842,1473:1,37177,76.97874265,10308,50.805199845,39.475790316,2020,,,0.0,37.5,36.5,2.5,155,0.107,0.1724,0.0705,1.0,Very High Vulnerability,0.99,Very High Concern,1473,1
Donley,9.3220338983,1.0,30.20236,21.0,27.8,,102,14.592274678,580,16.9,36.610617453,120.51823,830:1,40945,55.208333333,3319,50.888821934,100.0,2020,,,0.0,20.0,20.0,0.0,34,0.1241,0.1883,0.0824,0.45,Moderate Vulnerability,0.82,Very High Concern,830,1
Duval,8.7108013937,,,34.0,36.1,,265,9.0722355358,1190,10.4,,53.51409,1869:1,35156,73.712121212,11212,48.448091331,67.042946868,2020,,,0.0,86.0,99.0,0.0,114,0.1146,0.1867,0.0742,1.0,Very High Vulnerability,1.0,Very High Concern,1869,1
Eastland,7.9285714286,6.0,32.58921,40.0,26.1,,539,13.295510607,3110,17.0,25.324460201,38.20544,2617:1,44773,62.262156448,18322,50.065495033,60.345477049,2020,,,0.0,169.0,156.5,7.5,207,0.1278,0.1901,0.086,0.81,Very High Vulnerability,0.98,Very High Concern,2617,1
Ector,9.0494408476,93.0,59.202859999999994,39.0,17.9,5.7334212796,6063,12.377258344,15320,9.8,44.405288975,79.56873,1257:1,60431,49.171444954,162124,49.122276776,9.4552614308,2020,,,0.0,2508.0,2287.0,73.0,2743,0.1113,0.171,0.0731,0.79,High Vulnerability,0.88,Very High Concern,1257,1
Edwards,,0.0,0.0,30.0,37.3,,74,16.517857143,130,6.2,,0.0,1928:0,37812,71.428571429,1928,47.147302905,100.0,2020,,,0.0,27.0,22.5,2.5,18,0.107,0.1724,0.0705,0.44,Moderate Vulnerability,0.92,Very High Concern,1928,0
El Paso,8.5598896769,405.0,48.19076,32.0,28.9,4.4313780191,21020,8.8337514867,79860,9.6,45.811145406,78.02483,1282:1,43948,73.780691097,840758,50.733266885,2.1743664811,2020,,,0.0,8325.0,8638.0,536.0,11097,0.0965,0.1577,0.0608,0.95,Very High Vulnerability,0.96,Very High Concern,1282,1
Ellis,7.2184403855,70.0,40.31794,50.0,14.0,5.8301132127,5436,11.113837095,22320,13.6,38.855231083,55.17288,1812:1,76792,47.272012579,179436,50.67154863,31.975135352,2020,,,0.0,1699.0,1677.0,27.0,2381,0.1147,0.169,0.0766,0.39,Low Vulnerability,0.7,High Concern,1812,1
Erath,6.8255369226,23.0,54.80235,47.0,20.1,6.6996795805,1345,15.199457566,7250,17.7,57.179918858,42.40682,2358:1,47087,52.61574461,42446,51.034255289,46.320929005,2020,,,0.0,318.0,293.5,15.0,430,0.1134,0.1689,0.0762,0.63,High Vulnerability,0.87,Very High Concern,2358,1
Falls,9.6153846154,2.0,11.46986,34.0,27.7,,520,13.666228647,3520,20.4,41.663952769,40.38073,2476:1,37428,82.107728337,17335,52.523795789,67.356990932,2020,,,0.0,138.5,122.5,7.5,178,0.1248,0.188,0.085,0.98,Very High Vulnerability,0.99,Very High Concern,2476,1
Fannin,7.4153450493,7.0,20.32166,43.0,19.5,,1046,13.748685594,5670,16.8,32.001559303,42.50978,2352:1,53111,58.028933092,35286,46.916624157,70.529264337,2020,,,0.0,244.0,265.0,10.0,403,0.1317,0.1945,0.0881,0.58,Moderate Vulnerability,0.86,Very High Concern,2352,1
Fayette,6.5398335315,9.0,35.61254,44.0,19.4,,791,14.640014807,3250,13.0,15.158394916,47.33915,2112:1,55776,54.740141029,25349,50.861966941,67.137737232,2020,,,0.0,152.0,156.0,0.0,230,0.124,0.188,0.0827,0.44,Moderate Vulnerability,0.84,Very High Concern,2112,1
Fisher,10.0,1.0,25.7732,9.0,21.3,,141,16.49122807,560,14.5,18.142915096,104.19380000000001,960:1,45261,52.142857143,3839,50.429799427,100.0,2020,,,0.0,34.5,37.5,2.5,38,0.1278,0.1901,0.086,0.43,Moderate Vulnerability,0.91,Very High Concern,960,1
Floyd,9.5149253731,4.0,68.31768,37.0,33.3,,203,12.476951444,690,11.5,28.410323282,34.264179999999996,2919:1,39891,76.661129568,5837,49.597395923,53.319888303,2020,,,0.0,49.5,69.0,5.0,68,0.1143,0.1758,0.0766,0.83,Very High Vulnerability,0.97,Very High Concern,2919,1
Foard,,0.0,0.0,27.0,31.0,,50,19.083969466,170,11.9,,83.33333,1200:1,37648,74.88372093,1200,51.416666667,100.0,2020,,,0.0,20.0,15.0,0.0,12,0.1293,0.1898,0.087,0.48,Moderate Vulnerability,0.93,Very High Concern,1200,1
Fort Bend,8.7697102478,650.0,84.98643,46.0,10.4,4.110311453,18829,8.3750328036,98800,13.9,46.231436954,67.01715,1492:1,92310,33.722314837,787858,50.930370701,5.5357676703,2020,,,0.0,7625.0,7767.0,283.5,8816,0.0795,0.1228,0.0524,0.29,Low Vulnerability,0.54,Moderate Concern,1492,1
Franklin,7.0603337612,3.0,27.86291,49.0,23.9,,343,12.78896346,1800,17.0,67.527341819,18.577,5383:1,48222,54.523076923,10766,50.306520528,69.12776992,2020,,,0.0,70.5,77.5,7.5,122,0.1283,0.1937,0.0866,0.53,Moderate Vulnerability,0.79,High Concern,5383,1
Freestone,8.1686429513,6.0,30.573249999999998,37.0,19.3,,616,13.190578158,3820,19.4,23.238191236,55.533120000000004,1801:1,49317,54.266487214,19808,48.096728595,66.476584578,2020,,,0.0,136.0,159.5,7.5,166,0.1248,0.188,0.085,0.84,Very High Vulnerability,0.97,Very High Concern,1801,1
Frio,10.49382716,4.0,20.40816,35.0,33.9,,504,10.601598654,1680,8.8,56.040756914,60.557129999999994,1651:1,41038,75.711226675,19816,40.689341946,22.181564733,2020,,,0.0,141.0,164.0,5.0,225,0.1146,0.174,0.0756,0.99,Very High Vulnerability,0.99,Very High Concern,1651,1
Gaines,5.806010929,5.0,24.227149999999998,31.0,22.0,,2038,26.682377586,2070,10.4,56.763308927,19.13784,5225:1,56321,55.731775181,20901,49.294292139,63.043478261,2020,,,0.0,204.0,248.0,12.5,470,0.1166,0.1765,0.0789,0.68,High Vulnerability,0.99,Very High Concern,5225,1
Galveston,8.540460387,245.0,73.12647,44.0,16.6,4.8056832428,6352,7.3784964223,53270,16.6,43.736549665,88.78629,1126:1,71959,46.062483038,337890,50.832519459,6.1498271595,2020,,,0.0,3054.0,2914.0,69.0,3888,0.1049,0.1574,0.0689,0.58,Moderate Vulnerability,0.73,High Concern,1126,1
Garza,9.4562647754,1.0,15.31863,33.0,26.4,,154,13.774597496,710,10.5,,,,46490,75.274177468,6578,33.794466403,22.334004024,2020,,,0.0,33.5,49.0,5.0,48,0.1143,0.1758,0.0766,0.72,High Vulnerability,0.96,Very High Concern,,
Gillespie,7.4200913242,31.0,116.34016000000001,51.0,15.7,,1009,17.814265537,3380,13.0,,55.961800000000004,1787:1,61433,48.050248626,26804,51.298313685,53.653822925,2020,,,0.0,149.0,146.5,15.0,263,0.1008,0.1475,0.0669,0.36,Low Vulnerability,0.61,High Concern,1787,1
Glasscock,,0.0,0.0,43.0,13.3,,72,19.512195122,150,10.2,,0.0,1388:0,83330,36.102236422,1388,44.884726225,100.0,2020,,,0.0,22.5,22.5,0.0,18,0.1235,0.1873,0.0822,0.18,Very Low Vulnerability,0.81,Very High Concern,1388,0
Goliad,6.6929133858,,,38.0,22.6,,194,11.533888228,1000,13.3,9.2780697563,13.18565,7584:1,55008,53.765846383,7584,50.474683544,100.0,2020,,,0.0,57.0,77.5,5.0,52,0.1134,0.1709,0.0762,0.58,Moderate Vulnerability,0.97,Very High Concern,7584,1
Gonzales,8.6348287506,8.0,38.29034,39.0,25.3,,842,14.427690199,2520,12.3,37.569345181,52.81859,1893:1,49829,78.431372549,20826,49.50062422,65.279951532,2020,,,0.0,181.0,173.0,7.5,290,0.1134,0.1709,0.0762,0.9,Very High Vulnerability,0.98,Very High Concern,1893,1
Gray,6.6788655078,9.0,40.1714,45.0,21.9,,773,13.081739719,3470,15.1,76.775759576,63.941539999999996,1564:1,49121,60.178527151,21895,46.951358758,19.387619259,2020,,,0.0,191.0,234.5,0.0,268,0.1241,0.1883,0.0824,0.84,Very High Vulnerability,0.95,Very High Concern,1564,1
Grayson,7.7920891568,62.0,47.277719999999995,50.0,16.6,6.468305304,3866,11.914080557,21380,17.0,49.616861019,74.63188,1340:1,51403,53.677607836,133991,51.214633819,43.150475277,2020,,,0.0,1294.0,1254.0,17.5,1586,0.1317,0.1945,0.0881,0.66,High Vulnerability,0.79,High Concern,1340,1
Gregg,7.9222011385,107.0,86.73308,48.0,20.9,7.5084278272,3764,11.507536152,24920,20.2,29.629653129,134.9964,741:1,50610,59.709385422,123707,51.407761889,13.36235932,2020,,,0.0,989.0,1062.0,22.5,1574,0.1265,0.1924,0.0851,0.88,Very High Vulnerability,0.79,High Concern,741,1
Grimes,9.1192170819,6.0,21.366,47.0,25.3,,888,13.571756075,4810,17.6,32.246160684,38.787020000000005,2578:1,49498,66.841644794,28360,45.585331453,68.903172455,2020,,,0.0,246.0,267.0,10.0,347,0.1225,0.1864,0.0827,0.86,Very High Vulnerability,0.9,Very High Concern,2578,1
Guadalupe,7.9980919065,56.0,35.07475,39.0,12.0,5.5054655709,3565,8.2467787828,17330,11.5,40.498684741,32.37748,3089:1,73864,40.711264071,163694,50.506432734,26.16225586,2020,,,0.0,1556.0,1513.0,17.5,1905,0.1024,0.1543,0.0667,0.43,Moderate Vulnerability,0.77,High Concern,3089,1
Hale,9.6685922773,10.0,29.2963,39.0,26.2,,1204,12.527312454,4510,13.1,38.311899757,62.07508000000001,1611:1,42782,73.134942403,33830,47.803724505,23.099826317,2020,,,0.0,348.0,300.5,5.0,432,0.1143,0.1758,0.0766,0.93,Very High Vulnerability,0.97,Very High Concern,1611,1
Hall,13.089005236,1.0,32.56268,25.0,38.8,,92,12.568306011,570,18.4,,33.0251,3028:1,32597,71.769383698,3028,50.495376486,100.0,2020,,,0.0,22.5,17.5,2.5,24,0.1241,0.1883,0.0824,0.95,Very High Vulnerability,1.0,Very High Concern,3028,1
Hamilton,5.9390048154,8.0,94.98931,19.0,23.4,,304,16.033755274,1350,16.4,,82.50825,1212:1,49210,53.117913832,8484,50.282885431,64.377128097,2020,,,0.0,44.5,60.0,5.0,72,0.1264,0.1929,0.0847,0.61,High Vulnerability,0.78,High Concern,1212,1
Hansford,5.4511278195,2.0,36.71746,29.0,17.2,,301,18.421052632,640,11.7,,54.914880000000004,1821:1,57240,58.51285615,5463,49.020684606,40.334936754,2020,,,0.0,60.0,54.0,2.5,73,0.1241,0.1883,0.0824,0.76,High Vulnerability,0.83,Very High Concern,1821,1
Hardeman,6.4981949458,4.0,100.15023,35.0,27.1,,176,18.803418803,630,15.7,,25.4972,3922:1,42469,78.8,3922,49.413564508,100.0,2020,,,0.0,34.5,35.5,2.5,42,0.1293,0.1898,0.087,0.73,High Vulnerability,0.96,Very High Concern,3922,1
Hardin,8.6876155268,11.0,19.2513,42.0,17.1,5.6074766355,1302,8.7300522999,9750,17.4,59.605043734,45.44898,2200:1,60909,46.208349291,57207,50.726309717,51.547542784,2020,,,0.0,460.0,528.0,12.5,698,0.1338,0.1949,0.0899,0.25,Low Vulnerability,0.81,Very High Concern,2200,1
Harris,8.7174646209,2742.0,58.92998,44.0,24.8,6.1092895288,143373,11.117659238,739120,16.3,48.310296049,90.38826,1106:1,60241,64.185133746,4698619,50.328681683,1.2132803285,2020,,,0.0,47893.0,44814.0,2048.0,63815,0.1057,0.1669,0.0691,0.72,High Vulnerability,0.79,High Concern,1106,1
Harrison,7.8001752848,19.0,28.50242,46.0,22.8,7.1599045346,1787,10.207345633,13210,19.8,37.916954314,59.94665,1668:1,50131,54.971772676,66726,51.05356233,56.054303607,2020,,,0.0,542.0,525.0,20.0,765,0.1276,0.1901,0.0861,0.73,High Vulnerability,0.94,Very High Concern,1668,1
Hartley,6.2222222222,,,32.0,10.3,,202,15.768930523,770,13.3,,,,72451,58.992805755,5619,40.11389927,57.258330584,2020,,,0.0,37.5,42.5,5.0,56,0.1241,0.1883,0.0824,0.53,Moderate Vulnerability,0.74,High Concern,,
Haskell,6.8535825545,3.0,52.210229999999996,37.0,33.9,,153,13.796212804,910,15.6,6.6226940725,,,40880,74.832962138,5813,46.533631516,47.61824038,2020,,,0.0,37.0,49.0,0.0,47,0.1278,0.1901,0.086,0.98,Very High Vulnerability,0.99,Very High Concern,,
Hays,7.2379467498,93.0,43.359680000000004,46.0,12.1,3.4828559419,5562,10.668661526,25740,13.2,39.409104333,58.39259,1713:1,68180,44.292760965,222631,50.25131271,31.712145226,2020,,,0.0,1994.0,1750.0,65.5,2802,0.1018,0.157,0.0664,0.49,Moderate Vulnerability,0.73,High Concern,1713,1
Hemphill,5.2132701422,4.0,99.40357999999999,34.0,13.4,,241,18.229954614,440,10.6,,52.28758,1913:1,66849,35.913978495,3825,49.803921569,26.95035461,2020,,,0.0,27.5,39.0,0.0,30,0.1241,0.1883,0.0824,0.74,High Vulnerability,0.8,Very High Concern,1913,1
Henderson,7.6455534229,25.0,30.83983,52.0,29.9,7.786429366,2069,11.567059876,14200,17.8,46.582010106,46.1731,2166:1,43337,62.315654484,82299,51.094180974,60.110528192,2020,,,0.0,588.0,611.0,7.5,955,0.1398,0.2105,0.0948,0.72,High Vulnerability,0.9,Very High Concern,2166,1
Hidalgo,8.2134098376,387.0,44.96544,46.0,40.4,4.709081414,35069,12.1821504,95430,11.4,76.266544469,81.06806999999999,1234:1,38785,85.385181964,865939,50.980149872,5.1386929524,2020,,,0.0,10118.0,9779.0,439.5,13383,0.1074,0.1741,0.0695,0.98,Very High Vulnerability,0.99,Very High Concern,1234,1
Hill,7.5719872023,8.0,22.31396,38.0,20.2,,1097,12.66743649,5790,16.5,45.731384765,30.258020000000002,3305:1,48670,63.067926226,36354,50.173295923,76.266066289,2020,,,0.0,189.0,179.0,10.0,387,0.1248,0.188,0.085,0.87,Very High Vulnerability,0.93,Very High Concern,3305,1
Hockley,9.3538183461,13.0,56.306309999999996,31.0,28.1,,719,11.478288633,2770,11.9,46.58581355,43.5161,2298:1,46764,63.325879244,22980,50.139251523,39.847394811,2020,,,0.0,262.0,267.0,12.5,283,0.1143,0.1758,0.0766,0.9,Very High Vulnerability,0.97,Very High Concern,2298,1
Hood,7.2357531331,31.0,53.19788,49.0,16.8,6.5313739212,1538,11.870031643,8480,15.3,74.872232212,42.94894,2328:1,60917,48.281948694,60537,51.102631449,32.845531632,2020,,,0.0,573.0,611.0,17.5,591,0.1134,0.1689,0.0762,0.26,Low Vulnerability,0.66,High Concern,2328,1
Hopkins,7.3348087259,9.0,24.660239999999998,44.0,21.1,,1290,13.773222293,6240,17.4,44.81549393,92.3662,1083:1,52079,61.647266834,36810,50.763379516,59.62572168,2020,,,0.0,251.0,288.0,12.5,445,0.1283,0.1937,0.0866,0.71,High Vulnerability,0.76,High Concern,1083,1
Houston,8.8943792464,4.0,17.37544,39.0,40.8,,546,11.762171478,5160,22.6,45.425761125,34.5289,2896:1,39533,62.833983789,23169,46.544952307,73.487274566,2020,,,0.0,143.5,172.0,10.0,187,0.1365,0.206,0.093,0.91,Very High Vulnerability,0.97,Very High Concern,2896,1
Howard,9.8015267176,11.0,30.52164,38.0,25.1,7.9214195184,932,11.639815162,4770,13.1,47.378925877,101.48386,985:1,50423,58.507670851,36459,42.494308675,20.064549297,2020,,,0.0,219.0,249.0,7.5,427,0.1235,0.1873,0.0822,0.92,Very High Vulnerability,0.97,Very High Concern,985,1
Hudspeth,11.387900356,,,23.0,25.0,,146,14.092664093,500,13.4,,,,42671,91.680814941,4795,47.00729927,100.0,2020,,,0.0,53.0,56.5,0.0,43,0.1166,0.1765,0.0789,0.98,Very High Vulnerability,0.98,Very High Concern,,
Hunt,8.631632394,27.0,28.762569999999997,38.0,20.1,7.63062597,2633,11.310623309,16200,17.9,52.351984246,78.76219,1270:1,53360,54.563701669,96493,50.6772512,56.631332072,2020,,,0.0,1051.0,947.0,27.5,1211,0.1122,0.1653,0.0743,0.83,Very High Vulnerability,0.87,Very High Concern,1270,1
Hutchinson,9.2692496322,7.0,32.74854,38.0,18.9,,734,12.827682628,3460,15.9,43.164571689,37.73941,2650:1,54351,49.167253108,21198,49.698084725,22.564334086,2020,,,0.0,203.0,197.0,7.5,231,0.1241,0.1883,0.0824,0.66,High Vulnerability,0.86,Very High Concern,2650,1
Irion,10.377358491,0.0,0.0,38.0,10.2,,50,13.736263736,210,13.4,,0.0,1522:0,56775,26.353790614,1522,48.685939553,100.0,2020,,,0.0,20.0,25.0,0.0,12,0.1235,0.1873,0.0822,0.2,Low Vulnerability,0.88,Very High Concern,1522,0
Jack,7.3282442748,4.0,45.289860000000004,34.0,21.9,,322,16.035856574,1410,15.9,,22.61676,4422:1,48780,61.412051126,8843,43.593803008,53.217602831,2020,,,0.0,65.5,87.0,10.0,80,0.1293,0.1898,0.087,0.65,High Vulnerability,0.98,Very High Concern,4422,1
Jackson,6.9896193772,1.0,6.7544699999999995,38.0,19.4,,504,12.804878049,2060,14.0,41.783387714,60.508269999999996,1653:1,54088,55.189107413,14874,50.248756219,61.818827709,2020,,,0.0,162.0,180.0,2.5,201,0.1134,0.1709,0.0762,0.68,High Vulnerability,0.93,Very High Concern,1653,1
Jasper,8.0478882607,14.0,39.36897,38.0,29.9,,864,9.779286927,7520,21.2,59.808008805,64.11686,1560:1,47551,64.394925179,35872,50.485057984,78.185382246,2020,,,0.0,227.0,293.0,7.5,352,0.1428,0.2169,0.0983,0.82,Very High Vulnerability,0.92,Very High Concern,1560,1
Jeff Davis,,1.0,43.859649999999995,24.0,34.4,,26,20.3125,220,9.8,,44.40497,2252:1,51343,54.44015444,2252,48.756660746,100.0,2020,,,0.0,7.5,12.5,0.0,17,0.1166,0.1765,0.0789,0.36,Low Vulnerability,0.89,Very High Concern,2252,1
Jefferson,10.120481928,145.0,56.57455,42.0,27.8,9.0358982746,6681,10.590976824,58010,22.8,50.850819321,117.25443999999999,853:1,48121,68.061438213,255001,48.714710923,8.4020089348,2020,,,0.0,2116.0,2388.0,52.5,3192,0.1231,0.1913,0.0827,0.86,Very High Vulnerability,0.95,Very High Concern,853,1
Jim Hogg,8.9500860585,1.0,19.22338,30.0,38.6,,139,8.7202007528,470,8.9,,,,36176,83.753258036,5248,48.666158537,17.396226415,2020,,,0.0,31.0,34.5,0.0,56,0.1146,0.1867,0.0742,0.99,Very High Vulnerability,1.0,Very High Concern,,
Jim Wells,10.120705664,11.0,26.91395,37.0,33.3,4.5861041046,1261,10.577084382,4420,10.7,,71.04013,1408:1,41919,68.442174389,40822,50.409093136,40.085214751,2020,,,0.0,396.0,425.0,5.0,540,0.0992,0.1603,0.0642,0.92,Very High Vulnerability,0.99,Very High Concern,1408,1
Johnson,6.758821895,77.0,46.02483,46.0,15.5,6.7567567568,4649,10.179326049,22440,14.0,42.106967902,53.10427000000001,1883:1,62635,51.386599152,171361,50.135094917,37.874170167,2020,,,0.0,1325.0,1143.0,23.5,2123,0.1346,0.1961,0.0907,0.51,Moderate Vulnerability,0.73,High Concern,1883,1
Jones,7.0886075949,6.0,30.02552,30.0,24.0,,444,12.144420131,3350,16.8,46.309382665,35.32321,2831:1,43903,61.744966443,19817,37.260937579,85.14998515,2020,,,0.0,160.0,133.0,0.0,147,0.1278,0.1901,0.086,0.63,High Vulnerability,0.97,Very High Concern,2831,1
Karnes,8.1214109926,4.0,26.338320000000003,43.0,25.3,,397,12.204119275,1790,11.9,52.322555233,19.16933,5217:1,48743,70.358934774,15650,41.156549521,38.390447922,2020,,,0.0,148.0,174.0,35.5,175,0.1134,0.1709,0.0762,0.84,Very High Vulnerability,0.97,Very High Concern,5217,1
Kaufman,8.2398348443,39.0,31.737509999999997,50.0,15.3,5.6159086724,3831,10.795806797,16950,14.8,36.9588973,42.76096,2339:1,67434,48.385723409,128622,50.739375846,48.817610063,2020,,,0.0,1789.0,1574.0,30.0,2028,0.1236,0.185,0.0839,0.57,Moderate Vulnerability,0.77,High Concern,2339,1
Kendall,7.1287908625,38.0,86.31263,47.0,10.5,,1355,12.362010765,4560,11.3,34.701562339,105.1686,951:1,90937,23.858383132,45641,51.030871366,58.159233762,2020,,,0.0,332.0,263.0,10.0,385,0.1008,0.1475,0.0669,0.23,Low Vulnerability,0.47,Moderate Concern,951,1
Kenedy,,0.0,0.0,44.0,20.3,,16,13.223140496,70,11.6,,0.0,442:0,42153,76.923076923,442,48.416289593,100.0,2020,,,0.0,2.5,5.0,0.0,,0.0992,0.1603,0.0642,0.73,High Vulnerability,0.99,Very High Concern,442,0
Kent,,0.0,0.0,20.0,20.3,,24,15.094339623,100,14.9,,0.0,726:0,47625,36.184210526,726,50.275482094,100.0,2020,,,0.0,5.0,12.5,0.0,,0.1278,0.1901,0.086,0.44,Moderate Vulnerability,0.91,Very High Concern,726,0
Kerr,8.1704668838,44.0,85.07347,49.0,23.3,5.731441048,1384,13.452566096,7110,14.0,50.668821992,87.77788,1139:1,53704,59.460610362,52405,51.87672932,41.102267003,2020,,,0.0,367.0,367.0,20.0,485,0.1008,0.1475,0.0669,0.7,High Vulnerability,0.6,High Concern,1139,1
Kimble,6.862745098,3.0,68.02721,24.0,35.9,,105,12.589928058,710,16.1,,114.62632,872:1,42503,61.463414634,4362,51.077487391,44.302148904,2020,,,0.0,34.5,32.0,5.0,54,0.1235,0.1873,0.0822,0.59,Moderate Vulnerability,0.82,Very High Concern,872,1
King,,0.0,0.0,,15.7,,18,20.454545455,40,15.5,,0.0,277:0,57925,0.0,277,49.458483755,100.0,2020,,,0.0,10.0,7.5,0.0,,0.1143,0.1758,0.0766,0.2,Very Low Vulnerability,0.68,High Concern,277,0
Kinney,8.0,,,25.0,26.6,,100,13.192612137,320,8.7,,26.546319999999998,3767:1,43192,59.487179487,3767,44.942925405,20.455808783,2020,,,0.0,25.0,22.5,0.0,25,0.107,0.1724,0.0705,0.86,Very High Vulnerability,0.98,Very High Concern,3767,1
Kleberg,7.773512476,14.0,45.03345,37.0,33.3,,714,9.1129546905,4100,13.0,35.094348084,44.97414,2224:1,42605,67.918708038,31129,48.796941758,18.870278532,2020,,,0.0,312.0,282.0,12.5,376,0.0992,0.1603,0.0642,0.98,Very High Vulnerability,0.99,Very High Concern,2224,1
Knox,8.2595870206,1.0,26.954179999999997,13.0,31.5,,186,18.1640625,500,13.2,46.549184776,164.24856,609:1,39726,64.52991453,3653,50.479058308,100.0,2020,,,0.0,41.5,35.0,0.0,43,0.1278,0.1901,0.086,0.8,High Vulnerability,0.93,Very High Concern,609,1
La Salle,9.1988130564,,,24.0,35.5,,116,7.4694140373,370,5.0,,119.50604000000001,837:1,40072,87.391304348,7531,40.817952463,46.354923032,2020,,,0.0,33.5,62.0,0.0,79,0.107,0.1724,0.0705,0.82,Very High Vulnerability,0.97,Very High Concern,837,1
Lamar,8.8082901554,25.0,50.41644,48.0,22.2,6.5416484954,1451,11.858450474,9970,20.2,40.132093431,98.53604,1015:1,45767,62.569508804,49728,51.797779923,47.082923302,2020,,,0.0,532.0,597.0,12.5,632,0.1283,0.1937,0.0866,0.84,Very High Vulnerability,0.94,Very High Concern,1015,1
Lamb,8.6722947045,3.0,22.71007,36.0,27.8,,557,14.677206851,1730,13.0,28.880957249,68.39945,1462:1,42700,70.252951096,13158,50.425596595,57.687629677,2020,,,0.0,129.5,168.0,10.0,181,0.1143,0.1758,0.0766,0.9,Very High Vulnerability,0.99,Very High Concern,1462,1
Lampasas,5.8561425843,9.0,42.80211,26.0,20.2,,643,12.793473936,2960,14.5,50.561469143,32.97376,3033:1,55151,50.709606987,21229,50.723067502,68.267520455,2020,,,0.0,118.0,129.5,7.5,203,0.1264,0.1929,0.0847,0.54,Moderate Vulnerability,0.88,Very High Concern,3033,1
Lavaca,7.3981191223,14.0,69.78367,35.0,22.2,,611,12.26661313,2920,14.7,26.126186752,54.699149999999996,1828:1,51128,42.534864643,20110,51.158627548,81.316513523,2020,,,0.0,194.0,209.0,5.0,227,0.1134,0.1709,0.0762,0.69,High Vulnerability,0.91,Very High Concern,1828,1
Lee,7.5799721836,4.0,23.27882,48.0,17.8,,501,13.208542051,2490,14.8,43.737213003,34.99767,2857:1,55834,63.832982878,17144,49.784181055,69.720683843,2020,,,0.0,150.5,154.5,7.5,209,0.124,0.188,0.0827,0.68,High Vulnerability,0.88,Very High Concern,2857,1
Leon,7.1967100754,,,43.0,24.4,,688,16.966707768,3050,18.0,23.450372137,28.95194,3454:1,47065,51.46875,17270,50.277938622,100.0,2020,,,0.0,124.5,160.0,12.5,199,0.1225,0.1864,0.0827,0.62,High Vulnerability,0.92,Very High Concern,3454,1
Liberty,8.748403576,20.0,23.90686,35.0,23.2,7.02172761,2977,13.224645729,14210,17.8,30.846808228,39.38695,2539:1,52577,66.212406015,86323,50.425726631,63.227264915,2020,,,0.0,1049.0,1044.0,25.0,1259,0.1377,0.2028,0.0929,0.94,Very High Vulnerability,0.97,Very High Concern,2539,1
Limestone,10.062590274,8.0,34.00349,43.0,33.0,,616,11.298606016,4500,19.2,26.097624129,63.77822,1568:1,43226,74.536340852,23519,48.369403461,53.617858365,2020,,,0.0,159.0,212.0,7.5,273,0.1248,0.188,0.085,0.95,Very High Vulnerability,0.98,Very High Concern,1568,1
Lipscomb,6.309148265,,,29.0,17.5,,256,27.497314715,420,12.0,,29.80626,3355:1,57332,62.532299742,3355,48.315946349,100.0,2020,,,0.0,32.0,45.0,5.0,27,0.1241,0.1883,0.0824,0.46,Moderate Vulnerability,0.87,Very High Concern,3355,1
Live Oak,7.5081610446,1.0,8.214229999999999,34.0,25.6,,384,15.0,1500,12.5,,32.87851,3042:1,48814,61.417322835,12166,45.199736972,100.0,2020,,,0.0,78.0,93.0,2.5,122,0.1146,0.1867,0.0742,0.69,High Vulnerability,0.95,Very High Concern,3042,1
Llano,8.1244598099,17.0,80.15087,39.0,23.4,,457,13.42143906,3150,15.6,,27.718749999999996,3608:1,54019,58.899176955,21646,51.575348794,45.179006269,2020,,,0.0,106.5,126.0,7.5,174,0.1264,0.1929,0.0847,0.47,Moderate Vulnerability,0.76,High Concern,3608,1
Loving,,0.0,0.0,,9.6,,9,17.647058824,10,17.7,,0.0,152:0,78637,,152,44.078947368,100.0,2020,,,0.0,0.0,2.5,0.0,0,0.1166,0.1765,0.0789,0.76,High Vulnerability,0.83,Very High Concern,152,0
Lubbock,8.8743528753,251.0,82.23442,45.0,20.3,5.0405662006,7177,9.4384534456,47350,15.9,43.908668797,144.43158,692:1,50377,54.949407797,307412,50.729314405,11.335540166,2020,,,0.0,3247.0,3136.0,38.0,3980,0.109,0.1714,0.0711,0.75,High Vulnerability,0.74,High Concern,692,1
Lynn,8.8122605364,3.0,51.20328,31.0,26.8,,195,12.081784387,720,12.5,,68.06193999999999,1469:1,43436,57.998683344,5877,49.004594181,56.720202874,2020,,,0.0,60.0,68.0,0.0,68,0.1143,0.1758,0.0766,0.89,Very High Vulnerability,0.99,Very High Concern,1469,1
Madison,7.3646850044,3.0,21.09408,42.0,23.4,,397,12.785829308,2440,17.4,46.613383608,27.7354,3606:1,45445,69.34710439,14422,42.566911663,67.403395785,2020,,,0.0,107.0,120.0,0.0,176,0.1225,0.1864,0.0827,0.84,Very High Vulnerability,0.96,Very High Concern,3606,1
Marion,9.8613251156,,,37.0,34.0,,220,11.311053985,2290,22.6,35.431635318,30.21757,3309:1,38011,74.29245283,9928,51.228847703,100.0,2020,,,0.0,48.0,29.5,0.0,91,0.1276,0.1901,0.0861,0.69,High Vulnerability,0.97,Very High Concern,3309,1
Martin,8.2335329341,2.0,35.54924,35.0,19.6,,324,17.792421746,460,8.2,,34.76447,2877:1,56484,51.265822785,5753,49.40031288,100.0,2020,,,0.0,31.0,52.5,2.5,86,0.1235,0.1873,0.0822,0.42,Moderate Vulnerability,0.89,Very High Concern,2877,1
Mason,6.8965517241,,,42.0,23.4,,234,25.490196078,570,13.8,,46.72897,2140:1,49560,46.153846154,4280,49.929906542,100.0,2020,,,0.0,27.5,44.5,7.5,33,0.1235,0.1873,0.0822,0.36,Low Vulnerability,0.81,Very High Concern,2140,1
Matagorda,8.5486018642,14.0,38.00217,38.0,27.8,,1164,12.019826518,6200,16.9,43.297337313,54.71657,1828:1,48830,65.86013986,36552,49.619719851,36.417633916,2020,,,0.0,441.0,418.0,17.5,495,0.1114,0.1704,0.0738,0.91,Very High Vulnerability,0.94,Very High Concern,1828,1
Maverick,7.9604578564,15.0,25.766109999999998,26.0,35.0,5.4275880328,2420,12.774493243,5740,10.0,55.092817391,46.16568,2166:1,35594,76.292689617,58485,50.110284688,9.2557779498,2020,,,0.0,739.0,655.0,27.5,1026,0.107,0.1724,0.0705,0.97,Very High Vulnerability,1.0,Very High Concern,2166,1
McCulloch,7.654723127,4.0,50.2702,23.0,28.2,,243,13.015532941,1130,13.8,38.048048048,37.56104,2662:1,42719,66.575716235,7987,49.768373607,35.325365206,2020,,,0.0,56.0,56.5,2.5,76,0.1235,0.1873,0.0822,0.74,High Vulnerability,0.93,Very High Concern,2662,1
McLennan,8.2675546785,187.0,74.42519,49.0,23.4,6.8851099129,6105,9.5728666855,44960,18.3,41.276867876,72.26824,1384:1,48858,61.807808723,254607,51.115248206,23.351893949,2020,,,0.0,2327.0,2328.0,35.5,3199,0.1128,0.178,0.0742,0.84,Very High Vulnerability,0.88,Very High Concern,1384,1
McMullen,,0.0,0.0,28.0,15.9,,31,18.235294118,40,7.0,,133.51135,749:1,64633,21.789883268,749,45.126835781,100.0,2020,,,0.0,10.0,12.5,0.0,12,0.1146,0.1867,0.0742,0.76,High Vulnerability,0.83,Very High Concern,749,1
Medina,8.1729567608,14.0,27.963089999999998,37.0,17.9,6.1823802164,1368,11.133718564,4440,9.1,52.730520001,19.63826,5092:1,59304,58.636085091,50921,48.398499637,61.555014563,2020,,,0.0,378.0,352.0,12.5,597,0.1146,0.174,0.0756,0.67,High Vulnerability,0.95,Very High Concern,5092,1
Menard,,1.0,47.08098,27.0,40.8,,71,18.34625323,270,12.7,,46.750820000000004,2139:1,35881,72.063492063,2139,50.350631136,100.0,2020,,,0.0,17.5,27.5,0.0,14,0.1235,0.1873,0.0822,0.59,Moderate Vulnerability,0.97,Very High Concern,2139,1
Midland,8.2433114589,59.0,35.74696,42.0,13.5,5.9576691926,7145,14.548675449,16420,10.3,42.694441943,87.49667000000001,1143:1,80189,46.301894397,172578,49.528329219,12.291776258,2020,,,0.0,1985.0,1850.0,36.0,2919,0.1034,0.1564,0.067,0.47,Moderate Vulnerability,0.72,High Concern,1143,1
Milam,7.4387947269,2.0,7.98308,40.0,25.4,,754,11.91906418,4120,16.8,22.632995263,67.64554,1478:1,46720,65.911474722,25131,50.718236441,56.182089914,2020,,,0.0,209.0,217.0,12.5,295,0.1225,0.1864,0.0827,0.76,High Vulnerability,0.95,Very High Concern,1478,1
Mills,9.3425605536,2.0,40.64215,18.0,24.6,,203,19.670542636,690,14.2,,60.96322,1640:1,47068,59.022118743,4921,50.091444828,100.0,2020,,,0.0,39.0,40.0,2.5,28,0.1264,0.1929,0.0847,0.77,High Vulnerability,0.95,Very High Concern,1640,1
Mitchell,9.9270072993,4.0,47.23666,26.0,26.7,,247,13.251072961,1080,12.3,21.92063978,24.55494,4073:1,48529,55.808980756,8145,41.669736034,36.74359247,2020,,,0.0,42.0,83.0,0.0,72,0.1278,0.1901,0.086,0.62,High Vulnerability,0.97,Very High Concern,4073,1
Montague,8.141025641,6.0,30.707819999999998,26.0,20.9,,712,15.371329879,3270,16.9,,15.30925,6532:1,50542,54.915354915,19596,50.918554807,58.943151275,2020,,,0.0,153.0,159.0,2.5,210,0.1293,0.1898,0.087,0.58,Moderate Vulnerability,0.93,Very High Concern,6532,1
Montgomery,7.1694504913,354.0,62.00366,47.0,12.9,5.0282714055,17341,10.888552609,73710,13.8,38.267285974,66.67513000000001,1500:1,77598,42.256969762,590925,50.457672293,22.725597153,2020,,,0.0,5665.0,5400.0,87.5,7433,0.1086,0.1585,0.0725,0.39,Low Vulnerability,0.67,High Concern,1500,1
Moore,7.4931880109,10.0,45.25501,40.0,16.8,,1274,17.411507448,2480,11.3,50.009511128,27.92646,3581:1,53785,64.498255695,21485,48.056783803,16.814280497,2020,,,0.0,227.0,260.0,18.5,368,0.1241,0.1883,0.0824,0.7,High Vulnerability,0.88,Very High Concern,3581,1
Morris,10.309278351,2.0,16.042350000000003,43.0,31.1,,291,9.8310810811,2770,22.1,15.76101116,32.417539999999995,3085:1,41418,74.700052165,12339,51.908582543,78.421215401,2020,,,0.0,127.0,133.5,5.0,135,0.1283,0.1937,0.0866,0.73,High Vulnerability,0.97,Very High Concern,3085,1
Motley,,0.0,0.0,26.0,30.3,,39,16.455696203,170,15.6,,81.03728,1234:1,41009,76.162790698,1234,48.622366288,100.0,2020,,,0.0,15.0,12.5,0.0,12,0.1143,0.1758,0.0766,0.7,High Vulnerability,0.87,Very High Concern,1234,1
Nacogdoches,7.9009433962,46.0,70.14334000000001,48.0,25.5,3.9473684211,1854,11.841348917,14130,21.6,47.871475508,85.22165,1173:1,45357,65.008960573,65711,52.094778652,46.460231852,2020,,,0.0,492.0,505.0,12.5,790,0.125,0.1935,0.0836,0.98,Very High Vulnerability,0.9,Very High Concern,1173,1
Navarro,8.4238573478,22.0,45.17361,47.0,27.7,6.6417600664,1598,12.168748096,8270,17.1,31.799995591,48.42127,2065:1,46259,69.656887121,49565,50.947240997,52.657379281,2020,,,0.0,431.0,336.0,12.5,645,0.1248,0.188,0.085,0.97,Very High Vulnerability,0.95,Very High Concern,2065,1
Newton,8.9343379978,,,34.0,29.2,,305,10.353021045,3050,21.5,39.14630123,14.549690000000002,6873:1,43367,76.827956989,13746,48.595955187,100.0,2020,,,0.0,39.5,55.5,2.5,127,0.1428,0.2169,0.0983,0.72,High Vulnerability,0.96,Very High Concern,6873,1
Nolan,8.217270195,4.0,27.08192,33.0,26.5,,400,10.062893082,2150,14.3,47.316498841,67.79200999999999,1475:1,42522,61.59083875,14751,50.037285608,32.656414301,2020,,,0.0,167.0,143.5,2.5,202,0.1278,0.1901,0.086,0.89,Very High Vulnerability,0.96,Very High Concern,1475,1
Nueces,8.6236470101,299.0,82.77481,40.0,22.6,4.9626325584,8894,9.5181019445,41660,11.6,38.909542732,94.12999,1062:1,53034,72.641777385,362265,50.551667978,6.447241956,2020,,,0.0,3343.0,3396.0,179.0,4391,0.1011,0.1589,0.0646,0.84,Very High Vulnerability,0.89,Very High Concern,1062,1
Ochiltree,6.5853658537,4.0,39.710119999999996,33.0,15.7,,640,18.979833926,1030,9.8,65.179531284,20.106559999999998,4974:1,49845,58.138489209,9947,49.431989545,13.90981121,2020,,,0.0,81.0,147.0,7.5,125,0.1241,0.1883,0.0824,0.58,Moderate Vulnerability,0.9,Very High Concern,4974,1
Oldham,7.2289156627,,,40.0,25.4,,33,10.3125,300,14.6,,46.92633,2131:1,56590,47.222222222,2131,47.958704833,100.0,2020,,,0.0,20.0,17.5,0.0,26,0.1241,0.1883,0.0824,0.43,Moderate Vulnerability,0.72,High Concern,2131,1
Orange,9.4620133552,18.0,21.16477,43.0,20.1,8.5382948898,1773,8.0048760666,15950,19.0,74.836052417,34.70062,2882:1,56556,66.346282205,83572,50.415210836,35.171132862,2020,,,0.0,753.0,762.0,22.5,1038,0.1338,0.1949,0.0899,0.58,Moderate Vulnerability,0.86,Very High Concern,2882,1
Palo Pinto,7.8571428571,12.0,42.002100000000006,44.0,25.0,7.7639751553,915,13.093875215,4690,16.7,59.888198181,51.948049999999995,1925:1,46067,67.854799913,28875,50.701298701,50.215218242,2020,,,0.0,206.0,192.5,7.5,344,0.1134,0.1689,0.0762,0.88,Very High Vulnerability,0.93,Very High Concern,1925,1
Panola,7.7704418487,8.0,34.41896,38.0,25.9,9.9502487562,666,11.688311688,4510,19.1,31.072430937,25.92017,3858:1,51192,50.373038333,23148,50.509763262,72.718103883,2020,,,0.0,146.0,168.5,7.5,264,0.1282,0.1918,0.0871,0.7,High Vulnerability,0.92,Very High Concern,3858,1
Parker,6.7543512658,59.0,44.207010000000004,46.0,11.5,5.8893990817,3831,10.972675717,17560,13.9,61.997470481,35.41204,2824:1,73718,33.621517771,138371,50.226564815,56.084565584,2020,,,0.0,1292.0,1252.0,7.5,1636,0.1198,0.1716,0.0811,0.26,Low Vulnerability,0.68,High Concern,2824,1
Parmer,6.945681211,2.0,20.32107,31.0,19.2,,544,18.440677966,910,9.3,,111.51663,897:1,50539,74.488926746,9864,48.063665856,60.015580874,2020,,,0.0,101.5,157.0,0.0,169,0.1241,0.1883,0.0824,0.76,High Vulnerability,0.97,Very High Concern,897,1
Pecos,9.5693779904,7.0,44.77421,16.0,24.3,,537,13.716475096,1290,8.2,,82.94519,1206:1,47008,62.484510533,15673,43.137880431,39.77558522,2020,,,0.0,168.0,220.5,15.0,217,0.1166,0.1765,0.0789,0.82,Very High Vulnerability,0.98,Very High Concern,1206,1
Polk,7.0808844109,29.0,58.98865,45.0,24.7,6.4715813168,1422,13.665193158,8880,18.9,46.391874528,49.96901999999999,2001:1,46017,75.7077495,50031,46.159381184,77.638561645,2020,,,0.0,370.0,397.0,10.0,497,0.1365,0.206,0.093,0.91,Very High Vulnerability,0.97,Very High Concern,2001,1
Potter,9.6320023838,90.0,74.71484000000001,47.0,27.7,7.9912822376,4229,12.466100696,20070,16.6,47.738630094,189.72319,527:1,41912,73.617192207,119648,48.50812383,8.9962254177,2020,,,0.0,1223.0,1289.0,39.0,1582,0.1281,0.2007,0.0864,0.92,Very High Vulnerability,0.87,Very High Concern,527,1
Presidio,7.9852579853,2.0,27.948570000000004,12.0,35.2,,285,14.630390144,970,13.5,,43.17789,2316:1,37738,89.677010766,6948,48.805411629,40.470708621,2020,,,0.0,74.0,91.0,7.5,74,0.1166,0.1765,0.0789,1.0,Very High Vulnerability,0.99,Very High Concern,2316,1
Rains,7.0175438596,2.0,17.00391,38.0,23.7,,325,13.638271087,1810,16.1,1.6706594322,8.22436,12159:1,47572,61.231671554,12159,50.2919648,93.228880337,2020,,,0.0,77.5,60.0,0.0,117,0.1285,0.1874,0.0874,0.4,Moderate Vulnerability,0.89,Very High Concern,12159,1
Randall,7.7036013473,80.0,59.505210000000005,49.0,11.4,5.7708871662,2627,7.7235174786,17490,13.4,56.75468584,49.900569999999995,2004:1,69600,39.792006346,136271,50.815654101,14.375647132,2020,,,0.0,1385.0,1288.0,30.5,1602,0.1021,0.1521,0.0667,0.22,Low Vulnerability,0.6,High Concern,2004,1
Reagan,7.7951002227,2.0,53.908359999999995,19.0,13.5,,160,14.047410009,320,8.5,,53.46164,1871:1,65273,63.562281723,3741,46.511627907,13.305613306,2020,,,0.0,41.5,60.0,2.5,56,0.1235,0.1873,0.0822,0.48,Moderate Vulnerability,0.94,Very High Concern,1871,1
Real,6.8273092369,1.0,29.16302,35.0,35.6,,85,14.166666667,580,17.4,,86.25647000000001,1159:1,39506,69.636963696,3478,50.172512938,100.0,2020,,,0.0,22.5,25.0,0.0,27,0.107,0.1724,0.0705,0.72,High Vulnerability,0.93,Very High Concern,1159,1
Red River,9.8765432099,2.0,16.35457,49.0,28.6,,287,11.493792551,2480,20.1,49.590776375,24.64066,4058:1,42233,66.209829868,12175,51.441478439,75.730948678,2020,,,0.0,114.0,141.5,5.0,110,0.1283,0.1937,0.0866,0.56,Moderate Vulnerability,0.99,Very High Concern,4058,1
Reeves,8.5629188384,6.0,39.26445,28.0,21.9,,413,11.666666667,1040,7.1,50.891703119,38.22874,2616:1,45341,65.110477548,15695,38.630136986,14.496118407,2020,,,0.0,164.0,205.0,15.0,214,0.1166,0.1765,0.0789,0.78,High Vulnerability,0.98,Very High Concern,2616,1
Refugio,8.6294416244,2.0,27.68549,28.0,25.5,,191,10.790960452,940,12.9,32.78357649,42.662119999999994,2344:1,44821,70.542635659,7032,50.938566553,60.679940404,2020,,,0.0,41.5,63.5,2.5,58,0.1183,0.18,0.0772,0.94,Very High Vulnerability,0.99,Very High Concern,2344,1
Roberts,,0.0,0.0,49.0,10.2,,28,10.9375,120,13.1,,0.0,903:0,67470,21.00456621,903,50.387596899,100.0,2020,,,0.0,17.5,17.5,0.0,,0.1241,0.1883,0.0824,0.09,Very Low Vulnerability,0.67,High Concern,903,0
Robertson,9.6556380824,1.0,5.81294,41.0,25.6,,494,11.488372093,2930,17.5,39.476494824,40.49988,2469:1,44917,62.297972377,17284,50.948854432,73.853928528,2020,,,0.0,174.0,175.0,7.5,220,0.1225,0.1864,0.0827,0.75,High Vulnerability,0.93,Very High Concern,2469,1
Rockwall,7.7940348903,76.0,78.52213,51.0,6.9,4.1637751561,2413,8.5670666761,10770,11.9,35.593721911,81.46478,1228:1,102858,25.523799291,100657,50.584658792,16.035845131,2020,,,0.0,946.0,857.0,22.5,1134,0.1122,0.1653,0.0743,0.11,Very Low Vulnerability,0.51,Moderate Concern,1228,1
Runnels,6.9199457259,7.0,68.18625,37.0,23.9,,301,12.215909091,1420,13.8,48.220703638,68.39945,1462:1,42205,55.605832076,10234,49.159663866,40.758023045,2020,,,0.0,120.0,104.0,7.5,101,0.1278,0.1901,0.086,0.54,Moderate Vulnerability,0.92,Very High Concern,1462,1
Rusk,7.1994408201,11.0,20.82032,41.0,20.8,4.7978067169,1389,11.029061458,9620,18.2,20.628924531,31.2213,3203:1,49788,65.211913975,54450,46.073461892,65.872867054,2020,,,0.0,392.0,385.0,7.5,618,0.1282,0.1918,0.0871,0.8,High Vulnerability,0.94,Very High Concern,3203,1
Sabine,7.7598828697,2.0,19.11863,40.0,28.5,,300,14.713094654,2210,21.2,5.7895152467,113.32515,882:1,40641,68.575772935,10589,50.769666635,100.0,2020,,,0.0,50.0,66.5,2.5,113,0.1428,0.2169,0.0983,0.53,Moderate Vulnerability,0.93,Very High Concern,882,1
San Augustine,9.4637223975,2.0,24.233610000000002,45.0,34.3,,182,10.84624553,1970,23.5,50.749616957,48.59086,2058:1,38826,84.385665529,8232,50.777453839,100.0,2020,,,0.0,45.5,59.5,2.5,86,0.1428,0.2169,0.0983,0.89,Very High Vulnerability,0.98,Very High Concern,2058,1
San Jacinto,8.3540527101,3.0,10.61196,38.0,28.4,,866,13.680884676,5010,18.3,8.0306156533,13.92806,7180:1,47028,58.551704706,28719,50.384762701,100.0,2020,,,0.0,201.0,200.5,10.0,289,0.1365,0.206,0.093,0.69,High Vulnerability,0.89,Very High Concern,7180,1
San Patricio,8.9127594716,18.0,26.779739999999997,39.0,26.1,5.6279620853,2008,10.641229465,8280,12.4,42.279739861,50.82744,1967:1,53559,73.393985693,66893,49.692792968,19.650021604,2020,,,0.0,780.0,878.0,20.0,896,0.1183,0.18,0.0772,0.83,Very High Vulnerability,0.97,Very High Concern,1967,1
San Saba,6.0869565217,2.0,33.56268,23.0,28.0,,217,17.685411573,870,14.9,,49.55401,2018:1,43827,68.52886406,6054,45.3584407,49.355733159,2020,,,0.0,32.0,49.5,0.0,40,0.1264,0.1929,0.0847,0.73,High Vulnerability,0.97,Very High Concern,2018,1
Schleicher,5.8823529412,,,24.0,23.8,,167,19.928400955,260,8.5,,34.54231,2895:1,47317,60.0,2895,50.397236615,100.0,2020,,,0.0,25.0,32.0,0.0,23,0.1235,0.1873,0.0822,0.59,Moderate Vulnerability,0.96,Very High Concern,2895,1
Scurry,8.7729697688,9.0,52.78592,31.0,21.3,,531,11.807871915,2130,12.3,31.499128051,35.57453,2811:1,53059,55.96759115,16866,45.760702004,31.700254122,2020,,,0.0,180.0,215.5,10.0,231,0.1278,0.1901,0.086,0.7,High Vulnerability,0.95,Very High Concern,2811,1
Shackelford,7.8189300412,1.0,30.04808,45.0,20.5,,143,17.228915663,540,16.2,,30.740850000000002,3253:1,57126,48.037676609,3253,51.675376575,100.0,2020,,,0.0,40.0,22.5,0.0,37,0.1278,0.1901,0.086,0.69,High Vulnerability,0.72,High Concern,3253,1
Shelby,8.2526152654,5.0,19.59785,42.0,30.1,,910,13.102951764,5280,20.6,30.947739802,78.6844,1271:1,41961,74.401170232,25418,50.283263829,79.432568375,2020,,,0.0,191.0,195.0,12.5,295,0.1428,0.2169,0.0983,0.95,Very High Vulnerability,0.99,Very High Concern,1271,1
Sherman,7.2463768116,,,36.0,15.9,,223,25.140924464,320,10.5,,32.47808,3079:1,57052,60.997442455,3079,47.905164014,100.0,2020,,,0.0,25.0,22.5,2.5,54,0.1241,0.1883,0.0824,0.46,Moderate Vulnerability,0.87,Very High Concern,3079,1
Smith,7.7370970747,232.0,101.87637000000001,52.0,22.2,8.0059579222,6206,10.704060161,40500,18.2,38.798301938,138.56251,722:1,56848,62.402349161,230221,51.695544716,31.60780873,2020,,,0.0,1596.0,1854.0,41.5,2894,0.116,0.1766,0.0768,0.75,High Vulnerability,0.67,High Concern,722,1
Somervell,7.003257329,6.0,67.83493,45.0,14.2,,322,15.333333333,1480,17.1,,88.73114,1127:1,63929,44.123408423,9016,50.732031943,100.0,2020,,,0.0,77.0,80.0,2.5,65,0.1134,0.1689,0.0762,0.56,Moderate Vulnerability,0.71,High Concern,1127,1
Starr,8.7623707328,13.0,20.16942,25.0,45.3,3.928844265,2336,10.825841134,8190,12.9,,52.692750000000004,1898:1,30490,89.321107188,64525,51.290197598,23.705878494,2020,,,0.0,635.0,564.0,20.0,1115,0.1146,0.1867,0.0742,0.98,Very High Vulnerability,1.0,Very High Concern,1898,1
Stephens,8.3682008368,3.0,32.13023,32.0,30.4,,328,15.746519443,1560,16.6,35.002988643,106.01080999999999,943:1,43115,63.091272485,9433,47.100604262,39.366562825,2020,,,0.0,64.5,94.5,7.5,111,0.1278,0.1901,0.086,0.88,Very High Vulnerability,0.86,Very High Concern,943,1
Sterling,,0.0,0.0,38.0,17.3,,67,18.108108108,130,11.5,,152.5553,656:1,59064,39.735099338,1311,49.046529367,100.0,2020,,,0.0,22.5,22.5,0.0,18,0.1235,0.1873,0.0822,0.41,Moderate Vulnerability,0.8,Very High Concern,656,1
Stonewall,,1.0,72.04611,12.0,17.8,,62,19.076923077,160,14.3,,440.52863,227:1,46915,44.49339207,1362,51.174743025,100.0,2020,,,0.0,17.5,20.0,0.0,,0.1278,0.1901,0.086,0.32,Low Vulnerability,0.79,High Concern,227,1
Sutton,8.0428954424,3.0,79.63897,41.0,22.6,,127,13.10629515,310,8.0,,133.04949000000002,752:1,54774,58.384332925,3758,48.908994146,18.798449612,2020,,,0.0,30.0,41.0,5.0,35,0.1235,0.1873,0.0822,0.6,High Vulnerability,0.94,Very High Concern,752,1
Swisher,7.9147640791,1.0,13.306719999999999,23.0,29.2,,225,11.491317671,1140,15.1,33.296664058,40.2037,2487:1,43084,71.809169765,7462,46.730099169,37.573211103,2020,,,0.0,55.5,71.0,0.0,78,0.1241,0.1883,0.0824,0.97,Very High Vulnerability,1.0,Very High Concern,2487,1
Tarrant,8.344893005,1196.0,58.21439,49.0,16.8,6.5634381737,63361,11.141512204,316980,16.0,47.514770115,80.53023999999999,1242:1,66059,54.704259724,2084931,51.072865241,1.2882013273,2020,,,0.0,15975.0,15465.0,549.0,26640,0.1069,0.1641,0.0701,0.55,Moderate Vulnerability,0.73,High Concern,1242,1
Taylor,8.8202790441,97.0,71.17177,44.0,22.1,5.5920592758,2928,8.3908869466,22660,16.7,38.819381445,143.12699999999998,699:1,48040,60.007380982,137640,51.158093577,16.033488966,2020,,,0.0,1610.0,1421.0,30.5,1933,0.1178,0.1846,0.0776,0.69,High Vulnerability,0.78,High Concern,699,1
Terrell,,0.0,0.0,16.0,22.8,,45,24.590163934,90,12.2,,121.50667999999999,823:1,41413,49.305555556,823,48.845686513,100.0,2020,,,0.0,0.0,12.5,0.0,,0.1166,0.1765,0.0789,0.47,Moderate Vulnerability,0.91,Very High Concern,823,1
Terry,9.941089838,4.0,31.458910000000003,41.0,32.6,,487,13.683618994,1460,11.4,22.639019793,48.8321,2048:1,41268,77.688057799,12287,47.774070155,24.669986562,2020,,,0.0,122.0,152.0,7.5,165,0.1143,0.1758,0.0766,0.99,Very High Vulnerability,0.99,Very High Concern,2048,1
Throckmorton,,1.0,65.48787999999999,18.0,24.3,,74,21.958456973,260,16.8,,66.00659999999999,1515:1,42701,62.0,1515,53.267326733,100.0,2020,,,0.0,12.5,17.5,0.0,18,0.1278,0.1901,0.086,0.27,Low Vulnerability,0.85,Very High Concern,1515,1
Titus,6.7123678949,18.0,54.704600000000006,41.0,29.7,,1392,14.288647095,4990,15.3,31.023090181,96.87282,1032:1,45604,68.670796959,33033,51.000514637,50.556689553,2020,,,0.0,376.0,479.0,15.0,426,0.1283,0.1937,0.0866,0.89,Very High Vulnerability,0.92,Very High Concern,1032,1
Tom Green,8.1738183798,78.0,66.09105,48.0,23.7,4.9827867367,3289,11.286116258,15270,13.1,43.541154689,94.76347,1055:1,51393,52.343710325,118189,50.279636853,15.64087676,2020,,,0.0,1182.0,1164.0,12.5,1481,0.1078,0.1675,0.0704,0.66,High Vulnerability,0.89,Very High Concern,1055,1
Travis,7.6838142128,1043.0,85.025,49.0,15.2,3.9928704982,25454,9.0035088712,171740,14.6,44.997651997,92.89341,1077:1,76255,48.171145926,1248743,49.447884793,5.463522171,2020,,,0.0,9168.0,8513.0,402.0,15161,0.0916,0.1391,0.0588,0.38,Low Vulnerability,0.69,High Concern,1077,1
Trinity,7.3422957601,2.0,13.636050000000001,37.0,30.3,,336,11.129513084,2800,19.3,46.539367438,61.058339999999994,1638:1,40486,68.199398367,14740,51.797829037,77.236887213,2020,,,0.0,66.0,101.5,5.0,126,0.1365,0.206,0.093,0.8,Very High Vulnerability,0.97,Very High Concern,1638,1
Tyler,8.8315217391,5.0,23.21371,31.0,26.4,,397,9.2627158189,4150,19.3,39.321490009,36.87316,2712:1,44041,63.814904493,21696,46.105272861,78.131030047,2020,,,0.0,136.0,147.0,10.0,201,0.1428,0.2169,0.0983,0.88,Very High Vulnerability,0.98,Very High Concern,2712,1
Upshur,7.4209245742,12.0,29.06906,43.0,21.1,9.9099099099,1064,10.385553929,7270,17.9,31.22438478,12.11827,8252:1,48554,59.480025365,41260,50.588948134,79.299905874,2020,,,0.0,260.0,327.0,0.0,489,0.1276,0.1901,0.0861,0.59,Moderate Vulnerability,0.88,Very High Concern,8252,1
Upton,9.4488188976,2.0,54.60005,20.0,20.2,,193,17.232142857,430,12.1,30.057789124,108.96213999999999,918:1,53867,57.341040462,3671,48.760555707,100.0,2020,,,0.0,34.5,40.0,7.5,40,0.1235,0.1873,0.0822,0.65,High Vulnerability,0.96,Very High Concern,918,1
Uvalde,7.1071428571,12.0,44.22822,32.0,35.0,,882,11.54752553,2430,9.0,,59.5992,1678:1,39725,65.834238147,26846,50.797139239,31.384207536,2020,,,0.15625,277.5,258.5,5.0,386,0.107,0.1724,0.0705,0.95,Very High Vulnerability,0.98,Very High Concern,1678,1
Val Verde,6.4690026954,14.0,28.45239,25.0,28.9,3.2976092333,1588,10.958525982,4580,9.3,59.153051434,65.03008,1538:1,44276,72.558181328,49208,48.878231182,10.157736451,2020,,,3.267857142857143,397.0,470.5,12.5,732,0.107,0.1724,0.0705,0.97,Very High Vulnerability,0.99,Very High Concern,1538,1
Van Zandt,6.7780654272,10.0,18.121850000000002,40.0,20.8,6.679389313,1884,14.12505623,8690,16.2,40.080845273,26.77663,3735:1,51152,53.309147956,56019,51.154072725,75.018543525,2020,,,0.21052631578947367,415.0,484.5,7.5,575,0.1285,0.1874,0.0874,0.56,Moderate Vulnerability,0.89,Very High Concern,3735,1
Victoria,8.0605655756,72.0,78.18948,48.0,21.4,5.5011552426,2923,12.01446833,11820,12.9,32.859626713,94.52926000000001,1058:1,51646,67.742143641,92035,51.003422611,26.626571267,2020,,,0.9836956521739131,1011.5,1135.0,38.75,1166,0.1065,0.1663,0.0699,0.78,High Vulnerability,0.9,Very High Concern,1058,1
Walker,7.9144871503,20.0,27.683580000000003,42.0,28.3,,1234,10.977671026,15950,22.5,18.26365771,49.668870000000005,2013:1,43681,49.175824176,72480,41.799116998,45.582882657,2020,,,0.6176470588235294,369.0,302.5,15.0,640,0.1365,0.206,0.093,0.7,High Vulnerability,0.9,Very High Concern,2013,1
Waller,7.7939835916,6.0,11.69431,43.0,19.9,5.730002292,1762,13.705662726,8770,18.1,38.100103891,1.88232,53126:1,59807,71.279861204,53126,50.152467718,61.641013772,2020,,,1.826086956521739,491.0,435.0,17.5,689,0.1114,0.1704,0.0738,0.83,Very High Vulnerability,0.9,Very High Concern,53126,1
Ward,9.9845201238,3.0,26.15063,19.0,17.7,,466,13.641686183,1160,10.1,20.527967891,76.79181,1302:1,53621,51.606425703,11720,49.675767918,27.88515669,2020,,,0.475,119.0,132.75,7.5,183,0.1166,0.1765,0.0789,0.65,High Vulnerability,0.96,Very High Concern,1302,1
Washington,7.9422382671,21.0,59.92638,41.0,19.5,,993,12.750385208,5850,16.9,28.88573044,59.815430000000006,1672:1,54332,54.079211535,35108,50.922866583,53.490717124,2020,,,0.2631578947368421,253.5,293.0,15.0,365,0.1225,0.1864,0.0827,0.73,High Vulnerability,0.86,Very High Concern,1672,1
Webb,8.0857228767,89.0,32.3879,35.0,34.6,4.9619847939,10498,11.269994632,25250,9.4,69.444092382,50.37875,1985:1,44919,82.325494588,275910,50.866949368,2.5996388392,2020,,,26.947916666666668,3143.5,2826.0,54.75,4344,0.1039,0.1663,0.0674,0.95,Very High Vulnerability,0.99,Very High Concern,1985,1
Wharton,9.4440213252,16.0,38.12429,36.0,26.0,8.0561330561,1539,13.646036531,6250,15.1,38.523797679,67.27696,1486:1,48040,65.348309236,41619,50.743650736,49.895833333,2020,,,0.7619047619047619,793.5,753.0,15.0,543,0.1114,0.1704,0.0738,0.88,Very High Vulnerability,0.96,Very High Concern,1486,1
Wheeler,6.8311195446,2.0,37.32736,36.0,20.9,,257,18.085855032,910,16.3,54.530271399,57.79233000000001,1730:1,48018,50.900900901,5191,49.662878058,100.0,2020,,,0.14705882352941177,307.5,156.5,5.0,45,0.1241,0.1883,0.0824,0.7,High Vulnerability,0.91,Very High Concern,1730,1
Wichita,8.2245649264,95.0,71.9697,44.0,22.4,7.7178423237,2833,9.252727154,24410,18.5,42.662719612,112.82409000000001,886:1,47477,61.217079783,132064,48.254634117,10.666920152,2020,,,1.06,1181.5,1244.0,25.0,1534,0.1296,0.2018,0.0855,0.82,Very High Vulnerability,0.83,Very High Concern,886,1
Wilbarger,8.5237258348,6.0,47.00721,49.0,23.6,,374,12.790697674,2140,16.5,24.839368965,54.60218,1831:1,44735,60.43814433,12820,50.483619345,21.891392686,2020,,,0.2647058823529412,116.5,160.5,10.0,134,0.1293,0.1898,0.087,0.91,Very High Vulnerability,0.93,Very High Concern,1831,1
Willacy,8.6486486486,8.0,37.06449,53.0,44.5,,461,8.884178069,3070,14.1,,60.422959999999996,1655:1,33171,82.95059151,21515,44.722286777,34.57576579,2020,,,0.18421052631578946,168.0,237.5,59.0,226,0.0992,0.1603,0.0642,0.99,Very High Vulnerability,0.98,Very High Concern,1655,1
Williamson,7.3943110355,376.0,68.67015,52.0,7.9,4.4526161889,10395,6.8602993585,63750,12.5,34.644574855,67.75845,1476:1,87817,29.369333598,566719,50.755665506,11.98994982,2020,,,22.264705882352942,4511.5,4164.0,83.0,6863,0.0946,0.1402,0.061,0.2,Low Vulnerability,0.58,Moderate Concern,1476,1
Wilson,7.1641791045,24.0,48.677589999999995,37.0,14.6,,1446,11.342955758,4530,9.6,34.935734138,43.80376,2283:1,71207,40.26446281,50224,49.874561962,85.861410131,2020,,,1.1458333333333333,388.0,422.5,10.0,512,0.1134,0.1709,0.0762,0.44,Moderate Vulnerability,0.78,High Concern,2283,1
Winkler,7.4324324324,2.0,26.40613,17.0,20.1,,288,12.462137603,820,10.5,32.160107343,38.860099999999996,2573:1,56781,60.259179266,7720,48.691709845,18.129395218,2020,,,0.5083333333333333,109.25,86.25,7.5,98,0.1166,0.1765,0.0789,0.65,High Vulnerability,0.99,Very High Concern,2573,1
Wise,6.3923585599,27.0,40.79721,48.0,14.1,6.7877453678,2900,16.815493448,9150,14.5,59.833848709,70.27304,1423:1,66387,46.325243976,68305,49.990483859,72.107497421,2020,,,0.8653846153846154,579.5,624.5,22.5,771,0.1293,0.1898,0.087,0.58,Moderate Vulnerability,0.81,Very High Concern,1423,1
Wood,6.2521830248,21.0,47.38909,40.0,24.9,,1194,13.405186932,7220,16.7,61.570877077,68.69197000000001,1456:1,48384,58.102893891,45129,50.395532806,74.199313697,2020,,,0.18421052631578946,240.5,274.0,20.0,362,0.1285,0.1874,0.0874,0.63,High Vulnerability,0.87,Very High Concern,1456,1
Yoakum,6.3506261181,3.0,35.01401,17.0,16.3,,498,16.739495798,610,7.2,,46.56035,2148:1,61560,56.434253627,8591,48.958212082,37.327071963,2020,,,0.038461538461538464,85.5,64.5,10.0,143,0.1143,0.1758,0.0766,0.49,Moderate Vulnerability,0.93,Very High Concern,2148,1
Young,4.7433398311,12.0,66.74454,38.0,20.4,,719,15.977777778,2820,15.5,49.227356402,55.417010000000005,1805:1,49301,56.629417095,18045,50.473815461,33.568733154,2020,,,0.6111111111111112,180.0,182.0,7.5,196,0.1293,0.1898,0.087,0.55,Moderate Vulnerability,0.84,Very High Concern,1805,1
Zapata,8.5869565217,1.0,6.982270000000001,32.0,49.1,,595,12.329050974,1620,11.2,,21.141650000000002,4730:1,33160,83.300198807,14190,50.084566596,23.534027679,2020,,,0.2,151.0,131.0,12.5,207,0.1146,0.1867,0.0742,0.99,Very High Vulnerability,1.0,Very High Concern,4730,1
Zavala,8.8482074752,2.0,16.7392,26.0,44.5,,277,7.7940348903,1730,14.3,,75.1064,1331:1,30076,79.671618452,11983,49.420011683,38.032028775,2020,,,0.0,66.5,40.5,2.5,145,0.107,0.1724,0.0705,1.0,Very High Vulnerability,1.0,Very High Concern,1331,1
Anderson,,19.0,32.72646,44.0,23.8,,1293,11.28370713,8800,15.2,42.574682123,60.621809999999996,1650:1,48461,62.569370646,57735,38.557201005,67.063532793,2021,67.943874798,19.017926734,0.0,384.0,449.0,12.5,561,0.1398,0.2105,0.0948,0.79,High Vulnerability,0.95,Very High Concern,1650,1
Andrews,,9.0,49.64695,24.0,12.7,,784,13.452299245,1800,10.1,,58.80781,1700:1,74918,40.912248206,18705,48.847901631,16.502096578,2021,86.183384174,31.02379043,0.0,255.0,375.0,23.5,273,0.1166,0.1765,0.0789,0.47,Moderate Vulnerability,0.88,Very High Concern,1700,1
Angelina,,51.0,58.558769999999996,49.0,22.6,6.5789473684,2670,11.637029289,15640,17.9,38.343168513,88.79663000000001,1126:1,51750,67.965116279,86715,51.158392435,43.082366228,2021,82.274850975,25.436199043,0.0,930.0,1066.0,20.0,1114,0.125,0.1935,0.0836,0.98,Very High Vulnerability,0.89,Very High Concern,1126,1
Aransas,,9.0,37.82784,49.0,32.1,,668,15.455807497,4560,18.4,61.813483728,55.29562,1808:1,53085,67.161541181,23510,50.518928116,27.260557907,2021,81.755341433,17.732879626,0.0,144.0,206.0,15.0,223,0.1183,0.18,0.0772,0.8,Very High Vulnerability,0.85,Very High Concern,1808,1
Archer,,,,47.0,12.8,,233,11.626746507,1160,13.2,,,,63731,33.231083845,8553,51.058108266,88.988292467,2021,75.405561993,21.547994856,0.0,65.5,117.5,0.0,80,0.1293,0.1898,0.087,0.09,Very Low Vulnerability,0.8,Very High Concern,,
Armstrong,,0.0,0.0,27.0,16.7,,60,12.987012987,230,12.1,,52.994170000000004,1887:1,64424,40.668523677,1887,51.086380498,100.0,2021,81.556195965,22.575516693,0.0,27.5,25.0,0.0,22,0.1241,0.1883,0.0824,0.16,Very Low Vulnerability,0.56,Moderate Concern,1887,1
Atascosa,,11.0,21.86444,36.0,19.0,4.4369321783,1607,11.280359399,6170,12.6,,46.91807,2131:1,57309,66.194084576,51153,50.200379254,60.711184342,2021,80.219992281,27.189021172,0.0,572.0,664.0,20.0,601,0.1146,0.174,0.0756,0.85,Very High Vulnerability,0.95,Very High Concern,2131,1
Austin,,5.0,16.67278,41.0,17.0,,894,12.0209762,3890,13.1,19.282058084,56.606289999999994,1767:1,68311,55.517490083,30032,50.283031433,66.344089805,2021,74.250066366,23.841236015,0.0,271.0,304.0,12.5,365,0.1114,0.1704,0.0738,0.49,Moderate Vulnerability,0.82,Very High Concern,1767,1
Bailey,,2.0,28.461650000000002,42.0,25.8,,397,17.581930912,920,13.0,,85.71428999999999,1167:1,46174,85.815102329,7000,49.771428571,28.750872296,2021,70.545277507,30.771428571,0.0,99.0,148.5,21.0,106,0.1143,0.1758,0.0766,0.8,Very High Vulnerability,0.96,Very High Concern,1167,1
Bandera,,5.0,21.90676,42.0,23.6,,579,14.884318766,3390,15.6,,47.59432,2101:1,59604,54.409448819,23112,50.36344756,100.0,2021,81.819264198,16.471962617,0.0,99.5,134.5,2.5,187,0.1146,0.174,0.0756,0.51,Moderate Vulnerability,0.77,High Concern,2101,1
Bastrop,,24.0,27.59382,43.0,23.8,4.5567522784,3089,13.420515271,10220,12.4,34.598673152,39.44862,2535:1,62627,70.670550244,88723,49.154108856,63.85244907,2021,80.403582183,25.367717503,0.0,1131.0,1324.0,47.0,1283,0.124,0.188,0.0827,0.75,High Vulnerability,0.85,Very High Concern,2535,1
Baylor,,5.0,139.58682000000002,21.0,24.5,,104,12.220916569,580,16.1,,56.996300000000005,1755:1,41539,58.075601375,3509,51.439156455,100.0,2021,74.705882353,22.855514392,0.0,31.0,37.5,2.5,32,0.1293,0.1898,0.087,0.16,Very Low Vulnerability,0.78,High Concern,1755,1
Bee,,7.0,21.48096,31.0,27.8,7.7730275942,651,9.2616303884,5630,17.2,37.6674511,55.27407,1809:1,44171,80.326331583,32565,39.121756487,42.97730768,2021,62.933849317,20.951942269,0.0,236.0,259.0,10.0,296,0.1183,0.18,0.0772,0.97,Very High Vulnerability,0.99,Very High Concern,1809,1
Bell,,280.0,78.73086,38.0,18.4,6.3845100179,6828,6.7389780993,55500,16.2,41.270733444,178.54978,560:1,54831,58.75884078,362924,50.321279386,15.186229794,2021,84.993764722,27.551773925,0.0,3310.0,3747.0,92.5,6122,0.1244,0.1993,0.0815,0.81,Very High Vulnerability,0.83,Very High Concern,560,1
Bexar,,1507.0,75.8793,40.0,22.4,6.2724667882,44973,8.540323132,271790,14.1,43.283748495,105.96171,944:1,58956,63.057328341,2003554,50.598286844,4.5390847652,2021,81.274823378,25.277082624,0.0,16677.0,20731.0,1589.0,25569,0.1005,0.1587,0.0641,0.83,Very High Vulnerability,0.87,Very High Concern,944,1
Blanco,,3.0,25.636639999999996,44.0,14.7,,406,17.893345086,1480,13.1,,41.90764,2386:1,68404,42.925948224,11931,50.12991367,100.0,2021,85.263642643,17.768837482,0.0,50.5,57.0,5.0,86,0.1008,0.1475,0.0669,0.28,Low Vulnerability,0.68,High Concern,2386,1
Borden,,0.0,0.0,19.0,15.4,,13,9.4890510949,90,13.3,,0.0,654:0,71926,24.299065421,654,48.470948012,100.0,2021,79.735682819,19.877675841,0.0,2.5,5.0,0.0,,0.1235,0.1873,0.0822,0.06,Very Low Vulnerability,0.72,High Concern,654,0
Bosque,,11.0,58.85185,31.0,19.7,,652,15.542312277,2820,15.6,36.30021194,42.81509,2336:1,55179,65.042868277,18685,50.56462403,81.215681968,2021,74.70531133,21.032914102,0.0,131.5,142.0,5.0,190,0.1248,0.188,0.085,0.62,High Vulnerability,0.89,Very High Concern,2336,1
Bowie,,66.0,69.97159,46.0,23.3,8.5714285714,2031,8.8296669855,16460,17.5,45.387928283,169.44608,590:1,51207,62.333314735,93245,49.9458416,35.424836601,2021,72.399929569,23.573381951,0.0,487.0,635.0,26.0,1060,0.1356,0.2056,0.0926,0.85,Very High Vulnerability,0.86,Very High Concern,590,1
Brazoria,,233.0,62.93895,45.0,11.1,4.4955193665,11001,10.702298839,43600,12.3,43.197193302,64.92743,1540:1,83704,48.140862508,374264,49.486725947,22.52862699,2021,87.128362532,26.10991172,0.0,3675.0,4297.0,147.0,4669,0.1074,0.1608,0.071,0.51,Moderate Vulnerability,0.69,High Concern,1540,1
Brazos,,196.0,86.43576,55.0,19.4,4.9220247656,5375,11.078819359,33200,15.1,34.174423233,66.31444,1508:1,54471,57.73401551,229211,49.642469166,12.063576784,2021,81.893164761,20.629899961,0.0,1831.0,2426.0,93.5,2732,0.1055,0.1682,0.0691,0.65,High Vulnerability,0.81,Very High Concern,1508,1
Brewster,,7.0,75.53685,13.0,19.8,,211,11.580680571,1410,15.2,,86.92818,1150:1,48581,51.817413356,9203,49.049223079,34.867850953,2021,76.54109589,18.254916875,0.0,36.5,75.5,5.0,83,0.1166,0.1765,0.0789,0.66,High Vulnerability,0.84,Very High Concern,1150,1
Briscoe,,0.0,0.0,30.0,24.6,,61,20.132013201,220,14.3,,64.68305,1546:1,44259,58.980582524,1546,50.258732212,100.0,2021,70.930232558,19.534282018,0.0,22.5,20.0,2.5,10,0.1241,0.1883,0.0824,0.46,Moderate Vulnerability,0.95,Very High Concern,1546,1
Brooks,,,,40.0,44.4,,149,7.3003429691,1550,21.6,,28.19681,3547:1,31410,81.18622449,7093,49.020160722,31.759656652,2021,60.70754717,27.491893416,0.0,64.5,90.5,5.0,97,0.0992,0.1603,0.0642,1.0,Very High Vulnerability,0.99,Very High Concern,3547,1
Brown,,22.0,58.010760000000005,44.0,21.8,7.8459343795,850,9.8733883146,5590,14.8,44.611196504,79.23093,1262:1,56040,62.861759953,37864,50.528206212,40.40046187,2021,75.848428066,21.579864779,0.0,294.0,382.0,17.5,431,0.1278,0.1901,0.086,0.63,High Vulnerability,0.72,High Concern,1262,1
Burleson,,7.0,38.06624,40.0,21.8,,559,13.146754468,2540,14.2,13.293232691,43.376889999999996,2305:1,61745,62.624821683,18443,50.637098086,76.65677547,2021,73.054331865,21.775199263,0.0,162.0,220.0,12.5,201,0.1225,0.1864,0.0827,0.61,High Vulnerability,0.83,Very High Concern,2305,1
Burnet,,21.0,44.17147,47.0,16.3,,1426,13.431289441,6400,14.0,54.484326387,62.298829999999995,1605:1,62827,62.722527105,48155,50.993666286,55.67251462,2021,78.605984591,21.065309937,0.0,360.0,411.0,26.0,499,0.1264,0.1929,0.0847,0.53,Moderate Vulnerability,0.7,High Concern,1605,1
Caldwell,,12.0,27.74759,42.0,20.5,,1266,11.829564567,6020,14.6,41.477267721,48.09454,2079:1,55301,72.300351582,43664,49.548827409,42.292334367,2021,69.762258544,23.24798461,0.0,506.0,538.0,30.5,633,0.124,0.188,0.0827,0.87,Very High Vulnerability,0.97,Very High Concern,2079,1
Calhoun,,11.0,51.01804,31.0,22.6,,611,11.227489893,3170,14.5,16.139395589,65.75857,1521:1,55909,67.264690588,21290,48.661343354,44.731303494,2021,78.818253759,23.936120244,0.0,231.0,252.0,12.5,218,0.1065,0.1663,0.0699,0.86,Very High Vulnerability,0.88,Very High Concern,1521,1
Callahan,,1.0,7.145919999999999,40.0,18.7,,361,11.056661562,2140,15.5,,57.37646,1743:1,50812,53.989678444,13943,50.405221258,72.179562906,2021,71.380659586,21.896292046,0.0,114.0,137.0,0.0,135,0.1278,0.1901,0.086,0.3,Low Vulnerability,0.8,High Concern,1743,1
Cameron,,208.0,49.06725,42.0,36.3,5.0773942895,18505,14.075454476,75130,17.8,70.459128341,75.14835000000001,1331:1,40893,84.894811994,423163,51.249045876,8.4208064596,2021,57.488062277,29.905261093,0.0,4857.0,6117.0,3715.0,5738,0.105,0.1701,0.0683,0.98,Very High Vulnerability,0.98,Very High Concern,1331,1
Camp,,11.0,84.40114,35.0,26.1,,405,11.3988179,2250,17.5,24.782628792,15.274169999999998,6547:1,47091,77.886247878,13094,51.412860852,61.478912991,2021,65.363735071,26.332671453,0.0,143.0,155.0,10.0,189,0.1285,0.1874,0.0874,0.9,Very High Vulnerability,0.98,Very High Concern,6547,1
Carson,,,,45.0,11.0,,186,12.117263844,670,11.2,,101.24873,988:1,69760,33.278553821,5926,49.679379008,95.195729537,2021,76.311188811,23.388457644,0.0,33.5,53.0,0.0,64,0.1241,0.1883,0.0824,0.03,Very Low Vulnerability,0.6,High Concern,988,1
Cass,,7.0,23.241139999999998,37.0,23.6,,698,9.9189995737,5650,18.8,32.835286643,46.62626,2145:1,44529,64.090497738,30026,51.66855392,74.011948529,2021,69.331322272,22.190768001,0.0,154.0,180.5,0.0,346,0.1356,0.2056,0.0926,0.78,High Vulnerability,0.98,Very High Concern,2145,1
Castro,,1.0,13.04631,28.0,22.7,,357,15.923282783,1010,12.9,20.097843236,39.84064,2510:1,51736,68.76841485,7530,48.698539177,45.757876457,2021,68.641390205,28.671978752,0.0,78.0,112.0,7.5,110,0.1241,0.1883,0.0824,0.78,High Vulnerability,0.99,Very High Concern,2510,1
Chambers,,6.0,14.13294,33.0,11.9,,1245,9.8966613672,5610,13.9,16.40757393,61.591809999999995,1624:1,93351,33.73650108,43837,49.533499099,45.720310007,2021,84.291705167,27.784748044,0.0,520.0,641.0,20.5,588,0.1377,0.2028,0.0929,0.41,Moderate Vulnerability,0.79,High Concern,1624,1
Cherokee,,20.0,38.028600000000004,43.0,22.7,7.9135302065,1755,12.790612929,8350,16.1,37.108729714,45.58751,2194:1,46576,66.433566434,52646,49.048360749,63.048480677,2021,72.907707575,25.314363864,0.0,525.0,632.0,30.5,676,0.1282,0.1918,0.0871,0.92,Very High Vulnerability,0.94,Very High Concern,2194,1
Childress,,10.0,137.15540000000001,26.0,25.9,,180,12.203389831,1140,15.7,16.616654164,123.18641999999998,812:1,44095,59.124087591,7306,38.748973446,33.148700469,2021,73.24470295,18.998083767,0.0,41.5,68.0,2.5,67,0.1241,0.1883,0.0824,0.75,High Vulnerability,0.92,Very High Concern,812,1
Clay,,4.0,38.25555,49.0,16.0,,291,13.197278912,1600,15.4,,19.100369999999998,5236:1,59983,50.455373406,10471,50.052526024,74.600074405,2021,75.322777101,19.749785121,0.0,96.0,104.0,0.0,101,0.1293,0.1898,0.087,0.32,Low Vulnerability,0.68,High Concern,5236,1
Cochran,,1.0,35.260929999999995,22.0,30.1,,121,15.67357513,480,16.5,,35.05082,2853:1,43742,71.018651363,2853,49.281458114,100.0,2021,66.032064128,26.813880126,0.0,30.0,37.5,5.0,48,0.1143,0.1758,0.0766,0.86,Very High Vulnerability,0.99,Very High Concern,2853,1
Coke,,,,48.0,17.9,,92,12.185430464,520,15.8,,0.0,3387:0,48435,53.281853282,3387,49.95571302,100.0,2021,68.734793187,20.932979037,0.0,30.0,27.5,0.0,35,0.1235,0.1873,0.0822,0.62,High Vulnerability,0.91,Very High Concern,3387,0
Coleman,,5.0,59.545080000000006,26.0,30.4,,263,14.270211612,1430,17.0,15.063375584,61.162079999999996,1635:1,44834,67.420109119,8175,49.100917431,51.545812254,2021,70.931931055,20.318042813,0.0,69.0,59.0,5.0,89,0.1278,0.1901,0.086,0.42,Moderate Vulnerability,0.94,Very High Concern,1635,1
Collin,,1019.0,101.37830999999998,57.0,6.8,4.3008808411,23223,8.3576256181,105240,11.1,26.62046639,76.15513,1313:1,96847,25.5217787,1034730,50.754689629,5.2427266371,2021,92.76328324,25.636542866,0.0,6771.0,7952.0,758.0,12190,0.083,0.1234,0.0542,0.15,Very Low Vulnerability,0.49,Moderate Concern,1313,1
Collingsworth,,1.0,33.76097,12.0,35.8,,166,20.570012392,430,14.5,,102.73973000000001,973:1,40314,66.211604096,2920,51.02739726,100.0,2021,69.371980676,25.0,0.0,18.5,30.0,2.5,33,0.1241,0.1883,0.0824,0.89,Very High Vulnerability,0.98,Very High Concern,973,1
Colorado,,10.0,47.132020000000004,34.0,20.9,12.311135982,740,14.6883684,2730,13.0,19.804990809,32.56874,3070:1,55607,67.532104969,21493,49.644070162,62.613777906,2021,71.758389262,22.984227423,0.0,196.0,228.0,10.0,269,0.1114,0.1704,0.0738,0.68,High Vulnerability,0.93,Very High Concern,3070,1
Comal,,96.0,64.70179999999999,45.0,9.4,5.3933420123,3700,10.416666667,16480,12.2,42.16777542,66.57746999999999,1502:1,87976,33.464007072,156209,50.495169933,46.145549082,2021,89.193451048,22.484619964,0.0,1405.0,1535.0,38.5,1773,0.0937,0.1369,0.0619,0.24,Low Vulnerability,0.64,High Concern,1502,1
Comanche,,6.0,44.33279,28.0,22.1,,529,16.938840858,2130,15.8,39.098941336,73.34067,1364:1,54122,67.012448133,13635,50.172350568,71.461285244,2021,72.553307818,22.141547488,0.0,137.0,170.0,10.0,176,0.1278,0.1901,0.086,0.73,High Vulnerability,0.92,Very High Concern,1364,1
Concho,,1.0,23.38634,45.0,27.0,,78,14.800759013,440,10.3,,110.05136,909:1,43321,70.0,2726,46.845194424,100.0,2021,75.109649123,18.231841526,0.0,25.0,31.0,0.0,25,0.1235,0.1873,0.0822,0.43,Moderate Vulnerability,0.96,Very High Concern,909,1
Cooke,,13.0,32.04022,43.0,18.4,,1123,11.456845542,5860,14.8,59.170678606,77.5626,1289:1,61186,57.587768969,41257,50.127251133,59.03426386,2021,76.216533125,23.620234142,0.0,429.0,572.0,20.0,541,0.1317,0.1945,0.0881,0.62,High Vulnerability,0.85,Very High Concern,1289,1
Coryell,,16.0,21.38809,31.0,15.7,7.1537290715,1359,7.7737101018,12530,16.6,36.554900422,50.032259999999994,1999:1,53083,56.05972087,75951,50.196837435,19.423515679,2021,85.745004928,22.582981133,0.0,540.0,613.0,28.0,970,0.1264,0.1929,0.0847,0.78,High Vulnerability,0.82,Very High Concern,1999,1
Cottle,,0.0,0.0,18.0,32.5,,58,17.901234568,350,21.8,,0.0,1398:0,40449,64.215686275,1398,51.287553648,100.0,2021,65.629420085,22.961373391,0.0,12.5,17.5,0.0,11,0.1293,0.1898,0.087,0.94,Very High Vulnerability,1.0,Very High Concern,1398,0
Crane,,1.0,20.85941,22.0,13.6,,194,13.07277628,420,8.6,,20.84636,4797:1,68626,52.736750652,4797,49.593495935,10.697142857,2021,66.220971147,28.913904524,0.0,64.5,89.0,10.0,62,0.1166,0.1765,0.0789,0.47,Moderate Vulnerability,0.93,Very High Concern,4797,1
Crockett,,1.0,28.579590000000003,22.0,19.3,,116,13.019079686,480,13.2,,28.868360000000003,3464:1,54165,53.281853282,3464,49.826789838,22.748050551,2021,69.497784343,24.826789838,0.0,27.5,42.0,7.5,53,0.1235,0.1873,0.0822,0.69,High Vulnerability,0.9,Very High Concern,3464,1
Crosby,,2.0,34.60806,42.0,33.6,,175,11.075949367,980,16.8,23.549883087,52.29214,1912:1,38871,81.439722463,5737,50.374760328,100.0,2021,68.898592916,26.05891581,0.0,46.0,61.5,2.5,67,0.1143,0.1758,0.0766,0.94,Very High Vulnerability,0.99,Very High Concern,1912,1
Culberson,,,,15.0,30.6,,76,14.757281553,430,19.3,,92.12345,1086:1,44462,77.777777778,2171,50.115154307,100.0,2021,55.517241379,22.385997236,0.0,22.5,40.0,0.0,31,0.1166,0.1765,0.0789,1.0,Very High Vulnerability,1.0,Very High Concern,1086,1
Dallam,,4.0,55.55556,28.0,17.4,,477,20.358514725,940,13.0,,164.67682,607:1,55793,64.022140221,7287,47.358309318,23.541697747,2021,74.534686971,31.906134212,0.0,95.5,156.0,17.5,178,0.1241,0.1883,0.0824,0.55,Moderate Vulnerability,0.92,Very High Concern,607,1
Dallas,,1834.0,69.52837,52.0,20.9,6.433806928,102076,14.385350269,391670,15.1,49.080078898,113.82969999999999,879:1,61807,72.919592161,2635516,50.667155881,0.6883041916,2021,81.096278199,25.814906834,0.0,22083.0,30076.0,2952.0,35541,0.1078,0.1697,0.0704,0.75,High Vulnerability,0.83,Very High Concern,879,1
Dawson,,5.0,39.62279,26.0,28.9,,469,14.050329539,2220,17.1,13.960449451,54.99686,1818:1,48165,68.341307815,12728,45.301697046,16.294368539,2021,68.833873207,25.699245757,0.0,108.5,165.5,12.5,178,0.1235,0.1873,0.0822,0.95,Very High Vulnerability,1.0,Very High Concern,1818,1
DeWitt,,10.0,49.53683,32.0,24.3,,506,10.818901005,3060,15.0,30.03957812,59.523810000000005,1680:1,52544,63.708785129,20160,47.495039683,49.624322038,2021,62.712826334,22.46031746,0.0,188.0,208.0,12.5,208,0.1134,0.1709,0.0762,0.82,Very High Vulnerability,0.97,Very High Concern,1680,1
Deaf Smith,,2.0,10.66098,39.0,24.8,,941,15.659843568,2420,12.8,20.387828162,107.83997000000001,927:1,46178,80.587544066,18546,50.145583953,17.711129465,2021,79.121236778,30.84223013,0.0,243.0,287.0,15.0,311,0.1241,0.1883,0.0824,0.84,Very High Vulnerability,0.9,Very High Concern,927,1
Delta,,1.0,18.69508,44.0,25.5,,147,11.307692308,1000,19.2,58.056320136,56.27462,1777:1,51348,70.011025358,5331,50.234477584,100.0,2021,70.285142571,23.466516601,0.0,31.0,51.5,0.0,62,0.1283,0.1937,0.0866,0.57,Moderate Vulnerability,0.85,Very High Concern,1777,1
Denton,,464.0,54.01227,53.0,7.1,4.1793258876,17611,7.8588258394,92570,11.5,38.71477225,67.85339,1474:1,90910,33.383062029,887207,50.831880271,6.9058305439,2021,91.795444287,24.289032886,0.0,6433.0,7551.0,438.0,10782,0.0949,0.1412,0.0617,0.22,Low Vulnerability,0.63,High Concern,1474,1
Dickens,,1.0,44.46421,32.0,26.2,,68,15.384615385,380,17.3,,45.2284,2211:1,41973,67.346938776,2211,44.504748982,100.0,2021,77.278106509,18.181818182,0.0,17.5,17.5,0.0,19,0.1143,0.1758,0.0766,0.88,Very High Vulnerability,0.93,Very High Concern,2211,1
Dimmit,,4.0,38.804809999999996,41.0,34.8,,298,9.7545008183,1960,18.3,,69.14263,1446:1,40315,77.51239297,10124,51.274199921,39.475790316,2021,59.18043202,28.654681944,0.0,123.0,406.0,1293.0,131,0.107,0.1724,0.0705,1.0,Very High Vulnerability,0.99,Very High Concern,1446,1
Donley,,,,18.0,24.5,,91,13.541666667,520,15.4,44.845609402,152.53203,656:1,41093,58.289703316,3278,50.823672971,100.0,2021,63.146067416,19.371568029,0.0,29.5,32.0,0.0,34,0.1241,0.1883,0.0824,0.45,Moderate Vulnerability,0.82,Very High Concern,656,1
Duval,,,,34.0,33.5,,281,9.7909407666,2160,19.0,,44.81491,2231:1,37100,78.638941399,11157,48.8482567,67.042946868,2021,64.027342637,25.625168056,0.0,67.5,92.5,0.0,143,0.1146,0.1867,0.0742,1.0,Very High Vulnerability,1.0,Very High Concern,2231,1
Eastland,,6.0,32.74752,40.0,24.2,,545,13.49343897,3370,18.4,42.842566473,43.57298,2295:1,46991,62.257495591,18360,50.0,60.345477049,2021,66.805298829,21.149237473,0.0,167.0,222.0,10.0,212,0.1278,0.1901,0.086,0.81,Very High Vulnerability,0.98,Very High Concern,2295,1
Ector,,94.0,57.980309999999996,41.0,17.0,5.3865336658,6773,13.373482081,18580,11.7,37.037137093,84.82581,1179:1,65564,54.063192905,166223,48.946896639,9.4552614308,2021,82.17780316,30.278601638,0.0,2415.0,2835.0,106.0,2773,0.1113,0.171,0.0731,0.79,High Vulnerability,0.88,Very High Concern,1179,1
Edwards,,1.0,51.86722,32.0,34.5,,73,16.404494382,260,12.8,,0.0,1932:0,40424,69.174757282,1932,46.997929607,100.0,2021,45.88086185,21.739130435,0.0,17.5,22.5,2.5,20,0.107,0.1724,0.0705,0.44,Moderate Vulnerability,0.92,Very High Concern,1932,0
El Paso,,407.0,48.4087,33.0,26.2,4.5448543006,24362,10.351919367,125910,15.0,47.643653088,84.12393,1189:1,48629,76.784561912,839238,50.573377278,2.1743664811,2021,78.495397115,26.74080535,0.0,8262.0,11305.0,2756.0,10878,0.0965,0.1577,0.0608,0.95,Very High Vulnerability,0.96,Very High Concern,1189,1
Ellis,,76.0,42.35493,52.0,12.8,6.4900307775,6757,13.477341631,20710,12.3,40.864046097,57.89229,1727:1,78341,49.000509944,184826,50.61463214,31.975135352,2021,87.793812274,26.515749949,0.0,1945.0,2222.0,44.5,2591,0.1147,0.169,0.0766,0.39,Low Vulnerability,0.7,High Concern,1727,1
Erath,,23.0,54.1865,50.0,18.9,6.9868995633,1144,12.782122905,6110,14.7,71.791061207,53.86669,1856:1,53044,52.236820223,42698,50.997704811,46.320929005,2021,80.787054064,20.677783503,0.0,386.0,452.0,5.0,474,0.1134,0.1689,0.0762,0.63,High Vulnerability,0.87,Very High Concern,1856,1
Falls,,2.0,11.53735,34.0,28.1,,444,11.970881639,3400,19.6,41.575384311,46.25079,2162:1,41484,78.619153675,17297,52.616060589,67.356990932,2021,61.261781112,20.963172805,0.0,142.0,214.0,10.0,164,0.1248,0.188,0.085,0.98,Very High Vulnerability,0.99,Very High Concern,2162,1
Fannin,,6.0,17.00391,44.0,16.1,,968,12.260924636,5080,14.9,32.616133047,42.23686,2368:1,56123,57.521015918,35514,46.849129921,70.529264337,2021,72.119168072,21.157853241,0.0,284.0,297.0,7.5,345,0.1317,0.1945,0.0881,0.58,Moderate Vulnerability,0.86,Very High Concern,2368,1
Fayette,,8.0,31.55943,46.0,15.3,,774,14.499812664,3350,13.4,16.640111385,47.34475,2112:1,62195,53.529723992,25346,50.737789,67.137737232,2021,63.437328955,20.022883295,0.0,178.0,239.0,20.0,244,0.124,0.188,0.0827,0.44,Moderate Vulnerability,0.84,Very High Concern,2112,1
Fisher,,1.0,26.048450000000003,11.0,22.2,,134,15.783274441,610,15.7,13.980318968,104.43863999999999,958:1,51053,54.693140794,3830,49.973890339,100.0,2021,70.206121174,21.35770235,0.0,30.0,43.0,0.0,29,0.1278,0.1901,0.086,0.43,Moderate Vulnerability,0.91,Very High Concern,958,1
Floyd,,4.0,68.52835,35.0,30.3,,188,11.655300682,890,15.1,27.429287969,35.01401,2856:1,45022,80.337552743,5712,49.737394958,53.319888303,2021,73.844121532,26.418067227,0.0,42.5,88.0,5.0,59,0.1143,0.1758,0.0766,0.83,Very High Vulnerability,0.97,Very High Concern,2856,1
Foard,,0.0,0.0,34.0,26.2,,41,16.078431373,190,13.3,,86.58009,1155:1,38615,70.33492823,1155,52.640692641,100.0,2021,69.981238274,20.0,0.0,7.5,15.0,0.0,,0.1293,0.1898,0.087,0.48,Moderate Vulnerability,0.93,Very High Concern,1155,1
Fort Bend,,677.0,85.92918999999999,50.0,7.4,4.2025063869,18645,8.1316946373,81310,11.0,44.868418509,71.08643,1407:1,101361,37.491583522,811688,50.931392358,5.5357676703,2021,92.608971637,27.308399286,0.0,7611.0,8907.0,660.0,9128,0.0795,0.1228,0.0524,0.29,Low Vulnerability,0.54,Moderate Concern,1407,1
Franklin,,3.0,27.8655,44.0,22.8,,281,10.782808903,1540,14.4,64.711445951,18.64802,5363:1,50630,59.839605182,10725,50.237762238,69.12776992,2021,80.933165195,23.142191142,0.0,92.5,93.0,0.0,99,0.1283,0.1937,0.0866,0.53,Moderate Vulnerability,0.79,High Concern,5363,1
Freestone,,6.0,30.290789999999998,37.0,19.5,,608,12.969283276,3600,18.3,27.925882756,55.78942000000001,1792:1,52511,58.287444934,19717,48.034690876,66.476584578,2021,66.987274342,22.680935234,0.0,132.5,190.5,7.5,216,0.1248,0.188,0.085,0.84,Very High Vulnerability,0.97,Very High Concern,1792,1
Frio,,4.0,20.18571,34.0,35.9,,483,10.153458062,2780,14.3,,68.94514000000001,1450:1,40360,81.108633323,20306,40.825371811,22.181564733,2021,63.099955967,23.259135231,0.0,169.0,183.0,7.5,222,0.1146,0.174,0.0756,0.99,Very High Vulnerability,0.99,Very High Concern,1450,1
Gaines,,4.0,19.13784,26.0,19.5,,1887,24.386146291,2550,12.5,59.332915898,18.61158,5373:1,67171,58.092643052,21492,49.390470873,63.043478261,2021,76.892635926,36.115764005,0.0,220.0,255.0,17.5,452,0.1166,0.1765,0.0789,0.68,High Vulnerability,0.99,Very High Concern,5373,1
Galveston,,256.0,75.7643,47.0,16.1,4.9890102222,9010,10.510107667,49100,15.0,42.371129395,91.77556,1090:1,73214,47.352184268,342139,50.914102163,6.1498271595,2021,85.776280901,24.052797255,0.0,3075.0,3891.0,176.0,3869,0.1049,0.1574,0.0689,0.58,Moderate Vulnerability,0.73,High Concern,1090,1
Garza,,1.0,15.20219,36.0,24.4,,142,12.885662432,910,14.5,,32.107879999999994,3115:1,48975,72.652218782,6229,34.981537968,22.334004024,2021,78.872326636,16.728206775,0.0,33.5,52.5,0.0,51,0.1143,0.1758,0.0766,0.72,High Vulnerability,0.96,Very High Concern,3115,1
Gillespie,,32.0,119.38516999999999,53.0,13.6,,950,16.958229204,3420,13.1,,55.580259999999996,1799:1,62143,49.892588614,26988,51.27093523,53.653822925,2021,79.193940527,19.738402253,0.0,169.0,250.0,22.5,236,0.1008,0.1475,0.0669,0.36,Low Vulnerability,0.61,High Concern,1799,1
Glasscock,,0.0,0.0,48.0,10.7,,66,17.054263566,140,9.9,,0.0,1409:0,93759,35.409836066,1409,44.854506742,100.0,2021,73.200992556,25.408090845,0.0,22.5,20.0,0.0,12,0.1235,0.1873,0.0822,0.18,Very Low Vulnerability,0.81,Very High Concern,1409,0
Goliad,,,,41.0,22.5,,196,11.632047478,1120,14.9,4.9295774648,13.05824,7658:1,56758,52.105263158,7658,50.822669104,100.0,2021,66.960029336,20.723426482,0.0,40.5,63.0,0.0,66,0.1134,0.1709,0.0762,0.58,Moderate Vulnerability,0.97,Very High Concern,7658,1
Gonzales,,8.0,38.41352,39.0,23.7,,841,14.512510785,3000,14.5,31.839773913,52.790710000000004,1894:1,48425,77.28114868,20837,49.34971445,65.279951532,2021,75.434546442,26.707299515,0.0,257.0,231.0,13.5,282,0.1134,0.1709,0.0762,0.9,Very High Vulnerability,0.98,Very High Concern,1894,1
Gray,,10.0,45.67253,46.0,19.0,,749,12.825342466,3550,15.7,76.582129981,73.1061,1368:1,52543,59.398496241,21886,46.20762131,19.387619259,2021,73.072044647,25.322123732,0.0,199.0,265.0,17.5,239,0.1241,0.1883,0.0824,0.84,Very High Vulnerability,0.95,Very High Concern,1368,1
Grayson,,62.0,46.27176,52.0,17.1,6.5705420697,4372,13.200084539,20230,15.7,44.640238428,80.75647000000001,1238:1,57439,54.736842105,136212,51.099756262,43.150475277,2021,75.71511124,23.663847532,0.0,1099.0,1502.0,46.5,1770,0.1317,0.1945,0.0881,0.66,High Vulnerability,0.79,High Concern,1238,1
Gregg,,104.0,84.06962,50.0,24.2,6.9596496716,3750,11.483693156,21240,17.2,28.068824846,147.64613,677:1,53137,63.376313276,123945,51.378433983,13.36235932,2021,79.13550374,25.71382468,0.0,971.0,1131.0,56.5,1704,0.1265,0.1924,0.0851,0.88,Very High Vulnerability,0.79,High Concern,677,1
Grimes,,7.0,24.682650000000002,48.0,20.5,,951,14.466078491,4510,16.3,35.697997195,38.08864,2625:1,51651,65.557476232,28880,45.592105263,68.903172455,2021,73.010764621,22.09833795,0.0,234.0,311.0,7.5,396,0.1225,0.1864,0.0827,0.86,Very High Vulnerability,0.9,Very High Concern,2625,1
Guadalupe,,51.0,31.155689999999996,40.0,11.2,5.2058684335,3465,8.0210190051,17950,11.6,40.604939109,39.5572,2528:1,78801,42.854100106,166847,50.526530294,26.16225586,2021,86.124561079,24.734637123,0.0,1637.0,1697.0,53.0,1845,0.1024,0.1543,0.0667,0.43,Moderate Vulnerability,0.77,High Concern,2528,1
Hale,,10.0,29.559559999999998,35.0,23.9,,1068,11.350834308,5100,14.9,32.793294307,59.86948,1670:1,49187,72.396121884,33406,47.883613722,23.099826317,2021,77.215768773,26.78860085,0.0,337.0,470.0,20.0,405,0.1143,0.1758,0.0766,0.93,Very High Vulnerability,0.97,Very High Concern,1670,1
Hall,,1.0,33.0251,27.0,40.5,,104,14.710042433,590,19.3,,33.73819,2964:1,35940,75.409836066,2964,51.079622132,100.0,2021,59.905288082,22.132253711,0.0,27.5,25.5,0.0,29,0.1241,0.1883,0.0824,0.95,Very High Vulnerability,1.0,Very High Concern,2964,1
Hamilton,,8.0,94.29513999999999,21.0,21.9,,285,14.683153014,1390,16.8,,82.73254,1209:1,52505,52.23796034,8461,49.994090533,64.377128097,2021,72.432251589,21.735019501,0.0,61.5,95.0,0.0,88,0.1264,0.1929,0.0847,0.61,High Vulnerability,0.78,High Concern,1209,1
Hansford,,3.0,54.914880000000004,41.0,16.8,,332,19.86834231,770,13.9,,55.56585,1800:1,58703,58.627858628,5399,49.56473421,40.334936754,2021,75.734494015,29.69068346,0.0,60.0,73.0,0.0,69,0.1241,0.1883,0.0824,0.76,High Vulnerability,0.83,Very High Concern,1800,1
Hardeman,,5.0,127.48598,34.0,32.9,,149,17.146144994,640,16.2,,25.42588,3933:1,40057,80.142857143,3933,49.504195271,100.0,2021,66.917293233,21.510297483,0.0,40.0,35.0,0.0,44,0.1293,0.1898,0.087,0.73,High Vulnerability,0.96,Very High Concern,3933,1
Hardin,,11.0,19.22842,45.0,16.2,5.2159399124,1302,8.8391038697,8800,15.6,55.512551643,52.08152,1920:1,62616,47.505443529,57602,50.826360196,51.547542784,2021,81.33423834,24.396722336,0.0,469.0,600.0,20.0,694,0.1338,0.1949,0.0899,0.25,Low Vulnerability,0.81,Very High Concern,1920,1
Harris,,2749.0,58.506550000000004,47.0,21.3,6.1115510758,159305,12.314372269,682650,14.8,47.128118906,97.85024,1022:1,61638,67.918119156,4713325,50.365336572,1.2132803285,2021,83.600520255,26.43314433,0.0,48021.0,59893.0,7296.0,63132,0.1057,0.1669,0.0691,0.72,High Vulnerability,0.79,High Concern,1022,1
Harrison,,20.0,29.97332,47.0,26.8,6.6619915849,1999,11.526264199,10550,15.8,38.999759777,60.102470000000004,1664:1,55171,53.231960818,66553,50.996949799,56.054303607,2021,68.096342092,24.921491142,0.0,559.0,512.0,25.0,803,0.1276,0.1901,0.0861,0.73,High Vulnerability,0.94,Very High Concern,1664,1
Hartley,,,,33.0,8.3,,237,18.990384615,680,11.7,,,,72796,58.033707865,5576,39.831420373,57.258330584,2021,83.075089392,20.87517934,0.0,41.5,51.5,15.0,67,0.1241,0.1883,0.0824,0.53,Moderate Vulnerability,0.74,High Concern,,
Haskell,,3.0,51.60846,40.0,29.0,,167,14.649122807,1050,18.2,5.1782942604,17.67409,5658:1,38613,75.512528474,5658,46.995404737,47.61824038,2021,63.513513514,16.896429834,0.0,40.0,47.0,0.0,45,0.1278,0.1901,0.086,0.98,Very High Vulnerability,0.99,Very High Concern,5658,1
Hays,,95.0,42.671510000000005,48.0,11.3,3.7878787879,5921,11.040668295,24660,12.1,35.030227758,62.12232,1610:1,72890,47.700671071,230191,50.346451425,31.712145226,2021,84.835981862,22.856671199,0.0,2258.0,2425.0,115.5,2921,0.1018,0.157,0.0664,0.49,Moderate Vulnerability,0.73,High Concern,1610,1
Hemphill,,4.0,104.57516,31.0,11.7,,232,18.58974359,550,13.5,,52.369730000000004,1910:1,71299,42.273730684,3819,50.117831893,26.95035461,2021,78.1201849,30.191149516,0.0,22.5,37.0,7.5,34,0.1241,0.1883,0.0824,0.74,High Vulnerability,0.8,Very High Concern,1910,1
Henderson,,25.0,30.37704,52.0,30.3,7.9693975135,2247,12.282044274,13340,16.6,41.185002057,49.55461,2018:1,49896,66.960838389,82737,51.03279065,60.110528192,2021,74.974802484,21.274641333,0.0,706.0,782.0,20.0,945,0.1398,0.2105,0.0948,0.72,High Vulnerability,0.9,Very High Concern,2018,1
Hidalgo,,399.0,46.07715,45.0,37.4,4.5097281278,38973,13.555401744,154400,18.2,73.620250649,88.29214,1133:1,41656,86.283288134,868707,50.95929928,5.1386929524,2021,68.444901299,32.131892571,0.0,9957.0,12292.0,1721.0,13260,0.1074,0.1741,0.0695,0.98,Very High Vulnerability,0.99,Very High Concern,1133,1
Hill,,9.0,24.756559999999997,38.0,18.1,,1132,12.906168054,5740,16.2,42.424784301,35.47164,2819:1,53210,65.250037543,36649,50.317880433,76.266066289,2021,77.84020936,23.138421239,0.0,226.0,246.0,12.5,431,0.1248,0.188,0.085,0.87,Very High Vulnerability,0.93,Very High Concern,2819,1
Hockley,,14.0,60.922540000000005,32.0,19.7,,766,12.433046583,3290,14.2,38.280762643,43.4386,2302:1,51149,61.96369637,23021,50.149863168,39.847394811,2021,75.840940353,25.680900048,0.0,261.0,311.0,10.0,281,0.1143,0.1758,0.0766,0.9,Very High Vulnerability,0.97,Very High Concern,2302,1
Hood,,29.0,47.90459,52.0,14.8,7.5325268204,1383,10.330918055,7740,13.6,70.459891896,47.045080000000006,2126:1,74534,51.187904968,61643,51.26291712,32.845531632,2021,85.15258216,21.077819055,0.0,590.0,716.0,17.5,650,0.1134,0.1689,0.0762,0.26,Low Vulnerability,0.66,High Concern,2126,1
Hopkins,,10.0,27.166529999999998,48.0,20.2,6.287331028,1275,13.62761864,5960,16.4,49.157028235,94.38033,1060:1,50332,63.06345733,37084,50.763132348,59.62572168,2021,78.687425507,24.164059972,0.0,272.0,300.0,15.0,461,0.1283,0.1937,0.0866,0.71,High Vulnerability,0.76,High Concern,1060,1
Houston,,4.0,17.26445,40.0,28.8,,549,11.68333688,4580,20.0,43.299238163,47.89272,2088:1,43601,67.927382753,22968,46.473354232,73.487274566,2021,63.536112458,19.766631836,0.0,126.0,202.0,20.0,240,0.1365,0.206,0.093,0.91,Very High Vulnerability,0.97,Very High Concern,2088,1
Howard,,10.0,27.428069999999998,37.0,18.6,7.6093849081,868,10.791993037,5590,15.2,41.228787457,111.82631,894:1,61112,58.323474734,36664,42.856753218,20.064549297,2021,73.590021692,21.852498364,0.0,208.0,323.0,5.0,352,0.1235,0.1873,0.0822,0.92,Very High Vulnerability,0.97,Very High Concern,894,1
Hudspeth,,,,25.0,41.2,,165,16.003879728,790,19.2,,,,39309,87.972508591,4886,46.909537454,100.0,2021,54.192229039,20.814572247,0.0,51.0,79.0,5.0,32,0.1166,0.1765,0.0789,0.98,Very High Vulnerability,0.98,Very High Concern,,
Hunt,,27.0,27.9813,41.0,20.3,7.358538442,2677,11.141168637,15300,16.6,52.814313515,82.1551,1217:1,57513,59.808059201,98594,50.773880764,56.631332072,2021,78.052969357,23.831064771,0.0,1061.0,1229.0,44.5,1301,0.1122,0.1653,0.0743,0.83,Very High Vulnerability,0.87,Very High Concern,1217,1
Hutchinson,,5.0,23.587130000000002,40.0,16.3,,620,10.913571554,3480,16.1,44.040500657,52.53606,1903:1,57936,50.910380705,20938,49.45553539,22.564334086,2021,79.203348247,25.346260388,0.0,174.0,257.5,10.0,229,0.1241,0.1883,0.0824,0.66,High Vulnerability,0.86,Very High Concern,1903,1
Irion,,0.0,0.0,47.0,9.0,,35,9.8870056497,210,13.9,,0.0,1536:0,68630,28.947368421,1536,49.153645833,100.0,2021,67.595307918,22.526041667,0.0,12.5,31.0,0.0,21,0.1235,0.1873,0.0822,0.2,Low Vulnerability,0.88,Very High Concern,1536,0
Jack,,4.0,45.23352,33.0,19.4,,291,14.528207688,1300,14.7,,22.383879999999998,4468:1,55358,61.861313869,8935,43.514269726,53.217602831,2021,68.907828283,21.712367096,0.0,65.5,94.5,0.0,90,0.1293,0.1898,0.087,0.65,High Vulnerability,0.98,Very High Concern,4468,1
Jackson,,1.0,6.72314,38.0,18.4,,470,11.886697016,2240,15.1,41.016724824,67.75068,1476:1,55800,54.76988723,14760,50.237127371,61.818827709,2021,72.828960748,25.379403794,0.0,169.0,222.0,12.5,229,0.1134,0.1709,0.0762,0.68,High Vulnerability,0.93,Very High Concern,1476,1
Jasper,,13.0,36.239959999999996,40.0,28.2,,865,9.742088073,6540,18.4,62.299099408,67.55045,1480:1,47252,64.079452512,35529,50.524923302,78.185382246,2021,65.282931354,23.752427594,0.0,230.0,357.0,10.0,394,0.1428,0.2169,0.0983,0.82,Very High Vulnerability,0.92,Very High Concern,1480,1
Jeff Davis,,1.0,44.40497,21.0,39.0,,20,18.691588785,260,11.7,,43.97537,2274:1,53362,50.751879699,2274,48.812664908,100.0,2021,61.19544592,6.8161829376,0.0,15.0,15.0,0.0,13,0.1166,0.1765,0.0789,0.36,Low Vulnerability,0.89,Very High Concern,2274,1
Jefferson,,134.0,52.548809999999996,45.0,24.4,8.8331963846,6328,10.077556416,47160,18.5,49.712983165,129.19126,774:1,55173,71.318875652,251565,48.868483295,8.4020089348,2021,72.827676689,24.061773299,0.0,2166.0,3164.0,189.5,3112,0.1231,0.1913,0.0827,0.86,Very High Vulnerability,0.95,Very High Concern,774,1
Jim Hogg,,1.0,19.05488,29.0,35.0,,154,9.3617021277,990,18.7,,,,38788,87.975778547,5200,48.730769231,17.396226415,2021,56.396063961,30.557692308,0.0,38.0,42.0,0.0,75,0.1146,0.1867,0.0742,0.99,Very High Vulnerability,1.0,Very High Concern,,
Jim Wells,,10.0,24.49659,37.0,29.0,,1208,10.309806264,6660,16.2,,74.10701,1349:1,44444,77.504678727,40482,50.382886221,40.085214751,2021,59.282359282,27.340546416,0.0,360.0,393.0,22.5,490,0.0992,0.1603,0.0642,0.92,Very High Vulnerability,0.99,Very High Concern,1349,1
Johnson,,75.0,43.767250000000004,48.0,15.9,6.6380860185,5430,11.65211047,20920,12.8,36.433905967,58.583639999999995,1707:1,66538,52.365001444,175817,50.006540892,37.874170167,2021,85.581922876,25.933214649,0.0,1368.0,1458.0,51.5,2359,0.1346,0.1961,0.0907,0.51,Moderate Vulnerability,0.73,High Concern,1707,1
Jones,,7.0,35.32321,31.0,22.0,,383,10.776589758,3360,16.9,43.326724822,44.81402,2231:1,51094,63.049962714,20083,37.250410795,85.14998515,2021,76.843398876,17.338047105,0.0,137.0,183.5,2.5,152,0.1278,0.1901,0.086,0.63,High Vulnerability,0.97,Very High Concern,2231,1
Karnes,,4.0,25.559109999999997,41.0,27.0,,459,13.208633094,2200,14.3,36.32232263,38.45907,2600:1,54843,63.558978516,15601,41.439651304,38.390447922,2021,68.262494162,21.27427729,0.0,119.0,149.0,10.0,148,0.1134,0.1709,0.0762,0.84,Very High Vulnerability,0.97,Very High Concern,2600,1
Kaufman,,37.0,28.766460000000002,52.0,13.8,5.5312695156,3697,9.9510120586,16390,13.8,35.54399762,51.41237,1945:1,75009,51.315701148,136154,50.702880562,48.817610063,2021,81.057477312,27.913979758,0.0,1879.0,1979.0,58.0,2284,0.1236,0.185,0.0839,0.57,Moderate Vulnerability,0.77,High Concern,1945,1
Kendall,,38.0,83.25846999999999,51.0,10.9,,1273,11.398638968,4720,11.2,,124.39122,804:1,94899,25.409379525,47431,50.98142565,58.159233762,2021,88.353329124,23.124117139,0.0,372.0,352.0,12.5,437,0.1008,0.1475,0.0669,0.23,Low Vulnerability,0.47,Moderate Concern,804,1
Kenedy,,0.0,0.0,50.0,21.4,,21,16.030534351,90,14.3,,0.0,404:0,46132,60.9375,404,47.524752475,100.0,2021,48.223350254,24.752475248,0.0,5.0,12.5,0.0,,0.0992,0.1603,0.0642,0.73,High Vulnerability,0.99,Very High Concern,404,0
Kent,,0.0,0.0,23.0,14.1,,18,12.0,130,17.4,,0.0,762:0,52591,34.210526316,762,49.081364829,100.0,2021,73.626373626,21.653543307,0.0,12.5,15.0,0.0,,0.1278,0.1901,0.086,0.44,Moderate Vulnerability,0.91,Very High Concern,762,0
Kerr,,44.0,83.96145,51.0,20.4,6.0240963855,1358,13.122040777,7760,15.1,62.929335439,91.25475,1096:1,57789,61.231729814,52600,51.851711027,41.102267003,2021,83.063121992,18.942965779,0.0,310.0,433.0,22.5,501,0.1008,0.1475,0.0669,0.7,High Vulnerability,0.6,High Concern,1096,1
Kimble,,4.0,91.70105,30.0,32.6,,98,12.265331665,790,18.0,,115.28706000000001,867:1,44757,64.958677686,4337,50.979940051,44.302148904,2021,70.330902973,18.030896933,0.0,37.0,36.5,5.0,35,0.1235,0.1873,0.0822,0.59,Moderate Vulnerability,0.82,Very High Concern,867,1
King,,0.0,0.0,,16.7,,12,16.438356164,30,14.7,,0.0,272:0,71256,23.58490566,272,50.0,100.0,2021,88.311688312,26.470588235,0.0,0.0,2.5,0.0,,0.1143,0.1758,0.0766,0.2,Very Low Vulnerability,0.68,High Concern,272,0
Kinney,,,,28.0,24.7,,78,10.41388518,620,16.9,,27.27025,3667:1,47076,56.964285714,3667,45.132260704,20.455808783,2021,48.167539267,19.170984456,0.0,20.0,30.5,0.0,25,0.107,0.1724,0.0705,0.86,Very High Vulnerability,0.98,Very High Concern,3667,1
Kleberg,,13.0,41.7617,38.0,31.0,,731,9.3406593407,5360,17.1,34.077345885,48.89179000000001,2045:1,47169,69.791477788,30680,49.178617992,18.870278532,2021,73.436786855,23.921121252,0.0,263.0,297.0,10.0,348,0.0992,0.1603,0.0642,0.98,Very High Vulnerability,0.99,Very High Concern,2045,1
Knox,,,,15.0,30.8,,178,17.997977755,570,15.3,44.454078886,163.75546,611:1,40808,64.073550212,3664,51.091703057,100.0,2021,75.2,26.06441048,0.0,27.5,41.5,2.5,41,0.1278,0.1901,0.086,0.8,High Vulnerability,0.93,Very High Concern,611,1
La Salle,,,,24.0,27.4,,110,7.3089700997,890,12.0,,132.97872,752:1,41683,88.789903489,7520,41.156914894,46.354923032,2021,56.280299691,19.707446809,0.0,38.0,56.5,2.5,73,0.107,0.1724,0.0705,0.82,Very High Vulnerability,0.97,Very High Concern,752,1
Lamar,,25.0,50.27349,49.0,27.3,7.0252469813,1380,11.305915124,8970,18.1,39.066746966,112.31673,890:1,47061,64.312617702,49859,51.866262861,47.082923302,2021,65.816197646,23.612587497,0.0,525.0,687.0,10.0,670,0.1283,0.1937,0.0866,0.84,Very High Vulnerability,0.94,Very High Concern,890,1
Lamb,,4.0,30.39976,35.0,26.1,,554,14.663843303,2250,16.9,17.939155213,62.04917,1612:1,42719,71.428571429,12893,50.399441557,57.687629677,2021,67.322335025,27.534320949,0.0,143.0,176.0,10.0,165,0.1143,0.1758,0.0766,0.9,Very High Vulnerability,0.99,Very High Concern,1612,1
Lampasas,,10.0,47.10537,24.0,19.2,,553,11.260435756,3050,14.8,45.989359577,32.667539999999995,3061:1,58817,54.224395545,21428,50.87735673,68.267520455,2021,76.713206097,21.602576069,0.0,117.0,134.5,5.0,207,0.1264,0.1929,0.0847,0.54,Moderate Vulnerability,0.88,Very High Concern,3061,1
Lavaca,,13.0,64.64446,39.0,14.5,,578,11.59943809,2900,14.5,37.328895092,64.50332,1550:1,52632,41.813705375,20154,51.061823956,81.316513523,2021,75.811397904,23.255929344,0.0,185.0,256.0,10.0,236,0.1134,0.1709,0.0762,0.69,High Vulnerability,0.91,Very High Concern,1550,1
Lee,,5.0,29.16472,47.0,16.1,,449,12.086137281,2390,14.1,38.783603036,34.8048,2873:1,59250,60.036663611,17239,49.66065317,69.720683843,2021,77.402253148,21.735599513,0.0,189.0,174.0,12.5,185,0.124,0.188,0.0827,0.68,High Vulnerability,0.88,Very High Concern,2873,1
Leon,,,,43.0,22.2,,798,19.791666667,2920,17.1,31.462717089,34.474830000000004,2901:1,50522,57.854649318,17404,50.275798667,100.0,2021,70.805525376,22.351183636,0.0,127.5,179.0,10.0,177,0.1225,0.1864,0.0827,0.62,High Vulnerability,0.92,Very High Concern,2901,1
Liberty,,20.0,23.1688,37.0,19.0,6.8947573826,2784,11.792113177,13680,16.7,33.789892982,37.40691,2673:1,53274,70.740679734,88219,50.607012095,63.227264915,2021,79.194730771,27.044060803,0.0,1117.0,1202.0,46.5,1356,0.1377,0.2028,0.0929,0.94,Very High Vulnerability,0.97,Very High Concern,2673,1
Limestone,,8.0,34.01505,41.0,26.0,,682,12.643678161,4170,17.7,28.04293872,68.26812000000001,1465:1,43644,70.730452675,23437,48.653837949,53.617858365,2021,63.793720902,22.020736442,0.0,184.0,240.5,17.5,240,0.1248,0.188,0.085,0.95,Very High Vulnerability,0.98,Very High Concern,1465,1
Lipscomb,,,,33.0,17.2,,215,23.652365237,460,13.1,,61.86205,1617:1,65388,63.648468708,3233,48.871017631,100.0,2021,82.718120805,25.332508506,0.0,25.0,37.0,0.0,38,0.1241,0.1883,0.0824,0.46,Moderate Vulnerability,0.87,Very High Concern,1617,1
Live Oak,,1.0,8.21963,32.0,23.0,,382,15.1047845,1840,15.2,,40.9601,2441:1,54163,61.042765085,12207,45.072499386,100.0,2021,58.875266525,19.832882772,0.0,82.5,100.0,5.0,92,0.1146,0.1867,0.0742,0.69,High Vulnerability,0.95,Very High Concern,2441,1
Llano,,17.0,78.53645,43.0,20.7,,457,13.057142857,3420,16.6,66.084699175,27.52925,3633:1,55617,64.42159383,21795,51.557696719,45.179006269,2021,81.020972574,15.122734572,0.0,128.5,149.5,10.0,219,0.1264,0.1929,0.0847,0.47,Moderate Vulnerability,0.76,High Concern,3633,1
Loving,,0.0,0.0,,10.2,,8,13.333333333,20,18.8,,0.0,169:0,88487,,169,42.01183432,100.0,2021,73.333333333,28.99408284,0.0,0.0,2.5,0.0,0,0.1166,0.1765,0.0789,0.76,High Vulnerability,0.83,Very High Concern,169,0
Lubbock,,252.0,81.97468,46.0,22.5,5.1417454141,6626,8.7078799348,46080,15.3,44.906062064,154.87702,646:1,54733,60.363303966,310569,50.732365432,11.335540166,2021,79.79433949,23.674288161,0.0,3392.0,3724.0,54.5,4005,0.109,0.1714,0.0711,0.75,High Vulnerability,0.74,High Concern,646,1
Lynn,,3.0,51.04645,33.0,23.4,,213,13.059472716,950,16.4,,50.4117,1984:1,45737,54.731965586,5951,48.731305663,56.720202874,2021,71.634168988,27.255923374,0.0,51.5,77.0,7.5,85,0.1143,0.1758,0.0766,0.89,Very High Vulnerability,0.99,Very High Concern,1984,1
Madison,,3.0,20.80155,43.0,22.2,,380,12.117346939,2210,15.6,51.067263319,28.00336,3571:1,46274,69.685902118,14284,42.411089331,67.403395785,2021,69.126259077,21.240548866,0.0,109.0,122.0,10.0,180,0.1225,0.1864,0.0827,0.84,Very High Vulnerability,0.96,Very High Concern,3571,1
Marion,,,,37.0,32.9,,202,10.97826087,1970,19.5,36.795174384,10.14816,9854:1,37876,74.16918429,9854,50.92348285,100.0,2021,62.863202545,18.084026791,0.0,44.5,48.5,7.5,85,0.1276,0.1901,0.0861,0.69,High Vulnerability,0.97,Very High Concern,9854,1
Martin,,1.0,17.38224,32.0,17.9,,266,14.156466205,580,10.3,,34.656040000000004,2886:1,68745,53.141167775,5771,49.818055796,100.0,2021,62.92798111,31.346387108,0.0,34.5,50.5,5.0,72,0.1235,0.1873,0.0822,0.42,Moderate Vulnerability,0.89,Very High Concern,2886,1
Mason,,,,41.0,20.4,,214,23.010752688,630,15.2,,70.19186,1425:1,54914,46.993006993,4274,48.85353299,100.0,2021,73.231132075,20.191857745,0.0,30.0,41.0,0.0,31,0.1235,0.1873,0.0822,0.36,Low Vulnerability,0.81,Very High Concern,1425,1
Matagorda,,14.0,38.3016,41.0,24.1,,1253,13.053443067,6600,18.0,42.729500918,60.03875,1666:1,49276,70.199862164,36643,49.717544961,36.417633916,2021,63.388214905,25.557405234,0.0,391.0,529.0,12.5,522,0.1114,0.1704,0.0738,0.91,Very High Vulnerability,0.94,Very High Concern,1666,1
Maverick,,17.0,29.06728,26.0,40.3,5.6833201163,2229,11.845671467,10520,18.1,48.426122658,47.682300000000005,2097:1,40017,81.168875764,58722,49.862061919,9.2557779498,2021,61.347169348,30.95092129,0.0,684.0,833.0,35.5,930,0.107,0.1724,0.0705,0.97,Very High Vulnerability,1.0,Very High Concern,2097,1
McCulloch,,4.0,50.081379999999996,33.0,26.4,,220,11.879049676,1300,16.1,,37.57515,2661:1,43262,63.285714286,7984,49.611723447,35.325365206,2021,76.296531976,22.131763527,0.0,40.5,69.0,7.5,66,0.1235,0.1873,0.0822,0.74,High Vulnerability,0.93,Very High Concern,2661,1
McLennan,,187.0,73.44653,50.0,22.6,6.9395679293,6791,10.551912738,40000,16.1,40.641278953,83.78049,1194:1,51078,59.557719434,256623,51.188708728,23.351893949,2021,77.682279521,24.515339623,0.0,2448.0,2786.0,75.5,3349,0.1128,0.178,0.0742,0.84,Very High Vulnerability,0.88,Very High Concern,1194,1
McMullen,,0.0,0.0,26.0,13.8,,16,10.95890411,90,13.3,,134.5895,743:1,68349,24.567474048,743,47.240915209,100.0,2021,76.296296296,19.784656797,0.0,20.0,17.5,2.5,,0.1146,0.1867,0.0742,0.76,High Vulnerability,0.83,Very High Concern,743,1
Medina,,14.0,27.49357,38.0,19.4,6.3211125158,1470,11.890317884,6000,12.2,54.399904646,19.38586,5158:1,60695,56.590493601,51584,48.377403846,61.555014563,2021,73.644943247,22.892757444,0.0,376.0,436.0,18.5,597,0.1146,0.174,0.0756,0.67,High Vulnerability,0.95,Very High Concern,5158,1
Menard,,1.0,46.750820000000004,31.0,35.4,,82,20.918367347,330,15.7,,0.0,2138:0,38425,72.786885246,2138,50.140318054,100.0,2021,66.07495069,18.054256314,0.0,20.0,22.5,2.5,17,0.1235,0.1873,0.0822,0.59,Moderate Vulnerability,0.97,Very High Concern,2138,0
Midland,,62.0,35.925779999999996,44.0,12.3,5.3863579159,6101,11.862034103,17200,10.5,41.204751849,98.39848,1016:1,85811,46.12061913,176832,49.23939106,12.291776258,2021,84.06786203,28.560441549,0.0,2231.0,2484.0,211.5,2805,0.1034,0.1564,0.067,0.47,Moderate Vulnerability,0.72,High Concern,1016,1
Milam,,3.0,11.93745,40.0,25.1,,682,10.837438424,4180,16.9,27.859175028,68.48487,1460:1,48989,70.107296137,24823,50.630463683,56.182089914,2021,68.530559168,23.760222374,0.0,265.0,295.0,12.5,288,0.1225,0.1864,0.0827,0.76,High Vulnerability,0.95,Very High Concern,1460,1
Mills,,2.0,40.64215,19.0,24.9,,181,18.009950249,850,17.4,,61.56372,1624:1,46876,54.885404101,4873,50.01026062,100.0,2021,71.508379888,20.418633285,0.0,33.5,23.5,0.0,42,0.1264,0.1929,0.0847,0.77,High Vulnerability,0.95,Very High Concern,1624,1
Mitchell,,4.0,49.10988,26.0,23.4,,225,12.369433755,1130,13.2,32.578726242,23.4055,4273:1,44457,56.632653061,8545,39.426565243,36.74359247,2021,66.246851385,20.631948508,0.0,61.0,91.5,10.0,69,0.1278,0.1901,0.086,0.62,High Vulnerability,0.97,Very High Concern,4273,1
Montague,,6.0,30.61849,30.0,18.0,,667,14.459137221,3190,16.4,,15.137749999999999,6606:1,53649,55.228662977,19818,50.877989706,58.943151275,2021,72.205128205,22.449288526,0.0,142.0,201.0,5.0,193,0.1293,0.1898,0.087,0.58,Moderate Vulnerability,0.93,Very High Concern,6606,1
Montgomery,,353.0,59.73685,50.0,13.2,5.013574302,17720,10.807448113,69390,12.5,36.927662488,72.9349,1371:1,88833,46.036977634,607391,50.514742563,22.725597153,2021,89.879636948,26.085338769,0.0,5672.0,6330.0,238.0,8063,0.1086,0.1585,0.0725,0.39,Low Vulnerability,0.67,High Concern,1371,1
Moore,,10.0,46.5441,36.0,15.1,,1073,15.153226945,2740,12.6,29.476659232,33.42884,2991:1,55099,63.756177924,20940,48.132760267,16.814280497,2021,84.360611911,31.757402101,0.0,285.0,442.0,48.0,414,0.1241,0.1883,0.0824,0.7,High Vulnerability,0.88,Very High Concern,2991,1
Morris,,2.0,16.208769999999998,42.0,29.0,,289,10.041695622,2320,18.7,15.629255706,40.36164,2478:1,43304,78.582677165,12388,51.993865031,78.421215401,2021,77.975376197,23.062641266,0.0,123.0,153.0,2.5,116,0.1283,0.1937,0.0866,0.73,High Vulnerability,0.97,Very High Concern,2478,1
Motley,,0.0,0.0,34.0,30.9,,35,13.725490196,170,15.1,,83.33333,1200:1,40217,70.987654321,1200,49.0,100.0,2021,69.529652352,19.75,0.0,17.5,10.0,0.0,14,0.1143,0.1758,0.0766,0.7,High Vulnerability,0.87,Very High Concern,1200,1
Nacogdoches,,46.0,70.0035,48.0,26.3,3.8805466509,1804,11.552254098,12430,19.0,46.061693652,98.15348999999999,1019:1,46207,66.822640151,65204,51.889454635,46.460231852,2021,78.860967294,23.006257285,0.0,522.0,595.0,22.0,845,0.125,0.1935,0.0836,0.98,Very High Vulnerability,0.9,Very High Concern,1019,1
Navarro,,20.0,40.35105,46.0,21.1,6.4395513087,1562,11.584958837,8100,16.7,36.196830879,51.882740000000005,1927:1,48649,72.200924015,50113,50.910941273,52.657379281,2021,76.052601223,26.406321713,0.0,556.0,664.0,17.5,737,0.1248,0.188,0.085,0.97,Very High Vulnerability,0.95,Very High Concern,1927,1
Newton,,,,37.0,28.3,,347,12.044429018,2820,20.0,35.20103925,14.71129,6798:1,45890,67.721518987,13595,48.716439868,100.0,2021,69.91533396,19.610150791,0.0,49.0,84.5,5.0,106,0.1428,0.2169,0.0983,0.72,High Vulnerability,0.96,Very High Concern,6798,1
Nolan,,5.0,33.89601,37.0,23.6,,417,10.498489426,2350,15.7,42.354382475,74.75873,1338:1,46389,61.507191995,14714,50.101943727,32.656414301,2021,72.831514703,26.022835395,0.0,136.5,197.0,10.0,176,0.1278,0.1901,0.086,0.89,Very High Vulnerability,0.96,Very High Concern,1338,1
Nueces,,287.0,79.22377,42.0,23.1,4.9287410926,9671,10.431565436,52610,14.6,39.87273332,104.05913000000001,961:1,56079,63.567242199,362294,50.588748365,6.447241956,2021,81.289445427,24.305950416,0.0,3524.0,4121.0,1020.0,4320,0.1011,0.1589,0.0646,0.84,Very High Vulnerability,0.89,Very High Concern,961,1
Ochiltree,,4.0,40.21313,27.0,16.2,,573,17.52293578,1200,11.6,,50.83367,1967:1,62567,58.266309205,9836,49.827165514,13.90981121,2021,75.59575079,31.018706791,0.0,95.5,151.5,7.5,133,0.1241,0.1883,0.0824,0.58,Moderate Vulnerability,0.9,Very High Concern,1967,1
Oldham,,,,43.0,29.5,,31,9.872611465,280,13.5,,0.0,2112:0,59404,47.250509165,2112,47.585227273,100.0,2021,79.292929293,23.390151515,0.0,27.5,25.0,2.5,23,0.1241,0.1883,0.0824,0.43,Moderate Vulnerability,0.72,High Concern,2112,0
Orange,,16.0,19.14517,47.0,18.7,8.3279948751,2050,9.5109956389,14130,16.8,73.898354282,38.37114,2606:1,62976,50.525141132,83396,50.412489808,35.171132862,2021,80.74714457,24.763777639,0.0,725.0,1072.0,38.0,1046,0.1338,0.1949,0.0899,0.58,Moderate Vulnerability,0.86,Very High Concern,2606,1
Palo Pinto,,11.0,38.095240000000004,46.0,26.2,7.8709169618,1008,14.507772021,4770,16.8,67.193196484,54.81517,1824:1,50159,70.299427565,29189,50.878755696,50.215218242,2021,75.631399317,22.998389804,0.0,233.0,270.0,10.0,339,0.1134,0.1689,0.0762,0.88,Very High Vulnerability,0.93,Very High Concern,1824,1
Panola,,8.0,34.56022,40.0,21.5,,676,12.043470515,3940,16.8,30.83385354,25.868759999999998,3866:1,56882,52.659574468,23194,50.379408468,72.718103883,2021,73.312492764,23.286194706,0.0,178.0,207.0,5.0,254,0.1282,0.1918,0.0871,0.7,High Vulnerability,0.92,Very High Concern,3866,1
Parker,,58.0,41.9163,50.0,10.4,5.7634072482,4202,11.621539398,16090,12.4,56.658467308,42.69377,2342:1,82501,35.465883455,142878,50.180573636,56.084565584,2021,85.073311795,24.728789597,0.0,1501.0,1635.0,39.0,1802,0.1198,0.1716,0.0811,0.26,Low Vulnerability,0.68,High Concern,2342,1
Parmer,,2.0,20.275750000000002,31.0,17.8,,570,19.580900034,1230,12.5,,124.93493,800:1,50607,70.161290323,9605,48.276939094,60.015580874,2021,66.031845145,28.214471629,0.0,131.5,190.0,23.5,144,0.1241,0.1883,0.0824,0.76,High Vulnerability,0.97,Very High Concern,800,1
Pecos,,7.0,44.662800000000004,18.0,23.1,,547,13.837591703,1860,11.8,38.606569634,75.83896999999999,1319:1,52763,62.932138284,15823,43.297731151,39.77558522,2021,63.29467354,24.527586425,0.0,173.0,214.0,20.0,181,0.1166,0.1765,0.0789,0.82,Very High Vulnerability,0.98,Very High Concern,1319,1
Polk,,29.0,57.964059999999996,47.0,26.6,,1316,12.622290428,8690,18.2,45.580557725,54.52457,1834:1,50416,73.47985348,51353,45.944735458,77.638561645,2021,71.474518938,19.874204039,0.0,330.0,433.0,20.0,537,0.1365,0.206,0.093,0.91,Very High Vulnerability,0.97,Very High Concern,1834,1
Potter,,89.0,74.38485999999999,46.0,26.1,7.3606729758,4073,12.137195304,19280,15.9,49.301579076,200.14478999999997,500:1,41138,72.963611915,117415,48.60878082,8.9962254177,2021,74.010815683,27.265681557,0.0,1286.0,1855.0,129.0,1564,0.1281,0.2007,0.0864,0.92,Very High Vulnerability,0.87,Very High Concern,500,1
Presidio,,2.0,28.78526,13.0,29.1,,321,17.06539075,1550,21.8,,44.7494,2235:1,33499,89.856020942,6704,48.702267303,40.470708621,2021,48.36806921,26.834725537,0.0,51.0,106.5,10.0,91,0.1166,0.1765,0.0789,1.0,Very High Vulnerability,0.99,Very High Concern,2235,1
Rains,,1.0,8.22436,40.0,22.9,,374,14.829500397,1740,15.2,3.0974101792,15.982099999999999,6257:1,65657,62.950058072,12514,50.05593735,93.228880337,2021,72.632794457,20.177401311,0.0,58.0,105.0,2.5,108,0.1285,0.1874,0.0874,0.4,Moderate Vulnerability,0.89,Very High Concern,6257,1
Randall,,86.0,63.109539999999996,46.0,12.1,6.1259706644,2631,7.7273261278,15830,11.9,54.784481659,54.461090000000006,1836:1,70694,43.275771847,137713,50.936367663,14.375647132,2021,88.155257244,23.89897831,0.0,1365.0,1498.0,43.5,1711,0.1021,0.1521,0.0667,0.22,Low Vulnerability,0.6,High Concern,1836,1
Reagan,,2.0,53.46164,27.0,12.2,,159,14.108251996,410,11.0,,77.94232,1283:1,67384,61.828571429,3849,46.583528189,13.305613306,2021,73.062730627,28.968563263,0.0,37.5,76.0,5.0,45,0.1235,0.1873,0.0822,0.48,Moderate Vulnerability,0.94,Very High Concern,1283,1
Real,,2.0,57.504310000000004,34.0,32.7,,84,13.907284768,670,19.9,,86.90614,1151:1,40834,68.813559322,3452,50.60834299,100.0,2021,61.722912966,16.425260718,0.0,25.0,32.0,5.0,30,0.107,0.1724,0.0705,0.72,High Vulnerability,0.93,Very High Concern,1151,1
Red River,,2.0,16.427100000000003,50.0,27.2,,257,10.284113645,2310,18.8,50.712959561,33.26957,3006:1,41325,66.869443145,12023,51.426432671,75.730948678,2021,64.13459601,19.57082259,0.0,95.5,135.5,2.5,136,0.1283,0.1937,0.0866,0.56,Moderate Vulnerability,0.99,Very High Concern,3006,1
Reeves,,5.0,31.85728,30.0,24.6,,444,12.164383562,1530,10.1,52.394440095,25.03756,3994:1,48990,72.30975528,15976,38.839509264,14.496118407,2021,61.79647527,22.414872308,0.0,208.0,245.0,1054.5,179,0.1166,0.1765,0.0789,0.78,High Vulnerability,0.98,Very High Concern,3994,1
Refugio,,1.0,14.22071,30.0,27.0,,166,9.9401197605,1270,17.5,32.601953952,43.17789,2316:1,46883,79.527559055,6948,50.546919977,60.679940404,2021,69.925402434,22.063903282,0.0,47.0,84.0,0.0,54,0.1183,0.18,0.0772,0.94,Very High Vulnerability,0.99,Very High Concern,2316,1
Roberts,,0.0,0.0,44.0,9.3,,27,11.392405063,120,14.1,,0.0,854:0,70705,29.223744292,854,50.468384075,100.0,2021,81.395348837,23.18501171,0.0,5.0,5.0,0.0,13,0.1241,0.1883,0.0824,0.09,Very Low Vulnerability,0.67,High Concern,854,0
Robertson,,1.0,5.7857,44.0,31.0,,538,12.549568463,2480,14.7,40.603202406,46.854870000000005,2134:1,47016,64.797601199,17074,50.825817032,73.853928528,2021,73.680943513,23.427433525,0.0,178.0,216.0,15.0,196,0.1225,0.1864,0.0827,0.75,High Vulnerability,0.93,Very High Concern,2134,1
Rockwall,,77.0,76.49741,52.0,6.5,3.4293552812,2861,9.9030806507,9610,10.3,32.534790348,96.26841,1039:1,105763,27.66478932,104915,50.611447362,16.035845131,2021,93.082465488,26.632035457,0.0,977.0,1020.0,31.5,1287,0.1122,0.1653,0.0743,0.11,Very Low Vulnerability,0.51,Moderate Concern,1039,1
Runnels,,7.0,68.39945,40.0,23.7,,273,11.220715166,1460,14.2,33.651287178,68.19953,1466:1,48650,55.644355644,10264,49.327747467,40.758023045,2021,72.125256674,23.178098207,0.0,75.0,124.0,7.5,112,0.1278,0.1901,0.086,0.54,Moderate Vulnerability,0.92,Very High Concern,1466,1
Rusk,,11.0,20.20202,40.0,20.4,,1654,13.187689364,8200,15.3,27.300175303,33.08459,3023:1,56036,68.338357541,54406,46.263279785,65.872867054,2021,62.524850895,22.100503621,0.0,380.0,440.0,20.0,514,0.1282,0.1918,0.0871,0.8,High Vulnerability,0.94,Very High Concern,3023,1
Sabine,,3.0,28.33129,38.0,26.6,,261,12.70691334,2230,21.4,4.2186433542,113.83039000000001,879:1,43778,69.170168067,10542,51.052931133,100.0,2021,74.785432614,18.08006071,0.0,61.0,72.0,5.0,100,0.1428,0.2169,0.0983,0.53,Moderate Vulnerability,0.93,Very High Concern,879,1
San Augustine,,2.0,24.29543,46.0,32.1,,186,11.231884058,1850,22.2,42.38399462,48.56137,2059:1,40094,85.763888889,8237,50.698069686,100.0,2021,66.937119675,19.460968799,0.0,54.5,66.5,0.0,84,0.1428,0.2169,0.0983,0.89,Very High Vulnerability,0.98,Very High Concern,2059,1
San Jacinto,,2.0,6.96403,43.0,26.2,,917,14.303540789,4860,17.5,5.2600124728,10.39537,9620:1,42633,68.486696231,28859,50.216570221,100.0,2021,73.613462113,21.213486261,0.0,187.0,214.0,10.0,295,0.1365,0.206,0.093,0.69,High Vulnerability,0.89,Very High Concern,9620,1
San Patricio,,17.0,25.41372,42.0,20.6,5.364327224,1627,8.7699439414,10390,15.5,39.306398482,58.44448,1711:1,57302,65.477536027,66730,49.577401469,19.650021604,2021,72.220281247,26.371946651,0.0,775.0,925.0,20.0,899,0.1183,0.18,0.0772,0.83,Very High Vulnerability,0.97,Very High Concern,1711,1
San Saba,,2.0,33.03601,28.0,34.4,,223,18.130081301,910,15.3,,49.54583,2018:1,46061,71.912168344,6055,45.829892651,49.355733159,2021,75.936599424,20.04954583,0.0,45.0,66.5,10.0,49,0.1264,0.1929,0.0847,0.73,High Vulnerability,0.97,Very High Concern,2018,1
Schleicher,,,,27.0,23.4,,161,20.561941252,360,11.8,,35.803799999999995,2793:1,53286,57.087378641,2793,50.37593985,100.0,2021,64.558139535,23.8811314,0.0,27.5,19.5,0.0,38,0.1235,0.1873,0.0822,0.59,Moderate Vulnerability,0.96,Very High Concern,2793,1
Scurry,,10.0,59.29088,34.0,18.3,,520,11.78069778,2310,13.4,38.871914705,35.921690000000005,2784:1,56299,61.924290221,16703,45.949829372,31.700254122,2021,73.506143747,24.803927438,0.0,208.0,231.0,7.5,194,0.1278,0.1901,0.086,0.7,High Vulnerability,0.95,Very High Concern,2784,1
Shackelford,,1.0,30.740850000000002,48.0,17.5,,133,16.708542714,500,15.1,,30.62787,3265:1,65095,45.379537954,3265,51.148545176,100.0,2021,77.600607441,22.848392037,0.0,37.5,34.5,0.0,32,0.1278,0.1901,0.086,0.69,High Vulnerability,0.72,High Concern,3265,1
Shelby,,5.0,19.6711,42.0,32.5,,1001,14.918032787,4880,19.1,34.384029716,87.04598,1149:1,39708,75.482195846,25274,50.399620163,79.432568375,2021,68.686107823,25.971353961,0.0,191.0,273.5,5.0,348,0.1428,0.2169,0.0983,0.95,Very High Vulnerability,0.99,Very High Concern,1149,1
Sherman,,,,44.0,13.7,,206,22.612513721,420,13.9,,33.090669999999996,3022:1,55473,64.485981308,3022,47.849106552,100.0,2021,76.840039254,26.737260093,0.0,27.5,42.0,2.5,41,0.1241,0.1883,0.0824,0.46,Moderate Vulnerability,0.87,Very High Concern,3022,1
Smith,,238.0,103.37893,52.0,17.8,7.7595475155,7278,12.463822718,35300,15.7,36.736459014,152.09386999999998,657:1,59538,64.339983602,232751,51.768628277,31.60780873,2021,80.728134092,24.390443006,0.0,2251.0,2739.0,69.5,3014,0.116,0.1766,0.0768,0.75,High Vulnerability,0.67,High Concern,657,1
Somervell,,6.0,66.54836,49.0,14.2,,274,12.888052681,1550,17.7,,98.59772,1014:1,67897,43.914081146,9128,50.613496933,100.0,2021,77.553634326,21.954425942,0.0,54.0,76.0,5.0,97,0.1134,0.1689,0.0762,0.56,Moderate Vulnerability,0.71,High Concern,1014,1
Starr,,14.0,21.69702,27.0,43.2,4.2240995998,3110,14.38150289,13750,21.5,,54.1519,1847:1,32516,88.606430091,64633,51.206040258,23.705878494,2021,56.140350877,32.639673232,0.0,672.0,690.0,58.5,1062,0.1146,0.1867,0.0742,0.98,Very High Vulnerability,1.0,Very High Concern,1847,1
Stephens,,3.0,31.803240000000002,41.0,26.9,,288,13.747016706,1660,17.7,36.022335749,117.44608000000001,851:1,46658,62.457798785,9366,47.34144779,39.366562825,2021,75.823837388,21.962417254,0.0,76.5,99.5,2.5,85,0.1278,0.1901,0.086,0.88,Very High Vulnerability,0.86,Very High Concern,851,1
Sterling,,0.0,0.0,43.0,12.9,,54,13.953488372,110,10.0,,154.91867,646:1,66790,42.63322884,1291,49.419054996,100.0,2021,85.589519651,28.505034857,0.0,20.0,26.0,0.0,31,0.1235,0.1873,0.0822,0.41,Moderate Vulnerability,0.8,Very High Concern,646,1
Stonewall,,1.0,73.42144,14.0,20.2,,51,16.242038217,220,15.7,,518.51852,193:1,48267,45.089285714,1350,51.259259259,100.0,2021,77.24137931,22.444444444,0.0,10.0,12.5,0.0,10,0.1278,0.1901,0.086,0.32,Low Vulnerability,0.79,High Concern,193,1
Sutton,,4.0,106.4396,45.0,17.8,,122,12.978723404,410,10.7,,185.38136,539:1,63427,58.415841584,3776,48.940677966,18.798449612,2021,52.407932011,23.569915254,0.0,30.0,50.0,0.0,38,0.1235,0.1873,0.0822,0.6,High Vulnerability,0.94,Very High Concern,539,1
Swisher,,1.0,13.40123,28.0,29.1,,250,12.906556531,1270,17.0,33.599185268,40.55698,2466:1,44388,71.535114978,7397,46.532377991,37.573211103,2021,75.369261477,24.658645397,0.0,72.0,88.5,7.5,84,0.1241,0.1883,0.0824,0.97,Very High Vulnerability,1.0,Very High Concern,2466,1
Tarrant,,1225.0,58.75494,50.0,13.9,6.3920526321,60367,10.554427852,280150,13.9,46.414380634,87.98986000000001,1136:1,70130,58.857204691,2102515,51.113975406,1.2882013273,2021,86.865127102,26.027495642,0.0,18577.0,23555.0,1398.0,27100,0.1069,0.1641,0.0701,0.55,Moderate Vulnerability,0.73,High Concern,1136,1
Taylor,,94.0,68.2941,45.0,18.9,5.5928411633,3216,9.1514427181,21510,15.8,40.397762639,150.68751,664:1,54465,56.667349028,138034,51.367054494,16.033488966,2021,77.105558675,24.812727299,0.0,1629.0,1940.0,76.0,1866,0.1178,0.1846,0.0776,0.69,High Vulnerability,0.78,High Concern,664,1
Terrell,,0.0,0.0,12.0,20.7,,26,14.857142857,110,13.0,,128.86598,776:1,45677,49.58677686,776,49.613402062,100.0,2021,58.373205742,18.81443299,0.0,12.5,17.5,0.0,,0.1166,0.1765,0.0789,0.47,Moderate Vulnerability,0.91,Very High Concern,776,1
Terry,,4.0,32.55473,39.0,31.0,,496,14.273381295,1900,15.0,47.295028442,48.63419,2056:1,42953,76.338147833,12337,47.264326822,24.669986562,2021,70.696872691,27.218934911,0.0,93.0,168.0,10.0,177,0.1143,0.1758,0.0766,0.99,Very High Vulnerability,0.99,Very High Concern,2056,1
Throckmorton,,1.0,66.00659999999999,22.0,27.2,,62,19.620253165,260,16.5,,66.62225000000001,1501:1,42746,65.29209622,1501,52.165223185,100.0,2021,71.556886228,19.253830779,0.0,22.5,17.5,0.0,14,0.1278,0.1901,0.086,0.27,Low Vulnerability,0.85,Very High Concern,1501,1
Titus,,15.0,45.40914,41.0,23.2,,1048,10.663410663,5400,16.5,33.523609954,100.76335999999999,992:1,49924,72.985983293,32750,51.007633588,50.556689553,2021,73.873129533,28.680916031,0.0,409.0,532.0,27.0,441,0.1283,0.1937,0.0866,0.89,Very High Vulnerability,0.92,Very High Concern,992,1
Tom Green,,85.0,71.91870999999999,53.0,17.4,4.9122168653,3049,10.38912362,16450,14.0,41.806504444,98.99329000000002,1010:1,54774,50.701192026,119200,50.23909396,15.64087676,2021,78.057902757,23.769295302,0.0,1235.0,1417.0,38.0,1465,0.1078,0.1675,0.0704,0.66,High Vulnerability,0.89,Very High Concern,1010,1
Travis,,1078.0,86.32681,50.0,13.6,4.0662597467,22753,8.0468957224,155240,12.9,46.268515217,100.00361,1000:1,80690,50.17510918,1273954,49.4692901,5.463522171,2021,88.213463855,21.22360776,0.0,10218.0,11921.0,1384.0,15582,0.0916,0.1391,0.0588,0.38,Low Vulnerability,0.69,High Concern,1000,1
Trinity,,2.0,13.568520000000001,38.0,29.8,,392,12.852459016,2820,19.3,42.485157526,54.60378,1831:1,43788,70.362190813,14651,51.948672446,77.236887213,2021,65.157545605,19.705139581,0.0,73.5,102.5,7.5,138,0.1365,0.206,0.093,0.8,Very High Vulnerability,0.97,Very High Concern,1831,1
Tyler,,4.0,18.43658,33.0,23.3,,440,10.249242954,4080,19.0,43.411948542,41.52824,2408:1,48254,60.686600221,21672,46.040974529,78.131030047,2021,68.492957746,19.255260244,0.0,142.0,183.0,5.0,204,0.1428,0.2169,0.0983,0.88,Very High Vulnerability,0.98,Very High Concern,2408,1
Upshur,,12.0,29.08386,45.0,21.1,8.4822780975,1345,13.218673219,6460,15.9,30.615075863,9.58015,10438:1,53078,59.635091227,41753,50.705338539,79.299905874,2021,78.933938191,23.787512275,0.0,309.0,386.0,15.0,483,0.1276,0.1901,0.0861,0.59,Moderate Vulnerability,0.88,Very High Concern,10438,1
Upton,,2.0,54.481069999999995,18.0,18.8,,145,12.923351159,480,13.3,19.855506598,109.37926999999999,914:1,58908,64.827586207,3657,49.576155319,100.0,2021,49.84984985,28.63002461,0.0,25.0,55.0,5.0,24,0.1235,0.1873,0.0822,0.65,High Vulnerability,0.96,Very High Concern,914,1
Uvalde,,11.0,40.97445,34.0,29.9,,922,12.339400428,3700,13.7,78.685728211,74.79152,1337:1,44690,74.464084242,26741,50.914326315,31.384207536,2021,65.184933831,26.812759433,0.25,300.5,352.5,7.5,381,0.107,0.1724,0.0705,0.95,Very High Vulnerability,0.98,Very High Concern,1337,1
Val Verde,,15.0,30.48285,26.0,28.9,3.5128805621,1631,11.295796108,7250,14.8,58.603168154,67.3126,1486:1,45034,72.200667689,49025,48.895461499,10.157736451,2021,67.627859814,28.387557369,1.2307692307692308,481.5,520.5,22.5,783,0.107,0.1724,0.0705,0.97,Very High Vulnerability,0.99,Very High Concern,1486,1
Van Zandt,,9.0,16.06598,40.0,19.5,6.6084493746,1765,13.09930236,8720,16.0,45.892153477,30.04064,3329:1,55554,54.335541699,56590,51.169817989,75.018543525,2021,71.422901369,22.977557872,0.945,469.0,579.0,21.75,632,0.1285,0.1874,0.0874,0.56,Moderate Vulnerability,0.89,Very High Concern,3329,1
Victoria,,70.0,76.05802,51.0,22.6,5.2408563782,2580,10.72185513,13300,14.5,28.923112188,102.08071,980:1,57344,65.004556698,92084,51.009947439,26.626571267,2021,70.73631995,25.251943877,1.9615384615384615,965.5,1302.0,189.0,1220,0.1065,0.1663,0.0699,0.78,High Vulnerability,0.9,Very High Concern,980,1
Walker,,21.0,28.973509999999997,45.0,22.4,,1160,10.478771454,11520,16.1,22.261886733,53.44589,1871:1,47519,57.403145378,72971,41.926244673,45.582882657,2021,80.794973364,14.704471639,0.5833333333333334,413.5,403.0,35.0,639,0.1365,0.206,0.093,0.7,High Vulnerability,0.9,Very High Concern,1871,1
Waller,,7.0,13.176219999999999,45.0,18.2,6.2864840593,1950,14.625365634,7470,14.9,40.536508521,3.6201700000000003,27623:1,61822,70.489875898,55246,50.217210296,61.641013772,2021,70.628172171,24.119393259,2.0892857142857144,437.0,523.5,24.0,736,0.1114,0.1704,0.0738,0.83,Very High Vulnerability,0.9,Very High Concern,27623,1
Ward,,2.0,17.06485,26.0,15.8,,446,12.808730615,1380,11.9,28.582502952,83.34722,1200:1,61396,51.774691358,11998,49.308218036,27.88515669,2021,71.769733534,28.83813969,0.80625,124.5,97.75,10.0,161,0.1166,0.1765,0.0789,0.65,High Vulnerability,0.96,Very High Concern,1200,1
Washington,,21.0,59.815430000000006,46.0,17.5,,1092,13.836796756,5370,15.4,21.284250548,64.09899,1560:1,59039,59.083469722,35882,51.125912714,53.490717124,2021,73.552475248,21.361685525,0.7142857142857143,302.0,366.5,20.0,350,0.1225,0.1864,0.0827,0.73,High Vulnerability,0.86,Very High Concern,1560,1
Webb,,86.0,31.169580000000003,37.0,28.7,4.6296296296,12072,13.012546889,43810,16.1,68.062476939,53.496809999999996,1869:1,52576,82.810541331,276652,50.789800905,2.5996388392,2021,66.917594833,32.407501121,35.92857142857143,3061.0,3271.5,94.5,4225,0.1039,0.1663,0.0674,0.95,Very High Vulnerability,0.99,Very High Concern,1869,1
Wharton,,14.0,33.63848,40.0,21.5,7.5639019301,1613,14.531531532,6310,15.2,36.426397486,77.00452,1299:1,49901,64.659213848,41556,50.878332852,49.895833333,2021,69.754589118,25.777264414,1.0833333333333333,656.0,891.5,27.5,531,0.1114,0.1704,0.0738,0.88,Very High Vulnerability,0.96,Very High Concern,1299,1
Wheeler,,2.0,38.52822,28.0,17.5,,258,19.210722264,900,16.3,46.537053098,79.11392000000001,1264:1,58544,53.534401508,5056,49.782436709,100.0,2021,72.789738891,25.39556962,0.07142857142857142,151.0,179.5,10.0,57,0.1241,0.1883,0.0824,0.7,High Vulnerability,0.91,Very High Concern,1264,1
Wichita,,102.0,77.23528,47.0,17.4,8.0604534005,2653,8.658616188,22710,17.2,42.920220344,121.75753999999999,821:1,51535,61.594167914,132230,48.315813356,10.666920152,2021,77.378195053,22.527414354,3.263888888888889,1213.5,1620.0,33.25,1577,0.1296,0.2018,0.0855,0.82,Very High Vulnerability,0.83,Very High Concern,821,1
Wilbarger,,5.0,39.00156,48.0,21.4,,333,11.443298969,2390,18.5,26.370059264,46.9888,2128:1,42570,65.067012538,12769,50.834051218,21.891392686,2021,65.617760618,22.092567938,0.1,142.0,165.0,7.5,172,0.1293,0.1898,0.087,0.91,Very High Vulnerability,0.93,Very High Concern,2128,1
Willacy,,7.0,32.53544,50.0,38.1,,463,8.9659178931,4560,21.0,,60.86712000000001,1643:1,35821,86.095100865,21358,44.671785748,34.57576579,2021,60.152196472,23.480662983,0.4782608695652174,178.0,423.5,382.5,231,0.0992,0.1603,0.0642,0.99,Very High Vulnerability,0.98,Very High Concern,1643,1
Williamson,,396.0,69.8759,52.0,6.5,4.1267890069,12862,8.3765337224,58830,11.2,32.179655517,73.15202000000001,1367:1,92661,30.729400141,590551,50.700616882,11.98994982,2021,92.594915631,25.223562402,57.214285714285715,5393.0,5679.5,285.0,7693,0.0946,0.1402,0.061,0.2,Low Vulnerability,0.58,Moderate Concern,1367,1
Wilson,,23.0,45.79484,39.0,11.7,,1321,10.310646269,5490,11.4,30.736240084,52.868610000000004,1891:1,76905,42.284963887,51070,49.810064617,85.861410131,2021,82.705142058,23.81437243,18.630434782608695,429.0,434.0,5.0,569,0.1134,0.1709,0.0762,0.44,Moderate Vulnerability,0.78,High Concern,1891,1
Winkler,,2.0,25.90674,20.0,17.9,,318,13.32774518,940,12.0,22.104257729,37.45318,2670:1,64894,64.878803507,8010,48.339575531,18.129395218,2021,73.272241313,29.076154806,0.975,92.25,145.5,15.0,118,0.1166,0.1765,0.0789,0.65,High Vulnerability,0.99,Very High Concern,2670,1
Wise,,27.0,39.528589999999994,49.0,11.7,6.1908230153,2410,13.582821394,9460,14.6,62.474322274,75.7316,1320:1,70468,50.537827178,69984,49.902834934,72.107497421,2021,77.54928696,24.692786923,1.44,589.5,760.0,15.0,862,0.1293,0.1898,0.087,0.58,Moderate Vulnerability,0.81,Very High Concern,1320,1
Wood,,20.0,44.3174,40.0,22.3,,1136,12.639074321,7360,16.8,67.747330035,68.07352,1469:1,56945,60.268929086,45539,50.367816597,74.199313697,2021,77.516656572,18.856364874,0.45,273.0,316.0,15.0,401,0.1285,0.1874,0.0874,0.63,High Vulnerability,0.87,Very High Concern,1469,1
Yoakum,,3.0,34.920269999999995,19.0,14.9,,435,14.887063655,790,9.3,,57.38552,1743:1,62636,56.049495875,8713,49.110524504,37.327071963,2021,74.97134123,32.698266957,0.47794117647058826,101.25,97.0,10.0,123,0.1143,0.1758,0.0766,0.49,Moderate Vulnerability,0.93,Very High Concern,1743,1
Young,,12.0,66.50042,42.0,20.4,,642,14.244508542,2530,14.0,25.807162904,66.62965,1501:1,52643,60.202516109,18010,50.349805664,33.568733154,2021,75.01026413,23.65907829,0.40476190476190477,167.5,246.5,10.0,224,0.1293,0.1898,0.087,0.55,Moderate Vulnerability,0.84,Very High Concern,1501,1
Zapata,,1.0,7.04722,32.0,43.7,,567,11.924290221,2990,20.8,,21.158050000000003,4726:1,36069,84.866553095,14179,50.271528317,23.534027679,2021,58.56095936,33.062980464,0.1,126.5,143.0,12.5,197,0.1146,0.1867,0.0742,0.99,Very High Vulnerability,1.0,Very High Concern,4726,1
Zavala,,1.0,8.34516,26.0,40.4,,289,8.0907054871,2730,22.5,,84.45946,1184:1,32538,84.440078585,11840,49.087837838,38.032028775,2021,52.422290675,28.386824324,0.15625,108.5,147.0,0.0,150,0.107,0.1724,0.0705,1.0,Very High Vulnerability,1.0,Very High Concern,1184,1
Anderson,,22.0,38.10514,44.0,27.6,,1613,14.285714286,8400,14.5,41.475037318,65.73826,1521:1,50879,64.166666667,57805,,,2022,74.327997584,19.036415535,0.0,447.0,507.0,25.0,517,0.1398,0.2105,0.0948,0.79,High Vulnerability,0.95,Very High Concern,1521,1
Andrews,,7.0,37.42315,19.0,12.0,,973,15.987512323,1760,9.8,69.942275167,63.56269,1573:1,76600,47.923835742,18879,,,2022,89.07771287,31.426452672,0.0,268.0,386.0,17.5,316,0.1166,0.1765,0.0789,0.47,Moderate Vulnerability,0.88,Very High Concern,1573,1
Angelina,,54.0,62.272960000000005,51.0,25.1,7.0544554455,3004,13.286744217,15090,17.3,42.495365935,103.69140999999999,964:1,49943,73.401819783,86796,,,2022,85.364065289,25.385962487,0.0,563.0,560.0,23.5,1082,0.125,0.1935,0.0836,0.98,Very High Vulnerability,0.89,Very High Concern,964,1
Aransas,,7.0,29.77456,47.0,30.8,,710,16.480965645,4450,18.2,,62.98816,1588:1,51461,64.733648011,23814,,,2022,85.086215589,18.035609305,0.0,167.0,178.0,15.0,197,0.1183,0.18,0.0772,0.8,Very High Vulnerability,0.85,Very High Concern,1588,1
Archer,,,,47.0,11.2,,320,16.46090535,1240,14.2,,,,69566,32.075471698,8730,,,2022,77.768289212,21.489117984,0.0,71.5,78.5,2.5,92,0.1293,0.1898,0.087,0.09,Very Low Vulnerability,0.8,Very High Concern,,
Armstrong,,0.0,0.0,39.0,12.4,,69,15.367483296,240,12.2,,0.0,1869:0,62256,36.858006042,1869,,,2022,85.277777778,22.311396469,0.0,22.5,20.0,5.0,20,0.1241,0.1883,0.0824,0.16,Very Low Vulnerability,0.56,Moderate Concern,1869,0
Atascosa,,9.0,17.59428,37.0,22.0,,1965,13.652469951,6140,12.4,82.92746359,50.266799999999996,1989:1,60594,65.960832313,51724,,,2022,82.66869224,26.94493852,0.0,436.0,614.0,20.0,666,0.1146,0.174,0.0756,0.85,Very High Vulnerability,0.95,Very High Concern,1989,1
Austin,,5.0,16.64891,44.0,18.0,,1136,15.256513564,4000,13.4,32.647534793,56.71959999999999,1763:1,60593,51.572099747,29972,,,2022,80.663843029,23.55198185,0.0,328.0,347.0,22.5,349,0.1114,0.1704,0.0738,0.49,Moderate Vulnerability,0.82,Very High Concern,1763,1
Bailey,,2.0,28.57143,37.0,23.3,,413,18.789808917,770,10.9,,104.52440999999999,957:1,48259,85.132237312,6697,,,2022,73.054474708,29.416156488,0.0,66.0,123.0,22.5,130,0.1143,0.1758,0.0766,0.8,Very High Vulnerability,0.96,Very High Concern,957,1
Bandera,,5.0,21.633779999999998,40.0,21.3,,588,15.245009074,3540,16.0,,58.67315,1704:1,64389,51.036070606,23861,,,2022,84.603886398,16.550018859,0.0,102.5,118.5,12.5,182,0.1146,0.174,0.0756,0.51,Moderate Vulnerability,0.77,High Concern,1704,1
Bastrop,,24.0,27.050480000000004,42.0,16.4,4.3982407037,3524,15.094016362,10230,12.1,44.881529314,43.66765,2290:1,74612,69.31923006,91601,,,2022,82.860199442,25.401469416,0.0,1040.0,1281.0,87.5,1429,0.124,0.188,0.0827,0.75,High Vulnerability,0.85,Very High Concern,2290,1
Baylor,,5.0,142.49074,29.0,21.8,,104,12.606060606,580,16.3,25.590992094,56.85048,1759:1,44392,59.930915371,3518,,,2022,78.593460827,22.797043775,0.0,33.5,37.5,0.0,48,0.1293,0.1898,0.087,0.16,Very Low Vulnerability,0.78,High Concern,1759,1
Bee,,7.0,21.49547,33.0,26.1,7.9904115062,681,9.8424627836,5400,16.6,47.317412578,64.58955,1548:1,46316,81.059212946,32513,,,2022,68.384515825,20.671731307,0.0,166.0,200.0,10.0,309,0.1183,0.18,0.0772,0.97,Very High Vulnerability,0.99,Very High Concern,1548,1
Bell,,280.0,77.15114,36.0,21.4,6.5978802555,10103,9.8867762044,52720,15.1,43.960578608,186.25296,537:1,53639,57.983467788,369927,,,2022,88.011642425,27.429465814,0.0,3514.0,4120.0,164.0,6092,0.1244,0.1993,0.0815,0.81,Very High Vulnerability,0.83,Very High Concern,537,1
Bexar,,1531.0,76.41421,39.0,20.5,6.1205886183,49744,9.5222781185,270950,13.9,44.347527864,116.88243,856:1,60477,62.528289072,2026823,,,2022,84.235937328,25.065484258,0.0,14236.0,17848.0,2256.0,26609,0.1005,0.1587,0.0641,0.83,Very High Vulnerability,0.87,Very High Concern,856,1
Blanco,,5.0,41.90764,46.0,14.6,,471,20.924033763,1500,13.1,,40.75312,2454:1,66383,44.278903456,12269,,,2022,87.824222937,17.230418127,0.0,43.5,62.5,2.5,99,0.1008,0.1475,0.0669,0.28,Low Vulnerability,0.68,High Concern,2454,1
Borden,,0.0,0.0,37.0,8.5,,16,11.510791367,80,13.2,,0.0,706:0,69499,30.917874396,706,,,2022,81.614349776,20.254957507,0.0,7.5,15.0,0.0,,0.1235,0.1873,0.0822,0.06,Very Low Vulnerability,0.72,High Concern,706,0
Bosque,,10.0,53.51887000000001,33.0,19.2,,639,15.781674488,3010,16.5,31.720917319,37.62834,2658:1,58056,65.567911041,18603,,,2022,74.803583735,20.722464119,0.0,118.5,148.5,2.5,179,0.1248,0.188,0.085,0.62,High Vulnerability,0.89,Very High Concern,2658,1
Bowie,,67.0,71.85372,44.0,23.4,9.200968523,2073,9.2153811958,15100,16.2,47.805947013,186.13408,537:1,50326,62.107033961,93481,,,2022,73.117871832,23.532054642,0.0,515.0,635.0,23.5,995,0.1356,0.2056,0.0926,0.85,Very High Vulnerability,0.86,Very High Concern,537,1
Brazoria,,240.0,64.12586,44.0,10.0,4.6175704475,10494,10.229765166,41090,11.4,46.79054136,68.59071,1458:1,83576,47.46164688,380518,,,2022,90.025285061,25.916776605,0.0,3762.0,4380.0,236.0,4827,0.1074,0.1608,0.071,0.51,Moderate Vulnerability,0.69,High Concern,1458,1
Brazos,,195.0,85.07445,54.0,19.5,5.0300767476,5607,11.466726655,34500,15.5,38.329016679,71.38096,1401:1,53570,58.681626928,232555,,,2022,82.959982334,20.583947883,0.0,1881.0,2420.0,146.0,2752,0.1055,0.1682,0.0691,0.65,High Vulnerability,0.81,Very High Concern,1401,1
Brewster,,8.0,86.92818,15.0,16.6,,249,14.196123147,1440,15.6,,97.43423,1026:1,48537,54.913294798,9237,,,2022,75.139794967,18.350113673,0.0,35.5,74.5,7.5,72,0.1166,0.1765,0.0789,0.66,High Vulnerability,0.84,Very High Concern,1026,1
Briscoe,,1.0,64.68305,32.0,22.8,,64,20.578778135,230,15.8,,67.2495,1487:1,50062,55.989583333,1487,,,2022,70.068027211,20.712844654,0.0,22.5,22.5,2.5,13,0.1241,0.1883,0.0824,0.46,Moderate Vulnerability,0.95,Very High Concern,1487,1
Brooks,,,,38.0,45.0,,164,8.4318766067,1570,22.0,,28.71913,3482:1,33513,84.130146082,6964,,,2022,64.202020202,27.800114877,0.0,59.5,89.5,10.0,102,0.0992,0.1603,0.0642,1.0,Very High Vulnerability,0.99,Very High Concern,3482,1
Brown,,22.0,58.10267999999999,40.0,22.3,7.5839653304,1116,13.397358944,5670,15.0,44.298342625,87.689,1140:1,48752,62.399270184,37633,,,2022,78.534282195,20.939069434,0.0,318.0,402.0,22.5,374,0.1278,0.1901,0.086,0.63,High Vulnerability,0.72,High Concern,1140,1
Burleson,,8.0,43.376889999999996,43.0,19.9,,617,14.732569245,2470,13.7,27.199626601,37.80923,2645:1,64836,62.825144509,18514,,,2022,76.367046602,21.556659825,0.0,162.0,188.0,12.5,210,0.1225,0.1864,0.0827,0.61,High Vulnerability,0.83,Very High Concern,2645,1
Burnet,,19.0,39.45592,45.0,16.4,,1480,13.971490607,6430,13.8,68.921883489,66.46124,1505:1,63813,62.825572218,49653,,,2022,83.945006903,20.687571748,0.0,361.0,430.0,22.5,594,0.1264,0.1929,0.0847,0.53,Moderate Vulnerability,0.7,High Concern,1505,1
Caldwell,,12.0,27.482590000000002,41.0,18.6,5.6038105912,1591,15.162489279,6230,14.8,42.916038319,47.75006,2094:1,66128,72.841949048,43979,,,2022,77.217946856,22.817708452,0.0,459.0,556.0,39.0,659,0.124,0.188,0.0827,0.87,Very High Vulnerability,0.97,Very High Concern,2094,1
Calhoun,,11.0,51.66745,33.0,21.4,,730,13.888888889,3050,14.1,42.275863047,76.18685,1313:1,58470,61.276041667,21001,,,2022,79.444375234,23.775058331,0.0,189.0,231.0,22.5,228,0.1065,0.1663,0.0699,0.86,Very High Vulnerability,0.88,Very High Concern,1313,1
Callahan,,1.0,7.17206,40.0,19.0,,370,11.649874055,2080,15.0,,56.697379999999995,1764:1,54862,53.922345483,14110,,,2022,76.265822785,21.176470588,0.0,121.0,140.0,10.0,155,0.1278,0.1901,0.086,0.3,Low Vulnerability,0.8,High Concern,1764,1
Cameron,,210.0,49.626270000000005,41.0,34.6,5.0383674846,17765,13.850015982,73730,17.5,78.355916189,82.27638999999999,1215:1,44440,85.376196594,424180,,,2022,63.020603617,29.513649866,0.0,4667.0,6652.0,5825.0,6112,0.105,0.1701,0.0683,0.98,Very High Vulnerability,0.98,Very High Concern,1215,1
Camp,,11.0,84.00794,35.0,24.8,,500,14.302059497,2080,16.2,30.709870992,38.28484,2612:1,43130,77.017615731,13060,,,2022,75.538116592,26.003062787,0.0,136.0,166.5,5.0,163,0.1285,0.1874,0.0874,0.9,Very High Vulnerability,0.98,Very High Concern,2612,1
Carson,,,,48.0,10.7,,194,13.25136612,730,12.2,,187.90571,532:1,66597,33.164983165,5854,,,2022,78.559176672,23.009907755,0.0,41.5,58.5,7.5,60,0.1241,0.1883,0.0824,0.03,Very Low Vulnerability,0.6,High Concern,532,1
Cass,,7.0,23.31313,35.0,25.6,,707,10.327198364,5270,17.5,36.636058161,56.896150000000006,1758:1,50595,62.876737051,29879,,,2022,75.4138104,22.206231802,0.0,176.0,199.5,12.5,293,0.1356,0.2056,0.0926,0.78,High Vulnerability,0.98,Very High Concern,1758,1
Castro,,1.0,13.280209999999999,28.0,20.4,,439,19.792605951,900,11.8,,54.08329,1849:1,55139,65.521327014,7396,,,2022,73.48455221,28.637101136,0.0,89.0,84.5,5.0,110,0.1241,0.1883,0.0824,0.78,High Vulnerability,0.99,Very High Concern,1849,1
Chambers,,5.0,11.405890000000001,34.0,11.0,,1560,12.181789786,5300,12.8,12.562612314,52.64312,1900:1,89991,36.765153823,45590,,,2022,85.896537221,28.194779557,0.0,525.0,644.0,28.0,675,0.1377,0.2028,0.0929,0.41,Moderate Vulnerability,0.79,High Concern,1900,1
Cherokee,,22.0,41.78855,42.0,24.4,8.3349486335,1875,13.786764706,7840,15.0,36.356376801,49.172579999999996,2034:1,45894,65.896836808,52875,,,2022,78.82416397,25.172576832,0.0,528.0,640.0,17.5,679,0.1282,0.1918,0.0871,0.92,Very High Vulnerability,0.94,Very High Concern,2034,1
Childress,,10.0,136.8738,25.0,24.1,,220,15.30967293,1170,16.1,,125.99748,794:1,45473,54.311926606,7143,,,2022,77.59965338,18.493630127,0.0,43.5,47.0,0.0,72,0.1241,0.1883,0.0824,0.75,High Vulnerability,0.92,Very High Concern,794,1
Clay,,4.0,38.200739999999996,47.0,14.6,,314,14.403669725,1610,15.5,,18.957349999999998,5275:1,62763,47.136829415,10550,,,2022,79.129598461,19.383886256,0.0,74.5,101.5,0.0,91,0.1293,0.1898,0.087,0.32,Low Vulnerability,0.68,High Concern,5275,1
Cochran,,2.0,70.10165,22.0,29.4,,144,18.997361478,490,16.9,,69.03693,1449:1,44584,68.398876404,2897,,,2022,71.832358674,26.855367622,0.0,27.5,40.5,2.5,52,0.1143,0.1758,0.0766,0.86,Very High Vulnerability,0.99,Very High Concern,1449,1
Coke,,,,51.0,18.0,,121,16.133333333,510,15.5,,0.0,3323:0,51050,52.6,3323,,,2022,73.476923077,20.58380981,0.0,15.0,25.0,2.5,35,0.1235,0.1873,0.0822,0.62,High Vulnerability,0.91,Very High Concern,3323,0
Coleman,,5.0,61.162079999999996,26.0,28.1,,309,17.913043478,1340,16.1,22.872433266,37.03704,2700:1,43623,70.716009654,8100,,,2022,76.030927835,20.592592593,0.0,62.5,79.5,0.0,85,0.1278,0.1901,0.086,0.42,Moderate Vulnerability,0.94,Very High Concern,2700,1
Collin,,1044.0,100.89589,56.0,6.7,4.3124346118,24796,8.7766305752,107700,11.1,31.384781793,80.03216,1249:1,101560,25.903504667,1072069,,,2022,94.228141593,25.333257468,0.0,6646.0,8567.0,1020.0,12808,0.083,0.1234,0.0542,0.15,Very Low Vulnerability,0.49,Moderate Concern,1249,1
Collingsworth,,1.0,34.24658,14.0,25.5,,173,23.035952064,460,15.4,,139.03372,719:1,47885,64.385964912,2877,,,2022,67.444120505,25.929787974,0.0,25.0,37.0,0.0,27,0.1241,0.1883,0.0824,0.89,Very High Vulnerability,0.98,Very High Concern,719,1
Colorado,,10.0,46.52678,36.0,18.4,,932,18.199570396,2480,11.7,23.78858233,32.39241,3087:1,52726,66.535874439,21610,,,2022,73.327062618,23.493752892,0.0,208.0,238.0,17.5,258,0.1114,0.1704,0.0738,0.68,High Vulnerability,0.93,Very High Concern,3087,1
Comal,,104.0,66.57746999999999,46.0,9.4,5.9625982474,4309,11.661389408,17230,12.2,51.448206932,74.63049000000001,1340:1,79290,33.643587668,164812,,,2022,91.378741802,22.234424678,0.0,1249.0,1340.0,60.5,1912,0.0937,0.1369,0.0619,0.24,Low Vulnerability,0.64,High Concern,1340,1
Comanche,,7.0,51.33847,27.0,24.0,,525,16.940948693,1910,14.1,57.889102564,50.90909,1964:1,47282,66.719745223,13750,,,2022,75.092319055,22.305454545,0.0,162.0,163.0,7.5,176,0.1278,0.1901,0.086,0.73,High Vulnerability,0.92,Very High Concern,1964,1
Concho,,1.0,36.68379,46.0,20.9,,83,16.147859922,420,13.0,,70.74637,1414:1,47412,68.764044944,2827,,,2022,73.97260274,18.040325433,0.0,20.0,25.0,0.0,13,0.1235,0.1873,0.0822,0.43,Moderate Vulnerability,0.96,Very High Concern,1414,1
Cooke,,12.0,29.08597,43.0,16.1,,1517,15.369807497,5880,14.7,60.852143308,86.97123,1150:1,66323,54.986914801,41393,,,2022,77.656149388,23.472567825,0.0,419.0,566.0,20.0,491,0.1317,0.1945,0.0881,0.62,High Vulnerability,0.85,Very High Concern,1150,1
Coryell,,14.0,18.432940000000002,29.0,16.8,7.1075401731,1551,8.8572897036,12230,16.3,35.700258261,56.03554999999999,1785:1,58398,55.780842814,76737,,,2022,87.493280774,22.306058355,0.0,582.0,675.0,27.5,974,0.1264,0.1929,0.0847,0.78,High Vulnerability,0.82,Very High Concern,1785,1
Cottle,,0.0,0.0,19.0,31.7,,53,15.915915916,380,23.1,,0.0,1363:0,44430,68.0,1363,,,2022,68.421052632,21.790168745,0.0,15.0,15.0,0.0,,0.1293,0.1898,0.087,0.94,Very High Vulnerability,1.0,Very High Concern,1363,0
Crane,,1.0,20.84636,12.0,12.9,,224,15.352981494,400,8.3,,20.98636,4765:1,67547,43.441226576,4765,,,2022,72.266666667,28.625393494,0.0,48.0,68.0,7.5,71,0.1166,0.1765,0.0789,0.47,Moderate Vulnerability,0.93,Very High Concern,4765,1
Crockett,,1.0,28.868360000000003,24.0,17.7,,134,15.056179775,430,12.4,,0.0,3513:0,54458,46.7324291,3513,,,2022,66.857962697,25.277540564,0.0,29.5,39.0,7.5,32,0.1235,0.1873,0.0822,0.69,High Vulnerability,0.9,Very High Concern,3513,0
Crosby,,2.0,34.86143,45.0,30.3,,200,13.157894737,970,16.6,1.9528269164,53.88898999999999,1856:1,42804,81.474480151,5567,,,2022,78.690080683,25.597269625,0.0,38.0,76.5,0.0,71,0.1143,0.1758,0.0766,0.94,Very High Vulnerability,0.99,Very High Concern,1856,1
Culberson,,1.0,46.06172,16.0,29.4,,86,17.234468938,420,19.0,,93.06654,1075:1,47479,78.497409326,2149,,,2022,54.790419162,22.801302932,0.0,20.0,24.5,2.5,32,0.1166,0.1765,0.0789,1.0,Very High Vulnerability,1.0,Very High Concern,1075,1
Dallam,,5.0,68.61534,29.0,16.0,,634,26.616288833,940,12.9,,151.24433,661:1,55253,72.084130019,7273,,,2022,76.791808874,32.655025437,0.0,77.5,143.0,12.5,142,0.1241,0.1883,0.0824,0.55,Moderate Vulnerability,0.92,Very High Concern,661,1
Dallas,,1863.0,70.68824,51.0,20.1,6.3617250733,109538,15.722044563,364840,14.0,51.204936365,124.62593000000001,802:1,65770,73.320643047,2635888,,,2022,84.90331883,25.562770497,0.0,19697.0,30499.0,4266.0,37228,0.1078,0.1697,0.0704,0.75,High Vulnerability,0.83,Very High Concern,802,1
Dawson,,5.0,39.28347,31.0,24.4,,444,13.265610995,2370,18.5,20.624120279,53.95406,1853:1,47233,66.666666667,12974,,,2022,77.404063205,25.450901804,0.0,112.5,136.0,7.5,154,0.1235,0.1873,0.0822,0.95,Very High Vulnerability,1.0,Very High Concern,1853,1
DeWitt,,11.0,54.56349,34.0,27.6,,649,13.956989247,3010,14.8,33.345890873,59.4825,1681:1,53899,66.063853539,20174,,,2022,67.888025795,22.474472093,0.0,176.0,224.0,15.0,213,0.1134,0.1709,0.0762,0.82,Very High Vulnerability,0.97,Very High Concern,1681,1
Deaf Smith,,2.0,10.783999999999999,37.0,22.6,,830,14.207463198,2380,12.7,,114.89851,870:1,51412,80.3870043,18277,,,2022,79.035189162,30.967883132,0.0,257.0,307.0,26.0,313,0.1241,0.1883,0.0824,0.84,Very High Vulnerability,0.9,Very High Concern,870,1
Delta,,1.0,18.758210000000002,44.0,21.5,,165,12.790697674,950,18.1,61.653200746,56.085249999999995,1783:1,50456,60.397196262,5349,,,2022,69.554695063,23.06973266,0.0,30.0,39.0,0.0,81,0.1283,0.1937,0.0866,0.57,Moderate Vulnerability,0.85,Very High Concern,1783,1
Denton,,479.0,53.98966,54.0,7.6,4.2977309677,22582,9.9096885175,93820,11.3,40.090277784,73.09719,1368:1,90880,32.847341868,919324,,,2022,93.371592062,23.866667247,0.0,6672.0,8087.0,686.0,11506,0.0949,0.1412,0.0617,0.22,Low Vulnerability,0.63,High Concern,1368,1
Dickens,,1.0,45.2284,31.0,27.7,,69,16.428571429,400,18.1,,46.72897,2140:1,42034,68.695652174,2140,,,2022,82.694541231,17.056074766,0.0,25.0,25.0,0.0,18,0.1143,0.1758,0.0766,0.88,Very High Vulnerability,0.93,Very High Concern,2140,1
Dimmit,,4.0,39.51008,39.0,34.4,,323,10.964019009,2100,20.1,,80.60453,1241:1,42788,74.683544304,9925,,,2022,65.261170548,28.141057935,0.0,95.0,154.0,308.5,116,0.107,0.1724,0.0705,1.0,Very High Vulnerability,0.99,Very High Concern,1241,1
Donley,,,,19.0,24.8,,107,16.31097561,520,15.6,50.436046512,120.91897999999999,827:1,57526,54.320987654,3308,,,2022,67.038690476,19.92140266,0.0,27.5,28.5,0.0,18,0.1241,0.1883,0.0824,0.45,Moderate Vulnerability,0.82,Very High Concern,827,1
Duval,,,,36.0,32.1,,337,11.697327317,1930,17.2,,45.21613,2212:1,40601,79.765949415,11058,,,2022,65.688288817,26.035449448,0.0,83.0,135.0,0.0,144,0.1146,0.1867,0.0742,1.0,Very High Vulnerability,1.0,Very High Concern,2212,1
Eastland,,5.0,27.233120000000003,37.0,23.2,,603,15.204236006,3260,17.8,47.508972565,54.38329,1839:1,50317,61.843515541,18388,,,2022,72.338606242,21.051772895,0.0,178.0,202.5,12.5,204,0.1278,0.1901,0.086,0.81,Very High Vulnerability,0.98,Very High Concern,1839,1
Ector,,99.0,59.558539999999994,40.0,17.9,5.5278348498,8046,15.456431535,18420,11.5,39.488149644,93.0227,1075:1,62669,52.722920407,167701,,,2022,84.131189135,30.531123845,0.0,2213.0,2775.0,312.0,3015,0.1113,0.171,0.0731,0.79,High Vulnerability,0.88,Very High Concern,1075,1
Edwards,,1.0,51.759829999999994,30.0,31.8,,81,18.75,250,13.1,,0.0,1923:0,45330,65.700483092,1923,,,2022,48.284625159,22.256890276,0.0,25.0,22.5,5.0,20,0.107,0.1724,0.0705,0.44,Moderate Vulnerability,0.92,Very High Concern,1923,0
El Paso,,419.0,49.92624,31.0,22.7,4.4294285811,27003,11.734567499,121760,14.6,51.955968232,89.74356,1114:1,48522,75.909332025,841286,,,2022,82.664747024,26.530930029,0.0,6573.0,9411.0,6844.0,11597,0.0965,0.1577,0.0608,0.95,Very High Vulnerability,0.96,Very High Concern,1114,1
Ellis,,76.0,41.11976,52.0,11.1,5.8931377685,6519,12.748357322,20050,11.5,35.942945446,65.18565,1534:1,79849,48.252319109,191760,,,2022,90.065489318,26.35951189,0.0,2003.0,2257.0,71.5,2820,0.1147,0.169,0.0766,0.39,Low Vulnerability,0.7,High Concern,1534,1
Erath,,24.0,56.20872,48.0,15.5,6.160164271,1483,16.321813779,6200,14.8,79.694197952,55.52471,1801:1,61453,53.559711286,43224,,,2022,86.678819323,20.870349806,0.0,365.0,453.0,22.5,520,0.1134,0.1689,0.0762,0.63,High Vulnerability,0.87,Very High Concern,1801,1
Falls,,2.0,11.5627,35.0,25.2,,478,13.003264418,3310,19.1,46.098823333,57.887119999999996,1728:1,44590,75.195822454,17275,,,2022,68.083573487,21.105643994,0.0,141.0,195.0,7.5,185,0.1248,0.188,0.085,0.98,Very High Vulnerability,0.99,Very High Concern,1728,1
Fannin,,7.0,19.710539999999998,43.0,17.5,,1110,14.212548015,5100,14.8,40.200701224,47.336619999999996,2113:1,59746,56.998043749,35913,,,2022,74.699378581,21.184529279,0.0,297.0,318.0,22.5,371,0.1317,0.1945,0.0881,0.58,Moderate Vulnerability,0.86,Very High Concern,2113,1
Fayette,,8.0,31.56317,47.0,14.4,,894,16.919000757,3350,13.3,22.112172227,58.71531,1703:1,63713,47.517730496,25547,,,2022,65.393556958,20.178494539,0.0,185.5,209.0,12.5,242,0.124,0.188,0.0827,0.44,Moderate Vulnerability,0.84,Very High Concern,1703,1
Fisher,,1.0,26.109659999999998,10.0,17.6,,143,16.686114352,600,15.6,18.079693759,105.70824999999999,946:1,52828,55.635062612,3784,,,2022,75.596658711,21.405919662,0.0,31.0,45.5,0.0,31,0.1278,0.1901,0.086,0.43,Moderate Vulnerability,0.91,Very High Concern,946,1
Floyd,,3.0,52.52101,34.0,29.5,,242,15.633074935,760,13.0,43.037974684,88.15233,1134:1,44256,77.01048951,5672,,,2022,73.580586081,25.81100141,0.0,45.0,71.0,0.0,63,0.1143,0.1758,0.0766,0.83,Very High Vulnerability,0.97,Very High Concern,1134,1
Foard,,0.0,0.0,33.0,29.9,,44,18.181818182,180,14.4,,88.10573,1135:1,40955,77.391304348,1135,,,2022,68.958742633,18.766519824,0.0,15.0,17.5,0.0,,0.1293,0.1898,0.087,0.48,Moderate Vulnerability,0.93,Very High Concern,1135,1
Fort Bend,,688.0,84.76163,50.0,9.4,4.1503001556,22621,9.6381794787,72370,9.5,47.06376717,77.52713,1290:1,97210,37.955971875,839706,,,2022,93.851364685,27.058399011,0.0,7767.0,9422.0,1005.0,9587,0.0795,0.1228,0.0524,0.29,Low Vulnerability,0.54,Moderate Concern,1290,1
Franklin,,3.0,27.97203,43.0,20.4,,361,13.954387321,1520,14.1,67.750839768,27.723869999999998,3607:1,58927,59.949302915,10821,,,2022,84.393939394,22.964605859,0.0,83.0,107.5,12.5,103,0.1283,0.1937,0.0866,0.53,Moderate Vulnerability,0.79,High Concern,3607,1
Freestone,,6.0,30.43059,37.0,16.7,,666,14.409346603,3430,17.4,22.623845474,45.2853,2208:1,54502,59.107192064,19874,,,2022,68.467933492,22.59233169,0.0,147.0,201.0,2.5,212,0.1248,0.188,0.085,0.84,Very High Vulnerability,0.97,Very High Concern,2208,1
Frio,,4.0,19.69861,34.0,28.8,,596,12.319140141,3000,15.1,,78.51219,1274:1,47007,80.837563452,20379,,,2022,65.268564092,22.694931056,0.0,140.0,151.0,5.0,209,0.1146,0.174,0.0756,0.99,Very High Vulnerability,0.99,Very High Concern,1274,1
Gaines,,2.0,9.30579,27.0,19.8,,2294,28.721672718,2720,13.1,52.94243756,22.73141,4399:1,63528,56.761803148,21996,,,2022,80.333446751,36.406619385,0.0,191.0,254.0,35.0,467,0.1166,0.1765,0.0789,0.68,High Vulnerability,0.99,Very High Concern,4399,1
Galveston,,261.0,76.28478,47.0,14.1,4.7870295957,9688,11.262366166,46810,14.1,48.013386483,102.00267000000001,980:1,78465,47.353076326,345089,,,2022,88.811859046,23.905137515,0.0,2954.0,3872.0,214.0,3881,0.1049,0.1574,0.0689,0.58,Moderate Vulnerability,0.73,High Concern,980,1
Garza,,1.0,16.053939999999997,35.0,23.4,,148,14.41090555,940,15.5,38.598698163,16.072,6222:1,50934,68.008474576,6222,,,2022,82.545242265,16.200578592,0.0,31.0,35.5,2.5,55,0.1143,0.1758,0.0766,0.72,High Vulnerability,0.96,Very High Concern,6222,1
Gillespie,,33.0,122.27657,54.0,15.2,,1168,20.890717224,3500,13.2,,63.05638,1586:1,64365,50.82010582,26960,,,2022,83.14232902,19.56231454,0.0,156.0,250.0,25.0,248,0.1008,0.1475,0.0669,0.36,Low Vulnerability,0.61,High Concern,1586,1
Glasscock,,0.0,0.0,42.0,9.9,,70,18.469656992,170,11.3,,0.0,1439:0,85001,32.679738562,1439,,,2022,85.747126437,24.878387769,0.0,17.5,27.5,0.0,17,0.1235,0.1873,0.0822,0.18,Very Low Vulnerability,0.81,Very High Concern,1439,0
Goliad,,,,42.0,20.8,,226,13.688673531,1020,13.5,25.614202223,13.11303,7626:1,54970,51.023502654,7626,,,2022,67.746478873,20.194072908,0.0,41.5,49.0,0.0,75,0.1134,0.1709,0.0762,0.58,Moderate Vulnerability,0.97,Very High Concern,7626,1
Gonzales,,8.0,38.39324,37.0,22.3,,888,15.56802244,2850,13.8,32.867319504,62.058429999999994,1611:1,55363,75.817757009,20948,,,2022,77.213663764,26.689898797,0.0,205.0,216.0,10.0,298,0.1134,0.1709,0.0762,0.9,Very High Vulnerability,0.98,Very High Concern,1611,1
Gray,,10.0,45.69131,45.0,18.0,,833,14.588441331,3520,15.7,74.1690297,55.406780000000005,1805:1,54141,58.462694041,21658,,,2022,76.794593905,24.859174439,0.0,172.0,230.0,12.5,240,0.1241,0.1883,0.0824,0.84,Very High Vulnerability,0.95,Very High Concern,1805,1
Grayson,,62.0,45.51728,51.0,20.8,6.3785823376,4853,14.536033068,20780,15.9,43.363208633,93.26335,1072:1,59554,54.843292938,138318,,,2022,78.987167271,23.642620628,0.0,1258.0,1691.0,88.5,1687,0.1317,0.1945,0.0881,0.66,High Vulnerability,0.79,High Concern,1072,1
Gregg,,107.0,86.32861,49.0,26.3,7.5115870225,4496,13.850040047,20510,16.6,34.926050453,160.993,621:1,51394,62.659967769,124229,,,2022,83.152856586,25.553614695,0.0,984.0,1165.0,59.5,1735,0.1265,0.1924,0.0851,0.88,Very High Vulnerability,0.79,High Concern,621,1
Grimes,,8.0,27.700830000000003,49.0,20.6,,1084,16.386999244,4210,15.0,43.89797853,33.76781,2961:1,57795,64.20552677,29614,,,2022,77.460351944,21.895049639,0.0,293.0,287.0,15.0,359,0.1225,0.1864,0.0827,0.86,Very High Vulnerability,0.9,Very High Concern,2961,1
Guadalupe,,50.0,29.96758,36.0,10.7,5.3183169091,4794,11.037690236,17550,11.0,45.784990773,42.20201,2370:1,78909,42.122515156,170608,,,2022,88.87991384,24.487714527,0.0,1444.0,1594.0,63.5,2099,0.1024,0.1543,0.0667,0.43,Moderate Vulnerability,0.77,High Concern,2370,1
Hale,,11.0,32.928219999999996,37.0,24.6,,1302,14.262241209,4730,14.0,43.217151832,67.16737,1489:1,46589,75.851872712,32754,,,2022,75.881704629,26.619649508,0.0,366.0,399.0,22.5,442,0.1143,0.1758,0.0766,0.93,Very High Vulnerability,0.97,Very High Concern,1489,1
Hall,,,,27.0,36.7,,106,15.844544096,580,19.2,,34.02518,2939:1,36654,78.494623656,2939,,,2022,70.207667732,20.959510037,0.0,22.5,31.0,0.0,21,0.1241,0.1883,0.0824,0.95,Very High Vulnerability,1.0,Very High Concern,2939,1
Hamilton,,8.0,94.55147,23.0,20.9,,359,18.815513627,1430,17.1,,81.80436999999999,1222:1,52840,53.748558247,8557,,,2022,74.26005986,21.339254412,0.0,65.0,102.0,2.5,74,0.1264,0.1929,0.0847,0.61,High Vulnerability,0.78,High Concern,1222,1
Hansford,,3.0,55.56585,45.0,15.4,,402,23.914336704,840,15.2,,75.77193,1320:1,61059,57.337151038,5279,,,2022,75.632060247,29.266906611,0.0,35.5,73.5,7.5,71,0.1241,0.1883,0.0824,0.76,High Vulnerability,0.83,Very High Concern,1320,1
Hardeman,,5.0,127.12942,34.0,23.6,,166,19.168591224,660,16.6,,49.862880000000004,2006:1,63479,81.680440771,4011,,,2022,70.813397129,21.366242832,0.0,34.0,40.0,5.0,38,0.1293,0.1898,0.087,0.73,High Vulnerability,0.96,Very High Concern,2006,1
Hardin,,12.0,20.83261,43.0,12.9,6.2578222778,1643,11.162443101,8850,15.6,72.798951919,60.02916,1666:1,69151,47.208500326,58305,,,2022,83.684160846,24.406140125,0.0,434.0,552.0,24.5,647,0.1338,0.1949,0.0899,0.25,Low Vulnerability,0.81,Very High Concern,1666,1
Harris,,2788.0,59.15145,47.0,23.3,5.9292286292,186257,14.545873422,644710,13.9,50.848828382,104.89098,953:1,61906,68.174797696,4738253,,,2022,86.860208993,26.275718076,0.0,48614.0,59569.0,9077.0,66112,0.1057,0.1669,0.0691,0.72,High Vulnerability,0.79,High Concern,953,1
Harrison,,20.0,30.05124,46.0,21.9,6.8382220623,2196,12.913848868,10430,15.7,45.665664738,64.77269,1544:1,55198,47.736709899,66386,,,2022,72.677320582,24.728105323,0.0,521.0,554.0,32.0,795,0.1276,0.1901,0.0861,0.73,High Vulnerability,0.94,Very High Concern,1544,1
Hartley,,,,40.0,9.1,,257,21.239669421,670,11.8,,,,74686,65.855039638,5443,,,2022,85.097575399,21.091309939,0.0,33.5,41.5,17.5,75,0.1241,0.1883,0.0824,0.53,Moderate Vulnerability,0.74,High Concern,,
Haskell,,3.0,53.022270000000006,38.0,25.6,,162,16.463414634,1040,18.2,5.5975525434,17.37921,5754:1,44847,73.987730061,5754,,,2022,71.97039778,17.257559958,0.0,44.5,48.0,0.0,33,0.1278,0.1901,0.086,0.98,Very High Vulnerability,0.99,Very High Concern,5754,1
Hays,,98.0,42.57334,49.0,9.9,3.6802174159,6390,11.620294599,25610,12.0,49.043805255,61.73223,1620:1,77511,46.116541259,241365,,,2022,87.259527658,22.772150063,0.0,2181.0,2476.0,156.5,3250,0.1018,0.157,0.0664,0.49,Moderate Vulnerability,0.73,High Concern,1620,1
Hemphill,,4.0,104.73946000000001,31.0,14.5,,250,20.576131687,480,12.1,,79.42812,1259:1,65718,40.476190476,3777,,,2022,80.973451327,30.050304474,0.0,27.5,42.0,0.0,30,0.1241,0.1883,0.0824,0.74,High Vulnerability,0.8,Very High Concern,1259,1
Henderson,,25.0,30.216230000000003,52.0,22.6,8.6275762901,2479,13.715834901,13820,17.0,54.833479654,52.51098,1904:1,52660,67.036435786,83792,,,2022,78.896647603,21.202501432,0.0,625.0,802.0,28.5,967,0.1398,0.2105,0.0948,0.72,High Vulnerability,0.9,Very High Concern,1904,1
Hidalgo,,402.0,46.27567,45.0,32.5,4.3081601622,41968,14.877837807,153810,18.0,83.638571377,94.72121,1056:1,46653,85.765984729,875200,,,2022,72.829857552,31.794104205,0.0,9236.0,12807.0,2134.0,14400,0.1074,0.1741,0.0695,0.98,Very High Vulnerability,0.99,Very High Concern,1056,1
Hill,,9.0,24.55729,38.0,20.4,,1179,13.508249313,5450,15.3,47.745960301,45.9385,2177:1,56565,63.524962179,37006,,,2022,81.533526806,22.980057288,0.0,318.0,374.0,17.5,431,0.1248,0.188,0.085,0.87,Very High Vulnerability,0.93,Very High Concern,2177,1
Hockley,,14.0,60.81404,34.0,19.5,,844,13.777342475,3320,14.4,41.846530848,52.35374,1910:1,55469,61.847555924,22921,,,2022,76.756287944,25.932550936,0.0,245.0,270.0,12.5,285,0.1143,0.1758,0.0766,0.9,Very High Vulnerability,0.97,Very High Concern,1910,1
Hood,,29.0,47.045080000000006,51.0,14.8,7.3042684319,1719,12.73805113,7860,13.5,76.495585704,59.81708999999999,1672:1,85449,51.538547611,63527,,,2022,88.119750162,20.594392935,0.0,565.0,629.0,39.0,666,0.1134,0.1689,0.0762,0.26,Low Vulnerability,0.66,High Concern,1672,1
Hopkins,,11.0,29.662390000000002,48.0,18.9,,1374,14.839615509,5640,15.5,54.260671509,96.8523,1033:1,53634,60.256965497,37170,,,2022,82.647624686,24.272262577,0.0,216.0,264.0,15.0,459,0.1283,0.1937,0.0866,0.71,High Vulnerability,0.76,High Concern,1033,1
Houston,,4.0,17.41553,39.0,27.7,,603,13.142981691,4110,17.9,38.683084853,61.30939,1631:1,45989,69.972451791,22835,,,2022,67.342725285,19.483249398,0.0,158.0,202.0,25.0,257,0.1365,0.206,0.093,0.91,Very High Vulnerability,0.97,Very High Concern,1631,1
Howard,,10.0,27.27471,37.0,17.8,,998,12.175186044,5620,15.5,44.230992106,112.2058,891:1,58445,52.832428765,36540,,,2022,79.20556632,21.483305966,0.0,263.0,423.0,7.5,379,0.1235,0.1873,0.0822,0.92,Very High Vulnerability,0.97,Very High Concern,891,1
Hudspeth,,,,26.0,33.1,,231,22.669283611,770,17.3,,,,40666,86.979166667,4906,,,2022,58.828748891,19.832857725,0.0,35.5,70.0,15.0,25,0.1166,0.1765,0.0789,0.98,Very High Vulnerability,0.98,Very High Concern,,
Hunt,,30.0,30.42782,42.0,17.6,7.3944103271,2941,12.153897016,15270,16.2,49.705929091,76.14695999999999,1313:1,53760,58.014697439,99807,,,2022,82.756875819,23.663670885,0.0,1000.0,1200.0,46.0,1475,0.1122,0.1653,0.0743,0.83,Very High Vulnerability,0.87,Very High Concern,1313,1
Hutchinson,,6.0,28.656029999999998,40.0,15.4,,810,14.586709887,3460,16.2,65.519667941,53.19921000000001,1880:1,62536,51.694708608,20677,,,2022,83.163698049,24.858538473,0.0,169.0,227.0,15.0,215,0.1241,0.1883,0.0824,0.66,High Vulnerability,0.86,Very High Concern,1880,1
Irion,,0.0,0.0,45.0,7.4,,49,13.315217391,230,14.1,,0.0,1564:0,73776,35.254237288,1564,,,2022,65.880503145,21.803069054,0.0,12.5,7.5,0.0,18,0.1235,0.1873,0.0822,0.2,Low Vulnerability,0.88,Very High Concern,1564,0
Jack,,4.0,44.767770000000006,37.0,18.4,,364,18.12749004,1390,15.7,,55.21201000000001,1811:1,56028,65.278628291,9056,,,2022,73.745661092,21.643109541,0.0,66.0,82.5,2.5,96,0.1293,0.1898,0.087,0.65,High Vulnerability,0.98,Very High Concern,1811,1
Jackson,,2.0,13.55014,39.0,17.5,,645,16.517285531,2190,14.8,34.328414959,74.05413,1350:1,56101,54.262144821,14854,,,2022,76.401299756,25.380368924,0.0,186.0,200.0,5.0,209,0.1134,0.1709,0.0762,0.68,High Vulnerability,0.93,Very High Concern,1350,1
Jasper,,12.0,33.77523,36.0,24.9,,1020,11.759280609,6340,17.9,64.676083695,67.84452,1474:1,51153,62.576687117,35375,,,2022,73.624772313,23.239575972,0.0,212.0,338.0,7.5,401,0.1428,0.2169,0.0983,0.82,Very High Vulnerability,0.92,Very High Concern,1474,1
Jeff Davis,,1.0,43.97537,22.0,59.7,,17,20.238095238,220,10.0,,45.045049999999996,2220:1,55718,45.833333333,2220,,,2022,63.16851665,6.3063063063,0.0,12.5,7.5,2.5,14,0.1166,0.1765,0.0789,0.36,Low Vulnerability,0.89,Very High Concern,2220,1
Jefferson,,134.0,53.26655,42.0,25.9,8.6384204031,7233,11.73369239,42130,16.6,53.32229461,133.93196,747:1,48808,66.204902868,250127,,,2022,78.405948177,24.240485833,0.0,2141.0,3107.0,331.0,3263,0.1231,0.1913,0.0827,0.86,Very High Vulnerability,0.95,Very High Concern,747,1
Jim Hogg,,1.0,19.23077,33.0,30.5,,146,9.0683229814,970,18.5,,,,41620,84.995663487,5184,,,2022,57.605177994,30.13117284,0.0,32.0,48.5,0.0,52,0.1146,0.1867,0.0742,0.99,Very High Vulnerability,1.0,Very High Concern,,
Jim Wells,,9.0,22.2321,40.0,32.9,4.8959608323,1337,11.739397664,6610,16.1,,76.63404,1305:1,48773,77.417342483,40452,,,2022,65.366759517,27.135864729,0.0,404.0,502.0,17.5,546,0.0992,0.1603,0.0642,0.92,Very High Vulnerability,0.99,Very High Concern,1305,1
Johnson,,77.0,43.79554,48.0,11.7,6.3472563473,6366,13.397310436,21590,12.9,46.219005832,66.82445,1496:1,67382,51.723361751,179575,,,2022,87.914879011,25.79256578,0.0,1575.0,1896.0,91.0,2401,0.1346,0.1961,0.0907,0.51,Moderate Vulnerability,0.73,High Concern,1496,1
Jones,,6.0,29.87601,32.0,21.2,,507,13.970790851,3030,15.2,36.418941016,40.25157,2484:1,47019,61.786508525,19875,,,2022,79.277364506,17.6,0.0,148.0,176.0,5.0,168,0.1278,0.1901,0.086,0.63,High Vulnerability,0.97,Very High Concern,2484,1
Karnes,,4.0,25.63938,44.0,22.9,,482,14.023858016,2040,13.1,31.185464654,38.555460000000004,2594:1,56006,66.381766382,15562,,,2022,69.969244288,21.925202416,0.0,106.0,106.5,2.5,140,0.1134,0.1709,0.0762,0.84,Very High Vulnerability,0.97,Very High Concern,2594,1
Kaufman,,35.0,25.70619,51.0,12.7,5.1059484299,4341,10.998505156,15990,12.9,39.17079701,51.676700000000004,1935:1,76352,52.933961655,143198,,,2022,85.136478324,28.098157795,0.0,1631.0,1925.0,75.0,2768,0.1236,0.185,0.0839,0.57,Moderate Vulnerability,0.77,High Concern,1935,1
Kendall,,41.0,86.44135999999999,49.0,8.6,,1528,13.100137174,5010,11.4,59.826582556,127.77445999999999,783:1,103216,24.493554328,48523,,,2022,92.359185881,22.811862416,0.0,299.0,251.0,27.5,443,0.1008,0.1475,0.0669,0.23,Low Vulnerability,0.47,Moderate Concern,783,1
Kenedy,,0.0,0.0,38.0,13.8,,21,19.626168224,80,14.0,,0.0,379:0,45980,53.424657534,379,,,2022,50.387596899,17.678100264,0.0,0.0,2.5,0.0,,0.0992,0.1603,0.0642,0.73,High Vulnerability,0.99,Very High Concern,379,0
Kent,,0.0,0.0,23.0,12.3,,20,12.121212121,120,19.0,,0.0,786:0,53472,39.053254438,786,,,2022,79.020979021,23.918575064,0.0,17.5,12.5,0.0,,0.1278,0.1901,0.086,0.44,Moderate Vulnerability,0.91,Very High Concern,786,0
Kerr,,47.0,89.35361,50.0,16.5,6.0109289617,1686,16.479327534,7690,14.8,65.610099651,98.35631000000001,1017:1,57425,59.463358338,52869,,,2022,85.731741705,18.7160718,0.0,343.0,472.0,26.0,501,0.1008,0.1475,0.0669,0.7,High Vulnerability,0.6,High Concern,1017,1
Kimble,,4.0,92.22965,30.0,32.7,,126,15.6133829,820,18.7,,136.48772,733:1,47894,67.294520548,4396,,,2022,75.851550585,18.084622384,0.0,25.0,38.5,2.5,45,0.1235,0.1873,0.0822,0.59,Moderate Vulnerability,0.82,Very High Concern,733,1
King,,0.0,0.0,,21.3,,16,21.333333333,40,17.0,,0.0,283:0,78210,24.299065421,283,,,2022,92.222222222,26.855123675,0.0,0.0,5.0,0.0,,0.1143,0.1758,0.0766,0.2,Very Low Vulnerability,0.68,High Concern,283,0
Kinney,,,,22.0,22.7,,93,12.774725275,660,17.9,,54.495909999999995,1835:1,62557,58.391608392,3670,,,2022,59.254237288,19.264305177,0.0,23.5,33.5,0.0,35,0.107,0.1724,0.0705,0.86,Very High Vulnerability,0.98,Very High Concern,1835,1
Kleberg,,13.0,42.37288,34.0,30.0,,822,10.887417219,5390,17.4,45.950692161,49.44294,2023:1,51574,66.904851448,30338,,,2022,78.168761221,24.227041994,0.0,229.0,295.0,15.0,373,0.0992,0.1603,0.0642,0.98,Very High Vulnerability,0.99,Very High Concern,2023,1
Knox,,1.0,27.292579999999997,15.0,24.6,,188,19.183673469,550,15.0,40.805078335,135.75889,737:1,46053,63.751584284,3683,,,2022,78.766140603,26.282921531,0.0,30.0,38.5,0.0,39,0.1278,0.1901,0.086,0.8,High Vulnerability,0.93,Very High Concern,737,1
La Salle,,,,27.0,28.3,,142,9.4919786096,1030,13.9,,119.99999999999999,833:1,45647,89.856169569,7500,,,2022,64.705882353,19.36,0.0,37.5,52.5,0.0,65,0.107,0.1724,0.0705,0.82,Very High Vulnerability,0.97,Very High Concern,833,1
Lamar,,22.0,44.124430000000004,49.0,26.9,7.0609002648,1646,13.635987076,9000,18.1,38.622880279,134.25508,745:1,44688,63.740856844,49905,,,2022,69.957489372,23.729085262,0.0,559.0,644.0,20.0,615,0.1283,0.1937,0.0866,0.84,Very High Vulnerability,0.94,Very High Concern,745,1
Lamb,,5.0,38.78073,33.0,24.5,,606,16.819317236,2020,15.4,28.730108968,62.94255999999999,1589:1,48123,70.881629786,12710,,,2022,70.378240544,27.293469709,0.0,135.0,176.5,12.5,167,0.1143,0.1758,0.0766,0.9,Very High Vulnerability,0.99,Very High Concern,1589,1
Lampasas,,9.0,42.00112,25.0,18.0,,623,12.903893952,3150,15.1,37.154429022,36.71577,2724:1,69051,55.087906233,21789,,,2022,82.104052154,21.630180366,0.0,114.5,136.0,2.5,213,0.1264,0.1929,0.0847,0.54,Moderate Vulnerability,0.88,Very High Concern,2724,1
Lavaca,,14.0,69.46512,41.0,14.5,,736,15.060364232,2790,13.9,27.503020476,74.19865,1348:1,57999,39.453284374,20216,,,2022,78.479251012,23.402255639,0.0,182.0,188.5,12.5,244,0.1134,0.1709,0.0762,0.69,High Vulnerability,0.91,Very High Concern,1348,1
Lee,,4.0,23.2032,49.0,15.0,,584,15.753978959,2170,12.7,34.934938191,28.74059,3479:1,61444,61.162444113,17397,,,2022,79.525897061,21.394493303,0.0,166.0,206.0,17.5,220,0.124,0.188,0.0827,0.68,High Vulnerability,0.88,Very High Concern,3479,1
Leon,,,,44.0,17.9,,878,21.835364337,3070,17.8,38.937516062,28.58286,3499:1,52878,52.31511254,17493,,,2022,72.253912535,22.460412737,0.0,130.5,160.5,15.0,181,0.1225,0.1864,0.0827,0.62,High Vulnerability,0.92,Very High Concern,3499,1
Liberty,,20.0,22.67085,37.0,20.0,6.8758594824,3646,14.895616293,13160,15.7,42.929386067,39.324059999999996,2543:1,61230,72.815932656,91547,,,2022,82.707809024,27.873114357,0.0,1077.0,1271.0,62.5,1517,0.1377,0.2028,0.0929,0.94,Very High Vulnerability,0.97,Very High Concern,2543,1
Limestone,,9.0,38.400819999999996,40.0,19.7,,779,14.883454337,3880,16.6,29.605444415,68.55184,1459:1,53143,73.458586928,23340,,,2022,66.58224795,21.915167095,0.0,176.0,230.0,24.5,273,0.1248,0.188,0.085,0.95,Very High Vulnerability,0.98,Very High Concern,1459,1
Lipscomb,,,,32.0,14.8,,253,29.660023447,470,13.8,,64.28801,1556:1,67775,66.803278689,3111,,,2022,86.269430052,24.847315976,0.0,25.0,39.0,2.5,35,0.1241,0.1883,0.0824,0.46,Moderate Vulnerability,0.87,Very High Concern,1556,1
Live Oak,,1.0,8.19202,34.0,23.8,,431,17.171314741,1890,15.6,,32.45699,3081:1,54031,63.163778647,12324,,,2022,63.777893098,20.05842259,0.0,53.5,79.5,10.0,96,0.1146,0.1867,0.0742,0.69,High Vulnerability,0.95,Very High Concern,3081,1
Llano,,15.0,68.82312,39.0,20.3,,566,16.511085181,3490,16.6,,31.879039999999996,3137:1,60706,62.890825218,21958,,,2022,83.645222013,14.755442208,0.0,156.0,162.5,2.5,195,0.1264,0.1929,0.0847,0.47,Moderate Vulnerability,0.76,High Concern,3137,1
Loving,,0.0,0.0,,11.3,,5,9.2592592593,20,17.8,,0.0,181:0,97491,,181,,,2022,96.774193548,29.281767956,0.0,0.0,2.5,0.0,,0.1166,0.1765,0.0789,0.76,High Vulnerability,0.83,Very High Concern,181,0
Lubbock,,259.0,83.39532,45.0,18.4,5.0146259925,7919,10.430167009,47200,15.5,54.235633017,159.7982,626:1,56477,59.412400587,314772,,,2022,82.484232205,23.554191605,0.0,3197.0,3631.0,96.0,4146,0.109,0.1714,0.0711,0.75,High Vulnerability,0.74,High Concern,626,1
Lynn,,5.0,84.01949,37.0,19.6,,239,14.319952067,980,16.9,,66.39004,1506:1,51003,54.357366771,6025,,,2022,79.399727149,27.070539419,0.0,66.5,63.5,7.5,93,0.1143,0.1758,0.0766,0.89,Very High Vulnerability,0.99,Very High Concern,1506,1
Madison,,2.0,14.00168,43.0,21.6,,528,16.820643517,2010,14.1,51.444791918,27.725789999999996,3607:1,58674,71.133259505,14427,,,2022,75.624256837,21.418174257,0.0,106.0,169.0,7.5,172,0.1225,0.1864,0.0827,0.84,Very High Vulnerability,0.96,Very High Concern,3607,1
Marion,,,,37.0,31.1,,245,13.528437327,1820,18.2,36.851333976,40.16064,2490:1,42024,71.833202203,9960,,,2022,68.643880926,17.991967871,0.0,46.0,55.5,0.0,76,0.1276,0.1901,0.0861,0.69,High Vulnerability,0.97,Very High Concern,2490,1
Martin,,1.0,17.328020000000002,27.0,17.0,,324,17.161016949,600,10.6,,34.3879,2908:1,73367,52.034883721,5816,,,2022,71.951219512,31.654057772,0.0,48.0,77.0,2.5,66,0.1235,0.1873,0.0822,0.42,Moderate Vulnerability,0.89,Very High Concern,2908,1
Mason,,,,36.0,20.1,,234,26.145251397,600,14.4,,69.06077,1448:1,63120,46.499339498,4344,,,2022,77.038369305,20.096685083,0.0,25.0,38.0,5.0,38,0.1235,0.1873,0.0822,0.36,Low Vulnerability,0.81,Very High Concern,1448,1
Matagorda,,14.0,38.20648,36.0,24.0,,1322,13.760799417,6150,16.7,52.085740425,76.24234,1312:1,52241,69.45439515,36725,,,2022,68.287769784,25.927842069,0.0,466.0,536.0,22.5,475,0.1114,0.1704,0.0738,0.91,Very High Vulnerability,0.94,Very High Concern,1312,1
Maverick,,14.0,23.841150000000003,24.0,27.9,6.915813273,2779,14.939253844,10500,18.0,76.775010553,47.96327,2085:1,41324,79.172413793,58378,,,2022,65.381149757,30.598855733,0.0,704.0,826.0,55.5,991,0.107,0.1724,0.0705,0.97,Very High Vulnerability,1.0,Very High Concern,2085,1
McCulloch,,4.0,50.100199999999994,27.0,27.1,,229,12.610132159,1440,17.9,,63.9141,1565:1,47617,65.370231862,7823,,,2022,83.687718185,21.296177937,0.0,46.5,69.0,12.5,99,0.1235,0.1873,0.0822,0.74,High Vulnerability,0.93,Very High Concern,1565,1
McLennan,,196.0,76.37663,50.0,20.7,6.2644246621,6575,10.253251411,39500,15.7,46.871623352,86.24341,1160:1,55148,63.947644203,259730,,,2022,81.572269257,24.326800909,0.0,2620.0,3158.0,123.5,3328,0.1128,0.178,0.0742,0.84,Very High Vulnerability,0.88,Very High Concern,1160,1
McMullen,,0.0,0.0,34.0,12.0,,23,14.649681529,100,12.3,,138.69626,721:1,45927,27.430555556,721,,,2022,77.292576419,20.665742025,0.0,7.5,12.5,0.0,11,0.1146,0.1867,0.0742,0.76,High Vulnerability,0.83,Very High Concern,721,1
Medina,,12.0,23.26303,37.0,17.2,5.9701492537,1450,11.739940086,6050,12.1,69.576250898,21.00921,4760:1,62600,54.668809141,52358,,,2022,79.866065841,22.814087627,0.0,373.0,421.0,20.0,544,0.1146,0.174,0.0756,0.67,High Vulnerability,0.95,Very High Concern,4760,1
Menard,,1.0,46.77268,31.0,34.5,,91,22.580645161,370,17.4,,0.0,2124:0,41477,72.277227723,2124,,,2022,63.47826087,18.455743879,0.0,20.0,20.0,0.0,12,0.1235,0.1873,0.0822,0.59,Moderate Vulnerability,0.97,Very High Concern,2124,0
Midland,,64.0,36.19254,42.0,13.1,5.3123462863,8566,16.212737769,17820,10.6,46.403199697,109.07270999999999,917:1,92117,43.829389387,177863,,,2022,86.817342058,28.918324778,0.0,2177.0,2498.0,123.0,2980,0.1034,0.1564,0.067,0.47,Moderate Vulnerability,0.72,High Concern,917,1
Milam,,2.0,8.057039999999999,45.0,24.0,,765,12.781954887,4080,16.5,22.144518694,68.80363,1453:1,49961,68.870826011,24708,,,2022,73.088297423,23.283956613,0.0,239.0,296.0,15.0,311,0.1225,0.1864,0.0827,0.76,High Vulnerability,0.95,Very High Concern,1453,1
Mills,,1.0,20.52124,21.0,22.8,,187,19.159836066,810,16.5,,61.983470000000004,1613:1,49089,55.86797066,4840,,,2022,76.484018265,20.41322314,0.0,31.0,31.5,2.5,34,0.1264,0.1929,0.0847,0.77,High Vulnerability,0.95,Very High Concern,1613,1
Mitchell,,4.0,46.811,25.0,21.9,,257,14.066776136,1100,12.9,31.043898712,36.57644,2734:1,46156,54.197349043,8202,,,2022,72.426622571,22.055596196,0.0,52.5,95.5,5.0,77,0.1278,0.1901,0.086,0.62,High Vulnerability,0.97,Very High Concern,2734,1
Montague,,6.0,30.27551,31.0,18.2,,668,14.371772806,3440,17.7,,20.03807,4991:1,56012,54.840596666,19962,,,2022,75.806249216,22.517783789,0.0,163.0,207.0,15.0,218,0.1293,0.1898,0.087,0.58,Moderate Vulnerability,0.93,Very High Concern,4991,1
Montgomery,,367.0,60.42236,50.0,10.9,5.0126287158,18670,11.22372914,70560,12.3,48.871364123,77.11331,1297:1,85348,45.358124246,626351,,,2022,91.675051891,25.911350026,0.0,6076.0,6627.0,322.0,8474,0.1086,0.1585,0.0725,0.39,Low Vulnerability,0.67,High Concern,1297,1
Moore,,8.0,38.204390000000004,42.0,14.8,,1261,18.435672515,2500,11.7,47.735483071,33.891740000000006,2951:1,53341,63.243132431,20654,,,2022,84.742453822,31.383751331,0.0,273.0,421.0,64.0,402,0.1241,0.1883,0.0824,0.7,High Vulnerability,0.88,Very High Concern,2951,1
Morris,,2.0,16.144660000000002,41.0,25.1,,333,11.396303901,2220,18.0,18.932481298,40.34536,2479:1,45122,78.012684989,12393,,,2022,81.083172147,22.835471637,0.0,107.0,126.5,7.5,140,0.1283,0.1937,0.0866,0.73,High Vulnerability,0.97,Very High Concern,2479,1
Motley,,0.0,0.0,30.0,27.5,,45,18.218623482,190,15.1,,84.38819,1185:1,46712,69.333333333,1185,,,2022,69.758064516,20.337552743,0.0,17.5,12.5,0.0,11,0.1143,0.1758,0.0766,0.7,High Vulnerability,0.87,Very High Concern,1185,1
Nacogdoches,,46.0,70.54782,48.0,23.5,3.7787701821,1877,12.297713425,12290,18.8,44.837333433,105.01444,952:1,49375,66.7602318,64753,,,2022,82.141805176,23.138696277,0.0,590.0,611.0,25.0,797,0.125,0.1935,0.0836,0.98,Very High Vulnerability,0.9,Very High Concern,952,1
Navarro,,20.0,39.909800000000004,49.0,21.9,6.4462466209,1995,14.700464225,7880,16.1,35.738039361,51.288120000000006,1950:1,50778,71.84841454,50694,,,2022,79.787537838,26.545547797,0.0,499.0,495.0,15.0,731,0.1248,0.188,0.085,0.97,Very High Vulnerability,0.95,Very High Concern,1950,1
Newton,,,,31.0,27.9,,397,14.368440101,2760,19.9,36.053640407,14.909799999999999,6707:1,45769,71.358695652,13414,,,2022,75.019516003,18.838526912,0.0,43.0,87.0,7.5,113,0.1428,0.2169,0.0983,0.72,High Vulnerability,0.96,Very High Concern,6707,1
Nolan,,5.0,33.98124,33.0,24.4,,525,13.338414634,2380,15.9,42.191075469,80.88979,1236:1,41720,62.350722816,14835,,,2022,74.909354605,25.648803505,0.0,153.5,167.0,5.0,176,0.1278,0.1901,0.086,0.89,Very High Vulnerability,0.96,Very High Concern,1236,1
Nueces,,290.0,80.04549,42.0,25.9,5.1223676722,9432,10.332927992,52970,14.7,45.446755603,112.90163,886:1,55727,64.534606205,363148,,,2022,84.219279288,24.16645555,0.0,2647.0,3375.0,963.0,4170,0.1011,0.1589,0.0646,0.84,Very High Vulnerability,0.89,Very High Concern,886,1
Ochiltree,,4.0,40.66694,34.0,14.2,,630,19.786432161,1290,12.7,63.729356667,52.09419,1920:1,71477,59.240849526,9598,,,2022,81.185491006,31.100229214,0.0,83.0,92.0,10.0,104,0.1241,0.1883,0.0824,0.58,Moderate Vulnerability,0.9,Very High Concern,1920,1
Oldham,,,,46.0,28.8,,34,12.546125461,260,12.3,,0.0,2135:0,61013,44.831013917,2135,,,2022,84.674922601,22.201405152,0.0,20.0,29.0,5.0,27,0.1241,0.1883,0.0824,0.43,Moderate Vulnerability,0.72,High Concern,2135,0
Orange,,15.0,17.98647,44.0,21.1,7.4674906656,2490,11.632252639,13830,16.5,75.514927876,47.05712,2125:1,61323,58.892993799,82878,,,2022,86.173582515,24.957165955,0.0,696.0,963.0,58.5,1038,0.1338,0.1949,0.0899,0.58,Moderate Vulnerability,0.86,Very High Concern,2125,1
Palo Pinto,,11.0,37.68543,47.0,20.9,,1020,14.742014742,4920,17.2,70.613260161,54.57026,1833:1,59450,67.691631891,29320,,,2022,82.097929166,23.066166439,0.0,230.0,276.0,25.0,351,0.1134,0.1689,0.0762,0.88,Very High Vulnerability,0.93,Very High Concern,1833,1
Panola,,8.0,34.49168,38.0,19.5,,768,13.726541555,3710,15.9,23.695498432,30.18933,3312:1,51936,53.31302361,23187,,,2022,79.993073193,23.02152068,0.0,138.5,194.0,15.0,262,0.1282,0.1918,0.0871,0.7,High Vulnerability,0.92,Very High Concern,3312,1
Parker,,57.0,39.89418,48.0,9.8,5.048099819,4353,11.700354801,16710,12.5,53.323090932,50.60797,1976:1,88617,33.992865439,148198,,,2022,88.527307625,24.615716811,0.0,1487.0,1771.0,36.5,1931,0.1198,0.1716,0.0811,0.26,Low Vulnerability,0.68,High Concern,1976,1
Parmer,,1.0,10.41124,31.0,17.7,,599,21.423462089,1210,12.5,,115.52195,866:1,61989,72.020725389,9522,,,2022,75.56800498,27.578239866,0.0,96.0,153.0,10.0,148,0.1241,0.1883,0.0824,0.76,High Vulnerability,0.97,Very High Concern,866,1
Pecos,,9.0,56.87923,15.0,19.7,,700,17.382666998,1890,12.0,,76.34559,1310:1,52792,64.914543696,15718,,,2022,70.357436319,24.576918183,0.0,140.5,205.0,15.0,186,0.1166,0.1765,0.0789,0.82,Very High Vulnerability,0.98,Very High Concern,1310,1
Polk,,28.0,54.52457,46.0,22.9,6.408470326,1552,14.817643689,8990,18.4,44.988478357,52.83517,1893:1,47535,61.64879745,52995,,,2022,76.62858735,20.056609114,0.0,377.0,418.0,15.0,496,0.1365,0.206,0.093,0.91,Very High Vulnerability,0.97,Very High Concern,1893,1
Potter,,102.0,86.87134999999999,49.0,29.2,7.3083501788,5005,15.381542149,19400,16.2,53.211575704,218.09593,459:1,45903,72.695182724,116004,,,2022,78.258297882,26.92838178,0.0,1201.0,1525.0,160.5,1579,0.1281,0.2007,0.0864,0.92,Very High Vulnerability,0.87,Very High Concern,459,1
Presidio,,2.0,29.832939999999997,21.0,32.4,,352,19.308831596,1690,24.2,,30.731410000000004,3254:1,39967,92.133333333,6508,,,2022,62.906976744,27.33558697,0.0,36.5,84.5,12.5,87,0.1166,0.1765,0.0789,1.0,Very High Vulnerability,0.99,Very High Concern,3254,1
Rains,,1.0,7.9910499999999995,40.0,20.3,,441,16.832061069,1920,16.3,25.017319533,15.93372,6276:1,59195,62.651997684,12552,,,2022,78.384633187,19.925111536,0.0,64.0,54.0,7.5,125,0.1285,0.1874,0.0874,0.4,Moderate Vulnerability,0.89,Very High Concern,6276,1
Randall,,87.0,63.17486,50.0,11.6,5.8808267751,2992,8.6900958466,16220,12.1,52.127680731,61.47292,1627:1,71041,42.455462546,139899,,,2022,89.684979637,24.005889963,0.0,1222.0,1376.0,31.5,1731,0.1021,0.1521,0.0667,0.22,Low Vulnerability,0.6,High Concern,1627,1
Reagan,,2.0,51.96155,30.0,10.1,,185,15.852613539,360,9.6,,78.26768,1278:1,66711,60.352422907,3833,,,2022,76.275738585,29.428645969,0.0,22.5,37.0,5.0,43,0.1235,0.1873,0.0822,0.48,Moderate Vulnerability,0.94,Very High Concern,1278,1
Real,,2.0,57.93743,34.0,32.1,,84,14.482758621,710,20.7,,87.95075,1137:1,43076,70.877192982,3411,,,2022,63.397129187,17.20902961,0.0,20.0,32.0,2.5,24,0.107,0.1724,0.0705,0.72,High Vulnerability,0.93,Very High Concern,1137,1
Red River,,2.0,16.634780000000003,48.0,25.6,,285,11.806130903,2230,18.3,51.994351752,33.34723,2999:1,46727,69.517439083,11995,,,2022,71.417460626,19.107961651,0.0,113.5,129.0,2.5,115,0.1283,0.1937,0.0866,0.56,Moderate Vulnerability,0.99,Very High Concern,2999,1
Reeves,,5.0,31.296950000000002,27.0,20.5,,603,16.174892704,1650,10.7,61.595297383,37.61991,2658:1,64863,67.346938776,15949,,,2022,65.349946978,22.258448806,0.0,144.0,213.0,3670.0,184,0.1166,0.1765,0.0789,0.78,High Vulnerability,0.98,Very High Concern,2658,1
Refugio,,1.0,14.39263,29.0,23.7,,193,12.107904642,1110,15.6,42.34956562,72.70612,1375:1,48433,61.503067485,6877,,,2022,72.759158223,22.262614512,0.0,31.0,41.0,7.5,82,0.1183,0.18,0.0772,0.94,Very High Vulnerability,0.99,Very High Concern,1375,1
Roberts,,0.0,0.0,43.0,9.1,,35,16.129032258,120,14.8,,0.0,813:0,69927,28.947368421,813,,,2022,80.547112462,23.493234932,0.0,10.0,7.5,0.0,,0.1241,0.1883,0.0824,0.09,Very Low Vulnerability,0.67,High Concern,813,0
Robertson,,1.0,5.85686,44.0,23.2,,515,12.478798158,2330,13.7,47.465548195,46.633630000000004,2144:1,55218,62.296591956,17155,,,2022,72.929322863,23.433401341,0.0,170.0,239.0,20.0,216,0.1225,0.1864,0.0827,0.75,High Vulnerability,0.93,Very High Concern,2144,1
Rockwall,,78.0,74.3459,53.0,6.4,3.4857219466,3584,12.011126378,9280,9.6,48.930164184,96.46185,1037:1,106225,27.465317774,109888,,,2022,95.272368459,26.635301398,0.0,855.0,1012.0,40.0,1390,0.1122,0.1653,0.0743,0.11,Very Low Vulnerability,0.51,Moderate Concern,1037,1
Runnels,,5.0,48.71395,42.0,21.4,,316,12.798703929,1570,15.2,34.52180423,86.53014,1156:1,50972,56.805019305,10401,,,2022,74.479568234,23.488126142,0.0,66.5,89.5,12.5,115,0.1278,0.1901,0.086,0.54,Moderate Vulnerability,0.92,Very High Concern,1156,1
Rusk,,11.0,20.21836,45.0,18.1,5.0810549238,1693,13.616987051,7380,13.7,24.599442347,40.49775,2469:1,56954,67.774842882,54324,,,2022,66.365750997,21.732567558,0.0,340.0,420.0,22.5,568,0.1282,0.1918,0.0871,0.8,High Vulnerability,0.94,Very High Concern,2469,1
Sabine,,2.0,18.97173,41.0,25.4,,289,14.759959142,2150,20.6,8.4439935658,133.24450000000002,751:1,51046,68.143459916,10507,,,2022,78.3377542,17.797658704,0.0,51.0,65.5,2.5,107,0.1428,0.2169,0.0983,0.53,Moderate Vulnerability,0.93,Very High Concern,751,1
San Augustine,,2.0,24.28068,49.0,29.7,,222,13.495440729,1740,21.0,60.698759795,48.496610000000004,2062:1,45781,83.747779751,8248,,,2022,74.084051724,19.665373424,0.0,40.5,54.0,2.5,72,0.1428,0.2169,0.0983,0.89,Very High Vulnerability,0.98,Very High Concern,2062,1
San Jacinto,,2.0,6.93025,43.0,26.1,,962,15.223927837,4880,17.3,19.726408391,10.23856,9767:1,51575,66.806605094,29301,,,2022,78.162279405,21.227944439,0.0,221.0,227.0,10.0,350,0.1365,0.206,0.093,0.69,High Vulnerability,0.89,Very High Concern,9767,1
San Patricio,,17.0,25.4758,41.0,21.6,4.7754066557,2059,11.357493519,10180,15.2,45.462431746,64.11308,1560:1,56944,66.56684492,67069,,,2022,74.050038425,26.241631752,0.0,650.0,808.0,44.5,851,0.1183,0.18,0.0772,0.83,Very High Vulnerability,0.97,Very High Concern,1560,1
San Saba,,2.0,33.03055,27.0,26.1,,257,21.100164204,910,15.3,,49.6771,2013:1,48349,64.129400571,6039,,,2022,80.224929709,19.85428051,0.0,33.5,64.5,7.5,50,0.1264,0.1929,0.0847,0.73,High Vulnerability,0.97,Very High Concern,2013,1
Schleicher,,,,31.0,19.0,,154,21.538461538,380,12.7,,36.21876,2761:1,54471,60.99009901,2761,,,2022,63.8996139,23.324882289,0.0,23.5,15.0,2.5,20,0.1235,0.1873,0.0822,0.59,Moderate Vulnerability,0.96,Very High Concern,2761,1
Scurry,,11.0,65.85643,33.0,17.6,,624,14.528521537,2340,13.7,38.966912585,36.01008,2777:1,57158,61.6860648,16662,,,2022,76.762060507,25.105029408,0.0,172.5,241.0,12.5,199,0.1278,0.1901,0.086,0.7,High Vulnerability,0.95,Very High Concern,2777,1
Shackelford,,1.0,30.62787,51.0,15.8,,146,18.741976893,500,15.0,,30.303030000000003,3300:1,64931,49.52681388,3300,,,2022,80.468178493,22.787878788,0.0,27.5,35.5,0.0,26,0.1278,0.1901,0.086,0.69,High Vulnerability,0.72,High Concern,3300,1
Shelby,,5.0,19.78318,41.0,24.4,,1062,15.812983919,4530,17.9,25.850763117,88.30022,1133:1,41194,74.707085736,24915,,,2022,72.643896268,25.839855509,0.0,234.0,287.0,20.0,334,0.1428,0.2169,0.0983,0.95,Very High Vulnerability,0.99,Very High Concern,1133,1
Sherman,,,,35.0,16.9,,216,25.531914894,440,14.4,,33.03601,3027:1,66408,59.863945578,3027,,,2022,81.401869159,27.254707631,0.0,27.5,28.5,5.0,47,0.1241,0.1883,0.0824,0.46,Moderate Vulnerability,0.87,Very High Concern,3027,1
Smith,,239.0,102.68484000000001,52.0,18.2,7.6468380559,7126,12.196416041,33700,14.8,42.693836269,154.78826,646:1,60735,64.145861948,235806,,,2022,83.62014677,24.233480064,0.0,2153.0,2846.0,75.0,3115,0.116,0.1766,0.0768,0.75,High Vulnerability,0.67,High Concern,646,1
Somervell,,6.0,65.73181,48.0,12.8,,290,13.862332696,1590,18.0,,109.42116000000001,914:1,67984,44.475138122,9139,,,2022,81.812400636,21.796695481,0.0,72.0,99.0,7.5,82,0.1134,0.1689,0.0762,0.56,Moderate Vulnerability,0.71,High Concern,914,1
Starr,,14.0,21.66076,28.0,35.3,3.4005894355,3054,14.350155061,13550,21.1,,63.797340000000005,1567:1,35716,90.226120636,64266,,,2022,60.850070634,32.493075654,0.0,829.0,1176.0,46.5,1097,0.1146,0.1867,0.0742,0.98,Very High Vulnerability,1.0,Very High Concern,1567,1
Stephens,,3.0,32.03075,41.0,23.5,,308,14.597156398,1570,16.8,37.187537022,117.84873,849:1,48911,61.126373626,9334,,,2022,76.701877934,21.737733019,0.0,84.0,96.5,0.0,96,0.1278,0.1901,0.086,0.88,Very High Vulnerability,0.86,Very High Concern,849,1
Sterling,,0.0,0.0,43.0,13.5,,65,16.927083333,100,8.1,,152.09125,658:1,68435,42.985074627,1315,,,2022,89.135802469,27.984790875,0.0,22.5,7.5,2.5,18,0.1235,0.1873,0.0822,0.41,Moderate Vulnerability,0.8,Very High Concern,658,1
Stonewall,,1.0,74.07406999999999,13.0,22.5,,56,17.948717949,230,15.4,,445.10386,225:1,59802,52.727272727,1348,,,2022,83.364839319,22.848664688,0.0,12.5,25.0,0.0,13,0.1278,0.1901,0.086,0.32,Low Vulnerability,0.79,High Concern,225,1
Sutton,,4.0,105.9322,46.0,17.3,,135,14.270613108,480,12.4,,160.51364,623:1,64612,61.61745828,3738,,,2022,55.070202808,23.488496522,0.0,22.5,22.5,2.5,27,0.1235,0.1873,0.0822,0.6,High Vulnerability,0.94,Very High Concern,623,1
Swisher,,1.0,13.51899,27.0,27.2,,298,15.969989282,1320,17.8,26.446700508,40.87193,2447:1,39897,72.175597159,7340,,,2022,74.836475568,24.046321526,0.0,54.5,83.0,7.5,72,0.1241,0.1883,0.0824,0.97,Very High Vulnerability,1.0,Very High Concern,2447,1
Tarrant,,1245.0,59.214800000000004,50.0,15.4,6.1974459625,67120,11.808502403,266980,13.0,49.408171209,96.21602,1039:1,72064,58.664603241,2123347,,,2022,89.788856191,25.784763395,0.0,18217.0,24626.0,2292.0,28137,0.1069,0.1641,0.0701,0.55,Moderate Vulnerability,0.73,High Concern,1039,1
Taylor,,99.0,71.72146,45.0,16.9,5.1831617287,4108,11.673439232,21730,15.9,40.385448991,170.97701,585:1,52974,55.241641706,139200,,,2022,82.18707834,24.779454023,0.0,1621.0,1934.0,149.5,1963,0.1178,0.1846,0.0776,0.69,High Vulnerability,0.78,High Concern,585,1
Terrell,,0.0,0.0,11.0,13.2,,26,17.105263158,90,9.9,,142.45014,702:1,42849,53.6,702,,,2022,66.825775656,18.518518519,0.0,12.5,10.0,0.0,,0.1166,0.1765,0.0789,0.47,Moderate Vulnerability,0.91,Very High Concern,702,1
Terry,,5.0,40.52849,41.0,27.4,,529,15.46331482,1940,15.5,25.41642234,49.24895,2031:1,47292,74.26567295,12183,,,2022,74.908558888,27.33316917,0.0,117.0,140.5,15.0,198,0.1143,0.1758,0.0766,0.99,Very High Vulnerability,0.99,Very High Concern,2031,1
Throckmorton,,1.0,66.62225000000001,21.0,27.7,,64,21.333333333,270,18.7,,67.2495,1487:1,46820,59.17721519,1487,,,2022,76.858345021,20.847343645,0.0,17.5,20.0,0.0,23,0.1278,0.1901,0.086,0.27,Low Vulnerability,0.85,Very High Concern,1487,1
Titus,,14.0,42.74809,40.0,21.4,,1440,14.998437663,5000,15.3,38.568121763,112.37319999999998,890:1,52973,70.898493034,32926,,,2022,78.931670282,28.579238292,0.0,356.0,445.0,42.5,436,0.1283,0.1937,0.0866,0.89,Very High Vulnerability,0.92,Very High Concern,890,1
Tom Green,,88.0,73.8255,52.0,16.6,5.228398459,3074,10.488961682,16620,14.1,46.09465089,105.82451,945:1,55990,53.068222529,120010,,,2022,79.908271832,23.761353221,0.0,707.0,733.0,30.0,1444,0.1078,0.1675,0.0704,0.66,High Vulnerability,0.89,Very High Concern,945,1
Travis,,1119.0,87.83677,51.0,10.9,4.0891632738,34551,12.26530634,156910,12.8,50.125527111,108.34270000000001,923:1,82605,50.635554983,1300503,,,2022,90.554207161,20.872539317,0.0,10321.0,12218.0,1732.0,16433,0.0916,0.1391,0.0588,0.38,Low Vulnerability,0.69,High Concern,923,1
Trinity,,2.0,13.65095,37.0,26.5,,391,13.227334235,2750,18.8,48.314859019,47.03353,2126:1,47685,74.200518583,14883,,,2022,72.465192465,19.619700329,0.0,93.5,138.0,15.0,110,0.1365,0.206,0.093,0.8,Very High Vulnerability,0.97,Very High Concern,2126,1
Tyler,,4.0,18.457,32.0,27.9,,526,12.353217473,3950,18.4,50.998396311,41.68404,2399:1,48809,62.386302836,21591,,,2022,73.315515544,19.095919596,0.0,118.0,141.0,5.0,198,0.1428,0.2169,0.0983,0.88,Very High Vulnerability,0.98,Very High Concern,2399,1
Upshur,,12.0,28.74045,44.0,17.8,7.6640098099,1230,11.998829382,6810,16.6,41.539203211,7.11474,14055:1,58231,62.194372773,42166,,,2022,83.337965536,23.620926813,0.0,281.0,376.0,25.0,518,0.1276,0.1901,0.0861,0.59,Moderate Vulnerability,0.88,Very High Concern,14055,1
Upton,,2.0,54.68964,19.0,17.0,,186,17.064220183,420,11.4,36.664373311,110.40574,906:1,59593,59.885057471,3623,,,2022,61.086309524,28.705492686,0.0,22.5,29.5,7.5,40,0.1235,0.1873,0.0822,0.65,High Vulnerability,0.96,Very High Concern,906,1
Uvalde,,10.0,37.39576,32.0,30.7,,1036,14.122137405,3820,14.2,78.688173883,78.52816,1273:1,49275,75.766755017,26742,,,2022,70.339648022,26.632263855,0.375,260.0,322.5,10.0,400,0.107,0.1724,0.0705,0.95,Very High Vulnerability,0.98,Very High Concern,1273,1
Val Verde,,17.0,34.67619,25.0,24.3,3.4019391053,1681,11.881538027,7230,14.8,65.38569818,69.34813,1442:1,54346,70.936451818,49028,,,2022,67.122284598,28.153300155,3.1651785714285716,499.5,538.0,44.75,773,0.107,0.1724,0.0705,0.97,Very High Vulnerability,0.99,Very High Concern,1442,1
Van Zandt,,7.0,12.369679999999999,42.0,17.7,6.2111801242,2174,16.133580705,8780,15.9,50.925009357,33.02453,3028:1,57891,53.936854414,57533,,,2022,77.442178198,22.858185737,1.365,430.5,551.0,30.25,674,0.1285,0.1874,0.0874,0.56,Moderate Vulnerability,0.89,Very High Concern,3028,1
Victoria,,69.0,74.93158,51.0,24.4,5.4035798717,3083,12.920665521,13240,14.4,33.800546644,104.42047,958:1,53583,65.285249386,91936,,,2022,72.601476015,25.069613644,1.5,955.5,1114.5,150.0,1249,0.1065,0.1663,0.0699,0.78,High Vulnerability,0.9,Very High Concern,958,1
Walker,,21.0,28.778560000000002,45.0,20.8,,1423,13.122464035,10940,15.1,27.137336083,58.20076,1718:1,43002,54.030214882,72164,,,2022,83.188985121,14.918796076,0.7857142857142857,434.0,494.5,20.0,694,0.1365,0.206,0.093,0.7,High Vulnerability,0.9,Very High Concern,1718,1
Waller,,8.0,14.48069,44.0,17.4,6.0962333987,2159,15.655137408,6960,13.4,58.697529087,3.4811699999999997,28726:1,69460,68.722903506,57452,,,2022,78.7052483,24.000905103,2.0806451612903225,488.0,577.5,44.5,770,0.1114,0.1704,0.0738,0.83,Very High Vulnerability,0.9,Very High Concern,28726,1
Ward,,2.0,16.66944,27.0,14.4,,563,15.638888889,1310,11.2,8.6425395821,90.93164,1100:1,57257,47.077042199,12097,,,2022,76.829268293,29.313052823,1.2604166666666667,100.75,151.75,22.5,184,0.1166,0.1765,0.0789,0.65,High Vulnerability,0.96,Very High Concern,1100,1
Washington,,20.0,55.73825,46.0,17.6,7.1942446043,1226,15.489576753,4940,14.0,40.500037304,67.09346,1490:1,62667,57.25,35771,,,2022,76.781022446,21.363674485,0.5489130434782609,297.0,388.5,30.25,342,0.1225,0.1864,0.0827,0.73,High Vulnerability,0.86,Very High Concern,1490,1
Webb,,84.0,30.363059999999997,37.0,30.3,4.8999136947,13216,14.540173611,43300,15.8,71.381264815,58.34033,1714:1,56588,82.585862678,277681,,,2022,72.29582886,32.005430692,41.542857142857144,2972.5,3543.5,206.5,4534,0.1039,0.1663,0.0674,0.95,Very High Vulnerability,0.99,Very High Concern,1714,1
Wharton,,15.0,36.09587,40.0,20.6,6.6820868671,1833,16.663636364,6200,14.9,32.709420385,86.362,1158:1,55887,65.897778317,41685,,,2022,76.587093389,25.788652993,0.8409090909090909,433.5,848.0,22.5,545,0.1114,0.1704,0.0738,0.88,Very High Vulnerability,0.96,Very High Concern,1158,1
Wheeler,,2.0,39.556960000000004,27.0,20.3,,276,20.988593156,890,16.7,43.478699651,121.31015000000001,824:1,49838,54.912764004,4946,,,2022,77.087378641,24.747270522,0.125,35.5,162.0,10.0,46,0.1241,0.1883,0.0824,0.7,High Vulnerability,0.91,Very High Concern,824,1
Wichita,,111.0,83.94464,45.0,20.9,7.6250856751,3723,12.20535685,22340,17.0,44.443706665,126.87211,788:1,54659,59.907545625,133205,,,2022,80.823272488,22.491648211,2.078125,1246.0,1570.0,61.0,1526,0.1296,0.2018,0.0855,0.82,Very High Vulnerability,0.83,Very High Concern,788,1
Wilbarger,,4.0,31.32587,50.0,21.1,,336,11.76882662,2440,19.0,15.587673946,55.76801,1793:1,51774,64.073426573,12552,,,2022,70.227635783,21.89292543,0.1,129.5,145.0,15.0,158,0.1293,0.1898,0.087,0.91,Very High Vulnerability,0.93,Very High Concern,1793,1
Willacy,,7.0,32.7746,49.0,34.0,,542,10.690335306,4050,18.8,,61.433769999999996,1628:1,40190,86.713286713,21161,,,2022,66.74600476,23.264496007,4.678571428571429,216.5,818.0,1323.0,234,0.0992,0.1603,0.0642,0.99,Very High Vulnerability,0.98,Very High Concern,1628,1
Williamson,,406.0,68.74935,52.0,6.3,4.139179925,13097,8.3161363651,60430,11.0,40.634655498,77.68813,1287:1,91507,29.459483369,617855,,,2022,94.057295349,24.812941548,63.614285714285714,5939.5,6120.0,460.0,8077,0.0946,0.1402,0.061,0.2,Low Vulnerability,0.58,Moderate Concern,1287,1
Wilson,,22.0,43.078129999999994,37.0,11.5,,1528,11.907730673,5350,10.9,35.862415719,49.977889999999995,2001:1,74529,41.624145044,52023,,,2022,86.197183099,23.508832632,10.810344827586206,405.0,388.0,20.0,546,0.1134,0.1709,0.0762,0.44,Moderate Vulnerability,0.78,High Concern,2001,1
Winkler,,2.0,24.96879,22.0,16.9,,378,15.447486718,890,11.4,40.318537353,50.71637,1972:1,77960,53.2351394,7887,,,2022,79.029793736,29.085837454,1.4464285714285714,86.0,178.0,31.75,108,0.1166,0.1765,0.0789,0.65,High Vulnerability,0.99,Very High Concern,1972,1
Wise,,28.0,40.00914,48.0,12.4,5.2299368801,2735,15.149836592,9520,14.4,63.320537933,87.22075,1147:1,71636,46.755214833,71084,,,2022,82.470567089,24.344437567,4.104166666666667,657.0,804.5,20.0,866,0.1293,0.1898,0.087,0.58,Moderate Vulnerability,0.81,Very High Concern,1147,1
Wood,,19.0,41.72248,41.0,21.4,,1288,14.486559442,7520,16.9,64.04081037,69.12791,1447:1,61886,60.718829517,46291,,,2022,80.222541278,18.720701648,0.85,275.0,316.5,12.5,444,0.1285,0.1874,0.0874,0.63,High Vulnerability,0.87,Very High Concern,1447,1
Yoakum,,3.0,34.431309999999996,15.0,14.9,,627,21.06147128,780,9.0,,57.458059999999996,1740:1,67132,59.406858202,8702,,,2022,83.583237216,33.176281315,1.2734375,77.25,121.75,12.5,136,0.1143,0.1758,0.0766,0.49,Moderate Vulnerability,0.93,Very High Concern,1740,1
Young,,16.0,88.83953000000001,42.0,22.1,,756,17.127322157,2570,14.3,35.891993869,78.19482,1279:1,54569,58.541927409,17904,,,2022,79.749032172,23.212689902,0.2647058823529412,187.0,204.5,10.0,217,0.1293,0.1898,0.087,0.55,Moderate Vulnerability,0.84,Very High Concern,1279,1
Zapata,,1.0,7.05268,36.0,39.5,,631,13.491554415,2780,19.4,,35.28084,2834:1,39876,85.460693153,14172,,,2022,61.825549158,32.479537115,0.3684210526315789,152.5,220.5,10.0,175,0.1146,0.1867,0.0742,0.99,Very High Vulnerability,1.0,Very High Concern,2834,1
Zavala,,1.0,8.44595,26.0,39.0,,321,9.4550810015,2590,21.5,,84.45946,1184:1,34898,85.89540412,11840,,,2022,61.731083288,28.260135135,0.39473684210526316,114.0,154.0,7.5,158,0.107,0.1724,0.0705,1.0,Very High Vulnerability,1.0,Very High Concern,1184,1
Anderson,7.3565473271,23.0,39.78895,45.0,24.5,,1282,11.478198585,8060,13.9,47.602799748,77.05216,1298:1,54515,64.514557193,58402,38.051779049,67.063532793,2023,,,0.0,331.0,416.0,17.5,,0.1398,0.2105,0.0948,0.79,High Vulnerability,0.95,Very High Concern,1298,1
Andrews,7.3170731707,8.0,42.37513,24.0,15.4,,1195,19.430894309,2200,12.0,71.350793204,65.07592,1537:1,70005,46.584302326,18440,48.926247289,16.502096578,2023,,,0.0,270.0,360.0,31.0,,0.1166,0.1765,0.0789,0.47,Moderate Vulnerability,0.88,Very High Concern,1537,1
Angelina,8.9076884797,57.0,65.67123000000001,50.0,26.4,7.0544554455,2984,13.443258098,15170,17.4,41.273274278,115.59891999999999,865:1,50620,74.279898847,86506,50.954847063,43.082366228,2023,,,0.0,615.0,654.0,42.5,,0.125,0.1935,0.0836,0.98,Very High Vulnerability,0.89,Very High Concern,865,1
Aransas,8.9071383449,7.0,29.39447,55.0,27.8,,682,15.507048658,4500,18.6,,57.11953999999999,1751:1,55435,68.006644518,24510,50.167278662,27.260557907,2023,,,0.0,160.0,187.5,25.5,,0.1183,0.18,0.0772,0.8,Very High Vulnerability,0.85,Very High Concern,1751,1
Archer,6.8965517241,,,48.0,12.5,,313,15.912557194,1200,13.7,,11.51941,8681:1,69286,31.87032419,8681,50.420458473,88.988292467,2023,,,0.0,71.5,107.0,2.5,,0.1293,0.1898,0.087,0.09,Very Low Vulnerability,0.8,Very High Concern,8681,1
Armstrong,,0.0,0.0,36.0,13.2,,77,17.539863326,210,10.5,,0.0,1839:0,64401,31.329113924,1839,50.679717238,100.0,2023,,,0.0,17.5,23.5,0.0,,0.1241,0.1883,0.0824,0.16,Very Low Vulnerability,0.56,Moderate Concern,1839,0
Atascosa,7.9859678085,10.0,19.33338,40.0,23.8,,1777,12.442234981,5830,11.6,79.225644182,56.0684,1784:1,57905,61.99440346,49939,49.968962134,60.711184342,2023,,,0.0,523.0,689.0,25.0,,0.1146,0.174,0.0756,0.85,Very High Vulnerability,0.95,Very High Concern,1784,1
Austin,8.0698835275,5.0,16.68224,47.0,16.5,,1047,14.405613649,4030,13.5,28.248595886,59.24951,1688:1,68150,53.472222222,30380,50.039499671,66.344089805,2023,,,0.0,340.0,411.0,169.5,,0.1114,0.1704,0.0738,0.49,Moderate Vulnerability,0.82,Very High Concern,1688,1
Bailey,7.9329608939,2.0,29.86412,38.0,24.7,,384,19.248120301,710,10.2,,102.41404999999999,976:1,47375,85.78908003,6835,49.656181419,28.750872296,2023,,,0.0,90.5,137.0,16.0,,0.1143,0.1758,0.0766,0.8,Very High Vulnerability,0.96,Very High Concern,976,1
Bandera,8.0,5.0,20.9547,45.0,19.4,,546,13.694507148,3400,14.9,,69.55715000000001,1438:1,69051,51.484751204,21565,50.081150012,100.0,2023,,,0.0,120.0,157.0,17.5,,0.1146,0.174,0.0756,0.51,Moderate Vulnerability,0.77,High Concern,1438,1
Bastrop,7.604262597,24.0,26.20059,45.0,18.1,4.3982407037,3516,14.742138365,10440,12.0,42.292319466,47.03208,2126:1,72809,72.02498763,102058,48.828117345,63.85244907,2023,,,0.0,1122.0,1305.0,139.5,,0.124,0.188,0.0827,0.75,High Vulnerability,0.85,Very High Concern,2126,1
Baylor,9.6551724138,5.0,142.12621,35.0,25.2,,106,12.942612943,560,15.7,30.43688815,115.04169999999999,869:1,45408,57.32689211,3477,50.589588726,100.0,2023,,,0.0,35.5,42.0,0.0,,0.1293,0.1898,0.087,0.16,Very Low Vulnerability,0.78,High Concern,869,1
Bee,9.736632083,5.0,15.37846,37.0,30.9,7.9904115062,610,9.0450771056,5500,16.9,66.47505981,71.14215,1406:1,45431,80.309339679,30924,38.701332299,42.97730768,2023,,,0.0,171.0,202.0,15.0,,0.1183,0.18,0.0772,0.97,Very High Vulnerability,0.99,Very High Concern,1406,1
Bell,8.7076951725,287.0,77.58287,36.0,19.7,6.5978802555,8956,8.7289597567,53820,15.1,45.673583546,197.0407,508:1,58878,54.207645538,379617,50.026210628,15.186229794,2023,,,0.0,3424.0,4048.0,309.0,,0.1244,0.1993,0.0815,0.81,Very High Vulnerability,0.83,Very High Concern,508,1
Bexar,8.8493981011,1505.0,74.25414,43.0,20.8,6.1205886183,51184,9.8073179331,288320,14.6,42.305089999,127.30274,786:1,63014,61.540029941,2028236,50.399509722,4.5390847652,2023,,,0.0,17661.0,23286.0,3537.0,,0.1005,0.1587,0.0641,0.83,Very High Vulnerability,0.87,Very High Concern,786,1
Blanco,6.3271604938,6.0,48.903740000000006,48.0,14.2,,427,19.139399372,1510,12.9,,50.479560000000006,1981:1,69247,39.323076923,11886,49.957933704,100.0,2023,,,0.0,54.5,78.5,7.5,,0.1008,0.1475,0.0669,0.28,Low Vulnerability,0.68,High Concern,1981,1
Borden,,0.0,0.0,28.0,12.0,,22,14.285714286,80,11.7,,0.0,617:0,69744,37.229437229,617,47.649918963,100.0,2023,,,0.0,5.0,17.5,2.5,,0.1235,0.1873,0.0822,0.06,Very Low Vulnerability,0.72,High Concern,617,0
Bosque,6.0392156863,11.0,59.13025,34.0,19.8,,586,14.779319042,2850,15.5,25.971333562,48.64076,2056:1,56041,65.77977896,18503,50.386423823,81.215681968,2023,,,0.0,124.0,156.0,5.0,,0.1248,0.188,0.085,0.62,High Vulnerability,0.89,Very High Concern,2056,1
Bowie,10.533448318,63.0,67.39336999999999,45.0,23.6,9.200968523,2094,9.4375338021,14990,16.0,45.176024658,199.82502000000002,500:1,52934,60.724991673,92581,49.448590964,35.424836601,2023,,,0.0,573.0,858.0,61.5,,0.1356,0.2056,0.0926,0.85,Very High Vulnerability,0.86,Very High Concern,500,1
Brazoria,8.2835415535,244.0,64.12312,47.0,11.8,4.6175704475,8777,8.4860966083,42840,11.6,45.420277373,73.74455999999999,1356:1,82165,51.388176589,379689,49.30851302,22.52862699,2023,,,0.0,3856.0,4574.0,346.0,,0.1074,0.1608,0.071,0.51,Moderate Vulnerability,0.69,High Concern,1356,1
Brazos,7.8270905466,203.0,87.29118,56.0,23.5,5.0300767476,5029,10.208058459,34030,15.0,38.333795888,77.20477,1295:1,50494,57.559210109,237032,49.707212528,12.063576784,2023,,,0.0,1861.0,2435.0,257.5,,0.1055,0.1682,0.0691,0.65,High Vulnerability,0.81,Very High Concern,1295,1
Brewster,5.5467511886,9.0,97.43423,13.0,20.8,,273,15.61784897,1460,15.8,,95.2381,1050:1,51197,56.625441696,9450,48.497354497,34.867850953,2023,,,0.0,37.5,59.5,2.5,,0.1166,0.1765,0.0789,0.66,High Vulnerability,0.84,Very High Concern,1050,1
Briscoe,,1.0,67.2495,34.0,24.3,,61,19.365079365,210,15.4,,71.27584,1403:1,49905,52.480417755,1403,48.966500356,100.0,2023,,,0.0,22.5,20.0,0.0,,0.1241,0.1883,0.0824,0.46,Moderate Vulnerability,0.95,Very High Concern,1403,1
Brooks,8.4432717678,,,39.0,45.6,,181,9.4516971279,1700,23.9,,14.29797,6994:1,33460,85.883171071,6994,48.827566486,31.759656652,2023,,,0.0,77.5,88.0,10.0,,0.0992,0.1603,0.0642,1.0,Very High Vulnerability,0.99,Very High Concern,6994,1
Brown,8.3661065427,21.0,55.80209,43.0,22.3,7.5839653304,783,9.7740606666,5680,15.0,52.518803697,91.64223,1091:1,48803,58.127235962,38192,50.201612903,40.40046187,2023,,,0.0,274.0,417.0,27.5,,0.1278,0.1901,0.086,0.63,High Vulnerability,0.72,High Concern,1091,1
Burleson,9.2682926829,7.0,37.80923,46.0,20.7,,519,12.714355708,2440,13.4,27.821782098,49.85873,2006:1,57469,60.883977901,18051,50.39056008,76.65677547,2023,,,0.0,166.0,237.0,22.5,,0.1225,0.1864,0.0827,0.61,High Vulnerability,0.83,Very High Concern,2006,1
Burnet,7.132374523,21.0,42.29352,50.0,16.3,,1612,15.097873935,5760,12.1,70.950903274,76.53962,1307:1,72510,60.967831392,50954,50.716332378,55.67251462,2023,,,0.0,369.0,424.0,44.5,,0.1264,0.1929,0.0847,0.53,Moderate Vulnerability,0.7,High Concern,1307,1
Caldwell,8.7528459398,11.0,25.011940000000003,44.0,19.4,5.6038105912,1460,14.218932606,5930,13.9,39.033710301,42.74326,2340:1,60063,77.938767796,46791,49.141929003,42.292334367,2023,,,0.0,536.0,576.0,55.0,,0.124,0.188,0.0827,0.87,Very High Vulnerability,0.97,Very High Concern,2340,1
Calhoun,7.0351758794,10.0,47.61678,37.0,22.1,,704,13.606494009,2580,12.0,39.015376493,81.10711,1233:1,70662,59.27737028,19727,48.299285244,44.731303494,2023,,,0.0,200.5,264.0,18.5,,0.1065,0.1663,0.0699,0.86,Very High Vulnerability,0.88,Very High Concern,1233,1
Callahan,11.451135242,2.0,14.17434,41.0,19.1,,373,12.036140691,1940,13.9,,63.761959999999995,1568:1,56708,49.699398798,14115,50.442791357,72.179562906,2023,,,0.0,132.0,135.5,10.0,,0.1278,0.1901,0.086,0.3,Low Vulnerability,0.8,High Concern,1568,1
Cameron,8.3524870983,219.0,51.62903,44.0,32.6,5.0383674846,16733,13.312594973,75390,17.9,80.079373763,88.8828,1125:1,46436,85.421696284,423029,50.809518969,8.4208064596,2023,,,0.0,5383.0,6954.0,11759.0,,0.105,0.1701,0.0683,0.98,Very High Vulnerability,0.98,Very High Concern,1125,1
Camp,6.6396761134,12.0,91.88360999999999,38.0,26.0,,463,13.541971337,2160,16.7,26.539211383,47.55866,2103:1,51024,78.355347252,12616,51.077996195,61.478912991,2023,,,0.0,130.0,160.0,15.0,,0.1285,0.1874,0.0874,0.9,Very High Vulnerability,0.98,Very High Concern,2103,1
Carson,5.540166205,,,52.0,13.0,,212,14.887640449,660,11.0,,174.03411,575:1,66548,34.605597964,5746,49.808562478,95.195729537,2023,,,0.0,43.5,49.0,5.0,,0.1241,0.1883,0.0824,0.03,Very Low Vulnerability,0.6,High Concern,575,1
Cass,8.8337684943,7.0,23.42783,42.0,29.9,,741,11.026785714,5230,17.4,30.386327196,59.523810000000005,1680:1,42896,61.835205993,28560,51.37605042,74.011948529,2023,,,0.0,175.0,241.0,22.5,,0.1356,0.2056,0.0926,0.78,High Vulnerability,0.98,Very High Concern,1680,1
Castro,7.874015748,2.0,27.04164,28.0,21.0,,401,18.607888631,820,10.9,,54.24464,1844:1,62236,63.929440389,7374,48.630322756,45.757876457,2023,,,0.0,106.5,111.5,19.5,,0.1241,0.1883,0.0824,0.78,High Vulnerability,0.99,Very High Concern,1844,1
Chambers,7.5555555556,7.0,15.35424,36.0,12.7,,1420,10.525535542,6170,14.5,15.136777295,53.207820000000005,1879:1,89767,34.471023922,48865,49.444387598,45.720310007,2023,,,0.0,534.0,726.0,41.5,,0.1377,0.2028,0.0929,0.41,Moderate Vulnerability,0.79,High Concern,1879,1
Cherokee,7.6804619827,22.0,41.607569999999996,44.0,25.1,8.3349486335,2107,15.681750521,7630,14.6,38.547949571,60.66891999999999,1648:1,48664,66.013254924,51097,48.456856567,63.048480677,2023,,,0.0,501.0,667.0,24.5,,0.1282,0.1918,0.0871,0.92,Very High Vulnerability,0.94,Very High Concern,1648,1
Childress,8.8531187123,10.0,139.9972,29.0,24.0,,182,13.197969543,990,13.7,,133.61045000000001,748:1,42758,63.791374122,6736,38.331353919,33.148700469,2023,,,0.0,48.0,62.5,5.0,,0.1241,0.1883,0.0824,0.75,High Vulnerability,0.92,Very High Concern,748,1
Clay,5.0083472454,4.0,37.91469,49.0,15.1,,284,13.264829519,1580,15.1,,48.7187,2053:1,60973,48.068669528,10263,49.741790899,74.600074405,2023,,,0.0,75.0,84.5,7.5,,0.1293,0.1898,0.087,0.32,Low Vulnerability,0.68,High Concern,2053,1
Cochran,6.8965517241,1.0,34.51847,25.0,31.4,,156,20.526315789,540,19.0,,79.49126,1258:1,42274,71.10799439,2516,49.682034976,100.0,2023,,,0.0,27.5,42.5,5.0,,0.1143,0.1758,0.0766,0.86,Very High Vulnerability,0.99,Very High Concern,1258,1
Coke,6.9387755102,,,51.0,22.4,,129,18.117977528,510,15.5,,0.0,3321:0,46767,56.910569106,3321,51.099066546,100.0,2023,,,0.0,27.5,33.5,2.5,,0.1235,0.1873,0.0822,0.62,High Vulnerability,0.91,Very High Concern,3321,0
Coleman,10.093457944,5.0,61.72839999999999,26.0,31.8,,204,12.049616066,1370,16.6,39.690527228,64.64124,1547:1,42253,66.587490103,7735,49.437621202,51.545812254,2023,,,0.0,60.0,45.5,5.0,,0.1278,0.1901,0.086,0.42,Moderate Vulnerability,0.94,Very High Concern,1547,1
Collin,7.4898187284,1050.0,97.94146,59.0,7.9,4.3124346118,23811,8.1150717239,109310,10.9,30.992999793,88.78177,1126:1,102119,26.420675929,1109462,50.360805508,5.2427266371,2023,,,0.0,8045.0,10577.0,1613.0,,0.083,0.1234,0.0542,0.15,Very Low Vulnerability,0.49,Moderate Concern,1126,1
Collingsworth,7.7981651376,1.0,34.75843,12.0,27.1,,173,22.496749025,450,15.4,,152.96367,654:1,45734,65.498154982,2615,51.510516252,100.0,2023,,,0.0,25.0,33.5,0.0,,0.1241,0.1883,0.0824,0.89,Very High Vulnerability,0.98,Very High Concern,654,1
Colorado,8.5201793722,10.0,46.27487,43.0,21.8,,813,15.64665127,2390,11.2,15.797765604,38.77848,2579:1,62004,62.854686156,20630,49.738245274,62.613777906,2023,,,0.0,229.0,269.0,46.5,,0.1114,0.1704,0.0738,0.68,High Vulnerability,0.93,Very High Concern,2579,1
Comal,7.6377372397,108.0,65.52920999999999,48.0,9.6,5.9625982474,3699,9.5593745962,17960,12.1,45.822563984,86.29262,1159:1,93487,34.783243855,174986,50.198873053,46.145549082,2023,,,0.0,1481.0,1614.0,91.5,,0.0937,0.1369,0.0619,0.24,Low Vulnerability,0.64,High Concern,1159,1
Comanche,6.8093385214,7.0,50.90909,29.0,24.7,,443,14.090330789,1970,14.5,,65.33575,1531:1,49076,65.346956152,13775,49.793103448,71.461285244,2023,,,0.0,148.0,160.0,7.5,,0.1278,0.1901,0.086,0.73,High Vulnerability,0.92,Very High Concern,1531,1
Concho,7.9545454545,1.0,35.37319,42.0,25.6,,89,16.920152091,420,13.8,,59.862320000000004,1671:1,48563,65.274725275,3341,45.794672254,100.0,2023,,,0.0,17.5,28.5,0.0,,0.1235,0.1873,0.0822,0.43,Moderate Vulnerability,0.96,Very High Concern,1671,1
Cooke,6.1497326203,13.0,31.40628,45.0,19.3,,1527,15.597548519,5980,14.8,60.594965393,75.7504,1320:1,58060,53.226044589,42244,50.246188808,59.03426386,2023,,,0.0,389.0,554.0,44.0,,0.1317,0.1945,0.0881,0.62,High Vulnerability,0.85,Very High Concern,1320,1
Coryell,8.6995117621,13.0,16.94098,29.0,17.9,7.1075401731,1475,8.5161662818,11480,15.2,36.323802793,55.798269999999995,1792:1,59718,57.453682337,84232,50.010684775,19.423515679,2023,,,0.0,549.0,634.0,23.5,,0.1264,0.1929,0.0847,0.78,High Vulnerability,0.82,Very High Concern,1792,1
Cottle,,0.0,0.0,23.0,34.0,,45,14.657980456,320,19.5,,0.0,1381:0,44590,66.120218579,1381,51.556842867,100.0,2023,,,0.0,10.0,15.0,0.0,,0.1293,0.1898,0.087,0.94,Very High Vulnerability,1.0,Very High Concern,1381,0
Crane,8.9820359281,2.0,41.97272,14.0,17.9,,290,20.265548567,490,10.4,,21.36752,4680:1,63555,54.959053685,4680,49.081196581,10.697142857,2023,,,0.0,43.5,103.0,20.5,,0.1166,0.1765,0.0789,0.47,Moderate Vulnerability,0.93,Very High Concern,4680,1
Crockett,9.1194968553,2.0,56.931400000000004,18.0,22.0,,186,20.43956044,490,14.5,,32.59452,3068:1,53159,53.141361257,3068,49.380704042,22.748050551,2023,,,0.0,30.0,53.5,12.5,,0.1235,0.1873,0.0822,0.69,High Vulnerability,0.9,Very High Concern,3068,1
Crosby,9.3808630394,2.0,35.92599,47.0,36.7,,202,14.03752606,910,15.8,20.604944832,58.75441,1702:1,42728,81.048387097,5106,49.490795143,100.0,2023,,,0.0,60.0,53.5,5.0,,0.1143,0.1758,0.0766,0.94,Very High Vulnerability,0.99,Very High Concern,1702,1
Culberson,7.5471698113,1.0,46.53327,18.0,29.9,,111,22.334004024,430,19.8,,91.19927,1097:1,48217,81.65374677,2193,49.110807114,100.0,2023,,,0.0,25.0,22.5,2.5,,0.1166,0.1765,0.0789,1.0,Very High Vulnerability,1.0,Very High Concern,1097,1
Dallam,6.300630063,5.0,68.74742,30.0,16.4,,605,25.145469659,870,12.0,,153.37422999999998,652:1,70895,56.213017751,7172,47.113775795,23.541697747,2023,,,0.0,47.0,104.5,18.0,,0.1241,0.1883,0.0824,0.55,Moderate Vulnerability,0.92,Very High Concern,652,1
Dallas,8.5008850863,1879.0,71.28527,55.0,20.3,6.3617250733,80404,11.775681498,373560,14.2,51.732681667,137.93237,725:1,63549,73.393637195,2586050,50.418708068,0.6883041916,2023,,,0.0,23450.0,33208.0,6937.0,,0.1078,0.1697,0.0704,0.75,High Vulnerability,0.83,Very High Concern,725,1
Dawson,10.579937304,5.0,38.53862,32.0,27.8,,421,12.623688156,2330,18.1,18.853243491,48.33642,2069:1,43627,72.663066057,12413,44.292274229,16.294368539,2023,,,0.0,116.0,130.5,7.5,,0.1235,0.1873,0.0822,0.95,Very High Vulnerability,1.0,Very High Concern,2069,1
DeWitt,8.371559633,11.0,54.52563000000001,39.0,25.0,,545,11.878814298,3150,15.6,34.693494826,60.247009999999996,1660:1,54279,63.260566651,19918,46.937443518,49.624322038,2023,,,0.0,147.0,194.0,17.5,,0.1134,0.1709,0.0762,0.82,Very High Vulnerability,0.97,Very High Concern,1660,1
Deaf Smith,6.9341474051,2.0,10.94271,34.0,24.1,,970,16.898954704,2000,10.8,,103.66087,965:1,50967,76.957605985,18329,49.811773692,17.711129465,2023,,,0.0,263.0,344.0,57.5,,0.1241,0.1883,0.0824,0.84,Very High Vulnerability,0.9,Very High Concern,965,1
Delta,6.2231759657,1.0,18.69508,40.0,23.3,,172,13.607594937,870,16.5,64.290443611,55.63798,1797:1,50329,65.685164213,5392,50.853115727,100.0,2023,,,0.0,51.0,48.5,0.0,,0.1283,0.1937,0.0866,0.57,Moderate Vulnerability,0.85,Very High Concern,1797,1
Denton,7.3799521099,493.0,53.626360000000005,55.0,7.6,4.2977309677,20866,8.9343135702,96610,11.2,39.352739145,79.01050000000001,1266:1,98027,32.259779109,941647,50.600809008,6.9058305439,2023,,,0.0,7873.0,9400.0,1270.0,,0.0949,0.1412,0.0617,0.22,Low Vulnerability,0.63,High Concern,1266,1
Dickens,11.382113821,1.0,46.72897,35.0,27.4,,65,17.015706806,350,16.2,,57.47126,1740:1,42690,57.575757576,1740,44.08045977,100.0,2023,,,0.0,22.5,28.5,0.0,,0.1143,0.1758,0.0766,0.88,Very High Vulnerability,0.93,Very High Concern,1740,1
Dimmit,7.8651685393,2.0,20.15113,40.0,36.5,,318,11.418312388,2370,23.1,,94.41756,1059:1,41838,82.381413359,8473,51.091703057,39.475790316,2023,,,0.0,106.0,105.5,299.5,,0.107,0.1724,0.0705,1.0,Very High Vulnerability,0.99,Very High Concern,1059,1
Donley,11.304347826,,,21.0,24.7,,101,15.303030303,420,12.5,49.944382647,122.39902,817:1,44353,53.971119134,3268,50.979192166,100.0,2023,,,0.0,17.5,27.5,0.0,,0.1241,0.1883,0.0824,0.45,Moderate Vulnerability,0.82,Very High Concern,817,1
Duval,8.9072543618,,,37.0,43.3,,338,11.707655005,2000,17.9,,51.250510000000006,1951:1,37921,84.007782101,9756,48.626486265,67.042946868,2023,,,0.0,71.0,106.5,2.5,,0.1146,0.1867,0.0742,1.0,Very High Vulnerability,1.0,Very High Concern,1951,1
Eastland,8.2079343365,3.0,16.31499,39.0,25.5,,492,12.484141081,3280,17.9,38.219766167,61.576350000000005,1624:1,47526,59.838472834,17864,49.966412897,60.345477049,2023,,,0.0,147.5,185.0,10.0,,0.1278,0.1901,0.086,0.81,Very High Vulnerability,0.98,Very High Concern,1624,1
Ector,9.0676080859,101.0,60.226240000000004,42.0,22.0,5.5278348498,9453,17.959873846,23160,14.3,37.18280955,97.46044,1026:1,58389,52.976190476,161091,48.850649633,9.4552614308,2023,,,0.0,2132.0,2854.0,327.0,,0.1113,0.171,0.0731,0.79,High Vulnerability,0.88,Very High Concern,1026,1
Edwards,7.0967741935,1.0,52.00208,29.0,32.6,,91,20.823798627,240,12.3,,0.0,1438:0,47573,70.526315789,1438,47.009735744,100.0,2023,,,0.0,20.0,17.5,2.5,,0.107,0.1724,0.0705,0.44,Moderate Vulnerability,0.92,Very High Concern,1438,0
El Paso,8.4655168433,433.0,51.46882,36.0,27.4,4.4294285811,21843,9.6203055701,126370,15.1,50.939678054,94.82146,1055:1,50983,74.378464442,867947,50.206752256,2.1743664811,2023,,,0.0,8358.0,10847.0,4693.0,,0.0965,0.1577,0.0608,0.95,Very High Vulnerability,0.96,Very High Concern,1055,1
Ellis,7.2161642078,79.0,41.19733,53.0,12.4,5.8931377685,7666,14.622794468,19920,11.1,34.379483717,72.52884,1379:1,87698,46.881656512,202678,50.457869132,31.975135352,2023,,,0.0,1985.0,2341.0,117.5,,0.1147,0.169,0.0766,0.39,Low Vulnerability,0.7,High Concern,1379,1
Erath,6.652555186,25.0,57.838240000000006,49.0,20.4,6.160164271,1152,12.42584403,5840,13.8,79.41056646,57.6329,1735:1,51964,51.908525307,43378,50.975148693,46.320929005,2023,,,0.0,375.0,367.0,26.0,,0.1134,0.1689,0.0762,0.63,High Vulnerability,0.87,Very High Concern,1735,1
Falls,9.3510118632,2.0,11.57742,36.0,27.5,,416,11.46953405,3160,18.3,46.251502548,46.20805,2164:1,46173,79.282868526,17313,52.74071507,67.356990932,2023,,,0.0,123.0,213.0,7.5,,0.1248,0.188,0.085,0.98,Very High Vulnerability,0.99,Very High Concern,2164,1
Fannin,8.4288052373,7.0,19.49155,43.0,17.9,,1002,12.757830405,4880,13.9,51.670927777,41.01835,2438:1,56794,53.680365297,36569,46.443709153,70.529264337,2023,,,0.0,270.0,349.0,26.0,,0.1317,0.1945,0.0881,0.58,Moderate Vulnerability,0.86,Very High Concern,2438,1
Fayette,7.6968973747,6.0,23.48612,51.0,15.5,,836,15.690690691,3130,12.4,32.409007585,72.91287,1372:1,64711,52.008686211,24687,50.447604002,67.137737232,2023,,,0.0,127.5,156.5,15.0,,0.124,0.188,0.0827,0.44,Moderate Vulnerability,0.84,Very High Concern,1372,1
Fisher,11.743772242,2.0,52.854119999999995,14.0,21.6,,135,16.148325359,520,13.7,,107.93307999999999,927:1,51362,55.696202532,3706,49.541284404,100.0,2023,,,0.0,30.0,43.5,0.0,,0.1278,0.1901,0.086,0.43,Moderate Vulnerability,0.91,Very High Concern,927,1
Floyd,9.3253968254,3.0,52.891400000000004,32.0,30.5,,227,15.379403794,750,13.0,43.308589608,93.45794,1070:1,43855,77.575757576,5350,49.700934579,53.319888303,2023,,,0.0,46.5,73.0,7.5,,0.1143,0.1758,0.0766,0.83,Very High Vulnerability,0.97,Very High Concern,1070,1
Foard,,0.0,0.0,34.0,31.8,,39,16.810344828,150,12.7,,92.59259,1080:1,42616,75.247524752,1080,52.5,100.0,2023,,,0.0,15.0,25.0,0.0,,0.1293,0.1898,0.087,0.48,Moderate Vulnerability,0.93,Very High Concern,1080,1
Fort Bend,8.6120705326,697.0,83.00524,54.0,8.9,4.1503001556,26374,10.885302736,80400,10.2,46.900561511,82.23387,1216:1,98070,38.981996938,858527,50.710926971,5.5357676703,2023,,,0.0,8136.0,9778.0,1295.0,,0.0795,0.1228,0.0524,0.29,Low Vulnerability,0.54,Moderate Concern,1216,1
Franklin,5.919395466,3.0,27.723869999999998,44.0,22.4,,256,9.9417475728,1290,12.0,58.52548462,38.226299999999995,2616:1,51885,58.930987821,10464,50.162461774,69.12776992,2023,,,0.0,69.0,100.5,15.0,,0.1283,0.1937,0.0866,0.53,Moderate Vulnerability,0.79,High Concern,2616,1
Freestone,7.602739726,6.0,30.1902,39.0,21.2,,632,13.733159496,3360,17.0,16.558711163,50.571459999999995,1977:1,48397,62.382978723,19774,47.886113078,66.476584578,2023,,,0.0,127.0,176.0,7.5,,0.1248,0.188,0.085,0.84,Very High Vulnerability,0.97,Very High Concern,1977,1
Frio,9.7432905484,4.0,19.628049999999998,40.0,33.7,,533,11.347668725,2910,14.5,,92.21089,1084:1,47833,82.887517147,18436,40.285311347,22.181564733,2023,,,0.0,141.5,196.5,22.5,,0.1146,0.174,0.0756,0.99,Very High Vulnerability,0.99,Very High Concern,1084,1
Gaines,5.6283978254,2.0,9.09256,27.0,20.3,,1966,24.072486837,2820,13.4,58.506224066,18.26901,5474:1,58712,60.435267857,21895,48.869604933,63.043478261,2023,,,0.0,187.0,281.0,38.5,,0.1166,0.1765,0.0789,0.68,High Vulnerability,0.99,Very High Concern,5474,1
Galveston,8.5685021015,265.0,76.79178,50.0,16.4,4.7870295957,7401,8.6221559467,47740,14.1,49.523979284,103.36223,967:1,77627,49.239817818,355062,50.683542593,6.1498271595,2023,,,0.0,3026.0,3949.0,311.5,,0.1049,0.1574,0.0689,0.58,Moderate Vulnerability,0.73,High Concern,967,1
Garza,8.8019559902,1.0,16.072,38.0,26.7,,142,14.639175258,1020,16.9,67.88125879,34.112230000000004,2932:1,43890,71.444201313,5863,34.129285349,22.334004024,2023,,,0.0,40.5,49.0,15.0,,0.1143,0.1758,0.0766,0.72,High Vulnerability,0.96,Very High Concern,2932,1
Gillespie,8.1187010078,34.0,126.11276,57.0,14.8,,967,17.569040698,3470,13.0,,76.93153,1300:1,71594,49.115164715,27297,51.306004323,53.653822925,2023,,,0.0,163.0,202.0,25.0,,0.1008,0.1475,0.0669,0.36,Low Vulnerability,0.61,High Concern,1300,1
Glasscock,,0.0,0.0,47.0,10.3,,102,26.424870466,190,13.3,,0.0,1149:0,116958,27.986348123,1149,45.953002611,100.0,2023,,,0.0,22.5,17.5,0.0,,0.1235,0.1873,0.0822,0.18,Very Low Vulnerability,0.81,Very High Concern,1149,0
Goliad,8.1027667984,,,47.0,24.3,,208,12.991880075,1070,14.1,28.449901725,13.960630000000002,7163:1,58937,50.355731225,7163,50.20242915,100.0,2023,,,0.0,46.5,75.0,2.5,,0.1134,0.1709,0.0762,0.58,Moderate Vulnerability,0.97,Very High Concern,7163,1
Gonzales,8.8122605364,7.0,33.41608,44.0,23.1,,896,15.799682596,2740,13.1,30.735924734,71.27947,1403:1,48164,78.357463804,19641,49.39157884,65.279951532,2023,,,0.0,202.0,220.5,20.0,,0.1134,0.1709,0.0762,0.9,Very High Vulnerability,0.98,Very High Concern,1403,1
Gray,7.1428571429,8.0,36.937850000000005,47.0,23.6,,908,16.506089802,3470,15.7,64.78755446,61.816449999999996,1618:1,45530,61.803781298,21030,45.468378507,19.387619259,2023,,,0.0,184.0,220.0,15.0,,0.1241,0.1883,0.0824,0.84,Very High Vulnerability,0.95,Very High Concern,1618,1
Grayson,7.9365079365,62.0,44.82425,52.0,14.8,6.3785823376,4350,12.890416642,19450,14.6,39.24153424,94.73503,1056:1,62678,54.599831508,139336,50.938020325,43.150475277,2023,,,0.0,1190.0,1583.0,146.0,,0.1317,0.1945,0.0881,0.66,High Vulnerability,0.79,High Concern,1056,1
Gregg,8.7272127361,111.0,89.35112,48.0,21.6,7.5115870225,4178,13.096768126,20810,16.8,36.246509745,167.47047,597:1,57608,65.590405904,124201,51.043872433,13.36235932,2023,,,0.0,1080.0,1217.0,68.5,,0.1265,0.1924,0.0851,0.88,Very High Vulnerability,0.79,High Concern,597,1
Grimes,9.0909090909,8.0,27.014250000000004,50.0,21.7,,952,14.432989691,4270,15.0,47.244025185,29.71572,3365:1,52540,65.738036396,30287,45.260342721,68.903172455,2023,,,0.0,254.0,334.0,23.5,,0.1225,0.1864,0.0827,0.86,Very High Vulnerability,0.9,Very High Concern,3365,1
Guadalupe,8.0744374367,51.0,29.89309,40.0,12.5,5.3183169091,3711,8.4875237289,18060,11.1,44.61007155,51.40197,1945:1,80145,41.107765969,177036,50.229896744,26.16225586,2023,,,0.0,1621.0,1771.0,95.0,,0.1024,0.1543,0.0667,0.43,Moderate Vulnerability,0.77,High Concern,1945,1
Hale,8.5445094217,10.0,30.53062,37.0,28.1,,1101,12.443490054,4680,14.0,49.51778371,74.48790000000001,1343:1,47373,75.563232202,32220,47.172563625,23.099826317,2023,,,0.0,346.0,433.0,35.5,,0.1143,0.1758,0.0766,0.93,Very High Vulnerability,0.97,Very High Concern,1343,1
Hall,10.179640719,,,27.0,42.3,,89,14.262820513,510,17.0,,35.14938,2845:1,34766,81.715575621,2845,49.912126538,100.0,2023,,,0.0,25.0,20.0,2.5,,0.1241,0.1883,0.0824,0.95,Very High Vulnerability,1.0,Very High Concern,2845,1
Hamilton,8.040201005,8.0,93.49071,25.0,22.8,,316,16.889363976,1440,17.1,,97.21715999999999,1029:1,53759,52.56869773,8229,50.22481468,64.377128097,2023,,,0.0,41.5,55.0,2.5,,0.1264,0.1929,0.0847,0.61,High Vulnerability,0.78,High Concern,1029,1
Hansford,6.6413662239,3.0,56.828939999999996,45.0,16.7,,406,25.438596491,600,11.1,,58.150800000000004,1720:1,57692,55.938416422,5159,48.885442915,40.334936754,2023,,,0.0,45.0,81.5,5.0,,0.1241,0.1883,0.0824,0.76,High Vulnerability,0.83,Very High Concern,1720,1
Hardeman,4.3795620438,5.0,124.65719,37.0,26.3,,188,21.33938706,600,15.2,,84.45946,1184:1,45677,76.326530612,3552,49.408783784,100.0,2023,,,0.0,35.0,38.5,5.0,,0.1293,0.1898,0.087,0.73,High Vulnerability,0.96,Very High Concern,1184,1
Hardin,8.9017102823,10.0,17.15119,46.0,15.1,6.2578222778,1706,11.509141199,9210,16.1,66.330426643,57.92217,1726:1,67183,46.534464677,56973,50.566057606,51.547542784,2023,,,0.0,499.0,681.0,22.5,,0.1338,0.1949,0.0899,0.25,Low Vulnerability,0.81,Very High Concern,1726,1
Harris,8.7783547757,2788.0,58.84025,51.0,23.0,5.9292286292,161681,12.748343979,695310,14.9,50.439585496,114.57203,873:1,63539,69.079986136,4728030,50.20824741,1.2132803285,2023,,,0.0,50878.0,61695.0,13745.0,,0.1057,0.1669,0.0691,0.72,High Vulnerability,0.79,High Concern,873,1
Harrison,8.479741843,21.0,31.63318,45.0,20.0,6.8382220623,2012,12.12632594,10630,16.0,41.23539529,66.52205,1503:1,56645,51.609815524,69150,50.856109906,56.054303607,2023,,,0.0,546.0,628.0,66.0,,0.1276,0.1901,0.0861,0.73,High Vulnerability,0.94,Very High Concern,1503,1
Hartley,6.9506726457,,,47.0,8.2,,224,18.436213992,610,10.9,,,,71332,59.027777778,5397,39.003149898,57.258330584,2023,,,0.0,38.5,42.5,12.5,,0.1241,0.1883,0.0824,0.53,Moderate Vulnerability,0.74,High Concern,,
Haskell,8.8414634146,3.0,52.13764,38.0,27.4,,154,14.864864865,870,15.3,10.907424381,18.48087,5411:1,43546,68.414322251,5411,46.220661615,47.61824038,2023,,,0.0,25.0,44.5,5.0,,0.1278,0.1901,0.086,0.98,Very High Vulnerability,0.99,Very High Concern,5411,1
Hays,6.9996640161,103.0,42.67396,52.0,12.6,3.6802174159,6222,10.848982581,26660,12.0,51.110830383,66.95457999999999,1494:1,79336,43.315629169,255397,50.197144054,31.712145226,2023,,,0.0,2599.0,2903.0,276.0,,0.1018,0.157,0.0664,0.49,Moderate Vulnerability,0.73,High Concern,1494,1
Hemphill,4.8991354467,4.0,105.90415999999999,35.0,14.9,,248,20.735785953,500,12.9,,122.28676000000002,818:1,65387,44.811858609,3271,50.290431061,26.95035461,2023,,,0.0,27.0,30.0,0.0,,0.1241,0.1883,0.0824,0.74,High Vulnerability,0.8,Very High Concern,818,1
Henderson,7.6177068669,27.0,32.22265,52.0,22.7,8.6275762901,2134,11.777041943,13710,16.7,52.683585114,53.78465,1859:1,50348,68.687435682,83667,50.83724766,60.110528192,2023,,,0.0,610.0,734.0,27.5,,0.1398,0.2105,0.0948,0.72,High Vulnerability,0.9,Very High Concern,1859,1
Hidalgo,8.6074300215,406.0,46.3894,47.0,37.6,4.3081601622,41304,14.839831568,164720,19.1,80.255526351,102.79932,973:1,44260,85.880367608,880356,50.671660101,5.1386929524,2023,,,0.0,10505.0,13197.0,2562.0,,0.1074,0.1741,0.0695,0.98,Very High Vulnerability,0.99,Very High Concern,973,1
Hill,7.9505300353,9.0,24.32038,40.0,21.3,,1184,13.587330732,5370,14.9,41.380210643,49.354279999999996,2026:1,52495,61.761919798,36471,49.787502399,76.266066289,2023,,,0.0,318.0,399.0,20.0,,0.1248,0.188,0.085,0.87,Very High Vulnerability,0.93,Very High Concern,2026,1
Hockley,9.2833092833,14.0,61.07936,37.0,22.8,,856,14.016702145,3390,14.7,41.795146612,70.21486,1424:1,51078,64.010338143,21363,50.156813182,39.847394811,2023,,,0.0,254.0,299.0,15.0,,0.1143,0.1758,0.0766,0.9,Very High Vulnerability,0.97,Very High Concern,1424,1
Hood,7.0512820513,27.0,42.50161,52.0,16.1,7.3042684319,1559,11.453971053,7780,13.0,78.755296044,73.18364,1366:1,68911,52.990591398,64222,50.928030893,32.845531632,2023,,,0.0,473.0,647.0,55.0,,0.1134,0.1689,0.0762,0.26,Low Vulnerability,0.66,High Concern,1366,1
Hopkins,7.2887213321,10.0,26.903419999999997,49.0,20.6,,1296,14.007782101,5170,14.1,47.409821557,96.74558999999999,1034:1,56680,60.551948052,37211,50.595254092,59.62572168,2023,,,0.0,343.0,412.0,20.0,,0.1283,0.1937,0.0866,0.71,High Vulnerability,0.76,High Concern,1034,1
Houston,9.5457537854,4.0,17.51697,42.0,28.8,,463,10.425579824,3880,16.9,41.141908874,71.93921,1390:1,45603,70.635910224,22241,46.126523088,73.487274566,2023,,,0.0,139.0,161.5,20.0,,0.1365,0.206,0.093,0.91,Very High Vulnerability,0.97,Very High Concern,1390,1
Howard,9.7485253027,10.0,27.36727,36.0,19.4,,945,11.800699301,5840,16.1,47.882369016,117.20581,853:1,55842,56.391382406,34128,42.123769339,20.064549297,2023,,,0.0,283.0,397.0,17.5,,0.1235,0.1873,0.0822,0.92,Very High Vulnerability,0.97,Very High Concern,853,1
Hudspeth,10.526315789,,,21.0,34.8,,218,22.614107884,850,18.1,,0.0,3287:0,38904,88.013136289,3287,46.273197444,100.0,2023,,,0.0,34.5,71.5,10.0,,0.1166,0.1765,0.0789,0.98,Very High Vulnerability,0.98,Very High Concern,3287,0
Hunt,8.6433394721,29.0,29.056079999999998,43.0,17.6,7.3944103271,2734,11.283532811,14620,15.2,49.665821138,72.53806,1379:1,58326,57.242331818,103394,50.50583206,56.631332072,2023,,,0.0,1095.0,1277.0,100.0,,0.1122,0.1653,0.0743,0.83,Very High Vulnerability,0.87,Very High Concern,1379,1
Hutchinson,8.803728638,5.0,24.181459999999998,44.0,17.5,,745,13.967004124,3140,14.9,72.830580163,63.430099999999996,1577:1,56646,50.609756098,20495,49.212002928,22.564334086,2023,,,0.0,151.0,219.0,12.5,,0.1241,0.1883,0.0824,0.66,High Vulnerability,0.86,Very High Concern,1577,1
Irion,11.538461538,0.0,0.0,45.0,12.4,,59,16.388888889,200,13.1,,0.0,1552:0,69966,41.486068111,1552,49.484536082,100.0,2023,,,0.0,22.5,20.0,0.0,,0.1235,0.1873,0.0822,0.2,Low Vulnerability,0.88,Very High Concern,1552,0
Jack,7.2900158479,5.0,55.21201000000001,35.0,20.6,,292,14.476945959,1420,15.9,,68.87052,1452:1,51846,65.995115995,8712,43.721303949,53.217602831,2023,,,0.0,65.5,91.5,5.0,,0.1293,0.1898,0.087,0.65,High Vulnerability,0.98,Very High Concern,1452,1
Jackson,7.2108843537,2.0,13.46439,40.0,18.1,,587,15.097736626,2190,14.8,35.973896055,72.74651,1375:1,60666,52.333759591,15121,49.990080021,61.818827709,2023,,,0.0,171.5,207.0,2.5,,0.1134,0.1709,0.0762,0.68,High Vulnerability,0.93,Very High Concern,1375,1
Jasper,8.4089323098,12.0,33.92226,40.0,32.2,,967,11.594724221,6970,19.6,53.342158311,81.88021,1221:1,50038,65.382567016,32975,50.147081122,78.185382246,2023,,,0.0,243.0,333.0,17.5,,0.1428,0.2169,0.0983,0.82,Very High Vulnerability,0.92,Very High Concern,1221,1
Jeff Davis,9.2592592593,1.0,45.045049999999996,20.0,57.1,,20,31.25,350,15.7,,51.30836,1949:1,56149,45.25862069,1949,49.615187276,100.0,2023,,,0.0,17.5,10.0,0.0,,0.1166,0.1765,0.0789,0.36,Low Vulnerability,0.89,Very High Concern,1949,1
Jefferson,10.308434918,129.0,51.5738,46.0,27.0,8.6384204031,7432,12.279223461,46070,18.2,56.477132093,139.53268,717:1,55575,69.418019693,253704,48.458045596,8.4020089348,2023,,,0.0,2568.0,3291.0,418.0,,0.1231,0.1913,0.0827,0.86,Very High Vulnerability,0.95,Very High Concern,717,1
Jim Hogg,7.9766536965,1.0,19.29012,38.0,37.1,,181,11.536010198,1020,19.7,,,,37454,87.04028021,4801,48.052489065,17.396226415,2023,,,0.0,34.5,40.5,0.0,,0.1146,0.1867,0.0742,0.99,Very High Vulnerability,1.0,Very High Concern,,
Jim Wells,10.414114188,10.0,24.720660000000002,43.0,29.3,4.8959608323,1274,11.431135038,7420,18.2,78.561748264,102.96805,971:1,43852,78.986915404,38847,50.353952686,40.085214751,2023,,,0.0,390.0,512.0,15.0,,0.0992,0.1603,0.0642,0.92,Very High Vulnerability,0.99,Very High Concern,971,1
Johnson,6.8209583277,78.0,43.43589,49.0,12.8,6.3472563473,6538,13.608642258,22190,12.9,44.900670064,72.61854,1377:1,76226,49.06062587,187280,49.832870568,37.874170167,2023,,,0.0,1522.0,1948.0,109.5,,0.1346,0.1961,0.0907,0.51,Moderate Vulnerability,0.73,High Concern,1377,1
Jones,7.5825156111,4.0,20.12579,36.0,22.0,,381,10.571587125,2740,13.8,45.158368077,45.28758,2208:1,52288,62.476262818,19873,36.728224224,85.14998515,2023,,,0.0,132.0,181.5,10.0,,0.1278,0.1901,0.086,0.63,High Vulnerability,0.97,Very High Concern,2208,1
Karnes,8.2516339869,4.0,25.70364,45.0,25.0,,427,12.154853402,2060,13.2,42.071679251,33.88911,2951:1,48470,65.744203441,14754,41.62938864,38.390447922,2023,,,0.0,92.5,140.0,10.0,,0.1134,0.1709,0.0762,0.84,Very High Vulnerability,0.97,Very High Concern,2951,1
Kaufman,8.1678437889,35.0,24.44168,52.0,12.0,5.1059484299,4790,11.569489397,16130,12.4,45.533675253,53.24274,1878:1,73660,52.744870063,157768,50.624334466,48.817610063,2023,,,0.0,2238.0,2396.0,152.5,,0.1236,0.185,0.0839,0.57,Moderate Vulnerability,0.77,High Concern,1878,1
Kendall,7.6547842402,41.0,84.49601,53.0,9.2,,1470,12.518095887,4700,10.3,,132.51261,755:1,102832,23.795791947,46788,50.414636232,58.159233762,2023,,,0.0,353.0,431.0,32.0,,0.1008,0.1475,0.0669,0.23,Low Vulnerability,0.47,Moderate Concern,755,1
Kenedy,,0.0,0.0,36.0,23.4,,29,39.726027397,40,10.9,,0.0,340:0,42379,52.808988764,340,48.235294118,100.0,2023,,,0.0,10.0,7.5,0.0,,0.0992,0.1603,0.0642,0.73,High Vulnerability,0.99,Very High Concern,340,0
Kent,,0.0,0.0,25.0,15.8,,28,14.893617021,100,14.1,,0.0,749:0,54154,38.636363636,749,47.396528705,100.0,2023,,,0.0,2.5,5.0,0.0,,0.1278,0.1901,0.086,0.44,Moderate Vulnerability,0.91,Very High Concern,749,0
Kerr,8.3084442031,45.0,85.11604,53.0,20.1,6.0109289617,1484,14.706173818,7690,14.7,61.072780424,116.62685,857:1,60834,58.270398341,53161,51.511446361,41.102267003,2023,,,0.0,332.0,422.0,23.5,,0.1008,0.1475,0.0669,0.7,High Vulnerability,0.6,High Concern,857,1
Kimble,8.3591331269,4.0,90.99181,30.0,32.1,,122,14.950980392,730,16.8,,114.54754000000001,873:1,48671,65.442404007,4365,50.652920962,44.302148904,2023,,,0.0,37.0,35.5,2.5,,0.1235,0.1873,0.0822,0.59,Moderate Vulnerability,0.82,Very High Concern,873,1
King,,0.0,0.0,,14.5,,22,27.848101266,60,23.2,,0.0,258:0,74890,21.25984252,258,47.674418605,100.0,2023,,,0.0,0.0,10.0,0.0,,0.1143,0.1758,0.0766,0.2,Very Low Vulnerability,0.68,High Concern,258,0
Kinney,6.7226890756,,,28.0,24.7,,109,15.013774105,600,16.2,,63.89776,1565:1,50567,64.161849711,3130,44.313099042,20.455808783,2023,,,0.0,25.0,31.5,0.0,,0.107,0.1724,0.0705,0.86,Very High Vulnerability,0.98,Very High Concern,1565,1
Kleberg,8.2252559727,13.0,42.85055,42.0,32.0,,849,11.300412618,5490,17.9,49.461018366,52.22783999999999,1915:1,49226,70.935765266,30635,49.198629019,18.870278532,2023,,,0.0,286.0,375.0,7.5,,0.0992,0.1603,0.0642,0.98,Very High Vulnerability,0.99,Very High Concern,1915,1
Knox,6.8322981366,1.0,27.15178,14.0,28.6,,174,17.827868852,490,13.3,39.368795812,179.05103,559:1,45558,61.096605744,3351,50.402864816,100.0,2023,,,0.0,27.5,48.5,0.0,,0.1278,0.1901,0.086,0.8,High Vulnerability,0.93,Very High Concern,559,1
La Salle,10.849056604,,,29.0,32.3,,169,11.59917639,1060,14.1,,194.90255,513:1,40549,78.260869565,6670,40.539730135,46.354923032,2023,,,0.0,45.5,63.0,2.5,,0.107,0.1724,0.0705,0.82,Very High Vulnerability,0.97,Very High Concern,513,1
Lamar,8.4627159414,20.0,40.07614,50.0,25.2,7.0609002648,1610,13.386546936,9020,18.1,45.626298291,139.72614000000002,716:1,50787,60.81048581,50098,51.45514791,47.082923302,2023,,,0.0,498.0,629.0,22.5,,0.1283,0.1937,0.0866,0.84,Very High Vulnerability,0.94,Very High Concern,716,1
Lamb,8.5894405043,4.0,31.471279999999997,32.0,26.3,,547,15.522133939,1980,15.2,30.81841909,62.02512,1612:1,48981,69.924541861,12898,49.9612343,57.687629677,2023,,,0.0,139.5,159.5,12.5,,0.1143,0.1758,0.0766,0.9,Very High Vulnerability,0.99,Very High Concern,1612,1
Lampasas,6.0264900662,9.0,41.30525,24.0,19.4,,599,12.269561655,3020,14.3,27.811875028,44.93978,2225:1,64401,53.117408907,22252,50.319072443,68.267520455,2023,,,0.0,89.5,92.0,10.0,,0.1264,0.1929,0.0847,0.54,Moderate Vulnerability,0.88,Very High Concern,2225,1
Lavaca,7.1911493546,14.0,69.25208,47.0,15.9,,591,12.046473706,2480,12.4,37.637176067,77.88162,1284:1,54421,37.42280774,20544,50.910241433,81.316513523,2023,,,0.0,175.0,239.0,15.0,,0.1134,0.1709,0.0762,0.69,High Vulnerability,0.91,Very High Concern,1284,1
Lee,7.1917808219,4.0,22.99247,51.0,18.1,,477,13.047045952,2050,12.0,44.747323779,22.59121,4427:1,59469,62.434675684,17706,49.107647125,69.720683843,2023,,,0.0,190.0,171.0,7.5,,0.124,0.188,0.0827,0.68,High Vulnerability,0.88,Very High Concern,4427,1
Leon,7.3342736248,,,43.0,23.8,,708,17.633872976,3010,17.4,41.965456189,31.330280000000002,3192:1,51582,58.362760835,15959,49.909142177,100.0,2023,,,0.0,114.5,154.0,12.5,,0.1225,0.1864,0.0827,0.62,High Vulnerability,0.92,Very High Concern,3192,1
Liberty,8.5500490677,19.0,20.754369999999998,39.0,22.0,6.8758594824,3306,12.773849542,14420,16.7,38.264390733,40.97479,2441:1,57174,77.039155735,97621,50.224849162,63.227264915,2023,,,0.0,1218.0,1397.0,119.5,,0.1377,0.2028,0.0929,0.94,Very High Vulnerability,0.97,Very High Concern,2441,1
Limestone,10.221550856,9.0,38.56041,41.0,24.5,,651,12.799842705,3860,16.5,29.147404479,63.294000000000004,1580:1,50381,74.421768707,22119,48.225507482,53.617858365,2023,,,0.0,199.0,245.0,15.0,,0.1248,0.188,0.085,0.95,Very High Vulnerability,0.98,Very High Concern,1580,1
Lipscomb,5.3691275168,,,38.0,19.0,,224,27.757125155,430,13.0,,34.118050000000004,2931:1,64249,67.213114754,2931,48.515864893,100.0,2023,,,0.0,25.0,22.0,2.5,,0.1241,0.1883,0.0824,0.46,Moderate Vulnerability,0.87,Very High Concern,2931,1
Live Oak,7.2589382449,1.0,8.11425,36.0,25.0,,413,16.202432326,2070,17.0,,43.94832,2275:1,52910,63.069245165,11377,44.721807155,100.0,2023,,,0.0,48.0,80.0,12.5,,0.1146,0.1867,0.0742,0.69,High Vulnerability,0.95,Very High Concern,2275,1
Llano,8.0576759966,15.0,68.31223,42.0,23.1,,489,14.399293286,3150,14.7,68.222322912,54.60005,1832:1,61037,63.660762211,21978,51.305851306,45.179006269,2023,,,0.0,140.0,179.5,16.0,,0.1264,0.1929,0.0847,0.47,Moderate Vulnerability,0.76,High Concern,1832,1
Loving,,0.0,0.0,,8.7,,15,24.193548387,30,24.3,,0.0,57:0,100917,,57,24.561403509,100.0,2023,,,0.0,5.0,5.0,0.0,,0.1166,0.1765,0.0789,0.76,High Vulnerability,0.83,Very High Concern,57,0
Lubbock,8.5707294907,258.0,81.96409,49.0,17.6,5.0146259925,6894,9.0741569484,45900,14.9,50.933616777,169.81978,589:1,57270,60.029784649,314451,50.614563159,11.335540166,2023,,,0.0,3448.0,3912.0,134.5,,0.109,0.1714,0.0711,0.75,High Vulnerability,0.74,High Concern,589,1
Lynn,9.7276264591,5.0,82.98755,37.0,23.2,,250,14.95215311,910,15.4,,52.742619999999995,1896:1,50374,51.526479751,5688,47.55625879,56.720202874,2023,,,0.0,65.0,77.5,5.0,,0.1143,0.1758,0.0766,0.89,Very High Vulnerability,0.99,Very High Concern,1896,1
Madison,8.0589254766,2.0,13.8629,42.0,23.4,,372,11.907810499,1950,13.6,50.343784446,29.15877,3430:1,48251,72.359290671,13718,42.484327161,67.403395785,2023,,,0.0,120.0,156.5,22.5,,0.1225,0.1864,0.0827,0.84,Very High Vulnerability,0.96,Very High Concern,3430,1
Marion,9.0177133655,,,35.0,34.3,,209,11.508810573,1800,18.1,51.705579386,31.1042,3215:1,43178,75.224123879,9645,51.487817522,100.0,2023,,,0.0,53.5,45.5,7.5,,0.1276,0.1901,0.0861,0.69,High Vulnerability,0.97,Very High Concern,3215,1
Martin,7.6452599388,1.0,17.19395,25.0,20.1,,396,20.700470465,660,11.7,,76.7607,1303:1,69505,48.59375,5211,49.664171944,100.0,2023,,,0.0,39.0,45.0,5.0,,0.1235,0.1873,0.0822,0.42,Moderate Vulnerability,0.89,Very High Concern,1303,1
Mason,,,,45.0,20.8,,210,23.153252481,520,12.2,,76.0842,1314:1,56690,47.346368715,3943,49.277200101,100.0,2023,,,0.0,30.0,29.5,7.5,,0.1235,0.1873,0.0822,0.36,Low Vulnerability,0.81,Very High Concern,1314,1
Matagorda,8.5547290117,14.0,38.12117,42.0,31.7,,1313,13.637307852,6400,17.4,61.405185157,77.0416,1298:1,50054,72.004591764,36344,49.72485142,36.417633916,2023,,,0.0,388.0,501.0,29.5,,0.1114,0.1704,0.0738,0.91,Very High Vulnerability,0.94,Very High Concern,1298,1
Maverick,8.3267352864,13.0,22.26866,27.0,28.0,6.915813273,2663,14.710269016,11660,20.1,84.828082438,48.2293,2073:1,41815,83.333333333,58056,49.671007303,9.2557779498,2023,,,0.0,837.0,1029.0,106.5,,0.107,0.1724,0.0705,0.97,Very High Vulnerability,1.0,Very High Concern,2073,1
McCulloch,7.5471698113,5.0,63.9141,31.0,29.0,,241,14.068884997,1320,16.6,,66.37462,1507:1,43525,66.381987578,7533,49.67476437,35.325365206,2023,,,0.0,65.5,96.0,2.5,,0.1235,0.1873,0.0822,0.74,High Vulnerability,0.93,Very High Concern,1507,1
McLennan,8.5205170034,201.0,77.38806,52.0,18.2,6.2644246621,6490,10.181350402,39140,15.4,45.938165251,91.59493,1092:1,58524,63.36644519,263115,51.0153355,23.351893949,2023,,,0.0,2534.0,3163.0,161.0,,0.1128,0.178,0.0742,0.84,Very High Vulnerability,0.88,Very High Concern,1092,1
McMullen,,0.0,0.0,26.0,17.6,,28,17.610062893,70,9.3,,164.47368,608:1,63120,24.719101124,608,47.203947368,100.0,2023,,,0.0,10.0,10.0,0.0,,0.1146,0.1867,0.0742,0.76,High Vulnerability,0.83,Very High Concern,608,1
Medina,8.2891566265,13.0,24.829060000000002,39.0,19.6,5.9701492537,1382,11.123631681,6180,12.2,71.187362681,21.161579999999997,4726:1,62907,55.025613849,51981,47.871337604,61.555014563,2023,,,0.0,331.0,421.0,25.0,,0.1146,0.174,0.0756,0.67,High Vulnerability,0.95,Very High Concern,4726,1
Menard,8.064516129,1.0,47.08098,27.0,32.9,,87,21.914357683,350,16.8,,0.0,1982:0,41507,59.856630824,1982,49.293642785,100.0,2023,,,0.0,21.0,25.0,0.0,,0.1235,0.1873,0.0822,0.59,Moderate Vulnerability,0.97,Very High Concern,1982,0
Midland,8.2581337496,65.0,36.54498,45.0,12.9,5.3123462863,7658,14.274796354,20680,12.1,45.894263297,122.64168,815:1,84837,49.156146179,167969,49.195982592,12.291776258,2023,,,0.0,2332.0,2500.0,191.5,,0.1034,0.1564,0.067,0.47,Moderate Vulnerability,0.72,High Concern,815,1
Milam,6.8126520681,2.0,8.09454,46.0,22.7,,783,13.530326594,3850,15.5,20.180449818,79.66223,1255:1,53320,65.912689437,25106,50.159324464,56.182089914,2023,,,0.0,217.0,305.0,15.0,,0.1225,0.1864,0.0827,0.76,High Vulnerability,0.95,Very High Concern,1255,1
Mills,8.2706766917,1.0,20.66116,20.0,22.5,,177,18.1724846,650,13.4,,66.96429,1493:1,54948,53.105196451,4480,48.794642857,100.0,2023,,,0.0,28.5,34.0,2.5,,0.1264,0.1929,0.0847,0.77,High Vulnerability,0.95,Very High Concern,1493,1
Mitchell,9.8283931357,4.0,48.76859,31.0,25.3,,242,13.109425785,1100,13.3,,44.10143,2268:1,44476,52.714398112,9070,40.551267916,36.74359247,2023,,,0.0,54.5,59.5,0.0,,0.1278,0.1901,0.086,0.62,High Vulnerability,0.97,Very High Concern,2268,1
Montague,7.9867986799,6.0,30.05711,37.0,21.2,,694,15.011897037,3210,16.4,,24.499,4082:1,54988,53.805620609,20409,50.120045078,58.943151275,2023,,,0.0,154.0,215.0,17.5,,0.1293,0.1898,0.087,0.58,Moderate Vulnerability,0.93,Very High Concern,4082,1
Montgomery,7.2579221034,372.0,59.391619999999996,52.0,14.7,5.0126287158,19075,11.179683745,73560,12.5,48.30654019,81.37023,1229:1,87831,45.124496474,648886,50.305754786,22.725597153,2023,,,0.0,6546.0,7111.0,355.0,,0.1086,0.1585,0.0725,0.39,Low Vulnerability,0.67,High Concern,1229,1
Moore,7.411310151,8.0,38.73342,40.0,15.6,,1498,22.492492492,2180,10.3,43.918762241,28.41178,3520:1,61833,61.268641042,21118,47.651292736,16.814280497,2023,,,0.0,304.0,486.0,121.0,,0.1241,0.1883,0.0824,0.7,High Vulnerability,0.88,Very High Concern,3520,1
Morris,9.6993210475,3.0,24.20721,43.0,29.3,,328,11.577832686,2340,18.9,17.221640045,49.875310000000006,2005:1,44957,80.604796663,12030,51.729010806,78.421215401,2023,,,0.0,103.0,123.5,12.5,,0.1283,0.1937,0.0866,0.73,High Vulnerability,0.97,Very High Concern,2005,1
Motley,,0.0,0.0,35.0,29.9,,34,13.991769547,180,13.3,,93.72071000000001,1067:1,47835,70.05988024,1067,48.828491097,100.0,2023,,,0.0,17.5,10.0,0.0,,0.1143,0.1758,0.0766,0.7,High Vulnerability,0.87,Very High Concern,1067,1
Nacogdoches,8.1241283124,46.0,71.03918,52.0,25.7,3.7787701821,1907,12.706556503,12130,18.6,45.035971127,108.24519,924:1,46970,70.233170365,64668,51.946867075,46.460231852,2023,,,0.0,516.0,628.0,50.5,,0.125,0.1935,0.0836,0.98,Very High Vulnerability,0.9,Very High Concern,924,1
Navarro,8.2534389329,17.0,33.53454,49.0,22.3,6.4462466209,1811,13.279073178,7600,15.4,30.745982397,52.24757999999999,1914:1,51015,67.12195122,53591,50.577522345,52.657379281,2023,,,0.0,521.0,566.0,20.0,,0.1248,0.188,0.085,0.97,Very High Vulnerability,0.95,Very High Concern,1914,1
Newton,9.1814159292,,,34.0,27.3,,317,12.220508867,2860,20.8,36.487988626,16.33853,6121:1,44030,71.331828442,12241,47.929090761,100.0,2023,,,0.0,53.0,78.0,0.0,,0.1428,0.2169,0.0983,0.72,High Vulnerability,0.96,Very High Concern,6121,1
Nolan,8.0,6.0,40.44489,35.0,25.0,,478,12.294238683,2320,15.6,54.784256086,89.0594,1123:1,44342,61.619047619,14597,49.3526067,32.656414301,2023,,,0.0,148.0,167.0,2.5,,0.1278,0.1901,0.086,0.89,Very High Vulnerability,0.96,Very High Concern,1123,1
Nueces,8.7519372778,299.0,82.33558,47.0,24.9,5.1223676722,7447,8.2434855764,55000,15.2,44.515363198,126.88378999999999,788:1,59337,66.344249307,353079,50.334344438,6.447241956,2023,,,0.0,3099.0,3972.0,1421.0,,0.1011,0.1589,0.0646,0.84,Very High Vulnerability,0.89,Very High Concern,788,1
Ochiltree,6.9026548673,4.0,41.67535,37.0,16.8,,736,23.997391588,1270,12.8,,61.33715,1630:1,60914,52.27379278,9782,49.611531384,13.90981121,2023,,,0.0,53.5,62.0,17.5,,0.1241,0.1883,0.0824,0.58,Moderate Vulnerability,0.9,Very High Concern,1630,1
Oldham,,,,43.0,30.6,,33,12.643678161,260,12.2,,0.0,1717:0,62868,39.380530973,1717,47.233546884,100.0,2023,,,0.0,17.5,22.5,0.0,,0.1241,0.1883,0.0824,0.43,Moderate Vulnerability,0.72,High Concern,1717,0
Orange,9.4438749359,14.0,16.8923,45.0,18.6,7.4674906656,2094,9.8070438366,14220,17.0,75.047685948,40.12178,2492:1,65908,54.424511187,84742,50.351655614,35.171132862,2023,,,0.0,828.0,1081.0,56.0,,0.1338,0.1949,0.0899,0.58,Moderate Vulnerability,0.86,Very High Concern,2492,1
Palo Pinto,7.5533661741,12.0,40.92769,48.0,22.3,,828,12.034883721,4580,15.9,64.313991082,59.26236,1687:1,57580,73.354883399,28686,50.780868716,50.215218242,2023,,,0.0,260.0,264.0,15.0,,0.1134,0.1689,0.0762,0.88,Very High Vulnerability,0.93,Very High Concern,1687,1
Panola,9.3312597201,6.0,25.87657,37.0,19.3,,745,13.684790595,3720,16.0,18.741245383,52.92172,1890:1,54244,52.213305721,22675,50.116868798,72.718103883,2023,,,0.0,182.0,220.5,20.0,,0.1282,0.1918,0.0871,0.7,High Vulnerability,0.92,Very High Concern,1890,1
Parker,6.5535564464,60.0,40.48638,49.0,9.5,5.048099819,4616,12.017077996,16790,12.1,60.026562206,56.13534000000001,1781:1,85613,32.795346551,156764,49.901125258,56.084565584,2023,,,0.0,1485.0,1739.0,44.5,,0.1198,0.1716,0.0811,0.26,Low Vulnerability,0.68,High Concern,1781,1
Parmer,7.8307830783,1.0,10.501999999999999,34.0,22.9,,567,21.09375,1020,10.6,,81.52450999999999,1227:1,56632,67.311072056,9813,48.058697646,60.015580874,2023,,,0.0,110.5,169.0,31.5,,0.1241,0.1883,0.0824,0.76,High Vulnerability,0.97,Very High Concern,1227,1
Pecos,9.009009009,8.0,50.897059999999996,20.0,28.9,,730,18.415741675,2150,13.7,,85.99021,1163:1,49291,64.439058172,15118,42.763593068,39.77558522,2023,,,0.0,141.0,208.0,22.0,,0.1166,0.1765,0.0789,0.82,Very High Vulnerability,0.98,Very High Concern,1163,1
Polk,7.9787234043,27.0,50.9482,48.0,24.7,6.408470326,1476,13.65907829,9150,18.2,47.025053732,55.877759999999995,1790:1,50827,66.002675784,51899,46.050983641,77.638561645,2023,,,0.0,316.0,416.0,20.0,,0.1365,0.206,0.093,0.91,Very High Vulnerability,0.97,Very High Concern,1790,1
Potter,9.6440596441,100.0,86.20392,51.0,28.3,7.3083501788,3426,10.884137624,19010,16.1,56.389120499,244.53653999999997,409:1,45904,70.701435738,116547,48.355599029,8.9962254177,2023,,,0.0,1158.0,1524.0,188.0,,0.1281,0.2007,0.0864,0.92,Very High Vulnerability,0.87,Very High Concern,409,1
Presidio,8.322324967,3.0,46.09711,18.0,35.0,,434,24.259362772,1950,28.7,,32.57329,3070:1,39791,94.674556213,6140,48.794788274,40.470708621,2023,,,0.0,61.5,93.5,31.0,,0.1166,0.1765,0.0789,1.0,Very High Vulnerability,0.99,Very High Concern,3070,1
Rains,7.3202614379,1.0,7.96686,41.0,20.2,,373,14.513618677,1790,14.9,43.25465018,23.98273,4170:1,57294,61.966062025,12509,49.836117995,93.228880337,2023,,,0.0,79.5,102.0,10.0,,0.1285,0.1874,0.0874,0.4,Moderate Vulnerability,0.89,Very High Concern,4170,1
Randall,7.9570268146,88.0,62.90252,51.0,10.8,5.8808267751,2960,8.4390591589,16120,11.9,49.911101825,69.51492,1439:1,72082,41.689089489,143854,50.600608951,14.375647132,2023,,,0.0,1308.0,1431.0,49.0,,0.1021,0.1521,0.0667,0.22,Low Vulnerability,0.6,High Concern,1439,1
Reagan,8.7058823529,1.0,26.089229999999997,24.0,18.0,,257,22.041166381,450,12.0,,92.22256,1084:1,65162,66.666666667,3253,46.326467876,13.305613306,2023,,,0.0,31.0,46.5,10.0,,0.1235,0.1873,0.0822,0.48,Moderate Vulnerability,0.94,Very High Concern,1084,1
Real,6.5843621399,2.0,58.63383,35.0,29.7,,100,16.920473773,730,21.3,,106.15710999999999,942:1,46907,65.425531915,2826,48.973814579,100.0,2023,,,0.0,17.5,27.5,5.0,,0.107,0.1724,0.0705,0.72,High Vulnerability,0.93,Very High Concern,942,1
Red River,8.4826762246,2.0,16.67361,47.0,28.2,,245,10.488013699,2070,17.1,53.328380403,51.92556999999999,1926:1,46134,71.558704453,11555,51.267849416,75.730948678,2023,,,0.0,111.5,119.0,25.0,,0.1283,0.1937,0.0866,0.56,Moderate Vulnerability,0.99,Very High Concern,1926,1
Reeves,7.9521463758,5.0,31.34993,33.0,26.3,,495,13.506139154,1850,11.9,53.607494754,48.31918,2070:1,46275,66.129032258,14487,39.131635259,14.496118407,2023,,,0.0,156.0,260.0,1428.5,,0.1166,0.1765,0.0789,0.78,High Vulnerability,0.98,Very High Concern,2070,1
Refugio,8.4837545126,1.0,14.54122,31.0,28.3,,183,11.656050955,1110,15.8,49.839105961,74.00829,1351:1,46695,62.870890136,6756,50.651272943,60.679940404,2023,,,0.0,49.5,54.0,0.0,,0.1183,0.18,0.0772,0.94,Very High Vulnerability,0.99,Very High Concern,1351,1
Roberts,,0.0,0.0,50.0,9.1,,30,15.075376884,100,12.8,,125.47051,797:1,73224,36.41025641,797,50.313676286,100.0,2023,,,0.0,7.5,15.0,0.0,,0.1241,0.1883,0.0824,0.09,Very Low Vulnerability,0.67,High Concern,797,1
Robertson,8.5657370518,1.0,5.829199999999999,46.0,24.9,,510,12.617516081,2440,14.3,49.121868758,47.17537,2120:1,50816,61.640866873,16958,50.707630617,73.853928528,2023,,,0.0,152.0,227.0,23.5,,0.1225,0.1864,0.0827,0.75,High Vulnerability,0.93,Very High Concern,2120,1
Rockwall,7.7597840756,78.0,70.98136,54.0,6.9,3.4857219466,2959,9.4691030113,8920,8.8,45.663801956,97.95413,1021:1,120696,26.775269493,116381,50.153375551,16.035845131,2023,,,0.0,1093.0,1332.0,62.0,,0.1122,0.1653,0.0743,0.11,Very Low Vulnerability,0.51,Moderate Concern,1021,1
Runnels,7.6523994812,7.0,67.30122,42.0,23.1,,380,15.079365079,1420,13.8,33.30775087,110.63059,904:1,48190,58.574277168,9943,48.677461531,40.758023045,2023,,,0.0,87.5,151.0,0.0,,0.1278,0.1901,0.086,0.54,Moderate Vulnerability,0.92,Very High Concern,904,1
Rusk,7.6757532281,11.0,20.24888,47.0,23.8,5.0810549238,1582,13.087359365,7310,13.5,25.081078958,47.399649999999994,2110:1,53186,65.445321308,52743,46.324630757,65.872867054,2023,,,0.0,422.0,554.0,35.5,,0.1282,0.1918,0.0871,0.8,High Vulnerability,0.94,Very High Concern,2110,1
Sabine,8.2517482517,2.0,19.03493,40.0,27.6,,256,13.319458897,2180,20.8,22.881532285,139.45612,717:1,46233,58.810572687,10039,49.825679849,100.0,2023,,,0.0,47.5,67.0,2.5,,0.1428,0.2169,0.0983,0.53,Moderate Vulnerability,0.93,Very High Concern,717,1
San Augustine,9.2127303183,2.0,24.2483,49.0,32.0,,192,11.800860479,1900,23.0,55.685187775,50.4923,1981:1,43335,85.163776493,7922,50.366069174,100.0,2023,,,0.0,45.0,63.0,5.0,,0.1428,0.2169,0.0983,0.89,Very High Vulnerability,0.98,Very High Concern,1981,1
San Jacinto,9.2156862745,2.0,6.82571,44.0,27.7,,909,14.382911392,4710,16.5,25.637641304,10.76117,9293:1,52302,64.828183656,27878,49.6592295,100.0,2023,,,0.0,205.0,251.0,17.5,,0.1365,0.206,0.093,0.69,High Vulnerability,0.89,Very High Concern,9293,1
San Patricio,8.8519233625,18.0,26.838030000000003,44.0,24.1,4.7754066557,2090,11.616919571,10840,16.2,42.271461259,70.3023,1422:1,58227,68.104943625,69699,49.214479404,19.650021604,2023,,,0.0,696.0,844.0,41.0,,0.1183,0.18,0.0772,0.83,Very High Vulnerability,0.97,Very High Concern,1422,1
San Saba,5.5944055944,2.0,33.11807,28.0,27.3,,206,17.038875103,860,14.3,,68.64596,1457:1,45437,71.23015873,5827,45.769692809,49.355733159,2023,,,0.0,27.5,52.0,15.0,,0.1264,0.1929,0.0847,0.73,High Vulnerability,0.97,Very High Concern,1457,1
Schleicher,6.8783068783,,,32.0,21.6,,163,24.148148148,390,13.6,,41.16921,2429:1,52408,70.057581574,2429,49.567723343,100.0,2023,,,0.0,22.5,27.0,5.0,,0.1235,0.1873,0.0822,0.59,Moderate Vulnerability,0.96,Very High Concern,2429,1
Scurry,8.5855466337,11.0,66.01849,38.0,20.7,,637,14.800185874,2390,14.1,49.618320611,41.60723,2403:1,49727,60.482846252,16824,45.441036614,31.700254122,2023,,,0.0,173.0,238.0,20.0,,0.1278,0.1901,0.086,0.7,High Vulnerability,0.95,Very High Concern,2403,1
Shackelford,6.22406639,,,42.0,18.8,,136,17.280813215,470,14.2,,93.39975,1071:1,61351,51.690821256,3212,50.311332503,100.0,2023,,,0.0,31.0,43.0,2.5,,0.1278,0.1901,0.086,0.69,High Vulnerability,0.72,High Concern,1071,1
Shelby,8.1940481044,5.0,20.06823,43.0,29.2,,1032,15.992561599,4500,17.8,30.449629758,104.43209999999999,958:1,43244,72.362787077,23939,50.043861481,79.432568375,2023,,,0.0,193.0,267.0,28.5,,0.1428,0.2169,0.0983,0.95,Very High Vulnerability,0.99,Very High Concern,958,1
Sherman,5.4054054054,,,39.0,17.2,,274,32.696897375,350,11.7,,35.73981,2798:1,62557,60.0,2798,47.784131523,100.0,2023,,,0.0,25.0,25.0,2.5,,0.1241,0.1883,0.0824,0.46,Moderate Vulnerability,0.87,Very High Concern,2798,1
Smith,7.7431539188,236.0,100.08227,53.0,17.8,7.6468380559,6716,11.541501976,32930,14.3,41.227750129,166.11435999999998,602:1,62903,64.873837981,237186,51.508942349,31.60780873,2023,,,0.0,2194.0,2642.0,211.0,,0.116,0.1766,0.0768,0.75,High Vulnerability,0.67,High Concern,602,1
Somervell,6.5953654189,6.0,65.6527,52.0,15.0,,285,13.701923077,1350,15.1,,105.60776999999999,947:1,68280,45.535714286,9469,50.290421375,100.0,2023,,,0.0,54.0,64.5,7.5,,0.1134,0.1689,0.0762,0.56,Moderate Vulnerability,0.71,High Concern,947,1
Starr,8.9909973109,16.0,24.89652,36.0,40.6,3.4005894355,2921,14.035846427,15100,23.6,,71.15929,1405:1,33535,90.943331621,66049,50.862238641,23.705878494,2023,,,0.0,864.0,1059.0,67.5,,0.1146,0.1867,0.0742,0.98,Very High Vulnerability,1.0,Very High Concern,1405,1
Stephens,8.4269662921,3.0,32.14056,38.0,27.4,,302,14.56123433,1590,17.0,47.617133824,87.21247,1147:1,46064,63.05278174,9173,46.898506486,39.366562825,2023,,,0.0,64.0,96.0,12.5,,0.1278,0.1901,0.086,0.88,Very High Vulnerability,0.86,Very High Concern,1147,1
Sterling,,0.0,0.0,59.0,16.1,,78,19.897959184,100,7.6,,72.4113,1381:1,69212,39.50617284,1381,49.529326575,100.0,2023,,,0.0,22.5,25.0,0.0,,0.1235,0.1873,0.0822,0.41,Moderate Vulnerability,0.8,Very High Concern,1381,1
Stonewall,,1.0,74.18398,11.0,22.7,,65,20.440251572,180,12.5,,493.01561000000004,203:1,49813,57.276995305,1217,49.71240756,100.0,2023,,,0.0,12.5,20.0,2.5,,0.1278,0.1901,0.086,0.32,Low Vulnerability,0.79,High Concern,203,1
Sutton,6.8862275449,4.0,107.0091,25.0,20.9,,175,19.12568306,520,13.6,,120.51823,830:1,59905,55.793991416,3319,49.291955408,18.798449612,2023,,,0.0,30.0,34.5,5.0,,0.1235,0.1873,0.0822,0.6,High Vulnerability,0.94,Very High Concern,830,1
Swisher,9.3959731544,1.0,13.62398,28.0,29.4,,298,16.817155756,1300,17.6,25.487165234,42.80822,2336:1,45509,72.860962567,7008,46.104452055,37.573211103,2023,,,0.0,53.5,74.0,0.0,,0.1241,0.1883,0.0824,0.97,Very High Vulnerability,1.0,Very High Concern,2336,1
Tarrant,8.439296245,1244.0,58.586749999999995,51.0,15.3,6.1974459625,69407,12.282250929,272440,13.1,48.418934656,103.31642,968:1,71399,58.57084249,2126477,50.896858983,1.2882013273,2023,,,0.0,19687.0,25167.0,3408.0,,0.1069,0.1641,0.0701,0.55,Moderate Vulnerability,0.73,High Concern,968,1
Taylor,9.1125586608,99.0,71.12069,46.0,20.6,5.1831617287,2951,8.3592997564,20460,14.9,38.960543609,180.00921,556:1,53820,54.881012234,143326,51.08912549,16.033488966,2023,,,0.0,1560.0,1947.0,196.0,,0.1178,0.1846,0.0776,0.69,High Vulnerability,0.78,High Concern,556,1
Terrell,,0.0,0.0,11.0,21.4,,27,20.454545455,80,9.1,,138.12155,724:1,44343,57.024793388,724,49.171270718,100.0,2023,,,0.0,7.5,7.5,0.0,,0.1166,0.1765,0.0789,0.47,Moderate Vulnerability,0.91,Very High Concern,724,1
Terry,9.4296577947,5.0,41.04079,41.0,31.0,,553,16.581709145,2140,17.2,36.647524804,34.030969999999996,2939:1,42225,80.792261631,11754,46.29913221,24.669986562,2023,,,0.0,114.0,155.5,17.5,,0.1143,0.1758,0.0766,0.99,Very High Vulnerability,0.99,Very High Concern,2939,1
Throckmorton,,1.0,67.2495,20.0,24.4,,57,17.647058824,280,18.4,,66.88963,1495:1,46253,50.49833887,1495,50.969899666,100.0,2023,,,0.0,22.5,25.0,2.5,,0.1278,0.1901,0.086,0.27,Low Vulnerability,0.85,Very High Concern,1495,1
Titus,6.8019093079,12.0,36.44536,38.0,20.6,,1486,15.671799198,4680,14.3,30.298536395,128.27502,780:1,49513,70.286123033,31183,50.768046692,50.556689553,2023,,,0.0,373.0,464.0,40.0,,0.1283,0.1937,0.0866,0.89,Very High Vulnerability,0.92,Very High Concern,780,1
Tom Green,8.3862770013,84.0,69.99417,52.0,16.5,5.228398459,3312,11.286804798,15990,13.5,40.663404541,112.21746999999999,891:1,60750,51.60510692,119411,49.969433302,15.64087676,2023,,,0.0,1213.0,1387.0,41.5,,0.1078,0.1675,0.0704,0.66,High Vulnerability,0.89,Very High Concern,891,1
Travis,7.4831298567,1112.0,85.50538,55.0,13.8,4.0891632738,25866,9.0846190859,158120,12.6,49.586314182,119.67936,836:1,84519,50.130630438,1305154,49.213196297,5.463522171,2023,,,0.0,11197.0,13082.0,2670.0,,0.0916,0.1391,0.0588,0.38,Low Vulnerability,0.69,High Concern,836,1
Trinity,8.3248730964,2.0,13.43815,40.0,27.3,,335,11.290866195,2830,19.2,58.626081099,57.85781,1728:1,46569,74.559082892,13827,51.131843495,77.236887213,2023,,,0.0,80.5,76.5,5.0,,0.1365,0.206,0.093,0.8,Very High Vulnerability,0.97,Very High Concern,1728,1
Tyler,8.4210526316,4.0,18.52624,35.0,23.3,,458,10.896978349,4240,19.7,53.281067373,54.78906,1825:1,46955,65.136830103,20077,45.997908054,78.131030047,2023,,,0.0,107.0,152.0,5.0,,0.1428,0.2169,0.0983,0.88,Very High Vulnerability,0.98,Very High Concern,1825,1
Upshur,7.9472230746,13.0,30.830529999999996,42.0,19.9,7.6640098099,1208,11.801484955,6970,16.8,34.619806775,14.363000000000001,6962:1,51634,63.916602712,41774,50.531431034,79.299905874,2023,,,0.0,335.0,342.0,22.5,,0.1276,0.1901,0.0861,0.59,Moderate Vulnerability,0.88,Very High Concern,6962,1
Upton,8.3102493075,2.0,55.20287,18.0,20.9,,201,18.767507003,360,9.9,36.786570743,122.51149,816:1,49340,59.003831418,3265,49.862174579,100.0,2023,,,0.0,29.5,48.5,10.0,,0.1235,0.1873,0.0822,0.65,High Vulnerability,0.96,Very High Concern,816,1
Uvalde,7.0916905444,8.0,29.915490000000002,37.0,31.1,,1042,14.400221117,4250,15.8,77.206461781,101.09588,989:1,48438,72.76794398,24729,50.592421853,31.384207536,2023,,,0.38095238095238093,306.5,323.5,10.0,,0.107,0.1724,0.0705,0.95,Very High Vulnerability,0.98,Very High Concern,989,1
Val Verde,6.5708778693,17.0,34.67406,31.0,27.8,3.4019391053,1966,14.105323576,7420,15.1,65.540514508,75.68749,1321:1,50532,68.58968336,47564,48.631317803,10.157736451,2023,,,1.6875,606.0,703.0,51.75,,0.107,0.1724,0.0705,0.97,Very High Vulnerability,0.99,Very High Concern,1321,1
Van Zandt,7.144530335,6.0,10.4288,41.0,19.1,6.2111801242,1768,13.065326633,8290,14.8,50.455415417,40.79967,2451:1,59929,52.782512785,61275,50.64871481,75.018543525,2023,,,0.6136363636363636,376.0,509.0,29.0,,0.1285,0.1874,0.0874,0.56,Moderate Vulnerability,0.89,Very High Concern,2451,1
Victoria,7.7080724126,68.0,73.9645,53.0,21.9,5.4035798717,2966,12.616981453,14120,15.3,36.682148979,111.03294000000001,901:1,57142,65.594528711,90964,50.773932545,26.626571267,2023,,,1.4375,1038.0,1226.5,299.5,,0.1065,0.1663,0.0699,0.78,High Vulnerability,0.9,Very High Concern,901,1
Walker,8.5135135135,21.0,29.10038,47.0,24.8,,1017,9.5197978096,10900,15.1,26.785320535,58.991749999999996,1695:1,43012,56.663710393,77977,41.846954871,45.582882657,2023,,,1.1,426.0,542.0,50.0,,0.1365,0.206,0.093,0.7,High Vulnerability,0.9,Very High Concern,1695,1
Waller,7.5902566333,7.0,12.18408,47.0,17.7,6.0962333987,2367,16.812273599,6950,13.0,56.774232793,5.01832,19927:1,65437,68.371351484,59781,50.076111139,61.641013772,2023,,,1.4285714285714286,524.5,615.5,65.0,,0.1114,0.1704,0.0738,0.83,Very High Vulnerability,0.9,Very High Concern,19927,1
Ward,9.3111279334,2.0,16.53302,26.0,20.0,,613,16.863823934,1480,12.6,27.420688856,89.33357,1119:1,58461,56.059938299,11194,49.267464713,27.88515669,2023,,,0.38095238095238093,115.5,148.0,22.5,,0.1166,0.1765,0.0789,0.65,High Vulnerability,0.96,Very High Concern,1119,1
Washington,8.0931263858,22.0,61.50233,52.0,19.8,7.1942446043,1082,13.927146351,4460,12.7,42.499055901,78.01398999999999,1282:1,66601,60.25664528,35891,51.04065086,53.490717124,2023,,,0.30952380952380953,303.0,371.0,35.5,,0.1225,0.1864,0.0827,0.73,High Vulnerability,0.86,Very High Concern,1282,1
Webb,8.046875,82.0,29.530289999999997,41.0,29.0,4.8999136947,12155,13.610355291,44480,16.2,77.192857917,69.04402,1448:1,50865,82.679797615,267945,50.457369983,2.5996388392,2023,,,17.085714285714285,3501.5,4189.0,360.0,,0.1039,0.1663,0.0674,0.95,Very High Vulnerability,0.99,Very High Concern,1448,1
Wharton,9.0703517588,17.0,40.78206,42.0,22.7,6.6820868671,1688,15.464956482,5990,14.4,38.010056694,83.89061,1192:1,56522,67.04730832,41721,50.459001462,49.895833333,2023,,,1.0288461538461537,445.5,939.0,43.0,,0.1114,0.1704,0.0738,0.88,Very High Vulnerability,0.96,Very High Concern,1192,1
Wheeler,6.9915254237,1.0,20.21836,35.0,22.0,,253,20.063441713,840,16.1,31.430706712,101.48163000000001,985:1,49282,54.737810488,4927,49.725999594,100.0,2023,,,0.21875,30.0,295.5,5.0,,0.1241,0.1883,0.0824,0.7,High Vulnerability,0.91,Very High Concern,985,1
Wichita,7.7820003455,110.0,82.57948,47.0,19.3,7.6250856751,3392,11.072302921,22270,16.8,43.970747554,140.69455,711:1,53148,56.779282631,130069,47.977611883,10.666920152,2023,,,2.6527777777777777,1160.0,1506.5,77.25,,0.1296,0.2018,0.0855,0.82,Very High Vulnerability,0.83,Very High Concern,711,1
Wilbarger,9.3892433911,4.0,31.867430000000002,50.0,21.0,,368,13.208901651,2340,18.4,20.353131021,54.9839,1819:1,48117,58.734402852,12731,50.490927657,21.891392686,2023,,,0.23529411764705882,142.0,160.5,17.5,,0.1293,0.1898,0.087,0.91,Very High Vulnerability,0.93,Very High Concern,1819,1
Willacy,7.9527135948,8.0,37.8054,48.0,39.4,,527,10.724460724,4080,19.0,,73.83342999999999,1354:1,37087,86.082474227,20316,44.147469974,34.57576579,2023,,,18.071428571428573,247.0,705.5,1231.5,,0.0992,0.1603,0.0642,0.99,Very High Vulnerability,0.98,Very High Concern,1354,1
Williamson,7.2903772233,420.0,67.97711,56.0,7.3,4.139179925,13130,8.0369220976,61070,10.7,37.253358242,81.64522000000001,1225:1,96653,27.378079956,643026,50.27323934,11.98994982,2023,,,89.84722222222223,6035.0,6257.0,531.5,,0.0946,0.1402,0.061,0.2,Low Vulnerability,0.58,Moderate Concern,1225,1
Wilson,7.4371321562,22.0,42.28899,41.0,13.4,,1663,12.900473198,5400,10.8,43.244644874,52.675729999999994,1898:1,78794,41.408195608,51257,49.556158183,85.861410131,2023,,,24.017241379310345,466.5,507.5,28.0,,0.1134,0.1709,0.0762,0.44,Moderate Vulnerability,0.78,High Concern,1898,1
Winkler,9.6511627907,2.0,25.35818,25.0,21.6,,422,17.760942761,950,12.1,15.775255237,53.94471,1854:1,62477,60.727056019,7415,47.943358058,18.129395218,2023,,,0.68125,85.5,129.25,35.5,,0.1166,0.1765,0.0789,0.65,High Vulnerability,0.99,Very High Concern,1854,1
Wise,6.2408223201,28.0,39.39002,48.0,13.7,5.2299368801,2299,12.767257178,9260,13.6,62.741026339,99.00438,1010:1,77668,49.338612436,71714,49.606771342,72.107497421,2023,,,1.14,607.0,796.0,27.5,,0.1293,0.1898,0.087,0.58,Moderate Vulnerability,0.81,Very High Concern,1010,1
Wood,6.4366998578,17.0,36.724199999999996,42.0,21.5,,1228,13.808613516,7040,15.6,72.860862299,65.3951,1529:1,53485,60.194174757,45875,49.985831063,74.199313697,2023,,,0.45454545454545453,302.0,422.5,37.0,,0.1285,0.1874,0.0874,0.63,High Vulnerability,0.87,Very High Concern,1529,1
Yoakum,6.0941828255,2.0,22.98322,20.0,19.0,,792,26.568265683,1160,13.4,23.628617078,78.87472,1268:1,66816,63.653939101,7607,48.968055738,37.327071963,2023,,,0.17857142857142858,82.5,148.5,26.0,,0.1143,0.1758,0.0766,0.49,Moderate Vulnerability,0.93,Very High Concern,1268,1
Young,5.2062204192,16.0,89.3655,40.0,21.1,,595,13.853317811,2500,13.9,68.022147032,77.87729,1284:1,53715,56.195244055,17977,49.819213439,33.568733154,2023,,,0.2631578947368421,192.5,216.0,20.0,,0.1293,0.1898,0.087,0.55,Moderate Vulnerability,0.84,Very High Concern,1284,1
Zapata,8.0683156655,1.0,7.05617,38.0,44.6,,663,14.447592068,3040,21.4,,35.95053,2782:1,37474,87.980493402,13908,50.035950532,23.534027679,2023,,,0.34210526315789475,150.5,224.0,17.5,,0.1146,0.1867,0.0742,0.99,Very High Vulnerability,1.0,Very High Concern,2782,1
Zavala,8.2987551867,1.0,8.44595,29.0,38.8,,384,11.507341924,2720,22.8,,115.37655,867:1,35046,84.809098294,9534,48.825256975,38.032028775,2023,,,0.23529411764705882,121.0,144.5,0.0,,0.107,0.1724,0.0705,1.0,Very High Vulnerability,1.0,Very High Concern,867,1
