% Low Birthweight,# Primary Care Physicians,Primary Care Physicians Rate,% Vaccinated Flu,% Children in Poverty,Infant Mortality Rate,# Uninsured Children,% Uninsured Children,# Food Insecure,% Food Insecure,Segregation index_b,Other Primary Care Provider Rate,Median Household Income,% Enrolled in Free or Reduced Lunch,Population,% Female,% Rural,% Broadband Access,% Less Than 18 Years of Age,live_births,kin_DTP_cov,kin_HepA_cov,kin_HepB_cov,kin_polio_cov,kin_varic_cov,Estimated hesitant,Estimated hesitant or unsure,Estimated strongly hesitant,Social Vulnerability Index (SVI),CVAC level of concern for vaccination rollout,other_pc_provider_ratio_numerator,other_pc_provider_ratio_denominator,seg_missing_bool,OH__Low Vulnerability,OH__Moderate Vulnerability,OH__Very High Vulnerability,OH__Very Low Vulnerability,OH__Moderate Concern,OH__Very High Concern,OH__medium,OH__small,year
-0.6423013106570313,-0.20449110951266625,-0.22801204691444388,0.49445889632203416,0.006061854945829204,-0.0785027127708273,-0.15421200989370332,-0.5395907412722389,-0.08985389313584127,1.0577387446136157,-0.42269965309355806,-0.2894019868966818,-0.6635597461552187,-0.11275376493398298,-0.14103294241547018,-3.5579124883966253,0.3674969320621554,-0.04300876412865455,-1.1869126963941603,-0.18050280589007986,0.3796117971092579,0.551228145537708,0.37460846018041744,0.5667048972627746,0.49019714376301643,1.8001597443136756,1.850892362349487,1.7742577972630695,0.487797666291684,0.6012548294851522,-0.0798263153705967,0.2336615097730588,0,0,0,0,0,0,1,0,0,2020
-0.6229793106726442,-0.19713859606143266,-0.09869412350762247,0.5925867273715588,0.660426832479651,-0.0785027127708273,-0.1370253620832901,0.12206355170120071,-0.12840140680273196,-0.16037963715204026,-0.021259605863399814,-0.01433617630320134,-0.2959345718190379,0.24744062992658028,-0.14166130326256257,0.3420257513176083,-0.06241326998481709,-0.04300876412865455,-1.1869126963941603,-0.18541007906632218,0.3415320108363954,0.31334579852671957,-0.06610929419382736,0.22388917655164164,0.34008600868403505,1.8001597443136756,1.850892362349487,1.7742577972630695,0.487797666291684,0.6012548294851522,-0.20861876594241818,0.2336615097730588,0,0,0,0,0,0,1,0,0,2022
-0.6036573106882571,-0.19346233933581589,-0.03590144112886534,0.6907145584210834,0.25472054640868125,-0.0785027127708273,-0.16197615342209176,-0.6326781551849203,-0.1345835552210069,-0.357912347708633,0.37742308344039704,0.23780700054108908,-0.02369727367517766,0.2727497126782977,-0.1401726864938556,-3.807213524379986,0.3674969320621554,-0.04300876412865455,-1.1869126963941603,-0.18541007906632218,0.21082298981771297,0.06082382493317147,-0.16752588739972962,0.13508703793180848,0.059367947096486455,1.8001597443136756,1.850892362349487,1.7742577972630695,0.487797666291684,0.6012548294851522,-0.29021171048081645,0.2336615097730588,0,0,0,0,0,0,1,0,0,2023
-1.4340422026690207,-0.24492993349445089,0.3741389030314389,-1.3699698936189335,-1.1194459064123443,-0.0785027127708273,-0.19868623010486036,0.022574427549351732,-0.2542263099040922,-2.1686288611440676,-1.0370865661179798,-0.0041362550401449335,2.2547552070222396,-1.5310848681313234,-0.24059572123908846,-0.08253314750304475,-1.2340040231613285,1.2451055093991268,1.9502108876119721,-0.2288205725484657,0.43482316976882696,0.42101571378045544,0.6421879395985031,0.6843322437819256,0.852867647069076,-0.27371388764075727,-0.32861693445013107,-0.12534126304491375,-0.8770993739794638,-0.002656331363457912,-0.21227764237911767,0.2336615097730588,0,0,1,0,0,0,1,1,0,2020
-1.4340422026690207,-0.24492993349445089,0.3317233282274083,-1.3699698936189335,-1.289580800571138,-0.0785027127708273,-0.19951541048167853,-0.10198260069070197,-0.24840781727512756,-1.608952847900388,0.3968904708409471,-0.16878916598496538,1.5039313275429687,-1.4443214537942974,-0.2391569743788809,-0.08034780502167478,-1.2340040231613285,1.2451055093991268,1.9502108876119721,-0.23146295041259618,0.2243228441247824,0.26573174931610455,0.2931085265659824,0.30473018994928425,0.3023487494037884,-0.27371388764075727,-0.32861693445013107,-0.12534126304491375,-0.8770993739794638,-0.002656331363457912,-0.14312487772549762,0.2336615097730588,1,0,1,0,0,0,1,1,0,2021
-1.4340422026690207,-0.25228244694568447,-0.12412691073153044,-1.8606090488665568,-1.381191897425873,-0.0785027127708273,-0.18526858400725704,0.5795562577129031,-0.24913512885374814,-1.7077192031786843,1.830867507799874,-0.06282123726777863,1.6298672833949963,-0.9342275135829626,-0.23872310617493614,0.3420257513176083,-0.06241326998481709,1.5595807968387965,2.055588522568052,-0.22334707554419542,1.0583762174000946,0.8727171248108497,0.8252111386338754,1.0043449001032871,0.9250076146975795,-0.27371388764075727,-0.32861693445013107,-0.12534126304491375,-0.8770993739794638,-0.002656331363457912,-0.18959260847158094,0.2336615097730588,0,0,1,0,0,0,1,1,0,2022
0.6071407723141115,-0.0905271510185459,0.6640631306259303,1.0832258826191818,0.006061854945829204,0.4427725362410949,-0.05734866587448843,-0.5899798519839135,0.0032419889275928835,0.9589723893353189,-0.22502433923673104,0.4995459213511072,-0.23072041156510437,0.523778352208608,-0.06957435052668627,0.7172430806799077,-0.39209108671780063,0.820434633930941,0.48792536876508386,-0.07273153728875831,0.5462487094479324,0.7851311942855936,0.570608430091905,0.5953747616295222,0.5688253259643462,0.47717139289446847,0.7611377139496789,0.4361754403165652,1.2982052839526776,0.0836166916149151,-0.35314438519204744,0.2336615097730588,0,0,0,1,0,0,1,0,0,2021
0.6071407723141115,-0.07949838084169554,0.8025727920273686,1.279481544718231,0.3332443437127401,0.7611892483831065,-0.03217173443291818,-0.14648859735237463,-0.006758545278440082,0.7614396787787268,0.04512471657828876,0.8314930967368538,-0.3660154604501306,0.9192992663920757,-0.06937237739726372,0.3420257513176083,-0.06241326998481709,1.156084679725839,0.47477834650313944,-0.07877125812105654,-0.15869003923185443,0.16287405766552945,0.1938617939003694,-0.13852307497893093,0.14564830396915762,0.47717139289446847,0.7611377139496789,0.4361754403165652,1.2982052839526776,0.0836166916149151,-0.4124181834665789,0.2336615097730588,0,0,0,1,0,0,1,0,0,2022
0.6071407723141115,-0.06846961066484519,0.9293011573104225,1.1813537136687065,0.5033792378715334,0.7611892483831065,-0.03367933511804215,-0.10441312341816485,-0.005303922121198923,0.7943617972048249,-0.034386653836979274,1.0968655500646325,-0.31532661258341077,0.9831796368892206,-0.07009549107050496,0.6469783848616515,-0.39209108671780063,1.156084679725839,0.47477834650313944,-0.07877125812105654,-0.13951892406119049,-0.11711593314434844,0.029742509462621466,-0.024709638657789156,-0.11971360121594313,0.47717139289446847,0.7611377139496789,0.4361754403165652,1.2982052839526776,0.0836166916149151,-0.4486410601899037,0.2336615097730588,0,0,0,1,0,0,1,0,0,2023
-0.048061362355669116,-0.24492993349445089,-0.10903520167180318,1.0832258826191818,1.2493553122600904,-0.0785027127708273,-0.20825949445539754,0.4366185680708146,-0.19822331835030757,1.123582981465813,1.3019944536122625,-0.24706232946358453,-0.13076529797268044,0.4653181553002816,-0.2271757288619011,0.49649737951425504,-0.8932366837633051,0.7639887600487218,-1.5280510422407114,-0.24090001421306215,0.007811074176879792,0.4163664070950685,-0.07502008108464983,0.21608673606654205,0.29276577787612906,-0.12174900943719912,-0.10425568330899372,-0.3284430493671502,0.5304506988001574,-0.26147540029857697,-0.10360901220914329,0.2336615097730588,0,0,0,1,0,0,1,1,0,2021
-0.048061362355669116,-0.25228244694568447,-0.4093583100671666,0.8869702205201326,1.0792204181012968,-0.0785027127708273,-0.20509353301663721,0.7122108328528578,-0.20022342519151418,1.0577387446136157,1.3019944536122625,-0.07562529417055759,-0.2523586346573969,0.288688599277651,-0.2264177062527103,0.3420257513176083,-0.06241326998481709,1.1258956882704876,-1.448825988891822,-0.24580728738930446,1.1357675530990072,1.229995077038276,0.9158594211749729,1.0837181180097615,1.0665907287348086,-0.12174900943719912,-0.10425568330899372,-0.3284430493671502,0.5304506988001574,-0.26147540029857697,-0.1841042938165317,0.2336615097730588,1,0,0,1,0,0,1,1,0,2022
-0.11876609492772165,-0.25228244694568447,-0.1903221173500995,0.788842389470608,-1.0801840077603149,-0.0785027127708273,-0.23615010713019094,0.18379452239154373,-0.2587720072704708,-0.3249902292825343,-0.014730859116148689,-1.2226651418980934,0.4760782942869419,-2.2827765476984103,-0.2638899554991561,0.5806059121559359,1.061949585892023,0.0740710194230039,-0.5296266108227782,-0.2699661707184974,0.790231589485536,0.6318061112490403,0.5111339906745604,0.7293334690470352,0.75052138260943,0.8615531436446432,0.5239558198861904,0.8423790129610397,-2.4979146093014517,-0.6928405151904411,2.4111367627344054,0.2336615097730588,1,0,0,0,1,0,1,0,1,2020
-0.40008511209303954,-0.25228244694568447,-0.1903221173500995,0.8869702205201326,-1.2764935010204614,-0.0785027127708273,-0.24104980935684384,-0.5927441622370865,-0.26004480253305684,-0.5883671766913251,-0.014730859116148689,-1.2226651418980934,0.6663299374617353,-2.0031271984557404,-0.2644709399331741,0.6826245749338181,1.061949585892023,0.0740710194230039,-0.5296266108227782,-0.26789001668239487,0.9774897891212243,1.0473223175929613,0.730469062687688,0.921387085259094,0.9218105766386681,0.8615531436446432,0.5239558198861904,0.8423790129610397,-2.4979146093014517,-0.6928405151904411,2.4111367627344054,0.2336615097730588,1,0,0,0,1,0,1,0,1,2021
-0.6814041292583574,-0.25228244694568447,-0.1903221173500995,0.8869702205201326,-1.4858902938312846,-0.0785027127708273,-0.23449174637655457,0.7068180433188415,-0.2585901793758157,-0.2591459924303369,-0.014730859116148689,-1.2226651418980934,1.103212400242105,-2.087198138224053,-0.26402959124295444,0.3420257513176083,-0.06241326998481709,0.33078661719302077,-0.5450348236568282,-0.26562512137028305,0.5146775931861917,0.5131779197212225,0.1883782676172768,0.2874741282517468,0.4984660812689439,0.8615531436446432,0.5239558198861904,0.8423790129610397,-2.4979146093014517,-0.6928405151904411,2.4111367627344054,0.2336615097730588,1,0,0,0,1,0,1,0,1,2022
-0.9627231464236753,-0.25228244694568447,-0.1903221173500995,0.9850980515696572,-1.3157553996724909,-0.0785027127708273,-0.23501940661634796,0.5594061435100938,-0.25931749095443624,-0.423756584560831,-0.014730859116148689,-1.2226651418980934,1.0822480318481884,-2.1021226471377585,-0.26415177251877797,0.4625052555728305,1.061949585892023,0.33078661719302077,-0.5450348236568282,-0.26562512137028305,-0.2864384420636751,-0.20623640120930367,-0.5417386872214305,-0.374908553083187,-0.23433237705659457,0.8615531436446432,0.5239558198861904,0.8423790129610397,-2.4979146093014517,-0.6928405151904411,2.4111367627344054,0.2336615097730588,1,0,0,0,1,0,1,0,1,2023
0.3742008633574327,-0.27801624402500197,-1.5197119064035973,-1.1737142315198843,-0.9493110122535506,-0.0785027127708273,-0.253638275077629,0.2598362739231197,-0.276591140946675,-0.6212892951174238,-0.014730859116148689,-0.3014739440496543,0.17808477211626988,-1.3112114572068467,-0.2810801129588978,0.8282341360454096,1.4107383358347967,1.1467093486303495,-0.3298426526844913,-0.2788370106909354,-0.6814956629421975,-0.8673588277042179,-1.2126965466419937,-0.7800826283867833,-0.595699906443095,0.3967193985514088,0.4278009979685602,0.29280947350086917,-2.1993433817421377,-2.7633930666713913,-0.0728744501408677,0.2336615097730588,1,0,0,0,1,1,0,0,1,2020
0.3742008633574327,-0.27801624402500197,-1.5197119064035973,0.10194757212393568,-1.3288426992231672,-0.0785027127708273,-0.25341213497486037,0.4128744592851187,-0.2767729688413301,-0.9175883609523132,-0.014730859116148689,-1.4793883436916295,0.5558926396723531,-1.7392681187810226,-0.28113746335367207,0.3420257513176083,-0.06241326998481709,1.1467093486303495,-0.3298426526844913,-0.27921449324295405,-0.22717985893189904,-1.916035780075468,-0.6805575546877553,-0.31413244178764993,-0.18012724764862162,0.3967193985514088,0.4278009979685602,0.29280947350086917,-2.1993433817421377,-2.7633930666713913,-0.0812898659452765,-4.279695021106552,1,0,0,0,1,1,0,0,1,2022
0.3742008633574327,-0.27801624402500197,-1.5197119064035973,-0.19243592102463816,-1.2241443028177559,-0.0785027127708273,-0.25280909470081075,0.9968732633749849,-0.2773184525252956,-1.4772643741959928,-0.014730859116148689,-1.4793883436916295,0.7164946761186073,-2.1414957670837524,-0.2812122682164212,0.5520024427697082,1.4107383358347967,1.1467093486303495,-0.3298426526844913,-0.27921449324295405,1.1357675530990072,0.09742396847732654,0.9158594211749729,1.0837181180097615,1.0665907287348086,0.3967193985514088,0.4278009979685602,0.29280947350086917,-2.1993433817421377,-2.7633930666713913,-0.09226649525537492,-4.279695021106552,1,0,0,0,1,1,0,0,1,2023
-0.11234089438138235,-0.2375774200432173,-0.70434269235368,-0.19243592102463816,-0.46508092887852265,-0.9915951791288589,-0.13747764228882728,-0.6858630705452924,-0.16894902731082925,-0.7858998872479178,2.675706044008949,-0.4337655945774608,0.1854971737984047,0.39493555662428104,-0.15824803482946154,0.38653300807336755,0.16629038268864677,0.5971696401046991,0.9466429518572197,-0.16955581188153931,0.4922776274188445,0.5801591950770747,0.68032249030998,0.46499737842729744,0.4043995412786926,-0.4524960972920015,-0.4888749709795149,-0.5195976717880798,0.7437158613425239,0.6012548294851522,0.014572696696249726,0.2336615097730588,1,0,0,1,0,0,1,0,0,2021
-0.11234089438138235,-0.24492993349445089,-0.8635856001559101,-0.09430808997511356,-0.07246194235822959,-0.9915951791288589,-0.11049159002510828,-0.048170905083361984,-0.1694945109947947,-0.8517441241001152,2.675706044008949,-0.35913532379605195,0.4314541387056051,0.37796642298856864,-0.15682424894180377,0.3420257513176083,-0.06241326998481709,0.8632263683969131,0.8827659603771797,-0.15728762894093354,0.6990950812832868,0.6343872934099416,0.6368739302475125,0.758005366212302,0.7034689880405977,-0.4524960972920015,-0.4888749709795149,-0.5195976717880798,0.7437158613425239,0.6012548294851522,-0.03738334870488281,0.2336615097730588,0,0,0,1,0,0,1,0,0,2022
-0.11234089438138235,-0.2412536767688341,-0.7987310417883412,0.20007540317346031,0.16310944955394632,-0.9915951791288589,-0.12466303646527357,-0.3735171913626257,-0.1751311757291042,-1.115121071508906,2.434859350985566,-0.22984004499918853,0.2301213293797415,0.08940818823693827,-0.16127513827537485,0.30664687072637553,0.16629038268864677,0.8632263683969131,0.8827659603771797,-0.15728762894093354,0.3758942171879729,0.35300417439152565,0.28011814760131937,0.3786076586429258,0.4377152893201581,-0.4524960972920015,-0.4888749709795149,-0.5195976717880798,0.7437158613425239,0.6012548294851522,-0.11239031565722203,0.2336615097730588,0,0,0,1,0,0,1,0,0,2023
-0.14058014167433722,-0.25595870367130125,-0.7685129420868722,0.20007540317346031,-0.739914219442728,-0.0785027127708273,-0.18421326352767028,-0.1941878860322734,-0.20295084361134136,-0.09453540029984286,-1.1963445443198475,-0.36467253852472487,0.38263710944548496,-0.48888541555412174,-0.21102037200352192,0.3639809157176315,0.34470903838739037,-0.0514761652966505,0.0705198755203821,-0.21919476747199038,0.6728797527866216,0.6957634220566935,0.29622587798297284,0.6089764184559211,0.6431770763781697,-0.7385476327339916,-0.7196465435818269,-0.7346466220116247,-0.791793308962517,-0.520294469233696,-0.033724472268183335,0.2336615097730588,0,0,1,0,0,0,1,1,0,2020
-0.14058014167433722,-0.259634960396918,-0.897950199969443,0.2982032342229849,-0.7268269198920513,-0.0785027127708273,-0.19122360671349672,-0.4867637784785804,-0.21040578729220227,-0.6212892951174238,-1.4651727382258815,-0.21785255232267764,1.0092471061908002,-0.38178813469540285,-0.2109131517002482,0.41506487867836983,0.34470903838739037,-0.0514761652966505,0.0705198755203821,-0.21409875301973877,0.6246622735874168,0.6401142913294476,0.3837204292207344,0.617767931410628,0.5471249052417155,-0.7385476327339916,-0.7196465435818269,-0.7346466220116247,-0.791793308962517,-0.520294469233696,-0.11861040559961113,0.2336615097730588,0,0,1,0,0,0,1,1,0,2021
-0.14058014167433722,-0.259634960396918,-0.898840360574488,0.5925867273715588,-0.5959539243852869,-0.0785027127708273,-0.1729816384234967,0.38304257449368445,-0.2084056804509957,-0.5225229398391271,-0.5955919966351247,-0.21532730962403046,0.43137926596134113,-0.6688158144938741,-0.2110627614257464,0.3420257513176083,-0.06241326998481709,0.6453950167699392,-0.005178604817626765,-0.21711861343588787,0.7714152746353022,0.8094860020775306,0.5602219760570383,0.7100352950936244,0.45557548288352323,-0.7385476327339916,-0.7196465435818269,-0.7346466220116247,-0.791793308962517,-0.520294469233696,-0.12007395617429092,0.2336615097730588,0,0,1,0,0,0,1,1,0,2022
-0.1537173161699292,-0.27066373057376836,-0.40601843642712326,0.0038197410744110656,0.28089514551003403,-0.0785027127708273,-0.2296674241841579,1.4561023193878841,-0.26822705779253836,-1.5760307294742895,-0.014730859116148689,0.8030256709708647,-0.5582886677200517,1.8204741223534637,-0.2687547650732722,0.19867368724720608,-0.8460319345267964,-0.001950738647795475,-0.08181723863098643,-0.24297616824916468,-0.6648235233454921,-1.1078810644866193,-0.13865454453251685,-0.7629835389703042,-0.7863295664405653,-0.4793134287396877,-0.3734891846783571,-0.40012603277499903,0.5304506988001574,0.6875278524635252,-0.40802753174253953,0.2336615097730588,1,0,0,1,0,0,1,0,1,2023
0.8461361688774126,-0.25595870367130125,-0.518628414468283,0.10194757212393568,0.03223645404718198,-0.0785027127708273,-0.21805889890870334,0.03534772681082003,-0.22495201886461386,-0.16037963715204026,-0.014730859116148689,-0.5029538124546007,-0.13653049928100752,-0.7091794281834274,-0.22888626672343038,0.4459204526726291,1.4107383358347967,0.7709341114613293,-1.8580359239230468,-0.25203574949761204,-0.33889685991803986,-0.007787555268772866,-0.18331292286166034,-0.2912168588401467,-0.15968924803577433,-0.4524960972920015,-0.4888749709795149,-0.5195976717880798,-0.7064872439455703,-0.9516595841255601,0.06982173089041178,0.2336615097730588,1,0,1,0,0,0,0,1,0,2020
0.5302949222331111,-0.259634960396918,-0.7027644939118909,0.39633106527250955,0.13693485045259354,-0.0785027127708273,-0.2149683175041992,0.2829858100607736,-0.21949718202495952,0.20176366553504657,-0.014730859116148689,-0.41869459135655973,0.35733012188425706,-0.4623982863006624,-0.22816814004103908,0.44282485497759616,1.4107383358347967,0.7709341114613293,-1.8580359239230468,-0.24769470014939765,-0.22717985893189904,-0.18571880866291082,-0.20163246192893236,-0.17434738580790934,-0.18012724764862162,-0.4524960972920015,-0.4888749709795149,-0.5195976717880798,-0.7064872439455703,-0.9516595841255601,0.0035960673861513037,0.2336615097730588,1,0,1,0,0,0,0,1,0,2021
0.21445367558880968,-0.259634960396918,-0.7129444705338095,0.20007540317346031,-0.16407303921296454,-0.0785027127708273,-0.21428989719589342,0.37994983367077056,-0.21676976360513237,0.33345213923944195,-0.014730859116148689,-0.17179021780563317,0.7155962031874394,-0.7078120068963685,-0.2263005119677367,0.3420257513176083,-0.06241326998481709,1.0734895426969406,-1.8376084258426093,-0.24863840652944427,0.20413261322977563,-0.0244349482665818,-0.1753623091615808,0.1282253303001338,0.0723725956695341,-0.4524960972920015,-0.4888749709795149,-0.5195976717880798,-0.7064872439455703,-0.9516595841255601,-0.1416613271508178,0.2336615097730588,1,0,1,0,0,0,0,1,0,2022
-0.10138757105549184,-0.259634960396918,-0.7382687379688329,0.6907145584210834,-0.4127317306758171,-0.0785027127708273,-0.21745585863465375,-0.03687008642536245,-0.21931535413030437,-0.028691163447644878,-0.014730859116148689,0.07077214678776593,1.0646529369461513,-0.6751704327941984,-0.23202557746346733,0.345374585558259,1.4107383358347967,1.0734895426969406,-1.8376084258426093,-0.24863840652944427,-1.0478026462803531,-0.9936392984086131,-1.039960329358418,-0.6288317824750221,-0.6957854682470036,-0.4524960972920015,-0.4888749709795149,-0.5195976717880798,-0.7064872439455703,-0.9516595841255601,-0.23898744036702382,0.2336615097730588,1,0,1,0,0,0,0,1,0,2023
-0.4317228763981236,-0.19346233933581589,-0.5077883690273739,0.2982032342229849,-0.43890632977716987,-0.5174067595709795,-0.042800319263042154,-0.3233025743447404,-0.09858163207928822,-0.8188220056740165,-0.6540894426839204,-0.7106887322074364,0.5279651060618856,0.622240853989483,-0.06892354822076917,-0.003330540498549028,0.26578792150676617,0.6171170936479883,0.4700035922222764,-0.06725804028448804,0.03315841078186738,-0.11072914858564074,-0.006628718970422907,0.03364739251186925,-0.14010419864754764,0.38778028806884635,0.4085700335850345,0.32865096520479276,0.3171855362577904,-0.26147540029857697,0.29557440703476934,0.2336615097730588,0,0,0,0,0,0,1,0,0,2020
-0.42100863633905705,-0.1897860826101991,-0.4906825177691346,0.49445889632203416,0.16310944955394632,-0.91135948144092,-0.025764431521141322,-0.11052705541266157,-0.09530872997549561,-0.8517441241001152,-0.4686476026485716,-0.6002308145528525,0.5836704277942927,0.7205990385514481,-0.06456741171334696,0.025356182794748685,0.26578792150676617,0.6171170936479883,0.4700035922222764,-0.040834261643183274,0.19141578358373773,0.2792289949129917,0.2098273433978458,0.19761137494408057,0.23952966332074166,0.38778028806884635,0.4085700335850345,0.32865096520479276,0.3171855362577904,-0.26147540029857697,0.16239130473890848,0.2336615097730588,0,0,0,0,0,0,1,0,0,2021
-0.41029439627999054,-0.1897860826101991,-0.5426388839093499,0.6907145584210834,-0.5828666248346104,-1.0175043334069414,0.006422843106255376,0.2447635915712135,-0.09130851629308243,-0.9834325978045106,0.0319141665220001,-0.4312247515797307,1.346024709890218,0.8191345413098468,-0.03131665022137497,-0.08717742155440117,0.26578792150676617,0.6171170936479883,0.4700035922222764,-0.040834261643183274,-0.558764148735273,-0.29110963515025906,-0.16475437215651717,-0.5962772593062344,-0.7073272514761497,0.38778028806884635,0.4085700335850345,0.32865096520479276,0.3171855362577904,-0.26147540029857697,0.012743258477899989,0.2336615097730588,0,0,0,0,0,0,1,0,0,2023
0.4416283351260364,-0.259634960396918,3.687216732385732,-1.9587368799160814,0.7912998279864153,-0.0785027127708273,-0.25069845374163724,-0.28857616628231414,-0.27040899252840006,0.39929637609163937,-1.054702716504268,-0.23504764769438669,-1.022125318435457,-0.27431228170363053,-0.27686610569069886,0.770309131677232,1.4107383358347967,-0.001950738647795475,-0.18744574062698055,-0.2744959613427211,1.1357675530990072,1.229995077038276,0.9158594211749729,1.0837181180097615,1.0665907287348086,0.8615531436446432,0.5239558198861904,0.8423790129610397,-2.1993433817421377,-0.8653865611471871,-0.1098291021515324,0.2336615097730588,1,0,0,0,1,0,0,0,1,2020
0.4416283351260364,-0.259634960396918,3.6857630893030073,-1.6643533867675075,0.25472054640868125,-0.0785027127708273,-0.2507738337758934,-0.4330140041422334,-0.2705908204230552,0.3663742576655412,-1.054702716504268,-0.20916073425808077,-0.9952460032446854,-0.19568519271034135,-0.27704813085672164,0.8141639699547114,1.4107383358347967,-0.001950738647795475,-0.18744574062698055,-0.27694959793084223,-0.6484545135596335,-0.3144200709993815,-1.1739955290453254,-0.7461953420886678,-0.5654764403489544,0.8615531436446432,0.5239558198861904,0.8423790129610397,-2.1993433817421377,-0.8653865611471871,-0.1230010573236505,0.2336615097730588,1,0,0,0,1,0,0,0,1,2021
0.4416283351260364,-0.259634960396918,3.7940561426839223,-0.8793307383713105,-0.09863654145958237,-0.0785027127708273,-0.2507738337758934,-0.32947610842223674,-0.2705908204230552,0.43221849451773864,-1.054702716504268,-0.2124104994184089,-0.7816340638595277,-0.060710848927310754,-0.2770256893978969,0.3420257513176083,-0.06241326998481709,0.42044335907337765,-0.20274763559304212,-0.27392973751469313,0.6451064847678808,0.6637095227578013,0.3411493098643905,0.07726571495562481,0.16895378573873843,0.8615531436446432,0.5239558198861904,0.8423790129610397,-2.1993433817421377,-0.8653865611471871,-0.12153750674897071,0.2336615097730588,0,0,0,0,1,0,0,0,1,2022
1.2542020175852817,-0.25228244694568447,-0.7181023303278515,-0.486819414173212,0.46411733921950443,1.3879379113607233,-0.20727955401006698,-1.0724114148506239,-0.1829497751992754,0.5309848497960353,0.358855306747331,-0.03993648995921768,-0.6375789038956149,1.476375653188541,-0.2047267895508982,0.3420257513176083,-0.06241326998481709,-0.6887813528249729,-0.7589467972231724,-0.22466826447626065,0.7432386984341061,0.7014618930431621,0.6093473618093247,0.7482339836583862,0.6476934886699726,-0.12174900943719912,-0.10425568330899372,-0.3284430493671502,1.2555522514442041,0.9463469213986443,-0.19873979956332963,0.2336615097730588,0,0,0,1,0,0,1,1,0,2022
1.2542020175852817,-0.259634960396918,-0.9462180120482837,-0.09430808997511356,1.0923077176519729,1.3879379113607233,-0.21263153644225705,-1.2867718287375012,-0.18113149625272396,0.6297512050743308,1.605284555014907,0.10609568113915657,-0.7038412825692443,1.4218222717382982,-0.20868895378117516,-3.582985082924634,-0.3954187486192731,-0.6887813528249729,-0.7589467972231724,-0.22466826447626065,0.2708201570024713,0.3224861759477725,0.2711525655380981,0.2772658719727938,0.2754043206453247,-0.12174900943719912,-0.10425568330899372,-0.3284430493671502,1.2555522514442041,0.9463469213986443,-0.2506958449644621,0.2336615097730588,0,0,0,1,0,0,1,1,0,2023
0.45102892358572544,0.751335639147698,1.4163211884149338,0.0038197410744110656,-0.5436047261825814,0.3125705379040752,0.25608151656278433,-1.9067181747697974,0.7280079770230001,0.39929637609163937,-0.0345519648365108,2.499797326506015,-3.748648775746855e-05,-0.14597943371999977,0.6191515273087912,0.42826822865783354,-1.2756832567685745,1.115850694758156,1.0415761817401121,0.8724847729659146,0.19929529841019164,0.3769802058181193,0.18296138466969353,0.16633382388732787,0.09858101615773993,0.4235367299990949,1.132936358697849,0.18528499838909676,0.5731037313086308,-0.43402144625532296,-0.5602367915092377,0.2336615097730588,0,0,0,1,0,0,1,0,0,2021
0.45102892358572544,0.7770694362270155,1.3735103181599824,-0.19243592102463816,-0.3734698320237877,0.4554506545572011,0.4164902294599745,-1.371753347238046,0.6974608907209359,0.03715307340455251,0.2519049824291253,2.911888586953219,0.3029725095486018,-0.47707950224845447,0.6607754464378117,0.3264092852555706,-1.2756832567685745,1.115850694758156,1.0415761817401121,0.8724847729659146,0.1839601772653588,0.23226825956600355,0.02602529261080528,0.16574898370606847,0.20793285925556543,0.4235367299990949,1.132936358697849,0.18528499838909676,0.5731037313086308,-0.43402144625532296,-0.5792629489800749,0.2336615097730588,0,0,0,1,0,0,1,0,0,2023
0.6363265889564955,5.052556008119336,1.2411396696953902,0.0038197410744110656,0.1500221500032697,0.2608262848528887,2.8873723723439,-1.5787779200012828,3.6503458999204876,-1.1809653083611034,0.17794107108194496,0.696430610230556,-0.046533460675693986,0.06891376740518258,4.666406288962863,0.5347771243736049,-1.6129247239911282,0.7117793984530901,0.4462842359049021,4.4821616766441545,0.30626483531231785,0.3007013578686401,0.2586378137819865,0.3167509605372808,0.28825680896158323,-1.7129106753332715,-1.4696541545393418,-1.8935215204385079,0.6584097963255771,-0.08892935434183093,-0.39046492484638207,0.2336615097730588,0,0,0,1,0,0,1,0,0,2020
0.6114311112542851,5.262102641479493,1.3099807453934713,0.20007540317346031,-0.020112744155524036,0.23754250255202078,3.1314529232654706,-1.422464347022163,4.660763510519128,-0.29206811085643564,0.09641823241078977,0.8820893238901423,0.30881258360119285,0.16673611688564288,4.710054926376959,0.523892337349228,-1.6129247239911282,0.7117793984530901,0.4462842359049021,4.542936367519155,-0.12374188569740693,0.133331790908967,0.06182385149840813,-0.11651963943533855,-0.08179978820171001,-1.7129106753332715,-1.4696541545393418,-1.8935215204385079,0.6584097963255771,-0.08892935434183093,-0.41973593633997786,0.2336615097730588,0,0,0,1,0,0,1,0,0,2021
0.5865356335520747,5.350332802894297,1.3299286217757358,0.10194757212393568,-0.26877143561837613,0.13583960866924577,3.491091066701793,-1.1584863459971393,4.645489967368095,-0.357912347708633,0.1656295349871556,1.1254700356011331,0.42269402762671854,0.1282484386151829,4.76807607142058,0.3420257513176083,-0.06241326998481709,1.033511053138612,0.39090845679311087,4.739227294568848,-0.266780966418472,0.0052368701417631934,0.01625794148803576,-0.2764918431484891,-0.2870645892143328,-1.7129106753332715,-1.4696541545393418,-1.8935215204385079,0.6584097963255771,-0.08892935434183093,-0.4519340489829332,0.2336615097730588,0,0,0,1,0,0,1,0,0,2022
0.5616401558498643,5.25475012802826,1.2493752402030636,0.49445889632203416,-0.2295095369663467,0.13583960866924577,3.5996383160307186,-1.0818593707232054,4.961325020384082,-0.12745751872594155,0.03274503920977878,1.3576985392207803,0.612646179824456,0.05635245336314633,4.771599380456062,0.4552736609542739,-1.6129247239911282,1.033511053138612,0.39090845679311087,4.739227294568848,-0.5536838623138126,-0.4311900845723041,-0.3562586402765109,-0.5901093641610746,-0.5143954376750244,-1.7129106753332715,-1.4696541545393418,-1.8935215204385079,0.6584097963255771,-0.08892935434183093,-0.47754618403982957,0.2336615097730588,0,0,0,1,0,0,1,0,0,2023
-1.3741891855625794,-0.259634960396918,0.08410802024924628,0.5925867273715588,-0.7006523207906985,-0.0785027127708273,-0.22680298288242234,1.1631398077918473,-0.2547717935880576,-0.6212892951174238,-0.014730859116148689,-0.9080465558719203,0.7487648288963861,-1.5537350511564083,-0.25661892283994425,0.255412149543105,1.4107383358347967,1.145173534592273,-1.5186407886133766,-0.26751253413037623,-0.9301737872425798,-1.1543651515110935,-1.2014936204955922,-1.0351290463147387,-0.5869510083632141,-1.6860933438855854,-2.1876101581909815,-1.5590009312018822,-1.6875069916404575,-1.7281167909309163,0.6621938259920567,0.2336615097730588,1,1,0,0,0,0,0,1,0,2020
-1.3851866596553666,-0.2669874738481516,-0.5636697206590425,0.5925867273715588,-1.0278348095576093,-0.0785027127708273,-0.22800906343052152,1.091899420058805,-0.2542263099040922,-0.6212892951174238,-0.014730859116148689,-0.5454287467668859,1.016210271407351,-1.2978245055195499,-0.2560479123876262,0.3622079999596209,1.4107383358347967,1.145173534592273,-1.5186407886133766,-0.26675756902633896,-0.9472275483067133,-1.4411631978696207,-1.5239476551435314,-1.0526195299825045,-0.8387707068700527,-1.6860933438855854,-2.1876101581909815,-1.5590009312018822,-1.6875069916404575,-1.7281167909309163,0.10787404583208632,0.2336615097730588,1,1,0,0,0,0,0,1,0,2021
-1.3961841337481535,-0.259634960396918,0.04310879650426957,0.788842389470608,-1.0409221091082859,-0.0785027127708273,-0.22310936120386862,1.9066365003553405,-0.25386265411478187,-0.6212892951174238,-0.014730859116148689,-0.5711585429052882,0.8648924552498314,-1.1993968296648274,-0.2552051109339864,0.3420257513176083,-0.06241326998481709,1.4233863115587784,-1.6595463723171444,-0.2643039324382178,-1.5901272709628027,-2.1580381536996014,-1.7857693072081042,-1.7119830015850586,-1.4268452240320493,-1.6860933438855854,-2.1876101581909815,-1.5590009312018822,-1.6875069916404575,-1.7281167909309163,0.13275440560164273,0.2336615097730588,1,1,0,0,0,0,0,1,0,2022
-1.4071816078409407,-0.25595870367130125,0.3040075233143151,0.9850980515696572,-1.0932713073109916,-0.0785027127708273,-0.22642608271114134,1.4268749781130061,-0.2536808262201268,-0.6871335319696211,-0.014730859116148689,-0.3543937243205933,1.0793279948218928,-1.5599338792620143,-0.2561601196817498,0.30283981153515427,1.4107383358347967,1.4233863115587784,-1.6595463723171444,-0.2643039324382178,-2.3986553967438486,-2.8491805258295453,-2.006395382099171,-2.5412163845157263,-2.546778321461234,-1.6860933438855854,-2.1876101581909815,-1.5590009312018822,-1.6875069916404575,-1.7281167909309163,-0.04031044985424238,0.2336615097730588,1,1,0,0,0,0,0,1,0,2023
-0.048061362355669116,-0.27801624402500197,-1.5197119064035973,-1.9587368799160814,-1.0540094086589622,-0.0785027127708273,-0.2568796165506455,0.2451537643718171,-0.2796822151558125,-0.6871335319696211,-0.014730859116148689,-1.4793883436916295,0.8437783413673868,-2.6097454683068175,-0.2841820212675602,-0.37517780936563366,1.4107383358347967,0.5445483336571326,-0.96675293920315,-0.24297616824916468,1.1357675530990072,1.229995077038276,0.9158594211749729,1.0837181180097615,1.0665907287348086,0.34308473565603526,0.3636977833568067,0.26891514569825237,-2.6258737068268716,-1.383024699017425,-0.5280386788662823,-4.279695021106552,1,0,0,0,1,0,0,0,1,2020
-0.048061362355669116,-0.27801624402500197,-1.5197119064035973,-1.8606090488665568,-0.9362237127028742,-0.0785027127708273,-0.25763341689320746,-1.1674187343352262,-0.27950038726115733,-0.5554450582652258,-0.014730859116148689,-1.4793883436916295,1.2799120767051166,-2.652932745137629,-0.2841670602950104,-0.2104737377136038,1.4107383358347967,0.5445483336571326,-0.96675293920315,-0.24297616824916468,-2.638548357140424,-3.1260476481961414,-3.504987588906426,-2.787252662967684,-2.3858590520193044,0.34308473565603526,0.3636977833568067,0.26891514569825237,-2.6258737068268716,-1.383024699017425,-0.5258433530042625,-4.279695021106552,1,0,0,0,1,0,0,0,1,2021
-0.048061362355669116,-0.27801624402500197,-1.5197119064035973,-0.09430808997511356,-1.8392473816995483,-0.0785027127708273,-0.2574072767904389,-0.6239162693973946,-0.2796822151558125,-0.5883671766913251,-0.014730859116148689,-1.4793883436916295,1.0981959263764178,-2.1714134982867264,-0.28403739853291193,0.3420257513176083,-0.06241326998481709,0.748669701117044,-0.8680174593679938,-0.24297616824916468,1.1357675530990072,1.229995077038276,0.9158594211749729,1.0837181180097615,1.0665907287348086,0.34308473565603526,0.3636977833568067,0.26891514569825237,-2.6258737068268716,-1.383024699017425,-0.5068171955334253,-4.279695021106552,1,0,0,0,1,0,0,0,1,2022
1.3553106420829053,-0.04641207031114448,0.9793280341458603,0.49445889632203416,0.3855935419154456,1.6657958061080393,-0.11780345334795952,-1.5293766805746176,0.08579185310102863,2.144168652674877,0.21388420679727288,1.8284228551858148,-0.5609840865135552,-0.020009190895443226,-0.050601343838091235,0.20354243889107482,-0.6346384099414715,-0.2524976670505362,0.0004218508397005001,-0.07763881046500061,-0.0005394008948683252,0.15504148121352956,0.17401645289252063,0.14757218502470454,0.09534346695090763,1.4247171040460622,1.536786610751896,1.5114201914342928,0.7437158613425239,-0.17520237732020394,-0.5185256001308637,0.2336615097730588,0,0,0,1,0,0,1,0,0,2020
1.3553106420829053,-0.035383300134294124,1.08967028422754,0.788842389470608,0.09767295180056415,1.7770071038919737,-0.10551650776419919,-1.3446803211697647,0.01815187628931476,0.8272839156309242,0.23331976314760294,2.296910979708062,-0.2713763117004498,0.11406402926569068,-0.05329182540163362,0.2986655677239881,-0.6346384099414715,-0.2524976670505362,0.0004218508397005001,-0.08292356619326156,0.13290238694151876,0.2869002856552045,0.285026974997572,0.055170999067229075,0.18322356303087675,1.4247171040460622,1.536786610751896,1.5114201914342928,0.7437158613425239,-0.17520237732020394,-0.5492601621991392,0.2336615097730588,0,0,0,1,0,0,1,0,0,2021
1.3553106420829053,-0.03170704340867734,1.1598587207408815,0.5925867273715588,0.1107602513512403,2.19856890526671,-0.10235054632543886,-1.2409891463177904,-0.006576717383784937,0.39929637609163937,0.3906401914565951,2.6688221098380365,-0.3373391993970232,0.09760207239627965,-0.05270336048134076,0.3420257513176083,-0.06241326998481709,-0.17449163413726013,-0.010393600988829967,-0.09519174913386735,-0.14607558622759423,0.01770016765700633,0.10259039573547041,-0.06661753860146664,-0.024513683107292124,1.4247171040460622,1.536786610751896,1.5114201914342928,0.7437158613425239,-0.17520237732020394,-0.5686522073136464,0.2336615097730588,0,0,0,1,0,0,1,0,0,2022
0.1199408160186688,0.5785515730437091,0.8274089068725281,0.6907145584210834,-1.498977593381961,-0.9523631644929309,0.5706423995139002,-0.8412625269339238,0.5116327823833778,-0.884666242526214,0.09078680372656005,-0.03240644845344616,2.1617632586463666,-0.9184387870453751,0.6474277654279484,0.14017696448792272,-1.0431175505053543,1.347779521914365,0.6642375260450043,0.5982436989243732,0.44447926020919376,0.5326281869830051,0.376056561459332,0.44300014069498095,0.46704194610332744,-1.0961120520364802,-1.33503740385466,-1.069167211248252,-0.7064872439455703,-1.6418437679525442,-0.2016669007126892,0.2336615097730588,0,0,1,0,0,0,0,0,0,2021
0.1199408160186688,0.6042853701230265,0.8716711826887846,0.5925867273715588,-1.6429378884394017,-0.870633524562492,0.5324247221460076,-0.9682932932424281,0.4659939808249365,-1.1809653083611034,0.32457616546067897,0.049233928151451535,2.1521795473805763,-0.9678518157155249,0.6630220858157095,0.3420257513176083,-0.06241326998481709,1.662536635111895,0.6136936221900445,0.6280648205338457,0.3352439454999448,0.3312288810104401,0.3417871679235654,0.31854620225828545,0.2944834803197741,-1.0961120520364802,-1.33503740385466,-1.069167211248252,-0.7064872439455703,-1.6418437679525442,-0.23166968749362488,0.2336615097730588,0,0,1,0,0,0,0,0,0,2022
0.1199408160186688,0.6189903970254937,0.8715690025439239,0.8869702205201326,-1.407366496527226,-0.870633524562492,0.40299720332811495,-1.4370420104850101,0.49781386238958686,-1.115121071508906,0.23542445019202696,0.16409335876149259,2.0465341052240893,-0.6821962490785726,0.6609549781084095,0.07865713240578696,-1.0431175505053543,1.662536635111895,0.6136936221900445,0.6280648205338457,0.23011750900956304,0.18475923033518682,0.1379499185806674,0.20647802100810494,0.2565820024873266,-1.0961120520364802,-1.33503740385466,-1.069167211248252,-0.7064872439455703,-1.6418437679525442,-0.2689902271479595,0.2336615097730588,0,0,1,0,0,0,0,0,0,2023
-0.3838929530821804,0.42047253384218725,1.6600596176121791,1.4757372068172803,-0.3080333342704055,-0.9427500863076451,0.12657861771063555,-0.8526809015671741,0.5114509544887227,1.7491032315616912,-0.534767913007499,-0.1525866953577427,-0.35328709392525265,-0.30492926588898733,0.27962222927235636,0.1275247449273737,-1.3745912813959063,0.7789635729469908,-0.7698941566940156,0.21453268479742627,0.43656033057014254,0.4113253372688989,0.3580036749627183,0.3146404865970584,0.30650988067948653,-1.2659551512051619,-0.860673615727685,-1.2961633253731053,-0.10934478882694312,-0.6065674922120681,-0.15044263059889657,0.2336615097730588,0,0,0,0,0,0,1,0,0,2020
-0.3347146886800265,0.44253007419588797,1.703652501603527,1.6719928689163295,-0.4127317306758171,-0.6667603463021519,0.14655432678852812,-0.7400428828759293,0.3225317719420272,0.03715307340455251,-0.49625002695532455,-0.0014953472668703485,-0.02699167442279313,-0.220535610522817,0.28573877354980726,0.19394016136763922,-1.3745912813959063,0.7789635729469908,-0.7698941566940156,0.23265184729432098,0.4633412496045281,0.7692059750541639,0.48513449835119626,0.3294176018021622,0.3650115334595078,-1.2659551512051619,-0.860673615727685,-1.2961633253731053,-0.10934478882694312,-0.6065674922120681,-0.21337530531012752,0.2336615097730588,0,0,0,0,0,0,1,0,0,2021
-0.28553642427787257,0.4388538174702712,1.6528864968589145,1.5738650378668049,-0.3996444311251405,-0.5944049889364088,0.16404249473596613,-0.6357621429347995,0.34616939824719606,0.1688415471089479,-0.22594508172669442,0.11141783460190462,-0.09445201700464628,-0.15159675188130795,0.2940770222509062,0.3420257513176083,-0.06241326998481709,0.8948756887265554,-0.7819199212079807,0.23642667281450735,0.5702529102194575,0.5654520963235509,0.3618639241027452,0.47208526619563956,0.3611970706804818,-1.2659551512051619,-0.860673615727685,-1.2961633253731053,-0.10934478882694312,-0.6065674922120681,-0.25252528318281187,0.2336615097730588,0,0,0,0,0,0,1,0,0,2022
-0.23635815987571865,0.46826387127520547,1.7355528444928294,1.770120699965854,0.12384755090191693,-0.5944049889364088,0.1204728349358835,-0.9741286861081639,0.33762348719840424,0.0042309549784538165,-0.22563413822674147,0.2412080886025185,-0.32476057836067324,-0.23325272705434377,0.3052404012684959,0.21628983501770552,-1.3745912813959063,0.8948756887265554,-0.7819199212079807,0.23642667281450735,0.16820628776593596,0.16293640771047158,-0.17966598820321514,0.058301011480021064,0.05370066378525313,-1.2659551512051619,-0.860673615727685,-1.2961633253731053,-0.10934478882694312,-0.6065674922120681,-0.29130937341182633,0.2336615097730588,0,0,0,0,0,0,1,0,0,2023
-1.3986984596266108,-0.25595870367130125,0.8766910619952409,-1.6643533867675075,-0.17716033876364115,-0.0785027127708273,-0.24172822966514962,-0.5389581857713399,-0.26059028621702224,-0.884666242526214,-0.014730859116148689,0.20403658739408218,-0.6859466966901511,-0.6528706208943124,-0.26269058419974567,0.12924422205595276,-0.6522805719149706,0.1974493175237249,-1.3914326933601175,-0.26883372306244147,-1.2642050637380193,-1.2321160285290016,-0.9581952896204016,-1.3777143894595891,-1.1287170122881844,-0.27371388764075727,-0.32861693445013107,-0.12534126304491375,-0.06669175631846973,-0.34774842327695,-0.28069863174539783,0.2336615097730588,1,0,0,0,0,0,1,0,1,2020
-1.6045848698535392,-0.25228244694568447,1.2972100918870748,-2.4493760351637044,-0.36038253247311103,-0.0785027127708273,-0.2427081701104802,-0.6051280228700164,-0.2554991051666782,0.07007519183065121,-0.014730859116148689,0.4579053801783271,-0.4679921381376822,-0.6509692163076866,-0.2628501679069437,-0.010850816873936586,-0.6522805719149706,0.1974493175237249,-1.3914326933601175,-0.2673237928543669,-1.5164544378800526,-1.0657571700447261,-1.0257287927121306,-1.2964058081317766,-2.2692222351019367,-0.27371388764075727,-0.32861693445013107,-0.12534126304491375,-0.06669175631846973,-0.34774842327695,-0.3443630817439687,0.2336615097730588,1,0,0,0,0,0,1,0,1,2021
-1.8104712800804679,-0.24860619022006766,1.722015839899978,-2.253120373064655,-0.7791761180947568,-0.0785027127708273,-0.23984372880874466,0.09797885320899045,-0.2549536214827128,0.20176366553504657,-0.014730859116148689,0.6920446975741815,-0.47128653888529765,-0.42574342328024445,-0.26276538906249475,0.3420257513176083,-0.06241326998481709,0.0451948375267173,-1.36651947234688,-0.2693999468904694,-2.2716009769782586,-1.916035780075468,-0.28145331072206525,-3.109833561382464,-2.3618837063196234,-0.27371388764075727,-0.32861693445013107,-0.12534126304491375,-0.06669175631846973,-0.34774842327695,-0.38973314955904215,0.2336615097730588,1,0,0,0,0,0,1,0,1,2022
-2.0163576903073963,-0.24492993349445089,2.11380770519674,-2.4493760351637044,-0.2295095369663467,-0.0785027127708273,-0.2380346079865959,0.4801800191696634,-0.2545899656934025,0.2676079023872446,-0.014730859116148689,0.6431014335394056,-0.2721250391430897,-0.30118450521250106,-0.2622342745369762,-0.20135811097189377,-0.6522805719149706,0.0451948375267173,-1.36651947234688,-0.2693999468904694,-1.4662229607781767,-0.9150259619029155,-1.2610728186378386,-1.584905677967114,-1.653521219738129,-0.27371388764075727,-0.32861693445013107,-0.12534126304491375,-0.06669175631846973,-0.34774842327695,-0.38095184611096344,0.2336615097730588,1,0,0,0,0,0,1,1,0,2023
-0.048061362355669116,-0.27801624402500197,-1.5197119064035973,-0.8793307383713105,0.2285459473073285,-0.0785027127708273,-0.25265833463229836,3.0237101640923294,-0.2773184525252956,-0.5225229398391271,-0.014730859116148689,-0.009326251683521393,-0.7803612272070399,-0.46222980520863444,-0.28201766723868643,0.5222977367661994,1.4107383358347967,-0.4121835350109339,-1.0566198925746226,-0.2807244234510286,1.1357675530990072,1.229995077038276,0.9158594211749729,1.0837181180097615,1.0665907287348086,0.3967193985514088,0.4278009979685602,0.29280947350086917,-0.919752406487937,0.6012548294851522,-0.21044820416076793,0.2336615097730588,1,0,1,0,0,0,1,0,1,2020
-0.048061362355669116,-0.27801624402500197,-1.5197119064035973,-0.7812029073217859,0.2678078459593579,-0.0785027127708273,-0.25401517524890993,1.6937183853685327,-0.2771366246306404,-0.22622387400423766,-0.014730859116148689,-0.03785273572460901,-0.7915921388466381,-0.12984769189611897,-0.2819428623759373,0.40667668809752205,1.4107383358347967,-0.4121835350109339,-1.0566198925746226,-0.28110190600304724,-0.49976934133808193,-0.6576234372299742,-0.9998409498603028,-0.5937025537471339,-0.4294708429253092,0.3967193985514088,0.4278009979685602,0.29280947350086917,-0.919752406487937,0.6012548294851522,-0.19947157485066952,0.2336615097730588,1,0,1,0,0,0,1,0,1,2021
-0.048061362355669116,-0.2743399872993852,0.8924499253584559,-0.5849472452227367,0.03223645404718198,-0.0785027127708273,-0.2537890351461414,1.813821766711662,-0.2769547967359853,0.2676079023872446,-0.014730859116148689,0.01934353224771086,-0.357105603882716,-0.3474432869981787,-0.28208997860601054,0.3420257513176083,-0.06241326998481709,-0.5058640747176255,-0.7481873397422084,-0.2805356821750193,-2.368954363551897,-2.81490173925083,-3.189212802472045,-2.5107547500407272,-2.139255496251157,0.3967193985514088,0.4278009979685602,0.29280947350086917,-0.919752406487937,0.6012548294851522,-0.2210589458271964,0.2336615097730588,1,0,1,0,0,0,1,0,1,2022
-0.048061362355669116,-0.2743399872993852,0.988158039510861,-0.3886915831236874,0.2285459473073285,-0.0785027127708273,-0.25401517524890993,1.4875443104576833,-0.2773184525252956,0.13591942868284917,-0.014730859116148689,0.10907511540252407,-0.36886062473216213,-0.6027355567367344,-0.282299432221708,-0.039407039556578025,1.4107383358347967,-0.5058640747176255,-0.7481873397422084,-0.2805356821750193,1.1357675530990072,1.229995077038276,0.9158594211749729,1.0837181180097615,1.0665907287348086,0.3967193985514088,0.4278009979685602,0.29280947350086917,-0.919752406487937,0.6012548294851522,-0.251793507895472,0.2336615097730588,1,0,1,0,0,0,1,0,1,2023
0.2232122837920629,-0.25228244694568447,-0.1903221173500995,0.10194757212393568,3.4087597381217023,-0.0785027127708273,-0.24881395288523225,-2.0365525662052653,-0.26168125358495314,-0.09453540029984286,-0.014730859116148689,-0.8528451204294384,-1.8505173609722199,1.3938237367494792,-0.2680590798497056,0.1329677411659118,-0.7507306262390789,-1.5229011705854558,1.0259053147945438,-0.2650588975422551,1.1357675530990072,0.9859064760553141,0.9158594211749729,1.0837181180097615,0.8731344910201393,-1.829119111606581,-1.3670890111605367,-1.8815743565372012,1.3835113489696245,0.9463469213986443,0.5363284765695947,0.2336615097730588,1,0,0,1,0,0,1,0,1,2020
0.2232122837920629,-0.25228244694568447,-0.1903221173500995,0.20007540317346031,2.8590931569932914,-0.0785027127708273,-0.2473817322343645,-1.7558070044893084,-0.25295351464150617,2.177090771100976,-0.014730859116148689,-0.8509902448685133,-1.7536320298946193,1.4856157601683997,-0.26811144325362996,-0.020883261504348626,-0.7507306262390789,-1.5229011705854558,1.0259053147945438,-0.26468141499023645,0.8879589327297528,0.9439922718461187,0.6256017891999328,0.8295634707738697,0.8399147330287315,-1.829119111606581,-1.3670890111605367,-1.8815743565372012,1.3835113489696245,0.9463469213986443,0.5326696001328952,0.2336615097730588,1,0,0,1,0,0,1,0,1,2021
0.2232122837920629,-0.25228244694568447,-0.1903221173500995,0.0038197410744110656,2.9376169542973503,-0.0785027127708273,-0.2462510317205215,-1.451617920618078,-0.25258985885219587,2.3087792448053706,-0.014730859116148689,-0.8393497474158833,-1.5961746487074526,1.6997864535850273,-0.26843310416345106,0.3420257513176083,-0.06241326998481709,-1.1432188585152674,1.1065675801253156,-0.26373770861018986,0.8775248855563113,1.229995077038276,0.9158594211749729,1.0837181180097615,1.0665907287348086,-1.829119111606581,-1.3670890111605367,-1.8815743565372012,1.3835113489696245,0.9463469213986443,0.5088869032943487,0.2336615097730588,1,0,0,1,0,0,1,0,1,2022
0.7649644753472176,-0.20816736623828302,0.34229226065622376,0.2982032342229849,-0.17716033876364115,1.872369114766124,-0.18948986592560416,-0.9003787990568717,-0.172403757309277,0.2676079023872446,0.37952805265744827,0.34233502165294877,-0.5791032906254403,0.1547276052936106,-0.19123448580638672,0.497591230835137,-0.47703868142004147,-0.001950738647795475,-0.08181723863098643,-0.21051266877556168,0.2994134593527677,0.07168371601003681,0.13216381484236256,0.225946183588621,0.35256134226065916,0.7274664864062099,0.5431867842697162,0.7229073739479589,-0.19465085384388991,-1.383024699017425,-0.3176532837560625,0.2336615097730588,0,0,0,0,0,0,0,0,0,2020
0.184389838262006,-0.20081485278704947,0.561260954810445,0.49445889632203416,-0.033200043706200194,1.1157674452979294,-0.19959079051593473,-1.0907998892305946,-0.17785859414893135,0.0042309549784538165,0.6972666964075213,0.5629633657361655,-0.45137038891107684,-0.19192876953245405,-0.19056622903249482,0.38695886875926644,-0.47703868142004147,-0.001950738647795475,-0.08181723863098643,-0.21051266877556168,0.17920354373786596,-0.0038839976554183057,-0.07274742167579755,0.1026578627391005,0.08866057294780606,0.7274664864062099,0.5431867842697162,0.7229073739479589,-0.19465085384388991,-1.383024699017425,-0.3659504527204956,0.2336615097730588,0,0,0,0,0,0,0,0,0,2023
0.06744690396656523,-0.25228244694568447,-0.07035218551708003,0.2982032342229849,0.1500221500032697,-0.0785027127708273,-0.22092334021043888,-0.5111329437795396,-0.2294977162309925,0.3663742576655412,-1.582653536336954,-0.5098460245893081,-0.09025914332586295,0.04546498759628711,-0.23994491893317135,0.5980073733576555,0.6713567204901649,-0.18139539369084873,-0.4701666948834566,-0.2442973571812299,1.0262449932036697,0.8507860005111709,0.7875759141860074,0.971390840883187,0.7660426451423732,0.25369363083041313,0.30600489020622956,0.32865096520479276,-0.27995691886083673,-0.43402144625532296,0.0760418208328009,0.2336615097730588,0,0,0,0,0,0,1,1,0,2020
0.34117231462564956,-0.25228244694568447,-0.10014478322845412,0.20007540317346031,-0.09863654145958237,-0.0785027127708273,-0.21647591818932316,-0.18412190500197656,-0.23495255307064683,-0.2591459924303369,-1.8548159466118348,-0.5126848332995162,0.5176326673534553,0.13527119910288402,-0.23981027018022297,0.5372901369978431,0.6713567204901649,-0.18139539369084873,-0.4701666948834566,-0.2450523222852672,0.9147490538507518,0.8473697025244397,0.5275417783975502,0.8570396488534241,0.7633350047496481,0.25369363083041313,0.30600489020622956,0.32865096520479276,-0.27995691886083673,-0.43402144625532296,0.07823714669482057,0.2336615097730588,0,0,0,0,0,0,1,1,0,2021
0.614897725284734,-0.24860619022006766,0.09790010228401252,0.49445889632203416,-0.3472952329224349,-0.0785027127708273,-0.21210387620246365,0.24219113437725168,-0.23622534833323286,-0.423756584560831,-0.9500422080913062,-0.6367664921429639,0.749064319873442,0.14984471174947964,-0.23963323200505013,0.3420257513176083,-0.06241326998481709,0.17853847303390913,-0.5273589685038644,-0.24335365080118332,0.33701697674600833,-0.08694807245118871,0.24759184988358784,0.38154202285570976,0.02282684153008489,0.25369363083041313,0.30600489020622956,0.32865096520479276,-0.27995691886083673,-0.43402144625532296,0.2026389455426027,0.2336615097730588,0,0,0,0,0,0,1,1,0,2022
0.8886231359438183,-0.25228244694568447,-0.10972920623233486,0.788842389470608,-0.24259683651702332,-0.0785027127708273,-0.2194911195595711,-0.30036324180433205,-0.23677083201719828,-0.5225229398391271,-0.9095637088768547,-0.36822962957698074,0.19747681288064275,0.008624578848411954,-0.24078772038681112,0.45218420789212266,0.6713567204901649,0.17853847303390913,-0.5273589685038644,-0.24335365080118332,0.4901608842422632,0.7332533627571599,0.41172774458674477,0.5319350023002555,0.47604010834265836,0.25369363083041313,0.30600489020622956,0.32865096520479276,-0.27995691886083673,-0.43402144625532296,-0.0311632587624937,0.2336615097730588,0,0,0,0,0,0,1,1,0,2023
-1.15144417632186,-0.19713859606143266,0.23318213903665938,0.6907145584210834,-0.5174301270812282,-0.0785027127708273,-0.14727704674213307,0.03210201125103275,-0.17022182257341528,-0.4896008214130284,0.9666123886658498,-0.16683957432246718,0.13960018156458007,-0.04668047649428127,-0.1672520468090274,0.6622604002819962,0.006693761688298287,0.4218040940476629,-0.6559463644220913,-0.1888074220344899,-0.2377045493722915,-0.24584565322936625,-0.19361955818908577,-0.2277787392518993,-0.10310992092222926,0.6023189396503404,0.7226757851826258,0.5675942432309544,-0.6211811789286235,-1.5555707449741711,-0.1438566530128375,0.2336615097730588,0,0,1,0,0,0,0,0,0,2020
-1.15144417632186,-0.20081485278704947,0.1275315984531246,0.8869702205201326,-0.8184380167467863,-0.0785027127708273,-0.15112142848919918,-0.10763064580284683,-0.16476698573376095,-0.3249902292825343,0.825146959535939,-0.09098780012288829,0.5986449766470903,0.14237928174923176,-0.16572353411352092,0.6603789395841428,0.006693761688298287,0.4218040940476629,-0.6559463644220913,-0.1888074220344899,0.011743193376309146,0.04553326031616646,-0.057255309131785205,0.08127548548572276,0.038420923510228064,0.6023189396503404,0.7226757851826258,0.5675942432309544,-0.6211811789286235,-1.5555707449741711,-0.1778842038741426,0.2336615097730588,0,0,1,0,0,0,0,0,0,2021
0.4026292447670756,-0.23390116331760052,-0.4627317731069089,0.6907145584210834,-0.24259683651702332,-0.21021289437122706,-0.17147403773837275,-0.7253206269533694,-0.1889500957228952,-0.8188220056740165,0.22018148396175835,-0.3456793972530346,-0.16797705187188244,0.9174601012192456,-0.1779616096592726,0.1589155671905714,-0.4171148375200598,-0.5390865243923144,-0.0847353817959258,-0.16427105615327836,0.32251716359989996,-0.12575302713229128,0.28082062414670406,0.24964154089307092,0.281365041951877,0.38778028806884635,0.4085700335850345,0.32865096520479276,0.8290219263594707,0.7738008754418982,-0.045798764509291594,0.2336615097730588,0,0,0,1,0,0,1,0,0,2020
0.4305104804331923,-0.23390116331760052,-0.4849481232891271,0.39633106527250955,-0.26877143561837613,-0.21021289437122706,-0.16318223397019094,-0.5382207810366862,-0.17167644573065644,-0.12745751872594155,-0.021114492034913692,-0.40754661763211014,0.03515270331631687,0.8391673060078083,-0.1769218220670602,0.16161464344089377,-0.4171148375200598,-0.5390865243923144,-0.0847353817959258,-0.16351609104924109,0.5289429102866617,0.32954101546155007,0.458934421016383,0.5947173921442355,0.2736252313884569,0.38778028806884635,0.4085700335850345,0.32865096520479276,0.8290219263594707,0.7738008754418982,-0.004453460774587539,0.2336615097730588,0,0,0,1,0,0,1,0,0,2021
0.458391716099309,-0.23390116331760052,-0.4948305095621453,0.2982032342229849,-0.5174301270812282,-0.21021289437122706,-0.13868372283692645,0.35776611768727357,-0.1678580599428984,-0.061613281873743576,0.0724943803478679,-0.41522374767208947,0.8457999054625145,0.8785685948060965,-0.1761363710081947,0.3420257513176083,-0.06241326998481709,0.2709906890966339,-0.19733964208817414,-0.15860881787299877,0.37331433905612205,-0.06407611647286036,0.2329315009704441,0.3937370373053706,0.28710709450604166,0.38778028806884635,0.4085700335850345,0.32865096520479276,0.8290219263594707,0.7738008754418982,0.0010348538804616717,0.2336615097730588,0,0,0,1,0,0,1,0,0,2022
0.4862729517654257,-0.2375774200432173,-0.586966047846795,0.5925867273715588,-0.4127317306758171,-0.21021289437122706,-0.14855850732448844,0.1041106978190408,-0.17331289678255274,-0.357912347708633,-0.180096511132845,-0.5268060011677004,0.3916967115014275,1.2493628470865856,-0.1691246618731797,0.02115164766949897,-0.4171148375200598,0.2709906890966339,-0.19733964208817414,-0.15860881787299877,0.3211935138774113,0.34517389847503505,0.5229911810212547,0.44485672935235104,0.2776520093046695,0.38778028806884635,0.4085700335850345,0.32865096520479276,0.8290219263594707,0.7738008754418982,0.09104321422326873,0.2336615097730588,0,0,0,1,0,0,1,0,0,2023
-0.6991192778372601,-0.2375774200432173,0.36684197275958436,-0.8793307383713105,0.1892840486552991,-0.0785027127708273,-0.2095409550377529,-0.6059965586391656,-0.23167965096685422,-0.8188220056740165,-1.1666541426369872,-0.1356666109727188,-0.2056380422366684,0.8582072168023287,-0.23203555144516722,-0.15895345679933318,-0.3398620599280282,0.4448676139974307,0.09535129650733236,-0.233727845724708,0.6562941964236423,0.4921637359562277,0.6350564351926038,0.6739247942906534,0.6280059031666988,-1.17656404637954,-0.9824697234900156,-1.2005860141626397,0.7863688938509973,-0.002656331363457912,-0.15812627111596544,0.2336615097730588,0,0,0,1,0,0,1,1,0,2020
-0.776817218688697,-0.2375774200432173,0.38285404896353065,-0.6830750762722613,0.006061854945829204,-0.0785027127708273,-0.21255615640800085,-0.7000759282637562,-0.2234973957073727,-0.16037963715204026,-1.6696397275051604,-0.013883544768389308,0.08067533182882154,0.4728222885906297,-0.23271128870533403,-0.14474848609332633,-0.3398620599280282,0.4448676139974307,0.09535129650733236,-0.24184372059310874,1.0472005732558425,1.0255598588864805,0.8121211339347941,0.9020480091552245,0.9045623996741464,-1.17656404637954,-0.9824697234900156,-1.2005860141626397,0.7863688938509973,-0.002656331363457912,-0.20861876594241818,0.2336615097730588,0,0,0,1,0,0,1,1,0,2021
-0.8545151595401338,-0.2412536767688341,0.25601418052969827,-0.09430808997511356,-0.05937464280755297,-0.0785027127708273,-0.2055458132221744,-0.06053057271707022,-0.23422524149202625,-0.9834325978045106,-0.18128933999364336,0.32817619020555105,1.185272927955436,-0.10825634256371287,-0.2366086220545618,-0.2697324280897238,-0.3398620599280282,0.4448676139974307,0.09535129650733236,-0.24184372059310874,0.6330410486613817,0.5337423463655578,0.4447855594449872,0.568117501691048,0.6067357374458419,-1.17656404637954,-0.9824697234900156,-1.2005860141626397,0.7863688938509973,-0.002656331363457912,-0.31399440731936307,0.2336615097730588,0,0,0,1,0,0,1,1,0,2023
2.446027156327022,-0.2743399872993852,-1.2523090777449593,0.20007540317346031,-0.3080333342704055,-0.0785027127708273,-0.23147654500630666,-0.7892212769129451,-0.24040738991030117,0.46514061294383674,-0.014730859116148689,-0.2053484668851162,-0.3370397084199673,-0.6028259723505867,-0.25090383132591354,0.48263691835205097,0.5295438936650957,-0.36324363081254296,-0.43847643502842504,-0.2597741418139941,-0.01872907826834949,-0.10244152126872373,-0.09833489290252413,0.047664173689331284,0.010547266386490466,0.7274664864062099,0.5431867842697162,0.7229073739479589,-1.6022009266235109,-0.6928405151904411,-0.1251963831856702,0.2336615097730588,1,1,0,0,0,0,0,1,0,2020
2.494857468219723,-0.2743399872993852,-1.253226088607048,0.20007540317346031,-0.504342827530552,-0.0785027127708273,-0.23140116497205043,-0.7459995418262816,-0.24222566885685262,0.1688415471089479,-0.014730859116148689,-0.20068843468771824,-0.3009510456847251,-0.4929366377750408,-0.25103099959258696,0.45724530656700246,0.5295438936650957,-0.36324363081254296,-0.43847643502842504,-0.2575092465018823,0.3101359477341346,-0.2673946097610559,-0.051200862280329724,-0.004992414140146717,0.20347828354628095,0.7274664864062099,0.5431867842697162,0.7229073739479589,-1.6022009266235109,-0.6928405151904411,-0.12739170904768987,0.2336615097730588,1,1,0,0,0,0,0,1,0,2021
2.5436877801124242,-0.2743399872993852,-1.252251275108268,0.20007540317346031,-0.46508092887852265,-0.0785027127708273,-0.23072274466374465,-0.5865268060714939,-0.2433166362247835,0.0042309549784538165,-0.014730859116148689,-0.2158225076891961,0.0022835685844261582,-0.49783511978161066,-0.250614585856617,0.3420257513176083,-0.06241326998481709,0.167540278878971,-0.6268553663578664,-0.2537344209816959,-0.6438321765993728,-0.5304781487041309,-0.42413824768389513,-0.7414546336428116,-0.6775225024751794,0.7274664864062099,0.5431867842697162,0.7229073739479589,-1.6022009266235109,-0.6928405151904411,-0.11970806853062098,0.2336615097730588,1,1,0,0,0,0,0,1,0,2022
2.5925180920051254,-0.27066373057376836,-0.9911220835919312,0.2982032342229849,-0.451993629327846,-0.0785027127708273,-0.23049660456097606,-0.48268712315753526,-0.24586222674995553,-0.357912347708633,-0.014730859116148689,-0.05838027784178394,0.14049865449574792,-0.8050550614558932,-0.2506021183794922,0.4702146585702342,0.5295438936650957,0.167540278878971,-0.6268553663578664,-0.2537344209816959,-0.7308778155520186,-0.9243521403330967,-1.2705377414196355,-0.6939831373847741,-0.8847939299522974,0.7274664864062099,0.5431867842697162,0.7229073739479589,-1.6022009266235109,-0.6928405151904411,-0.19142204668993068,0.2336615097730588,1,1,0,0,0,0,0,1,0,2023
0.0045685873818249005,0.48296889817767263,0.3020944424999533,0.39633106527250955,2.3094265758648818,-0.5548067262354792,1.0181736628929499,-0.2899536763121881,0.5874550144545733,-1.1809653083611034,1.6447373452136944,0.0031720393572379707,-1.252284134302956,1.9109760063717973,0.7712148523051482,0.7734715885012764,-1.489973687255169,-1.8727054062042594,1.657489187219583,0.8530444215369547,0.9327353868930226,0.9956700200946298,0.7721818933473272,0.8971773708919668,0.8112284949514428,-1.310650703617973,-0.7388775079653526,-1.3917406365835694,1.2982052839526776,0.8600738984202713,-0.21520474352847724,0.2336615097730588,0,0,0,1,0,0,1,0,0,2020
0.06096529134851085,0.48664515490328947,0.31010514210488543,0.39633106527250955,1.7990218933885003,-0.5627195206046662,1.1362941765724126,0.06553961210847596,1.0849361342310495,0.9260502709092209,1.8644948580340637,0.19537842140322093,-1.0436137960392216,1.7554160019568774,0.7693571982135456,0.748537019687977,-1.489973687255169,-1.8727054062042594,1.657489187219583,0.8000081229783359,0.798604432003477,0.8869468660365412,0.7132039569696138,0.7606705564507908,0.7662962722171328,-1.310650703617973,-0.7388775079653526,-1.3917406365835694,1.2982052839526776,0.8600738984202713,-0.2781374182397082,0.2336615097730588,0,0,0,1,0,0,1,0,0,2021
0.1173619953151968,0.493997668354523,0.3309521291778765,0.2982032342229849,1.5765378010270013,-0.5888532236901184,1.0805129512228258,0.004935201704362271,1.0594802289793293,0.8272839156309242,2.3782733623521857,0.35423492979318116,-0.7780401721348563,1.7904367966214687,0.7718930830607399,0.3420257513176083,-0.06241326998481709,-1.2715824133068576,1.5550036283091244,0.8705973602058215,0.5564691138138473,0.6483810022829434,0.562802720043491,0.5089060813259376,0.5108450690760779,-1.310650703617973,-0.7388775079653526,-1.3917406365835694,1.2982052839526776,0.8600738984202713,-0.3205803849054221,0.2336615097730588,0,0,0,1,0,0,1,0,0,2022
0.17375869928188273,0.5270839788850741,0.4056391025067433,0.5925867273715588,1.3147918100134726,-0.5888532236901184,1.0027207558704292,-0.13953916383690532,1.0896636594920832,0.9589723893353189,2.4904044556105323,0.5014663181681793,-0.6285941745839363,1.793746905214042,0.7690230698265997,0.5968105317760165,-1.489973687255169,-1.2715824133068576,1.5550036283091244,0.8705973602058215,0.8385715171813614,0.8537991246049774,0.6575879760764355,0.8280737014465783,0.7991236833911215,-1.310650703617973,-0.7388775079653526,-1.3917406365835694,1.2982052839526776,0.8600738984202713,-0.35351027283571734,0.2336615097730588,0,0,0,1,0,0,1,0,0,2023
-0.5243531570282236,-0.2375774200432173,1.6713598466251973,-0.2905637520741628,1.0399585194492673,-0.0785027127708273,-0.2282352035332901,-0.63091600619991,-0.23895276675306001,1.090660863039715,-1.300777560372248,-1.1373927928053433,-0.8323977844705116,1.0045303460166388,-0.25330008042930946,0.8139911141824822,0.19060769360318863,-1.0169959392398573,0.7225342605746545,-0.2524132320496307,1.1357675530990072,0.9287793566763228,0.9158594211749729,1.0837181180097615,0.9472241139746922,0.7900402597841459,0.3701081048179831,0.8901676685662734,0.9569810238848909,0.8600738984202713,1.6193559018326393,0.2336615097730588,0,0,0,1,0,0,1,1,0,2020
-0.8437948229142187,-0.2375774200432173,1.6277774044004776,-0.2905637520741628,0.46411733921950443,-0.0785027127708273,-0.22808444346477771,-0.6540179872896348,-0.24022556201564604,0.8272839156309242,-1.1072962135364068,-1.138986029064511,-0.5795525270910242,1.2455420159588788,-0.25314797720838633,0.8050866201334013,0.19060769360318863,-1.0169959392398573,0.7225342605746545,-0.247317217597379,0.3088106963611578,0.11651224558790575,0.5929885721240834,0.37693974507848743,0.18408249826114523,0.7900402597841459,0.3701081048179831,0.8901676685662734,0.9569810238848909,0.8600738984202713,1.6303325311427377,0.2336615097730588,0,0,0,1,0,0,1,1,0,2021
-1.1632364888002138,-0.23390116331760052,1.9068138527637601,0.0038197410744110656,0.45103003966882776,-0.0785027127708273,-0.2237124014779182,-0.07787613968247964,-0.24186201306754235,0.5639069682221334,-0.9930099500978109,-0.41948931516411214,-0.2850780239007596,1.2796690587727573,-0.25433986802152186,0.6894899694545052,0.19060769360318863,-1.0169959392398573,0.7225342605746545,-0.247317217597379,0.5481495071934679,0.5518087844868108,0.39965273436905696,0.33038548099318965,0.6634603651138162,0.7900402597841459,0.3701081048179831,0.8901676685662734,0.9569810238848909,0.8600738984202713,0.004327842673491199,0.2336615097730588,0,0,0,1,0,0,1,1,0,2023
-1.95403007451213,-0.25228244694568447,-0.1903221173500995,0.5925867273715588,-1.3550172983245203,-0.0785027127708273,-0.2433112103845298,-0.22907410354068908,-0.26713609042460745,-0.7529777688218191,-0.014730859116148689,1.118496701911196,0.7462940283356745,-2.0383004345535816,-0.2708243662759971,0.27424668618961495,1.2585661605245575,0.17246939908776443,-0.04797326567473034,-0.2758171502747863,-0.7157836481505273,-0.372699887906462,-0.7106786297040321,-0.34050698065175106,-0.4153570545134188,0.3967193985514088,0.4278009979685602,0.29280947350086917,-2.7538328043522915,-2.4183009747579005,-0.45120227369559335,0.2336615097730588,1,0,0,0,1,0,0,0,1,2020
-1.9765193270531909,-0.25228244694568447,-0.1903221173500995,0.6907145584210834,-1.5120648929326375,-0.0785027127708273,-0.24459267096688517,-0.4608788650803335,-0.2689543693711589,-1.2468095452133012,-0.014730859116148689,0.7770551845037588,1.1177377126293186,-1.9996737512905647,-0.2710213524145697,0.20668158995108984,1.2585661605245575,0.17246939908776443,-0.04797326567473034,-0.27090987709854397,-0.5478733676450495,-0.7131416288260926,-0.7744644356208598,-0.643038455857625,-0.4734726538564839,0.3967193985514088,0.4278009979685602,0.29280947350086917,-2.7538328043522915,-2.4183009747579005,-0.4036368800185002,0.2336615097730588,1,0,0,0,1,0,0,0,1,2021
-1.9990085795942518,-0.25228244694568447,-0.1903221173500995,0.9850980515696572,-1.5513267915846667,-0.0785027127708273,-0.24398963069283558,-0.15599925665399583,-0.26786340200322806,-0.9175883609523132,-0.014730859116148689,2.7083049067862723,0.8809152225223248,-2.007936031853131,-0.2712008840851675,0.3420257513176083,-0.06241326998481709,0.4167183089389027,-0.14704064238621836,-0.27166484220258125,-0.1554457846144918,0.6339050199009392,0.3109014092691017,0.024294535847521184,0.12170973610737419,0.3967193985514088,0.4278009979685602,0.29280947350086917,-2.7538328043522915,-2.4183009747579005,-0.5704816455319962,0.2336615097730588,1,0,0,0,1,0,0,0,1,2022
-2.0214978321353128,-0.25228244694568447,-0.1903221173500995,1.3776093757677557,-1.2503189019191088,-0.0785027127708273,-0.242632790076224,0.28387877486102786,-0.26913619726581406,-1.3126537820654987,-0.014730859116148689,2.3991604657081953,0.8772464580533894,-1.903131110660079,-0.27147018159106423,0.25127625272876714,1.2585661605245575,0.4167183089389027,-0.14704064238621836,-0.27166484220258125,-0.03247308578462476,0.2187708729660042,0.2316807172338032,-0.11443950467373201,-0.26917853167601163,0.3967193985514088,0.4278009979685602,0.29280947350086917,-2.7538328043522915,-2.4183009747579005,-0.5547484768541885,0.2336615097730588,1,0,0,0,1,0,0,0,1,2023
-0.24926747408766187,-0.24860619022006766,-0.5256557234089907,-0.2905637520741628,1.2362680127094139,-0.0785027127708273,-0.2115762159626703,-1.3287597546556607,-0.1658579531016918,1.9795580605443825,-0.7221857877817481,-0.3694838936232245,-0.7994537769943568,0.1500864345492276,-0.21069621759827584,0.8657863801907298,0.5875835291116394,-0.5859087143504459,-0.36141140023598256,-0.2231583342681861,0.10087448093658645,0.10585501891326395,-0.15370033932859192,0.08475791646719391,0.1199512727215876,1.4247171040460622,1.536786610751896,1.5114201914342928,0.44514463378321056,0.8600738984202713,-0.030431483475153807,0.2336615097730588,0,0,0,0,0,0,1,1,0,2020
-0.24926747408766187,-0.25228244694568447,-0.653002763364759,-0.09430808997511356,0.13693485045259354,-0.0785027127708273,-0.2059980934277116,-1.0518361042373712,-0.1784040778328968,1.2552714551702089,-0.583376540612662,-0.44026891354217956,-0.7713764978953613,0.24189933005464642,-0.21092811267279804,0.8933529141263524,0.5875835291116394,-0.5859087143504459,-0.36141140023598256,-0.21768483726391583,0.5162460021758698,0.6579894666539581,0.40790856521865204,0.4483314999200308,0.5565697383961308,1.4247171040460622,1.536786610751896,1.5114201914342928,0.44514463378321056,0.8600738984202713,0.01969512370762899,0.2336615097730588,0,0,0,0,0,0,1,1,0,2021
-0.24926747408766187,-0.25228244694568447,-0.6503181105806286,-0.2905637520741628,0.39868084146612226,-0.0785027127708273,-0.2053196731194058,-0.9421004216799646,-0.1853135378297923,0.8272839156309242,-0.3360918543123296,-0.21139269133397462,-0.31719843119001045,0.15359807614793838,-0.2112946565002686,0.3420257513176083,-0.06241326998481709,0.074967227295257,-0.3573644879436407,-0.22768812489240978,-0.07874004178001597,-0.0315321478439634,-0.07992542515524731,-0.09961082122467857,0.06674759915998295,1.4247171040460622,1.536786610751896,1.5114201914342928,0.44514463378321056,0.8600738984202713,-0.12190339439264065,0.2336615097730588,0,0,0,0,0,0,1,1,0,2022
-0.1997290344061352,-0.2743399872993852,-1.033188605054394,-0.9774585694208351,0.01914915449650536,-0.0785027127708273,-0.23170268510907524,0.5622894931370738,-0.262772220952884,-0.6871335319696211,-1.4120963629569618,-0.591494201343747,-0.2317686299848002,0.5822184317403377,-0.2670217857529182,-0.13190833569774515,-0.30734602193693644,-0.6608713768094545,1.3347363617195518,-0.26222777840211525,0.08734646692138577,0.019983208917602586,-0.31215363718097333,0.00844845662713603,-0.27602863044734666,0.3967193985514088,0.4278009979685602,0.29280947350086917,0.44514463378321056,0.9463469213986443,0.15324411364715979,0.2336615097730588,0,0,0,0,0,0,1,0,1,2021
-0.1997290344061352,-0.2743399872993852,-1.0244660007175677,-0.9774585694208351,-0.28185873516905274,-0.0785027127708273,-0.22552152230006697,1.6024758654769138,-0.2647723277940906,-1.049276834656708,-1.4120963629569618,-0.2740804874447969,0.02302331874555082,0.34599235312784077,-0.2673559141398641,0.3420257513176083,-0.06241326998481709,-0.1346509908027976,1.3256088093850404,-0.26222777840211525,-0.30735323611019005,-0.9907325868067319,0.07069749277705178,-0.14967943475264703,-0.6934817085123949,0.3967193985514088,0.4278009979685602,0.29280947350086917,0.44514463378321056,0.9463469213986443,-0.08860761881867545,0.2336615097730588,1,0,0,0,0,0,1,0,1,2022
-0.1997290344061352,-0.27066373057376836,-0.5112744274002106,-0.9774585694208351,-0.20333493786499393,-0.0785027127708273,-0.22838596360180252,1.283989464152119,-0.26622695095133175,-1.3455759004915975,-1.4120963629569618,-0.27048461850625,0.5543951847870733,0.23018238616289718,-0.26741077103921346,-0.15545692353483567,-0.30734602193693644,-0.1346509908027976,1.3256088093850404,-0.26222777840211525,0.57819815726818,0.2647356095147381,0.5893195852030516,0.225946183588621,0.5565697383961308,0.3967193985514088,0.4278009979685602,0.29280947350086917,0.44514463378321056,0.9463469213986443,-0.09043705703702518,0.2336615097730588,1,0,0,0,0,0,1,0,1,2023
-0.048061362355669116,-0.25595870367130125,-0.9926659733719424,-0.486819414173212,-1.3942791969765493,-0.0785027127708273,-0.1647652146895711,-1.057841262497601,-0.17913138941151738,-0.357912347708633,-1.6521915866178005,-0.1067445479191787,2.8840606225610586,-1.966358026349113,-0.17649044735854041,0.15632324806808223,-0.30853591506622824,1.0395703535987326,1.1025460445816258,-0.17200944846966046,0.47059704579205824,0.2816699861379585,0.3200674397525218,0.4416432197296151,0.31498084823570605,1.6124384241798677,1.3572976098389864,1.5472616831382164,-1.133017569030304,-0.7791135381688141,-0.17093233864441362,0.2336615097730588,0,0,1,0,0,0,0,0,0,2021
-0.048061362355669116,-0.259634960396918,-1.094363186526033,-0.3886915831236874,-1.5120648929326375,-0.0785027127708273,-0.1410205038988686,-0.44353241904401464,-0.18476805414582687,-0.7200556503957198,-1.9023513561663,-0.3061763199159908,2.632488201834059,-1.7460231302536593,-0.17211934987856842,0.3420257513176083,-0.06241326998481709,1.2139389462784513,1.2098522347095868,-0.15558895745684964,0.40809223989605986,0.470148641209956,0.2664694648918291,0.3729466469263388,0.21079279579364055,1.6124384241798677,1.3572976098389864,1.5472616831382164,-1.133017569030304,-0.7791135381688141,-0.06994734899150813,0.2336615097730588,0,0,1,0,0,0,0,0,0,2022
-0.7045401072342897,-0.20081485278704947,-0.02060686346036368,0.49445889632203416,0.2678078459593579,1.429278300939941,-0.14343266499506696,-0.720899613749375,-0.11549162628221668,0.8931281524831215,-0.45518344966710733,-0.5047509669089201,-0.8496933883954928,0.16595526356877252,-0.15465989491293003,-0.02789533566119203,0.24032274002173137,-0.19732645079818728,0.4560408221691544,-0.14350951579225318,0.8592274984840397,0.7740485760072995,0.7770405537086481,0.8406136728275991,0.6690864464096603,0.7632229283364598,0.6521622491096976,0.8543261768623481,1.0422870889018376,0.5149818065067792,0.07165116910876153,0.2336615097730588,0,0,0,1,0,0,1,0,0,2020
-0.7045401072342897,-0.20449110951266625,-0.10154845499945953,0.49445889632203416,0.01914915449650536,1.336455524720779,-0.12632139721890992,-0.27986308747948446,-0.1293105462760077,0.3663742576655412,-0.3053390357982082,-0.4634186430737298,-0.6181119903869781,0.4123578941375973,-0.15452524615998164,-0.011148496720694444,0.24032274002173137,-0.19732645079818728,0.4560408221691544,-0.15540021618084032,0.9369583681998481,1.092324358817741,0.8227135360354934,0.9613778745266831,0.8483645675526225,0.7632229283364598,0.6521622491096976,0.8543261768623481,1.0422870889018376,0.5149818065067792,0.037623618247456414,0.2336615097730588,0,0,0,1,0,0,1,0,0,2021
1.3520100319416646,-0.2412536767688341,3.7572123691366905,-1.4680977246684581,0.372506242364769,-0.0785027127708273,-0.24549723137795953,-0.6040867520865555,-0.2578628677971951,1.0248166261875176,-1.6658270249551863,0.9659433829348658,-0.9389416995581664,-0.4631901777045244,-0.26761773115948595,-3.415918506943133,-0.7067335572018507,-0.16071114944508746,-1.196944208252491,-0.2720423247545999,-0.03247308578462476,-0.11830386172475624,0.0036211492534175883,0.284946369554101,0.35418045651570845,0.3967193985514088,0.4278009979685602,0.29280947350086917,0.3171855362577904,0.34243576055003416,-0.43181022858108614,0.2336615097730588,0,0,0,0,0,0,1,0,1,2020
1.3520100319416646,-0.2412536767688341,3.595090517107,-1.1737142315198843,0.43794274011815115,-0.0785027127708273,-0.24504495117242234,-0.43772570001967886,-0.2604084583223671,0.23468578396114528,-1.6385884695055422,1.2659616490496022,-0.8038712689059322,-0.11940767889043645,-0.2675803287281114,-3.5665391639165227,-0.7067335572018507,-0.16071114944508746,-1.196944208252491,-0.270343653270516,-1.492773884389167,-1.803677535178549,0.402725393219098,-1.612136533028101,-1.337793940004662,0.3967193985514088,0.4278009979685602,0.29280947350086917,0.3171855362577904,0.34243576055003416,-0.4680331053044109,0.2336615097730588,0,0,0,0,0,0,1,0,1,2021
1.3520100319416646,-0.2412536767688341,3.5845890832410303,-1.271842062569409,0.20237134820597572,-0.0785027127708273,-0.24202974980217443,0.3973333549931604,-0.2598629746384017,0.3663742576655412,-1.6385884695055422,1.3286093301056405,-0.7006966273101567,-0.46949304046751644,-0.26798676848238145,0.3420257513176083,-0.06241326998481709,0.3124639568075172,-1.3289608862110511,-0.2693999468904694,1.1357675530990072,0.8421282590379591,0.9158594211749729,1.0837181180097615,1.0665907287348086,0.3967193985514088,0.4278009979685602,0.29280947350086917,0.3171855362577904,0.34243576055003416,-0.47461908289046995,0.2336615097730588,1,0,0,0,0,0,1,0,1,2022
-2.4241667127698867,-0.2633112171225348,-0.08829375102580336,0.6907145584210834,-0.739914219442728,-0.0785027127708273,-0.23630086719870333,-0.21908145987473537,-0.2507715799056444,0.3663742576655412,-0.014730859116148689,-1.053104154000461,0.2638889370428001,-1.0491410085696453,-0.2597258181394566,0.3800896338430285,0.6062120377679309,0.06507625571722885,-1.0002222348080512,-0.26562512137028305,0.560774113648469,0.7875844877566556,0.46686714671358076,0.4939999130952288,0.5406315824480492,0.8615531436446432,0.5239558198861904,0.8423790129610397,-1.516894861606564,-1.7281167909309163,1.147726729142077,0.2336615097730588,1,1,0,0,0,0,0,1,0,2020
-2.4283204514828185,-0.2633112171225348,-0.09308503022715205,1.0832258826191818,-0.8576999153988156,-0.0785027127708273,-0.23667776736998433,-0.170539468013129,-0.2520443751682305,0.13591942868284917,-0.014730859116148689,-1.0537147942788383,0.3857068919603085,-0.7500578066238685,-0.25968841570808204,0.33549346770152194,0.6062120377679309,0.06507625571722885,-1.0002222348080512,-0.2639264498861992,0.44792493394322574,0.43613682337406284,0.11019104083303877,0.37826082614938866,0.227677697897358,0.8615531436446432,0.5239558198861904,0.8423790129610397,-1.516894861606564,-1.7281167909309163,1.1506538302914364,0.2336615097730588,1,1,0,0,0,0,0,1,0,2021
-2.4324741901957503,-0.2633112171225348,-0.09512900604460142,0.8869702205201326,-1.0409221091082859,-0.0785027127708273,-0.23494402658209176,0.15377339729018627,-0.2518625472735753,0.1688415471089479,-0.014730859116148689,-1.0569021582428355,0.593853121014195,-0.991482330163303,-0.25949142956950944,0.3420257513176083,-0.06241326998481709,0.4786959123484719,-1.0959788094381941,-0.26581386264629236,0.2595870739362744,1.229995077038276,-0.11040863473678958,0.18509990099713228,0.06476378342669903,0.8615531436446432,0.5239558198861904,0.8423790129610397,-1.516894861606564,-1.7281167909309163,1.1649234483945643,0.2336615097730588,1,1,0,0,0,0,0,1,0,2022
-2.436627928908682,-0.2633112171225348,-0.10579638941591034,1.0832258826191818,-0.9754856113549036,-0.0785027127708273,-0.23720542760977772,-0.1523799042357248,-0.2524080309575407,0.03715307340455251,-0.014730859116148689,-0.39363649952437263,0.45983090878165656,-0.9236908360905767,-0.26020706275647576,0.22822643026589398,0.6062120377679309,0.4786959123484719,-1.0959788094381941,-0.26581386264629236,0.2186440608912922,0.17151740548598446,-0.15836508594761337,0.14310839552925786,0.227677697897358,0.8615531436446432,0.5239558198861904,0.8423790129610397,-1.516894861606564,-1.7281167909309163,-0.013966539510006173,0.2336615097730588,1,1,0,0,0,0,0,1,0,2023
0.22451338947218843,-0.2743399872993852,-0.21167888638668347,-1.6643533867675075,1.210093413608061,-0.0785027127708273,-0.24760787233713308,1.3200362808090038,-0.2742273783161581,-0.6212892951174238,-0.014730859116148689,-0.6935582666462127,-0.8953657623965254,1.2387941322534746,-0.2787262532777263,0.2565001807229539,1.4107383358347967,-0.9443804921433259,0.8484676772000298,-0.27525092644675836,-0.49976934133808193,-0.6576234372299742,-0.9998409498603028,-0.5937025537471339,-0.4294708429253092,-0.4793134287396877,-0.3734891846783571,-0.40012603277499903,0.7863688938509973,0.9463469213986443,0.27252348548356264,0.2336615097730588,1,0,0,1,0,0,1,0,1,2020
-0.36910487847574336,-0.2743399872993852,-0.2047604701550975,-1.5662255557179827,0.9876093212465618,-0.0785027127708273,-0.24949237319353806,0.4951608283959938,-0.27240909936960667,0.498062731369936,-0.014730859116148689,-0.6982408078465726,-0.8303013476311198,0.7459234419723582,-0.2786838638555018,0.06931766807995958,1.4107383358347967,-0.9443804921433259,0.8484676772000298,-0.27392973751469313,-0.7042114531427144,-0.8935757515135011,-1.2393034962397078,-0.8033801377167419,-0.6164785393828205,-0.4793134287396877,-0.3734891846783571,-0.40012603277499903,0.7863688938509973,0.9463469213986443,0.27874357542595174,0.2336615097730588,1,0,0,1,0,0,1,0,1,2021
-0.9627231464236753,-0.2743399872993852,-0.232448306050437,-1.271842062569409,1.157744215405355,-0.0785027127708273,-0.2468540719945711,1.7997183654187732,-0.2713181320016758,1.3211156920224063,-0.014730859116148689,0.2921651283874469,-0.9402145362106542,0.7524231592530519,-0.27952417181371664,0.2075984409793852,1.4107383358347967,-0.9443804921433259,0.8484676772000298,-0.27392973751469313,-1.2231798908006342,-0.948026285578928,-1.294564083865722,-1.3356386201011388,-0.6596341616422442,-0.4793134287396877,-0.3734891846783571,-0.40012603277499903,0.7863688938509973,0.9463469213986443,-0.30484721622761435,0.2336615097730588,1,0,0,1,0,0,1,0,1,2023
-1.6356415646434785,-0.25228244694568447,-0.1903221173500995,0.788842389470608,-0.15098573966228837,-0.0785027127708273,-0.2500954134675876,0.3978656867324992,-0.2718636156856412,0.20176366553504657,-0.014730859116148689,-1.4793883436916295,-0.7507864932227647,-0.5258483295639229,-0.27739472672079246,0.5119867231329045,1.4107383358347967,-0.6507229338724908,-0.6905776653465258,-0.27600589155079563,0.4901608842422632,-0.26023006580507557,0.15966190629262914,0.4215783791583571,0.47604010834265836,0.34308473565603526,0.3636977833568067,0.26891514569825237,-0.23730388635236332,0.25616273757166114,0.46790748720331454,-4.279695021106552,1,0,0,0,0,0,1,0,1,2020
-1.4003490020732412,-0.25228244694568447,-0.1903221173500995,0.9850980515696572,-0.6090412239359636,-0.0785027127708273,-0.2516783941869678,-0.4425536991291219,-0.27168178779098606,0.2676079023872446,-0.014730859116148689,-1.4793883436916295,-0.4789235588002244,-0.5444310139076225,-0.27735233729856795,0.3020732223259015,1.4107383358347967,-0.6507229338724908,-0.6905776653465258,-0.27638337410281427,0.41420715849441,0.39722220309640194,0.07069749277705817,0.34367958635230855,0.40656356476711036,0.34308473565603526,0.3636977833568067,0.26891514569825237,-0.23730388635236332,0.25616273757166114,0.4741275771457037,-4.279695021106552,1,0,0,0,0,0,1,0,1,2021
-1.1650564395030039,-0.25228244694568447,-0.1903221173500995,1.279481544718231,-0.5959539243852869,-0.0785027127708273,-0.24949237319353806,0.6187571775681532,-0.2718636156856412,0.1688415471089479,-0.014730859116148689,-1.4793883436916295,-0.2831313325498959,-0.5940359322625076,-0.27751192100576605,0.3420257513176083,-0.06241326998481709,-0.13547991316963484,-0.781956055229683,-0.27638337410281427,-0.1223377503141347,-0.948026285578928,-0.5577562488521581,-0.20660547564938514,-0.08422586484989412,0.34308473565603526,0.3636977833568067,0.26891514569825237,-0.23730388635236332,0.25616273757166114,0.45071076795082704,-4.279695021106552,1,0,0,0,0,0,1,0,1,2022
-0.9297638769327665,-0.25228244694568447,-0.1903221173500995,1.279481544718231,-0.020112744155524036,-0.0785027127708273,-0.24888933291948848,1.1522871402901436,-0.2718636156856412,0.1688415471089479,-0.014730859116148689,-1.4793883436916295,-0.6038112962325564,-0.2804414476264124,-0.27751690799661594,0.6967635408909479,1.4107383358347967,-0.13547991316963484,-0.781956055229683,-0.27638337410281427,-1.094510030224291,-2.2020385852676285,-2.5672321625255234,-1.2036737071132722,-0.9734932326198927,0.34308473565603526,0.3636977833568067,0.26891514569825237,-0.23730388635236332,0.25616273757166114,0.4499789926634871,-4.279695021106552,1,0,0,0,0,0,1,0,1,2023
1.5327350625891387,-0.259634960396918,0.7008446264936303,-1.1737142315198843,1.0268712198985908,-0.0785027127708273,-0.23878840832915788,0.11789598297419752,-0.25513544937736793,0.6626733235004301,-1.7396474267654733,-0.11632157152600718,-0.7485403108948451,0.4841290077113153,-0.26541348120381264,0.006994285095769422,-0.12401688017260988,-0.4119989895123419,-0.8515078896756839,-0.266191345198311,0.5516472336571899,0.2187708729660042,-0.11040863473677683,0.4846393066680133,0.26512917248832096,0.7274664864062099,0.5431867842697162,0.7229073739479589,-1.0903645365218306,0.5149818065067792,-0.1669075745640442,0.2336615097730588,0,0,1,0,0,0,1,0,1,2021
1.5327350625891387,-0.259634960396918,0.7611458287708767,-1.1737142315198843,0.7258633302330331,-0.0785027127708273,-0.23532092675337277,1.0971949195624038,-0.25677190042926423,0.3663742576655412,-1.2315767968816982,-0.6539756277838475,-0.8392112041985345,0.7239062167685819,-0.2656004933606854,0.3420257513176083,-0.06241326998481709,0.14201841710098306,-0.7796575807159685,-0.2669463103023483,0.5905885882866415,0.2861858199041462,0.2772926308298778,0.5245778940907936,0.5679035381814335,0.7274664864062099,0.5431867842697162,0.7229073739479589,-1.0903645365218306,0.5149818065067792,0.2227627659444498,0.2336615097730588,0,0,1,0,0,0,1,0,1,2022
1.5327350625891387,-0.259634960396918,0.782265047616671,-1.1737142315198843,1.210093413608061,-0.0785027127708273,-0.24323583035027357,-0.4790645512428677,-0.2562264167452988,0.5309848497960353,-0.13736288008432276,-0.0387845193026731,-0.9417868638401979,0.42355586184588956,-0.2665106191907994,0.12322580545760292,-0.12401688017260988,0.14201841710098306,-0.7796575807159685,-0.2669463103023483,-1.524443058334809,-1.1579560554697492,-1.5076169518214582,-1.038320081200767,-0.8260172836063027,0.7274664864062099,0.5431867842697162,0.7229073739479589,-1.0903645365218306,0.5149818065067792,-0.19910568720699956,0.2336615097730588,0,0,1,0,0,0,1,0,1,2023
-0.27911559844415307,3.096787430091207,2.011019327430014,1.6719928689163295,-2.074818773611724,-1.1060501829495675,1.4353267724667513,-1.499665505714314,2.084262243255725,-0.2591459924303369,-1.097213210813326,0.12365047483542821,3.152479410747455,-2.74210805292298,2.220529146123732,0.584245982318514,-1.5906373205006241,1.9600262621678253,0.5403558080854896,1.872813535815309,0.02452512339284738,-0.24678670323066773,-0.2689028627986272,-0.017618686679108198,-0.11383521116854477,-3.2772550097816575,-3.73249763033424,-3.0762907466680076,-2.241996414250611,-3.3673042275200027,-0.2565500472631813,0.2336615097730588,0,0,0,0,1,1,0,0,0,2020
-0.35261960070955756,3.4680893593785025,2.2608904299200803,1.868248531015379,-2.0617314740610477,-1.0826998765252773,1.4919371781931563,-1.4715787414441146,1.6324199250376905,-1.2797316636394,-0.9877233605669308,0.21781566298952562,3.14581573650796,-2.5639801889538063,2.294296714776038,0.5778832191126951,-1.5906373205006241,1.9600262621678253,0.5403558080854896,2.0177668357904666,-0.010736685596312216,-0.14783722989181458,-0.2678932038642467,-0.04987170745880589,-0.07570394981339505,-3.2772550097816575,-3.73249763033424,-3.0762907466680076,-2.241996414250611,-3.3673042275200027,-0.2847233958257673,0.2336615097730588,0,0,0,0,1,1,0,0,0,2021
-0.4261236029749621,3.559995777518922,2.242900011860347,1.770120699965854,-2.074818773611724,-1.0749630706615925,1.6105099720781564,-1.3589380476083652,1.6771495871228561,-1.2797316636394,-0.6777488634714974,0.30421970235001317,3.4986909802241355,-2.5362095732996095,2.3874013404489847,0.3420257513176083,-0.06241326998481709,2.119186399112435,0.46098532179600693,2.134408944364226,-0.1318159425285878,-0.4229521426482075,-0.32345018870906084,-0.16721018750040495,-0.19693470648962533,-3.2772550097816575,-3.73249763033424,-3.0762907466680076,-2.241996414250611,-3.3673042275200027,-0.3081402050206439,0.2336615097730588,0,0,0,0,1,1,0,0,0,2022
-0.4996276052403666,3.5820533178726226,2.1327233383637707,2.064504193114428,-1.9177711790036067,-1.0749630706615925,1.536260638335801,-1.5367842681862014,1.7064238781623344,-1.3455759004915975,-0.7032388695161377,0.4992147492877242,3.5405448442677048,-2.498585294141263,2.4806406148748796,0.4419128078094791,-1.5906373205006241,2.119186399112435,0.46098532179600693,2.134408944364226,-0.3369557138375526,-0.6132088839530706,-0.6010978862059003,-0.36751641791747275,-0.39020768855594684,-3.2772550097816575,-3.73249763033424,-3.0762907466680076,-2.241996414250611,-3.3673042275200027,-0.35314438519204744,0.2336615097730588,0,0,0,0,1,1,0,0,0,2023
-0.34156768341552207,-0.2743399872993852,-0.2606970139818001,-2.35124820411418,0.5426411365235627,-0.0785027127708273,-0.24444191089837275,2.3854963313384583,-0.2738637225268478,-0.5554450582652258,-0.014730859116148689,2.2826206600255388,-1.1452161100054532,0.021024393265131006,-0.2784120728541801,0.6903028971353764,1.4107383358347967,-0.5814910878029108,0.37377107584420655,-0.2786482694149261,-1.3175377885566224,-0.8935757515135011,-1.9576911353779358,-1.4324128896255772,-1.1775016287553643,0.3967193985514088,0.4278009979685602,0.29280947350086917,0.9143279913764175,0.8600738984202713,-0.5485283869117994,0.2336615097730588,1,0,0,1,0,0,1,0,1,2020
-0.3140240925510526,-0.2743399872993852,-0.2606970139818001,-2.547503866213229,1.733585395635118,-0.0785027127708273,-0.24610027165200912,1.8114652805728348,-0.27331823884288237,-0.16037963715204026,-0.014730859116148689,0.8102838215497674,-1.0869651149680706,0.3962101040704238,-0.27851679966202886,0.6720230099183166,1.4107383358347967,-0.5814910878029108,0.37377107584420655,-0.2767608566548329,0.06911305672699482,-0.0010604757453628049,0.9158594211749729,-0.01025188530995058,0.09089839939125559,0.3967193985514088,0.4278009979685602,0.29280947350086917,0.9143279913764175,0.8600738984202713,-0.40912519467354935,0.2336615097730588,1,0,0,1,0,0,1,0,1,2021
-0.28648050168658323,-0.2743399872993852,-0.24258763436655353,-2.35124820411418,0.3855935419154456,-0.0785027127708273,-0.24557261141221573,2.4743814368246295,-0.27277275515891697,0.13591942868284917,-0.014730859116148689,1.6191368199813343,-0.5201035681454178,0.26339460686819866,-0.27862401996530256,0.3420257513176083,-0.06241326998481709,-0.7909574080092449,0.617098727386774,-0.2778933043108888,-0.39754828543576165,-0.539647280088206,-0.8801096766705955,-0.48886376176232565,-0.3359669946965498,0.3967193985514088,0.4278009979685602,0.29280947350086917,0.9143279913764175,0.8600738984202713,-0.502060656165716,0.2336615097730588,1,0,0,1,0,0,1,0,1,2022
-0.2589369108221138,-0.2743399872993852,-0.22349971205016006,-2.547503866213229,0.5949903347262687,-0.0785027127708273,-0.24557261141221573,2.3294280098970113,-0.2729545830535721,0.13591942868284917,-0.014730859116148689,1.929581657418657,-0.6811548410572559,0.34430658467028524,-0.2792773157666446,0.8387976640573582,1.4107383358347967,-0.7909574080092449,0.617098727386774,-0.2778933043108888,-1.238398906567735,-1.510096314641442,-1.8649959561342981,-1.3512473732502477,-1.1051115527072977,0.3967193985514088,0.4278009979685602,0.29280947350086917,0.9143279913764175,0.8600738984202713,-0.5258433530042625,0.2336615097730588,1,0,0,1,0,0,1,0,1,2023
0.42276313553171196,-0.2412536767688341,0.23669467474630299,-0.6830750762722613,-0.08554924190890621,3.5108826861269775,-0.20381207243428184,0.1040369623189125,-0.22931588833633734,-0.4566787029869297,-0.997104542191458,-0.8491538668050719,-0.4921760345349503,0.2796412842297016,-0.2328933138713568,0.22543483586621915,0.22655380948671905,-0.32220245653307766,-0.1537612443418568,-0.24127749676508078,0.8585579099740771,1.0700274063375785,0.7535119321041885,0.7994095295763896,0.8130209708263143,-0.7385476327339916,-0.7196465435818269,-0.7346466220116247,0.018614308698477074,0.42870878352840713,0.5286448360525259,0.2336615097730588,0,0,0,0,0,0,1,1,0,2020
0.42276313553171196,-0.2412536767688341,0.23793649913457268,-0.3886915831236874,-0.21642223741567054,4.281244982076201,-0.20283213198895125,0.23030866433826777,-0.23149782307219907,-0.6542114135435224,-1.4311498420203634,-0.7535567940566043,0.05806376306109719,0.49227672092469243,-0.23220510913406514,0.19449283174201787,0.22655380948671905,-0.32220245653307766,-0.1537612443418568,-0.23221791551663346,0.1788044765666692,0.2259426758317568,0.20256672983205268,0.10224857602434537,0.11165781065388486,-0.7385476327339916,-0.7196465435818269,-0.7346466220116247,0.018614308698477074,0.42870878352840713,0.35814119410233036,0.2336615097730588,0,0,0,0,0,0,1,1,0,2021
-0.2544435250280146,0.082256915085443,1.0720505488831038,0.5925867273715588,-1.616763289338049,-0.30316207385114047,-0.014758946519736362,-1.1574338179176327,-0.00366747106930262,-1.049276834656708,0.2946706980082813,-0.03743487057060997,1.6241020820866692,-2.1250184310540408,0.08416959038610031,0.515936275670227,-0.29506674101201474,1.5721560087850397,-0.2845096655852784,0.03069868196434889,-0.10699500271153678,-0.10869122388741856,-0.37804702080007213,-0.1342214691758241,-0.03650907926223746,-2.3207701881475016,-2.867104233075568,-2.1563591262672865,-1.8581191216743511,-2.0732088828444084,-0.19947157485066952,0.2336615097730588,0,1,0,0,0,0,0,0,0,2020
-0.297683876713585,0.07490440163420943,0.8931491508023014,0.6907145584210834,-1.7214616857434604,-0.35114995964939666,0.020292769409395874,-0.9180487450697953,0.01851553207862505,-0.9175883609523132,0.023811118180411997,0.004366576544136487,2.4816196221421234,-1.9861820022334664,0.10370862053616349,0.4882959574662542,-0.29506674101201474,1.5721560087850397,-0.2845096655852784,0.05164896360138338,0.23136705850341271,0.12027755700863162,-0.08770887564210535,0.14639341202220466,0.1870667547087806,-2.3207701881475016,-2.867104233075568,-2.1563591262672865,-1.8581191216743511,-2.0732088828444084,-0.2155706311721472,0.2336615097730588,0,1,0,0,0,0,0,0,0,2021
-0.3409242283991554,0.10431445543914372,0.9630966808427236,0.788842389470608,-1.7214616857434604,0.030043772857406545,0.06619921027142067,-0.5834311449588879,0.03215262417776091,-0.9175883609523132,0.6276118424039617,0.18383732014188894,1.831274965465124,-1.9731174896207637,0.1251601616771785,0.3420257513176083,-0.06241326998481709,1.809592737707068,-0.349986347443718,0.07788400096667882,-0.11975292432655305,-0.12384412632185178,-0.25417050286040127,-0.10056468722763931,-0.031564291180065616,-2.3207701881475016,-2.867104233075568,-2.1563591262672865,-1.8581191216743511,-2.0732088828444084,-0.2748444294466787,0.2336615097730588,0,1,0,0,0,0,0,0,0,2022
-0.3841645800847258,0.11901948234161086,0.9240049441085577,0.9850980515696572,-1.6952870866421075,0.030043772857406545,0.020217389375139675,-1.1485137360883901,0.04542606048758648,-0.9505104793784119,0.26159790416915685,0.4437412000569581,2.894243315780961,-1.8902073480974224,0.15052898413082103,0.386013061321122,-0.29506674101201474,1.809592737707068,-0.349986347443718,0.07788400096667882,-0.6402101297321805,-0.6125589983063559,-0.8102625920027484,-0.6602309823920907,-0.6011405958535776,-2.3207701881475016,-2.867104233075568,-2.1563591262672865,-1.8581191216743511,-2.0732088828444084,-0.34107009295093915,0.2336615097730588,0,1,0,0,0,0,0,0,0,2023
-1.0678265945789789,-0.25595870367130125,0.1287972897365444,-1.271842062569409,0.3201570441620634,-0.0785027127708273,-0.2194157395253149,0.6706942135983619,-0.24531674306599008,-0.12745751872594155,0.19569844363066138,-0.1620458252757895,-0.19320916668884638,0.20601520873707757,-0.2520508392213996,0.3913299313752875,0.5067929109414793,-0.23583277718922657,-0.3742925217076719,-0.25599931629380773,-0.13318348568838478,-0.07181079487085856,0.09012650262528887,-0.21772895490506625,-0.22311752269632398,0.7274664864062099,0.5431867842697162,0.7229073739479589,0.2318794712408436,0.34243576055003416,-0.14605197887485719,0.2336615097730588,0,0,0,0,0,0,1,1,0,2020
-1.0554845617523883,-0.25595870367130125,0.13354754771185406,-0.9774585694208351,-0.05937464280755297,-0.0785027127708273,-0.21873731921700912,0.8353009796603625,-0.24240749675150777,0.2676079023872446,-0.175852468587633,0.15509220905222895,-0.05312226217092493,0.45447161592215063,-0.2517989961834777,0.3768573909044577,0.5067929109414793,-0.23583277718922657,-0.3742925217076719,-0.24977085418550019,0.7002695634559964,0.8949148674048607,0.5757942665533282,0.6370676432815952,0.535444608618791,0.7274664864062099,0.5431867842697162,0.7229073739479589,0.2318794712408436,0.34243576055003416,-0.26606312599859994,0.2336615097730588,0,0,0,0,0,0,1,1,0,2021
-1.0431425289257974,-0.25228244694568447,0.39480353210867486,-1.0755864004703597,0.1892840486552991,-0.0785027127708273,-0.21903883935403393,0.8358676268870078,-0.24640771043392096,-0.29206811085643564,1.046667512630204,-0.34482115794207424,-0.5652518329366025,0.4331774396879334,-0.25151224420960616,0.3420257513176083,-0.06241326998481709,0.040036473484204575,-0.3313976678632151,-0.24977085418550019,0.026928980599286702,0.2701890528340755,0.10412197582105115,-0.05351623572372595,-0.07447318185341961,0.7274664864062099,0.5431867842697162,0.7229073739479589,0.2318794712408436,0.34243576055003416,-0.04653053979663149,0.2336615097730588,0,0,0,0,0,0,1,1,0,2022
-1.0308004960992068,-0.25228244694568447,0.3787910829844917,-0.8793307383713105,0.28089514551003403,-0.0785027127708273,-0.22522000216304217,0.06953879681892722,-0.24531674306599008,-0.16037963715204026,1.046667512630204,-0.0233065711371307,-0.43093012972700817,0.3333068493672526,-0.2514499068239819,0.24593973227673022,0.5067929109414793,0.040036473484204575,-0.3313976678632151,-0.24977085418550019,0.7078654586241846,0.9007592896659067,0.7487925283521322,0.7911447450289075,0.8056497569336252,0.7274664864062099,0.5431867842697162,0.7229073739479589,0.2318794712408436,0.34243576055003416,-0.20495988950571872,0.2336615097730588,1,0,0,0,0,0,1,1,0,2023
-0.048061362355669116,-0.2743399872993852,-0.6475879615276185,0.6907145584210834,0.5819030351755922,-0.0785027127708273,-0.2527337146665546,0.2605225231827202,-0.27313641094822727,-1.5431086110481902,-0.014730859116148689,0.9732318426662719,-0.8618227729662589,0.671816417737623,-0.279000537774473,-0.771690532838076,1.4107383358347967,0.04191942413980167,-1.397471565272538,-0.27827078686290746,-1.3175377885566224,-0.18571880866291082,-0.520915857101483,-1.4324128896255772,-0.05545545001027911,0.34308473565603526,0.3636977833568067,0.26891514569825237,-1.047711504013357,0.6875278524635252,-0.432542003868426,0.2336615097730588,1,0,1,0,0,0,1,0,1,2021
-0.048061362355669116,-0.2743399872993852,-0.1516991413534876,0.788842389470608,-0.21642223741567054,-0.0785027127708273,-0.2523568144952736,0.6226623463168754,-0.2735000667375375,-0.6542114135435224,-0.014730859116148689,0.09727527203783574,-0.5555183761822841,0.5819005204886497,-0.27874869473655106,0.3420257513176083,-0.06241326998481709,-0.08162320894825473,-1.4475917673459389,-0.2805356821750193,1.1357675530990072,1.229995077038276,0.9158594211749729,1.0837181180097615,1.0665907287348086,0.34308473565603526,0.3636977833568067,0.26891514569825237,-1.047711504013357,0.6875278524635252,-0.24776874381510258,0.2336615097730588,1,0,1,0,0,0,1,0,1,2022
-1.452182016694819,-0.23022490659198375,-0.30453117736630475,0.2982032342229849,0.3070697446113868,-0.3769909417660774,-0.1640867943812653,-0.26540018032577867,-0.17058547836272556,0.20176366553504657,0.44995743044456105,0.1684262304009864,-0.20848320651869992,-0.29080493454677725,-0.1846267229302168,0.33863130008189746,0.11317500553960735,0.16218484705889985,0.01268317699625337,-0.1914497998986204,0.6170983476749835,0.39194034554497686,0.4905982394440999,0.4985713720480536,0.5447087851324418,1.0760917952261373,0.8252409285614324,0.973797815875429,-0.23730388635236332,-0.26147540029857697,-0.2704537777226393,0.2336615097730588,0,0,0,0,0,0,1,0,0,2020
-1.452182016694819,-0.23022490659198375,-0.3248672637149923,0.49445889632203416,-0.5436047261825814,-0.3769909417660774,-0.1739615788688273,-0.6384184729025709,-0.17458569204513874,-0.061613281873743576,1.1300490387269782,0.24918273863214524,0.475778803309886,-0.23117506613225586,-0.18292366555496245,0.3612888812856292,0.11317500553960735,0.16218484705889985,0.01268317699625337,-0.1808802884420985,0.08571468312967237,-0.03698622144916498,0.07727462840661072,-0.042177079959358064,0.1497436566084739,1.0760917952261373,0.8252409285614324,0.973797815875429,-0.23730388635236332,-0.26147540029857697,-0.293504699273846,0.2336615097730588,0,0,0,0,0,0,1,0,0,2021
-1.452182016694819,-0.23390116331760052,-0.4350372246473083,0.49445889632203416,-0.8446126158481391,-0.3769909417660774,-0.14426184537188513,0.41349927197245717,-0.17422203625582847,-0.09453540029984286,1.2394480040133604,0.45886479857190926,0.8604000905939921,-0.4203875581190628,-0.18258455017716657,0.3420257513176083,-0.06241326998481709,0.31860237445840334,-0.025961437832407414,-0.19031735224256446,-0.3627610151025087,-0.5489124233192271,-0.28772196376865533,-0.2775394951960866,-0.1083267359197337,1.0760917952261373,0.8252409285614324,0.973797815875429,-0.23730388635236332,-0.26147540029857697,-0.3443630817439687,0.2336615097730588,0,0,0,0,0,0,1,0,0,2022
0.44464107319046503,-0.21919613641513339,-0.722106747829726,-0.6830750762722613,-0.8969618140508451,0.8276663138961027,-0.15617189078436447,-1.6285521800227767,-0.05330648631015716,0.5309848497960353,-0.34137211542100554,-0.36436231543439596,-0.1309150434612084,-0.34234077170882976,-0.09641433528106097,0.3853103576528105,-1.1414699531051533,1.1974746236659486,-0.25876832140248984,-0.09991028103410034,0.4070629961715944,0.3539345042033832,0.2045845309391036,0.33635247217748454,0.34448180181965316,0.6023189396503404,0.7226757851826258,0.5675942432309544,0.44514463378321056,-0.520294469233696,-0.033724472268183335,0.2336615097730588,0,0,0,0,0,0,1,0,0,2021
0.44464107319046503,-0.22654864986636697,-0.8323102715833466,-0.8793307383713105,-0.7530015189934041,0.7967366244244004,-0.1416989242071744,-1.3372545328116792,-0.0587613231498115,0.43221849451773864,-0.39697659405936697,-0.230572144748995,0.26703359230188756,-0.3626291879473966,-0.09445444787703472,0.3420257513176083,-0.06241326998481709,1.3874287052305259,-0.33123964939729955,-0.09915531593006306,0.35119265908858815,0.22001469117519898,0.2089589152579044,0.2790513751005422,0.1557045319675794,0.6023189396503404,0.7226757851826258,0.5675942432309544,0.44514463378321056,-0.520294469233696,-0.11202442801355209,0.2336615097730588,0,0,0,0,0,0,1,0,0,2022
0.44464107319046503,-0.23022490659198375,-0.8879484792206752,-0.8793307383713105,-0.6090412239359636,0.7967366244244004,-0.14742780681064546,-1.4289584094939936,-0.07239841524894736,0.07007519183065121,-0.35640772185548225,-0.23586020041517652,0.3658656147303517,-0.24092988671965876,-0.07576569966688623,0.321049697230332,-1.1414699531051533,1.3874287052305259,-0.33123964939729955,-0.09915531593006306,0.2619875683997426,0.3766880774375586,0.2073127086002826,0.2909645128643824,0.2673249575739257,0.6023189396503404,0.7226757851826258,0.5675942432309544,0.44514463378321056,-0.520294469233696,-0.10946321450786245,0.2336615097730588,0,0,0,0,0,0,1,0,0,2023
-0.048061362355669116,-0.27801624402500197,-1.5197119064035973,-1.9587368799160814,1.301704510462796,-0.0785027127708273,-0.25424131535167854,1.0940203418078824,-0.2747728620001236,2.2429350079531734,-0.014730859116148689,-1.4793883436916295,-1.0768572944924322,0.25100681302904454,-0.28231189969883286,0.7618300602500535,1.4107383358347967,-0.9881286681308309,-0.15974219708629298,-0.2809131647270379,-0.6165934052264421,1.229995077038276,0.9158594211749729,-0.7135183160154801,1.0665907287348086,0.8615531436446432,0.5239558198861904,0.8423790129610397,1.127593153918784,1.0326199443770172,-0.25362294611382175,-4.279695021106552,1,0,0,1,0,0,1,0,1,2021
-0.048061362355669116,-0.27801624402500197,-1.5197119064035973,-1.8606090488665568,1.1970061140573844,-0.0785027127708273,-0.25461821552295955,0.5603090654685828,-0.2742273783161581,2.670922547492458,-0.014730859116148689,-1.4793883436916295,-0.7787888995774962,0.5263161476226654,-0.2823991720387068,0.3420257513176083,-0.06241326998481709,-0.6848115470115097,-0.46624914701047426,-0.2809131647270379,1.1357675530990072,1.229995077038276,0.9158594211749729,1.0837181180097615,1.0665907287348086,0.8615531436446432,0.5239558198861904,0.8423790129610397,1.127593153918784,1.0326199443770172,-0.2664290136422699,-4.279695021106552,1,0,0,1,0,0,1,0,1,2022
-0.048061362355669116,-0.27801624402500197,-1.5197119064035973,-1.4680977246684581,1.4980140037229426,-0.0785027127708273,-0.2552212557970091,0.2221395029992412,-0.27531834568408897,1.4857262841529004,-0.014730859116148689,-1.4793883436916295,-0.7668092604952581,0.3895617953663758,-0.2823542891210573,0.8547898012367992,1.4107383358347967,-0.6848115470115097,-0.46624914701047426,-0.2809131647270379,1.1357675530990072,1.229995077038276,0.9158594211749729,1.0837181180097615,1.0665907287348086,0.8615531436446432,0.5239558198861904,0.8423790129610397,1.127593153918784,1.0326199443770172,-0.25984303605621084,-4.279695021106552,1,0,0,1,0,0,1,0,1,2023
-0.29502115000454937,-0.2743399872993852,-0.7329602183991568,-1.9587368799160814,-1.17179510461505,-0.0785027127708273,-0.24572337148072812,-0.635201305909859,-0.27368189463219267,-2.1686288611440676,-0.014730859116148689,-1.014512579852674,0.5357518714653403,-0.5629220336631506,-0.27384398923563547,0.18774771668395654,-1.4178721967171182,-0.266976979462223,1.3225448925431127,-0.27185358347859057,0.832890350425474,0.8804360929145281,0.5611000932054795,0.773084660277005,0.7895422895384921,-0.27371388764075727,-0.32861693445013107,-0.12534126304491375,-0.8770993739794638,0.42870878352840713,0.9889314917893197,0.2336615097730588,1,0,1,0,0,0,1,0,1,2020
0.18507707623344488,-0.2743399872993852,-0.7423089558134319,-2.547503866213229,-1.263406201469785,-0.0785027127708273,-0.24172822966514962,0.40897595400142395,-0.2738637225268478,-2.2015509795701664,-0.014730859116148689,-1.0116833541833306,0.9520443295731134,-1.2603379358193552,-0.27391630060295963,0.3420257513176083,-0.06241326998481709,-0.266976979462223,1.3225448925431127,-0.26958868816647874,0.4348231697688215,-0.1183038617247468,0.3685164580220461,0.6044550689363708,0.21169840207187846,-0.27371388764075727,-0.32861693445013107,-0.12534126304491375,-0.8770993739794638,0.42870878352840713,0.9783207501228912,0.2336615097730588,1,0,1,0,0,0,1,0,1,2022
0.6651753024714391,-0.27066373057376836,0.04553576140482819,-2.35124820411418,-0.6090412239359636,-0.0785027127708273,-0.23675314740424053,1.7296165675331436,-0.2722272714749515,-1.5101864926220916,-0.014730859116148689,-1.0031887684714216,0.6531523344712734,-0.42241445807091466,-0.274128247714082,0.00018656692997703325,-1.4178721967171182,-0.266976979462223,1.3225448925431127,-0.26958868816647874,-2.209648821885943,-0.37877070216761527,-0.390299922712712,-1.4895976852536543,-0.46347224228121986,-0.27371388764075727,-0.32861693445013107,-0.12534126304491375,-0.8770993739794638,0.42870878352840713,0.9472203004109456,0.2336615097730588,1,0,1,0,0,0,1,0,1,2023
0.19775891616120309,-0.2743399872993852,-0.47335888109265223,-1.4680977246684581,0.1107602513512403,-0.0785027127708273,-0.24858781278246367,0.06516851998553669,-0.2742273783161581,-1.6747970847525855,-0.014730859116148689,-0.8424595556072985,-0.42786034721218463,-0.706405138230828,-0.27707306581097135,0.3420257513176083,-1.0361674504123553,-0.5678222379602981,0.3284415780217625,-0.27619463282680495,1.1357675530990072,1.229995077038276,0.9158594211749729,1.0837181180097615,1.0665907287348086,0.34308473565603526,0.3636977833568067,0.26891514569825237,0.06126734120695,0.1698897145932881,0.5151069932367378,0.2336615097730588,1,0,0,0,0,0,1,0,1,2020
0.19775891616120309,-0.2743399872993852,-0.4539211595942173,-1.5662255557179827,-0.4258190302264932,-0.0785027127708273,-0.24986927336481904,-0.2184445920874559,-0.27240909936960667,-0.5883671766913251,-0.014730859116148689,-0.8360239865128813,-0.049902734167573445,-0.5444310139076225,-0.2771603381508453,0.2575684120315596,-1.0361674504123553,-0.5678222379602981,0.3284415780217625,-0.2729860311346465,0.20999195247424135,0.16153176707511732,-0.1684992794110304,0.13423471890208644,0.21976342402153579,0.34308473565603526,0.3636977833568067,0.26891514569825237,0.06126734120695,0.1698897145932881,0.5023009257082897,0.2336615097730588,1,0,0,0,0,0,1,0,1,2021
0.19775891616120309,-0.2743399872993852,-0.4431523419185213,-1.3699698936189335,-0.6352158230373164,-0.0785027127708273,-0.24851243274820747,0.32918703744255823,-0.27331823884288237,-0.8517441241001152,-0.014730859116148689,-1.4793883436916295,-0.027965020098224977,-1.02090250769684,-0.27703815687502176,0.3420257513176083,-0.06241326998481709,-0.8546447650846712,0.4464040798562797,-0.27694959793084223,1.1357675530990072,1.229995077038276,0.9158594211749729,1.0837181180097615,1.0665907287348086,0.34308473565603526,0.3636977833568067,0.26891514569825237,0.06126734120695,0.1698897145932881,0.520229420248117,-4.279695021106552,1,0,0,0,0,0,1,0,1,2022
-0.12508655746646835,-0.27066373057376836,-0.25536127123484387,0.10194757212393568,1.9037202897939123,-0.0785027127708273,-0.24308507028176118,-0.3167061792014183,-0.26749974621391776,-0.7529777688218191,-1.058625148357208,-0.3224679351094001,-1.2668843194344337,1.499794353435595,-0.27138789624204024,0.5114975050683284,1.4107383358347967,-0.6329257268963083,0.6508917790945534,-0.2682674992344135,1.1357675530990072,1.229995077038276,0.9158594211749729,1.0837181180097615,1.0665907287348086,-0.4793134287396877,-0.3734891846783571,-0.40012603277499903,1.127593153918784,0.9463469213986443,-0.060434270256089495,0.2336615097730588,0,0,0,1,0,0,1,0,1,2020
0.2421069312815216,-0.27066373057376836,-0.2291073136496834,0.39633106527250955,1.445664805520237,-0.0785027127708273,-0.24542185134370334,-0.7408144200253239,-0.26331770463684945,0.5968290866482326,-1.1875007545106078,-0.31399830987602306,-1.1950064849410051,1.5040577719409465,-0.27149262304988897,0.4467300688106217,1.4107383358347967,-0.6329257268963083,0.6508917790945534,-0.270343653270516,0.8365839748483177,1.229995077038276,0.9158594211749729,0.7768728731761804,0.7929209290408823,-0.4793134287396877,-0.3734891846783571,-0.40012603277499903,1.127593153918784,0.9463469213986443,-0.06555669726746875,0.2336615097730588,0,0,0,1,0,0,1,0,1,2021
0.6093004200295116,-0.27066373057376836,-0.21965863361196805,0.6907145584210834,1.0137839203479146,-0.0785027127708273,-0.24353735048729838,-0.18112707735515846,-0.2634995325315046,0.5309848497960353,-2.5926421145910385,-0.27841068474730507,-0.9005319817507406,1.506586398437232,-0.27191651727213384,0.3420257513176083,-0.06241326998481709,0.43094132256659545,0.5300779105774334,-0.26958868816647874,-0.22717985893189904,-0.34302035151859755,-0.28145331072206525,-0.31413244178764993,-0.18012724764862162,-0.4793134287396877,-0.3734891846783571,-0.40012603277499903,1.127593153918784,0.9463469213986443,-0.08604640531298581,0.2336615097730588,0,0,0,1,0,0,1,0,1,2022
0.9764939087775015,-0.27066373057376836,-0.17995903689195233,0.8869702205201326,1.8513710915912067,-0.0785027127708273,-0.243386590418786,0.055343353038176994,-0.26459049989943545,0.2676079023872446,-1.3791034670421756,-0.1699792459435549,-0.9062223103148037,1.4755880712116791,-0.2730660186630449,0.14158166760819357,1.4107383358347967,0.43094132256659545,0.5300779105774334,-0.26958868816647874,0.7400731431545539,0.7733131784249939,0.45238352495676526,0.6778905361330969,0.7046403484944609,-0.4793134287396877,-0.3734891846783571,-0.40012603277499903,1.127593153918784,0.9463469213986443,-0.14239310243815773,0.2336615097730588,0,0,0,1,0,0,1,0,1,2023
0.21960080342156887,-0.2743399872993852,0.19802284619868118,-2.35124820411418,1.3278791095641493,-0.0785027127708273,-0.2527337146665546,0.1361827230423196,-0.2767729688413301,-1.4443422557698942,-0.014730859116148689,0.5429475134289008,-0.9484505380796929,1.0867340677962927,-0.2803021423863072,0.5209752995788794,1.4107383358347967,-2.1658103652822276,-0.2016330044090072,-0.27732708048286087,1.1357675530990072,1.229995077038276,0.9158594211749729,1.0837181180097615,1.0665907287348086,-0.27371388764075727,-0.32861693445013107,-0.12534126304491375,1.3835113489696245,1.0326199443770172,-0.36192568864012614,0.2336615097730588,1,0,0,1,0,0,1,0,1,2020
-0.11762969291576011,-0.2743399872993852,0.19802284619868118,-2.1549925420151306,0.8959982243918264,-0.0785027127708273,-0.25213067439250497,0.9147743879918613,-0.2735000667375375,1.3211156920224063,-0.014730859116148689,0.5947057400024301,-0.5505019023165969,1.2900040938428023,-0.28043928463468054,0.3420257513176083,-0.06241326998481709,-2.1658103652822276,-0.2016330044090072,-0.27694959793084223,1.1357675530990072,1.229995077038276,0.9158594211749729,1.0837181180097615,1.0665907287348086,-0.27371388764075727,-0.32861693445013107,-0.12534126304491375,1.3835113489696245,1.0326199443770172,-0.3718046550192147,0.2336615097730588,1,0,0,1,0,0,1,0,1,2022
-0.45486018925308913,-0.2743399872993852,0.2156078999611027,-1.9587368799160814,0.9614347221452085,-0.0785027127708273,-0.2502461735361,2.2856774300522846,-0.27331823884288237,1.5844926394311971,-0.014730859116148689,0.5530914964766752,-0.4952458170497738,1.51962806918078,-0.28032957083598187,0.010408244160062393,1.4107383358347967,-2.1658103652822276,-0.2016330044090072,-0.27694959793084223,0.47271205535424365,0.46474432801060966,0.13922413562013405,0.40368271054075217,0.46007928076449267,-0.27371388764075727,-0.32861693445013107,-0.12534126304491375,1.3835113489696245,1.0326199443770172,-0.3637551268584759,0.2336615097730588,1,0,0,1,0,0,1,0,1,2023
-1.112260572677396,-0.259634960396918,1.0671376976845854,-1.0755864004703597,-0.5828666248346104,-0.0785027127708273,-0.21873731921700912,2.328016005339701,-0.2647723277940906,-0.8517441241001152,-0.014730859116148689,1.9254388865665562,-0.31779741314412235,0.3821034905143557,-0.2678446392431582,-0.42099193287803627,-1.011029186200482,-0.020551499866519336,2.1811222849745366,-0.24788344142540697,-1.2231798908006342,-1.4925316262332313,-0.7419582076055491,-1.0130577216863557,-1.2350424584345994,0.3967193985514088,0.4278009979685602,0.29280947350086917,-0.5358751139116766,0.34243576055003416,-0.5254774653605927,0.2336615097730588,1,0,1,0,0,0,1,0,1,2020
-1.112260572677396,-0.2633112171225348,0.5520673522146444,-0.9774585694208351,-0.6744777216893457,-0.0785027127708273,-0.22265708099833142,1.7546085690904536,-0.26404501621547,-0.6542114135435224,-0.014730859116148689,2.1906225762754348,0.07199009349419894,0.23692631146070284,-0.26762770514118583,-0.5945611705122796,-1.011029186200482,-0.020551499866519336,2.1811222849745366,-0.24939337163348155,0.014256539770722046,-0.06437190417423318,0.42325075433732856,0.6523813738437009,0.16895378573873843,0.3967193985514088,0.4278009979685602,0.29280947350086917,-0.5358751139116766,0.34243576055003416,-0.5430400722567501,0.2336615097730588,1,0,1,0,0,0,1,0,1,2021
-0.048061362355669116,6.570850035799069,1.116395612991911,1.279481544718231,-0.32112063382108164,0.29731294819052695,7.998364835016917,0.5081908187825812,6.352672070285251,-0.3249902292825343,0.6117842438330398,1.2980427726673756,0.8189954630160068,0.9133936478845511,6.286776862429798,0.3420257513176083,-0.06241326998481709,1.1060235462647097,0.5210494094231406,6.743470904511812,-0.903737868701322,-0.6997235433851886,-0.47155810150085303,-0.9203969537103974,-0.9199299635906074,-1.0603556101062304,-0.7645187938100547,-1.1408501946560992,0.3171855362577904,-0.43402144625532296,-0.4716919817411104,0.2336615097730588,0,0,0,0,0,0,1,0,0,2022
0.9513559098893535,-0.2669874738481516,-0.6465669059194855,-1.4680977246684581,0.9614347221452085,-0.0785027127708273,-0.22650146274539756,-0.39407925701179247,-0.25222620306288557,-0.9505104793784119,-0.8782128593440778,-0.24313350557033106,-0.8314993115393438,0.5619184953723843,-0.25433238753524695,-1.3581875686218308,-1.2405836751211852,0.2912126467581411,0.49177311513884175,-0.24788344142540697,-1.6769392080348358,-1.4751906918174889,-0.9144275575211473,-1.801018069088079,-1.5062540123367272,0.34308473565603526,0.3636977833568067,0.26891514569825237,1.1702461864272575,1.0326199443770172,-0.10543845042749303,0.2336615097730588,0,0,0,1,0,0,1,1,0,2020
1.4319148206711567,-0.259634960396918,-0.0547518132544698,-0.6830750762722613,0.24163324685800466,-0.0785027127708273,-0.22514462212878597,-0.15216982080505315,-0.2380436272797843,1.1565050998919122,-1.3778558797106017,-0.27696052551686645,-0.5689205974055379,0.42931596757027723,-0.2534471966593827,0.3420257513176083,-0.06241326998481709,0.2912126467581411,0.49177311513884175,-0.2539231622577052,-1.238398906567735,-0.23138699852423558,0.17429798722583628,-0.8642542749982454,-0.9603314006111522,0.34308473565603526,0.3636977833568067,0.26891514569825237,1.1702461864272575,1.0326199443770172,-0.08714406824399565,0.2336615097730588,0,0,0,1,0,0,1,1,0,2022
1.91247373145296,-0.259634960396918,-0.08252877708638504,-0.5849472452227367,0.6866014315810037,-0.0785027127708273,-0.22687836291667854,-0.3247373113531832,-0.23877093885840486,1.0248166261875176,-1.4930721480190825,-0.40215604571481406,-0.8389117132214785,0.86555483305136,-0.2548460475927907,-1.6529690369249082,-1.2405836751211852,0.2912126467581411,0.49177311513884175,-0.2539231622577052,-2.8660780396725887,-2.3845935673051755,-1.7335134323844446,-2.4852620346644785,-2.1165189982016073,0.34308473565603526,0.3636977833568067,0.26891514569825237,1.1702461864272575,1.0326199443770172,-0.008112337211287013,0.2336615097730588,0,0,0,1,0,0,1,1,0,2023
-0.26746956360418456,-0.27066373057376836,-1.1237463178174913,-0.2905637520741628,0.35941894281409287,-0.0785027127708273,-0.19838470996783555,-0.20404495545761644,-0.2511352356949547,-2.0698625058657716,-1.0966964706901747,0.8965329722265059,-0.7937634484302938,1.3312514075696567,-0.23901983213050756,0.3376024472399562,-1.1957086844926719,0.4777873967854193,1.902696139467506,-0.22202588661213019,0.561415131975616,0.661815591138135,0.6275433118218352,0.8312635018590558,0.6162711921147072,0.3967193985514088,0.4278009979685602,0.29280947350086917,0.7010628288340505,0.1698897145932881,-0.42193126220199756,0.2336615097730588,0,0,0,1,0,0,1,1,0,2020
-0.4894385450835248,-0.27066373057376836,-1.1221423878793686,0.10194757212393568,0.2939824450607107,-0.0785027127708273,-0.1876807451034554,0.49146938598005246,-0.23713448780650856,-0.7200556503957198,-1.3932294484060261,0.9239484921114944,-0.6479113426040453,1.4420616784661315,-0.23955344015145108,0.3676174458122188,-1.1957086844926719,0.4777873967854193,1.902696139467506,-0.224290781924242,0.43482316976882696,0.960335289285667,0.09484497644556993,0.36482354439966425,0.42542148373761596,0.3967193985514088,0.4278009979685602,0.29280947350086917,0.7010628288340505,0.1698897145932881,-0.42595602628236695,0.2336615097730588,0,0,0,1,0,0,1,1,0,2021
-0.7114075265628651,-0.27066373057376836,-1.117554723127268,-0.09430808997511356,0.006061854945829204,-0.0785027127708273,-0.19604792890589343,0.10102738805596094,-0.23786179938512916,-0.7529777688218191,-1.3932294484060261,1.0812561136639651,-0.25602739912633227,1.4274723834052359,-0.24022419042076795,0.3420257513176083,-0.06241326998481709,0.46843813081832447,1.9355798191244915,-0.22391329937222337,0.3544601194507312,0.5086122053434171,0.36677332756614317,0.5227971927407369,0.42337954346692463,0.3967193985514088,0.4278009979685602,0.29280947350086917,0.7010628288340505,0.1698897145932881,-0.44681162197155394,0.2336615097730588,1,0,0,1,0,0,1,1,0,2022
-0.9333765080422054,-0.27066373057376836,-1.111636106050322,-0.3886915831236874,0.20237134820597572,-0.0785027127708273,-0.18549472411002565,0.8245784237934948,-0.24477125938202465,-1.378498018917696,-1.3932294484060261,0.83081247797402,-0.28934577032380693,1.1779831928230957,-0.24009452865866954,0.25238477694968425,-1.1957086844926719,0.46843813081832447,1.9355798191244915,-0.22391329937222337,0.7309316881393356,0.9496556937311071,0.7261861171120755,1.0837181180097615,0.9184658206496493,0.3967193985514088,0.4278009979685602,0.29280947350086917,0.7010628288340505,0.1698897145932881,-0.412052295822909,0.2336615097730588,1,0,0,1,0,0,1,1,0,2023
-1.4883504086778903,-0.2743399872993852,-0.8201802950436311,0.5925867273715588,-0.13789844011161176,-0.0785027127708273,-0.24617565168626532,-0.27984030556381156,-0.26386318832081485,1.0248166261875176,1.291566169055971,-0.22946452351412788,-0.32760574264270476,-0.026788851132338934,-0.27246009927477727,0.3420257513176083,-0.06241326998481709,-0.5616387609229009,-0.13138432713535342,-0.26770127540638555,1.1357675530990072,0.8136086400673375,0.9158594211749729,1.0837181180097615,1.0665907287348086,0.772162038819021,0.77395835687203,0.7945903573558077,-0.4505690488947303,-0.26147540029857697,-0.11275620330089198,0.2336615097730588,0,0,1,0,0,0,1,0,1,2022
-1.4883504086778903,-0.2743399872993852,-0.8225345404980297,0.20007540317346031,0.09767295180056415,-0.0785027127708273,-0.24564799144647192,-0.060234611316896225,-0.265317811478056,0.498062731369936,1.4631496940010542,-0.23943244604368413,-0.33711458116423126,0.3579115314825298,-0.27235287897150356,0.6118603111418284,1.4107383358347967,-0.5616387609229009,-0.13138432713535342,-0.26770127540638555,0.4034376003659812,0.8073939171274731,0.9158594211749729,0.33263423513353857,0.7316515709004534,0.772162038819021,0.77395835687203,0.7945903573558077,-0.4505690488947303,-0.26147540029857697,-0.1076337762895127,0.2336615097730588,0,0,1,0,0,0,1,0,1,2023
-0.048061362355669116,1.4277668766611864,0.494514945002244,1.4757372068172803,-2.0224695754090183,-1.1640972922623503,1.0689044259473712,-1.6056705993227245,1.4020439825096218,-1.1480431899350048,-0.20084716544533437,0.03280191026629863,2.701296253812664,-1.9920707650439498,1.9264487891982214,0.6045297447833758,-1.537959574479914,1.8548683948666376,0.18770934670678868,1.7520191191693444,-0.34772145244921093,-0.39451175050123444,-0.47969899695808954,-0.41380063430266495,-0.4025805563736246,-2.2135008623567556,-2.5914604102450283,-2.1802534540699026,-1.943425186691298,-2.159481905822781,-0.2258154851949057,0.2336615097730588,0,1,0,0,0,0,0,0,0,2021
-0.048061362355669116,1.4829107275454383,0.49367177234702536,1.5738650378668049,-1.9570330776556362,-1.0848091410782759,1.4436185762349332,-1.0543391863917464,1.424772469341515,-1.213887426787202,-0.11135442617682227,0.1496659793084581,2.6990500714847445,-2.031044479109714,2.006532381761976,0.3420257513176083,-0.06241326998481709,2.026120376466216,0.0771752874330274,1.8886678030000918,-1.077080312868464,-1.2747413103414316,-1.0491214217951084,-1.1612180464060025,-1.1377982689083093,-2.2135008623567556,-2.5914604102450283,-2.1802534540699026,-1.943425186691298,-2.159481905822781,-0.26459957542392015,0.2336615097730588,0,1,0,0,0,0,0,0,0,2022
6.098044025017838,-0.2743399872993852,0.16847376540188366,-1.1737142315198843,0.6473395329289743,-0.0785027127708273,-0.2524321945295298,1.3492305268115168,-0.27495468989477867,0.13591942868284917,-0.014730859116148689,-0.48845266587304675,-1.1384026902774302,0.30704683301316804,-0.28018993509218354,-1.5322204730039883,1.4107383358347967,0.8660349190933098,-1.7051724309245322,-0.2807244234510286,0.1921885755391501,1.229995077038276,0.9158594211749729,0.1159754227654008,-0.6596341616422442,-0.4793134287396877,-0.3734891846783571,-0.40012603277499903,0.8716749588679441,0.42870878352840713,0.05774743864930352,0.2336615097730588,1,0,0,1,0,0,1,0,1,2020
4.318342502954234,-0.2743399872993852,0.16694665703252476,-0.6830750762722613,0.6735141320303271,-0.0785027127708273,-0.25341213497486037,0.6981257468814009,-0.2738637225268478,1.0248166261875176,-0.014730859116148689,-0.43797990394392644,-0.9581839948340113,0.5769249372341944,-0.2804617260935053,0.3420257513176083,-0.06241326998481709,0.8660349190933098,-1.7051724309245322,-0.2795919757949727,-2.13530623577516,-0.6576234372299647,0.9158594211749729,1.0837181180097615,-0.4294708429253017,-0.4793134287396877,-0.3734891846783571,-0.40012603277499903,0.8716749588679441,0.42870878352840713,0.017865685489279252,0.2336615097730588,1,0,0,1,0,0,1,0,1,2022
2.5386409808906296,-0.2743399872993852,0.2229059489936672,-0.2905637520741628,0.6342522333782977,-0.0785027127708273,-0.25371365511188515,0.8559647774707461,-0.2747728620001236,0.39929637609163937,-0.014730859116148689,-0.1985757084690988,-0.9090674745968352,-0.23204889659523442,-0.2814591242634932,-1.7260882554328272,1.4107383358347967,0.8660349190933098,-1.7051724309245322,-0.2795919757949727,-2.209648821885943,-1.34403016969115,0.9158594211749729,-2.347369619674792,-1.993535213297246,-0.4793134287396877,-0.3734891846783571,-0.40012603277499903,0.8716749588679441,0.42870878352840713,-0.12848937197869972,0.2336615097730588,1,0,0,1,0,0,1,0,1,2023
0.19775891616120309,-0.2633112171225348,-0.08788130124399361,-0.486819414173212,1.733585395635118,-0.0785027127708273,-0.2376577078153149,-1.3428117062132467,-0.26059028621702224,-1.5101864926220916,-0.014730859116148689,0.03402831663560912,-1.3218409137242009,1.1795208880565105,-0.2600948554623521,0.5953195524868302,-0.506327057855829,-1.6888256477926997,1.330209747278932,-0.2537344209816959,1.1357675530990072,1.229995077038276,0.9158594211749729,1.0837181180097615,1.0665907287348086,-1.1318684939667287,-0.5914401143583198,-1.1289030307547925,1.3835113489696245,0.9463469213986443,-0.22618137283857567,0.2336615097730588,1,0,0,1,0,0,1,1,0,2020
0.19775891616120309,-0.2633112171225348,-0.07260201330519746,0.2982032342229849,1.6027124001283537,-0.0785027127708273,-0.23615010713019094,-1.0960581441664858,-0.24549857096064523,1.090660863039715,-0.014730859116148689,0.061534095393861274,-1.0868902422238067,1.2183440209099767,-0.2605536586205466,0.7572202990136488,-0.506327057855829,-1.6888256477926997,1.330209747278932,-0.25826421160591956,0.7640546225451215,0.8009908692500352,0.698166197193692,0.5118701617290002,0.5565697383961308,-1.1318684939667287,-0.5914401143583198,-1.1289030307547925,1.3835113489696245,0.9463469213986443,-0.23606033921766426,0.2336615097730588,1,0,0,1,0,0,1,1,0,2021
0.19775891616120309,-0.2633112171225348,-0.04630106777021077,0.10194757212393568,1.5503632019256481,-0.0785027127708273,-0.23426560627378598,-0.7709045489671513,-0.2429529804354732,1.6832589947094938,-0.014730859116148689,0.3169756211870512,-0.9017299456589644,1.0125448984013081,-0.26104986421011556,0.3420257513176083,-0.06241326998481709,-1.0281398041008567,1.1957931626589111,-0.26109533074605934,1.1357675530990072,1.229995077038276,0.9158594211749729,1.0837181180097615,1.0665907287348086,-1.1318684939667287,-0.5914401143583198,-1.1289030307547925,1.3835113489696245,0.9463469213986443,-0.31106730617000344,0.2336615097730588,1,0,0,1,0,0,1,1,0,2022
0.9305727421904638,-0.2743399872993852,-0.393404782340385,-1.6643533867675075,0.6866014315810037,-0.0785027127708273,-0.2509245938444058,0.2044758828020908,-0.2705908204230552,0.6297512050743308,-0.33774707022500516,1.2064979890363297,-1.0397204133374942,-0.404279330011834,-0.2775218949874659,0.6241862399950694,1.4107383358347967,-1.25795049088273,-1.0992025177791225,-0.2765721153788236,1.1357675530990072,1.229995077038276,0.9158594211749729,1.0837181180097615,1.0665907287348086,0.3967193985514088,0.4278009979685602,0.29280947350086917,-0.9624054389964104,-0.520294469233696,-0.46144712771835183,0.2336615097730588,0,0,1,0,0,0,1,0,1,2020
1.4463611558893945,-0.2743399872993852,-0.393404782340385,-1.9587368799160814,0.25472054640868125,-0.0785027127708273,-0.251753774221224,-0.0779580438213435,-0.27168178779098606,0.13591942868284917,0.19803557052310106,1.9199620672814741,-1.028639247186424,-0.1801092475865228,-0.27762412829988964,0.601696551219096,1.4107383358347967,-1.25795049088273,-1.0992025177791225,-0.2765721153788236,-0.15544578461448091,-0.26023006580507557,-0.5965356085897145,-0.24056135969304726,-0.11451051204949189,0.3967193985514088,0.4278009979685602,0.29280947350086917,-0.9624054389964104,-0.520294469233696,-0.5251115777169227,0.2336615097730588,0,0,1,0,0,0,1,0,1,2021
1.962149569588325,-0.2743399872993852,-0.393404782340385,-1.8606090488665568,0.2939824450607107,-0.0785027127708273,-0.25054769367312485,0.6665125775861698,-0.27168178779098606,0.20176366553504657,0.5617589568095605,1.2154291602611373,0.20174455930369006,-0.4688338480017542,-0.27754932343714056,0.3420257513176083,-0.06241326998481709,-0.835008287607907,-0.9553095300881416,-0.2795919757949727,-0.952151886607907,-1.179730685857353,-1.529715520572178,-1.0576699735947774,-0.8432751074270364,0.3967193985514088,0.4278009979685602,0.29280947350086917,-0.9624054389964104,-0.520294469233696,-0.4625447906493617,0.2336615097730588,0,0,1,0,0,0,1,0,1,2022
2.477937983287256,-0.2743399872993852,-0.393404782340385,-1.6643533867675075,0.28089514551003403,-0.0785027127708273,-0.250999973878662,0.39554762405730065,-0.2735000667375375,-0.8188220056740165,0.5297704660397414,1.2484135411957946,-0.7845541008858232,-0.4942868300841145,-0.27764906325413935,0.6553824140967586,1.4107383358347967,-0.835008287607907,-0.9553095300881416,-0.2795919757949727,-0.06096675990373754,-0.15118920169458605,-0.4858725576313224,-0.14366286132454872,-0.02808847004088423,0.3967193985514088,0.4278009979685602,0.29280947350086917,-0.9624054389964104,-0.520294469233696,-0.46620366708606115,0.2336615097730588,0,0,1,0,0,0,1,0,1,2023
0.4534535943953669,-0.25228244694568447,-0.1903221173500995,-0.3886915831236874,1.7728472942871478,-0.0785027127708273,-0.23863764826064549,-1.2794708544426132,-0.2594993188490914,-1.5101864926220916,-0.014730859116148689,-0.28676575921313224,-1.4731587298817204,0.9418737372603548,-0.25784073559817944,-0.21836395758006158,0.36684488613506866,-0.001950738647795475,-0.08181723863098643,-0.261472813298078,0.9814716196615463,1.051917858711083,0.9158594211749729,0.9254708848251489,0.9254528446159298,-0.4524960972920015,0.3252358545897553,-0.6868579664063927,1.3835113489696245,1.0326199443770172,-0.0812898659452765,0.2336615097730588,1,0,0,1,0,0,1,1,0,2020
0.6068019062346207,-0.25228244694568447,-0.1903221173500995,-0.09430808997511356,2.715132861935851,-0.0785027127708273,-0.233134905759943,-0.5709936096541174,-0.24477125938202465,0.9589723893353189,-0.014730859116148689,-0.33721222349522756,-1.2661355919917938,1.690884457441107,-0.26147126493693545,-0.1567812959363097,0.36684488613506866,-0.001950738647795475,-0.08181723863098643,-0.261472813298078,0.6451064847678808,0.8524713741846304,0.7242893840714412,0.7482339836583862,0.7673784144027885,-0.4524960972920015,0.3252358545897553,-0.6868579664063927,1.3835113489696245,1.0326199443770172,-0.05128707916434081,0.2336615097730588,1,0,0,1,0,0,1,1,0,2023
0.06092292892870441,-0.25595870367130125,-0.29849061537195176,0.20007540317346031,0.21545864775665188,-0.0785027127708273,-0.21753123866890994,-0.09092304855488834,-0.21986083781426982,1.123582981465813,0.06771417656451138,-0.5083147438036398,-0.5870398015174231,0.10854817629974821,-0.24001723030049546,0.3173612691521853,0.15470683951987219,-0.8603668121520538,-0.6339823351963976,-0.24297616824916468,-0.21355038481159058,-0.04414742009279214,0.1974717820367449,-0.17434738580790934,-0.2798646857592966,0.7274664864062099,0.5431867842697162,0.7229073739479589,0.5731037313086308,0.8600738984202713,0.0745782702581211,0.2336615097730588,0,0,0,1,0,0,1,1,0,2021
0.06092292892870441,-0.259634960396918,-0.5041337507075406,-0.09430808997511356,0.08458565224988754,-0.0785027127708273,-0.21315919668205044,0.3689888495785559,-0.2218609446554764,0.9260502709092209,0.37131852666693216,-0.26739464498081117,-0.3380130540953991,0.07843107175114646,-0.23994741242859632,0.3420257513176083,-0.06241326998481709,-0.25916058370949496,-0.6594890394521008,-0.24448609845723923,-0.7978721250532085,-0.4437553297020462,-0.21657429569316097,-1.0233866667094884,-0.8126984376362728,0.7274664864062099,0.5431867842697162,0.7229073739479589,0.5731037313086308,0.8600738984202713,-0.09226649525537492,0.2336615097730588,0,0,0,1,0,0,1,1,0,2022
0.06092292892870441,-0.2669874738481516,-0.9112929131189642,0.10194757212393568,0.3855935419154456,-0.0785027127708273,-0.22152638048448847,-0.3622516153832375,-0.22149728886616613,0.9589723893353189,-0.2330531066264089,-0.10708909166748937,-0.5469828833361895,-0.06743605597911649,-0.24125400403128047,0.30576686367628203,0.15470683951987219,-0.25916058370949496,-0.6594890394521008,-0.24448609845723923,-2.857985328665971,-1.140502592042775,-1.356250321215699,-3.012309103722185,-2.899712042643173,0.7274664864062099,0.5431867842697162,0.7229073739479589,0.5731037313086308,0.8600738984202713,-0.17093233864441362,0.2336615097730588,0,0,0,1,0,0,1,1,0,2023
0.7177905961722919,0.06387563145735908,0.6880825501526783,0.10194757212393568,-0.6090412239359636,-0.12342107895036845,0.1984157903567926,-0.3909847972960967,-0.002576503701371751,-1.7077192031786843,0.1693875715190409,0.29389163577306354,0.41924988139057506,-0.843463774911008,0.11845764597485973,0.014367618444278182,-1.4572079917265086,0.8098901717350273,1.755193266623467,0.23472800133042349,0.3807767310135739,0.10010506342488522,0.4494054924819047,0.4880834526919627,0.13313330576797763,-0.7474867432165541,-0.6811846148147737,-0.818276769320782,0.487797666291684,-0.002656331363457912,-0.3052131038712843,0.2336615097730588,0,0,0,0,0,0,1,0,0,2020
0.7225176229530197,0.06755188818297586,0.6424911866127603,0.2982032342229849,-0.7268269198920513,-0.3557090647667585,0.2519356146786934,-0.12317094199475777,0.056699389956205465,-1.0821989530828073,-0.3099969739935354,0.4110516647749623,0.8035716776976253,-0.4875884508086129,0.12867848372181084,-0.046174322931175474,-1.4572079917265086,0.8098901717350273,1.755193266623467,0.24039023961070308,0.051068920686870835,0.13051716503658764,0.3745138722665078,0.09700007579982516,0.04850961307221458,-0.7474867432165541,-0.6811846148147737,-0.818276769320782,0.487797666291684,-0.002656331363457912,-0.33375234007754023,0.2336615097730588,0,0,0,0,0,0,1,0,0,2021
0.7272446497337475,0.08593317181105979,0.7013465771322521,0.20007540317346031,-0.6090412239359636,-0.2610888877437903,0.347894398286834,0.4367863275975428,0.053790143641723145,-1.1480431899350048,-0.15052991134012225,0.5937287155570263,0.5868150830533801,-0.5850934560519377,0.1323638699599162,0.3420257513176083,-0.06241326998481709,1.0221299276472373,1.8212789090601111,0.2860656284049584,-0.38759168908164376,-0.5971032007741359,0.006212735253196184,-0.18251664232620204,-0.27221437090421846,-0.7474867432165541,-0.6811846148147737,-0.818276769320782,0.487797666291684,-0.002656331363457912,-0.3718046550192147,0.2336615097730588,0,0,0,0,0,0,1,0,0,2022
0.7319716765144753,0.09328568526229336,0.7262464613378905,0.39633106527250955,-0.07246194235822959,-0.2610888877437903,0.45395410648530504,1.109784281704114,0.13997656570826178,-0.22622387400423766,-0.3005192751470654,0.6926288173441185,0.26635973760351167,-0.5666680243261706,0.11588186520086595,-0.07939918347975022,-1.4572079917265086,1.0221299276472373,1.8212789090601111,0.2860656284049584,-0.4646463853392257,-0.8694833758249086,-0.09710207971685528,-0.4353399052384773,-0.6701258040067747,-0.7474867432165541,-0.6811846148147737,-0.818276769320782,0.487797666291684,-0.002656331363457912,-0.38973314955904215,0.2336615097730588,0,0,0,0,0,0,1,0,0,2023
-0.048061362355669116,-0.27801624402500197,-1.5197119064035973,-0.7812029073217859,1.9298948888952645,-0.0785027127708273,-0.25303523480357937,0.7221283382688338,-0.27877307568253673,-2.892915466518242,-0.014730859116148689,-1.4793883436916295,-1.2742967211165686,0.7757451821366286,-0.2809903471235989,-0.667401448232506,1.4107383358347967,-3.1338536979291316,-0.47960599013845534,-0.2795919757949727,0.0918078332455488,0.0251321955904599,-0.30692804969860416,0.013024072207490635,0.11165781065388486,-1.1318684939667287,-0.5914401143583198,-1.1289030307547925,-1.0050584715048838,0.34243576055003416,-0.059702494968749596,-4.279695021106552,1,0,1,0,0,0,1,0,1,2020
-0.048061362355669116,-0.2743399872993852,0.4145216896251214,-0.5849472452227367,1.5634505014763247,-0.0785027127708273,-0.2531106148378356,0.6916531378259694,-0.2764093130520199,-0.7200556503957198,-0.014730859116148689,-1.4793883436916295,-1.078729113099032,0.6117798985479223,-0.280980373141899,-0.7189657223017747,1.4107383358347967,-3.1338536979291316,-0.47960599013845534,-0.27921449324295405,-0.19034344239051995,-0.3005064210170567,-0.6374111499347047,-0.2763526969282571,-0.14643216720582325,-1.1318684939667287,-0.5914401143583198,-1.1289030307547925,-1.0050584715048838,0.34243576055003416,-0.05823894439406981,-4.279695021106552,1,0,1,0,0,0,1,0,1,2021
-0.048061362355669116,-0.2743399872993852,0.4105168992030104,-0.7812029073217859,1.210093413608061,-0.0785027127708273,-0.252507574563786,1.3221931248364664,-0.276591140946675,-0.6212892951174238,-0.014730859116148689,-1.4793883436916295,-0.711403429739907,0.3590259819987094,-0.28100281460072374,0.3420257513176083,-0.06241326998481709,-2.872679437182796,-0.3441070487705783,-0.27921449324295405,-0.26612121356134516,0.4210157137804491,0.09484497644556354,0.36482354439965864,0.425421483737611,-1.1318684939667287,-0.5914401143583198,-1.1289030307547925,-1.0050584715048838,0.34243576055003416,-0.06153193318709933,-4.279695021106552,1,0,1,0,0,0,1,0,1,2022
0.33565411683153634,1.210867729849796,0.27741905627681873,-0.5849472452227367,0.8305617266384442,-0.9953144369003842,1.3258749627267514,-1.3435822886970097,1.170940728402933,-1.7735634400308822,0.2608549919826829,0.25948406183923867,-0.8148775623127383,0.9468622056549807,1.8106284202038003,0.5704880001698036,-1.6878256539156045,-0.001950738647795475,-0.08181723863098643,1.8114726211122802,0.6553666311550967,0.6906038216320122,0.6077789521488333,0.6534387590928541,0.6430645262313448,-2.07047509463576,-1.5337573691510953,-2.287777929181675,1.1702461864272575,0.6875278524635252,-0.29606591277953564,0.2336615097730588,0,0,0,1,0,0,1,0,0,2020
0.2619880640555854,1.313802918167066,0.3996645473942896,-0.19243592102463816,0.6342522333782977,-0.996619848245383,1.3879127309196027,-1.1321337218191416,2.016622266444011,0.03715307340455251,0.5945260850846,0.6338161355254224,-0.28814780641558313,0.9903502972374911,1.8784240673133035,0.3887329944576288,-1.6878256539156045,-0.001950738647795475,-0.08181723863098643,1.8114726211122802,0.19181905175706185,0.3983636579852968,0.35881711630178115,0.35701100301815475,0.21632272173588848,-2.07047509463576,-1.5337573691510953,-2.287777929181675,1.1702461864272575,0.6875278524635252,-0.3791224078926137,0.2336615097730588,0,0,0,1,0,0,1,0,0,2023
-0.7114615681269236,-0.02067827323182698,-0.016174333526737594,1.1813537136687065,-1.1194459064123443,-0.05867280460742305,0.15115250887815623,-0.7306290990703703,0.12470302255722962,-0.4566787029869297,-0.19170867388065543,-0.24979773047701653,1.644242850293682,-0.9816477367248059,0.16162503877193654,0.5491826058422494,-0.7439054770796899,1.4200821249951125,0.7704463241045549,0.16640365941504975,0.2032006676413809,0.049840120635155846,0.05350680333648731,0.19438871884555559,0.2135512864077661,-0.44355698680943906,-0.8093910440382808,-0.40012603277499903,-1.2183236340472505,-1.5555707449741711,-0.1021454616344635,0.2336615097730588,0,1,0,0,0,0,0,0,0,2020
-0.7120538184606243,0.0013792671218737296,0.05978914577241407,1.3776093757677557,-1.2764935010204614,0.3832309008982742,0.25072953413059423,-0.09525048049368641,0.0954287315177513,-0.884666242526214,-0.0610117382138196,-0.18919257429372585,1.7602207311585993,-0.8558993199745595,0.17506497911252364,0.5295348004532242,-0.7439054770796899,1.4200821249951125,0.7704463241045549,0.2060393273770069,0.2406426311435756,0.2447347376651566,0.12951619455069946,0.25067474386022215,0.2857072394730277,-0.44355698680943906,-0.8093910440382808,-0.40012603277499903,-1.2183236340472505,-1.5555707449741711,-0.13324591134640904,0.2336615097730588,0,1,0,0,0,0,0,0,0,2021
-0.7126460687943249,0.0013792671218737296,0.013727156893758162,1.3776093757677557,-1.498977593381961,-0.016469374616419036,0.23278908597761905,-0.2912226210847032,0.08342809047051175,-1.1480431899350048,-0.38118695131772296,-0.02665172098327838,1.8731288295086932,-0.9103303042695775,0.19235487638926407,0.3420257513176083,-0.06241326998481709,1.6669049175719508,0.7295584646773271,0.2492610795831411,-0.1375469536919611,-0.2943390229752528,-0.22355617668449945,-0.07620043160937527,-0.09090371742388828,-0.44355698680943906,-0.8093910440382808,-0.40012603277499903,-1.2183236340472505,-1.5555707449741711,-0.20386222657470887,0.2336615097730588,0,1,0,0,0,0,0,0,0,2022
-0.7132383191280256,0.012408037298724086,0.01661989916997714,1.4757372068172803,-1.3288426992231672,-0.016469374616419036,0.3192499852694786,0.21268048817266846,0.08106432783999487,-1.2797316636394,-0.48290844164339886,0.1369996507604374,2.4608049992367347,-1.0100461933195621,0.21957885943908412,0.47541956823524606,-0.7439054770796899,1.6669049175719508,0.7295584646773271,0.2492610795831411,-0.2833752291510224,-0.3556044749470533,-0.4103946818494421,-0.2556377722084336,-0.20391079058270514,-0.44355698680943906,-0.8093910440382808,-0.40012603277499903,-1.2183236340472505,-1.5555707449741711,-0.2605748113435507,0.2336615097730588,0,1,0,0,0,0,0,0,0,2023
-1.0181562611836494,-0.19346233933581589,0.5239786270648331,0.8869702205201326,-0.32112063382108164,0.5236190157813979,-0.15722721126395126,0.36770426621520413,-0.14931161468807364,0.8931281524831215,1.0005268095026985,-0.5343039506296448,-0.5798520180680802,-0.5928905097585804,-0.1799588994946734,0.6743904296088895,-0.2895116948100598,1.2989356466274284,-0.7069678791622475,-0.20183057007913296,0.4901608842422632,0.2556170990253098,0.2759999855052954,0.4215783791583571,0.24890525434567634,-0.5597654230827473,-0.8158013654994571,-0.447914688380231,-0.19465085384388991,-0.08892935434183093,0.09762919180932779,0.2336615097730588,0,0,0,0,0,0,1,0,0,2020
-1.0856697671977957,-0.1897860826101991,0.5764250103960954,0.9850980515696572,-0.9231364131521979,0.16234083929073523,-0.14682476653659587,0.6694261919847165,-0.16840354362686383,-0.061613281873743576,2.4653442595049437,-0.24195679729666963,0.4957698260283708,-0.524216806589821,-0.1780189600540469,0.3420257513176083,-0.06241326998481709,1.2989356466274284,-0.7069678791622475,-0.1848438552382942,0.6198855887321684,0.17151740548598446,0.24446910422336962,0.554625149114479,0.4898380200340636,-0.5597654230827473,-0.8158013654994571,-0.447914688380231,-0.19465085384388991,-0.08892935434183093,-0.10617022571483292,0.2336615097730588,0,0,0,0,0,0,1,0,0,2022
-1.1531832732119423,-0.18610982588458233,0.6371931088097125,1.0832258826191818,-0.28185873516905274,0.16234083929073523,-0.17177555787539756,-0.37792355472893574,-0.17494934783444904,-0.3908344661347317,2.4468907102210813,-0.19497337654950336,-0.21469764429261093,-0.6443408095670865,-0.17763496175860155,0.6539865906614114,-0.2895116948100598,1.2989356466274284,-0.7069678791622475,-0.1848438552382942,-0.16165354104579804,-0.06320510701568699,-0.3965795349429378,-0.12596025104569425,-0.06624435557513318,-0.5597654230827473,-0.8158013654994571,-0.447914688380231,-0.19465085384388991,-0.08892935434183093,-0.13031881019704944,0.2336615097730588,0,0,0,0,0,0,1,0,0,2023
1.1595580188151522,-0.27066373057376836,-1.0919776157717502,-0.3886915831236874,0.6735141320303271,-0.0785027127708273,-0.2194157395253149,-0.044472168260672615,-0.21713341939444264,1.7820253499877894,-0.008968443972562688,-0.5794576791558337,-1.30304785491394,1.5526552894936358,-0.2425730631110895,1.1885859090397497,0.37679202977117165,-1.4626824129646827,-0.6826758868076466,-0.24939337163348155,0.5905885882866415,0.9153919913268994,0.5965760260024253,0.8041480060502775,0.692575335819776,0.45929317192934355,0.4085700335850345,0.6034357349348797,1.2982052839526776,0.9463469213986443,0.1408039337623816,0.2336615097730588,0,0,0,1,0,0,1,1,0,2020
1.1595580188151522,-0.27066373057376836,-1.0894607770941427,-0.3886915831236874,0.7258633302330331,-0.0785027127708273,-0.22514462212878597,-0.5002306504399319,-0.21931535413030437,1.5186484025789997,-0.014730859116148689,-0.44863669110868853,-0.9993640041792047,1.298861011675038,-0.24266781593723835,1.220436095772231,0.37679202977117165,-1.4626824129646827,-0.6826758868076466,-0.25203574949761204,0.41842680992484504,0.40209221990307825,0.9158594211749729,0.34800729706375444,0.2791899015452741,0.45929317192934355,0.4085700335850345,0.6034357349348797,1.2982052839526776,0.9463469213986443,0.025915213650018094,0.2336615097730588,0,0,0,1,0,0,1,1,0,2021
1.1595580188151522,-0.27066373057376836,-1.0885154242940633,-0.2905637520741628,0.3463316432634162,-0.0785027127708273,-0.22258170096407523,-0.22269619515451233,-0.22095180518220067,1.3540378104485056,0.2795718092385536,-0.18930779364552186,-0.7668092604952581,1.0498132030008034,-0.2427226728365877,0.3420257513176083,-0.06241326998481709,-0.7214794110573043,-0.6453908489266901,-0.24807218270141632,0.03931823839258967,0.43909346491471735,0.5947923198841485,0.3808882276088364,0.31438099996716345,0.45929317192934355,0.4085700335850345,0.6034357349348797,1.2982052839526776,0.9463469213986443,-0.13288002370273908,0.2336615097730588,0,0,0,1,0,0,1,1,0,2022
-0.5577606692347479,-0.25228244694568447,-0.7618760806340078,0.49445889632203416,-0.3996444311251405,-0.0785027127708273,-0.17976584150655456,-0.022305347643701245,-0.1780404220435865,0.5968290866482326,-0.637620265276332,-0.532009369496005,-0.12881860662181674,-0.19908031660149167,-0.197812326737457,-0.7470326965418796,0.47727174847881304,-0.2830030317636348,-0.6317275688923584,-0.2069265845313846,-0.5437568861762431,-0.15456618037119338,-0.41904181536549984,-0.5772974616028104,-0.08563273110122084,1.0760917952261373,0.8252409285614324,0.973797815875429,-0.4079160163862569,-0.17520237732020394,0.0954338659473081,0.2336615097730588,0,0,1,0,0,0,1,1,0,2020
-0.16221457377696802,-0.25595870367130125,-0.8856016921710109,0.5925867273715588,-0.8446126158481391,-0.0785027127708273,-0.18564548417853804,-0.42225867452251326,-0.18876826782824005,-0.028691163447644878,-0.5976350478609398,-0.5380917032469081,0.09669809910131497,-0.23603135960800456,-0.19724380978056388,-0.7703319831600284,0.47727174847881304,-0.2830030317636348,-0.6317275688923584,-0.21787357853992514,0.07991462124721413,0.0830876253309866,0.042882036905729934,0.1282253303001394,0.21440375753600902,1.0760917952261373,0.8252409285614324,0.973797815875429,-0.4079160163862569,-0.17520237732020394,0.10128806824602726,0.2336615097730588,0,0,1,0,0,0,1,1,0,2021
0.23333152168081184,-0.25228244694568447,-0.7928325624041779,0.49445889632203416,-0.6090412239359636,-0.0785027127708273,-0.1830825630138273,-0.2886759814237578,-0.19240482572134296,-0.357912347708633,0.6421024409646857,-0.5652475895828786,0.14693771050245089,-0.5154392109943444,-0.1946131721072208,-0.9102848922437273,0.47727174847881304,-0.2830030317636348,-0.6317275688923584,-0.21787357853992514,-0.6259144741537082,-0.8785149654954061,-1.1475944359241934,-0.7899964621442159,-0.604541877906811,1.0760917952261373,0.8252409285614324,0.973797815875429,-0.4079160163862569,-0.17520237732020394,0.1269002033029236,0.2336615097730588,0,0,1,0,0,0,1,0,0,2023
-0.337985044503393,-0.24860619022006766,-0.34279689577614086,0.788842389470608,-0.9493110122535506,-0.0785027127708273,-0.2002692108242405,0.17961940978445734,-0.2202244936035801,-0.5225229398391271,-1.6370623026446847,-0.4242565437023495,0.5513254022722498,-0.5263983862783294,-0.2225976712616566,0.5720490527833222,0.36984730991604015,-1.226304273117716,-0.9287518144775944,-0.23693644741686645,0.873848833349294,1.0284699687534073,0.7113362498900657,0.8150920317853461,0.8270079147678845,0.38778028806884635,0.4085700335850345,0.32865096520479276,-1.0050584715048838,-0.34774842327695,0.0076208314665207255,0.2336615097730588,0,0,1,0,0,0,1,1,0,2021
-0.337985044503393,-0.24860619022006766,-0.3426574236076085,0.8869702205201326,-1.0670967082096385,-0.0785027127708273,-0.19122360671349672,0.8299673846645449,-0.2202244936035801,-0.5554450582652258,-1.2810406785291824,-0.17085063407802764,0.6649822280649835,-0.9637717250770135,-0.22209647868123766,0.3420257513176083,-0.06241326998481709,-1.0137557245056832,-0.8880279939776992,-0.2373139299688851,0.08435097810373272,0.5221381341876826,0.3000985876279103,0.005376257594611467,0.18498301686367466,0.38778028806884635,0.4085700335850345,0.32865096520479276,-1.0050584715048838,-0.34774842327695,-0.14202721479448777,0.2336615097730588,0,0,1,0,0,0,1,1,0,2022
-0.337985044503393,-0.25595870367130125,-0.6438669634056498,1.279481544718231,-0.9231364131521979,-0.0785027127708273,-0.19559564870035623,0.4997619879616742,-0.22422470728599328,-0.8517441241001152,-0.6111109841683223,0.14555819769858533,0.7397052268404435,-0.6370540902736075,-0.2242408847467117,0.47187600332931,0.36984730991604015,-1.0137557245056832,-0.8880279939776992,-0.2373139299688851,0.41420715849441,0.39722220309640194,0.1763427338267939,0.436184402809487,0.40656356476711036,0.38778028806884635,0.4085700335850345,0.32865096520479276,-1.0050584715048838,-0.34774842327695,-0.26313602484924037,0.2336615097730588,0,0,1,0,0,0,1,1,0,2023
1.4597831592456754,-0.2743399872993852,-0.5585771219064262,-2.841887359361803,-0.16407303921296454,-0.0785027127708273,-0.24798477250841408,0.7149696705535801,-0.2709544762123655,-0.16037963715204026,-1.5392873265679432,0.8426894313884594,-0.7165696490941222,-0.6272931368498194,-0.2762252773664816,0.4657297911395861,1.4107383358347967,-0.4908598567211948,-0.57942659736372,-0.2758171502747863,0.1544454164367543,0.6637095227578013,0.9158594211749729,0.07726571495562481,0.16895378573873843,0.7274664864062099,0.5431867842697162,0.7229073739479589,-1.047711504013357,0.25616273757166114,-0.4138817340412587,0.2336615097730588,0,0,1,0,0,0,1,0,1,2020
1.4597831592456754,-0.2743399872993852,-0.5483124923907723,-2.6456316972627536,-0.04628734325687681,-0.0785027127708273,-0.24851243274820747,0.5246511871494216,-0.27004533673908976,0.23468578396114528,-1.8101129399552773,0.8481459702847338,-0.28290671431710396,-0.44175965680468926,-0.27624771882530635,0.30834810727060374,1.4107383358347967,-0.4908598567211948,-0.57942659736372,-0.2775158217588702,0.5652314271325806,0.5715235022935373,0.24759184988359742,0.4985713720480536,0.5447087851324418,0.7274664864062099,0.5431867842697162,0.7229073739479589,-1.047711504013357,0.25616273757166114,-0.4146135093285986,0.2336615097730588,0,0,1,0,0,0,1,0,1,2021
1.0811410044816563,-0.2633112171225348,1.0279926333565685,-0.09430808997511356,1.4064029068682071,-0.0785027127708273,-0.2433112103845298,-0.3641843984837345,-0.2685907135818486,-1.1480431899350048,-0.8712722142760823,-0.7157719782328048,-1.1186362857917376,1.1564144934449887,-0.271243273507392,0.17838069333445222,-0.06782416295961038,-0.09558297961018196,0.7448825310622661,-0.2701549119945067,1.1357675530990072,1.229995077038276,0.9158594211749729,1.0837181180097615,1.0665907287348086,-0.4793134287396877,-0.3734891846783571,-0.40012603277499903,0.6584097963255771,0.7738008754418982,0.3028921599081683,0.2336615097730588,0,0,0,1,0,0,1,0,1,2020
1.0811410044816563,-0.2633112171225348,1.0358489439834997,-0.2905637520741628,1.0137839203479146,-0.0785027127708273,-0.24444191089837275,-0.5850679712293038,-0.26495415568874575,0.03715307340455251,-0.9351000472504803,-0.6990611607169037,-0.7344642349732153,1.4238747759546835,-0.27155496043551325,0.22670893343378767,-0.06782416295961038,-0.09558297961018196,0.7448825310622661,-0.27185358347859057,-0.09088511772880895,-0.18571880866291082,-0.520915857101483,-0.17434738580790934,-0.05545545001027911,-0.4793134287396877,-0.3734891846783571,-0.40012603277499903,0.6584097963255771,0.7738008754418982,0.2798412383569616,0.2336615097730588,0,0,0,1,0,0,1,0,1,2021
-0.048061362355669116,-0.27801624402500197,-1.5197119064035973,-1.0755864004703597,1.1053950172026494,-0.0785027127708273,-0.25484435562572816,1.4119738105604698,-0.2780457641039162,-1.0163547162306092,-0.014730859116148689,0.3777900442394647,-1.2865758511758625,1.0271077749781585,-0.28280561179297686,0.8064004030540738,1.4107383358347967,-0.5152938868697061,-0.9347404254164424,-0.2807244234510286,1.1357675530990072,1.229995077038276,0.9158594211749729,1.0837181180097615,1.0665907287348086,0.8615531436446432,0.5239558198861904,0.8423790129610397,-0.8344463414709904,0.42870878352840713,-0.3260686995604713,0.2336615097730588,1,0,1,0,0,0,1,0,1,2020
-0.048061362355669116,-0.27801624402500197,-1.5197119064035973,-0.3886915831236874,0.47720463877018054,-0.0785027127708273,-0.25552277593403394,0.6039979372237329,-0.2776821083146059,-0.5554450582652258,-0.014730859116148689,0.45014779716736464,-1.2141739074725861,0.6961824917046855,-0.2829178190871005,1.2289391809770351,1.4107383358347967,-0.5152938868697061,-0.9347404254164424,-0.2807244234510286,-0.9086535649473522,-1.1295280657970344,0.9158594211749729,-1.0130577216863557,-0.8034862358403367,0.8615531436446432,0.5239558198861904,0.8423790129610397,-0.8344463414709904,0.42870878352840713,-0.34253364352561894,0.2336615097730588,1,0,1,0,0,0,1,0,1,2021
-0.048061362355669116,-0.27801624402500197,-1.5197119064035973,-0.486819414173212,0.9614347221452085,-0.0785027127708273,-0.25529663583126533,1.1694493610219898,-0.27786393620926103,-0.19330175557813895,-0.014730859116148689,0.484148426156548,-1.0389716858948543,1.2095348073055536,-0.2829676889955999,0.3420257513176083,-0.06241326998481709,-0.626390325589217,-1.2575450247910445,-0.2807244234510286,1.1357675530990072,1.229995077038276,0.9158594211749729,1.0837181180097615,1.0665907287348086,0.8615531436446432,0.5239558198861904,0.8423790129610397,-0.8344463414709904,0.42870878352840713,-0.3498513963990179,0.2336615097730588,1,0,1,0,0,0,1,0,1,2022
0.49943698378361806,2.1115506276259084,1.6496040529353257,0.788842389470608,-1.590588690236696,-1.2103117529917957,1.1607173076714208,-1.4668991847486084,1.5153227608797772,-0.357912347708633,0.28819987791167223,0.014165347259354057,2.806118095782247,-1.967390077443321,1.678722512222899,0.6385290444823103,-1.5813554343494105,1.9432599613064996,0.9778844788907807,1.3809537705350219,0.7650353954489593,0.7274149497085207,0.5471020338504801,0.7698807172013211,0.6548059713637416,-3.5901238766713353,-3.7709595591012914,-3.2913396968915527,-1.6448539591319844,-2.9359391126281373,-0.21922950760884666,0.2336615097730588,0,1,0,0,0,1,0,0,0,2020
0.437911356457805,2.210809559217562,1.6847614811721199,1.1813537136687065,-1.983207676756989,-1.148574825392952,1.1468473813682805,-1.5323155465942015,1.1973057731279289,-1.3126537820654987,0.1995195699802044,0.10485389733217879,3.483791304115602,-1.6931752715416457,1.7381425081999289,0.6388817246618197,-1.5813554343494105,1.9432599613064996,0.9778844788907807,1.4398410486499296,0.4580243842393382,0.6676746030232961,0.4512624502237035,0.4686994630562515,0.4352165581360449,-3.5901238766713353,-3.7709595591012914,-3.2913396968915527,-1.6448539591319844,-2.9359391126281373,-0.2503299573207922,0.2336615097730588,0,1,0,0,0,1,0,0,0,2021
0.37638572913199186,2.2843346937298974,1.5757214685570589,1.5738650378668049,-1.7868981834968425,-1.1835339298213197,1.7294596661344372,-0.7920657678421062,1.1807594347143109,-1.5760307294742895,0.33173426438820053,0.353287323054619,3.2373851027428175,-1.5847474942361672,1.8549353404100881,0.5627761703876164,-1.5813554343494105,1.9432599613064996,0.9778844788907807,1.4398410486499296,-0.02106448579552665,-0.1762385817497329,-0.1264440731104007,-0.032534198435607134,-0.04168032951228871,-3.5901238766713353,-3.7709595591012914,-3.2913396968915527,-1.6448539591319844,-2.9359391126281373,-0.32021449726175216,0.2336615097730588,0,1,0,0,0,1,0,0,0,2023
-1.7254770209618417,-0.2669874738481516,-0.4805510207779891,0.5925867273715588,0.03223645404718198,-0.0785027127708273,-0.2374315677125463,-0.8196190849744621,-0.2531353425361613,-0.19330175557813895,1.4905408252715255,-1.0637959304074514,-0.31457788514077084,-0.06735367750918451,-0.2590550678701397,0.3994377672124701,0.43288031469869426,0.67465747258008,-0.1124217757231754,-0.2643039324382178,0.8952474215641424,0.9524041190576524,0.9158594211749729,1.0837181180097615,1.0665907287348086,0.772162038819021,0.77395835687203,0.7945903573558077,-0.6211811789286235,-0.7791135381688141,1.1971215610375197,0.2336615097730588,0,0,1,0,0,0,0,1,0,2021
-1.7254770209618417,-0.2669874738481516,-0.48583269009062136,0.5925867273715588,-0.020112744155524036,-0.0785027127708273,-0.23931606856895127,-1.0457207818322773,-0.25768103990253993,-0.9834325978045106,1.0880716160707415,-0.6274716110881156,-0.220612591089466,-0.13345571323750427,-0.25970587017605684,0.3734437387266068,0.43288031469869426,0.67465747258008,-0.1124217757231754,-0.2643039324382178,0.3610395504709138,0.3358599913322644,0.008422403316159762,0.28915043138807567,0.3579299842642278,0.772162038819021,0.77395835687203,0.7945903573558077,-0.6211811789286235,-0.7791135381688141,0.19202820387617422,0.2336615097730588,0,0,1,0,0,0,0,1,0,2023
0.030252648665091322,-0.25595870367130125,-0.37957354368076346,-0.09430808997511356,-0.4258190302264932,-0.0785027127708273,-0.21217925623671988,-0.17234082517369023,-0.2116785825547883,1.4528041657268012,-1.2077799586753097,-0.24176937084626263,-0.41288579835938705,-0.47279876237244606,-0.23640664892513924,-0.3396558126801132,0.3489057250602004,-0.8405947655850042,-0.23313350785166062,-0.2516582669455934,0.08284680560731825,0.1363105301446593,0.17588932077508304,0.3277989311665279,0.29608691500427387,0.45929317192934355,0.4085700335850345,0.6034357349348797,0.7010628288340505,0.7738008754418982,-0.10617022571483292,0.2336615097730588,0,0,0,1,0,0,1,1,0,2020
-0.11699260992180661,-0.25595870367130125,-0.3901070486870906,-0.09430808997511356,-0.3996444311251405,-0.0785027127708273,-0.21278229651076944,-0.23183131240635335,-0.2156787962372015,1.090660863039715,-0.9027907422738177,-0.236057432767864,-0.17374225318020953,-0.18027354518203426,-0.23663355700881147,-0.3610714872884931,0.3489057250602004,-0.8405947655850042,-0.23313350785166062,-0.24222120314512738,-0.453418093317594,-0.7187608789876438,-0.4801975293770483,-0.44429666395501716,-0.3870723368458693,0.45929317192934355,0.4085700335850345,0.6034357349348797,0.7010628288340505,0.7738008754418982,-0.10946321450786245,0.2336615097730588,0,0,0,1,0,0,1,1,0,2021
-0.26423786850870457,-0.25595870367130125,-0.38489362377777775,-0.09430808997511356,-0.7660888185440807,-0.0785027127708273,-0.20841025452390993,0.15529950686456107,-0.21876987044633894,0.7943617972048249,-1.2477503431924115,-0.47015373791053355,-0.024670619350609505,-0.1206368307615534,-0.23624207822709123,0.3420257513176083,-0.06241326998481709,-0.6797178366999289,-0.25632125912695086,-0.24297616824916468,0.16223368736263863,-0.23066210662167846,-0.224438418726984,0.18509990099713228,0.26512917248831097,0.45929317192934355,0.4085700335850345,0.6034357349348797,0.7010628288340505,0.7738008754418982,0.04274604525883568,0.2336615097730588,0,0,0,1,0,0,1,1,0,2022
-0.41148312709560253,-0.25595870367130125,-0.3938582533482336,0.10194757212393568,-0.17716033876364115,-0.0785027127708273,-0.2109731756886207,-0.026479213421771997,-0.22004266570892497,0.6626733235004301,-1.6423583401114774,-0.3523456279124591,-0.481768723082256,0.11767709110018361,-0.2364914277695882,-0.4123611515006381,0.3489057250602004,-0.6797178366999289,-0.25632125912695086,-0.24297616824916468,-0.7983735876253498,-0.8847642542995965,-0.7534230598101201,-0.5867423019971053,-0.4232631185615743,0.45929317192934355,0.4085700335850345,0.6034357349348797,0.7010628288340505,0.7738008754418982,-0.041774000428922174,0.2336615097730588,0,0,0,1,0,0,1,1,0,2023
1.8452574132555515,-0.2633112171225348,-0.7586503205864,-0.2905637520741628,1.484926704172266,-0.0785027127708273,-0.22062182007341408,-0.8683336594243232,-0.25058975201098926,-2.0369403874396723,0.9264109878509016,-0.12980357285463426,-1.0327572481209433,1.087308929687749,-0.23638670096173947,-2.896716012998478,-1.0541105241571316,-1.2629606029679867,-0.08181723863098643,-0.2405225316610435,0.6772058069951483,0.5684465323180974,0.37874716761367816,0.6134132567695082,0.647134213316082,-0.4524960972920015,-0.4888749709795149,-0.5195976717880798,1.340858316461151,0.9463469213986443,-0.16105337226532504,0.2336615097730588,0,0,0,1,0,0,1,1,0,2020
1.552328465743217,-0.2633112171225348,-0.7669459312521845,-0.3886915831236874,1.7466726951857947,-0.0785027127708273,-0.22220480079279425,-0.9888068575654996,-0.23058868359892337,-0.22622387400423766,0.9264109878509016,0.0571328052998198,-1.0835209687319272,1.4799709922898827,-0.23516488820350429,-2.849757946634664,-1.0541105241571316,-1.2629606029679867,-0.08181723863098643,-0.24108875548907147,0.5431817217812196,0.8196432261103974,0.6382216862423202,0.4759570050543628,0.63294969347101,-0.4524960972920015,-0.4888749709795149,-0.5195976717880798,1.340858316461151,0.9463469213986443,-0.23459678864298447,0.2336615097730588,1,0,0,1,0,0,1,1,0,2021
1.2593995182308828,-0.2633112171225348,-0.7877422011729817,0.20007540317346031,1.4587521050709136,-0.0785027127708273,-0.21843579907998434,-0.6677683701037241,-0.22822492096840646,-0.16037963715204026,0.9264109878509016,0.5756366029880658,-0.5239969508471451,1.6093850307374464,-0.23982772464819777,-3.0361890300514176,-1.0541105241571316,-1.2629606029679867,-0.08181723863098643,-0.24108875548907147,0.5488523995928752,0.8235700380809957,0.5033880494209646,0.602161944299649,0.6370993684496082,-0.4524960972920015,-0.4888749709795149,-0.5195976717880798,1.340858316461151,0.9463469213986443,-0.3685116662261852,0.2336615097730588,1,0,0,1,0,0,1,1,0,2023
-1.9526255205075507,-0.27066373057376836,-1.1726801654391097,-1.0755864004703597,-0.36038253247311103,-0.0785027127708273,-0.08569155875481901,4.002868173247562,-0.23167965096685422,-0.6212892951174238,0.7248290390587515,-0.9727929228774037,0.6511307703761458,-0.2912641911628675,-0.23095088093530536,0.3420257513176083,-0.06241326998481709,0.609496722068082,3.3589096069992403,-0.19484714286678814,-3.069898746882066,-3.8935408902612534,-3.919003420009286,-3.549158023033086,-2.7804247412483396,-0.27371388764075727,-0.32861693445013107,-0.12534126304491375,0.018614308698477074,0.9463469213986443,0.8444058725396905,0.2336615097730588,0,0,0,0,0,0,1,1,0,2022
-1.9526255205075507,-0.27066373057376836,-1.1806319436466406,-1.0755864004703597,-0.29494603471972886,-0.0785027127708273,-0.11041620999085208,2.753032068606381,-0.22986137202030277,-0.5225229398391271,1.0868184915323935,-1.0722426009150352,0.29054363400077976,-0.024019137454235437,-0.2312027239732273,-0.07285573630845607,0.24016429171404555,0.609496722068082,3.3589096069992403,-0.19484714286678814,-3.3683477225968765,-3.7471240523799545,-4.02305559790034,-3.437454786334989,-2.790443010701427,-0.27371388764075727,-0.32861693445013107,-0.12534126304491375,0.018614308698477074,0.9463469213986443,1.237735089484884,0.2336615097730588,0,0,0,0,0,0,1,1,0,2023
0.3204878974803286,0.6226666537511105,1.2073221438691224,0.5925867273715588,-0.7791761180947568,-0.7446666678971481,0.22020062025683393,-1.7347970879121002,0.6874603565149029,0.5309848497960353,0.12587824987029592,0.4993154826475149,1.2823828772658281,-1.0696411741885659,0.5567293628400978,0.6047503950980891,-1.5619054951835984,1.2008728280968155,0.12588593867257544,0.45083676236109455,0.31283882673826763,0.12036878336348268,0.204868001503128,0.28149767054050684,0.24303640956289202,-1.3195898141005356,-1.5529883335346208,-1.3200576531757204,-0.4079160163862569,-1.296751676039052,-0.35314438519204744,0.2336615097730588,0,0,1,0,0,0,0,0,0,2020
0.3314323734565442,0.6631054777328952,1.3056921626712183,0.8869702205201326,-0.8446126158481391,-0.6219045596623428,0.4205607513098092,-0.892929092200881,0.6116381244437075,0.0042309549784538165,0.0370416751022502,0.5659347769885762,1.376348171317133,-0.9758152355222695,0.5673242249007944,0.6329130785541947,-1.5619054951835984,1.2008728280968155,0.12588593867257544,0.4472506781169175,-0.021991831174148053,0.19354923930979362,0.18883514614543942,-0.05402638930066997,0.027696366214688607,-1.3195898141005356,-1.5529883335346208,-1.3200576531757204,-0.4079160163862569,-1.296751676039052,-0.36631634036416555,0.2336615097730588,0,0,1,0,0,0,0,0,0,2021
0.34237684943275987,0.6961917882634462,1.3440089711534848,1.1813537136687065,-0.8053507171961101,-0.7571577974175204,0.299274276191586,-1.4004653112824963,0.5869095307706078,-0.29206811085643564,0.5024183052358835,0.8241569446625376,1.706761591754112,-0.8384896398207415,0.5995476662776789,0.553322970978385,-1.5619054951835984,1.2008728280968155,0.12588593867257544,0.4472506781169175,-0.009078224561348372,-0.11731301187081106,-0.08721720154237685,-0.0303505441987914,-0.03834543111705021,-1.3195898141005356,-1.5529883335346208,-1.3200576531757204,-0.4079160163862569,-1.296751676039052,-0.41132052053556906,0.2336615097730588,0,0,1,0,0,0,0,0,0,2023
1.0353514004060493,-0.2743399872993852,-0.9484491938245656,-0.486819414173212,0.5033792378715334,-0.0785027127708273,-0.24700483206308352,-0.015339476308705483,-0.26822705779253836,-1.4772643741959928,1.6967742623015285,-0.763827585249779,-0.624551046393681,1.0555135408517349,-0.2693955933974894,-5.2768552810808185,-1.049282107711207,0.45074275304461775,-1.7909762383482764,-0.27392973751469313,0.3923416919912385,0.37198666146179754,0.04508652524984641,0.32125417630208075,0.38656274161657234,-0.4793134287396877,-0.3734891846783571,-0.40012603277499903,0.1892264387323702,0.6875278524635252,0.374606138067478,0.2336615097730588,1,0,0,0,0,0,1,0,1,2020
0.7799794693977611,-0.2743399872993852,-0.952791477060906,-0.19243592102463816,0.24163324685800466,-0.0785027127708273,-0.24790939247415789,-0.25431102231833663,-0.26459049989943545,-0.16037963715204026,1.6967742623015285,-0.763827585249779,-0.43849227689767095,0.8647656923301053,-0.27026582330080384,-4.867073316452186,-1.049282107711207,0.45074275304461775,-1.7909762383482764,-0.2733635136866651,0.1736870269595451,0.11963124511577831,-0.21102315002224567,0.09700007579982516,-0.2534635992005903,-0.4793134287396877,-0.3734891846783571,-0.40012603277499903,0.1892264387323702,0.6875278524635252,0.374606138067478,0.2336615097730588,1,0,0,0,0,0,1,0,1,2021
0.5246075383894728,-0.2743399872993852,-0.9203545019509669,0.0038197410744110656,0.5426411365235627,-0.0785027127708273,-0.24790939247415789,0.21708411996726149,-0.26259039305822884,0.6297512050743308,1.6967742623015285,-0.7191583574408135,-0.8192201814800497,0.7768822583085607,-0.2711784426263428,-5.1612744100262855,-1.049282107711207,0.45074275304461775,-1.7909762383482764,-0.2733635136866651,-0.09088511772880895,-0.18571880866291082,-0.520915857101483,-0.17434738580790934,-0.05545545001027911,-0.4793134287396877,-0.3734891846783571,-0.40012603277499903,0.1892264387323702,0.6875278524635252,0.3076486992758776,0.2336615097730588,0,0,0,0,0,0,1,0,1,2023
-0.048061362355669116,-0.16037602880526483,2.9324026792942655,1.4757372068172803,-1.17179510461505,-0.0785027127708273,-0.1870023247951496,0.8405131298002624,-0.2189516983409941,-0.6212892951174238,-0.014730859116148689,-0.24071880213375488,0.5474320195705225,-0.7910004762501637,-0.2185033517738562,0.7560933143133753,-0.057246998698668415,0.48568682175270583,-1.003201157547117,-0.238446377624941,-0.3276075629762828,-0.3595784086612963,-0.0924039320014865,-0.41713195672009196,-0.744431173801119,-1.6860933438855854,-2.1876101581909815,-1.5590009312018822,-1.3462827315726706,-2.3320279517795273,-0.10690200100217281,0.2336615097730588,1,1,0,0,0,0,0,1,0,2021
-0.048061362355669116,-0.15669977207964803,3.040228836538811,1.5738650378668049,-0.9623983118042272,-0.0785027127708273,-0.17056947732729838,1.897680047679602,-0.21749707518375294,-0.5883671766913251,-0.014730859116148689,-0.07410493359424733,0.7137992573251037,-0.723523474245528,-0.21857316964575538,0.3420257513176083,-0.06241326998481709,0.9146880640703687,-1.0492837170853542,-0.23618148231282915,-1.2469390736888393,-1.723652598165637,-1.6682687771639741,-1.269497932296673,-1.2743689247621353,-1.6860933438855854,-2.1876101581909815,-1.5590009312018822,-1.3462827315726706,-2.3320279517795273,-0.18483606910387163,0.2336615097730588,1,1,0,0,0,0,0,1,0,2022
-1.121680253084239,-0.25228244694568447,-0.1903221173500995,0.0038197410744110656,0.006061854945829204,-0.0785027127708273,-0.24398963069283558,-0.6177071627880735,-0.26295404884753915,-0.5554450582652258,-2.1160493046418587,-1.1855310814074553,0.013214989246968399,-0.5092204504429844,-0.2668871369999698,0.48122397210321016,1.4107383358347967,-0.843554996434039,-0.7454180510137363,-0.2731747724106558,0.1921885755391501,0.5039879561658758,0.17905158616140898,0.43855632118018956,-0.08422586484989412,-0.5597654230827473,-0.6875949362759501,-0.447914688380231,-0.4079160163862569,0.7738008754418982,2.009758017628473,0.2336615097730588,0,0,1,0,0,0,1,0,1,2020
-0.75484327278985,-0.25228244694568447,-0.1903221173500995,0.2982032342229849,-0.0070254446048474166,-0.0785027127708273,-0.24383887062432316,-0.5913191073747863,-0.2607721141116774,-0.028691163447644878,-2.3989696399186378,-1.1883705587019102,0.1442422917089473,-0.6300281043359183,-0.26670261833852205,0.6013500122204246,1.4107383358347967,-0.843554996434039,-0.7454180510137363,-0.27053239454652533,0.27996336414937273,0.24228771492117432,0.24759184988359742,0.4985713720480536,0.28376781333126333,-0.5597654230827473,-0.6875949362759501,-0.447914688380231,-0.4079160163862569,0.7738008754418982,2.0368337032600494,0.2336615097730588,0,0,1,0,0,0,1,0,1,2021
-0.3880062924954609,-0.25228244694568447,-0.1903221173500995,0.39633106527250955,-0.2295095369663467,-0.0785027127708273,-0.24157746959663723,-0.038438331992192924,-0.26259039305822884,-0.4896008214130284,-1.0531926258709392,-1.187149501006571,0.010369824964936858,-0.7087263271017648,-0.26678241019212107,0.3420257513176083,-0.06241326998481709,-0.7581054949497513,-0.8839510989762227,-0.26883372306244147,-0.3421272310308925,-0.47568430332460054,-0.4689842205372802,-0.12887513868197506,-0.01489956403154601,-0.5597654230827473,-0.6875949362759501,-0.447914688380231,-0.4079160163862569,0.7738008754418982,2.0251252986626107,0.2336615097730588,0,0,1,0,0,0,1,0,1,2022
-0.021169312201071926,-0.25228244694568447,-0.1903221173500995,0.8869702205201326,0.2285459473073285,-0.0785027127708273,-0.2429343102132488,-0.225756636976632,-0.26168125358495314,-0.29206811085643564,-0.8686971731784631,-1.1682597674316568,0.3073900014601771,-0.7573067887490402,-0.2679368985738821,0.38724064056574004,1.4107383358347967,-0.7581054949497513,-0.8839510989762227,-0.26883372306244147,0.8719712798027032,0.621085878887229,0.6068754903628324,0.8131663967586499,0.8252904752412418,-0.5597654230827473,-0.6875949362759501,-0.447914688380231,-0.4079160163862569,0.7738008754418982,1.8557193196434252,0.2336615097730588,0,0,1,0,0,0,1,0,1,2023
0.39415046103969836,-0.24860619022006766,-0.09178764072361126,0.10194757212393568,0.35941894281409287,-0.0785027127708273,-0.19514336849481903,0.16023079788122002,-0.23531620885995713,-0.884666242526214,-0.27537060682984077,-0.30226577065880567,-0.37455095329622523,1.2851999093972923,-0.23386827058252,0.14497470523313724,0.31100314337577323,0.07722024464512531,0.8205752861390518,-0.22825434872043773,0.8516009112083943,0.5740658635859874,0.5830157273657562,0.7922743719516147,0.8066572510332446,-0.5597654230827473,-0.6875949362759501,-0.447914688380231,0.9569810238848909,0.8600738984202713,-0.07250856249719775,0.2336615097730588,0,0,0,1,0,0,1,1,0,2020
0.44031734614236934,-0.24860619022006766,-0.08719400924772314,0.10194757212393568,0.1500221500032697,-0.0785027127708273,-0.19521874852907523,0.1830330332645941,-0.22658846991651016,-0.16037963715204026,-0.6481462990630669,-0.30288710828512544,-0.4796722862428643,1.2015209675812064,-0.23384084213284534,0.09288003473847786,0.31100314337577323,0.07722024464512531,0.8205752861390518,-0.22976427892851228,0.9683064376276361,1.0367235568060356,0.8177860233404043,0.9978433395921745,0.9900005458853159,-0.5597654230827473,-0.6875949362759501,-0.447914688380231,0.9569810238848909,0.8600738984202713,-0.07214267485352781,0.2336615097730588,0,0,0,1,0,0,1,1,0,2021
0.48648423124504026,-0.24860619022006766,-0.08795029148778655,-0.09430808997511356,-0.033200043706200194,-0.0785027127708273,-0.19167588691903392,0.46678520172055055,-0.22931588833633734,-0.3908344661347317,-0.5812924279670655,-0.09634538855069547,0.03979481346068412,1.0950590258739672,-0.23356406414067368,0.3420257513176083,-0.06241326998481709,0.27052532156954884,0.8160214782124139,-0.22674441851236318,0.5224412176850991,0.5221381341876826,0.3000985876279103,0.454685366100926,0.5055676393622648,-0.5597654230827473,-0.6875949362759501,-0.447914688380231,0.9569810238848909,0.8600738984202713,-0.17568887801212293,0.2336615097730588,0,0,0,1,0,0,1,1,0,2022
0.5326511163477112,-0.25228244694568447,-0.27355866002595564,0.5925867273715588,0.07149835269921137,-0.0785027127708273,-0.19107284664498433,0.5290621754502677,-0.23131599517754395,-0.6212892951174238,-0.7199646119132775,0.10915601409633832,-0.49921407249576516,1.2798230382166138,-0.2368230626611092,0.1073317935776171,0.31100314337577323,0.27052532156954884,0.8160214782124139,-0.22674441851236318,0.7335863495489034,0.41770022458677364,0.4447855594449872,0.6712376249547873,0.6987067357036322,-0.5597654230827473,-0.6875949362759501,-0.447914688380231,0.9569810238848909,0.8600738984202713,-0.251793507895472,0.2336615097730588,0,0,0,1,0,0,1,1,0,2023
-1.1326458210624595,-0.24492993349445089,-0.02163910667559831,0.6907145584210834,-0.08554924190890621,-0.0785027127708273,-0.2003445908584967,-0.20159975654722506,-0.21804255886771837,0.03715307340455251,2.275465674360271,-0.05437813254284211,-0.4275608562351287,-0.04269705849048805,-0.2312027239732273,-0.735042170058019,-1.1426069491088793,-0.1794708603030184,0.45807159747440757,-0.23240665679264277,0.6192822180136153,0.7332533627571599,0.7142067505396803,0.7305769239556749,0.5941502324210914,0.3967193985514088,0.4278009979685602,0.29280947350086917,0.7010628288340505,0.6012548294851522,-0.19288559726461046,0.2336615097730588,0,0,0,1,0,0,1,1,0,2020
-1.1326458210624595,-0.2412536767688341,0.18350916350586643,0.788842389470608,-0.46508092887852265,-0.0785027127708273,-0.20215371168064547,-0.27052677992992785,-0.21658793571047721,0.23468578396114528,2.262867802209505,0.14986454882963848,-0.1713463253637619,-0.09944441254199618,-0.23122516543205204,-0.9917833822943052,-1.1426069491088793,-0.1794708603030184,0.45807159747440757,-0.23788015379691305,-0.14580986418378292,-0.037808402694132645,-0.04913890005548295,-0.32456416238314945,-0.27316590260260726,0.3967193985514088,0.4278009979685602,0.29280947350086917,0.7010628288340505,0.6012548294851522,-0.26459957542392015,0.2336615097730588,0,0,0,1,0,0,1,1,0,2021
-0.2636797325135293,-0.05008832703676126,0.24336994698354925,1.1813537136687065,-0.7791761180947568,0.3686827698049225,0.032805855095924805,-0.515500429898828,0.107611200459646,0.6626733235004301,0.5084613495477371,0.18386829787863843,-0.25670125382470815,-0.5156398166545103,0.04830813918418496,0.7366578367135526,-0.38993377641971017,0.1077042375718578,0.0240969014810459,0.016354344987640594,0.2304888292408425,-0.21780931846004087,-0.008160525845206547,0.19504770413750144,0.09655607763204871,1.0760917952261373,0.8252409285614324,0.973797815875429,-0.06669175631846973,-0.7791135381688141,-0.2748444294466787,0.2336615097730588,0,0,0,0,0,0,0,0,0,2020
-0.22610267055128733,-0.05008832703676126,0.205855662850699,1.3776093757677557,-0.7137396203413747,0.43714405650433,0.07094815242956116,-0.1697852340438899,0.08670099257430436,0.23468578396114528,0.18467378420148953,0.3203617775336447,0.1952306305527231,-0.4385803805272504,0.05384619252304284,0.6970016336781459,-0.38993377641971017,0.1077042375718578,0.0240969014810459,0.051082739773355416,0.013702433538837449,-0.20890102361792773,-0.13880340308216432,-0.03866669059098391,-0.010472232228857924,1.0760917952261373,0.8252409285614324,0.973797815875429,-0.06669175631846973,-0.7791135381688141,-0.3121649691010133,0.2336615097730588,0,0,0,0,0,0,0,0,0,2021
-0.18852560858904538,-0.05008832703676126,0.1777195768308246,1.279481544718231,-0.2295095369663467,0.30860115743999095,0.10720594890679258,0.1893565056551332,0.09670152678033732,0.30053002081334323,0.10158804469907254,0.5990918755202203,0.35358648467105763,-0.4308360680495195,0.05909749388802919,0.3420257513176083,-0.06241326998481709,0.46322044493610615,0.018541771877015074,0.03541721386458188,-0.40158545194058265,-0.46975619173408345,-0.32495756480364246,-0.5062540827076787,-0.48146666374130165,1.0760917952261373,0.8252409285614324,0.973797815875429,-0.06669175631846973,-0.7791135381688141,-0.3729023179502246,0.2336615097730588,0,0,0,0,0,0,0,0,0,2022
-0.1509485466268034,-0.05008832703676126,0.15187508566558028,1.3776093757677557,-1.0147475100069328,0.30860115743999095,0.0692897916759248,-0.2530329526822463,0.07251841679120306,-0.12745751872594155,-0.1665751307189133,0.631889944311548,0.587488937751756,-0.4485479199633062,0.061635872230648425,0.641169726008018,-0.38993377641971017,0.46322044493610615,0.018541771877015074,0.03541721386458188,-0.4126963014037229,-0.44834849766785073,-0.48779590008303264,-0.3110636150921578,-0.2512900739624966,1.0760917952261373,0.8252409285614324,0.973797815875429,-0.06669175631846973,-0.7791135381688141,-0.37875652024894374,0.2336615097730588,0,0,0,0,0,0,0,0,0,2023
0.4662640480952819,0.13004825251846122,1.8123721757352478,0.9850980515696572,-0.12481114056093515,1.0673004182550354,0.05632442578385869,-0.19755968455513617,0.09724701046430276,0.5968290866482326,-0.36143653956719113,2.2528822556071466,0.20788412433333708,0.3510178517049615,0.023896818973730832,0.6777103070944858,-1.3334531803501433,-0.001950738647795475,-0.08181723863098643,-0.24297616824916468,0.03988964586748726,0.0326670736459702,-0.059675907732211216,0.004734005146484022,0.03743580600256458,0.6112580501329017,0.6906241778767489,0.6153828988361865,0.8716749588679441,-0.7791135381688141,-0.5466989486934496,0.2336615097730588,0,0,0,1,0,0,0,0,0,2023
0.7722569035021907,-0.25595870367130125,-0.7229305286326352,0.8869702205201326,0.35941894281409287,-0.0785027127708273,-0.19167588691903392,-0.06986913762394478,-0.19367762098392896,0.8602060340570234,-0.6217060816736718,-0.6149753258000954,-0.3993338316476052,0.4420456499416321,-0.2150822760507977,-1.2066003888577899,0.425766334525964,-0.1861290722114622,-0.38560055719510355,-0.2174960959879065,0.6169416500298424,0.545662080928941,0.3949741239146279,0.627621862849278,0.592009263404562,0.25369363083041313,0.30600489020622956,0.32865096520479276,0.7863688938509973,0.1698897145932881,0.17812447341671622,0.2336615097730588,0,0,0,1,0,0,1,1,0,2020
0.7612085017564834,-0.25228244694568447,-0.5992459383216711,0.9850980515696572,-0.26877143561837613,-0.0785027127708273,-0.18692694476089342,0.17055068496794298,-0.1991324578235833,0.43221849451773864,-0.3971237028750027,-0.6305395213334232,-0.23813281324723917,0.3486222136195634,-0.2137856584298134,-1.204262041910847,0.425766334525964,-0.1861290722114622,-0.38560055719510355,-0.20824777346344986,0.10028153227033114,0.40262981916096185,0.0761855572471768,0.26679246618010694,0.26512917248832096,0.25369363083041313,0.30600489020622956,0.32865096520479276,0.7863688938509973,0.1698897145932881,0.19532119266920375,0.2336615097730588,0,0,0,1,0,0,1,1,0,2021
0.7501601000107762,-0.24860619022006766,-0.5122958559285802,1.1813537136687065,-0.11172384101025899,-0.0785027127708273,-0.18685156472663722,0.1616554551453927,-0.20349632729530678,0.0042309549784538165,0.3540805976203918,-0.8171396016119384,-0.17157094359655387,0.3617579899365639,-0.2102773103668809,-1.3187878297903246,0.425766334525964,-0.1861290722114622,-0.38560055719510355,-0.20824777346344986,0.0655336792223875,-0.00519153464732508,-0.2412750311282136,-0.013922925589550265,-0.06298596127702327,0.25369363083041313,0.30600489020622956,0.32865096520479276,0.7863688938509973,0.1698897145932881,0.46607804898496485,0.2336615097730588,0,0,0,1,0,0,1,1,0,2023
-0.10287700091693079,-0.07214586739046197,-0.2117034991223067,0.10194757212393568,-1.381191897425873,-0.2760681332778836,0.010116464784809097,-1.5013775880355862,0.033970903124312356,-1.1480431899350048,-0.08478277203599117,-0.7578192414888105,1.4250154550887253,-1.458943076759958,0.12237243379206228,0.49218392248629217,-0.9280246943315766,1.2387142485399925,0.3043250005317833,0.07656281203461358,0.5758305589843983,0.5386698249973575,0.42778289352267096,0.5227971927407369,0.5067587711868343,-1.5430675761645896,-1.751708298831058,-1.582895259004499,-1.047711504013357,-0.9516595841255601,0.3650930593320593,0.2336615097730588,0,0,1,0,0,0,0,0,0,2020
-0.08301226639400343,-0.0905271510185459,-0.35785317741337985,0.20007540317346031,-1.4858902938312846,-0.4766887747607082,0.00257846135918926,-1.5620683688233263,0.04524423259293134,-1.115121071508906,-0.07786968138203186,-0.5978109853037206,1.7946621935200338,-1.303051465807676,0.130234424866992,0.49912168248649935,-0.9280246943315766,1.2387142485399925,0.3043250005317833,0.0652383354740544,0.572470858338195,0.6140953805398751,0.46442549688267476,0.5972154458385814,0.5242119112145245,-1.5430675761645896,-1.751708298831058,-1.582895259004499,-1.047711504013357,-0.9516595841255601,0.15983009123321884,0.2336615097730588,0,0,1,0,0,0,0,0,0,2021
-0.06314753187107605,-0.09420340774416269,-0.4021602036580422,-0.19243592102463816,-1.5513267915846667,-0.4013893726889255,0.10275852688567688,-0.7510995848864268,0.03797111680672555,-1.3126537820654987,0.2591533268901941,-0.5388683752798078,1.8027484499005444,-1.3562743697261948,0.13961246116030332,0.3420257513176083,-0.06241326998481709,1.538089489752458,0.23970478917435661,0.1131786195804216,0.28931372619080375,0.2042334347245838,0.17227244564374253,0.3892138720839641,0.31812979294164634,-1.5430675761645896,-1.751708298831058,-1.582895259004499,-1.047711504013357,-0.9516595841255601,0.10201984353336715,0.2336615097730588,0,0,1,0,0,0,0,0,0,2022
-0.043282797348148695,-0.0905271510185459,-0.40493808650135216,0.20007540317346031,-1.3157553996724909,-0.4013893726889255,0.021121949786214057,-1.4366583590464121,0.04724433943413793,-1.2797316636394,0.1827110755967859,-0.3338367644965768,1.8952911618108337,-1.4300975101299116,0.15564064975200906,0.39672256647889426,-0.9280246943315766,1.538089489752458,0.23970478917435661,0.1131786195804216,-0.5018292114822092,-0.4995294432767767,-0.58605932060016,-0.5482812131391042,-0.41722348748980265,-1.5430675761645896,-1.751708298831058,-1.582895259004499,-1.047711504013357,-0.9516595841255601,-0.053482405026360494,0.2336615097730588,0,0,1,0,0,0,0,0,0,2023
1.2010911410081726,-0.2412536767688341,-0.4271935933084257,0.10194757212393568,0.47720463877018054,-0.0785027127708273,-0.16785579609407522,-0.35064589729766044,-0.1991324578235833,-0.6212892951174238,-0.22705873790601258,-0.09597432429394413,-0.9021791821245483,0.8998839009532899,-0.201442856076213,-0.44080202423512305,-1.025025179396202,0.2707540355063072,0.8418520325221216,-0.20145308752711433,0.6490006202308229,0.7805620974505934,0.402725393219098,0.584485775224968,0.5768086665841773,-0.4793134287396877,-0.3734891846783571,-0.40012603277499903,1.0849401214103112,0.7738008754418982,-0.17568887801212293,0.2336615097730588,0,0,0,1,0,0,1,1,0,2020
0.7623698278591545,-0.2412536767688341,-0.4173760951565964,-0.2905637520741628,0.1761967491046225,-0.0785027127708273,-0.1781074807529182,-0.6669173695141786,-0.18840461203892975,-0.028691163447644878,-0.5861086337115504,-0.14512863808916662,-0.42261925511370546,0.8461346084128032,-0.2025000981364002,-0.41322393942529617,-1.025025179396202,0.2707540355063072,0.8418520325221216,-0.20654910197936596,0.5652314271325806,0.8349121321914347,0.7153791497875628,0.6741153958365637,0.7012733682131498,-0.4793134287396877,-0.3734891846783571,-0.40012603277499903,1.0849401214103112,0.7738008754418982,-0.15410150703559602,0.2336615097730588,0,0,0,1,0,0,1,1,0,2021
0.32364851471013645,-0.2412536767688341,-0.38116330264989096,-0.09430808997511356,0.7258633302330331,-0.0785027127708273,-0.17561993962246367,-0.3731797913124857,-0.19604138361444584,-0.3249902292825343,0.5020152106100203,0.1806595392187566,-0.5584384132085797,1.0765423117892376,-0.20545738371041433,-0.6586813442600584,-1.025025179396202,0.2707540355063072,0.8418520325221216,-0.20654910197936596,0.6761318918988914,0.500587454428762,0.6466743573292668,0.6712376249547873,0.6461518795563238,-0.4793134287396877,-0.3734891846783571,-0.40012603277499903,1.0849401214103112,0.7738008754418982,-0.2737467665156688,0.2336615097730588,0,0,0,1,0,0,1,1,0,2023
1.600008075482204,-0.2743399872993852,-0.28813909544114286,-1.0755864004703597,2.3486884745169108,-0.0785027127708273,-0.2507738337758934,0.23613527348446045,-0.27040899252840006,1.419882047300703,-0.014730859116148689,-0.7274942658249107,-1.4144584983787538,1.0653827221779424,-0.2784070858633302,0.690051249564203,1.4107383358347967,-1.6100684151518923,-0.3767247245266022,-0.2775158217588702,-4.029085797754951,-3.2406803514917852,-2.1089306383544053,-4.213399792801479,-3.6578142344023985,0.3967193985514088,0.4278009979685602,0.29280947350086917,1.1702461864272575,1.0326199443770172,0.3193571038733159,0.2336615097730588,1,0,0,1,0,0,1,0,1,2021
1.600008075482204,-0.2743399872993852,-0.28813909544114286,-1.0755864004703597,1.8513710915912067,-0.0785027127708273,-0.250623073707381,0.5411222487283659,-0.2705908204230552,1.3869599288746037,-0.014730859116148689,-0.7210983660624467,-1.3609993589742666,1.2898014359740773,-0.2784694232489544,0.3420257513176083,-0.06241326998481709,-0.4906918197348412,-0.6836344416185359,-0.27902575196694474,-2.697522043237915,-3.194110815777929,-3.574063323438948,-2.847736581420456,-3.1410824415592664,0.3967193985514088,0.4278009979685602,0.29280947350086917,1.1702461864272575,1.0326199443770172,0.31020991278156723,0.2336615097730588,1,0,0,1,0,0,1,0,1,2022
1.600008075482204,-0.2743399872993852,-0.28813909544114286,-1.0755864004703597,2.584259866429086,-0.0785027127708273,-0.2519045342897364,0.11590904104078704,-0.2718636156856412,0.6626733235004301,-0.014730859116148689,-0.6960442857357378,-1.5023591001446757,1.5241261264414787,-0.2787038118189016,0.2870269902773657,1.4107383358347967,-0.4906918197348412,-0.6836344416185359,-0.27902575196694474,-2.472034419923979,-2.9338692926710945,-3.3099502208146006,-2.616474540277503,-2.2335450911036823,0.3967193985514088,0.4278009979685602,0.29280947350086917,1.1702461864272575,1.0326199443770172,0.27581647427659217,0.2336615097730588,1,0,0,1,0,0,1,0,1,2023
-1.7101702498000777,-0.24860619022006766,2.022631690681165,-1.8606090488665568,0.1107602513512403,-0.0785027127708273,-0.23569782692465374,0.5919877051155872,-0.2565900725346091,0.46514061294383674,-0.014730859116148689,0.3594021945721805,-0.42089718199563375,-0.5563576310363714,-0.264642991117497,0.4150144781901734,0.2824067920497857,-0.05039034981808382,-0.5842544651732291,-0.2693999468904694,0.8401885962730268,0.5477233248931273,0.9158594211749729,1.0837181180097615,0.7962181555432206,0.6023189396503404,0.7226757851826258,0.5675942432309544,-0.27995691886083673,-0.8653865611471871,-0.32167804783643195,0.2336615097730588,1,0,0,0,0,0,0,0,1,2020
-0.890088752344112,-0.24860619022006766,2.0063037510367185,-1.4680977246684581,-0.21642223741567054,-0.0785027127708273,-0.23155192504056285,1.33980508926775,-0.25513544937736793,0.6955954419265293,-0.014730859116148689,0.34371542526034615,-0.14910912031735749,-0.5104781646718768,-0.2644609659514742,0.3420257513176083,-0.06241326998481709,-0.05039034981808382,-0.5842544651732291,-0.2690224643384508,0.8569828551836032,0.9082419211971072,0.5893195852030612,0.7977941398693906,0.8115802335654784,0.6023189396503404,0.7226757851826258,0.5675942432309544,-0.27995691886083673,-0.8653865611471871,-0.31801917139973246,0.2336615097730588,1,0,0,0,0,0,0,0,1,2022
-0.07000725488814631,-0.24860619022006766,1.966745864006656,-1.271842062569409,0.03223645404718198,-0.0785027127708273,-0.23479326651357937,0.822000157741973,-0.2549536214827128,0.6955954419265293,-0.014730859116148689,0.6872070448286571,-0.08030106833875256,-0.5963131766326136,-0.2652788324508643,0.3949682171778996,0.2824067920497857,-0.05039034981808382,-0.5842544651732291,-0.2690224643384508,-0.17850316564508115,-0.539647280088206,-0.3669756487147206,-0.03955465325601664,-0.3359669946965498,0.6023189396503404,0.7226757851826258,0.5675942432309544,-0.27995691886083673,-0.8653865611471871,-0.3886354866280323,0.2336615097730588,1,0,0,0,0,0,0,0,1,2023
-2.0909998927932487,-0.27066373057376836,-0.1504435189164592,-0.8793307383713105,-0.7006523207906985,-0.0785027127708273,-0.23592396702742235,1.2337625248182413,-0.26949985305512436,-1.0821989530828073,-0.014730859116148689,-0.25554755499604426,0.1803309544441895,-0.1638748487745639,-0.2721758407963307,-0.020702414602537075,-0.47911414730314866,0.10981021943491516,1.6013337270808252,-0.2692112056144601,0.42121259921872695,0.40530737662981875,0.35788843932004244,0.35086442646548816,-0.022774493347801864,0.3967193985514088,0.4278009979685602,0.29280947350086917,0.3598385687662638,-0.43402144625532296,-0.09885247284143397,0.2336615097730588,1,0,0,0,0,0,1,0,1,2020
-1.781305666288308,-0.2669874738481516,0.528175098488617,0.2982032342229849,-0.7530015189934041,-0.0785027127708273,-0.2335871859654802,1.6228359969784545,-0.26713609042460745,-0.357912347708633,-0.014730859116148689,-0.2410399454334418,0.2898697793024039,-0.1555084029681191,-0.27233542450352877,0.1671057362755003,-0.47911414730314866,0.10981021943491516,1.6013337270808252,-0.2699661707184974,0.5905885882866415,1.229995077038276,0.9158594211749729,0.8041480060502775,0.8172471334581211,0.3967193985514088,0.4278009979685602,0.29280947350086917,0.3598385687662638,-0.43402144625532296,-0.10653611335850287,0.2336615097730588,1,0,0,0,0,0,1,0,1,2021
-1.4716114397833673,-0.2669874738481516,0.5524510871382268,0.6907145584210834,-0.9362237127028742,-0.0785027127708273,-0.2283105835675463,2.7105167226433395,-0.26586329516202145,0.07007519183065121,-0.014730859116148689,0.20927561354886123,0.4662699647883595,-0.2494075544603318,-0.27263464395452514,0.3420257513176083,-0.06241326998481709,0.09868056139716493,1.490430350903926,-0.26958868816647874,-1.0108746208496697,-0.539647280088206,-0.1617220375323675,-0.48886376176232565,-0.6164785393828205,0.3967193985514088,0.4278009979685602,0.29280947350086917,0.3598385687662638,-0.43402144625532296,-0.2821621823200776,0.2336615097730588,1,0,0,0,0,0,1,0,1,2022
-1.1619172132784263,-0.2669874738481516,0.5995542693177985,0.6907145584210834,-0.7660888185440807,-0.0785027127708273,-0.22800906343052152,3.1202819941139457,-0.2702271646337449,-1.2797316636394,-0.014730859116148689,-0.18343138384250957,0.21417343485151208,-0.3511656866839024,-0.2729338634055215,-0.06738840007442434,-0.47911414730314866,0.09868056139716493,1.490430350903926,-0.26958868816647874,-0.5369406343934692,-1.0222770138499748,-0.390299922712712,-0.05997779455175542,-0.46347224228121986,0.3967193985514088,0.4278009979685602,0.29280947350086917,0.3598385687662638,-0.43402144625532296,-0.13580712485209867,0.2336615097730588,1,0,0,0,0,0,1,0,1,2023
-1.273674617673191,-0.2633112171225348,2.2150928414892577,-0.2905637520741628,0.5949903347262687,-0.0785027127708273,-0.24534647130944714,1.3365536495315458,-0.2696816809497795,0.23468578396114528,-0.014730859116148689,-0.9111541354491809,-0.9256143510791766,1.312017606243436,-0.2760183172462091,0.11492133619016598,1.4107383358347967,-0.8481983696257408,-0.5394921000503409,-0.27506218517074904,0.344378733210095,-0.5967325174148651,-0.9380441636978702,0.2720629542564269,0.34268996825410813,0.8615531436446432,0.5239558198861904,0.8423790129610397,0.2318794712408436,0.6875278524635252,0.6698774665091255,0.2336615097730588,1,0,0,0,0,0,1,0,1,2020
-1.8249325634824278,-0.259634960396918,3.2344982775747475,-0.3886915831236874,1.3540537086655016,-0.0785027127708273,-0.2473817322343645,0.8910303482952251,-0.26949985305512436,0.39929637609163937,-0.014730859116148689,-0.9127435830642857,-1.1062074102439154,1.4097106447595864,-0.27599088879653444,0.1462074466597838,1.4107383358347967,-0.8481983696257408,-0.5394921000503409,-0.2746847026187304,0.1736870269595451,1.229995077038276,0.9158594211749729,0.09700007579982516,0.18655451011121182,0.8615531436446432,0.5239558198861904,0.8423790129610397,0.2318794712408436,0.6875278524635252,0.6739022305894949,0.2336615097730588,1,0,0,0,0,0,1,0,1,2021
-2.3761905092916646,-0.259634960396918,3.2212014336143424,-0.3886915831236874,0.13693485045259354,-0.0785027127708273,-0.24610027165200912,1.434722595206581,-0.26913619726581406,0.5309848497960353,-0.014730859116148689,-0.36813714208956233,0.6474620059072104,1.5215700613587542,-0.2757963961533868,0.3420257513176083,-0.06241326998481709,-0.42487796573288045,-0.577191533579058,-0.2758171502747863,1.1357675530990072,1.229995077038276,0.9158594211749729,1.0837181180097615,1.0665907287348086,0.8615531436446432,0.5239558198861904,0.8423790129610397,0.2318794712408436,0.6875278524635252,-0.0311632587624937,0.2336615097730588,1,0,0,0,0,0,1,0,1,2022
-2.9274484551009015,-0.259634960396918,3.1290069739322917,-0.09430808997511356,0.4902919383208572,-0.0785027127708273,-0.24444191089837275,2.0182955219689678,-0.2702271646337449,0.07007519183065121,-0.014730859116148689,0.4028871368193586,-0.6854225874803032,1.132072374205897,-0.27694091055344794,0.11327101069098922,1.4107383358347967,-0.42487796573288045,-0.577191533579058,-0.2758171502747863,-0.15544578461448091,-0.26023006580507557,0.15966190629262914,0.4215783791583571,-0.11451051204949189,0.8615531436446432,0.5239558198861904,0.8423790129610397,0.2318794712408436,0.6875278524635252,-0.3319229018591905,0.2336615097730588,1,0,0,0,0,0,1,0,1,2023
0.4353550460148972,-0.2375774200432173,-0.8017919710913197,0.39633106527250955,-0.7137396203413747,-0.20775798386856595,-0.16046855273696778,-1.3714596399154757,-0.10385464102428742,0.7943617972048249,1.1583095758070403,-0.466505942262183,0.4550390531487613,-1.0590293845824879,-0.1431524135266945,0.5680863572905125,-0.12396206674847644,0.7182349669857834,0.21589192348467506,-0.1512479081086353,0.06523431310382444,0.028783295231211155,0.04508652524984641,0.13826283029223949,0.2505571441929271,1.2638131153599428,0.8508822144061328,1.1888467660989739,-1.8154660891658776,-0.6065674922120681,0.0398189441094761,0.2336615097730588,0,1,0,0,0,0,1,0,0,2020
0.5189146624642933,-0.2375774200432173,-0.8026452125929298,0.6907145584210834,-0.8315253162974628,-0.46994456293300646,-0.16046855273696778,-1.3421434127969072,-0.12112829101652618,0.20176366553504657,0.8920450507976403,-0.31869221700857203,0.5828468276073887,-0.9646656035857104,-0.14216748283383143,0.6026241922917724,-0.12396206674847644,0.7182349669857834,0.21589192348467506,-0.15200287321267258,-0.04880173512099272,0.07871567824697151,-0.0699838447326339,-0.003301631159253823,0.12561172241745633,1.2638131153599428,0.8508822144061328,1.1888467660989739,-1.8154660891658776,-0.6065674922120681,-0.06262959611810918,0.2336615097730588,0,1,0,0,0,0,1,0,0,2021
0.6024742789136894,-0.2412536767688341,-0.8801093229246332,0.788842389470608,-0.9754856113549036,0.22773603011324264,-0.13001501889746364,-0.6243598824509298,-0.11367334733566524,0.3663742576655412,1.5958744741508406,-0.1885266643843129,0.9247906506610217,-1.0353044462066656,-0.1437358914561374,0.5127666724310194,-0.12396206674847644,0.7182349669857834,0.21589192348467506,-0.15200287321267258,-1.6238218917793912,-0.8349522469758127,-0.789090229190161,-1.6221335218452997,-1.45766643482027,1.2638131153599428,0.8508822144061328,1.1888467660989739,-1.8154660891658776,-0.6065674922120681,-0.13361179899007897,0.2336615097730588,0,1,0,0,0,0,1,0,0,2023
0.5061847757509936,9.828013494695542,0.6621157411497904,0.8869702205201326,-0.16407303921296454,0.12978775654037286,11.749802999845143,-0.40789039948666067,12.131344390320407,-0.061613281873743576,0.34653953715226976,0.7013159553189904,0.5096212837172085,0.5203593051630453,11.466856517592738,0.443476949654438,-1.718267439328819,0.9644715667278577,0.7488282435985042,11.63262491825723,-0.7734242259808185,-0.7024208492227243,-0.7669060996708239,-0.94103769764724,-0.834395063150561,-1.248076930240037,-0.9440077947229643,-1.2961633253731053,0.1892264387323702,-0.7791135381688141,-0.39119670013372193,0.2336615097730588,0,0,0,0,0,0,0,0,0,2021
0.5061847757509936,9.971387506994596,0.6861653672157126,0.8869702205201326,0.09767295180056415,0.007698318333310858,13.7814456831182,0.19200187842069885,11.441489357998787,-0.357912347708633,0.5886152502620877,0.8582268835519312,0.5296871791799573,0.5390327036144015,11.529014371546385,0.3420257513176083,-0.06241326998481709,1.3186440400419948,0.707629430806628,12.195073920765003,-0.8063296709606351,-0.5360866314823229,-0.6515482170353178,-0.9777247284117944,-0.8721560640163845,-1.248076930240037,-0.9440077947229643,-1.2961633253731053,0.1892264387323702,-0.7791135381688141,-0.4164429475469483,0.2336615097730588,0,0,0,0,0,0,0,0,0,2022
0.5061847757509936,9.971387506994596,0.6745600894490589,1.279481544718231,0.05841105314853476,0.007698318333310858,11.92890596123787,-0.291226208070376,12.36153850495382,-0.028691163447644878,0.5619892091528329,1.073980134171825,0.6519543705630496,0.6048852848768703,11.50352336781692,0.3892491277402428,-1.718267439328819,1.3186440400419948,0.707629430806628,12.195073920765003,-0.49735171633841135,-0.36750033717785074,-0.5016105838013829,-0.6722955168427858,-0.5800733971253761,-1.248076930240037,-0.9440077947229643,-1.2961633253731053,0.1892264387323702,-0.7791135381688141,-0.4457139590405441,0.2336615097730588,0,0,0,0,0,0,0,0,0,2023
-0.2573678193359953,-0.20816736623828302,-0.4567989850609676,0.788842389470608,0.03223645404718198,0.8318016183229984,-0.12390923612271158,-0.9743203144263108,-0.04094218947360731,1.5844926394311971,-0.25275456295507837,-0.14340881654601417,-0.3519393845285009,-0.42148914975786983,-0.11941683057640717,0.6810552992135662,0.018786682165761164,-0.720092073560658,0.35322512711543896,-0.13860224261601087,0.28624943898950317,0.42780672627370103,0.2826531075589035,0.397260550344297,0.45435147065774195,0.709588265441085,0.5431867842697162,0.7348545378492674,0.2318794712408436,0.5149818065067792,-0.15483328232293592,0.2336615097730588,0,0,0,0,0,0,1,0,0,2020
0.007862035652340671,-0.20449110951266625,-0.4019461474421663,0.8869702205201326,0.5557284360742394,0.4983818258700038,-0.10792866886039754,-0.619756723066137,-0.08930840945187583,0.2676079023872446,-0.1823053902083989,-0.13993618997022006,0.025419246561998437,-0.5480606974019732,-0.11984820528492694,0.6615124217158823,0.018786682165761164,-0.720092073560658,0.35322512711543896,-0.13143007412765673,0.6186774342488739,0.5668972383023569,0.37748929348356386,0.46499737842729744,0.5147647391880416,0.709588265441085,0.5431867842697162,0.7348545378492674,0.2318794712408436,0.5149818065067792,-0.15629683289761573,0.2336615097730588,0,0,0,0,0,0,1,0,0,2021
0.2730918906406766,-0.20081485278704947,-0.3400466090303481,0.6907145584210834,-0.3342079333717583,0.6163918700634781,-0.10694872841506696,-0.45844271065363906,-0.08785378629463467,0.33345213923944195,-0.036851125489798776,0.003131478579622918,0.13578167160711668,-0.6660719866233267,-0.11337259766628043,0.6128939139921072,0.018786682165761164,-0.720092073560658,0.35322512711543896,-0.13143007412765673,-0.16918209671781514,-0.34302035151859755,-0.035197500615589516,-0.07620043160936969,0.08513189626274677,0.709588265441085,0.5431867842697162,0.7348545378492674,0.2318794712408436,0.5149818065067792,-0.21520474352847724,0.2336615097730588,0,0,0,0,0,0,1,0,0,2023
-0.9204771470742531,-0.25228244694568447,-0.1903221173500995,-0.486819414173212,-1.865421980800901,-0.0785027127708273,-0.24074828921981903,1.386815486367567,-0.26877254147650376,-1.0821989530828073,-0.014730859116148689,-0.1699792459435549,1.345051364214786,-0.19873295122087328,-0.2718940758133091,-3.192874052704557,0.05692346185653049,0.907382328072981,-0.7057039790053019,-0.270343653270516,-2.498758878983408,-0.8673588277042179,-0.1484185627335168,-1.7119830015850612,-1.426845224032052,0.3967193985514088,0.4278009979685602,0.29280947350086917,-0.6211811789286235,-1.2104786530606793,-0.1694687880697338,0.2336615097730588,1,0,1,0,0,0,0,0,1,2021
-0.9204771470742531,-0.25228244694568447,-0.1903221173500995,0.20007540317346031,-1.7607235843954896,-0.0785027127708273,-0.23924068853469507,1.9914885263611755,-0.2689543693711589,-1.049276834656708,-0.014730859116148689,-0.1699792459435549,1.4865608508737234,0.37026999159422647,-0.2722257107048301,0.3420257513176083,-0.06241326998481709,1.1271299570389046,-0.6491421040921314,-0.26883372306244147,-0.9975414396450176,-0.0010604757453628049,0.9158594211749729,-1.1042218886296626,-0.8847939299522974,0.3967193985514088,0.4278009979685602,0.29280947350086917,-0.6211811789286235,-1.2104786530606793,-0.1694687880697338,0.2336615097730588,1,0,1,0,0,0,0,0,1,2022
-0.9204771470742531,-0.25228244694568447,-0.1903221173500995,0.8869702205201326,-1.8785092803515777,-0.0785027127708273,-0.24172822966514962,1.237838338435611,-0.27004533673908976,-1.3455759004915975,-0.014730859116148689,-0.1699792459435549,1.2354376666123077,-0.12641423079354683,-0.2723404114943787,-3.4787964119764627,0.05692346185653049,1.1271299570389046,-0.6491421040921314,-0.26883372306244147,-1.4021345244757824,-3.651776942620985,-0.07502008108464983,-1.5191760278198996,-2.802534025558594,0.3967193985514088,0.4278009979685602,0.29280947350086917,-0.6211811789286235,-1.2104786530606793,-0.1694687880697338,0.2336615097730588,1,0,1,0,0,0,0,0,1,2023
-0.9962642513661086,-0.2669874738481516,0.42731322666477406,-0.09430808997511356,1.484926704172266,-0.0785027127708273,-0.2470802120973397,-0.009528654146970827,-0.26459049989943545,0.20176366553504657,-2.2888125817471185,-1.0855010722439498,-1.0445871417146535,1.0234150660048043,-0.2713031173975913,-0.8792433243546094,-0.248420191842262,-1.2180266503573498,-1.746951876852527,-0.27411847879070245,-0.2796009132407771,-0.948026285578928,-0.18935233134537613,-0.36789592485677813,-0.22807793904798165,0.7274664864062099,0.5431867842697162,0.7229073739479589,1.2982052839526776,0.9463469213986443,1.3050584159201541,0.2336615097730588,0,0,0,1,0,0,1,0,1,2020
-0.4790273490137704,-0.2669874738481516,0.40487200557981506,0.20007540317346031,0.8436490261891209,-0.0785027127708273,-0.24602489161775293,0.21975830986009764,-0.2620449093742634,1.0577387446136157,-2.3827877004133833,-1.0855010722439498,-1.214323652961114,1.072853608729321,-0.2716896091884616,-0.7198373177636984,-0.248420191842262,-1.2180266503573498,-1.746951876852527,-0.2744959613427211,0.22713594507839943,1.229995077038276,0.9158594211749729,0.15181774481148347,0.6510180699403352,0.7274664864062099,0.5431867842697162,0.7229073739479589,1.2982052839526776,0.9463469213986443,1.3050584159201541,0.2336615097730588,0,0,0,1,0,0,1,0,1,2021
0.03820955333856779,-0.2669874738481516,0.4575958415671954,0.0038197410744110656,0.39868084146612226,-0.0785027127708273,-0.24640179178903393,0.7074926116885023,-0.26222673726891854,1.0577387446136157,-2.355510040470008,-1.0920728096632166,-0.7475669652194132,0.9619243182481406,-0.2714502336276645,0.3420257513176083,-0.06241326998481709,-0.2991672567888846,-1.6524432927113895,-0.2767608566548329,0.24365651976969233,-0.31442007099937835,0.39339568361989824,0.6262397529851541,0.25055714419293207,0.7274664864062099,0.5431867842697162,0.7229073739479589,1.2982052839526776,0.9463469213986443,1.3401836297124692,0.2336615097730588,0,0,0,1,0,0,1,0,1,2022
0.5554464556909059,-0.2669874738481516,0.42460619866644034,0.0038197410744110656,0.6342522333782977,-0.0785027127708273,-0.24700483206308352,0.277756036834179,-0.265317811478056,0.10299731025675049,-2.0100407099834374,-1.0675210589669688,-0.8449764055068615,0.5564581473402342,-0.2723055025584291,-0.9872818156155891,-0.248420191842262,-0.2991672567888846,-1.6524432927113895,-0.2767608566548329,-1.3175377885566224,-1.6014326943640946,-1.3829810240673535,-1.9356390911526455,-0.7286831572573292,0.7274664864062099,0.5431867842697162,0.7229073739479589,1.2982052839526776,0.9463469213986443,1.2146841679336773,0.2336615097730588,0,0,0,1,0,0,1,0,1,2023
-0.696235185627048,0.06387563145735908,0.09725830655662121,0.788842389470608,-1.3681045978751967,-1.6304777406619282,0.16065039319443722,-0.8503052129711346,0.18688816252928916,-0.5883671766913251,-0.15567273427530182,-0.17804281767795255,0.9994387766922177,-1.1983886940135173,0.26933157365350613,0.40411544562843377,-0.7522355200834603,1.0987072340585726,-0.18714300157413252,0.24586373661497335,0.12301517006678979,0.14175949229999973,-0.09653027668530888,0.03607638173455263,-0.011531934116340105,-1.5967022390599632,-1.578629619379323,-1.6187367507084225,-0.791793308962517,-1.296751676039052,-0.13836833835778828,0.2336615097730588,0,0,1,0,0,0,0,0,0,2020
-0.758235190525146,0.07122814490859265,0.07159505462642198,0.9850980515696572,-1.472802994280608,-1.4262238563875427,0.18771182549241242,-0.7502989961908526,0.16725074990653352,-0.9505104793784119,-0.44056992292992103,-0.09492152696728197,1.352089402175601,-0.9504627735382704,0.28818239906627763,0.4369577195859795,-0.7522355200834603,1.0987072340585726,-0.18714300157413252,0.2683239484600824,0.2728871108284257,0.34943257130780664,0.04347457986679676,0.21737164000129872,0.15266936877953868,-1.5967022390599632,-1.578629619379323,-1.6187367507084225,-0.791793308962517,-1.296751676039052,-0.17605476565579287,0.2336615097730588,0,0,1,0,0,0,0,0,0,2021
-0.820235195423244,0.082256915085443,0.06793409666256454,1.0832258826191818,-1.656025187990078,-1.4983176477401732,0.22306506155856945,-0.5944786223702421,0.18452439989877228,-0.9834325978045106,0.47117736281972034,-0.10361512792320252,1.6980763534194894,-1.0657084313098488,0.31604471694488995,0.3420257513176083,-0.06241326998481709,1.3620309062709226,-0.20926237728525546,0.33041982826714855,0.09857061356508835,0.003976232960197018,-0.1324525786585139,0.10574697968577482,0.07958795302313491,-1.5967022390599632,-1.578629619379323,-1.6187367507084225,-0.791793308962517,-1.296751676039052,-0.1723958892190934,0.2336615097730588,0,0,1,0,0,0,0,0,0,2022
-0.882235200321342,0.10063819871352693,0.07168642008441765,1.3776093757677557,-1.3026681001218146,-1.4983176477401732,0.21040121580352814,-0.8018296796767951,0.20361632883756248,-0.9834325978045106,0.6056615479204739,0.01277090338278194,1.8347191117012673,-1.2694751641414743,0.35103344474806586,0.3854162037870429,-0.7522355200834603,1.3620309062709226,-0.20926237728525546,0.33041982826714855,0.18844286325002813,0.09578907694566574,-0.13151916493778004,0.11213378810365901,0.03808214193851946,-1.5967022390599632,-1.578629619379323,-1.6187367507084225,-0.791793308962517,-1.296751676039052,-0.21849773232150677,0.2336615097730588,0,0,1,0,0,0,0,0,0,2023
-2.5218770606756737,-0.2633112171225348,2.3862345152844386,-0.6830750762722613,-1.0540094086589622,-0.0785027127708273,-0.23976834877448847,1.813110324677698,-0.27240909936960667,-0.9505104793784119,-0.014730859116148689,0.2907579814101936,0.8151020803142794,-1.4760447125446552,-0.27637987408282977,0.3420257513176083,-0.06241326998481709,0.6790346509420412,1.695447373663629,-0.27732708048286087,0.6976773135176408,0.7243829750021338,0.4027253932190916,0.6344090095034468,0.6658599506115598,0.3967193985514088,0.4278009979685602,0.29280947350086917,0.274532503749317,-0.6928405151904411,-0.30448132858394444,0.2336615097730588,1,0,0,0,0,0,1,0,1,2022
-2.5218770606756737,-0.2633112171225348,2.429668535254945,-0.2905637520741628,-1.0016602104562564,-0.0785027127708273,-0.23991910884300086,1.8560300252476971,-0.27204544358029636,-0.6871335319696211,-0.014730859116148689,1.2459116989457717,0.7903192019628994,-1.1606242703044984,-0.27764158276786444,0.4176192605612867,-0.9030621735762624,0.6790346509420412,1.695447373663629,-0.27732708048286087,-0.366256125465666,-0.5035321299427695,-0.8434572461023205,-0.4567702540118766,-0.30734336768774806,0.3967193985514088,0.4278009979685602,0.29280947350086917,0.274532503749317,-0.6928405151904411,-0.46583777944239124,0.2336615097730588,1,0,0,0,0,0,1,0,1,2023
-0.37806338186746985,-0.18610982588458233,-0.369632236010344,1.3776093757677557,0.9614347221452085,1.251344390564408,-0.10265206646246365,-0.6087896610185097,-0.02294122790274797,0.9260502709092209,0.3110087659248237,-0.4503681014454454,-0.8606248090580351,0.11277924362029153,-0.08058562632335281,0.6950770214328753,0.1472649856667859,-0.001950738647795475,-0.08181723863098643,-0.10274140017424013,0.30579360666824457,0.15940547193091226,0.17245330704187953,0.3827064939919547,0.3297245814992291,1.8001597443136756,1.850892362349487,1.7742577972630695,0.1892264387323702,0.1698897145932881,0.027378764224697885,0.2336615097730588,0,0,0,0,0,0,1,0,0,2020
-0.3997999959509161,-0.17875731243334875,-0.3180640798365518,1.3776093757677557,0.01914915449650536,1.8146055650827155,-0.09775236423581075,-0.5523403868055082,-0.03185079474085007,0.5639069682221334,0.7079876568277917,-0.2807360207562791,-0.33569199902321545,0.5763271863314955,-0.07717452458199416,0.6063825894426159,0.1472649856667859,-0.001950738647795475,-0.08181723863098643,-0.10274140017424013,-0.45181123219887487,-0.7167904482939896,-0.39162060961249556,-0.4427516540642538,-0.340221467062877,1.8001597443136756,1.850892362349487,1.7742577972630695,0.1892264387323702,0.1698897145932881,-0.08494874238197597,0.2336615097730588,0,0,0,0,0,0,1,0,0,2023
0.06519702495423124,1.144695108788694,0.15714034648779707,0.788842389470608,2.335601174966234,-0.8093546052735149,2.384889063992082,-0.44343547553420987,1.4540467603809932,-1.1809653083611034,2.2423352698101584,0.32730613923957075,-1.2014455409477083,1.7910904835025094,1.8734171284999641,0.6557130181292266,-1.593932520516581,-0.6822203359924429,2.240203766825983,2.242935178069585,0.9027096078426098,1.0061053405702407,0.7706907587166404,0.8571267802182063,0.7868647580850567,-1.0961120520364802,-0.48246464951833845,-1.2483746697678717,1.2982052839526776,0.9463469213986443,-0.3136285196756931,0.2336615097730588,0,0,0,1,0,0,1,0,0,2020
0.06519702495423124,1.1888101894960954,0.19859826212393664,0.6907145584210834,1.942982188445941,-0.9428484847752925,2.6791727177282803,-0.07426565647138149,2.5262858551623824,1.0577387446136157,2.0701628742746454,0.48830278580225345,-0.9864858921657987,1.8564278286659648,1.8803191238362806,0.6485153083993771,-1.593932520516581,-0.6822203359924429,2.240203766825983,2.2197200011204385,0.4795940685044864,0.7068227942128639,0.6241616743449652,0.4336996712126079,0.39086745257010064,-1.0961120520364802,-0.48246464951833845,-1.2483746697678717,1.2982052839526776,0.9463469213986443,-0.3505831716863578,0.2336615097730588,0,0,0,1,0,0,1,0,0,2021
0.06519702495423124,1.1998389596729457,0.20600147466325552,0.6907145584210834,1.301704510462796,-1.0778253904693849,2.9049359203255944,0.28124354017563064,2.5155580093777288,0.9918945077614182,2.7219719311324537,0.6315819498353737,-0.6123467890786509,1.8187939360865206,1.8965093896306093,0.3420257513176083,-0.06241326998481709,-0.20578502994779907,2.151803774445374,2.4348850557710633,0.3851211286647364,0.6211713422262929,0.5819132246746188,0.37035288173318426,0.3597999065070978,-1.0961120520364802,-0.48246464951833845,-1.2483746697678717,1.2982052839526776,0.9463469213986443,-0.37875652024894374,0.2336615097730588,0,0,0,1,0,0,1,0,0,2022
-0.1400031015148279,-0.24492993349445089,-0.5964896848520908,0.0038197410744110656,-0.5828666248346104,-0.0785027127708273,-0.1732831585605215,-0.24879851596137162,-0.1767676267810005,0.39929637609163937,0.040532554923846775,-0.6888623537609245,-0.12140620493968195,0.32625600747291966,-0.19441369247322318,0.4270948961654316,0.658981258608003,0.3386009021587408,-0.11340836801000333,-0.20164182880312365,-0.556167165284184,-0.2670816756572294,-0.273195981536575,-0.6515446458766774,-0.739000823268777,0.45929317192934355,0.4085700335850345,0.6034357349348797,0.8290219263594707,0.42870878352840713,0.26630339554117355,0.2336615097730588,0,0,0,1,0,0,1,0,0,2021
-0.1400031015148279,-0.24492993349445089,-0.6039208664091636,0.0038197410744110656,-0.28185873516905274,-0.0785027127708273,-0.16974029695048018,-0.08694159849517615,-0.18204063572599968,0.10299731025675049,0.38673735352254457,-0.4555964302522822,0.12979185206599764,0.20075654175758986,-0.193523514606509,0.3420257513176083,-0.06241326998481709,0.7398881046253932,-0.15485257826371845,-0.20164182880312365,-0.5926975739765526,-0.37877070216761527,-0.5862238242958686,-0.6318257508325167,-0.6164785393828205,0.45929317192934355,0.4085700335850345,0.6034357349348797,0.8290219263594707,0.42870878352840713,0.031403528305067305,0.2336615097730588,0,0,0,1,0,0,1,0,0,2022
-0.1400031015148279,-0.24492993349445089,-0.6127557197372419,0.20007540317346031,-0.16407303921296454,-0.0785027127708273,-0.1693633967791992,-0.06568221777727783,-0.18349525888324086,-0.028691163447644878,-0.027429191293417404,-0.37947187368017254,-0.17494021708843333,0.07249497042778104,-0.19485753465886782,0.244006227228784,0.658981258608003,0.7398881046253932,-0.15485257826371845,-0.20164182880312365,-0.5639821062466955,-0.7317331710465084,-0.477779416876088,-0.6014504552333079,-0.6436875113847239,0.45929317192934355,0.4085700335850345,0.6034357349348797,0.8290219263594707,0.42870878352840713,-0.023845505889094752,0.2336615097730588,0,0,0,1,0,0,1,1,0,2023
0.900344874450372,-0.22654864986636697,0.758061032572748,-0.09430808997511356,0.03223645404718198,-0.0785027127708273,-0.19408804801523225,0.04974528028454896,-0.21949718202495952,-0.09453540029984286,-0.0004327484809634402,0.08542996494439245,-0.2810348957105043,0.23606770869224378,-0.23252926353931122,0.3714938216403984,-0.4945567246086242,-0.001950738647795475,-0.08181723863098643,-0.24297616824916468,-0.46919855826448936,-0.26951495766079925,-0.6059586305820198,-0.40558060925103145,-0.33159765599427155,-0.4793134287396877,-0.3734891846783571,-0.40012603277499903,0.9569810238848909,0.7738008754418982,-0.2441098673784031,0.2336615097730588,0,0,0,1,0,0,1,1,0,2023
-0.6979474907198177,-0.1640522855308816,0.464144693844194,1.0832258826191818,-0.7530015189934041,0.4109157048386291,-0.14267886465250498,-0.5273420564753055,-0.1269467836454908,0.10299731025675049,2.151618933023256,-0.5222221875743918,0.4556380351028732,-0.9081747479591303,-0.13484907376154512,0.6979941600028204,-0.7163362350210669,1.1331065646717926,-0.6526726994673658,-0.1714432246416325,-0.7363891464156216,-0.9757276701591212,-0.7744644356208598,-0.6763735248512054,-0.7172664711778851,-0.5597654230827473,-0.8158013654994571,-0.447914688380231,-1.7728130566574043,-1.9006628368876624,0.08665256249922937,0.2336615097730588,0,1,0,0,0,0,0,0,0,2020
-0.7459459663020097,-0.1714047989821152,0.26674719786266937,1.3776093757677557,-1.0147475100069328,1.0813224336977598,-0.15436276996221573,-0.9411004607773668,-0.14040204784997154,-0.4566787029869297,1.86454453622644,-0.4309350317396246,1.4751801937455973,-0.6967660365545026,-0.13209126782152855,0.7533254299117224,-0.7163362350210669,1.1331065646717926,-0.6526726994673658,-0.16030748935708264,-1.1054249286744877,-0.8947304936714973,-1.052968040084771,-1.132775754947961,-1.0933024049017397,-0.5597654230827473,-0.8158013654994571,-0.447914688380231,-1.7728130566574043,-1.9006628368876624,0.012743258477899989,0.2336615097730588,0,1,0,0,0,0,0,0,0,2021
-0.7939444418842018,-0.1714047989821152,0.23469433059654962,1.279481544718231,-1.0147475100069328,0.9284726944708928,-0.12903507845213308,-0.29399322462533717,-0.13822011311410978,-0.4896008214130284,2.2572370837388793,-0.1462962090447942,2.2924161973870256,-0.6712567369193413,-0.1273935224408855,0.3420257513176083,-0.06241326998481709,1.455496005650041,-0.7791864270733282,-0.15728762894093354,-2.4799854986524035,-1.6170328473745754,-1.1819116462810018,-2.6246292348412203,-2.33354920685636,-0.5597654230827473,-0.8158013654994571,-0.447914688380231,-1.7728130566574043,-1.9006628368876624,-0.15336973174825613,0.2336615097730588,0,1,0,0,0,0,0,0,0,2022
-0.8419429174663938,-0.17875731243334875,0.06525913980458864,1.3776093757677557,-0.8446126158481391,0.9284726944708928,-0.1410958839331248,-0.639191218976088,-0.13967473627135094,-0.6542114135435224,2.4042576978195065,0.15159261624516326,1.054170752749193,-0.5656203553057183,-0.1256605431205315,0.6377213331805114,-0.7163362350210669,1.455496005650041,-0.7791864270733282,-0.15728762894093354,-1.5106551186577946,-1.4528446480514305,-1.2623421668826262,-1.7405105640299054,-1.4195757314583857,-0.5597654230827473,-0.8158013654994571,-0.447914688380231,-1.7728130566574043,-1.9006628368876624,-0.26533135071126,0.2336615097730588,0,1,0,0,0,0,0,0,0,2023
-0.620626144643822,-0.24492993349445089,-0.6000816525721552,0.5925867273715588,-0.19024763831431732,0.2474961134233056,-0.16137311314804217,-0.01570917078954683,-0.16767623204824325,0.7943617972048249,0.19607620648055404,0.5790978636316713,-0.20608727870225232,0.0641539518120407,-0.19401223970980305,0.5808830036852974,0.13190905137795284,0.43065283175456076,0.15500364764377692,-0.19899945093899318,0.564022664153838,0.45015268237236766,0.48969726236416117,0.6572552353597051,0.5436031030485383,0.772162038819021,0.77395835687203,0.7945903573558077,0.1465734062238968,-1.0379326071039332,-0.36887755386985516,0.2336615097730588,0,0,0,0,0,0,0,0,0,2020
-0.620626144643822,-0.2412536767688341,-0.5066170265638437,0.9850980515696572,-0.3080333342704055,0.2474961134233056,-0.16250381366188515,-0.05485165877454088,-0.1727674130985873,0.46514061294383674,0.4785438432720946,0.6239850499049624,-0.3368899629314393,0.16718200166315847,-0.19332902196336135,0.580797680279683,0.13190905137795284,0.43065283175456076,0.15500364764377692,-0.19597959052284405,0.015536803484564292,-0.19218325562958313,-0.1994455893592605,-0.00775423690054621,-0.06057894854336188,0.772162038819021,0.77395835687203,0.7945903573558077,0.1465734062238968,-1.0379326071039332,-0.37729296967426396,0.2336615097730588,0,0,0,0,0,0,0,0,0,2021
-0.620626144643822,-0.2375774200432173,-0.4135413563624287,0.9850980515696572,-0.47816822842919926,0.2474961134233056,-0.15504119027052152,0.27096827709398325,-0.17858590572755195,0.1688415471089479,0.8105955911929997,0.6790757232239576,-0.08966016137175105,-0.036990658225302384,-0.19311458135681395,0.3420257513176083,-0.06241326998481709,0.8609373315266515,0.1833205182655492,-0.1963570730748627,0.8034914345903327,0.8465059883607409,0.8509937201241149,0.8565279593067885,0.7626504545826303,0.772162038819021,0.77395835687203,0.7945903573558077,0.1465734062238968,-1.0379326071039332,-0.38717193605335254,0.2336615097730588,0,0,0,0,0,0,0,0,0,2022
-0.048061362355669116,-0.2633112171225348,-0.875885628323569,0.20007540317346031,0.8174744270877681,-0.0785027127708273,-0.21722971853188516,-0.5775310274730923,-0.1978596625609973,1.6503368762833945,0.09742601666568022,-0.41204440671904885,-0.8408584045723422,0.5210332330959134,-0.22852720338223473,-0.9000512895929973,0.570964818967561,-1.2155712245378658,-0.995813410740859,-0.23769141252090373,-0.5081999438867212,0.062395996047608496,-0.26910988049632895,-0.6023490520551534,-0.43718250051118107,1.505169098389123,1.5624278965965963,1.5592088470395247,0.9996340563933643,0.7738008754418982,-0.0011604719815580128,0.2336615097730588,0,0,0,1,0,0,1,1,0,2021
-0.048061362355669116,-0.2633112171225348,-0.8702515493872385,0.10194757212393568,0.6735141320303271,-0.0785027127708273,-0.21315919668205044,-0.18513613696216344,-0.2064055736097891,0.9589723893353189,-0.20290880161307326,-0.11303860001477482,-0.662062291269939,0.6698122818122811,-0.22885883827375572,0.3420257513176083,-0.06241326998481709,-0.8019742254835615,-1.0699752466165147,-0.23448281082874528,-0.9821938929346308,-0.60330347998484,-0.5312523698948414,-0.7264480745336509,-0.70930969805598,1.505169098389123,1.5624278965965963,1.5592088470395247,0.9996340563933643,0.7738008754418982,-0.168371125138724,0.2336615097730588,0,0,0,1,0,0,1,1,0,2022
1.3048578196308365,-0.2375774200432173,-0.3814981850224633,0.0038197410744110656,0.3332443437127401,1.3417384817876312,-0.18835916541176118,-0.5892309284632229,-0.19440493256254954,-0.6212892951174238,0.36285746703885974,0.7822953249656155,-0.3300765432034164,-0.1642520799771271,-0.19488745660396745,-2.2736341078237556,-1.1211656257677745,-0.12319149564804972,-0.44993734234433547,-0.20239679390716095,0.589484987143299,-0.030964659213791445,0.5668451835369643,0.829048987682297,0.6577479915402424,0.34308473565603526,0.3636977833568067,0.26891514569825237,1.0422870889018376,0.7738008754418982,-0.40473454294951,0.2336615097730588,0,0,0,1,0,0,1,1,0,2020
1.2910671100297648,-0.2412536767688341,-0.49686367069272985,-0.09430808997511356,-0.5174301270812282,1.1327892767768724,-0.19318348760415788,-0.8171501231912878,-0.17949504520082765,0.07007519183065121,-0.03728104239029929,1.012788629604443,0.47023822023435086,-0.1776523723659402,-0.19437629004184864,-2.148516767573534,-1.1211656257677745,-0.12319149564804972,-0.44993734234433547,-0.2165523896078599,0.601148955643785,0.6129769186212942,0.35923945864656803,0.596331966409699,0.6862360918720684,0.34308473565603526,0.3636977833568067,0.26891514569825237,1.0422870889018376,0.7738008754418982,-0.43803031852347524,0.2336615097730588,0,0,0,1,0,0,1,0,0,2021
1.2772764004286934,-0.2412536767688341,-0.5025827754430321,-0.09430808997511356,-0.6221285234866397,1.1327892767768724,-0.18338408315085208,-0.44530769656326047,-0.17894956151686223,0.1688415471089479,0.15804751954020632,1.0212459974599692,0.270552611282295,-0.5771267082175144,-0.1946854834745449,0.3420257513176083,-0.06241326998481709,0.4869499901690796,-0.5465558421365351,-0.21145637515560828,-0.43017202668117904,-0.4568129569886678,-0.001231181980207502,0.06655877449760292,0.25489774836602,0.34308473565603526,0.3636977833568067,0.26891514569825237,1.0422870889018376,0.7738008754418982,-0.43912798145448506,0.2336615097730588,0,0,0,1,0,0,1,1,0,2022
1.2634856908276217,-0.2412536767688341,-0.49913102573197327,-0.19243592102463816,-0.4127317306758171,1.1327892767768724,-0.1873792249664306,-0.5459806023344985,-0.17494934783444904,0.3663742576655412,0.3956123374929456,1.1326769280544786,0.07565885796313436,-0.318212350171459,-0.200699794439572,-2.401545803761203,-1.1211656257677745,0.4869499901690796,-0.5465558421365351,-0.21145637515560828,0.27495866129001423,-0.1360446372347989,-0.0924039320014865,0.2008651328745547,0.03312714304854754,0.34308473565603526,0.3636977833568067,0.26891514569825237,1.0422870889018376,0.7738008754418982,-0.4530317119139431,0.2336615097730588,0,0,0,1,0,0,1,1,0,2023
2.54315786542656,-0.25228244694568447,-0.1903221173500995,-1.4680977246684581,0.3201570441620634,-0.0785027127708273,-0.24760787233713308,0.0701660566568748,-0.27204544358029636,-0.5225229398391271,-0.014730859116148689,-1.4793883436916295,-0.910490056737851,2.2490986328515765,-0.2738414957402105,-0.7157312762706748,1.4107383358347967,-2.230805060298718,-0.7215649946549961,-0.2748734438947397,0.47271205535424365,1.229995077038276,0.9158594211749729,0.40368271054075217,0.46007928076449267,-0.27371388764075727,-0.32861693445013107,-0.12534126304491375,1.2982052839526776,0.8600738984202713,0.43753881277870893,-4.279695021106552,1,0,0,1,0,0,1,0,1,2020
2.206887713506659,-0.25228244694568447,-0.1903221173500995,-1.271842062569409,2.440299571371646,-0.0785027127708273,-0.24617565168626532,0.5839562912310048,-0.2667724346352972,1.3869599288746037,-0.014730859116148689,-1.4793883436916295,-1.1622122229533784,1.9793188450545702,-0.27361458765653823,-0.7494790554335435,1.4107383358347967,-2.230805060298718,-0.7215649946549961,-0.27694959793084223,-1.0289136307147873,1.229995077038276,0.9158594211749729,-0.39635894530514715,-0.9134907631682885,-0.27371388764075727,-0.32861693445013107,-0.12534126304491375,1.2982052839526776,0.8600738984202713,0.43753881277870893,-4.279695021106552,1,0,0,1,0,0,1,0,1,2021
1.870617561586758,-0.25228244694568447,-0.1903221173500995,-1.6643533867675075,1.6027124001283537,-0.0785027127708273,-0.24218050987068682,2.36097747746662,-0.2656814672673663,1.0248166261875176,-0.014730859116148689,-1.4793883436916295,-1.1925356843802937,1.9822745155711452,-0.27760168684106495,-0.9691462323401073,1.4107383358347967,-2.230805060298718,-0.7215649946549961,-0.27694959793084223,1.1357675530990072,1.229995077038276,0.9158594211749729,1.0837181180097615,1.0665907287348086,-0.27371388764075727,-0.32861693445013107,-0.12534126304491375,1.2982052839526776,0.8600738984202713,0.43753881277870893,-4.279695021106552,1,0,0,1,0,0,1,0,1,2023
0.39165543185593577,-0.17875731243334875,-0.44709746510275755,0.0038197410744110656,-0.32112063382108164,1.1470130290501286,-0.06013772714196777,-0.6777272531454779,0.013424351028280993,0.9589723893353189,0.6864131380144515,0.2759169711700537,-0.11017529330008374,-0.45117637063016147,-0.045192952261331784,0.5511511563550686,0.03706368746994361,0.36171775177734256,0.0678580375691568,-0.054423633515854296,0.5202429154076301,0.3673737129909615,0.29789155955069185,0.49752272196568464,0.4432317405430935,-0.6670347488734945,-1.0465729381017692,-0.6749108025050843,0.6584097963255771,-0.08892935434183093,-0.300456564503575,0.2336615097730588,0,0,0,1,0,0,1,0,0,2020
0.39470155646711375,-0.17875731243334875,-0.47623260443679855,0.2982032342229849,-0.29494603471972886,0.9648137768124275,-0.05682100563469505,-0.723281587299176,-0.0029401594906820405,0.5309848497960353,0.7164930698679419,0.3515318436849921,0.20077121362825823,-0.06964865188745523,-0.03995411837347028,0.5845080774916027,0.03706368746994361,0.36171775177734256,0.0678580375691568,-0.03743691867501552,0.7283921273628353,0.6292308819990278,0.4917191176247273,0.6891219267754382,0.6525515483860688,-0.6670347488734945,-1.0465729381017692,-0.6749108025050843,0.6584097963255771,-0.08892935434183093,-0.3198486096180822,0.2336615097730588,0,0,0,1,0,0,1,0,0,2021
0.3977476810782918,-0.1677285422564984,-0.38499692268334845,0.39633106527250955,-0.6483031225879925,0.9888348361002928,-0.03692067659105868,-0.4510308051909142,-0.003485643174647475,0.39929637609163937,0.5142562704314545,0.2176335852130896,-0.08022619559448857,-0.20011596227987308,-0.03692950842298194,0.3420257513176083,-0.06241326998481709,0.8728077115221118,0.02405067255481327,-0.004595936649393893,0.2395829534074529,0.11811019877069115,0.07610035441979246,0.27947533018110166,0.22633696930925604,-0.6670347488734945,-1.0465729381017692,-0.6749108025050843,0.6584097963255771,-0.08892935434183093,-0.2847233958257673,0.2336615097730588,0,0,0,1,0,0,1,0,0,2022
0.40079380568946976,-0.1714047989821152,-0.4361518832348574,0.49445889632203416,-0.6483031225879925,0.9888348361002928,-0.05252434368209174,-0.6850099652933145,-0.015304456327231888,0.07007519183065121,0.5116467785088847,0.13720512898549722,0.2616427547148804,-0.25630566552137696,-0.027985340333615345,0.4919765673620707,0.03706368746994361,0.8728077115221118,0.02405067255481327,-0.004595936649393893,-0.218329551061569,-0.4477178069907287,-0.506921292702685,-0.24378606621343235,-0.11738657026569178,-0.6670347488734945,-1.0465729381017692,-0.6749108025050843,0.6584097963255771,-0.08892935434183093,-0.2605748113435507,0.2336615097730588,0,0,0,1,0,0,1,0,0,2023
0.8893701165625886,-0.25228244694568447,-0.2984525775078067,0.0038197410744110656,-0.47816822842919926,-0.0785027127708273,-0.20328441219448845,-0.2698976764625312,-0.21822438676237352,0.30053002081334323,0.08866438587031344,-0.6383225105457488,-0.03597640373447169,-0.8437687322736485,-0.23294069028443123,0.21313888004888487,-1.041986551217496,0.4867089915757947,0.4643882158700018,-0.2393900840049876,0.1378128378492615,0.17420845041366081,0.0391829801927304,0.06020719964962558,0.07766867289167947,0.3967193985514088,0.4278009979685602,0.29280947350086917,-0.06669175631846973,-0.17520237732020394,0.20446838376095244,0.2336615097730588,0,0,0,0,0,0,1,1,0,2020
0.7682438248149658,-0.259634960396918,-0.6401000960945646,0.20007540317346031,-0.8184380167467863,-0.0785027127708273,-0.21187773609969507,-0.7844662890782389,-0.21786073097306322,0.3663742576655412,0.14565382052784157,-0.3085622742299719,0.23244238445192514,-0.7169559641694797,-0.23358899909492337,0.12940985650373024,-1.041986551217496,0.4867089915757947,0.4643882158700018,-0.23976756655700623,-0.09088511772880895,0.03208332759880926,-0.2998735065974139,-0.17434738580790934,0.030855794508578394,0.3967193985514088,0.4278009979685602,0.29280947350086917,-0.06669175631846973,-0.17520237732020394,-0.06884968606049828,0.2336615097730588,0,0,0,0,0,0,1,1,0,2021
0.6471175330673429,-0.25595870367130125,-0.45107055730474754,0.20007540317346031,-0.9362237127028742,-0.0785027127708273,-0.19755552959101738,0.20297990546657335,-0.21822438676237352,0.39929637609163937,1.5431251283035972,-0.29378321946333147,0.5768570080662697,-0.6598960032968807,-0.2342398014008405,0.3420257513176083,-0.06241326998481709,0.9170098568737807,0.33675026883112763,-0.24240994442113672,-0.505528274064974,-0.1657791764699427,-0.8042236584517727,-0.5110128023224993,-0.5137560018920795,0.3967193985514088,0.4278009979685602,0.29280947350086917,-0.06669175631846973,-0.17520237732020394,-0.07726510186490708,0.2336615097730588,0,0,0,0,0,0,1,1,0,2022
0.5259912413197201,-0.259634960396918,-0.6179363276657236,0.5925867273715588,-0.6613904221386692,-0.0785027127708273,-0.20245523181767028,0.03638500978453305,-0.22404287939133816,-0.028691163447644878,2.0187855637769343,-0.06577615677544484,0.13585654435138067,-0.7388264449303313,-0.234693617568185,0.045341453492821614,-1.041986551217496,0.9170098568737807,0.33675026883112763,-0.24240994442113672,-0.09704920150181184,-0.05055014620902993,-0.3837363079193102,-0.18066932301302202,-0.17386233319443337,0.3967193985514088,0.4278009979685602,0.29280947350086917,-0.06669175631846973,-0.17520237732020394,-0.18812905789690115,0.2336615097730588,0,0,0,0,0,0,1,1,0,2023
1.7543436747355843,-0.27801624402500197,-1.5197119064035973,0.0038197410744110656,-1.616763289338049,-0.0785027127708273,-0.25484435562572816,-0.025644703611070352,-0.2773184525252956,-0.5225229398391271,-0.014730859116148689,-1.4793883436916295,0.14551512836143513,-2.5034512098408745,-0.2820027062661366,-0.13625777749092255,1.4107383358347967,-0.9608479319885073,-0.4628731064712103,-0.2807244234510286,0.1921885755391501,0.14098439572967245,-0.18935233134537613,0.1159754227654008,0.20347828354628095,0.34308473565603526,0.3636977833568067,0.26891514569825237,-2.0287312517082445,-0.002656331363457912,-0.20825287829874825,-4.279695021106552,1,1,0,0,0,0,1,0,1,2020
2.207513697695559,-0.27801624402500197,-1.5197119064035973,0.6907145584210834,-1.983207676756989,-0.0785027127708273,-0.2549197356599843,-0.1388341817643977,-0.2769547967359853,-0.29206811085643564,-0.014730859116148689,-1.4793883436916295,1.4184266535934944,-1.8559425122354871,-0.2818979794582879,0.3420257513176083,-0.06241326998481709,-0.9608479319885073,-0.4628731064712103,-0.2795919757949727,-1.4466591223279746,-1.7504552086484335,-2.1089306383544084,-1.5648408373958616,-1.2956117528337974,0.34308473565603526,0.3636977833568067,0.26891514569825237,-2.0287312517082445,-0.002656331363457912,-0.19288559726461046,-4.279695021106552,1,1,0,0,0,0,1,0,1,2022
2.660683720655534,-0.27801624402500197,-1.5197119064035973,0.6907145584210834,-1.3288426992231672,-0.0785027127708273,-0.2541659353174224,0.6874579283675063,-0.27750028041995073,-0.6212892951174238,-0.014730859116148689,-1.4793883436916295,1.1331614979477003,-1.4025759782068778,-0.2819279014033875,0.13942101412365737,1.4107383358347967,-0.9608479319885073,-0.4628731064712103,-0.2795919757949727,-0.3510841691165249,-0.4860217541146747,-0.8256863706752736,-0.44120976540559437,-0.2934652455016589,0.34308473565603526,0.3636977833568067,0.26891514569825237,-2.0287312517082445,-0.002656331363457912,-0.19727624898864982,-4.279695021106552,1,1,0,0,0,0,1,0,1,2023
-0.6555908096735976,-0.2633112171225348,0.16713759219372412,-0.486819414173212,-0.4127317306758171,-0.0785027127708273,-0.23667776736998433,0.18725281638417784,-0.2574992120078848,-0.09453540029984286,-0.014730859116148689,-0.9805380256491,0.039420449739364184,0.0797259025169436,-0.26351842468083564,-1.9215393768515185,-0.07106398946329037,-0.631922283612223,-0.48661001751718247,-0.2660026039223017,0.7268833294897316,0.7580904484712095,0.43693432841615,0.6643629500705341,0.692575335819776,0.8615531436446432,0.5239558198861904,0.8423790129610397,-0.10934478882694312,0.8600738984202713,0.8696521199529168,0.2336615097730588,1,0,0,0,0,0,1,0,1,2021
-0.6555908096735976,-0.2633112171225348,0.14976883216859915,-0.09430808997511356,-0.5436047261825814,-0.0785027127708273,-0.23117502486928185,1.1548443796106922,-0.2558627609559885,0.23468578396114528,-0.014730859116148689,-0.24892567375829716,0.08958518839623611,0.32833598825131394,-0.2632167117344143,0.3420257513176083,-0.06241326998481709,-0.10628092667238918,-0.5047348789705209,-0.26487015626624577,-0.021451947681952865,0.428647594565907,0.9158594211749729,-0.10313613087483511,0.00805659784321511,0.8615531436446432,0.5239558198861904,0.8423790129610397,-0.10934478882694312,0.8600738984202713,-0.10251134927813345,0.2336615097730588,1,0,0,0,0,0,1,0,1,2022
-0.6555908096735976,-0.259634960396918,0.5392556774822093,-0.2905637520741628,-0.25568413606769946,-0.0785027127708273,-0.23660238733572814,0.173472175788076,-0.2553172772720231,0.30053002081334323,-0.014730859116148689,0.05546981341761088,-0.22353262811576152,0.38046056548433693,-0.26407447416060387,-1.8500703153831788,-0.07106398946329037,-0.10628092667238918,-0.5047348789705209,-0.26487015626624577,0.3691096338316228,0.34517389847503505,0.0178748722521887,0.2974271781237179,0.36531186701912943,0.8615531436446432,0.5239558198861904,0.8423790129610397,-0.10934478882694312,0.8600738984202713,-0.23386501335564458,0.2336615097730588,1,0,0,0,0,0,1,0,1,2023
-0.8900758984449036,-0.2743399872993852,-1.2678240512733612,0.0038197410744110656,-0.4127317306758171,-0.0785027127708273,-0.22062182007341408,-0.2760282091869428,-0.24368029201409377,-0.3249902292825343,-0.001197802467870449,-0.130892473730602,-0.05566793547590052,-0.4056780182884381,-0.24870955535194011,0.4032329344678405,0.2013742735566674,-0.20588246970855223,0.4730619214583922,-0.2450523222852672,0.8353628173860748,0.652152674711264,0.5639960877195167,0.775620443605436,0.7002083030221303,-0.5597654230827473,-0.6875949362759501,-0.447914688380231,0.018614308698477074,0.42870878352840713,-0.16032159697798515,0.2336615097730588,0,0,0,0,0,0,1,1,0,2020
-0.8900758984449036,-0.2743399872993852,-1.2689924103749974,0.0038197410744110656,-0.5436047261825814,-0.0785027127708273,-0.22318474123812482,-0.5228619205104621,-0.24040738991030117,0.03715307340455251,-0.051078199475138315,0.03051290066804538,0.07251420270404686,-0.4361763432205091,-0.24899381383038666,0.39921860852464586,0.2013742735566674,-0.20588246970855223,0.4730619214583922,-0.23976756655700623,0.7127838735032108,0.9859064760553141,0.7919994833925205,0.6499024270381532,0.7764063721627997,-0.5597654230827473,-0.6875949362759501,-0.447914688380231,0.018614308698477074,0.42870878352840713,-0.22508370990756582,0.2336615097730588,0,0,0,0,0,0,1,1,0,2021
-0.8900758984449036,-0.27066373057376836,-1.0143997647678478,0.10194757212393568,-0.6613904221386692,-0.0785027127708273,-0.2099932352432901,0.7219746723725383,-0.2413165293835769,-0.061613281873743576,-0.4862310622592318,0.17099247960007954,0.09505089872750723,-0.47311467204966884,-0.2487594252604395,0.3420257513176083,-0.06241326998481709,0.18226015484038516,0.47331449819943383,-0.24354239207719264,0.6246622735874112,0.9940427627547491,0.6763968747955678,0.7692017420553451,0.8795830322772973,-0.5597654230827473,-0.6875949362759501,-0.447914688380231,0.018614308698477074,0.42870878352840713,-0.2711855530099792,0.2336615097730588,0,0,0,0,0,0,1,1,0,2022
0.2178190053116134,-0.23022490659198375,-0.16825046021972764,0.20007540317346031,0.7389506297837093,-0.0785027127708273,-0.19340962770692646,-1.0993950503756047,-0.16222139520858891,1.123582981465813,1.3335894391362835,0.02605054654616579,-0.5674980152645221,0.24109578837140652,-0.19720640734918934,0.4985669422683709,0.7197743564432915,-1.0257754438499884,0.04727850746292267,-0.2086252560154685,0.06523431310382444,-0.21145906113020058,-0.33805354895720424,-0.014229958049294408,-0.40226972344057715,2.068333058790542,2.2611529358647102,2.1924085338088526,0.6157567638171038,0.34243576055003416,-0.22362015933288604,0.2336615097730588,0,0,0,1,0,0,1,1,0,2021
0.2178190053116134,-0.23390116331760052,-0.2601652297242407,-0.19243592102463816,0.3070697446113868,-0.0785027127708273,-0.18172572239721574,-0.5571151488967623,-0.1658579531016918,0.9589723893353189,1.488240096500954,0.03260423219078009,-0.27541943989070516,0.13176940292545078,-0.1975904056446347,0.3420257513176083,-0.06241326998481709,-0.11941576293918872,-0.08693594170251295,-0.20730406708340324,-1.176543228691358,-0.917984611611803,-0.9337823163763235,-0.8250709222653274,-0.739000823268777,2.068333058790542,2.2611529358647102,2.1924085338088526,0.6157567638171038,0.34243576055003416,-0.2258154851949057,0.2336615097730588,0,0,0,1,0,0,1,1,0,2022
0.2178190053116134,-0.23390116331760052,-0.25468218348378086,0.20007540317346031,1.262442611810767,-0.0785027127708273,-0.18572086421279424,-0.6013526821415085,-0.15440279573841767,1.5186484025789997,0.7508355538020478,0.345405606235242,-0.35890254974505176,0.3358975445327655,-0.20357479466456216,0.3681342746810854,0.7197743564432915,-0.11941576293918872,-0.08693594170251295,-0.20730406708340324,-1.4171644014157356,-1.3570962876948565,-1.3450559913412743,-1.470729605477892,-1.2116756240470927,2.068333058790542,2.2611529358647102,2.1924085338088526,0.6157567638171038,0.34243576055003416,-0.3183850590434024,0.2336615097730588,0,0,0,1,0,0,1,1,0,2023
0.8815717776844524,-0.2743399872993852,0.12021863261109113,-1.5662255557179827,4.861449988246787,-0.0785027127708273,-0.2573318967561827,1.722236315881555,-0.2771366246306404,-1.6418749663264869,-0.014730859116148689,-0.47550798341710865,0.06637463767439984,-1.0863118461756975,-0.2802622464595077,0.3420257513176083,-0.06241326998481709,-1.255511331389647,-4.518411564005816,-0.28034694089900997,1.1357675530990072,-1.916035780075468,0.9158594211749729,1.0837181180097615,-1.4268452240320493,-0.27371388764075727,-0.32861693445013107,-0.12534126304491375,-1.3462827315726706,0.0836166916149151,0.047136696982875044,0.2336615097730588,1,1,0,0,0,0,1,0,1,2022
0.8815717776844524,-0.2743399872993852,0.16010916449230647,-1.7624812178170322,4.521180199929199,-0.0785027127708273,-0.25710575665341406,4.682555929830273,-0.2747728620001236,0.23468578396114528,-0.014730859116148689,-0.33592297020675577,0.09864479045217865,-1.128122268573188,-0.2809379837196745,0.1845223412356396,1.4107383358347967,-1.255511331389647,-4.518411564005816,-0.28034694089900997,-1.094510030224291,-1.34403016969115,-1.696459266600397,-1.2036737071132722,-0.9734932326198927,-0.27371388764075727,-0.32861693445013107,-0.12534126304491375,-1.3462827315726706,0.0836166916149151,-0.0520188544516807,0.2336615097730588,1,1,0,0,0,0,1,0,1,2023
1.553829589007602,0.2550409811894319,0.5900675514159378,0.39633106527250955,0.6866014315810037,2.088032137755735,0.2450006515271232,-0.8711891156205606,0.7736467785814415,2.5721561922141616,0.5887447841537534,1.133760703117891,-0.5024336004991167,0.5307857859161058,0.35004602055977785,-0.12632578276433853,-1.4905690867567778,-0.20602198559134483,0.128234990034539,0.319472834258608,0.33831166160714227,0.15334054268103822,0.2637810980074886,0.3970095633346758,0.3646667162723808,0.3073282937257866,0.6201106418038208,0.32865096520479276,0.7863688938509973,0.6012548294851522,-0.4530317119139431,0.2336615097730588,0,0,0,1,0,0,1,0,0,2020
1.553829589007602,0.21460215720764728,0.43993956003956075,0.6907145584210834,0.24163324685800466,1.9522959169276763,0.21839149943468517,-1.0092114230099962,0.5763635128806094,1.1565050998919122,0.5147152205335501,1.3997863632544008,0.02556899205052641,0.7677647995446436,0.34147837027958167,-0.07324293033853331,-1.4905690867567778,-0.20602198559134483,0.128234990034539,0.30437353217786245,0.33459301222858867,0.44897346603001376,0.38743224210056104,0.3497800942226612,0.21989767058221008,0.3073282937257866,0.6201106418038208,0.32865096520479276,0.7863688938509973,0.6012548294851522,-0.4819368357638689,0.2336615097730588,0,0,0,1,0,0,1,0,0,2021
1.553829589007602,0.21460215720764728,0.4667055371097344,0.39633106527250955,0.43794274011815115,1.8218671595200062,0.28661043043654466,-0.563994004846653,0.4849040818690716,0.5309848497960353,0.7495431874897648,1.5054382744844566,-0.4509960251897569,0.395722588828373,0.33789272385847513,0.3420257513176083,-0.06241326998481709,0.4000696901846922,0.1750044712662266,0.33287346485526975,-0.03761952031715104,-0.159881362039032,0.09303657458493911,0.03862909029464159,0.035635775325224495,0.3073282937257866,0.6201106418038208,0.32865096520479276,0.7863688938509973,0.6012548294851522,-0.4918158021429575,0.2336615097730588,0,0,0,1,0,0,1,0,0,2022
0.6402357018432095,-0.2743399872993852,-0.8028331643922355,-0.7812029073217859,2.1000297830540586,-0.0785027127708273,-0.24813553257692647,-1.3741080217111945,-0.2725909272642618,-2.0040182690135735,-0.014730859116148689,-0.1699792459435549,-1.3967885307324528,1.6723677973369788,-0.2727119423126992,-0.14308626520625994,-1.205683035957557,-1.859980521564108,1.7166108110634604,-0.2724198073066185,0.6499645151473968,1.229995077038276,0.9158594211749729,1.0837181180097615,1.0665907287348086,-0.4524960972920015,0.3252358545897553,-0.6868579664063927,1.340858316461151,1.0326199443770172,-0.1694687880697338,0.2336615097730588,1,0,0,1,0,0,1,0,1,2020
0.2603121739726268,-0.2743399872993852,-0.8025575763373012,-0.486819414173212,1.0399585194492673,-0.0785027127708273,-0.24760787233713308,-1.2805226626248754,-0.2634995325315046,1.1565050998919122,-0.014730859116148689,-0.1699792459435549,-0.9891813109593023,1.7627529616933764,-0.2728715260198973,0.3420257513176083,-0.06241326998481709,-1.859980521564108,1.7166108110634604,-0.2731747724106558,-0.4169573466830346,-0.9204563949128909,-0.1753623091615808,0.765220522106555,-2.626219479793317,-0.4524960972920015,0.3252358545897553,-0.6868579664063927,1.340858316461151,1.0326199443770172,-0.1694687880697338,0.2336615097730588,1,0,0,1,0,0,1,0,1,2022
-0.11961135389795595,-0.2743399872993852,-0.8003442947323817,0.0038197410744110656,1.9037202897939123,-0.0785027127708273,-0.24496957113816614,-0.6171367156631686,-0.26259039305822884,1.5515705210050978,-0.014730859116148689,-0.1699792459435549,-1.3011011635630763,1.9114991044324063,-0.27382653476766067,-0.3549274795721147,-1.205683035957557,-1.859980521564108,1.7166108110634604,-0.2731747724106558,0.7335863495489034,0.7658265899231327,0.4447855594449872,0.6712376249547873,0.6987067357036322,-0.4524960972920015,0.3252358545897553,-0.6868579664063927,1.340858316461151,1.0326199443770172,-0.1694687880697338,0.2336615097730588,1,0,0,1,0,0,1,0,1,2023
1.5540042340548597,-0.2375774200432173,-0.5160362459028585,-0.09430808997511356,1.4064029068682071,-0.891704479887703,-0.1635591341414719,-0.8749238072499471,-0.2007689088754796,-1.4114201373437953,2.3916651486923723,0.10382204897857061,-0.96679436042437,0.5584843941413737,-0.1840083360648243,0.45858189470576777,-0.4870239310490892,-1.6777510227649037,0.9862974567582845,-0.18106902971810782,0.48588534338890593,0.38619209880578326,0.2973799967513287,0.41719334777523387,0.5092830240600951,-1.829119111606581,-1.3670890111605367,-1.8815743565372012,1.0422870889018376,0.9463469213986443,-0.24996406967712226,0.2336615097730588,1,0,0,1,0,0,1,0,0,2020
1.630347700669804,-0.2412536767688341,-0.6061844922460398,-0.09430808997511356,0.8436490261891209,-0.7879590702712778,-0.16755427595705044,-0.9467759229552228,-0.16003946047272716,0.39929637609163937,2.3916651486923723,0.1721709707650648,-0.7777406811578004,1.2177828086898608,-0.18485612450931405,0.4495351603451845,-0.4870239310490892,-1.6777510227649037,0.9862974567582845,-0.19050609351857378,0.8575098583932648,0.9088501502251527,0.8072185683752399,0.893462465258508,0.8120622949930121,-1.829119111606581,-1.3670890111605367,-1.8815743565372012,1.0422870889018376,0.9463469213986443,-0.27155144065364917,0.2336615097730588,1,0,0,1,0,0,1,0,0,2021
1.706691167284748,-0.24492993349445089,-0.6906319069305183,0.20007540317346031,1.3540537086655016,-0.6842136606548527,-0.15783025153800084,-0.5624602616033011,-0.16094859994600288,0.3663742576655412,2.3916651486923723,0.2284887190376168,-0.4536165712389965,1.211429085143448,-0.18493092937206312,0.3420257513176083,-0.06241326998481709,-1.016667326416264,0.9327317884508988,-0.1799365820620519,0.5446096394470544,0.3202994075114079,0.33884123712820313,0.47742148966390296,0.3906592957558373,-1.829119111606581,-1.3670890111605367,-1.8815743565372012,1.0422870889018376,0.9463469213986443,-0.28765049697512685,0.2336615097730588,1,0,0,1,0,0,1,0,0,2022
1.7830346338996923,-0.2412536767688341,-0.5978284685019072,0.49445889632203416,0.8829109248411502,-0.6842136606548527,-0.16257919369614135,-0.6453302026097102,-0.14622054047893615,1.0577387446136157,2.3916651486923723,0.8153721933876916,-0.8220653457620812,1.3256157271287596,-0.18893298952913962,0.4395471855966263,-0.4870239310490892,-1.016667326416264,0.9327317884508988,-0.1799365820620519,-1.272384929507746,-0.39127235852954606,-0.494472140323389,-1.3861037299758474,-0.998524937667192,-1.829119111606581,-1.3670890111605367,-1.8815743565372012,1.0422870889018376,0.9463469213986443,-0.4098569699608893,0.2336615097730588,0,0,0,1,0,0,1,0,0,2023
-1.0702330353638265,0.0050555238474905145,0.19664714344542975,0.788842389470608,-0.9231364131521979,0.5618398740402868,0.09182842191852812,-0.9818527918571105,0.12688495729309138,-0.3249902292825343,0.01985487720614696,-0.29589906574176744,0.5842694097484046,-0.6823110078333668,0.14149006321530558,0.36399658763831527,-0.5570573454137548,1.1797553939012608,0.6179954961164905,0.11770841020464527,-0.06923276820537237,-0.28024460149177227,-0.18680771487756545,-0.0073133626609705165,0.016017944338026915,1.33532599922044,0.9278060719402373,1.2844240773094395,-0.7064872439455703,-1.296751676039052,-0.07616743893389723,0.2336615097730588,0,0,1,0,0,0,0,0,0,2020
-1.0459816403596844,-0.0022969896037430557,0.11245741664452306,0.9850980515696572,-0.8707872149494921,0.48237382890514957,0.15070022867261904,-0.5859255928088913,0.09924711730550935,-0.7200556503957198,-0.34924422130978555,-0.17378505033547095,0.8764977306107495,-0.6111321089498202,0.15260107882897092,0.3196192118518594,-0.5570573454137548,1.1797553939012608,0.6179954961164905,0.1622513513428447,-0.07620884108054116,-0.11414083914269903,-0.24864389197846387,-0.11074006006490406,0.009935894254680125,1.33532599922044,0.9278060719402373,1.2844240773094395,-0.7064872439455703,-1.296751676039052,-0.14056366421980798,0.2336615097730588,0,0,1,0,0,0,0,0,0,2021
-1.0217302453555424,0.008731780573107301,0.10010033168064665,1.0832258826191818,-1.2764935010204614,0.2876241870870334,0.2342213066284868,-0.05995306103423319,0.12233925992671274,-0.6871335319696211,0.20161791123094872,0.13899871765716898,1.6018648770402648,-0.851525878238954,0.18118401688539948,0.2596675049247279,-0.5570573454137548,1.1797553939012608,0.6179954961164905,0.1622513513428447,-0.38002467585251104,-0.448637101721704,-0.5003904959832494,-0.3450848470403101,-0.24780622350943665,1.33532599922044,0.9278060719402373,1.2844240773094395,-0.7064872439455703,-1.296751676039052,-0.2613065866308906,0.2336615097730588,0,0,1,0,0,0,0,0,0,2023
-0.42726977520966675,-0.25228244694568447,-0.20243792292081958,-0.6830750762722613,-0.07246194235822959,-0.0785027127708273,-0.2297428042184141,-0.8212909716574109,-0.22004266570892497,0.6297512050743308,0.09921434564469682,-0.48065675069862407,-0.2798369318022805,0.16620026652660996,-0.23572093768327254,-4.08384912681322,0.94037367162254,0.2302952132050289,-1.6313796212007583,-0.25430064480972386,0.832890350425474,0.8804360929145281,0.7384797571902277,0.773084660277005,0.9280665091366517,0.7274664864062099,0.5431867842697162,0.7229073739479589,-0.19465085384388991,0.7738008754418982,0.05116146106324447,0.2336615097730588,0,0,0,0,0,0,1,1,0,2021
-0.42726977520966675,-0.25595870367130125,-0.4055750342656659,-0.5849472452227367,-0.17716033876364115,-0.0785027127708273,-0.2203956799706455,0.03740299190961021,-0.22604298623254473,0.07007519183065121,-0.3502178665804918,-0.5823361571979949,-0.5849433646780313,0.0742838036379226,-0.23623958473166626,0.3420257513176083,-0.06241326998481709,0.4947510236906694,-1.5628259460215534,-0.25128078439357476,-0.03868713173613725,0.3263479159524163,-0.001231181980207502,-0.12081268351779706,-0.0077088041062340395,0.7274664864062099,0.5431867842697162,0.7229073739479589,-0.19465085384388991,0.7738008754418982,0.14373103491174116,0.2336615097730588,0,0,0,0,0,0,1,1,0,2022
-0.42726977520966675,-0.2633112171225348,-0.7691804693105968,-0.19243592102463816,-0.07246194235822959,-0.0785027127708273,-0.22989356428692648,-0.8764016294861305,-0.23131599517754395,-0.3908344661347317,0.2183841840792717,-0.4701029255078073,-0.19043887515107882,0.12446352161014838,-0.2362445717225162,-4.2641100691828315,0.94037367162254,0.4947510236906694,-1.5628259460215534,-0.25128078439357476,0.4867449759414345,0.6307511042547055,0.30770057322726724,0.41807499429671013,0.47291550188555764,0.7274664864062099,0.5431867842697162,0.7229073739479589,-0.19465085384388991,0.7738008754418982,0.04274604525883568,0.2336615097730588,0,0,0,0,0,0,1,1,0,2023
-0.006615927063526388,-0.2633112171225348,-0.5375026534890373,0.49445889632203416,0.35941894281409287,-0.0785027127708273,-0.2286874837388273,-0.437529604300805,-0.24858964516978269,-1.0163547162306092,0.6844984361668481,-1.0521779419577835,-0.45586275356691613,0.697928971022949,-0.24677460290216358,-2.735434045156142,-0.5407045797550167,-0.7020392794726348,-0.6012591274643919,-0.2499595954615095,0.519359175798595,0.5185810641231043,0.48266084481021715,0.7044018857029303,0.7282853482086553,-0.5597654230827473,-0.6875949362759501,-0.447914688380231,0.7010628288340505,0.7738008754418982,1.1437019650617075,0.2336615097730588,0,0,0,1,0,0,1,1,0,2020
0.027267460788696338,-0.2633112171225348,-0.5665609712543146,0.2982032342229849,0.5819030351755922,-0.0785027127708273,-0.22401392161494302,-0.16748713434321463,-0.24113470148892177,-0.22622387400423766,-0.35650402378823304,-0.6222840659203092,0.0008609864434103869,0.2032312348685009,-0.24689678417798708,-2.6377061505219133,-0.5407045797550167,-0.7020392794726348,-0.6012591274643919,-0.25505560991376114,0.6499645151473968,0.6693163104239446,0.631349465080622,0.33635247217748454,0.8444033666070659,-0.5597654230827473,-0.6875949362759501,-0.447914688380231,0.7010628288340505,0.7738008754418982,0.18617400157745506,0.2336615097730588,0,0,0,1,0,0,1,1,0,2021
0.06115084864091906,-0.2633112171225348,-0.5635675405141819,0.5925867273715588,0.04532375359785813,-0.0785027127708273,-0.22228018082705045,0.051668986104207705,-0.24404394780340408,-0.6212892951174238,-0.6907167769486616,-0.6201359047366306,0.08793798802242837,0.4085894333586126,-0.2469940304995609,0.3420257513176083,-0.06241326998481709,-0.5165970602791784,-0.4309105246982844,-0.2565655401218357,0.5585192374153262,0.7303313526731472,0.4087622641362196,0.6396949990152858,0.27455813197357126,-0.5597654230827473,-0.6875949362759501,-0.447914688380231,0.7010628288340505,0.7738008754418982,0.18397867571543539,0.2336615097730588,0,0,0,1,0,0,1,1,0,2022
0.09503423649314179,-0.2633112171225348,-0.5611711550730342,0.6907145584210834,0.3201570441620634,-0.0785027127708273,-0.22642608271114134,-0.45077370087558477,-0.24368029201409377,-0.5883671766913251,0.017558937302585155,-0.7241308413426951,-0.47630301275098486,0.3622066432932193,-0.24900877480293648,-2.572208045267001,-0.5407045797550167,-0.5165970602791784,-0.4309105246982844,-0.2565655401218357,-2.7059468555375568,-2.814901739250827,-2.0050573533430933,-2.787252662967684,-2.5091608299033794,-0.5597654230827473,-0.6875949362759501,-0.447914688380231,0.7010628288340505,0.7738008754418982,0.3146005645056066,0.2336615097730588,0,0,0,1,0,0,1,1,0,2023
0.08582399845825757,-0.13464223172594733,-0.33615593220067264,1.1813537136687065,-0.9493110122535506,-0.20211159930506395,0.03016755389695786,-0.816124873811194,0.027061443127416856,-0.061613281873743576,-0.3150873885518904,-0.5264115364623253,0.9435837094712827,-0.9006251234273289,0.03492056224752222,0.5725968385197651,-0.21043092894191862,0.6881642621785927,1.136366281400951,0.0997779889837599,0.16637638466365512,0.08250661851654384,0.07155378652416566,0.1277412914005888,-0.05886592471771107,0.3520238461385977,0.2162603897497739,0.47201693202049044,-0.4505690488947303,-0.9516595841255601,0.09067732657959879,0.2336615097730588,0,0,1,0,0,0,0,0,0,2020
0.0670922770359293,-0.1419947451771809,-0.44695239913067447,1.3776093757677557,-1.1456205055136972,-0.2587889163153076,0.020066629306627278,-1.0432302191531004,0.016879081026728745,-0.3908344661347317,-0.4071431782404408,-0.3336049886244919,1.5107447472709914,-0.6874688471996725,0.05370156978839459,0.5599985170552949,-0.21043092894191862,0.6881642621785927,1.136366281400951,0.14809575564214575,0.33577668081999656,0.4745746241937711,0.41895097513074575,0.42484982055584314,0.15742287639195204,0.3520238461385977,0.2162603897497739,0.47201693202049044,-0.4505690488947303,-0.9516595841255601,-0.053482405026360494,0.2336615097730588,0,0,1,0,0,0,0,0,0,2021
0.04836055561360105,-0.14934725862841447,-0.5610760604126712,1.279481544718231,-1.289580800571138,-0.5435986771488416,0.06861137136761902,-0.7616336717138431,0.009605965240522952,-0.6871335319696211,-0.1711774157148577,-0.3277140928294743,1.6112988428175272,-0.5697401767572388,0.07126575156188171,0.3420257513176083,-0.06241326998481709,1.1313568468660784,1.1845660973397727,0.23944653323065648,-0.22474167035939852,-0.21357722144057315,0.04197105871702575,-0.120333840026825,-0.3184036600560859,0.3520238461385977,0.2162603897497739,0.47201693202049044,-0.4505690488947303,-0.9516595841255601,-0.05714128146305997,0.2336615097730588,0,0,1,0,0,0,0,0,0,2022
0.029628834191272796,-0.14934725862841447,-0.6082321972658565,1.3776093757677557,-1.381191897425873,-0.5435986771488416,0.10245700674865209,-0.6081365352583217,0.01215155576569498,-0.8517441241001152,0.2428023099371133,-0.29281310372180736,1.4097414152588716,-0.5834966156134722,0.10759597990369138,0.532884083113995,-0.21043092894191862,1.1313568468660784,1.1845660973397727,0.23944653323065648,0.09378336677764941,-0.24644328988306094,0.04581888260554292,0.18434412453203172,-0.13189425613168354,0.3520238461385977,0.2162603897497739,0.47201693202049044,-0.4505690488947303,-0.9516595841255601,-0.07799687715224697,0.2336615097730588,0,0,1,0,0,0,0,0,0,2023
-0.7814406737734545,-0.1383184884515641,1.6990607347288225,0.8869702205201326,-1.5775013906860196,-0.0785027127708273,-0.15647341092138928,-0.3950837890831207,-0.19822331835030757,-1.213887426787202,-0.4619534564178667,0.8644139621681035,2.7033178179077915,-2.684992441179818,-0.17199218161189495,0.673222285534027,0.08545899027775124,1.4808748823879607,-0.11715178388303991,-0.21032392749955237,-0.4091350549964744,-0.624340491134563,-0.7851087924016853,-0.4690579446367365,-0.37482879559766835,-1.6860933438855854,-2.1876101581909815,-1.5590009312018822,-1.9007721541828244,-3.5398502734767487,-0.41717472283428825,0.2336615097730588,0,1,0,0,0,1,0,0,0,2020
-0.6445797628405401,-0.1383184884515641,1.5851649277114597,1.279481544718231,-1.5251521924833138,-0.0785027127708273,-0.16265457373039754,-0.6540660894046284,-0.19531407203582526,-1.2468095452133012,0.3553849067573697,1.2928119923849688,2.999963630681712,-2.5721572441154055,-0.16752882480119904,0.6561534219184202,0.08545899027775124,1.4808748823879607,-0.11715178388303991,-0.20050938114706773,-0.17655031167963947,-0.36873085629441243,-0.4504647661904568,-0.3369799249344101,-0.30053834492190684,-1.6860933438855854,-2.1876101581909815,-1.5590009312018822,-1.9007721541828244,-3.5398502734767487,-0.4709602064537705,0.2336615097730588,1,1,0,0,0,1,0,0,0,2021
-0.5077188519076257,-0.12728971827471375,1.7038613369360884,1.0832258826191818,-1.826160082148872,-0.0785027127708273,-0.14343266499506696,-0.19665398666814113,-0.19004106309082605,-1.1809653083611034,1.1727232699326062,1.3682113579111514,3.6226802447252995,-2.6387836508861975,-0.16480592779713205,0.3420257513176083,-0.06241326998481709,1.9161201801458483,-0.1988695631567312,-0.19937693349101182,-0.22076598875763542,-0.2356851810994187,-0.402593187125771,-0.24835123897365155,-0.17426033952446385,-1.6860933438855854,-2.1876101581909815,-1.5590009312018822,-1.9007721541828244,-3.5398502734767487,-0.4786438469708394,0.2336615097730588,0,1,0,0,0,1,0,0,0,2022
-0.37085794097471125,-0.12728971827471375,1.631315298686218,1.4757372068172803,-1.7476362848448133,-0.0785027127708273,-0.14780470698192646,-0.35312357801258343,-0.19567772782513557,-1.5431086110481902,1.1727232699326062,1.473806439480263,3.5939291109279283,-2.689545958341976,-0.16913214235945462,0.4604953941408282,0.08545899027775124,1.9161201801458483,-0.1988695631567312,-0.19937693349101182,-1.2981768670328475,-1.291795159047262,-1.5462583048455554,-1.4409229155815035,-1.2356911712832943,-1.6860933438855854,-2.1876101581909815,-1.5590009312018822,-1.9007721541828244,-3.5398502734767487,-0.48888870099359794,0.2336615097730588,1,1,0,0,0,1,0,0,0,2023
-0.048061362355669116,-0.27801624402500197,-1.5197119064035973,0.5925867273715588,-0.29494603471972886,-0.0785027127708273,-0.2574072767904389,-0.16358712361698333,-0.2798640430504676,-1.115121071508906,-0.014730859116148689,-1.4793883436916295,-0.9492741382665968,1.1754711988991873,-0.284695681325104,-0.22934204774789788,1.4107383358347967,-2.879337092683135,0.3089932788764685,-0.24297616824916468,1.1357675530990072,1.229995077038276,0.9158594211749729,1.0837181180097615,1.0665907287348086,-1.829119111606581,-1.3670890111605367,-1.8815743565372012,0.2318794712408436,0.9463469213986443,-0.6034115334622915,-4.279695021106552,1,0,0,0,0,0,1,0,1,2020
-0.048061362355669116,-0.27801624402500197,-1.5197119064035973,1.1813537136687065,-0.15098573966228837,-0.0785027127708273,-0.2570303766191579,0.591121827527831,-0.27950038726115733,-0.22622387400423766,-0.014730859116148689,-1.4793883436916295,-0.6513554888401887,0.012518318779221594,-0.2847904341512528,-0.5371043112247348,1.4107383358347967,-2.879337092683135,0.3089932788764685,-0.24297616824916468,1.1357675530990072,1.229995077038276,0.9158594211749729,1.0837181180097615,1.0665907287348086,-1.829119111606581,-1.3670890111605367,-1.8815743565372012,0.2318794712408436,0.9463469213986443,-0.6173152639217494,-4.279695021106552,1,0,0,0,0,0,1,0,1,2021
-0.048061362355669116,-0.27801624402500197,-1.5197119064035973,0.0038197410744110656,-1.1456205055136972,-0.0785027127708273,-0.2570303766191579,1.5577325737042333,-0.2796822151558125,-0.3249902292825343,-0.014730859116148689,-1.4793883436916295,-0.6627361459683149,-0.5340419852878405,-0.28485277153687705,0.3420257513176083,-0.06241326998481709,-2.6441868532796713,-1.542386927282455,-0.24297616824916468,1.1357675530990072,1.229995077038276,0.9158594211749729,1.0837181180097615,1.0665907287348086,-1.829119111606581,-1.3670890111605367,-1.8815743565372012,0.2318794712408436,0.9463469213986443,-0.6264624550134982,-4.279695021106552,1,0,0,0,0,0,1,0,1,2022
-0.048061362355669116,-0.27801624402500197,-1.5197119064035973,-0.19243592102463816,0.1107602513512403,-0.0785027127708273,-0.2564273363451083,6.961158105749257,-0.28040952673443303,-1.3455759004915975,-0.014730859116148689,-1.4793883436916295,-0.9323528980629355,-0.5788319714560123,-0.28495001785845087,-0.29182242679260534,1.4107383358347967,-2.6441868532796713,-1.542386927282455,-0.24297616824916468,1.1357675530990072,1.229995077038276,0.9158594211749729,1.0837181180097615,1.0665907287348086,-1.829119111606581,-1.3670890111605367,-1.8815743565372012,0.2318794712408436,0.9463469213986443,-0.640732073116626,-4.279695021106552,1,0,0,0,0,0,1,0,1,2023
-0.048061362355669116,-0.27801624402500197,-1.5197119064035973,-1.7624812178170322,-0.29494603471972886,-0.0785027127708273,-0.2568042365163893,0.33944551215163143,-0.2793185593665022,-0.028691163447644878,-0.014730859116148689,-1.4793883436916295,-0.5395704816540546,-1.7882868335711462,-0.2839875286244125,0.412458815945271,1.4107383358347967,-0.11924177669959726,-0.5020043384080288,-0.24297616824916468,1.1357675530990072,1.229995077038276,0.9158594211749729,1.0837181180097615,1.0665907287348086,0.7274664864062099,0.5431867842697162,0.7229073739479589,-1.0050584715048838,0.25616273757166114,-0.4994994426600264,-4.279695021106552,1,0,1,0,0,0,1,0,1,2020
-0.048061362355669116,-0.27801624402500197,-1.5197119064035973,-1.4680977246684581,-1.106358606861668,-0.0785027127708273,-0.25725651672192645,-0.4924027898601892,-0.27877307568253673,0.7943617972048249,-0.014730859116148689,-1.4793883436916295,-0.16775243363909048,-1.9318726264094597,-0.2838977627891136,0.0002446468284584695,1.4107383358347967,-0.11924177669959726,-0.5020043384080288,-0.24297616824916468,-3.7708431302122523,-4.432860465766465,-1.9576911353779358,-3.948543897260916,-3.4215939862455373,0.7274664864062099,0.5431867842697162,0.7229073739479589,-1.0050584715048838,0.25616273757166114,-0.48632748748790827,-4.279695021106552,1,0,1,0,0,0,1,0,1,2021
-0.048061362355669116,-0.27801624402500197,-1.5197119064035973,-1.4680977246684581,-1.3419299987738436,-0.0785027127708273,-0.25710575665341406,-0.4598174536263647,-0.2789549035771919,1.3211156920224063,-0.014730859116148689,-1.4793883436916295,-0.1017895459425171,-1.5795635014873086,-0.28383791889891435,0.3420257513176083,-0.06241326998481709,0.46689416721056054,0.090759682542994,-0.24297616824916468,-3.3247876135475947,-1.3440301696911563,-1.6964592666004032,-1.203673707113278,-0.9734932326198977,0.7274664864062099,0.5431867842697162,0.7229073739479589,-1.0050584715048838,0.25616273757166114,-0.47754618403982957,-4.279695021106552,1,0,1,0,0,0,1,0,1,2022
-0.048061362355669116,-0.27801624402500197,-1.5197119064035973,-1.271842062569409,-0.8838745145001684,-0.0785027127708273,-0.2565027163793645,0.28548545088104166,-0.2793185593665022,-0.29206811085643564,-0.014730859116148689,-1.4793883436916295,-0.050726334354477313,-1.6098923636370297,-0.28393017822963823,-0.5813676816329792,1.4107383358347967,0.46689416721056054,0.090759682542994,-0.24297616824916468,1.1357675530990072,1.229995077038276,0.9158594211749729,1.0837181180097615,1.0665907287348086,0.7274664864062099,0.5431867842697162,0.7229073739479589,-1.0050584715048838,0.25616273757166114,-0.4910840268556176,-4.279695021106552,1,0,1,0,0,0,1,0,1,2023
0.031676383681612984,-0.1162609480978634,1.6528499506757164,1.0832258826191818,0.09767295180056415,-0.12474711075869704,-0.1542873899279595,-0.10191086339671214,-0.15185720521324564,-0.3249902292825343,0.5769037270956994,0.4768419146504891,-0.08441906927327189,-0.09492560185026956,-0.15512617855739938,0.9652159145675705,-0.4548094554522315,0.9060820432918837,-1.2113687124973602,-0.1914497998986204,-0.36529881273235376,-0.6107036653647976,-0.402787105732673,-0.45578842585889773,-0.7355484493643736,-1.6860933438855854,-2.1876101581909815,-1.5590009312018822,0.1039203737154234,-2.4183009747579005,-0.3483878458243381,0.2336615097730588,0,0,0,0,0,0,0,0,0,2020
0.06757740907104294,-0.1162609480978634,1.6113804745122386,1.279481544718231,-0.28185873516905274,0.07122506057828636,-0.1562472708186207,-0.19076566244281704,-0.14003839206066124,0.03715307340455251,1.3745936716935225,0.5543279316096816,0.2214360910451189,0.03392357748565829,-0.15463994694953026,0.9565794973881263,-0.4548094554522315,0.9060820432918837,-1.2113687124973602,-0.18842993948247128,0.21091038064946196,0.10641262806908196,0.0036211492534175883,0.13517666671865908,0.2206035304746222,-1.6860933438855854,-2.1876101581909815,-1.5590009312018822,0.1039203737154234,-2.4183009747579005,-0.36412101450214585,0.2336615097730588,0,0,0,0,0,0,0,0,0,2021
0.10347843446047289,-0.10523217792101304,1.812465032874191,1.1813537136687065,-0.7922634176454335,0.062407696592911545,-0.13152261958258762,0.7117704610708692,-0.14131118732324724,-0.061613281873743576,1.5490087698045523,0.7125943029714876,0.19418241213302728,-0.0947256862251347,-0.1539691966802134,0.3420257513176083,-0.06241326998481709,1.1960335448171417,-1.2707473887150185,-0.18842993948247128,-0.09334333951403789,-0.4722661081735658,-0.17827806528806941,-0.025598157901606126,-0.2825629932031678,-1.6860933438855854,-2.1876101581909815,-1.5590009312018822,0.1039203737154234,-2.4183009747579005,-0.3930261383520717,0.2336615097730588,0,0,0,0,0,0,0,0,0,2022
0.13937945984990285,-0.11258469137224661,1.6544374721234234,1.4757372068172803,-0.32112063382108164,0.062407696592911545,-0.14674938650233968,0.23509527748823317,-0.14131118732324724,-0.09453540029984286,1.2538030316065423,1.1197741435446484,0.4494235973289622,-0.18151368712505386,-0.1532410960161222,0.83911874149243,-0.4548094554522315,1.1960335448171417,-1.2707473887150185,-0.18842993948247128,-0.9047888747431025,-1.285640182997856,-1.0396759292202014,-0.9139662358784092,-0.8847939299522974,-1.6860933438855854,-2.1876101581909815,-1.5590009312018822,0.1039203737154234,-2.4183009747579005,-0.45156816133926325,0.2336615097730588,0,0,0,0,0,0,0,0,0,2023
-0.9891121040024528,-0.2669874738481516,1.0171604192406305,-1.3699698936189335,1.7466726951857947,-0.0785027127708273,-0.25069845374163724,-0.3338130055621549,-0.26822705779253836,0.3663742576655412,-0.014730859116148689,1.0751900487963912,-0.923068677774201,0.050778679431426325,-0.27492117925922244,0.6893143282304393,-0.35345525540018624,-0.001950738647795475,-0.08181723863098643,-0.27279728985863716,0.11355699407582891,0.6401142913294476,0.31720305522644904,0.03533019816170432,0.13155224644723718,0.34308473565603526,0.3636977833568067,0.26891514569825237,-0.3652629838777835,-0.520294469233696,-0.4460798466842141,0.2336615097730588,1,0,1,0,0,0,1,0,1,2020
0.17894649194341536,-0.2633112171225348,1.8735568260532787,-0.7812029073217859,1.2493553122600904,-0.0785027127708273,-0.24941699315928184,0.30090638994323826,-0.26786340200322806,0.5968290866482326,-0.014730859116148689,1.0734343465653482,-0.4612535911539233,0.34025069370944844,-0.2749136987729475,0.5427522585788245,-0.35345525540018624,-0.001950738647795475,-0.08181723863098643,-0.27279728985863716,0.6137876931722794,1.229995077038276,0.30446568573818594,1.0837181180097615,1.0665907287348086,0.34308473565603526,0.3636977833568067,0.26891514569825237,-0.3652629838777835,-0.520294469233696,-0.4457139590405441,0.2336615097730588,1,0,1,0,0,0,1,0,1,2023
-0.048061362355669116,-0.27801624402500197,-1.5197119064035973,0.20007540317346031,-0.16407303921296454,-0.0785027127708273,-0.2574072767904389,2.0166681044455768,-0.28040952673443303,0.6626733235004301,-0.014730859116148689,-1.4793883436916295,1.7504124016600169,-2.652932745137629,-0.28509214709767416,0.3420257513176083,-0.06241326998481709,1.90123877220751,0.8592612088438915,-0.24297616824916468,-3.7708431302122523,-4.432860465766465,-4.8312416919308445,-3.948543897260916,-4.917655557905658,-0.4793134287396877,-0.3734891846783571,-0.40012603277499903,-2.0287312517082445,-1.7281167909309163,-0.6615876688058131,-4.279695021106552,1,0,0,0,1,0,0,0,1,2022
-0.048061362355669116,-0.27801624402500197,-1.5197119064035973,0.20007540317346031,-1.0540094086589622,-0.0785027127708273,-0.2569549965849017,3.7680268120631437,-0.28004587094512273,2.7038446659185564,-0.014730859116148689,-1.4793883436916295,1.501834890703577,-2.8740366216551614,-0.2851544844832984,-0.4854389503500815,1.4107383358347967,1.90123877220751,0.8592612088438915,-0.24297616824916468,-4.997495801040069,-5.848574351467652,-13.451893361589574,-5.206609401078587,-10.153871058716058,-0.4793134287396877,-0.3734891846783571,-0.40012603277499903,-2.0287312517082445,-1.7281167909309163,-0.6707348598975618,-4.279695021106552,1,0,0,0,1,0,0,0,1,2023
-0.10138757105549184,-0.25228244694568447,-0.1903221173500995,-1.271842062569409,0.5295538369728866,-0.0785027127708273,-0.25107535391291824,-0.17179403258347112,-0.27531834568408897,-2.0698625058657716,-0.014730859116148689,-0.887773298629792,-0.8714813569763132,-0.0929926944181604,-0.2764048090370794,-1.4283615869189688,-1.1087727333288657,-2.885401081269978,-1.1516957002260133,-0.27827078686290746,0.47271205535424365,1.229995077038276,0.9158594211749729,0.40368271054075217,1.0665907287348086,-1.1318684939667287,-0.5914401143583198,-1.1289030307547925,0.7863688938509973,0.8600738984202713,0.6131648817402837,0.2336615097730588,1,0,0,1,0,0,1,0,1,2020
-0.10138757105549184,-0.25228244694568447,-0.1903221173500995,-0.9774585694208351,0.28089514551003403,-0.0785027127708273,-0.2527337146665546,-0.9187964895063852,-0.26986350884443466,0.6297512050743308,-0.014730859116148689,-0.8716396921799483,-0.580675618254984,-0.2765335571395826,-0.2766541585795764,-1.3630022664825723,-1.1087727333288657,-2.885401081269978,-1.1516957002260133,-0.27827078686290746,0.5905885882866415,0.6007889056155228,0.2772926308298778,0.5245778940907936,0.5679035381814335,-1.1318684939667287,-0.5914401143583198,-1.1289030307547925,0.7863688938509973,0.8600738984202713,0.576576117373289,0.2336615097730588,1,0,0,1,0,0,1,0,1,2021
-0.10138757105549184,-0.25228244694568447,-0.1903221173500995,-1.5662255557179827,0.01914915449650536,-0.0785027127708273,-0.2516030141527116,-0.2841341500043014,-0.26913619726581406,0.9589723893353189,-0.014730859116148689,-0.264884779719831,0.5784293356958135,-0.17269563954448008,-0.2766466780933015,0.3420257513176083,-0.06241326998481709,-1.6808065403219627,-1.1272734528791257,-0.27638337410281427,-0.43017202668117904,-0.5772992451334465,-0.9183217851353911,-0.5223229506936433,-0.3658086483865758,-1.1318684939667287,-0.5914401143583198,-1.1289030307547925,0.7863688938509973,0.8600738984202713,-0.0937300458300547,0.2336615097730588,1,0,0,1,0,0,1,0,1,2022
0.07444394464688711,-0.23022490659198375,0.07827181854461479,0.39633106527250955,1.2362680127094139,-0.0785027127708273,-0.19461570825502564,-0.6804721832454529,-0.1813133241473791,0.9589723893353189,0.4983219603798254,-0.3154313087774709,-0.41969921808740995,0.7398934672212208,-0.20940957395899143,0.04072472534738542,-1.1589933837216826,-0.001950738647795475,-0.08181723863098643,-0.24297616824916468,-0.1639968663211954,-0.08258733354560194,-0.3210994276723059,-0.2493314224592937,-0.04802468061461848,-1.829119111606581,-1.3670890111605367,-1.8815743565372012,1.2982052839526776,0.9463469213986443,-0.06445903433645891,0.2336615097730588,0,0,0,1,0,0,1,1,0,2023
0.10124225820791101,-0.2743399872993852,-0.5145359877905433,-2.4493760351637044,1.1708315149560318,-0.0785027127708273,-0.24459267096688517,1.1646761183523817,-0.27204544358029636,-0.5883671766913251,0.3088730938926289,2.1810783132966796,-1.1309902885952956,0.2738669610191707,-0.276689067515526,0.4827341585482083,1.4107383358347967,0.43920540302079264,0.7095145915498905,-0.2748734438947397,1.1357675530990072,1.229995077038276,0.9158594211749729,1.0837181180097615,1.0665907287348086,0.7274664864062099,0.5431867842697162,0.7229073739479589,0.5304506988001574,0.42870878352840713,-0.5423082969694102,0.2336615097730588,0,0,0,0,0,0,1,0,1,2020
-0.4558181491383433,-0.2743399872993852,-0.5019163669800175,-2.253120373064655,0.2678078459593579,-0.0785027127708273,-0.24444191089837275,1.4387771404156848,-0.27113630410702066,0.0042309549784538165,-0.0648482815206049,1.546153495060221,-0.6572704356370437,0.2172433305033503,-0.2766142626527769,0.3420257513176083,-0.06241326998481709,0.43920540302079264,0.7095145915498905,-0.275628408998777,0.17368702695955057,0.1196312451157846,-0.2110231500222393,0.09700007579983075,0.1865545101112168,0.7274664864062099,0.5431867842697162,0.7229073739479589,0.5304506988001574,0.42870878352840713,-0.495474678579657,0.2336615097730588,0,0,0,0,0,0,1,0,1,2022
-1.0128785564845975,-0.2743399872993852,-0.5071670839130024,-2.35124820411418,0.7912998279864153,-0.0785027127708273,-0.24549723137795953,1.0742975079512318,-0.2722272714749515,-0.5554450582652258,-0.15829527549450156,2.510968254956258,-0.6943324440477178,0.024093283143642345,-0.27744210313386686,0.4564318531402974,1.4107383358347967,0.43920540302079264,0.7095145915498905,-0.275628408998777,-0.43017202668117904,-0.5772992451334465,-0.9183217851353911,-0.5223229506936433,-0.3658086483865758,0.7274664864062099,0.5431867842697162,0.7229073739479589,0.5304506988001574,0.42870878352840713,-0.5606026791529076,0.2336615097730588,0,0,0,0,0,0,1,0,1,2023
0.8343883563217899,-0.25228244694568447,-0.1903221173500995,-1.3699698936189335,1.6943234969830892,-0.0785027127708273,-0.24986927336481904,-1.7103557941709204,-0.2744092062108133,-3.2879808876314276,-0.014730859116148689,1.1839401794242577,-1.1050843190799557,1.9370361578803412,-0.2670192922574932,-2.852319135942322,-0.28843495588039625,-2.0039315129405577,-1.011302268447243,-0.2680787579584042,0.8828494766396648,1.229995077038276,0.9158594211749729,1.0837181180097615,0.6038912735821946,-1.1318684939667287,-0.5914401143583198,-1.1289030307547925,0.6157567638171038,0.7738008754418982,-0.4588859142126622,0.2336615097730588,1,0,0,1,0,0,1,0,1,2020
1.4784663374171596,-0.25228244694568447,-0.1903221173500995,-1.3699698936189335,0.6342522333782977,-0.0785027127708273,-0.25032155357035624,-1.7534877813867433,-0.26495415568874575,-0.9834325978045106,-0.014730859116148689,1.4841942329165578,-0.9844643280706711,2.0387844342793646,-0.26704672070716784,-2.735307916900545,-0.28843495588039625,-2.0039315129405577,-1.011302268447243,-0.2692112056144601,1.1357675530990072,1.229995077038276,0.9158594211749729,1.0837181180097615,1.0665907287348086,-1.1318684939667287,-0.5914401143583198,-1.1289030307547925,0.6157567638171038,0.7738008754418982,-0.48998636392460776,0.2336615097730588,1,0,0,1,0,0,1,0,1,2021
2.1225443185125297,-0.25228244694568447,-0.1903221173500995,-0.8793307383713105,1.275529911361443,-0.0785027127708273,-0.24587413154924054,-0.6001558098927766,-0.2618630814796083,-0.29206811085643564,-0.014730859116148689,2.8642374734053164,-1.0693700200660334,1.2727957942835886,-0.2691661918183922,-2.9483626227319255,-0.28843495588039625,-2.0039315129405577,-1.011302268447243,-0.2692112056144601,0.30413862372421685,0.2701890528340818,-0.058225513249742754,0.2307923527096459,0.3058814550093256,-1.1318684939667287,-0.5914401143583198,-1.1289030307547925,0.6157567638171038,0.7738008754418982,-0.5774335107617252,0.2336615097730588,1,0,0,1,0,0,1,0,1,2023
0.5295518950450391,-0.18610982588458233,0.36041916752259606,0.9850980515696572,-0.04628734325687681,0.41779591632814905,-0.14923692763279423,-0.5304554108389816,-0.09985442734187423,1.716181113135592,-0.10863382876604141,0.7165997911916616,-0.6786840404965443,0.13124717968521613,-0.16180126581004348,0.9379622594697778,-0.2653760158049942,-0.9678348683063913,0.010682032410541602,-0.1637048323252504,0.3758942171879729,0.5618115321645601,0.40726640231605005,0.48994088906926836,0.4377152893201581,0.772162038819021,0.77395835687203,0.7945903573558077,0.7010628288340505,0.5149818065067792,-0.3937579136394116,0.2336615097730588,0,0,0,1,0,0,1,0,0,2020
0.39467680803413147,-0.18610982588458233,0.35508827273871707,1.0832258826191818,0.6211649338276215,0.7416302470008314,-0.15458891006498432,-0.6789929499257202,-0.11803721680738871,1.0248166261875176,-0.1779470892846113,1.023718199141736,-0.5817987094189438,0.2580585874346088,-0.16147461790937243,0.9616028500665057,-0.2653760158049942,-0.9678348683063913,0.010682032410541602,-0.15653266383689624,0.5999442335486366,0.5232424351905702,0.37790923898097967,0.5341731241424497,0.5064428703909275,0.772162038819021,0.77395835687203,0.7945903573558077,0.7010628288340505,0.5149818065067792,-0.439493869098155,0.2336615097730588,0,0,0,1,0,0,1,0,0,2021
0.25980172102322385,-0.20449110951266625,-0.02519154485057064,1.1813537136687065,0.3463316432634162,0.7655049230702131,-0.1372515021860587,-0.11965872977118687,-0.11712807733411298,1.0248166261875176,0.2488285229803183,1.6345681901110445,-0.30282286429132477,0.0032780193025055407,-0.16087867250280466,0.8196842856967279,-0.2653760158049942,-0.9678348683063913,0.010682032410541602,-0.15653266383689624,0.2162378148472736,0.12629009868052643,-0.07502008108464983,0.17836363250378814,0.25912121479531225,0.772162038819021,0.77395835687203,0.7945903573558077,0.7010628288340505,0.5149818065067792,-0.5031583190967258,0.2336615097730588,0,0,0,1,0,0,1,0,0,2023
0.42339583634544475,-0.2669874738481516,-0.672807438376124,-0.19243592102463816,0.6866014315810037,-0.0785027127708273,-0.21662667825783558,0.22730811600981035,-0.24968061253771356,-0.6542114135435224,-0.8406519645871148,0.04497148071924523,-0.9083187471541954,0.6902186441345606,-0.25298839350118824,0.4642789563249531,0.07052123436822398,-0.47215870213930977,0.9739773742480893,-0.2488271478054536,0.993957995777874,0.9026623867027451,0.7497582329349219,0.9382770193025178,0.8071580862503981,-0.4793134287396877,-0.3734891846783571,-0.40012603277499903,0.9569810238848909,0.9463469213986443,-0.2302061369189451,0.2336615097730588,0,0,0,1,0,0,1,1,0,2020
0.42339583634544475,-0.259634960396918,-0.07350000523521377,-0.486819414173212,0.25472054640868125,-0.0785027127708273,-0.21293305657928185,0.8031695609654076,-0.24440760359271438,0.13591942868284917,-0.8504664113828165,-0.07664154222508357,-0.5022838550105887,0.7359551037398194,-0.2541054794515747,0.3420257513176083,-0.06241326998481709,-0.47215870213930977,0.9739773742480893,-0.2514695256695841,0.5131012227295643,0.5113585868346358,0.7699939106900564,0.7005509594866149,0.8387640934566227,-0.4793134287396877,-0.3734891846783571,-0.40012603277499903,0.9569810238848909,0.9463469213986443,-0.18373840617286177,0.2336615097730588,0,0,0,1,0,0,1,1,0,2022
-1.774851294720463,-0.24492993349445089,0.07646539291795444,-1.1737142315198843,-0.3080333342704055,-0.0785027127708273,-0.2101439953118025,-0.27909396575887435,-0.22731578149513076,-0.16037963715204026,0.5699191673917839,-0.7445304610073927,0.023921791676718675,-0.7315622792699719,-0.23286339192625718,0.5669671313974649,0.40563246647559953,0.21614947652516367,-0.5153425818301262,-0.24467483973324855,-0.21114518349624137,-0.2134779044609732,-0.09833489290252413,-0.19901533686315767,-0.07745635547586896,0.6023189396503404,0.7226757851826258,0.5675942432309544,-0.57852814642015,-0.002656331363457912,0.3446033512865423,0.2336615097730588,0,0,1,0,0,0,1,1,0,2020
-1.774851294720463,-0.2412536767688341,0.23694266670372024,-1.3699698936189335,-0.43890632977716987,-0.0785027127708273,-0.21692819839486036,-0.6912191240554665,-0.22567933044323446,-0.061613281873743576,0.27244991031999954,-0.7513549232717983,0.2984052721484985,-0.47586093697699083,-0.23236718633668818,0.6202284046307064,0.40563246647559953,0.21614947652516367,-0.5153425818301262,-0.24391987462921128,0.6100592656013686,0.8255053954093673,0.7106058099926197,0.7242708312047142,0.585713794986911,0.6023189396503404,0.7226757851826258,0.5675942432309544,-0.57852814642015,-0.002656331363457912,0.35484820530930083,0.2336615097730588,0,0,1,0,0,0,1,1,0,2021
-1.774851294720463,-0.24492993349445089,0.04659485487710628,-1.271842062569409,-0.5959539243852869,-0.0785027127708273,-0.21165159599692648,-0.24940986058341644,-0.223861051496683,0.03715307340455251,-0.30236576076986094,-0.6611354964785296,1.0646529369461513,-0.4130404178014146,-0.2314670344882741,0.3420257513176083,-0.06241326998481709,0.8018769599519752,-0.5081184738083833,-0.24278742697315536,-0.30735323611019005,-0.3314540616027382,-0.4575287124716365,-0.21134931239077906,-0.0884568082086614,0.6023189396503404,0.7226757851826258,0.5675942432309544,-0.57852814642015,-0.002656331363457912,0.23154406939252853,0.2336615097730588,0,0,1,0,0,0,1,1,0,2022
-0.5712069757521002,-0.22654864986636697,1.0826623671391415,-0.2905637520741628,-0.04628734325687681,-0.0785027127708273,-0.21255615640800085,-0.42072944223019104,-0.22804309307375134,-0.09453540029984286,-1.0198820379956097,-0.26035534431189616,-0.27729125849730485,-1.3262758888560626,-0.23565361330679835,0.7173242426501616,0.8189509247219823,0.11816599900892448,-0.08265622663323482,-0.24014504910902487,0.6379954547920715,0.32722100499694445,0.4161114982962089,0.6461301166818788,0.41612917583910575,-0.5597654230827473,-0.6875949362759501,-0.447914688380231,0.06126734120695,0.25616273757166114,-0.09629125933574434,0.2336615097730588,0,0,0,0,0,0,1,1,0,2020
-0.5712069757521002,-0.23022490659198375,0.8910108261649624,0.10194757212393568,-1.0540094086589622,-0.0785027127708273,-0.2150436975384554,-0.6000854573370915,-0.22840674886306161,-0.16037963715204026,-0.2910147002849875,-0.04185822394478263,-0.16468265112426697,-1.3787403230010153,-0.23554389950809967,0.6839072463354795,0.8189509247219823,0.11816599900892448,-0.08265622663323482,-0.238446377624941,0.5940282032065974,0.5154391725834234,0.3719697259283624,0.528105592664419,0.42946671556724797,-0.5597654230827473,-0.6875949362759501,-0.447914688380231,0.06126734120695,0.25616273757166114,-0.1980080242759897,0.2336615097730588,0,0,0,0,0,0,1,1,0,2021
-0.5712069757521002,-0.22654864986636697,1.0707829929985002,0.2982032342229849,-1.0540094086589622,-0.0785027127708273,-0.20313365212597606,0.3303119409355097,-0.23040685570426822,-0.357912347708633,-0.9303028844172812,0.1742132727763969,0.23715936734055637,-1.5504612696162745,-0.23538930279175155,0.3420257513176083,-0.06241326998481709,0.40803420718603617,-0.04436229864436272,-0.23693644741686645,0.28301435947538905,0.17010232838499034,0.22436329794032234,0.34367958635230295,0.4065635647671054,-0.5597654230827473,-0.6875949362759501,-0.447914688380231,0.06126734120695,0.25616273757166114,-0.27191732829731907,0.2336615097730588,0,0,0,0,0,0,1,1,0,2022
-0.7322716333143848,-0.259634960396918,-0.43210047778315674,0.8869702205201326,-0.8446126158481391,-0.0785027127708273,-0.224767721957505,-0.46924658864453345,-0.237679971490474,-0.29206811085643564,-0.19636891695204645,-0.7037236443898718,0.3308251704148053,-0.053017650185219777,-0.2428124386718866,0.20021735400171362,0.4516604816625452,0.2910159800159899,-0.480530040547866,-0.24807218270141632,0.5120458560679138,0.7500920649361805,0.42881695396261665,0.44402379403467407,0.40097011422501067,0.38778028806884635,0.4085700335850345,0.32865096520479276,0.018614308698477074,-0.002656331363457912,0.2860613282993507,0.2336615097730588,0,0,0,0,0,0,1,1,0,2021
-0.7322716333143848,-0.2633112171225348,-0.654417622742866,1.0832258826191818,-0.98857291090558,-0.0785027127708273,-0.2145914173329182,0.5167757113040483,-0.2416801851728872,-0.7529777688218191,-0.44676962490403216,-0.8388714868182929,0.4950959713299949,0.02888303338035632,-0.24241846639474138,0.3420257513176083,-0.06241326998481709,0.5217546417592578,-0.569798320335152,-0.2414662380410901,-0.34547340790062364,-0.265853556910143,-0.4938068895868186,-0.34050698065175944,-0.11896749786377082,0.38778028806884635,0.4085700335850345,0.32865096520479276,0.018614308698477074,-0.002656331363457912,0.5077892403633388,0.2336615097730588,0,0,0,0,0,0,1,1,0,2022
-0.7322716333143848,-0.2633112171225348,-0.6622761708912172,1.279481544718231,-0.5828666248346104,-0.0785027127708273,-0.22265708099833142,-0.21092644808257888,-0.24386211990874893,-0.9834325978045106,0.1916409400286646,-0.9759174399222394,0.34722230140861865,0.12143805199499465,-0.24164797630842572,0.009317403018882812,0.4516604816625452,0.5217546417592578,-0.569798320335152,-0.2414662380410901,0.3401009558052893,-0.4535565708225919,0.29455119273110053,0.26767562904694864,0.2174747015763658,0.38778028806884635,0.4085700335850345,0.32865096520479276,0.018614308698477074,-0.002656331363457912,0.854650726562449,0.2336615097730588,0,0,0,0,0,0,1,1,0,2023
-0.7284239301711674,-0.25228244694568447,-0.1903221173500995,0.49445889632203416,0.24163324685800466,-0.0785027127708273,-0.2067518937702736,0.8427924138886913,-0.22567933044323446,0.9918945077614182,-1.193975106872401,-0.8341613108024151,-0.5814992184418879,-0.6763345225462806,-0.24273514031371252,0.41330681946897313,1.4107383358347967,-0.425733249305457,-0.3194302595600766,-0.24542980483728583,0.6684712975455501,0.6906755015330581,0.5053521988102729,0.7242708312047142,0.6391445654033435,0.25369363083041313,0.30600489020622956,0.32865096520479276,-0.23730388635236332,0.34243576055003416,0.49864204927159017,0.2336615097730588,0,0,0,0,0,0,1,1,0,2020
-0.692630565691231,-0.25228244694568447,-0.1903221173500995,0.49445889632203416,-0.04628734325687681,-0.0785027127708273,-0.19846009000209175,1.6022233586755605,-0.22804309307375134,0.6955954419265293,-0.6726782600080128,-0.7110774025160095,-0.3226641415212816,-0.21175948469831898,-0.24240101192676658,0.41256809824105917,1.4107383358347967,-0.425733249305457,-0.3194302595600766,-0.24958211290949087,0.6047490808791756,0.6171319230550807,0.4182749092177632,0.5391010167899927,0.4837095969191789,0.25369363083041313,0.30600489020622956,0.32865096520479276,-0.23730388635236332,0.34243576055003416,0.29630618232210926,0.2336615097730588,0,0,0,0,0,0,1,1,0,2021
-0.6568372012112947,-0.25228244694568447,-0.1903221173500995,0.5925867273715588,-0.6090412239359636,-0.0785027127708273,-0.1924296872615959,2.151628609469201,-0.22531567465392416,0.9260502709092209,-0.1863550726123656,-0.8423866799244412,-0.14626395603532594,-0.6147615334536897,-0.24217909083394426,0.3420257513176083,-0.06241326998481709,-0.2683627444350424,-0.2908447525739043,-0.2488271478054536,0.6093071793531641,0.8654335614070652,0.5458743709750232,0.5437758416931653,0.39239989172058476,0.25369363083041313,0.30600489020622956,0.32865096520479276,-0.23730388635236332,0.34243576055003416,0.5151069932367378,0.2336615097730588,0,0,0,0,0,0,1,1,0,2022
-0.6210438367313584,-0.25228244694568447,-0.1903221173500995,0.49445889632203416,0.16310944955394632,-0.0785027127708273,-0.2052442930851496,1.0221457858686238,-0.22640664202185504,0.7943617972048249,0.010647883470453624,-0.7811572889164297,-0.24329903260145433,-0.17479430321230832,-0.24600411281584791,0.28599677664088435,1.4107383358347967,-0.2683627444350424,-0.2908447525739043,-0.2488271478054536,-0.6165934052264421,-0.32573446768830233,-0.6630145109969561,-0.5752693595520032,-0.5363323837581717,0.25369363083041313,0.30600489020622956,0.32865096520479276,-0.23730388635236332,0.34243576055003416,0.4027794866300639,0.2336615097730588,0,0,0,0,0,0,1,1,0,2023
0.4828053075964703,-0.20449110951266625,-0.6281767173659907,-0.2905637520741628,0.08458565224988754,0.7392735538296298,-0.034206995357835536,-0.163182473298099,-0.022759400008092828,0.9260502709092209,-0.7127503424156721,-0.6016052009020325,-0.1688006520587863,0.3962684437859787,-0.07055180073327443,0.46432384528457793,0.24598561571059396,0.4857726835310834,0.9087064898445223,-0.045364052267406946,0.46292009652678534,0.3937083935017146,0.41066417564879204,0.4821115479703703,0.38799739981724557,1.6124384241798677,1.3572976098389864,1.5472616831382164,1.127593153918784,0.7738008754418982,0.16385485531358826,0.2336615097730588,0,0,0,1,0,0,1,0,0,2020
0.43119443216626374,-0.20449110951266625,-0.6557004683571747,-0.09430808997511356,-0.46508092887852265,0.654249882738278,-0.04875534196928182,-0.5482888016727919,-0.0323962784248155,0.5639069682221334,-0.5212682218247598,-0.6457326526099995,-0.11661434930678671,0.7257009684204603,-0.06582413340753172,0.5269043297194257,0.24598561571059396,0.4857726835310834,0.9087064898445223,-0.027056148494502937,0.6043037823699756,0.5968316340971442,0.45400293759204485,0.5562273407277216,0.5647671407565723,1.6124384241798677,1.3572976098389864,1.5472616831382164,1.127593153918784,0.7738008754418982,0.21288379956536121,0.2336615097730588,0,0,0,1,0,0,1,0,0,2021
0.37958355673605715,-0.20449110951266625,-0.6742700315445307,-0.09430808997511356,-0.3342079333717583,0.6415951928647212,0.016222247559561163,0.28602291322231066,-0.04185132894688303,0.23468578396114528,0.07336280762937232,-0.6030067763438993,0.4790732040575015,0.876675898774388,-0.057525780633232305,0.3420257513176083,-0.06241326998481709,0.8674764944828398,1.1256717119585251,0.0033311969429975345,0.44749610438015697,0.20616209236659186,0.3784123096002456,0.4719406286221163,0.506966699435521,1.6124384241798677,1.3572976098389864,1.5472616831382164,1.127593153918784,0.7738008754418982,0.16531840588826807,0.2336615097730588,0,0,0,1,0,0,1,0,0,2022
0.3279726813058506,-0.20816736623828302,-0.7457394490709977,0.10194757212393568,-0.07246194235822959,0.6415951928647212,-0.00940696408754628,-0.2843695724523256,-0.018941014220334784,0.5639069682221334,-0.23014975614813438,-0.5662183739086494,0.1753893533227663,1.183915948149499,-0.042380289421965874,0.39498012050548287,0.24598561571059396,0.8674764944828398,1.1256717119585251,0.0033311969429975345,0.40438682907983425,0.22073696020657854,0.2454263684471397,0.4640617454229598,0.31031851493384227,1.6124384241798677,1.3572976098389864,1.5472616831382164,1.127593153918784,0.7738008754418982,0.12799786623393342,0.2336615097730588,0,0,0,1,0,0,1,0,0,2023
1.5086402111308403,-0.24860619022006766,-0.25165295240092334,0.49445889632203416,1.3671410082161781,-0.0785027127708273,-0.21217925623671988,-0.6809578502985907,-0.19931428571823845,1.3869599288746037,-1.0217403710301054,-0.05801790518023602,-0.8689356836713377,1.001835827387381,-0.2271532874030764,-0.24552733248664846,-0.058386152993045656,-0.8846017891206805,-0.4335367912877529,-0.23146295041259618,0.5332013288327102,0.4352083341884914,0.41172774458674477,0.5540063269286413,0.5941502324210914,0.45929317192934355,0.4085700335850345,0.6034357349348797,1.1702461864272575,0.8600738984202713,-0.19142204668993068,0.2336615097730588,0,0,0,1,0,0,1,1,0,2020
1.5706813631033503,-0.24492993349445089,-0.0876676179483544,0.20007540317346031,-0.3734698320237877,-0.0785027127708273,-0.19989231065295954,0.28275342645604096,-0.21058761518685742,0.5309848497960353,-0.7935155922152234,0.0483676658295344,-0.12642267880536914,0.9234290838576539,-0.22759962308414597,0.3420257513176083,-0.06241326998481709,-0.8846017891206805,-0.4335367912877529,-0.23146295041259618,-5.146052352870427,-3.5706956080384193,-3.061373183050514,-5.358970275243357,-5.14542963801999,0.45929317192934355,0.4085700335850345,0.6034357349348797,1.1702461864272575,0.8600738984202713,-0.23130379984995494,0.2336615097730588,0,0,0,1,0,0,1,1,0,2022
1.6327225150758602,-0.24492993349445089,-0.0817161838905774,0.2982032342229849,0.25472054640868125,-0.0785027127708273,-0.2095409550377529,-0.2773818558019786,-0.21095127097616773,0.498062731369936,-0.8233164527379803,-0.06880930063993979,-0.33322119846250386,0.9935006883648062,-0.23064418099803408,-0.29520081361057765,-0.058386152993045656,-0.8846017891206805,-0.4335367912877529,-0.23146295041259618,-3.528967955682824,-2.4588368786619976,-2.018399949952997,-3.523282318505648,-3.200345443957774,0.45929317192934355,0.4085700335850345,0.6034357349348797,1.1702461864272575,0.8600738984202713,-0.1870313949658913,0.2336615097730588,0,0,0,1,0,0,1,1,0,2023
-1.4212416900359646,-0.25228244694568447,-0.1903221173500995,-0.8793307383713105,-0.6613904221386692,-0.0785027127708273,-0.23931606856895127,3.673725205785347,-0.2735000667375375,-0.9834325978045106,-0.014730859116148689,-0.8151218143563076,0.1872192469164764,0.12854021539935384,-0.277432129152167,-0.263980946425865,1.4107383358347967,0.8685968925559651,0.46078931671780565,-0.2778933043108888,-0.7808772450694539,-1.424468458651447,-0.8801096766705955,-1.668300171591391,-3.491721872417106,0.3967193985514088,0.4278009979685602,0.29280947350086917,-0.919752406487937,-0.08892935434183093,0.46241917254826537,0.2336615097730588,1,0,1,0,0,0,1,0,1,2020
-1.4212416900359646,-0.25228244694568447,-0.1903221173500995,-0.486819414173212,-0.7006523207906985,-0.0785027127708273,-0.2424066499734554,2.640091188749223,-0.27277275515891697,-0.6212892951174238,-0.014730859116148689,-0.10072194102762042,0.7903940747071634,0.20974165842282055,-0.2777363355940133,-0.07236806717465105,1.4107383358347967,0.8685968925559651,0.46078931671780565,-0.2758171502747863,-2.953074682993709,-3.4890512086323415,-3.1892128024720416,-3.10983356138247,-3.7421786087441347,0.3967193985514088,0.4278009979685602,0.29280947350086917,-0.919752406487937,-0.08892935434183093,-0.17349355215010323,0.2336615097730588,1,0,1,0,0,0,1,0,1,2021
-1.4212416900359646,-0.25228244694568447,-0.1903221173500995,-0.5849472452227367,-1.0147475100069328,-0.0785027127708273,-0.23954220867171988,4.255124084269196,-0.2725909272642618,-0.3908344661347317,-0.014730859116148689,-0.046656653081185176,0.9691153152653026,0.4392545106212521,-0.2780405420358596,0.3420257513176083,-0.06241326998481709,1.2544545865286343,0.3338133155516554,-0.27638337410281427,-0.6165934052264367,-1.4666028004878011,-0.4524979867073537,-0.7135183160154746,-2.139255496251157,0.3967193985514088,0.4278009979685602,0.29280947350086917,-0.919752406487937,-0.08892935434183093,-0.19581269841397003,0.2336615097730588,1,0,1,0,0,0,1,0,1,2022
-0.48530986165168283,-0.2743399872993852,-1.2133866467982632,-0.3886915831236874,0.39868084146612226,-0.0785027127708273,-0.2296674241841579,0.31408428333832444,-0.25386265411478187,-0.8188220056740165,-0.014730859116148689,-0.7466532159897081,-0.450546788724173,0.04742549482913397,-0.25546194096275826,-1.339709182491593,1.4107383358347967,-1.721982561480292,-0.9784753883958016,-0.2599628830900034,1.1357675530990072,1.0171057709177986,0.9158594211749729,1.0837181180097615,1.0665907287348086,-0.4524960972920015,0.3252358545897553,-0.6868579664063927,0.06126734120695,0.6012548294851522,0.3478963400795718,0.2336615097730588,1,0,0,0,0,0,1,1,0,2020
-0.550156418354241,-0.2743399872993852,-1.2131852698704355,-0.5849472452227367,0.05841105314853476,-0.0785027127708273,-0.22981818425267028,0.3422533982455141,-0.247680505696507,0.07007519183065121,-0.014730859116148689,-0.5665457573279692,-0.05005247965610142,0.02017636792980852,-0.2553597076503345,-1.383632118145169,1.4107383358347967,-1.721982561480292,-0.9784753883958016,-0.26562512137028305,0.9106936685434462,0.9702310613132894,0.652230929748102,0.8528804108872546,0.8607106959375462,-0.4524960972920015,0.3252358545897553,-0.6868579664063927,0.06126734120695,0.6012548294851522,0.12799786623393342,0.2336615097730588,1,0,0,0,0,0,1,1,0,2021
-0.6150029750567992,-0.2743399872993852,-1.2142149026440132,-0.3886915831236874,0.16310944955394632,-0.0785027127708273,-0.22612456257411656,0.8977967068256173,-0.24677136622323126,0.20176366553504657,-0.014730859116148689,-0.7560472703744389,-0.05993568189894783,0.17448039102405277,-0.25506796868561304,0.3420257513176083,-0.06241326998481709,-1.1893012171380748,-0.9194510992267555,-0.26487015626624577,-0.09088511772880895,-0.3879636494773558,-0.31566224591913633,-0.17434738580790934,-0.05545545001027911,-0.4524960972920015,0.3252358545897553,-0.6868579664063927,0.06126734120695,0.6012548294851522,0.36216595818269975,0.2336615097730588,1,0,0,0,0,0,1,1,0,2022
-0.6798495317593575,-0.2743399872993852,-1.2171151033249665,-0.19243592102463816,0.3201570441620634,-0.0785027127708273,-0.22748140319072813,0.6373329924433315,-0.24349846411943865,0.6626733235004301,-0.014730859116148689,-0.4999498634355319,-0.14386802821887834,0.16760306744109885,-0.2574293088530594,-1.5046925121738788,1.4107383358347967,-1.1893012171380748,-0.9194510992267555,-0.26487015626624577,0.5945972571455587,0.39722220309640194,0.28198797487653604,0.7136988521810336,0.9015839377428847,-0.4524960972920015,0.3252358545897553,-0.6868579664063927,0.06126734120695,0.6012548294851522,0.06726051738472215,0.2336615097730588,1,0,0,0,0,0,1,1,0,2023
-0.05636653218905667,-0.2155198796895166,1.4090712460929056,0.49445889632203416,-0.24259683651702332,-0.0785027127708273,-0.2241646816834554,-0.20821210696197412,-0.2189516983409941,0.5309848497960353,1.5798870254047161,-0.865867581519374,0.05881249050373706,0.2659866154646505,-0.23145207351572428,0.8550845544432426,-0.3256813626319734,0.6841979407337179,-2.2111320068642306,-0.24165497931709942,0.2595870739362853,0.42101571378045544,0.09484497644556993,0.18509990099714344,0.42542148373761596,0.6023189396503404,0.7226757851826258,0.5675942432309544,-0.8770993739794638,-1.0379326071039332,0.5641359374885108,0.2336615097730588,0,0,1,0,0,0,0,1,0,2021
-0.05636653218905667,-0.22287239314075016,1.0468415138012264,0.10194757212393568,-0.29494603471972886,-0.0785027127708273,-0.2159482579495298,0.7203078383311028,-0.21767890307840806,0.5309848497960353,1.6494257509935597,-0.7689275458813071,0.43983988606317176,0.15462299219990103,-0.2310456337614542,0.3420257513176083,-0.06241326998481709,0.9693285127324813,-2.3072532633880733,-0.2461847699413231,0.3878086074722955,0.1941068679886271,0.21499343177182362,0.16318238350902672,-0.028088470040889213,0.6023189396503404,0.7226757851826258,0.5675942432309544,-0.8770993739794638,-1.0379326071039332,0.38265566622821684,0.2336615097730588,1,0,1,0,0,0,0,1,0,2022
-0.05636653218905667,-0.22287239314075016,1.0277893918275574,0.39633106527250955,0.07149835269921137,-0.0785027127708273,-0.22175252058725706,0.15259688346347244,-0.223861051496683,-0.09453540029984286,1.7189644765824035,-0.2625639009391661,0.4646227644145518,0.2106360124263997,-0.2309957638529548,0.7681464867102757,-0.3256813626319734,0.9693285127324813,-2.3072532633880733,-0.2461847699413231,0.0918078332455488,0.2259426758317568,0.1006677739259194,0.013024072207490635,0.589124269694348,0.6023189396503404,0.7226757851826258,0.5675942432309544,-0.8770993739794638,-1.0379326071039332,-0.09482770876106456,0.2336615097730588,0,0,1,0,0,0,0,1,0,2023
0.581119487381021,0.6447241941048112,1.5469760308703877,0.6907145584210834,-0.29494603471972886,-0.5873808871444939,0.2823891485181976,-1.1810208510334534,0.5798182428790571,0.30053002081334323,0.1370766145605528,1.7394342919901662,-0.3335206894395598,-0.4231161977256641,0.48073260927786887,0.5691235878906195,-1.397651372770818,0.5509215121763762,0.026829238106425367,0.46820095975395193,-0.30770850956887885,-0.22684491366358436,-0.10990333288748805,-0.2728370042751675,-0.21511637844815432,-0.9530862843154845,-0.6555433289700734,-1.0572200473469435,0.3171855362577904,-1.2104786530606793,-0.5119396225448046,0.2336615097730588,0,0,0,0,0,0,0,0,0,2020
0.46261750211289754,0.648400450830428,1.5372898006418834,0.788842389470608,-0.0070254446048474166,-0.5196277741032421,0.24085474964303227,-1.3774202151939388,0.5567261002578537,0.10299731025675049,0.2019687239599473,1.9722228463468796,-0.007375015425628288,-0.02925452024374733,0.48860457433449844,0.5701768149032614,-1.397651372770818,0.5509215121763762,0.026829238106425367,0.47291949165418495,-0.5618462645196617,-0.2248309661041771,-0.1822182508359542,-0.5988998292599359,-0.5384017396999375,-0.9530862843154845,-0.6555433289700734,-1.0572200473469435,0.3171855362577904,-1.2104786530606793,-0.5287704541536222,0.2336615097730588,0,0,0,0,0,0,0,0,0,2021
0.3441155168447741,0.6704579911841287,1.536894878111199,1.0832258826191818,-0.6483031225879925,-0.6047513508090774,0.2610565988236934,-1.2789543229678864,0.5534531981540611,-0.028691163447644878,0.5941317280509225,2.3052393108040334,0.18257713677210916,-0.053518095599775176,0.49828432357423114,0.5295109879295864,-1.397651372770818,0.5509215121763762,0.026829238106425367,0.47291949165418495,-1.0772165881204692,-0.8264308825483513,-0.6735430577661572,-1.1274076059396192,-1.0156764109368699,-0.9530862843154845,-0.6555433289700734,-1.0572200473469435,0.3171855362577904,-1.2104786530606793,-0.5496260498428092,0.2336615097730588,0,0,0,0,0,0,0,0,0,2023
0.5326511163477112,-0.2669874738481516,0.3897620234284887,-0.6830750762722613,0.5557284360742394,-0.0785027127708273,-0.24391425065857938,-0.47041677289186745,-0.2680452298978832,-0.8188220056740165,-0.014730859116148689,0.03744968508584572,-0.8532124073759002,-0.20128098985394657,-0.27114353369039323,-0.026256895193781236,0.03987861293387371,-0.3356992671841866,0.9641514120125527,-0.2701549119945067,0.344378733210095,0.5449722291183481,0.2206455768476567,0.2720629542564269,0.16171477813393303,-0.4793134287396877,-0.3734891846783571,-0.40012603277499903,0.9143279913764175,0.9463469213986443,-0.22764492341325546,0.2336615097730588,1,0,0,1,0,0,1,0,1,2020
0.7708248640201046,-0.2669874738481516,0.38391351535604556,-0.486819414173212,0.1107602513512403,-0.0785027127708273,-0.2425574100419678,-0.20758577324001581,-0.26386318832081485,0.46514061294383674,-0.014730859116148689,-0.35590606188594687,-0.6809302228244639,-0.4389351479431107,-0.2709590150289454,-0.1205972105702078,0.03987861293387371,-0.3356992671841866,0.9641514120125527,-0.2669463103023483,0.41420715849441,0.39722220309640194,0.3524181355763652,0.5903590969047947,0.40656356476711036,-0.4793134287396877,-0.3734891846783571,-0.40012603277499903,0.9143279913764175,0.9463469213986443,-0.039212786923232545,0.2336615097730588,1,0,0,1,0,0,1,0,1,2021
1.008998611692498,-0.259634960396918,1.613544903566148,-0.09430808997511356,-0.3865571315744638,-0.0785027127708273,-0.24059752915130664,0.1312676609650346,-0.26331770463684945,0.6297512050743308,-0.014730859116148689,0.00018948503405390591,-0.2866503515303034,-0.4661872623267322,-0.2707744963674977,0.3420257513176083,-0.06241326998481709,0.5080459985781047,0.9156360045592148,-0.2654363800942737,-0.5369406343934692,-0.2715196502205621,-0.39029992271270564,-0.4412097654056,-0.12345824872210547,-0.4793134287396877,-0.3734891846783571,-0.40012603277499903,0.9143279913764175,0.9463469213986443,-0.21410708059746741,0.2336615097730588,1,0,0,1,0,0,1,0,1,2022
1.2471723593648913,-0.259634960396918,1.5750617726583052,-0.09430808997511356,0.08458565224988754,-0.0785027127708273,-0.23976834877448847,0.30122165057907385,-0.26459049989943545,0.13591942868284917,-0.014730859116148689,-0.3039588488321022,-0.3337453076723518,-0.6721346753641962,-0.2716148043257125,-0.5262282022860887,0.03987861293387371,0.5080459985781047,0.9156360045592148,-0.2654363800942737,-1.9308641239705306,-1.8668790479330675,-1.7780942255933796,-1.668300171591391,-1.0372458564122289,-0.4793134287396877,-0.3734891846783571,-0.40012603277499903,0.9143279913764175,0.9463469213986443,-0.07141089956618792,0.2336615097730588,1,0,0,1,0,0,1,0,1,2023
-0.5973051588815592,-0.2669874738481516,-0.7330709757094619,0.39633106527250955,0.1107602513512403,-0.0785027127708273,-0.2286874837388273,-0.28114906364601133,-0.23677083201719828,0.7943617972048249,0.31304997954776087,-0.8612732934395387,-0.7027930641495485,0.6243181739316879,-0.24983661528402645,-2.2485712590977402,0.3782618736278708,-0.6081892892139859,-0.6100859336090709,-0.24977085418550019,1.1357675530990072,0.9222311888423648,0.9158594211749729,1.0837181180097615,0.7007061052309793,0.25369363083041313,0.30600489020622956,0.32865096520479276,0.7010628288340505,0.6875278524635252,0.5542569711094222,0.2336615097730588,0,0,0,1,0,0,1,1,0,2020
-0.32634818263428367,-0.2669874738481516,-0.7439800113941638,0.49445889632203416,-0.04628734325687681,-0.0785027127708273,-0.22996894432118267,-0.46085652673255084,-0.24095287359426662,0.20176366553504657,0.6028270003284271,-0.8553014989507066,-0.6407235591547024,0.6489657544008551,-0.2501807176526723,-2.3023617661089797,0.3782618736278708,-0.6081892892139859,-0.6100859336090709,-0.2490158890814629,0.4070629961715944,-0.31187153115113225,0.2045845309391036,0.21179153120543237,0.06674759915997797,0.25369363083041313,0.30600489020622956,0.32865096520479276,0.7010628288340505,0.6875278524635252,0.541450903580974,0.2336615097730588,0,0,0,1,0,0,1,1,0,2021
-0.05539120638700813,-0.27066373057376836,-1.0027363114442662,0.39633106527250955,0.1107602513512403,-0.0785027127708273,-0.23057198459523226,-0.5171860034738963,-0.24568039885530038,-0.4566787029869297,0.5557562292211798,-0.8295518681463278,-0.4927001437447982,0.8434551326927225,-0.2515920360632052,-2.277079767325242,0.3782618736278708,-0.6081892892139859,-0.6100859336090709,-0.2490158890814629,0.14951414941835306,0.3762982615400731,0.1938617939003694,0.1986469092938119,0.16444304733172488,0.25369363083041313,0.30600489020622956,0.32865096520479276,0.7010628288340505,0.6875278524635252,0.4898607458235114,0.2336615097730588,0,0,0,1,0,0,1,1,0,2023
1.3515355739690862,-0.25228244694568447,-0.1903221173500995,-0.09430808997511356,1.4980140037229426,-0.0785027127708273,-0.24202974980217443,-0.6776114749365658,-0.23949825043702547,2.506311955361964,-0.41445366151218305,-0.805955301476768,-1.259397045008035,0.9840929408479802,-0.26104238372384064,0.7415645276682159,1.4107383358347967,-1.2886843918861806,-1.436155021433197,-0.26581386264629236,0.45429384708355414,-0.34302035151859755,0.9158594211749729,0.73425547806041,0.4432317405430935,0.709588265441085,0.5431867842697162,0.7348545378492674,0.06126734120695,0.7738008754418982,0.44558834093944777,0.2336615097730588,0,0,0,0,0,0,1,1,0,2020
1.1320319119700426,-0.25228244694568447,-0.1903221173500995,-0.09430808997511356,1.3540537086655016,-0.0785027127708273,-0.243386590418786,-0.7670759233688879,-0.24531674306599008,1.4857262841529004,-0.3257394810892864,-1.2532250134938945,-1.2695048654836731,0.9751251379146421,-0.2612269023852884,0.6361513301152325,1.4107383358347967,-1.2886843918861806,-1.436155021433197,-0.2669463103023483,0.5067149013924377,0.8669915166020759,0.547455503668191,0.43855632118018956,0.20347828354628095,0.709588265441085,0.5431867842697162,0.7348545378492674,0.06126734120695,0.7738008754418982,2.8403229687592537,0.2336615097730588,0,0,0,0,0,0,1,1,0,2021
0.912528249970999,-0.25228244694568447,-0.1903221173500995,-0.09430808997511356,1.1184823167533262,-0.0785027127708273,-0.24014524894576944,-0.08151447438699251,-0.24804416148581726,1.0577387446136157,-0.32208564211877594,-0.584362636048829,-0.9589327222766512,0.8051821255935405,-0.2609625918702416,0.3420257513176083,-0.06241326998481709,-0.6606007544010564,-1.460247052555924,-0.26864498178643215,0.752438593465315,-0.09723669080658548,0.46686714671358076,0.6905726480667397,0.36531186701912943,0.709588265441085,0.5431867842697162,0.7348545378492674,0.06126734120695,0.7738008754418982,0.14592636077376084,0.2336615097730588,0,0,0,0,0,0,1,1,0,2022
0.6930245879719555,-0.25228244694568447,-0.1903221173500995,-0.2905637520741628,1.5372759023749716,-0.0785027127708273,-0.2428589301789926,-0.6244487643159509,-0.24840781727512756,1.0248166261875176,0.6443569338277226,-0.7861957397972893,-0.8725295753960091,1.0518721354918732,-0.2617480429291071,0.8309619695228205,1.4107383358347967,-0.6606007544010564,-1.460247052555924,-0.26864498178643215,0.20413261322978107,0.15476934106269258,0.1883782676172736,0.4467229262033458,0.4984660812689414,0.709588265441085,0.5431867842697162,0.7348545378492674,0.06126734120695,0.7738008754418982,0.4111949024344727,0.2336615097730588,0,0,0,0,0,0,1,1,0,2023
0.0809048195836434,-0.27066373057376836,-0.1940088068102904,-0.2905637520741628,-0.3865571315744638,-0.0785027127708273,-0.2341902262395298,1.0647682970274652,-0.27277275515891697,-2.2344730979962657,-0.014730859116148689,-0.7046224444784468,0.12372715978061462,-0.6910975048443688,-0.2714527271230895,0.11034681994660031,1.4107383358347967,-0.30125101850891023,2.115153300787169,-0.26675756902633896,-0.3320219675496606,-1.1900286592030709,-0.31215363718097333,-0.20660547564938514,-0.6596341616422442,0.34308473565603526,0.3636977833568067,0.26891514569825237,-1.0903645365218306,0.0836166916149151,0.2875248788740305,0.2336615097730588,1,0,1,0,0,0,1,0,1,2020
-0.1486938258385955,-0.2743399872993852,-0.8735149743787547,-1.0755864004703597,-0.7268269198920513,-0.0785027127708273,-0.2341902262395298,0.8950283614487885,-0.2702271646337449,-1.4443422557698942,-0.014730859116148689,-0.7130147368006571,1.3878037011895232,-0.6351482178829376,-0.27129563691131636,0.3420257513176083,-0.06241326998481709,-0.30125101850891023,2.115153300787169,-0.27053239454652533,0.06911305672699482,-0.9859049179722814,0.16623753685682055,0.2085421153539907,-0.104240066477459,0.34308473565603526,0.3636977833568067,0.26891514569825237,-1.0903645365218306,0.0836166916149151,0.29886739582779887,0.2336615097730588,1,0,1,0,0,0,1,0,1,2022
-0.37829247126083443,-0.2743399872993852,-0.8785147159924285,-1.271842062569409,-0.32112063382108164,-0.0785027127708273,-0.2287628637730835,1.846536197062464,-0.26913619726581406,-1.0821989530828073,-0.014730859116148689,0.23131148172591157,1.0986451628420018,-0.885491160836532,-0.27280420164342306,0.20143204919391466,1.4107383358347967,-0.30125101850891023,2.115153300787169,-0.27053239454652533,-0.7308778155520186,-0.9243521403330967,-0.3335103860219434,-0.5572368869698066,-0.6408708476164129,0.34308473565603526,0.3636977833568067,0.26891514569825237,-1.0903645365218306,0.0836166916149151,-0.2883822722624667,0.2336615097730588,1,0,1,0,0,0,1,0,1,2023
-0.048061362355669116,-0.25228244694568447,-0.1903221173500995,-0.19243592102463816,-0.32112063382108164,-0.0785027127708273,-0.24097442932258764,3.3102513430810494,-0.2702271646337449,-0.19330175557813895,-0.014730859116148689,0.059709751846855244,0.6205826907164387,-1.0378598077228343,-0.27496606217687186,0.3420257513176083,-0.06241326998481709,0.25147918646513207,-0.9094377167952742,-0.2758171502747863,-0.7157836481505355,-1.9753948528511969,-0.7106786297040416,-0.8152486802055997,-1.4738911854050074,0.34308473565603526,0.3636977833568067,0.26891514569825237,-1.3462827315726706,-0.6065674922120681,-0.23532856393032436,0.2336615097730588,1,1,0,0,0,0,1,0,1,2022
0.32684301543335614,-0.22654864986636697,-0.10253408318510422,0.0038197410744110656,0.6866014315810037,-0.0785027127708273,-0.17087099746432316,-0.4870728463690099,-0.16840354362686383,0.6297512050743308,0.09730234411821782,-0.2599671197261542,-0.4493488248159492,0.3706410334335503,-0.19465556152944527,0.18608700468398545,-0.603192193865748,-1.2316406245184472,0.5196453077545835,-0.1895623871385272,0.566250241643238,0.37045450357684495,0.402725393219098,0.49961627695155975,0.5456407171745916,-0.7385476327339916,-0.7196465435818269,-0.7346466220116247,0.9996340563933643,0.5149818065067792,-0.09629125933574434,0.2336615097730588,0,0,0,1,0,0,1,0,0,2020
0.3284372693228956,-0.22654864986636697,-0.09136773253706716,0.2982032342229849,0.20237134820597572,-0.0785027127708273,-0.1641621744155215,-0.20920671789815734,-0.16113042784065804,0.9918945077614182,0.060357938451503175,-0.14135626290957054,-0.41595558087421053,0.6863564171615026,-0.194428653445773,0.21985663319481002,-0.603192193865748,-1.2316406245184472,0.5196453077545835,-0.18446637268627555,0.6159994722397623,0.5101405588851295,0.3070563371595244,0.5506395146971882,0.4485144438328532,-0.7385476327339916,-0.7196465435818269,-0.7346466220116247,0.9996340563933643,0.5149818065067792,-0.1555650576102758,0.2336615097730588,0,0,0,1,0,0,1,0,0,2021
0.330031523212435,-0.22654864986636697,-0.09491494982872564,-0.19243592102463816,0.1892840486552991,-0.0785027127708273,-0.15896095205184382,-0.019048800424862972,-0.16931268310013955,0.5639069682221334,0.669090860302259,0.2197592373938062,-0.19395789413148626,0.6321235912121073,-0.1942241868209255,0.3420257513176083,-0.06241326998481709,-0.6992930266007151,0.616589479572202,-0.1933372126587136,0.4034376003659921,0.27914246723897107,0.2189161891751941,0.379576977813306,0.39671241306610816,-0.7385476327339916,-0.7196465435818269,-0.7346466220116247,0.9996340563933643,0.5149818065067792,-0.2850892834694372,0.2336615097730588,0,0,0,1,0,0,1,0,0,2022
0.33162577710197444,-0.22654864986636697,-0.09809633236816402,0.39633106527250955,1.1970061140573844,-0.0785027127708273,-0.1596393723601496,-0.052246917365381014,-0.16476698573376095,0.7943617972048249,1.2754298512497033,0.23757165888635684,-0.3577045858368279,0.8176507393037324,-0.195174208577839,0.22237885275745117,-0.603192193865748,-0.6992930266007151,0.616589479572202,-0.1933372126587136,0.5562466062512216,0.5611538711951974,0.4633317744737281,0.5388866006084094,0.4923151254400777,-0.7385476327339916,-0.7196465435818269,-0.7346466220116247,0.9996340563933643,0.5149818065067792,-0.29021171048081645,0.2336615097730588,0,0,0,1,0,0,1,1,0,2023
0.15365721178663264,-0.2155198796895166,-0.4357342125697336,-1.1737142315198843,2.3225138754155576,-0.1569705567842035,-0.09059126098147191,-0.5338907788235857,-0.08985389313584127,1.0248166261875176,0.4309898781185363,-0.41673385662328816,-1.109202320014475,1.484353638008825,-0.13937476795786527,0.2697444788120981,-1.4635265026171866,-1.4534047901096225,1.931140866056578,-0.10745993207447313,0.14310065185106352,0.16616383344779262,0.4452393878281562,0.06563042705904522,0.02886015879715667,-1.1318684939667287,-0.5914401143583198,-1.1289030307547925,1.2555522514442041,1.0326199443770172,0.0021325168114715138,0.2336615097730588,0,0,0,1,0,0,1,0,0,2021
0.15365721178663264,-0.23022490659198375,-0.6892685105450785,-1.0755864004703597,0.7127760306823565,0.6683496377482874,-0.057876326114281826,0.23619618557129593,-0.06912551314515476,1.6832589947094938,2.7993635523275477,-0.40454333719728774,-0.9745811258278246,1.6418182184797565,-0.14103543591089515,0.20379164310766665,-1.4635265026171866,-1.4534047901096225,1.931140866056578,-0.10745993207447313,-1.8898193405298296,-1.6122603340252897,-0.32037169780093955,-2.0193497594755043,-2.1515149464423033,-1.1318684939667287,-0.5914401143583198,-1.1289030307547925,1.2555522514442041,1.0326199443770172,-0.006648786636607224,0.2336615097730588,0,0,0,1,0,0,1,0,0,2023
-0.3709056450442489,-0.2633112171225348,0.35496558198083694,-1.4680977246684581,0.7389506297837093,-0.0785027127708273,-0.24029600901428186,-0.2193980600855996,-0.26059028621702224,-0.3908344661347317,-0.2442253807259959,-0.6422976896134193,-0.9068961650131796,0.4226993113587412,-0.265882258343707,0.23740288990873704,-0.6377891023670686,-0.001950738647795475,-0.08181723863098643,-0.26864498178643215,0.8437073933780972,0.8929203423475156,0.5737700692043864,0.7841787123388859,0.7994368766526435,0.34308473565603526,0.3636977833568067,0.26891514569825237,0.274532503749317,0.42870878352840713,0.2088590354849918,0.2336615097730588,0,0,0,0,0,0,1,0,1,2020
0.10746169535917752,0.4094437636653369,1.255754040852119,1.0832258826191818,0.1107602513512403,0.6477896021872125,0.20158175179555293,-1.1448866708847603,0.5363613760564775,1.090660863039715,-0.034152848213592095,0.13119188227338863,-0.44725238797655753,0.07583339591917354,0.3490635833623397,0.7023495161777454,-1.0170410993611265,-0.001950738647795475,-0.08181723863098643,0.32079402319067324,0.4193053242593978,0.34975846416707257,0.18495160179741052,0.3548341944601968,0.3689454362508169,-0.6134000859781209,-0.23246211253250076,-0.6868579664063927,0.7010628288340505,-0.002656331363457912,-0.258745373125201,0.2336615097730588,0,0,0,1,0,0,1,0,0,2020
-0.048061362355669116,-0.22654864986636697,-0.4944210431422293,0.0038197410744110656,-0.4127317306758171,0.2701173701265425,-0.14780470698192646,-0.5218885260985425,-0.17204010151996674,-0.9175883609523132,0.8196543368825525,-1.0473523237286941,0.4390162858762679,-0.30372698384375296,-0.15717333830129956,-0.2427655668275692,0.19301816192402027,-0.11722414583766701,-0.17769914825017064,-0.1703107769855766,0.29729610721670424,0.6565413511846313,0.5157447867182398,0.2556243686614231,0.35643491940247396,-0.4524960972920015,-0.4888749709795149,-0.5195976717880798,-0.024038723809996325,0.6012548294851522,1.1221145940851804,0.2336615097730588,0,0,0,0,0,0,1,0,0,2021
-0.048061362355669116,-0.23390116331760052,-0.6521864409665841,-0.09430808997511356,-0.7006523207906985,0.035100188752743594,-0.14931230766705042,-0.5623144428262281,-0.171130962046691,-0.9505104793784119,1.8070533437257326,-1.0111741158489906,0.5816488636991649,-0.4435297878466113,-0.15524337284237294,0.3420257513176083,-0.06241326998481709,0.558714740664521,-0.19828722031948515,-0.18031406461407054,-0.24828745159609805,0.13375644872983808,0.05760870185054463,-0.3914471851392706,-0.19943482692889927,-0.4524960972920015,-0.4888749709795149,-0.5195976717880798,-0.024038723809996325,0.6012548294851522,0.9764913119045415,0.2336615097730588,0,0,0,0,0,0,1,0,0,2022
-0.05102722494192518,-0.2743399872993852,0.23603311424636572,-1.0755864004703597,2.3879503731689398,-0.0785027127708273,-0.253261374906348,1.213654274552915,-0.2762274851573647,-0.7529777688218191,-0.014730859116148689,-0.43749295175113284,-1.4188759902903292,0.8219357440109084,-0.28046421958893025,0.4384005729367457,1.4107383358347967,-0.9397207712446989,-1.4439460237437,-0.28034694089900997,1.1357675530990072,1.229995077038276,0.9158594211749729,1.0837181180097615,1.0665907287348086,0.34308473565603526,0.3636977833568067,0.26891514569825237,-0.3652629838777835,0.7738008754418982,0.017499797845609306,0.2336615097730588,1,0,1,0,0,0,1,0,1,2020
-0.05102722494192518,-0.2743399872993852,0.22372077971089532,-0.6830750762722613,1.6812361974324124,-0.0785027127708273,-0.2524321945295298,1.9051132032702185,-0.2751365177894338,0.23468578396114528,-0.014730859116148689,-1.4793883436916295,-1.228399728882744,0.8745626957738177,-0.2804667130843552,0.3657996359165227,1.4107383358347967,-0.9397207712446989,-1.4439460237437,-0.279780717070982,1.1357675530990072,1.229995077038276,0.9158594211749729,1.0837181180097615,1.0665907287348086,0.34308473565603526,0.3636977833568067,0.26891514569825237,-0.3652629838777835,0.7738008754418982,0.017133910201939356,-4.279695021106552,1,0,1,0,0,0,1,0,1,2021
-0.05102722494192518,-0.2743399872993852,0.22453598334836028,-0.6830750762722613,1.5634505014763247,-0.0785027127708273,-0.251753774221224,2.3519817262887797,-0.2744092062108133,0.7943617972048249,-0.014730859116148689,-1.4793883436916295,-0.9998881133890526,0.8374850421425076,-0.28050162202030476,0.3420257513176083,-0.06241326998481709,-1.2218569289881875,-1.3388758044605737,-0.2807244234510286,1.1357675530990072,1.229995077038276,0.9158594211749729,1.0837181180097615,1.0665907287348086,0.34308473565603526,0.3636977833568067,0.26891514569825237,-0.3652629838777835,0.7738008754418982,0.012011483190560094,-4.279695021106552,1,0,1,0,0,0,1,0,1,2022
-0.05102722494192518,-0.2743399872993852,0.23603311424636572,-1.0755864004703597,1.3540537086655016,-0.0785027127708273,-0.2520552943582488,2.1728643136084327,-0.2747728620001236,0.5968290866482326,-0.014730859116148689,-1.4793883436916295,-0.997641931061133,-0.06611505975424421,-0.2808556983706505,0.07352386639853654,1.4107383358347967,-1.2218569289881875,-1.3388758044605737,-0.2807244234510286,1.1357675530990072,1.229995077038276,0.9158594211749729,1.0837181180097615,1.0665907287348086,0.34308473565603526,0.3636977833568067,0.26891514569825237,-0.3652629838777835,0.7738008754418982,-0.03994456221057244,-4.279695021106552,1,0,1,0,0,0,1,0,1,2023
0.08853779293528523,-0.061117097213611624,-0.18663542788990858,0.39633106527250955,-1.1848824041657264,0.026743106687957485,0.2799769874219992,0.1927551446054498,0.01742456471069418,-1.5431086110481902,0.05807694166076534,0.4705748287861647,1.8985855625584491,-1.0522239654870216,0.1445246471474938,0.15453858432433146,-1.3673632099060369,1.0152492960261228,1.3055468191307626,0.26794646590806376,0.30383208891796337,0.06110488021901454,0.29094426143807306,0.36031886037778016,0.1897982853365105,-1.4536764713389676,-1.6170915481463746,-1.5470537673005738,-0.8770993739794638,-1.383024699017425,-0.34692429524965834,0.2336615097730588,0,0,1,0,0,0,0,0,0,2020
0.08853779293528523,-0.05008832703676126,-0.17996686821692326,0.5925867273715588,-1.3419299987738436,-0.3558267529996455,0.20128023165852812,-0.529492027351102,0.031607140493795476,-1.4772643741959928,-0.03884484009720452,0.7135341095605089,2.3195201308105893,-1.065411765643852,0.15513197668531523,0.054795948798225316,-1.3673632099060369,1.0152492960261228,1.3055468191307626,0.2464299604430013,0.19295198895141744,0.24495143488373405,0.3230152529541011,0.24907919152877983,0.06800594182574714,-1.4536764713389676,-1.6170915481463746,-1.5470537673005738,-0.8770993739794638,-1.383024699017425,-0.39339202599574163,0.2336615097730588,0,0,1,0,0,0,0,0,0,2021
0.08853779293528523,-0.04273581358552769,-0.1700188479822429,0.39633106527250955,-1.2372316023684322,-0.40538750894143794,0.3870920161000571,0.6401033946310263,0.04288046996241446,-1.4443422557698942,0.29937505532491193,0.9514215102416734,2.7916676561392975,-1.2320990388948145,0.15770277046845907,0.3420257513176083,-0.06241326998481709,1.313986451660822,1.3992056833817221,0.27945968374463226,-0.19725284095279969,-0.28740573830203764,0.2314260917392187,-0.03997269299224902,-0.5536322610422383,-1.4536764713389676,-1.6170915481463746,-1.5470537673005738,-0.8770993739794638,-1.383024699017425,-0.42961490271906644,0.2336615097730588,0,0,1,0,0,0,0,0,0,2022
-0.5394561940826881,-0.27066373057376836,-1.222006698069992,0.20007540317346031,0.372506242364769,-0.0785027127708273,-0.2017768115093645,-0.5141606873897633,-0.20622374571513397,0.5968290866482326,-1.2471550422931428,0.02816973574583375,-0.6073303152129638,0.37437565157720665,-0.2231337727780251,0.5652994293597873,0.02283423120797507,-0.6729134169087628,0.049318419318882256,-0.22731064234039114,0.6757728015385756,0.6106202520440079,0.5566656016058604,0.6905726480667397,0.715951297876969,0.25369363083041313,0.30600489020622956,0.32865096520479276,0.3598385687662638,0.6012548294851522,-0.22435193462022593,0.2336615097730588,0,0,0,0,0,0,1,1,0,2020
-0.7023754594012732,-0.2669874738481516,-1.074540238423069,0.20007540317346031,0.3332443437127401,-0.0785027127708273,-0.20720417397581078,-0.8049330841406196,-0.2051327783472031,0.6297512050743308,-0.907130860987654,0.04687516293015739,-0.4374440584779751,0.6796222261955192,-0.2239017693689158,0.5349999139180931,0.02283423120797507,-0.6729134169087628,0.049318419318882256,-0.22863183127245637,0.35196392956685774,0.596768418897175,0.45682578594287593,0.360229968849442,0.49302079710792474,0.25369363083041313,0.30600489020622956,0.32865096520479276,0.3598385687662638,0.6012548294851522,-0.23093791220628498,0.2336615097730588,0,0,0,0,0,0,1,1,0,2021
-0.8652947247198584,-0.27066373057376836,-1.219248579999228,0.6907145584210834,0.1892840486552991,-0.0785027127708273,-0.2009476311325463,-0.28219062046355453,-0.20695105729375454,0.498062731369936,-1.278936162141618,0.05397909340955754,-0.3646677510533788,0.5896688575344814,-0.22418852134278733,0.3420257513176083,-0.06241326998481709,-0.17770495983312473,-0.07532142586614896,-0.224290781924242,-0.3825647430396598,-0.15343868749056416,-0.11375152742704403,-0.30957918263521816,-0.10296880611349575,0.25369363083041313,0.30600489020622956,0.32865096520479276,0.3598385687662638,0.6012548294851522,-0.23349912571197462,0.2336615097730588,0,0,0,0,0,0,1,1,0,2022
-1.0282139900384435,-0.27066373057376836,-1.217850129111537,0.788842389470608,0.01914915449650536,-0.0785027127708273,-0.19959079051593473,-0.08100658458255253,-0.21113309887082285,0.1688415471089479,-1.406721837648226,0.29597539000767226,-0.11317020307064327,0.3744640222575132,-0.22319611016364935,0.3723607264690864,0.02283423120797507,-0.17770495983312473,-0.07532142586614896,-0.224290781924242,0.16153077482421074,-0.09883384094839955,-0.017785163986625923,0.08453251930980976,0.013406589840500876,0.25369363083041313,0.30600489020622956,0.32865096520479276,0.3598385687662638,0.6012548294851522,-0.30594487915862423,0.2336615097730588,0,0,0,0,0,0,1,1,0,2023
0.9465955489131341,-0.27066373057376836,-0.004083886532114162,-1.9587368799160814,0.2678078459593579,-0.0785027127708273,-0.2433112103845298,1.569661703590495,-0.2685907135818486,-0.2591459924303369,-0.014730859116148689,-0.12075339363396786,-0.5812746002090959,-0.12682592635409187,-0.2735273153166643,0.3489283981929417,1.4107383358347967,-0.34936653428966363,-0.8251831317698374,-0.2777045630348795,0.6451064847678808,0.6637095227578013,0.3411493098643905,0.5804919164826932,0.6177722572367735,0.6023189396503404,0.7226757851826258,0.5675942432309544,0.4024916012747372,0.6012548294851522,-0.16507813634569446,0.2336615097730588,1,0,0,0,0,0,1,0,1,2020
0.6676965969997244,-0.27066373057376836,-0.004083886532114162,-1.8606090488665568,0.3070697446113868,-0.0785027127708273,-0.24496957113816614,1.12324627226804,-0.2656814672673663,0.7943617972048249,-0.014730859116148689,-0.1073705656352232,-0.5956501671077816,-0.42777247525384193,-0.27364700309706286,0.32090327718765416,1.4107383358347967,-0.34936653428966363,-0.8251831317698374,-0.27506218517074904,1.1357675530990072,1.229995077038276,0.9158594211749729,1.0837181180097615,1.0665907287348086,0.6023189396503404,0.7226757851826258,0.5675942432309544,0.4024916012747372,0.6012548294851522,-0.17093233864441362,0.2336615097730588,1,0,0,0,0,0,1,0,1,2021
0.38879764508631465,-0.2743399872993852,-0.7544333385495967,-1.6643533867675075,0.03223645404718198,-0.0785027127708273,-0.24451729093262897,1.4323689546229776,-0.2664087788459869,0.498062731369936,-0.014730859116148689,-0.09801595772103011,-0.4299567840515763,-0.3562906253836298,-0.27372928844608685,0.3420257513176083,-0.06241326998481709,0.1912477058847109,-0.8265989791610346,-0.2765721153788236,0.7335863495489034,0.7658265899231327,0.4447855594449872,0.6712376249547873,0.6987067357036322,0.6023189396503404,0.7226757851826258,0.5675942432309544,0.4024916012747372,0.6012548294851522,-0.17495710272478304,0.2336615097730588,1,0,0,0,0,0,1,0,1,2022
0.10989869317290485,-0.2743399872993852,-0.7492154385974431,-1.7624812178170322,-0.0070254446048474166,-0.0785027127708273,-0.24527109127519095,1.1669402232787771,-0.2693180251604692,-0.5225229398391271,-0.014730859116148689,0.012987301817199889,0.008722624591129121,-0.5572828222216989,-0.274626946799076,-0.09873295187120974,1.4107383358347967,0.1912477058847109,-0.8265989791610346,-0.2765721153788236,-1.5405655468889539,-2.8884453177288107,-1.696459266600397,-2.1186304371624898,-1.3815100248908359,0.6023189396503404,0.7226757851826258,0.5675942432309544,0.4024916012747372,0.6012548294851522,-0.21886361996517673,0.2336615097730588,1,0,0,0,0,0,1,0,1,2023
1.4028061253164383,-0.2633112171225348,0.24183873649158646,-1.1737142315198843,0.5426411365235627,-0.0785027127708273,-0.23999448887725705,-0.15607806630195975,-0.261499425690298,-0.884666242526214,-1.2935021066493482,-0.9321534751828978,-0.47188552083940954,-0.36058214886665757,-0.2654882860665618,-2.5582799596583077,-0.5928676664260111,-0.9210433761907386,-0.7693580472319408,-0.2693999468904694,0.3770133237209773,0.6461955365429407,0.3233747703393204,0.5649282195282472,0.6038912735821946,0.7274664864062099,0.5431867842697162,0.7229073739479589,-0.23730388635236332,0.7738008754418982,0.7251265007032875,0.2336615097730588,0,0,0,0,0,0,1,0,1,2020
1.3771472010155301,-0.2633112171225348,0.3116949010740127,-1.1737142315198843,0.1107602513512403,-0.0785027127708273,-0.24165284963089342,-0.3930882739232938,-0.26059028621702224,-0.5883671766913251,-0.6000687984813373,-0.9577700577222433,-0.7767673354823685,-0.30065987743480255,-0.2644908878965738,-3.3326317012346873,-0.5928676664260111,-0.9210433761907386,-0.7693580472319408,-0.2699661707184974,-2.053529391053312,-2.734003802925044,-0.8082709127567743,-1.4324128896255772,-1.4019108645043818,0.7274664864062099,0.5431867842697162,0.7229073739479589,-0.23730388635236332,0.7738008754418982,0.7983040294372771,0.2336615097730588,0,0,0,0,0,0,1,0,1,2021
1.3514882767146221,-0.2633112171225348,0.22596501369546232,-1.271842062569409,-0.08554924190890621,-0.0785027127708273,-0.23924068853469507,0.06320662243286844,-0.2611357699009877,-0.6871335319696211,-0.6999272989157127,-0.6642406245802202,-0.649558542977853,-0.47782857365032305,-0.2653461568273385,0.3420257513176083,-0.06241326998481709,-0.24959741267093544,-0.3967861725337146,-0.26845624051042283,-0.09088511772880895,-0.18571880866291082,0.6285043655196817,-0.17434738580790934,0.842181492985791,0.7274664864062099,0.5431867842697162,0.7229073739479589,-0.23730388635236332,0.7738008754418982,0.23520294582922802,0.2336615097730588,0,0,0,0,0,0,1,0,1,2022
1.325829352413714,-0.2633112171225348,0.29896750631507574,-0.6830750762722613,0.35941894281409287,-0.0785027127708273,-0.24037138904853805,-0.19415693843498447,-0.2611357699009877,-0.5554450582652258,-0.6999272989157127,-0.4965376323033291,-0.7753447533413528,-0.5857134541641873,-0.2631818027984647,-2.944379733489999,-0.5928676664260111,-0.24959741267093544,-0.3967861725337146,-0.26845624051042283,0.44143585263043283,-0.1055840604156755,0.10259039573547041,0.13423471890208644,0.431470250199854,0.7274664864062099,0.5431867842697162,0.7229073739479589,-0.23730388635236332,0.7738008754418982,0.06469930387903253,0.2336615097730588,1,0,0,0,0,0,1,0,1,2023
0.008694980420088738,-0.25595870367130125,-0.3745551560552538,-1.1737142315198843,-0.21642223741567054,-0.0785027127708273,-0.20494277294812482,0.4139085324402803,-0.22167911676082128,0.6297512050743308,-0.014730859116148689,-1.1382042312190557,-0.3211666866360018,-0.4255935494902603,-0.2369352699552328,0.6344501494940673,0.11028907304176624,-0.2736632710201897,-0.29375598418109394,-0.24335365080118332,-1.7694624567563453,-1.253713494367311,-1.3527331234720648,-1.785554083679661,-1.787737269827253,0.8615531436446432,0.5239558198861904,0.8423790129610397,-0.4079160163862569,0.42870878352840713,1.6248442164876884,0.2336615097730588,1,0,1,0,0,0,1,1,0,2020
-0.05149867395306579,-0.25595870367130125,-0.3778864525298527,-0.7812029073217859,-0.5959539243852869,-0.0785027127708273,-0.20833487448965374,0.16868467012574978,-0.22313373991806243,0.46514061294383674,-0.014730859116148689,-1.1420263044943009,-0.08853707020779122,-0.40280034566516354,-0.23638171397088953,0.6204469105375867,0.11028907304176624,-0.2736632710201897,-0.29375598418109394,-0.24656225249334174,-2.4595937234652787,-1.943156735740242,-1.3136194589091774,-2.386807409763122,-2.415621550129253,0.8615531436446432,0.5239558198861904,0.8423790129610397,-0.4079160163862569,0.42870878352840713,1.6519199021192645,0.2336615097730588,1,0,1,0,0,0,1,1,0,2021
-0.11169232832622032,-0.25595870367130125,-0.39882144877870895,-0.09430808997511356,-0.17716033876364115,-0.0785027127708273,-0.2062996135647364,0.31728255218827944,-0.22277008412875213,0.46514061294383674,-0.014730859116148689,-0.9334001619410158,0.01171753436168864,-0.5063268701296778,-0.2349080581747324,0.358801321594884,0.11028907304176624,-0.2736632710201897,-0.29375598418109394,-0.24656225249334174,-2.6904884843455523,-2.926229174561535,-2.2476824759474963,-2.725104049511623,-2.5363098452173056,0.8615531436446432,0.5239558198861904,0.8423790129610397,-0.4079160163862569,0.42870878352840713,0.7284194894963171,0.2336615097730588,1,0,1,0,0,0,1,1,0,2023
-0.7497023625797191,1.0233786368433402,0.7925300500525618,0.8869702205201326,-1.263406201469785,-0.5956139086655529,1.0485518166981977,-0.791192107654094,1.059116573190019,-0.3908344661347317,-0.22996138682389078,0.006543041127579701,1.7045902821704564,-1.3464927789805947,1.1876709776973255,0.47535161860650194,-1.0368786473449763,1.6467116418193146,0.6578067282443215,1.1199245858141327,-0.0006728391674494629,-0.3216111157431133,-0.17167105450228756,0.002286452836978864,-0.1176127359388483,-0.9888427262457331,-1.4824747974616928,-0.8899597527286308,-1.2183236340472505,-1.8143898139092893,-0.2163024064594871,0.2336615097730588,0,1,0,0,0,0,0,0,0,2020
-0.7266824807008726,1.0197023801177234,0.7079961178731647,1.1813537136687065,-1.2241443028177559,-0.6054555992694678,1.077120849681297,-0.8129953501881876,0.9805669226989964,-0.8188220056740165,-0.3171195787665584,0.14604916139685736,2.545785563976361,-1.0714966957742613,1.228728873364878,0.4950525094811691,-1.0368786473449763,1.6467116418193146,0.6578067282443215,1.2388315897000042,0.13599764980003415,0.022547957767518643,-0.07389493403439372,0.09326533680583962,0.06714005728132778,-0.9888427262457331,-1.4824747974616928,-0.8899597527286308,-1.2183236340472505,-1.8143898139092893,-0.26350191249291033,0.2336615097730588,0,1,0,0,0,0,0,0,0,2021
-0.7036625988220262,1.0711699742763583,0.7335601730203973,1.1813537136687065,-1.5251521924833138,-0.6060887966079593,1.1487318822246853,-0.7010869278237537,1.0018407863736483,-0.884666242526214,0.45995804825951925,0.23916979809666478,2.284854050216363,-1.1208833714354884,1.276005546622305,0.3420257513176083,-0.06241326998481709,1.841787491723199,0.612273473983245,1.3164042541398346,-0.28277168848402573,-0.45967502988201564,-0.3327865332947192,-0.2282853042798247,-0.24398001074959325,-0.9888427262457331,-1.4824747974616928,-0.8899597527286308,-1.2183236340472505,-1.8143898139092893,-0.2905775981244864,0.2336615097730588,0,1,0,0,0,0,0,0,0,2022
-0.6806427169431797,1.0895512579044422,0.695121792540961,1.3776093757677557,-1.0278348095576093,-0.6060887966079593,1.1792607960984456,-0.7129276083908944,1.0563891547701918,-0.8188220056740165,0.42320963851550975,0.33404011976929743,2.470763074223845,-1.1378798234016667,1.3321964660239989,0.4229090731733255,-1.0368786473449763,1.841787491723199,0.612273473983245,1.3164042541398346,-0.4044989465351904,-0.6760204445086513,-0.530034104561077,-0.4018941383116513,-0.38301562186514637,-0.9888427262457331,-1.4824747974616928,-0.8899597527286308,-1.2183236340472505,-1.8143898139092893,-0.31545795789404285,0.2336615097730588,0,1,0,0,0,0,0,0,0,2023
-0.49699759262980897,-0.2412536767688341,0.16793899778243038,0.20007540317346031,-0.7530015189934041,-0.0785027127708273,-0.16257919369614135,0.962367477916303,-0.2360435204385777,-1.213887426787202,0.5340078362465613,-0.8570153032356417,-0.07835437698788887,0.2715637764971581,-0.2322250570974649,-0.3534449184299777,-1.2241157984210749,1.0470572254788617,2.142198749404481,-0.21353252919171078,-0.7227970996704106,-1.201028767095076,-0.9708151866627953,-0.6318257508325167,-0.6334792390607783,0.3967193985514088,0.4278009979685602,0.29280947350086917,0.1039203737154234,-0.002656331363457912,0.5451097800176735,0.2336615097730588,0,0,0,0,0,0,1,1,0,2020
-0.49699759262980897,-0.2412536767688341,0.21601177257746787,-0.19243592102463816,-0.9754856113549036,-0.0785027127708273,-0.1777305805816372,0.355276133474391,-0.23131599517754395,-0.7858998872479178,-0.8018945761734709,-0.7343884837123573,0.020028408974991304,0.21757751843375545,-0.23358401210407345,-0.32721753197627496,-1.2241157984210749,1.0470572254788617,2.142198749404481,-0.2048504304952821,0.1622336873626468,0.10641262806908196,0.1556608612403424,0.35151068192540136,0.2354454111458518,0.3967193985514088,0.4278009979685602,0.29280947350086917,0.1039203737154234,-0.002656331363457912,0.3292360702524045,0.2336615097730588,0,0,0,0,0,0,1,1,0,2021
1.7012013137941806,-0.27066373057376836,-0.9214602104528347,0.49445889632203416,1.1184823167533262,-0.0785027127708273,-0.23667776736998433,-1.0754711468297042,-0.2307705114935785,2.3417013632314703,-1.6942580646988235,-0.7569264586584531,-1.0043056053006278,1.0137458475185688,-0.2550305662542385,0.976211777568209,0.7272442198664711,0.35328708136728426,-0.1332401612571475,-0.2575092465018823,0.602440304913001,0.8196432261103974,0.49940281877600184,0.5367331163499054,0.41612917583910575,0.772162038819021,0.77395835687203,0.7945903573558077,0.2318794712408436,0.7738008754418982,0.36362950875737954,0.2336615097730588,0,0,0,0,0,0,1,1,0,2020
1.463139441554774,-0.27066373057376836,-0.9152540718733795,0.39633106527250955,0.8436490261891209,-0.0785027127708273,-0.23682852743849672,-1.0188518452752076,-0.23895276675306001,1.2223493367441096,-1.702830299561258,-0.5798831215979586,-0.8630956096187467,1.2962073406461125,-0.254908384978415,1.0056516416096468,0.7272442198664711,0.35328708136728426,-0.1332401612571475,-0.26109533074605934,0.9147490538507518,1.229995077038276,0.9158594211749729,0.8570396488534241,1.0665907287348086,0.772162038819021,0.77395835687203,0.7945903573558077,0.2318794712408436,0.7738008754418982,0.1415357090497215,0.2336615097730588,0,0,0,0,0,0,1,1,0,2021
1.2250775693153677,-0.2669874738481516,-0.6169760580561756,0.49445889632203416,0.8829109248411502,-0.0785027127708273,-0.23388870610250498,-0.6058936170161683,-0.23858911096374974,1.288193573596307,-1.5992270548320449,-0.3678601253501377,-0.7393309633503745,1.4433168072279734,-0.25580105634055417,0.914222878710508,0.7272442198664711,0.35328708136728426,-0.1332401612571475,-0.26109533074605934,0.7432386984341061,0.5504524119017064,0.456091332126507,0.6811371567881068,0.7075359515363805,0.772162038819021,0.77395835687203,0.7945903573558077,0.2318794712408436,0.7738008754418982,-0.031529146406163645,0.2336615097730588,0,0,0,0,0,0,1,1,0,2023
-0.048061362355669116,-0.27801624402500197,-1.5197119064035973,-1.1737142315198843,1.0137839203479146,-0.0785027127708273,-0.25567353600254633,0.7054176734128772,-0.2780457641039162,0.20176366553504657,-0.014730859116148689,0.32661994894135044,-1.034928557704599,1.1201602733480966,-0.2827208329485279,-0.15820352886569733,1.4107383358347967,-0.5643597074936468,-1.0001660004794748,-0.2807244234510286,1.1357675530990072,1.229995077038276,0.9158594211749729,1.0837181180097615,1.0665907287348086,-0.4793134287396877,-0.3734891846783571,-0.40012603277499903,0.1039203737154234,-0.08892935434183093,-0.3136285196756931,0.2336615097730588,1,0,0,0,0,0,1,0,1,2020
-0.048061362355669116,-0.27801624402500197,-1.5197119064035973,-0.3886915831236874,1.0923077176519729,-0.0785027127708273,-0.2559750561395711,-0.028540943858599083,-0.2780457641039162,0.03715307340455251,-0.014730859116148689,0.3777900442394647,-1.0942277711616775,0.7436684029804751,-0.28280561179297686,-0.027842825285569944,1.4107383358347967,-0.5643597074936468,-1.0001660004794748,-0.28034694089900997,-1.5901272709628054,-1.916035780075471,-2.276974530550483,-1.7119830015850612,-1.426845224032052,-0.4793134287396877,-0.3734891846783571,-0.40012603277499903,0.1039203737154234,-0.08892935434183093,-0.3260686995604713,0.2336615097730588,1,0,0,0,0,0,1,0,1,2021
-0.048061362355669116,-0.27801624402500197,-1.5197119064035973,-0.7812029073217859,0.6473395329289743,-0.0785027127708273,-0.2552212557970091,1.1793436939137212,-0.2776821083146059,0.03715307340455251,-0.014730859116148689,0.4012988035113308,-0.6079292971670757,0.6233163276750537,-0.28284301422435143,0.3420257513176083,-0.06241326998481709,-0.5395422149165637,-0.8464020961169264,-0.2809131647270379,1.1357675530990072,1.229995077038276,0.9158594211749729,1.0837181180097615,-0.9734932326198977,-0.4793134287396877,-0.3734891846783571,-0.40012603277499903,0.1039203737154234,-0.08892935434183093,-0.33155701421552053,0.2336615097730588,1,0,0,0,0,0,1,0,1,2022
-0.048061362355669116,-0.27801624402500197,-1.5197119064035973,-0.2905637520741628,0.9614347221452085,-0.0785027127708273,-0.25605043617382733,0.04304267428846406,-0.27786393620926103,-0.5554450582652258,-0.014730859116148689,0.6092846652179816,-0.5238472053586172,0.6761727132848971,-0.28313724668449786,-0.08704840083369879,1.4107383358347967,-0.5395422149165637,-0.8464020961169264,-0.2809131647270379,1.1357675530990072,1.229995077038276,0.9158594211749729,1.0837181180097615,1.0665907287348086,-0.4793134287396877,-0.3734891846783571,-0.40012603277499903,0.1039203737154234,-0.08892935434183093,-0.37473175616857435,0.2336615097730588,1,0,0,0,0,0,1,0,1,2023
-0.17870970630329172,-0.10890843464662983,1.0960751892931662,0.9850980515696572,0.3855935419154456,-1.3194240625039166,-0.1188587738275463,-0.5350528057230042,-0.024214023165333984,2.177090771100976,0.39490358725743907,0.41987341104477577,-0.7093818656447793,0.30871762534617125,-0.12194772843275149,1.0404874367633878,-0.2850993667743767,0.44950853512544714,-0.1479959787822198,-0.1338837107157779,0.7068680178445232,0.4709876324898538,0.48047297321240806,0.6145095384973401,0.6742668900127474,0.47717139289446847,0.7611377139496789,0.4361754403165652,1.2982052839526776,0.1698897145932881,-0.3359476659395599,0.2336615097730588,0,0,0,1,0,0,1,0,0,2020
-0.12063807986726521,-0.10890843464662983,1.090860272702906,0.9850980515696572,0.4902919383208572,-1.3641702390491333,-0.12262777554035621,-0.6127698838737252,-0.055124765256708605,1.3211156920224063,0.2771560887788963,0.7080742277430027,-0.6457400330203896,0.44066305959666274,-0.12321193061321117,0.9696087454085798,-0.2850993667743767,0.44950853512544714,-0.1479959787822198,-0.1235029405352653,0.7310344383588661,0.8706768319364527,0.6241284002051335,0.7005509594866094,0.6394157875881988,0.47717139289446847,0.7611377139496789,0.4361754403165652,1.2982052839526776,0.1698897145932881,-0.3922943630647318,0.2336615097730588,0,0,0,1,0,0,1,0,0,2021
-0.06256645343123872,-0.10890843464662983,1.1111590670279219,0.9850980515696572,0.12384755090191693,-1.4323232949685274,-0.11712503303965373,-0.4123687802668043,-0.05767035578188063,1.2552714551702089,0.19749712184542997,0.8609783305872766,-0.4085431791920757,0.4361228436326981,-0.12433649704987254,0.3420257513176083,-0.06241326998481709,0.8059789102458638,-0.11333638993274615,-0.13256252178371264,0.048095234138387066,-0.02531772801695776,0.06653413352386131,-0.12476844969687047,0.15458275093706855,0.47717139289446847,0.7611377139496789,0.4361754403165652,1.2982052839526776,0.1698897145932881,-0.4168088351906183,0.2336615097730588,0,0,0,1,0,0,1,0,0,2022
-0.004494826995212212,-0.10890843464662983,1.129482875779281,1.3776093757677557,0.4117681410167984,-1.4323232949685274,-0.11486363201196778,-0.30245989447557364,-0.06057960209636295,1.1894272183180117,0.21042082947047033,0.9329792823890153,-0.5886121291469668,0.6887795932827752,-0.12454844416099498,0.9894277547682419,-0.2850993667743767,0.8059789102458638,-0.11333638993274615,-0.13256252178371264,-0.01534345764850423,-0.09853408256401154,-0.1796290607953435,0.013809038516732333,0.07945332807930797,0.47717139289446847,0.7611377139496789,0.4361754403165652,1.2982052839526776,0.1698897145932881,-0.4270536892133768,0.2336615097730588,0,0,0,1,0,0,1,0,0,2023
0.22946927154872931,-0.19713859606143266,0.1649034270555485,0.8869702205201326,0.6735141320303271,0.4848340988961557,-0.13815606259713306,-0.4470384038432353,-0.13076516943324884,0.6955954419265293,-0.6507343446297995,-0.4002650666045834,-0.6418466503186622,0.6468549094504125,-0.16220770556431355,0.6443527397358874,-0.08880870989901102,0.1443732791905964,0.7418087030308222,-0.16125119573712923,0.790231589485536,0.8312024331787845,0.7318933164020585,0.7293334690470352,0.75052138260943,0.45929317192934355,0.4085700335850345,0.6034357349348797,1.2555522514442041,0.6012548294851522,-0.009575887785966804,0.2336615097730588,0,0,0,1,0,0,1,0,0,2020
0.22946927154872931,-0.20449110951266625,-0.014939594622965383,0.788842389470608,-0.19024763831431732,0.3494280965715852,-0.14086974383035622,-0.6039779007951149,-0.13385624364238632,0.5639069682221334,-0.364668731435707,-0.32312225622520874,-0.462900791527731,0.8319339370801213,-0.1608412700714301,0.6318219263841259,-0.08880870989901102,0.1443732791905964,0.7418087030308222,-0.14388699834427182,0.5867761479732708,0.4775876972250626,0.39339568361989824,0.6262397529851541,0.5330303080728089,0.45929317192934355,0.4085700335850345,0.6034357349348797,1.2555522514442041,0.6012548294851522,-0.06006838261241955,0.2336615097730588,0,0,0,1,0,0,1,0,0,2021
0.6279429961312865,-0.25228244694568447,-0.1903221173500995,-0.3886915831236874,0.8698236252904736,-0.0785027127708273,-0.23562244689039755,-0.9351585355393547,-0.22567933044323446,2.144168652674877,-0.17277115299801066,-1.1551318928922056,-0.8583786267301153,1.1685512108540292,-0.25152221819130605,-0.16732074906950667,1.4107383358347967,-0.5224545380138935,-1.036764860163216,-0.25901917670995683,-0.6448572916510481,-0.8250734667215108,-0.7063062155887648,-0.5395922094969077,-0.56218598234677,2.068333058790542,2.2611529358647102,2.1924085338088526,0.1892264387323702,0.6875278524635252,1.7496119029791406,0.2336615097730588,0,0,0,0,0,0,1,1,0,2020
0.6922314685654597,-0.25228244694568447,-0.1903221173500995,-0.09430808997511356,0.7520379293343858,-0.0785027127708273,-0.23245648545163722,-0.480458980296221,-0.22986137202030277,1.6503368762833945,-0.4294566355313831,-1.151530452418272,-0.6694746929520737,0.5060566163159717,-0.25189873600047646,-0.12572894387127964,1.4107383358347967,-0.5224545380138935,-1.036764860163216,-0.2629827435061526,-0.19548340748931886,-0.08694807245120129,-0.1979198643106497,-0.2816242892342208,-0.1511338063373782,2.068333058790542,2.2611529358647102,2.1924085338088526,0.1892264387323702,0.6875278524635252,1.7221703297038944,0.2336615097730588,0,0,0,0,0,0,1,1,0,2021
0.7565199409996329,-0.25228244694568447,-0.1903221173500995,-0.6830750762722613,0.6996887311316798,-0.0785027127708273,-0.2286874837388273,0.14430265184030458,-0.23095233938823365,1.6174147578572953,-0.3739849480990931,-1.1471064304598526,-0.6785342950080163,0.7706617099226318,-0.252350058672396,0.3420257513176083,-0.06241326998481709,0.03212625902382718,-1.238700604226987,-0.2616615545740873,-0.8181924535293739,-1.7768308748934503,-0.6099196354017987,-0.47494710795903244,-0.5221472234706214,2.068333058790542,2.2611529358647102,2.1924085338088526,0.1892264387323702,0.6875278524635252,1.6888745541299293,0.2336615097730588,0,0,0,0,0,0,1,1,0,2022
0.8208084134338062,-0.25228244694568447,-0.1903221173500995,-0.3886915831236874,0.6211649338276215,-0.0785027127708273,-0.23471788647932318,-0.43312360627313923,-0.2291340604416822,1.9137138236921853,-0.34572551114744965,-1.115265551447952,-0.8087379972830914,0.7687071167665147,-0.25527492880588554,-0.3975250793595914,1.4107383358347967,0.03212625902382718,-1.238700604226987,-0.2616615545740873,-1.446659122327972,-2.34654526578577,-1.503972626448534,-1.2999849418552987,-1.0593915046769362,2.068333058790542,2.2611529358647102,2.1924085338088526,0.1892264387323702,0.6875278524635252,1.47446439493934,0.2336615097730588,0,0,0,0,0,0,1,1,0,2023
0.06821036344492115,-0.2633112171225348,-0.5097723046867119,-0.486819414173212,0.5164665374222099,-0.0785027127708273,-0.22846134363605872,-1.0131533527836603,-0.24204384096219747,-0.22622387400423766,0.3587958574575389,0.031433986898166864,-0.9216460956331852,0.06004880108000619,-0.2490162552892114,0.33023241369738565,-0.722326404781236,-0.20560497678460005,0.6414494514950027,-0.24486358100925787,0.832890350425474,0.6473967701653597,0.7976063118518116,0.876629146187921,0.6971928098063817,0.7274664864062099,0.5431867842697162,0.7229073739479589,0.9143279913764175,0.6875278524635252,-0.22544959755123578,0.2336615097730588,0,0,0,1,0,0,1,1,0,2020
-0.016588603805285346,-0.259634960396918,-0.2556610991051649,-0.09430808997511356,0.13693485045259354,-0.0785027127708273,-0.22717988305370335,-0.8960524125941491,-0.2384072830690946,0.23468578396114528,0.035952091884978866,0.18669529493382714,-0.6321131935643438,0.05396348835663608,-0.24910851461993527,0.3525526611148295,-0.722326404781236,-0.20560497678460005,0.6414494514950027,-0.24977085418550019,0.7421891560419555,0.7757553276154371,0.7621936160117183,0.6800607371056975,0.7065759120251561,0.7274664864062099,0.5431867842697162,0.7229073739479589,0.9143279913764175,0.6875278524635252,-0.27557620473401856,0.2336615097730588,0,0,0,1,0,0,1,1,0,2021
-0.10138757105549184,-0.25595870367130125,-0.011440111121606812,-0.2905637520741628,0.3201570441620634,-0.0785027127708273,-0.22258170096407523,-0.4133028917687042,-0.23895276675306001,0.20176366553504657,0.8446608980029361,0.505402050765312,-0.7853777010727271,0.06210100010957467,-0.24940025358465676,0.0938784512806162,-0.722326404781236,-0.20560497678460005,0.6414494514950027,-0.24977085418550019,0.7335863495489034,0.6111037608847516,0.4447855594449872,0.6712376249547873,0.5760787380265734,0.7274664864062099,0.5431867842697162,0.7229073739479589,0.9143279913764175,0.6875278524635252,-0.35424204812305726,0.2336615097730588,0,0,0,1,0,0,1,1,0,2023
0.3854221580484857,0.8211845169344169,1.5671282675423737,0.20007540317346031,0.006061854945829204,-0.6395679588466578,0.4118166673360902,-1.1596090227792817,0.47635817082027976,-1.115121071508906,-0.18817506523782765,0.618405937230182,-0.13458380793014382,0.864006079288166,0.6175083138237362,0.507799313927982,-1.5524850728944262,1.031701119828541,0.1556305759168098,0.5457736241937824,0.7063861082543551,0.6548995487067667,0.5433161338085646,0.7031451479698436,0.6689771303895329,-1.6592760124378991,-1.4568335116169906,-1.8337857009319674,0.7010628288340505,0.0836166916149151,-0.37656119438692404,0.2336615097730588,0,0,0,1,0,0,1,0,0,2020
0.43549291077742125,0.7880982064038659,1.465346401494548,0.39633106527250955,0.43794274011815115,-0.5326037826332439,0.4523711257659249,-0.9405601313745522,0.6820055196752486,-0.09453540029984286,0.2371471690580071,1.036753363332353,0.06704849237277574,0.27420828100906675,0.6197100702839844,0.3420257513176083,-0.06241326998481709,1.031701119828541,0.1556305759168098,0.5040618021957227,0.49967923370685263,0.5750384751124549,0.4556822857839279,0.47611149440692446,0.4847467519579985,-1.6592760124378991,-1.4568335116169906,-1.8337857009319674,0.7010628288340505,0.0836166916149151,-0.4409574196728348,0.2336615097730588,0,0,0,1,0,0,1,0,0,2022
0.4855636635063568,0.8211845169344169,1.5507484919850234,0.8869702205201326,0.3070697446113868,-0.5326037826332439,0.3027417577673711,-1.5022628974992445,0.7189165822902429,0.07007519183065121,0.17654918846323236,1.3483617602198246,0.33733909916577226,0.40586006108540124,0.5946030648499637,0.43277833810227634,-1.5524850728944262,1.031701119828541,0.1556305759168098,0.5040618021957227,0.2500507321136982,0.3054779124975493,0.2522042621091259,0.23543397155452156,0.2802350313928854,-1.6592760124378991,-1.4568335116169906,-1.8337857009319674,0.7010628288340505,0.0836166916149151,-0.47681440875248965,0.2336615097730588,0,0,0,1,0,0,1,0,0,2023
-0.9579591221603371,-0.2633112171225348,-0.020082910527775454,-1.0755864004703597,-0.8315253162974628,-0.0785027127708273,-0.2154205977097364,0.9923226476983278,-0.25931749095443624,-1.115121071508906,1.4266444191437897,-0.34650197873752026,0.5791780631384533,-0.1818111723213226,-0.2612717853029379,0.2576980969249407,-1.316112994026207,0.09473545766978447,1.9488804875920211,-0.2578867290539009,-1.5549544345232955,-1.6927690740867536,-2.05038631462158,-1.6759094387515772,-1.394671856899574,0.3967193985514088,0.4278009979685602,0.29280947350086917,-0.4079160163862569,0.1698897145932881,-0.04543287686562165,0.2336615097730588,1,0,1,0,0,0,1,1,0,2021
-0.9579591221603371,-0.2633112171225348,-0.003159417265291225,-0.3886915831236874,-1.0932713073109916,-0.0785027127708273,-0.2111239357571331,1.600816171534367,-0.25768103990253993,-0.7529777688218191,1.4266444191437897,-0.3184098515951764,1.246294214530586,-0.11091323234961394,-0.26186523721408067,0.3420257513176083,-0.06241326998481709,0.7020732363985909,1.970215093213248,-0.2633602260581712,-0.1304545587232513,-0.23138699852423558,-0.5672634467233003,-0.2149301439955727,-0.2364306401304617,0.3967193985514088,0.4278009979685602,0.29280947350086917,-0.4079160163862569,0.1698897145932881,-0.06262959611810918,0.2336615097730588,0,0,1,0,0,0,1,1,0,2022
-0.9579591221603371,-0.2633112171225348,0.03444623232555497,-0.09430808997511356,-0.7530015189934041,-0.0785027127708273,-0.20313365212597606,2.7328442860806734,-0.25804469569185023,-0.7200556503957198,1.4266444191437897,-0.11241993672544066,0.45541341687008124,-0.6177675515742324,-0.2614064340558862,0.1832603123484182,-1.316112994026207,0.7020732363985909,1.970215093213248,-0.2633602260581712,-0.6593339164051113,-1.0719787208498275,-0.71949455409904,-0.7573533509917052,-0.7578746025580128,0.3967193985514088,0.4278009979685602,0.29280947350086917,-0.4079160163862569,0.1698897145932881,-0.16873701278239392,0.2336615097730588,1,0,1,0,0,0,1,1,0,2023
-0.7032847200487078,-0.25228244694568447,-0.1903221173500995,0.20007540317346031,0.372506242364769,-0.0785027127708273,-0.2561258162080835,-0.9460517685343531,-0.2756820014733993,-0.12745751872594155,-0.014730859116148689,-0.4335815110482857,0.13166367067259735,-0.9852699919211159,-0.28048416755233,-0.38730218045221654,1.4107383358347967,0.49644217261668033,-0.047529975737699834,-0.27808204558689814,0.6976773135176463,0.7243829750021401,0.9158594211749729,0.6344090095034525,0.26512917248832096,0.3967193985514088,0.4278009979685602,0.29280947350086917,-1.047711504013357,-1.383024699017425,0.014572696696249726,0.2336615097730588,1,0,1,0,0,0,0,0,1,2020
-0.7032847200487078,-0.25228244694568447,-0.1903221173500995,0.49445889632203416,0.909085523942503,-0.0785027127708273,-0.2562765762765959,-1.0643065742429303,-0.2760456572627096,-0.4896008214130284,-0.014730859116148689,-1.4793883436916295,0.34235557303145947,-0.9832121129975029,-0.2805315439654044,-0.5162281633448382,1.4107383358347967,0.49644217261668033,-0.047529975737699834,-0.2786482694149261,0.2595870739362853,-0.28684122907013804,-0.11040863473677683,-0.26420920750917115,-0.5363323837581717,0.3967193985514088,0.4278009979685602,0.29280947350086917,-1.047711504013357,-1.383024699017425,0.0076208314665207255,-4.279695021106552,1,0,1,0,0,0,0,0,1,2021
-0.7032847200487078,-0.25228244694568447,-0.1903221173500995,0.49445889632203416,1.0530458189999439,-0.0785027127708273,-0.2561258162080835,-0.3193634178112919,-0.2764093130520199,-0.9175883609523132,-0.014730859116148689,-1.4793883436916295,0.6017147591619137,-1.5557540893649153,-0.2815164746582675,-0.6376296735611013,1.4107383358347967,0.49644217261668033,-0.047529975737699834,-0.2786482694149261,0.5652314271325806,0.5715235022935373,0.24759184988359742,0.4985713720480536,0.022826841530074922,0.3967193985514088,0.4278009979685602,0.29280947350086917,-1.047711504013357,-1.383024699017425,-0.1369047877831085,-4.279695021106552,1,0,1,0,0,0,0,0,1,2023
1.0256800730157853,-0.21919613641513339,-0.8057497735636043,0.8869702205201326,-0.504342827530552,1.6139954518646165,-0.10408428711333141,-1.161519403980814,-0.024214023165333984,0.5968290866482326,2.0882567716109355,-0.6242436863465034,0.6098010155424244,-0.7449821951347151,-0.07785026184216097,0.4597544397876277,-0.6426743126129176,0.6544459155453081,0.31195114059951773,-0.08556594405739204,-0.276675734833818,-0.3750658385485425,-0.35674932840558493,-0.25346399410822107,-0.1657717705069148,1.2638131153599428,0.8508822144061328,1.1888467660989739,-0.4079160163862569,-0.17520237732020394,0.18836932743947474,0.2336615097730588,0,0,1,0,0,0,1,0,0,2021
1.0256800730157853,-0.22654864986636697,-0.8897638549330169,0.6907145584210834,-0.5174301270812282,1.0377719671987018,-0.10076756560605869,-1.0819330558178917,-0.02257757211343768,0.6626733235004301,2.1630342527449242,-0.5852286755093306,0.8293279017244372,-0.46130249699437675,-0.07449401700015165,0.4387542269370089,-0.6426743126129176,0.6544459155453081,0.31195114059951773,-0.08556594405739204,-0.5271042197966385,-0.8469110876858382,-0.7650475896219969,-0.5516502249287148,-0.49614768177366503,1.2638131153599428,0.8508822144061328,1.1888467660989739,-0.4079160163862569,-0.17520237732020394,0.14665813606110073,0.2336615097730588,0,0,1,0,0,0,1,0,0,2023
-0.21289976611045716,-0.23390116331760052,0.04663140106030481,0.5925867273715588,0.3201570441620634,1.2363082717492602,-0.18964062599411655,-0.19833738299694076,-0.1958595557197907,0.5639069682221334,1.1767320877284577,-0.3216667483207991,-0.6562222172173479,0.5157528216830574,-0.21379812590693825,0.559452452161264,-0.16616258924960917,0.09860874987416368,-0.15005491665711015,-0.21806231981593446,-0.19755056736600693,0.1528214683525897,-0.09925354717251882,-0.1469981357249125,-0.03106314177668667,-0.5597654230827473,-0.8158013654994571,-0.447914688380231,0.8716749588679441,0.42870878352840713,-0.06080015789975944,0.2336615097730588,0,0,0,1,0,0,1,1,0,2020
-0.21289976611045716,-0.2375774200432173,-0.09906331454197302,0.788842389470608,0.47720463877018054,1.307920217068742,-0.1826302828082901,0.18175911596161443,-0.19440493256254954,0.5968290866482326,1.6520077535312703,-0.2577697061696575,-0.3498429476891092,0.6935998135313052,-0.21301516834349773,0.6207113334218843,-0.16616258924960917,0.09860874987416368,-0.15005491665711015,-0.21900602619598106,0.18373861454607993,0.13123206127019604,-0.19924975002465917,0.10730907027067842,0.128761086798617,-0.5597654230827473,-0.8158013654994571,-0.447914688380231,0.8716749588679441,0.42870878352840713,-0.09775480991042412,0.2336615097730588,0,0,0,1,0,0,1,1,0,2021
-0.21289976611045716,-0.2375774200432173,-0.11434595876289964,0.8869702205201326,-0.21642223741567054,1.307920217068742,-0.18172572239721574,0.24473035812073005,-0.19167751414272235,0.7285175603526275,1.8745229374850632,-0.26322780509584,0.3457997192676029,0.5038823260454961,-0.2126885204428267,0.3420257513176083,-0.06241326998481709,0.8012116836086383,-0.13231761537426082,-0.21674113088386923,-0.8268767202254932,-0.33818030404611993,-0.2335608014461919,-0.774347856859405,-0.3834381791819142,-0.5597654230827473,-0.8158013654994571,-0.447914688380231,0.8716749588679441,0.42870878352840713,-0.09446182111739461,0.2336615097730588,0,0,0,1,0,0,1,1,0,2022
-0.2805773044112953,-0.24860619022006766,-0.23615923532601457,0.0038197410744110656,0.43794274011815115,2.700312955091481,-0.20841025452390993,-0.5761936546918774,-0.1991324578235833,1.3540378104485056,-0.6980709436270138,-0.9017277661592075,-0.27249940286440966,-0.7560476943045861,-0.22807837420574018,0.4933336343885315,0.5466018325540352,-0.1533456345080342,-0.07473571177987104,-0.23316162189668005,-1.684123644206314,0.14515685044732635,0.2552730863352244,-1.4227725409373186,-1.2548841238412325,0.7632229283364598,0.6521622491096976,0.8543261768623481,0.1039203737154234,0.34243576055003416,0.646460657314249,0.2336615097730588,0,0,0,0,0,0,1,1,0,2020
0.3285984896288677,-0.24860619022006766,-0.23089136406214072,0.20007540317346031,-0.13789844011161176,2.700312955091481,-0.20765645418134795,-0.4807166537225954,-0.20949664781892657,0.5968290866482326,-0.7135931965422692,-0.9028734966961192,0.15352651199768183,-0.5897018816695301,-0.22796367341619156,0.4483346257701418,0.5466018325540352,-0.1533456345080342,-0.07473571177987104,-0.23504903465677324,0.6225237577735616,0.8745857333476056,0.43493045773515415,0.5573308779186863,0.5971153401385381,0.7632229283364598,0.6521622491096976,0.8543261768623481,0.1039203737154234,0.34243576055003416,0.6493877584636085,0.2336615097730588,0,0,0,0,0,0,1,1,0,2021
0.9377742836690306,-0.25595870367130125,-0.5547222454194756,-0.09430808997511356,-0.4258190302264932,2.700312955091481,-0.20245523181767028,-0.039482177888878194,-0.21349686150133976,0.33345213923944195,-1.5003589362071779,-0.29996740088110285,-0.0439877873707184,-0.6221679932857123,-0.22925779754175088,0.35770485673380387,0.5466018325540352,-0.1533456345080342,-0.07473571177987104,-0.23504903465677324,-0.4470100866788173,-0.4825620427615469,-0.7063062155887648,-0.5395922094969077,-0.3812107922265923,0.7632229283364598,0.6521622491096976,0.8543261768623481,0.1039203737154234,0.34243576055003416,-0.0736062254282076,0.2336615097730588,0,0,0,0,0,0,1,1,0,2023
-1.2304602405120557,-0.06846961066484519,-0.0319772014778854,0.9850980515696572,-1.6691124875407546,-0.582336114790488,0.0695159317786934,-0.5729561163733548,0.02269757365569338,-0.8188220056740165,0.7495949975591234,-0.35153196088459204,2.5296130512153394,-1.947707484607939,0.0837332286867306,0.3420257513176083,-0.06241326998481709,1.4997780357118775,0.2732032813346823,0.08147008521085589,-0.4592975404568141,-0.7895094469605003,-0.8548388839304137,-0.4301113091944289,-0.5013340625246974,0.012337647801234091,-0.6427226860477223,0.13749634278386477,-1.7728130566574043,-1.7281167909309163,-0.04213988807259212,0.2336615097730588,0,1,0,0,0,0,0,0,0,2022
-1.2304602405120557,-0.05744084048799483,-0.00989286505946537,1.0832258826191818,-1.7083743861927838,-0.582336114790488,0.08934088078807358,-0.48781172885681073,0.02415219681293454,-0.9505104793784119,1.1857342875069337,-0.22834821068405764,2.3046953274463196,-2.0348271454438205,0.10509251049702173,0.2832293033773088,0.019745210813293463,1.4997780357118775,0.2732032813346823,0.08147008521085589,-0.7376222262780995,-1.08362294628662,-0.98493277576664,-0.7275045917666465,-0.6688698006471798,0.012337647801234091,-0.6427226860477223,0.13749634278386477,-1.7728130566574043,-1.7281167909309163,-0.11348797858823187,0.2336615097730588,0,1,0,0,0,0,0,0,0,2023
-0.048061362355669116,-0.2743399872993852,-1.1314556978711556,-0.6830750762722613,-0.6352158230373164,-0.0785027127708273,-0.21346071681907525,2.0408973299913984,-0.2591356630597811,-0.8188220056740165,-0.014730859116148689,1.0951501857497892,0.5359016169538683,0.8188244627014498,-0.26205474286637837,0.3420257513176083,-0.06241326998481709,0.09172081334585032,1.0485023793781496,-0.25505560991376114,-0.24108748558526974,-0.5035321299427695,-0.9900669683754235,-0.32839622301006643,-0.4218378757229574,0.3967193985514088,0.4278009979685602,0.29280947350086917,0.3598385687662638,0.7738008754418982,-0.4482751725462337,0.2336615097730588,1,0,0,0,0,0,1,1,0,2022
1.123645920640181,-0.25228244694568447,0.150008992801045,-2.1549925420151306,0.2285459473073285,-0.0785027127708273,-0.21813427894295953,-0.03096446439646331,-0.25768103990253993,-2.2344730979962657,-0.20788701244158714,0.3691399012595599,-0.5857669648649352,0.1250635439903137,-0.24671725250738927,-2.0514705025880597,-0.4968312471932217,-1.2418041030779239,0.2501393565963743,-0.24203246186911806,0.41420715849441,0.6351573099369365,0.6743845844898553,0.5551191668258657,-0.06488440949552941,-0.27371388764075727,-0.32861693445013107,-0.12534126304491375,0.6157567638171038,0.8600738984202713,-0.32387337369845165,0.2336615097730588,1,0,0,1,0,0,1,1,0,2020
0.9778406453184545,-0.25228244694568447,0.14585428844377352,-1.9587368799160814,0.07149835269921137,-0.0785027127708273,-0.21738047860039755,0.0015951949019247253,-0.24731684990719668,-1.049276834656708,-0.20788701244158714,0.21076967647814637,-0.15487432162568457,0.15762852333103908,-0.2463432281936438,-1.9962893795452359,-0.4968312471932217,-1.2418041030779239,0.2501393565963743,-0.2488271478054536,0.8705453540011012,0.6177944778161417,0.6052053069530366,0.8117039550221572,0.5813815703585549,-0.27371388764075727,-0.32861693445013107,-0.12534126304491375,0.6157567638171038,0.8600738984202713,-0.2825280699637476,0.2336615097730588,0,0,0,1,0,0,1,1,0,2021
0.832035369996728,-0.24492993349445089,0.6014296851882516,-2.253120373064655,-0.3734698320237877,-0.0785027127708273,-0.2058473333591992,0.954614327879561,-0.24677136622323126,-0.9834325978045106,-0.20788701244158714,0.22206028150849466,-0.1527030120420289,0.3018487847927158,-0.24660504521326562,0.3420257513176083,-0.06241326998481709,-0.47441912772465317,0.26304959114045595,-0.24788344142540697,0.19218857553914193,0.45213030467497745,0.6000846347405819,0.11597542276539242,0.08017650566220841,-0.27371388764075727,-0.32861693445013107,-0.12534126304491375,0.6157567638171038,0.8600738984202713,-0.2858210587567771,0.2336615097730588,1,0,0,1,0,0,1,1,0,2022
0.6862300946750014,-0.24860619022006766,0.3783424599397205,-1.7624812178170322,0.8305617266384442,-0.0785027127708273,-0.20358593233151326,1.2323347854293039,-0.24204384096219747,-0.423756584560831,-0.20788701244158714,0.43700164799184527,-0.4148324897102507,0.2672571487038403,-0.2481011424682475,-2.18067603279197,-0.4968312471932217,-0.47441912772465317,0.26304959114045595,-0.24788344142540697,0.7028313163362451,0.563776777884773,0.9158594211749729,0.7877027053467842,0.6705744303541862,-0.27371388764075727,-0.32861693445013107,-0.12534126304491375,0.6157567638171038,0.8600738984202713,-0.33960654237625937,0.2336615097730588,1,0,0,1,0,0,1,1,0,2023
-0.8188357487887088,-0.1714047989821152,0.6800942257619491,0.6907145584210834,0.28089514551003403,0.3708765016781493,-0.151422948626224,-0.04475053775831938,-0.11967366785928502,1.288193573596307,0.29863822048751143,-0.3657716910258043,-0.6599658544305473,1.0870559647368805,-0.1610457366962776,-1.0084360713056995,0.7024541657921883,-0.3530456022541777,-0.9676615177725699,-0.18918490458650855,-0.1863730501884604,-0.18289303244394475,0.17022754023309963,-0.12161410121674673,-0.32196941262637585,1.505169098389123,1.5624278965965963,1.5592088470395247,0.9996340563933643,0.7738008754418982,-0.032992696980843436,0.2336615097730588,0,0,0,1,0,0,1,0,0,2020
-0.46841575953392317,-0.1714047989821152,0.6418851912280941,0.8869702205201326,0.5295538369728866,0.3497458467446741,-0.15941323225738102,-0.3251130612077992,-0.12312839785773277,1.0577387446136157,0.2458525636360267,-0.264246058903105,-0.3306006524132643,0.9249762283878608,-0.15774933574446756,-1.0825326547744643,0.7024541657921883,-0.3530456022541777,-0.9676615177725699,-0.18163525354613577,0.14653152823786691,0.37371651713836457,0.27858006387493145,0.22133450652183928,0.2522023731940181,1.505169098389123,1.5624278965965963,1.5592088470395247,0.9996340563933643,0.7738008754418982,-0.09409593347372465,0.2336615097730588,0,0,0,1,0,0,1,0,0,2021
-0.11799577027913756,-0.17875731243334875,0.3802495740302945,0.9850980515696572,0.28089514551003403,0.32861519181119897,-0.14735242677638927,-0.046394391757090904,-0.1147643147035961,1.0577387446136157,0.3398339409067767,-0.2340886750236358,-0.2998279545207652,0.38101054115509286,-0.15638788724243408,-1.0458553469762906,0.7024541657921883,-0.3530456022541777,-0.9676615177725699,-0.18163525354613577,-7.953983807288583,-6.584531475414392,-6.254436863607335,-8.143681040426076,-6.86621212288452,1.505169098389123,1.5624278965965963,1.5592088470395247,0.9996340563933643,0.7738008754418982,-0.11019498979520234,0.2336615097730588,0,0,0,1,0,0,1,0,0,2023
1.172529605629654,0.05284686128050872,1.2665556755086465,0.8869702205201326,0.6735141320303271,1.3885209833271086,0.06016880753092481,-0.3671013944825792,0.08379174625982204,0.5309848497960353,0.3862604377358613,2.748809523324421,-0.9673184696342179,0.9349676393257329,0.012543934303843433,-0.1976404931259305,-1.471747662046307,-0.0774712872088718,0.9667051509499337,0.015599379883603314,0.5015915972177735,0.3577067763583646,0.38673538101650057,0.4956705029108508,0.438817016830687,0.7542838178538961,1.2226808591543028,0.7706960295531925,1.0422870889018376,-0.08892935434183093,-0.5723110837503459,0.2336615097730588,0,0,0,1,0,0,1,0,0,2020
1.1756668459409845,0.04917060455489194,1.2542500535374361,0.788842389470608,0.46411733921950443,0.9662431347293255,0.04840952218695786,-0.4555207101336756,0.0694273425820656,0.30053002081334323,0.4879485678659962,2.981066776066664,-1.0252699736945445,0.8874195848118265,0.006975959019885918,-0.1628932880441512,-1.471747662046307,-0.0774712872088718,0.9667051509499337,0.01220203691543556,0.2639395180437,0.3319877976099389,0.27900068109064524,0.3337822425968594,0.28626056239317277,0.7542838178538961,1.2226808591543028,0.7706960295531925,1.0422870889018376,-0.08892935434183093,-0.5821900501294345,0.2336615097730588,0,0,0,1,0,0,1,0,0,2021
1.178804086252315,0.09696194198791015,1.7198965341947114,1.0832258826191818,0.8698236252904736,0.9312059738625286,0.11866371411373473,0.4166538870212847,0.07160927731792734,0.39929637609163937,0.7423396263685391,3.3811284230298346,-0.6685013472766419,0.867891324913207,0.0034576369752535607,0.3420257513176083,-0.06241326998481709,0.3840271553389268,0.8784330234345027,0.015033156055575356,0.23997879466172448,0.24060728098484,0.2502155937834465,0.2440199018770371,0.26481450364016074,0.7542838178538961,1.2226808591543028,0.7706960295531925,1.0422870889018376,-0.08892935434183093,-0.5971914435199024,0.2336615097730588,0,0,0,1,0,0,1,0,0,2022
1.1819413265636456,0.08960942853667658,1.6950067188354645,1.279481544718231,0.7520379293343858,0.9312059738625286,-0.000361359976802476,-0.7923789837643825,0.0645179894263767,0.3663742576655412,0.9490761176613131,3.9703876000687788,-0.6684264745323779,0.7228459624112654,0.0048116049910121505,-0.25029267893443624,-1.471747662046307,0.3840271553389268,0.8784330234345027,0.015033156055575356,0.05312656136088727,0.08657919932791426,0.07843835973157434,0.16190492620331004,0.14167339571429652,0.7542838178538961,1.2226808591543028,0.7706960295531925,1.0422870889018376,-0.08892935434183093,-0.6154858257033997,0.2336615097730588,0,0,0,1,0,0,1,0,0,2023
-0.1128949719831469,-0.27066373057376836,-0.47745317237157536,-2.547503866213229,1.6550615983310601,-0.0785027127708273,-0.23713004757552153,0.214722426341403,-0.2634995325315046,-0.4896008214130284,-0.014730859116148689,-0.5171197754672935,-1.2798373041921036,2.1033216084915867,-0.2684730000902506,-0.09501552768474353,-0.47481366078673776,-2.8636130543771317,0.8539229692084308,-0.2690224643384508,0.8854302733382257,-0.5035321299427695,0.3294205320825449,0.5702219940025516,0.37962368052353024,-0.27371388764075727,-0.32861693445013107,-0.12534126304491375,1.3835113489696245,0.9463469213986443,0.08226191077519,0.2336615097730588,1,0,0,1,0,0,1,0,1,2020
-0.025191787652980233,-0.27066373057376836,-0.44625130908564514,-2.4493760351637044,0.8567363257397974,-0.0785027127708273,-0.23441636634229837,0.8693212636645852,-0.25295351464150617,2.2429350079531734,-0.014730859116148689,-0.48209688116536653,-1.5972228671271484,2.11634462297225,-0.2690814129739432,-0.13062137133796578,-0.47481366078673776,-2.8636130543771317,0.8539229692084308,-0.26581386264629236,0.8471433952571722,0.563776777884773,0.9158594211749729,0.7877027053467842,0.8025798631477328,-0.27371388764075727,-0.32861693445013107,-0.12534126304491375,1.3835113489696245,0.9463469213986443,0.052625011637924254,0.2336615097730588,1,0,0,1,0,0,1,0,1,2021
0.06251139667718643,-0.27066373057376836,-0.4071812017252089,-1.6643533867675075,1.2886172109121194,-0.0785027127708273,-0.23207958528035624,1.4724232775927648,-0.25040792411633417,3.033065850179544,-0.014730859116148689,-0.7945037905044532,-1.1129459572276745,2.2820194069855697,-0.2695701380772373,0.3420257513176083,-0.06241326998481709,-1.2839282272418573,0.984999558332109,-0.26656882775032964,-3.634548389009165,0.44348736275983924,0.9158594211749729,-2.410908281483767,-2.3618837063196234,-0.27371388764075727,-0.32861693445013107,-0.12534126304491375,1.3835113489696245,0.9463469213986443,0.42546452053760064,0.2336615097730588,1,0,0,1,0,0,1,0,1,2022
0.15021458100735308,-0.2669874738481516,0.199342610916425,-1.9587368799160814,1.6288869992297068,-0.0785027127708273,-0.22589842247134798,2.8032697438961764,-0.24568039885530038,4.514561179353991,-0.014730859116148689,-0.7534553921125671,-1.1261235602181363,2.466893714716725,-0.27048774439362616,-0.09868275332740929,-0.47481366078673776,-1.2839282272418573,0.984999558332109,-0.26656882775032964,0.380904371051121,1.229995077038276,0.9158594211749729,0.3095239618142724,0.030855794508578394,-0.27371388764075727,-0.32861693445013107,-0.12534126304491375,1.3835113489696245,0.9463469213986443,0.35814119410233036,0.2336615097730588,1,0,0,1,0,0,1,0,1,2023
-0.6319815447592528,-0.2743399872993852,-1.221709480641328,0.20007540317346031,-0.29494603471972886,-0.0785027127708273,-0.22537076223155458,0.8065954731579082,-0.2462258825392658,0.43221849451773864,-1.092026833098533,-1.1242872044074388,0.32670716948028594,0.13724825684595626,-0.25449945172871996,0.3420257513176083,-0.06241326998481709,0.39775376883951624,-0.9543389087075914,-0.25939665926197547,-0.9277603043683482,-1.1515796839543762,-1.5011457198508422,-1.0326537575713681,-1.0306918483588141,0.7900402597841459,0.3701081048179831,0.8901676685662734,-1.1756706015387772,0.0836166916149151,1.531176979708182,0.2336615097730588,0,0,1,0,0,0,1,1,0,2022
-0.6319815447592528,-0.2743399872993852,-1.222611574693948,0.2982032342229849,-0.3080333342704055,-0.0785027127708273,-0.23049660456097606,0.1833308667900942,-0.24858964516978269,-0.028691163447644878,0.09452504633986558,-0.9449058282372885,0.18437408263444485,0.08734634501296541,-0.25460667203199366,0.2607885300215174,1.1962674778054525,0.39775376883951624,-0.9543389087075914,-0.25939665926197547,-0.6027952874443524,-0.776528540490963,-1.1205149889806318,-0.6993668480310298,-0.7004111275566633,0.7900402597841459,0.3701081048179831,0.8901676685662734,-1.1756706015387772,0.0836166916149151,0.7606176021392725,0.2336615097730588,0,0,1,0,0,0,1,1,0,2023
-0.3327520216034622,0.016084294024340872,0.6993577935098371,1.0832258826191818,-1.4597156947299317,-0.09833262093423153,-0.060590007347504964,-1.6420454139496845,0.036880149438794675,-0.5225229398391271,0.9728604230959705,-0.36729717741467016,1.1057580735470807,-1.5258192004063387,0.05399330875311606,0.5989284044623316,-1.3013579409678235,1.459353929538756,0.0856311669437193,0.01937420540378971,0.10312627408579339,0.07431027238424254,-0.11040863473677683,0.05672586999533329,0.17925829146190833,-1.569884907612277,-1.8927353709769144,-1.582895259004499,-1.943425186691298,-2.4183009747579005,-0.0318950340498336,0.2336615097730588,0,1,0,0,0,0,0,0,0,2020
-0.3327520216034622,0.038141834378041584,0.8337705531906949,0.788842389470608,-1.3681045978751967,0.13944361353538842,-0.06028848721048017,-1.6410215385009688,0.006696718926040635,-1.0163547162306092,0.8446755741675724,-0.2656607831684842,1.1876688557718835,-1.2723747897000035,0.05758892915592248,0.640599220318897,-1.3013579409678235,1.459353929538756,0.0856311669437193,0.03994700448880555,0.29674383844249796,0.26165452594307265,0.011732707074879483,0.25762859429911655,0.29911728226074014,-1.569884907612277,-1.8927353709769144,-1.582895259004499,-1.943425186691298,-2.4183009747579005,-0.09336415818638476,0.2336615097730588,0,1,0,0,0,0,0,0,0,2021
-0.26132933853848533,-0.27066373057376836,0.4906399308225108,-1.8606090488665568,-1.1848824041657264,-0.0785027127708273,-0.24655255185754632,0.058000445405061635,-0.27531834568408897,-2.1357067427179692,-0.014730859116148689,-0.28793466733725237,0.7817837091168047,0.20347154362387332,-0.2764696399181287,-0.8868390602738175,-1.335250573826857,0.16861765273063625,1.5327579129338293,-0.2724198073066185,-1.094510030224291,-0.9150259619029155,0.9158594211749729,-1.584905677967114,-0.6334792390607783,0.34308473565603526,0.3636977833568067,0.26891514569825237,-0.8344463414709904,0.5149818065067792,-0.0805580906579366,0.2336615097730588,1,0,1,0,0,0,1,0,1,2020
0.09414226229891115,-0.27066373057376836,0.41803944621807915,-0.7812029073217859,-1.6298505888887254,-0.0785027127708273,-0.24466805100114136,0.5432915492175033,-0.2745910341054684,-1.7735634400308822,-0.014730859116148689,0.2648962513138351,0.8894507153684195,-0.030046118755565652,-0.27624023833903144,0.3420257513176083,-0.06241326998481709,0.16861765273063625,1.5327579129338293,-0.2748734438947397,0.752438593465315,0.34517389847503505,0.9158594211749729,0.6905726480667397,1.0665907287348086,0.34308473565603526,0.3636977833568067,0.26891514569825237,-0.8344463414709904,0.5149818065067792,-0.29752946335421543,0.2336615097730588,1,0,1,0,0,0,1,0,1,2022
0.44961386313630763,-0.2743399872993852,-0.5467917236654377,-1.3699698936189335,-0.5959539243852869,-0.0785027127708273,-0.23924068853469507,2.2069541721771446,-0.2729545830535721,-0.9834325978045106,-0.014730859116148689,0.5758966822599149,0.7734728345035021,0.42931596757027723,-0.2776864656855139,-0.9507570611012376,-1.335250573826857,0.16861765273063625,1.5327579129338293,-0.2748734438947397,0.7802160543083374,-0.0010604757453628049,0.49940281877600184,0.719061450236525,0.41612917583910575,0.34308473565603526,0.3636977833568067,0.26891514569825237,-0.8344463414709904,0.5149818065067792,-0.3685116662261852,0.2336615097730588,1,0,1,0,0,0,1,0,1,2023
-1.2064137670026414,-0.27066373057376836,0.6408921046377147,-0.3886915831236874,1.2493553122600904,-0.0785027127708273,-0.25228143446101736,0.17503478804270015,-0.26822705779253836,1.8807917052660859,-0.014730859116148689,0.4806945199396531,-0.8801665953109359,0.7356323256495954,-0.2772924934083687,0.3420257513176083,-0.06241326998481709,-1.2306720678378802,-1.6651437964150257,-0.2784595281389168,1.1357675530990072,1.229995077038276,0.9158594211749729,1.0837181180097615,1.0665907287348086,-1.1318684939667287,-0.5914401143583198,-1.1289030307547925,0.1892264387323702,0.42870878352840713,-0.349119621111678,0.2336615097730588,1,0,0,0,0,0,1,0,1,2022
-1.2064137670026414,-0.27066373057376836,0.6668622699227331,-0.2905637520741628,0.9352601230438558,-0.0785027127708273,-0.25107535391291824,0.8303633741187504,-0.26786340200322806,2.0783244158226792,-0.014730859116148689,0.8864440359483517,-0.593329112035598,0.33902324673774625,-0.278751188231976,-0.03688213982934666,1.4107383358347967,-1.2306720678378802,-1.6651437964150257,-0.2784595281389168,0.1921885755391501,0.14098439572967245,0.9158594211749729,0.1159754227654008,1.0665907287348086,-1.1318684939667287,-0.5914401143583198,-1.1289030307547925,0.1892264387323702,0.42870878352840713,-0.4204677116273177,0.2336615097730588,1,0,0,0,0,0,1,0,1,2023
1.3634145956651476,-0.27066373057376836,-0.9098168948220359,1.0832258826191818,0.7912998279864153,-0.0785027127708273,-0.2369792875070091,-0.6284860445186211,-0.2360435204385777,1.6832589947094938,0.5067642380591227,-0.9302431071295217,-0.9432843187254777,0.39608102874380086,-0.2554394995039335,0.8149655283387297,0.6420317526341369,-1.1505446478041246,-1.047057140829694,-0.26222777840211525,0.30130995389641374,0.45953854060225263,0.7203797914774959,0.7413873686716197,0.6086126965939589,0.772162038819021,0.77395835687203,0.7945903573558077,-0.4932220814032032,0.9463469213986443,0.7196381860482384,0.2336615097730588,0,0,1,0,0,0,1,1,0,2020
0.8193985108192761,-0.27066373057376836,-0.9071121043451225,1.1813537136687065,0.608077634276945,-0.0785027127708273,-0.23924068853469507,-0.9536828446552612,-0.23913459464771517,1.2552714551702089,0.5797753927174119,-0.7379379974764873,-1.0112687705171788,0.4440679837312574,-0.25581851080852896,0.809771667621169,0.6420317526341369,-1.1505446478041246,-1.047057140829694,-0.25732050522587296,0.6684712975455501,0.6906755015330581,0.3685164580220333,0.6044550689363596,0.6391445654033435,0.772162038819021,0.77395835687203,0.7945903573558077,-0.4932220814032032,0.9463469213986443,0.3347243849074537,0.2336615097730588,0,0,1,0,0,0,1,1,0,2021
0.2753824259734047,-0.27066373057376836,-0.8979192475897955,0.8869702205201326,0.7389506297837093,-0.0785027127708273,-0.24014524894576944,-0.898868592063435,-0.24349846411943865,0.6955954419265293,0.7499391395762729,-0.32216774078276733,-0.6512057433516607,0.7852123772080669,-0.2569854666674148,0.7550280786859013,0.6420317526341369,-1.1505446478041246,-1.047057140829694,-0.25732050522587296,0.4589936657457286,0.44891155389279275,-0.07502008108464983,0.21608673606654205,0.44753076804786296,0.772162038819021,0.77395835687203,0.7945903573558077,-0.4932220814032032,0.9463469213986443,-0.060434270256089495,0.2336615097730588,0,0,1,0,0,0,1,1,0,2023
-0.1387414097754277,-0.259634960396918,-0.33168946652550524,-0.7812029073217859,0.2678078459593579,-0.0785027127708273,-0.22514462212878597,-0.4482117172604139,-0.2533171704308165,-1.608952847900388,0.6891753880607536,-0.9213977375496687,-0.4373691857337111,0.8398514263073481,-0.24596172339362343,-3.5352858288496516,-1.2975420908568993,-1.4045866965860472,-0.30276278759767283,-0.24920463035747223,-0.560065632377233,0.31663127981170547,0.38617268263987026,-0.6555429471759551,-0.5880395809353657,-0.27371388764075727,-0.32861693445013107,-0.12534126304491375,0.44514463378321056,0.8600738984202713,0.6962213768533617,0.2336615097730588,0,0,0,0,0,0,1,1,0,2021
-0.1387414097754277,-0.259634960396918,-0.3525853061495062,-1.0755864004703597,-0.26877143561837613,-0.0785027127708273,-0.21315919668205044,0.6299295427287407,-0.2511352356949547,-1.4114201373437953,1.2877988773660134,-0.6409857044605698,0.7510858839685697,0.4788058553758632,-0.2460290477700976,0.3420257513176083,-0.06241326998481709,-1.0184940463882985,-0.3436991778845662,-0.24826092397742563,-0.49976934133807377,-0.539647280088206,0.43693432841615,-0.48886376176232565,-0.1489592982390385,-0.27371388764075727,-0.32861693445013107,-0.12534126304491375,0.44514463378321056,0.8600738984202713,0.207395484910312,0.2336615097730588,0,0,0,0,0,0,1,1,0,2022
-0.1387414097754277,-0.259634960396918,-0.3506095747353759,-0.486819414173212,0.4902919383208572,-0.0785027127708273,-0.22130024038171986,-0.08750887048047419,-0.24749867780185184,-1.0163547162306092,0.768098795951849,-0.40254025879507765,-0.6406486864104384,0.390202991703979,-0.2496745380814034,-3.4344427392839485,-1.2975420908568993,-1.0184940463882985,-0.3436991778845662,-0.24826092397742563,-2.3141930836042226,-2.309289637214688,0.0178748722521887,-2.4545911114774346,-2.206043959271695,-0.27371388764075727,-0.32861693445013107,-0.12534126304491375,0.44514463378321056,0.8600738984202713,-0.007746449567617066,0.2336615097730588,0,0,0,0,0,0,1,1,0,2023
0.38994534916775875,-0.27066373057376836,-0.48726395795914373,-0.9774585694208351,0.3855935419154456,-0.0785027127708273,-0.24421577079560416,-0.8174277120094471,-0.26404501621547,-0.6871335319696211,-0.5867408914826339,-0.528614298692793,-0.7495136565702769,0.7112932352168769,-0.26826354647455314,0.6413582861501161,0.16530075105834305,-0.5213605757905956,-0.3946121890191227,-0.2720423247545999,-0.1064123667266322,0.15476934106269258,-0.17536230916157441,0.1282253303001394,0.21440375753600902,-0.12174900943719912,-0.10425568330899372,-0.3284430493671502,1.127593153918784,0.9463469213986443,0.09250676479794852,0.2336615097730588,0,0,0,1,0,0,1,0,1,2020
0.3520382733803795,-0.2743399872993852,-0.9893928524542713,-0.7812029073217859,0.5819030351755922,-0.0785027127708273,-0.24610027165200912,-1.046158385024792,-0.25804469569185023,0.8272839156309242,-0.5985575639981218,-0.5171197754672935,-0.5951260578979337,1.3649476257569777,-0.2684730000902506,0.5061602845423889,0.16530075105834305,-0.5213605757905956,-0.3946121890191227,-0.27279728985863716,0.6547272900292775,0.6748131610770287,0.07069749277705817,0.5903590969047947,0.6265726194230115,-0.12174900943719912,-0.10425568330899372,-0.3284430493671502,1.127593153918784,0.9463469213986443,0.08226191077519,0.2336615097730588,0,0,0,1,0,0,1,0,1,2021
0.31413119759300034,-0.2743399872993852,-0.9829816077446213,-0.8793307383713105,0.1500221500032697,-0.0785027127708273,-0.24406501072709177,-0.46339489022315156,-0.26095394200633254,0.20176366553504657,0.03563869907197012,0.1409505379338219,-0.4790733042887524,0.053663429697090384,-0.26865003826542344,0.3420257513176083,-0.06241326998481709,-0.2134666701981948,-0.34260900304219255,-0.26751253413037623,0.05739157874488791,0.2965573502023234,0.28430984830620704,-0.02227353369807609,0.5733836171985109,-0.12174900943719912,-0.10425568330899372,-0.3284430493671502,1.127593153918784,0.9463469213986443,-0.26203836191823054,0.2336615097730588,0,0,0,1,0,0,1,0,1,2022
0.2762241218056211,-0.2743399872993852,-0.9774403859472336,-0.6830750762722613,0.7520379293343858,-0.0785027127708273,-0.24481881106965375,-0.5848662760706806,-0.26095394200633254,0.2676079023872446,0.522920985046486,0.16997088287158257,-0.6092021338195635,0.15317271229201884,-0.2689517512118448,0.5421833556723129,0.16530075105834305,-0.2134666701981948,-0.34260900304219255,-0.26751253413037623,-0.8381562850147158,-0.7227137308254259,-0.7356064159243983,-0.36233418522893757,-0.48105917298255046,-0.12174900943719912,-0.10425568330899372,-0.3284430493671502,1.127593153918784,0.9463469213986443,-0.27081966536630925,0.2336615097730588,0,0,0,1,0,0,1,0,1,2023
-0.048061362355669116,-0.27801624402500197,-1.5197119064035973,1.0832258826191818,-1.616763289338049,-0.0785027127708273,-0.2565027163793645,-0.7780336282846628,-0.2789549035771919,-0.6212892951174238,-0.014730859116148689,-1.4793883436916295,0.9462791282647863,-2.892608007684636,-0.2835461799341929,0.4511613056783631,1.4107383358347967,0.7248747591891415,-0.10121553457947272,-0.2805356821750193,1.1357675530990072,1.229995077038276,0.9158594211749729,1.0837181180097615,1.0665907287348086,0.3967193985514088,0.4278009979685602,0.29280947350086917,-2.4979146093014517,-1.8143898139092893,-0.4347373297304457,-4.279695021106552,1,0,0,0,1,0,0,0,1,2020
-0.048061362355669116,-0.27801624402500197,-1.5197119064035973,0.5925867273715588,-1.7345489852941367,-0.0785027127708273,-0.25657809641362067,-0.6557419440039777,-0.2789549035771919,-0.29206811085643564,-0.014730859116148689,-1.4793883436916295,1.1884924559587873,-2.294661692157667,-0.28366836121001643,0.47904936961162703,1.4107383358347967,0.7248747591891415,-0.10121553457947272,-0.2805356821750193,-0.7513904020207043,1.229995077038276,0.9158594211749729,-0.851767272478957,-0.6596341616422442,0.3967193985514088,0.4278009979685602,0.29280947350086917,-2.4979146093014517,-1.8143898139092893,-0.45266582427027313,-4.279695021106552,1,0,0,0,1,0,0,0,1,2021
-0.048061362355669116,-0.27801624402500197,-1.5197119064035973,0.49445889632203416,-1.7607235843954896,-0.0785027127708273,-0.2559750561395711,0.6176009237720338,-0.2789549035771919,-0.061613281873743576,-0.014730859116148689,-1.4793883436916295,1.1302414609214047,-2.314768074099545,-0.2837705945224402,0.3420257513176083,-0.06241326998481709,0.6327119795388693,-0.02055280839095018,-0.2805356821750193,1.1357675530990072,1.229995077038276,0.9158594211749729,1.0837181180097615,1.0665907287348086,0.3967193985514088,0.4278009979685602,0.29280947350086917,-2.4979146093014517,-1.8143898139092893,-0.467667217660741,-4.279695021106552,1,0,0,0,1,0,0,0,1,2022
-0.048061362355669116,-0.27801624402500197,-1.5197119064035973,1.1813537136687065,-1.7607235843954896,-0.0785027127708273,-0.2563519563108521,0.3343477775263192,-0.2793185593665022,-0.7200556503957198,-0.014730859116148689,1.316865202094819,1.377096898759773,-1.771841964980959,-0.28381049044923967,0.4256436074074148,1.4107383358347967,0.6327119795388693,-0.02055280839095018,-0.2805356821750193,1.1357675530990072,1.229995077038276,0.9158594211749729,1.0837181180097615,1.0665907287348086,0.3967193985514088,0.4278009979685602,0.29280947350086917,-2.4979146093014517,-1.8143898139092893,-0.4735214199594601,0.2336615097730588,1,0,0,0,1,0,0,0,1,2023
0.3402184921030253,-0.2743399872993852,-1.3039514450458582,0.5925867273715588,1.1053950172026494,-0.0785027127708273,-0.21805889890870334,-0.344662836111164,-0.2360435204385777,-0.09453540029984286,-0.07798267424532755,-0.43517407872320696,-0.5851679829108233,0.2933412023420073,-0.2432238654170066,0.6024366898550213,0.5825783472677178,-0.11331263640409742,-0.03777318796267641,-0.24599602866531378,0.6750529349477112,0.6982715518922863,0.6460424675080323,0.7293334690470352,0.5398084851925118,0.25369363083041313,0.30600489020622956,0.32865096520479276,0.3171855362577904,0.42870878352840713,0.01567035962725957,0.2336615097730588,0,0,0,0,0,0,1,1,0,2021
0.3402184921030253,-0.2743399872993852,-1.3012977446413754,0.5925867273715588,0.08458565224988754,-0.0785027127708273,-0.2197926396965959,-0.3636879481607694,-0.23877093885840486,-0.423756584560831,0.3684932629902324,-0.4401046646789811,0.02893826554240587,0.11139244213375463,-0.24302189228758406,0.3420257513176083,-0.06241326998481709,-0.1949779014035442,-0.03621139678799539,-0.24222120314512738,0.2560963150551484,1.0043833024245414,0.8013753352565272,0.2817640119905333,0.5301543086176337,0.25369363083041313,0.30600489020622956,0.32865096520479276,0.3171855362577904,0.42870878352840713,0.019329236063959043,0.2336615097730588,0,0,0,0,0,0,1,1,0,2022
0.3402184921030253,-0.2743399872993852,-1.3023292420161363,0.788842389470608,0.3070697446113868,-0.0785027127708273,-0.22016953986787688,-0.32639654425395387,-0.23677083201719828,-0.22622387400423766,0.4762563076495892,-0.42803137035751576,-0.3006515547076691,0.06368835378492814,-0.2435131108863031,0.5616382554901003,0.5825783472677178,-0.1949779014035442,-0.03621139678799539,-0.24222120314512738,0.1698993083526924,0.33820680258083474,0.23706795112310572,0.1921756349893644,0.2714398934036437,0.25369363083041313,0.30600489020622956,0.32865096520479276,0.3171855362577904,0.42870878352840713,0.010547932615880305,0.2336615097730588,0,0,0,0,0,0,1,1,0,2023
-0.28889660611825096,0.0050555238474905145,1.333031318145227,1.3776093757677557,-2.1009933727130767,-1.6663036399429971,-0.04295107933155455,-1.0561155727769522,-0.10640023154945945,-1.5431086110481902,-0.602927342783109,0.6660630680363024,3.813381124365677,-2.4080758769191952,-0.024192733792236312,0.5284354020477496,-1.2487722377066919,1.994706127424372,0.8008785090341426,-0.040079296539146,0.030967796591836922,-0.1763432200158859,-0.16885833858340737,0.0006153663786551647,-0.04802468061461848,-0.6670347488734945,-1.0465729381017692,-0.6749108025050843,-2.4126085442845047,-3.1947581815632566,-0.38497661019133284,0.2336615097730588,0,0,0,0,1,1,0,0,0,2021
-0.28889660611825096,0.008731780573107301,1.2527971562951845,1.4757372068172803,-2.114080672263753,-1.628558564442834,0.011548685435676864,-0.48941169651734906,-0.11240055207307922,-1.7735634400308822,0.46378368065282777,0.6703740992570804,3.8479723322156394,-2.422587458830819,-0.011792581043861603,0.3420257513176083,-0.06241326998481709,2.232643984040991,0.80173321330633,-0.020638945110186067,-0.5527421962186216,-0.6696325775752364,-0.6796342365987601,-0.6189269247509985,-0.4519680094164402,-0.6670347488734945,-1.0465729381017692,-0.6749108025050843,-2.4126085442845047,-3.1947581815632566,-0.38570838547867276,0.2336615097730588,0,0,0,0,1,1,0,0,0,2022
-0.28889660611825096,0.008731780573107301,1.1273266509705793,1.5738650378668049,-2.048644174510371,-1.628558564442834,-0.03556383597444711,-1.1727813581880542,-0.11894635628066444,-2.0369403874396723,0.25126857547774345,0.7036312625642688,4.9314558144598095,-2.4727885644697505,0.004397684750467167,0.3703071373440333,-1.2487722377066919,2.232643984040991,0.80173321330633,-0.020638945110186067,-0.5752424649408436,-0.7447290634783272,-0.8170106050630129,-0.6315258830001743,-0.4867401112688781,-0.6670347488734945,-1.0465729381017692,-0.6749108025050843,-2.4126085442845047,-3.1947581815632566,-0.3915625877773919,0.2336615097730588,0,0,0,0,1,1,0,0,0,2023
-0.944462130986289,-0.25228244694568447,1.0230913426853883,-0.09430808997511356,0.1761967491046225,-0.0785027127708273,-0.23592396702742235,-0.43436015956767526,-0.2553172772720231,-0.3908344661347317,0.41762496584210723,0.04497148071924523,-0.9453807555648693,-0.375361242773406,-0.26027937412379987,0.02727379499139202,-0.46571316129679285,-0.2823414915361189,-0.10302481421737267,-0.2639264498861992,0.9553774544478586,1.229995077038276,0.9158594211749729,1.0837181180097615,0.9015839377428847,0.7274664864062099,0.5431867842697162,0.7229073739479589,-0.57852814642015,0.34243576055003416,-0.2302061369189451,0.2336615097730588,0,0,1,0,0,0,1,1,0,2020
-0.7538812369740334,-0.25228244694568447,1.031042002132209,0.20007540317346031,0.1500221500032697,-0.0785027127708273,-0.2380346079865959,-0.7018971715137391,-0.2545899656934025,-0.2591459924303369,-0.5302861521579101,0.04051603530124507,-0.462825918783467,-0.37255864799850985,-0.2602045692610508,0.08529694226443375,-0.46571316129679285,-0.2823414915361189,-0.10302481421737267,-0.2618502958500966,0.9470517575870391,0.794390804514839,0.6948170706709069,0.8901695789608927,0.893968239697106,0.7274664864062099,0.5431867842697162,0.7229073739479589,-0.57852814642015,0.34243576055003416,-0.2287425863442653,0.2336615097730588,0,0,1,0,0,0,1,1,0,2021
-0.5633003429617779,-0.259634960396918,0.2969298701416502,0.39633106527250955,-0.15098573966228837,-0.0785027127708273,-0.23479326651357937,-0.277687991843068,-0.25258985885219587,0.07007519183065121,-0.47364882599835556,0.4490346043971111,-0.288971406602487,-0.28812020990445203,-0.2598629603878299,0.3420257513176083,-0.06241326998481709,-0.026540273942297906,-0.021889790485455602,-0.26128407202206866,0.24365651976969233,0.20038497834651062,0.39339568361989824,0.16876138796055243,0.25055714419293207,0.7274664864062099,0.5431867842697162,0.7229073739479589,-0.57852814642015,0.34243576055003416,-0.342167755881949,0.2336615097730588,0,0,1,0,0,0,1,1,0,2022
-0.3727194489495223,-0.25228244694568447,0.9900867829751648,0.39633106527250955,0.07149835269921137,-0.0785027127708273,-0.22996894432118267,0.33541992009728416,-0.2553172772720231,-0.3908344661347317,-0.5526372110821929,0.9861406444343198,-0.4972673811449015,-0.15940646141969575,-0.2610049812924661,-0.1391844253980554,-0.46571316129679285,-0.026540273942297906,-0.021889790485455602,-0.26128407202206866,0.42466455551766474,0.40929137518251574,0.49940281877600184,0.35440478246328583,0.25351378761517696,0.7274664864062099,0.5431867842697162,0.7229073739479589,-0.57852814642015,0.34243576055003416,-0.43437144208677575,0.2336615097730588,0,0,1,0,0,0,1,1,0,2023
-0.7262923508223847,-0.2375774200432173,-0.7432800401098448,0.2982032342229849,-0.2295095369663467,-0.7499410630146296,-0.15391048975667854,-0.7534192508579268,-0.1062184036548043,1.0577387446136157,-1.3775433068702978,-0.7835860326221802,-0.3776207358110487,0.3234825127520464,-0.15002698041333618,-1.0380957626952925,0.32978336098692024,-1.3254470555520201,-0.3850337961128142,-0.16634721018938087,0.3413639186581361,0.15135592602785272,0.14957927276086516,0.41274984930700553,0.29718763473817594,0.7632229283364598,0.6521622491096976,0.8543261768623481,0.5304506988001574,0.5149818065067792,0.40680425071043336,0.2336615097730588,0,0,0,0,0,0,1,0,0,2020
-0.6023581858475737,-0.2375774200432173,-0.7663376983460979,0.20007540317346031,-0.28185873516905274,-0.6551046479202013,-0.13393478067878598,-0.173117416846401,-0.13203796469583487,0.10299731025675049,-0.9435003378120163,-0.742060487939781,0.09018417035034802,0.5509317044281314,-0.15013669421203485,-0.9725698488341433,0.32978336098692024,-1.3254470555520201,-0.3850337961128142,-0.18597630289435013,0.3057018359974776,0.2719931994961196,0.1056477980867454,0.2323955966293828,0.3494935468300524,0.7632229283364598,0.6521622491096976,0.8543261768623481,0.5304506988001574,0.5149818065067792,0.3409444748498428,0.2336615097730588,0,0,0,0,0,0,1,0,0,2021
-0.4784240208727627,-0.2375774200432173,-0.7657283466793012,0.6907145584210834,-0.5828666248346104,-0.560268232825773,-0.13099495934279423,-0.05770973847322713,-0.14694785205755673,-0.423756584560831,-1.1192146365123123,-0.5768497548720483,0.15891734958468895,0.5099359368790128,-0.15034116083688237,0.3420257513176083,-0.06241326998481709,-0.9081246673682604,-0.4813235101456272,-0.17578427398984686,-0.4642141914590168,0.10152748698661077,-0.07322500952257176,-0.3749085530831926,-0.3562939182245393,0.7632229283364598,0.6521622491096976,0.8543261768623481,0.5304506988001574,0.5149818065067792,0.13824272025669196,0.2336615097730588,0,0,0,0,0,0,1,0,0,2022
-0.3544898558979517,-0.2375774200432173,-0.7645901941168389,0.8869702205201326,0.16310944955394632,-0.560268232825773,-0.13936214314523224,-0.20008903259557462,-0.14822064732014276,-0.4896008214130284,-1.0878785360132845,-0.4230330345314401,-0.12320315080201766,0.3404629277512025,-0.15428337710375958,-0.9513912421020073,0.32978336098692024,-0.9081246673682604,-0.4813235101456272,-0.17578427398984686,-0.13561909228874724,0.19742064984739172,0.19885064506772027,-0.07534415038271318,-0.010229020540706466,0.7632229283364598,0.6521622491096976,0.8543261768623481,0.5304506988001574,0.5149818065067792,0.00688905617918083,0.2336615097730588,0,0,0,0,0,0,1,0,0,2023
-0.28881948888962744,-0.27066373057376836,-0.806739503871853,0.20007540317346031,0.7782125284357386,-0.0785027127708273,-0.23599934706167855,0.23695579907814235,-0.24095287359426662,2.04540229739658,-2.343020619140129,1.0461919900001768,-1.0624817275937466,0.5682037064063566,-0.2593941832479356,0.5830533429063147,1.4107383358347967,0.3926602620335756,-1.5110982085198992,-0.2616615545740873,0.2898001939074117,0.058369792320054265,0.12315581936727216,0.21608673606654205,0.44753076804786296,2.068333058790542,2.2611529358647102,2.1924085338088526,-0.6211811789286235,0.42870878352840713,-0.4424209702475146,0.2336615097730588,0,0,1,0,0,0,1,1,0,2020
-0.0968480294829267,-0.27066373057376836,-0.8122177021492355,0.2982032342229849,0.372506242364769,-0.0785027127708273,-0.23682852743849672,0.24955433366616434,-0.24204384096219747,1.847869586839988,-2.1703157261148607,1.4901174436168183,-0.28343082352695187,0.5367528758869998,-0.25959864987278314,0.3420257513176083,-0.06241326998481709,0.3926602620335756,-1.5110982085198992,-0.26279400223014326,-0.708822929348835,-0.047340759684598124,-0.38047917576618917,-0.8081097072799672,-0.2832392607329648,2.068333058790542,2.2611529358647102,2.1924085338088526,-0.6211811789286235,0.42870878352840713,-0.4903522515682777,0.2336615097730588,0,0,1,0,0,0,1,1,0,2022
0.09512342992377407,-0.27066373057376836,-0.8098608462531799,0.20007540317346031,0.660426832479651,-0.0785027127708273,-0.23931606856895127,-0.1376939418444327,-0.24149835727823205,1.9137138236921853,-1.23098479916534,1.6285504861706261,-0.643793341669526,-0.14221593049896905,-0.260765605731669,0.2571852392839764,1.4107383358347967,0.3926602620335756,-1.5110982085198992,-0.26279400223014326,-2.3689543635518944,-1.625226205048148,-1.74036378236133,-2.7221943305142817,-1.7620971168410402,2.068333058790542,2.2611529358647102,2.1924085338088526,-0.6211811789286235,0.42870878352840713,-0.502792431453056,0.2336615097730588,0,0,1,0,0,0,1,1,0,2023
1.0411727110761333,-0.27066373057376836,-0.6159915486312411,0.6907145584210834,1.5372759023749716,-0.0785027127708273,-0.24489419110390995,-0.8025654784268569,-0.24531674306599008,2.802611021196853,0.5821603855083538,-0.39648555985969236,-1.1983757584328847,1.7183755278640895,-0.2652713519645894,0.5857415176113379,1.4107383358347967,-0.8460441823506479,-1.0758061306258107,-0.26675756902633896,-0.39754828543576165,-0.9820578693698264,-0.8801096766705955,-0.48886376176232565,-0.3359669946965498,2.068333058790542,2.2611529358647102,2.1924085338088526,0.9143279913764175,0.8600738984202713,-0.012137101291656436,0.2336615097730588,0,0,0,1,0,0,1,0,1,2020
0.9758657964787213,-0.27066373057376836,-0.6136861557278525,0.788842389470608,1.2493553122600904,-0.0785027127708273,-0.24459267096688517,-0.6988946491737555,-0.24749867780185184,2.374623481657568,0.03787870861327369,-0.3971427781739022,-1.103437118706148,1.8186414634434622,-0.26525888448746454,0.5583377829622623,1.4107383358347967,-0.8460441823506479,-1.0758061306258107,-0.2671350515783576,0.790231589485536,0.8312024331787845,0.9158594211749729,0.7293334690470352,1.0665907287348086,2.068333058790542,2.2611529358647102,2.1924085338088526,0.9143279913764175,0.8600738984202713,-0.011771213647986488,0.2336615097730588,0,0,0,1,0,0,1,0,1,2021
0.9105588818813094,-0.27066373057376836,-0.6142362130770109,1.0832258826191818,0.9352601230438558,-0.0785027127708273,-0.241878989733662,-0.09038491763583527,-0.2494987846430584,1.9795580605443825,1.2294686106938146,-0.3985860287004612,-0.6776358220768485,1.6719692513633446,-0.26523145603778986,0.3420257513176083,-0.06241326998481709,-0.06951402752504672,-1.0223129700811369,-0.2693999468904694,-0.1903434423905118,0.08211895349676705,-0.24909350715729492,0.06366500680623915,0.15682355677932724,2.068333058790542,2.2611529358647102,2.1924085338088526,0.9143279913764175,0.8600738984202713,-0.010673550716976645,0.2336615097730588,0,0,0,1,0,0,1,0,1,2022
0.8452519672838974,-0.27066373057376836,-0.6154437288035027,1.0832258826191818,1.2362680127094139,-0.0785027127708273,-0.24414039076134797,-0.5459372730100037,-0.2465895383285761,2.638000429066359,0.9032770523908817,-0.3541097988772895,-0.860774554546563,1.774983205584795,-0.26604433554633,0.44372984686443356,1.4107383358347967,-0.06951402752504672,-1.0223129700811369,-0.2693999468904694,0.799698328214673,0.45426144103762645,0.12858529609198405,0.7390426375117684,0.4517709047648981,2.068333058790542,2.2611529358647102,2.1924085338088526,0.9143279913764175,0.8600738984202713,-0.04031044985424238,0.2336615097730588,0,0,0,1,0,0,1,0,1,2023
0.8475593434336429,-0.27066373057376836,-1.2600091347927056,0.49445889632203416,0.47720463877018054,-0.0785027127708273,-0.18948986592560416,0.12685583311114562,-0.19276848151065323,0.8272839156309242,-2.3774709739480704,-1.247715656442155,-0.9133352210198825,0.5617233641598811,-0.21383802183373776,0.39212219617467414,1.4107383358347967,-0.12064464147012914,-0.617168279588386,-0.22731064234039114,0.27116655163446396,-0.01732993239008159,0.029742509462621466,0.3078186883424757,0.4734385637594327,1.505169098389123,1.5624278965965963,1.5592088470395247,0.06126734120695,0.0836166916149151,2.754705260140486,0.2336615097730588,0,0,0,0,0,0,1,1,0,2021
0.8475593434336429,-0.27066373057376836,-1.2612688593523378,0.49445889632203416,0.46411733921950443,-0.0785027127708273,-0.18609776438407524,0.37428258529492564,-0.19240482572134296,0.7614396787787268,-1.4362625483463876,-1.2512103462980801,-0.24382314181130224,0.43949650703425863,-0.21273589685590114,0.3420257513176083,-0.06241326998481709,0.3735945330193469,-0.6133845411483309,-0.21692987215987855,-2.1956926749800112e-05,0.05023350562062869,0.3837204292207344,0.26830529146126825,0.3393385758444714,1.505169098389123,1.5624278965965963,1.5592088470395247,0.06126734120695,0.0836166916149151,2.808490743759968,0.2336615097730588,0,0,0,0,0,0,1,1,0,2022
0.8475593434336429,-0.27066373057376836,-1.2651673675069843,0.5925867273715588,0.6735141320303271,-0.0785027127708273,-0.19009290619965374,0.14819295488163628,-0.19549589993048042,0.498062731369936,-1.051667639229463,-1.2395633858644017,-0.189390656731383,0.2955660802191464,-0.2162841408456331,0.199725897288585,1.4107383358347967,0.3735945330193469,-0.6133845411483309,-0.21692987215987855,0.5324957477738489,0.3016581028079925,0.32701709401249557,0.568117501691048,0.5147647391880416,1.505169098389123,1.5624278965965963,1.5592088470395247,0.06126734120695,0.0836166916149151,2.6350600006604132,0.2336615097730588,0,0,0,0,0,0,1,1,0,2023
-0.048061362355669116,-0.2155198796895166,-0.5696677697464094,0.2982032342229849,-0.12481114056093515,-0.7649409214451811,-0.10340586680502563,-0.665127180317778,-0.09603604155411619,0.07007519183065121,0.23816708569487824,-0.050555167821935275,0.15816862214204908,0.4220539219943532,-0.11856156164564254,0.3420257513176083,-0.06241326998481709,-0.07320964854921776,0.6987089614086885,-0.12237049287920938,0.3338699950501763,0.3912677494522745,0.2701177230731939,0.36408922920700787,0.47061114451882624,-0.12174900943719912,-0.10425568330899372,-0.3284430493671502,0.6584097963255771,0.7738008754418982,-0.19434914783929025,0.2336615097730588,0,0,0,1,0,0,1,0,0,2022
-0.048061362355669116,-0.27066373057376836,-0.287732239462884,-0.9774585694208351,1.5503632019256481,-0.0785027127708273,-0.2418036096994058,1.1555409857772865,-0.26459049989943545,0.10299731025675049,-0.014730859116148689,-0.3752029632669177,-0.6566714536829318,0.8109269230162581,-0.2706996915047486,-1.1221768619675876,-0.1933862261647424,0.13176942423298219,-0.9217741677375415,-0.27374099623868375,0.14118430648185912,0.08211895349677334,0.13922413562013405,0.40368271054075217,-0.14643216720582325,0.6023189396503404,0.7226757851826258,0.5675942432309544,0.2318794712408436,0.7738008754418982,-0.02677260703845433,0.2336615097730588,1,0,0,0,0,0,1,0,1,2021
-0.048061362355669116,-0.27066373057376836,-0.28793585391213183,-1.0755864004703597,0.46411733921950443,-0.0785027127708273,-0.23924068853469507,1.9539854749764243,-0.26459049989943545,0.10299731025675049,-0.014730859116148689,-0.3722774614660931,-0.4853626148069274,0.2447295164095156,-0.2707395874315481,0.3420257513176083,-0.06241326998481709,0.5977061027019347,-0.9728755511410099,-0.27355225496267443,0.7268833294897316,0.2861858199041462,0.43693432841615,0.6643629500705341,0.318559942904746,0.6023189396503404,0.7226757851826258,0.5675942432309544,0.2318794712408436,0.7738008754418982,-0.028602045256804067,0.2336615097730588,1,0,0,0,0,0,1,0,1,2022
-1.7543918737089494,-0.25228244694568447,-0.1903221173500995,-1.3699698936189335,0.16310944955394632,-0.0785027127708273,-0.24602489161775293,1.6389815039205613,-0.2764093130520199,-2.1357067427179692,-0.014730859116148689,-0.7095735336844438,-0.562631286887363,-0.05568493283716476,-0.2785791370476531,0.45448897511077857,1.4107383358347967,-1.1045256963451346,0.08096058954432674,-0.2786482694149261,1.1357675530990072,1.229995077038276,0.9158594211749729,1.0837181180097615,1.0665907287348086,0.34308473565603526,0.3636977833568067,0.26891514569825237,-0.3652629838777835,0.6875278524635252,0.29411085646008955,0.2336615097730588,1,0,1,0,0,0,1,0,1,2020
-1.7543918737089494,-0.25228244694568447,-0.1903221173500995,-1.0755864004703597,0.1107602513512403,-0.0785027127708273,-0.24647717182329013,1.8092955238808435,-0.2745910341054684,-1.049276834656708,-0.014730859116148689,-0.6814597889847998,-0.11571587637561886,-0.2675785300757121,-0.278833473581,0.4471372446345015,1.4107383358347967,-1.1045256963451346,0.08096058954432674,-0.2758171502747863,0.3691096338316228,-0.539647280088206,0.9158594211749729,0.2974271781237179,1.0665907287348086,0.34308473565603526,0.3636977833568067,0.26891514569825237,-0.3652629838777835,0.6875278524635252,0.2567903168057549,0.2336615097730588,1,0,1,0,0,0,1,0,1,2021
-1.7543918737089494,-0.25228244694568447,-0.1903221173500995,-0.6830750762722613,-0.46508092887852265,-0.0785027127708273,-0.24700483206308352,2.0718125196725485,-0.2742273783161581,-0.7529777688218191,-0.014730859116148689,-0.6722119316886146,-0.02699167442279313,0.016344903860611385,-0.27891326543459904,0.3420257513176083,-0.06241326998481709,-1.1760759797110896,-0.06461108231757544,-0.27921449324295405,1.1357675530990072,1.229995077038276,0.9158594211749729,1.0837181180097615,1.0665907287348086,0.34308473565603526,0.3636977833568067,0.26891514569825237,-0.3652629838777835,0.6875278524635252,0.2450819122083166,0.2336615097730588,1,0,1,0,0,0,1,0,1,2022
0.5019813181736179,-0.24492993349445089,0.44878187177237305,-0.6830750762722613,-0.16407303921296454,-0.0785027127708273,-0.21858655914849673,-0.5440523955104843,-0.24240749675150777,-0.884666242526214,-0.6703093006339959,-0.6865693326571928,-0.1327119893235441,-0.3490432212816377,-0.24374251246540032,-1.1460617566087845,-0.7526121631505931,-0.001950738647795475,-0.08181723863098643,-0.2393900840049876,-0.471201011304245,0.36449313818165713,0.6648943070655511,-0.3446531963683821,0.08663773419761517,0.7274664864062099,0.5431867842697162,0.7229073739479589,0.1039203737154234,0.6012548294851522,0.263376294391814,0.2336615097730588,0,0,0,0,0,0,1,1,0,2020
0.35568156182391764,-0.2375774200432173,0.9422511854506799,0.0038197410744110656,-0.24259683651702332,-0.0785027127708273,-0.2105962755173397,0.2603684467845048,-0.237679971490474,-0.29206811085643564,0.5085563130960952,-0.5521237265489057,-0.382187973211152,-0.020557802792167207,-0.24384723927324906,-1.256411558086828,-0.7526121631505931,-0.001950738647795475,-0.08181723863098643,-0.2393900840049876,0.4815527953241738,0.09742396847732654,0.14957927276086516,0.41274984930700553,0.4681661000707635,0.7274664864062099,0.5431867842697162,0.7229073739479589,0.1039203737154234,0.6012548294851522,0.11409413577447543,0.2336615097730588,0,0,0,0,0,0,1,1,0,2023
-0.048061362355669116,-0.2743399872993852,-0.37753665334781156,1.279481544718231,-0.8838745145001684,-0.0785027127708273,-0.24760787233713308,1.3200362808090038,-0.27204544358029636,0.0042309549784538165,-0.014730859116148689,-0.8040507278201937,0.7561772305785208,-0.817610637549277,-0.27756927140054033,0.3420257513176083,-0.06241326998481709,0.624135627231567,-0.20514613377272256,-0.27808204558689814,0.5374003965976335,0.5394029376718434,0.21499343177182362,0.470027628342605,0.5192511293469609,0.7274664864062099,0.5431867842697162,0.7229073739479589,0.06126734120695,-1.383024699017425,0.44229535214641824,0.2336615097730588,1,0,0,0,0,0,0,0,1,2022
0.09580020812937824,-0.259634960396918,-0.7888684202878691,0.39633106527250955,0.9876093212465618,-0.0785027127708273,-0.19001752616539755,-0.1958973431843566,-0.18513170993513714,1.847869586839988,-0.706183561830155,0.27418333221914204,-0.9636497051652825,0.9920021465265781,-0.22241813959105877,0.4151451027291012,0.7592781745002323,-0.6560127075803499,0.6279766417969237,-0.22731064234039114,0.5516472336571899,0.47157692398406587,0.5737700692043864,0.40975445525029236,0.26512917248832096,2.068333058790542,2.2611529358647102,2.1924085338088526,1.1702461864272575,0.9463469213986443,-0.30009067685990504,0.2336615097730588,0,0,0,1,0,0,1,1,0,2020
0.08056131854437246,-0.259634960396918,-0.7861367795539123,0.39633106527250955,1.301704510462796,-0.0785027127708273,-0.1831579430480835,0.29204911743478795,-0.19240482572134296,1.3540378104485056,-0.4826126711843452,0.46053068765251887,-1.1323379979920474,1.0706469059456718,-0.22277720293225442,0.45531178563966906,0.7592781745002323,-0.6560127075803499,0.6279766417969237,-0.2173073547118972,0.24738400319585405,0.20468697040231965,0.11542751127165483,0.24267154164140162,0.3164762916907384,2.068333058790542,2.2611529358647102,2.1924085338088526,1.1702461864272575,0.9463469213986443,-0.34472896938763864,0.2336615097730588,0,0,0,1,0,0,1,1,0,2021
0.06532242895936667,-0.259634960396918,-0.7819570895407806,0.2982032342229849,0.24163324685800466,-0.0785027127708273,-0.17855976095845538,0.5326379571355805,-0.19876880203427302,0.9589723893353189,-1.0378015700848502,0.4884828578259499,-1.0210771000157612,1.0142575407587546,-0.22367236778981858,0.3420257513176083,-0.06241326998481709,-0.2259901394501755,0.5935631944289297,-0.21994973257602768,0.6038856362088976,0.07900817809422901,0.37074142941697497,0.470027628342605,0.5800666403900554,2.068333058790542,2.2611529358647102,2.1924085338088526,1.1702461864272575,0.9463469213986443,-0.3505831716863578,0.2336615097730588,0,0,0,1,0,0,1,1,0,2022
0.05008353937436089,-0.259634960396918,-0.7713269981931435,0.49445889632203416,0.8698236252904736,-0.0785027127708273,-0.18082116198614134,0.5809136496539067,-0.19931428571823845,0.9260502709092209,-0.7385914520151459,0.8480002189190189,-0.8675879742745859,0.843709496701438,-0.22610601932458907,0.3325024319814893,0.7592781745002323,-0.2259901394501755,0.5935631944289297,-0.21994973257602768,-0.18470840983178402,-0.2940028735748969,-0.6308108500574698,-0.27057335918772873,-0.14127767897944796,2.068333058790542,2.2611529358647102,2.1924085338088526,1.1702461864272575,0.9463469213986443,-0.4146135093285986,0.2336615097730588,0,0,0,1,0,0,1,1,0,2023
-0.30660574699994875,0.5748753163180923,2.2794640952300407,1.3776093757677557,-0.04628734325687681,1.3983483310921867,0.20919513525542896,-0.8407890324590104,0.45526613504028296,1.0577387446136157,-0.19541258128366568,1.6086353672231524,0.15098083869270623,0.11908629308080582,0.2882572039290267,0.9026702474176865,-0.755540311452482,0.6523803845841297,0.21424860837963333,0.26322793400783073,0.24652747329835156,0.06941662060302575,0.10791668339078765,0.23137021569426663,0.2531832685334211,-0.32734855053612955,-0.32220661298895464,-0.37623170497238384,0.3171855362577904,-1.8143898139092893,-0.5009629932347062,0.2336615097730588,0,0,0,0,0,0,0,0,0,2020
-0.3042418050682195,0.596932856671793,2.33549759831829,1.3776093757677557,-0.6221285234866397,1.233343370466693,0.2900025319780736,-0.36771378108592284,0.36071562981960764,0.23468578396114528,-0.3295596033414913,1.9101971715014074,0.35238852076283383,0.26004946035557874,0.29456574735420027,0.927898991910977,-0.755540311452482,0.6523803845841297,0.21424860837963333,0.2858768871289491,0.15587072091992246,0.20188041785077618,0.028961101251234668,0.1426814666428798,0.15396057608811517,-0.32734855053612955,-0.32220661298895464,-0.37623170497238384,0.3171855362577904,-1.8143898139092893,-0.5247456900732528,0.2336615097730588,0,0,0,0,0,0,0,0,0,2021
-0.3018778631364903,0.5895803432205594,2.2125584755605243,1.4757372068172803,-0.6221285234866397,1.157869204450397,0.24763895272609013,-0.61566036634121,0.3176224187863383,-0.22622387400423766,-0.03734853272163237,2.222659796194361,0.6043353052111533,0.2988874385288545,0.3056243995639412,0.8382543462975102,-0.755540311452482,0.6523803845841297,0.21424860837963333,0.2858768871289491,-0.5819713689614353,-0.7917523091277182,-0.6279892313924478,-0.5733525629285875,-0.48910587957727186,-0.32734855053612955,-0.32220661298895464,-0.37623170497238384,0.3171855362577904,-1.8143898139092893,-0.5448695104750999,0.2336615097730588,0,0,0,0,0,0,0,0,0,2023
-0.8794303128591947,-0.25595870367130125,1.0099899089290234,0.6907145584210834,-1.0932713073109916,-0.0785027127708273,-0.23434098630804218,0.4036939580485498,-0.2542263099040922,0.6955954419265293,-0.014730859116148689,0.4980864019412189,0.6811547408260049,-1.2107091143163446,-0.2633164515514131,0.5700616931350118,1.4107383358347967,0.307463883645697,-0.4232626607226067,-0.27072113582253465,-0.297982321894542,-0.05701754632643701,-0.20370573072875842,-0.223362924917688,-0.8277729496659866,-0.5597654230827473,-0.8158013654994571,-0.447914688380231,-0.4932220814032032,-1.4692977219957981,-0.3527784975483775,0.2336615097730588,1,0,1,0,0,0,0,0,1,2020
-1.0386275406528835,-0.25595870367130125,0.9620111100336388,1.0832258826191818,-1.0932713073109916,-0.0785027127708273,-0.2379592279523397,-0.2536684540115949,-0.25295351464150617,0.8931281524831215,-0.014730859116148689,0.7179744004022569,0.9782497900655092,-1.225937701989309,-0.26303718006381643,0.5291429223487907,1.4107383358347967,0.307463883645697,-0.4232626607226067,-0.26468141499023645,-0.06096675990373754,0.30920555788303467,-0.01862856469589066,0.06090063523116824,0.15435806308839667,-0.5597654230827473,-0.8158013654994571,-0.447914688380231,-0.4932220814032032,-1.4692977219957981,-0.39412380128308155,0.2336615097730588,1,0,1,0,0,0,0,0,1,2021
-1.1978247684465724,-0.25595870367130125,0.9286101361117842,1.3776093757677557,-0.98857291090558,-0.0785027127708273,-0.23713004757552153,-0.03487646946727634,-0.2565900725346091,0.03715307340455251,-0.014730859116148689,0.8742013669511322,1.0069260511186164,-1.1079636720406256,-0.2621868981239018,0.41761591691442845,1.4107383358347967,0.307463883645697,-0.4232626607226067,-0.26468141499023645,-0.023274340596566745,-0.33063440326224075,-0.4417235189287646,-0.10500519268410034,0.006389614959922912,-0.5597654230827473,-0.8158013654994571,-0.447914688380231,-0.4932220814032032,-1.4692977219957981,-0.41863827340896803,0.2336615097730588,1,0,1,0,0,0,0,1,0,2023
0.4937078657873135,-0.23022490659198375,-0.7675534183177976,-1.271842062569409,2.9768788529493793,-1.3318284803563751,-0.08252559731605869,-0.8080507722969981,-0.13221979259049002,-0.6871335319696211,-0.014730859116148689,-0.30507025871103227,-1.8225149546174884,2.077429575124647,-0.12490501400676565,0.762742762615542,-1.005828866691524,-2.0191372646474433,2.3730911338332294,-0.07254279601274899,0.8868159040380108,0.8904327059291386,0.8628418832311961,0.7587565487579636,0.7767633024906893,-0.4524960972920015,0.3252358545897553,-0.6868579664063927,1.2982052839526776,1.0326199443770172,-0.07067912427884802,0.2336615097730588,1,0,0,1,0,0,1,0,0,2020
0.5531953861037525,-0.22654864986636697,-0.7105861229568071,-1.0755864004703597,2.702045562385175,-1.1341152605878004,-0.024181450801761158,0.14781430866311143,-0.031123483162229487,2.144168652674877,-0.014730859116148689,-0.2725514352732834,-1.6708227747386486,2.0254367197954095,-0.12463571650086892,0.7336913042705526,-1.005828866691524,-2.0191372646474433,2.3730911338332294,-0.08254608364124293,0.16917445413525048,0.1941068679886271,0.565426426473395,0.1159754227654008,0.16137523743952228,-0.4524960972920015,0.3252358545897553,-0.6868579664063927,1.2982052839526776,1.0326199443770172,-0.08933939410601534,0.2336615097730588,1,0,0,1,0,0,1,0,0,2021
0.6126829064201915,-0.22654864986636697,-0.7119383317351453,-0.9774585694208351,1.6681488978817358,-1.685566248615472,-0.028402732720108265,0.13938710237599905,-0.03476004105533238,2.012480178970482,-0.014730859116148689,-0.05759179415386449,-1.4312299930938872,2.143269425695482,-0.12555082932183284,0.3420257513176083,-0.06241326998481709,-1.5074156773965726,2.334726210459239,-0.07594013898091674,-0.5089064189606368,-0.22526388926908955,0.6911124502713856,-0.7436395970326605,-0.6634916474307919,-0.4524960972920015,0.3252358545897553,-0.6868579664063927,1.2982052839526776,1.0326199443770172,-0.1917879343336006,0.2336615097730588,1,0,0,1,0,0,1,0,0,2022
0.6721704267366305,-0.21919613641513339,-0.5912702932189904,-0.19243592102463816,2.3617757740675875,-1.685566248615472,-0.03842827727618265,0.054891818937437734,-0.006576717383784937,2.835533139622952,-0.014730859116148689,0.10647766560526556,-1.594527448333645,2.195446621718939,-0.12110492697911171,0.6150095784078303,-1.005828866691524,-1.5074156773965726,2.334726210459239,-0.07594013898091674,-0.19162470905283396,0.02629631431649535,0.6104579127490559,-0.22904588597389744,-0.14760417000383835,-0.4524960972920015,0.3252358545897553,-0.6868579664063927,1.2982052839526776,1.0326199443770172,-0.2510617326081321,0.2336615097730588,1,0,0,1,0,0,1,0,0,2023
0.18602461358678649,-0.2669874738481516,-0.32151060866429665,-0.5849472452227367,1.0268712198985908,-0.0785027127708273,-0.23388870610250498,0.514770376895276,-0.252771686746851,0.5309848497960353,-0.44234214627351687,0.8831835734400815,-0.8772465582846404,0.1692055579460531,-0.2622766639592007,-0.6835220110007928,-0.5097867683440621,0.21491864627408946,-0.4799716971200644,-0.26203903712610593,0.02062876143735814,-1.0866276450182086,-0.651531791490251,-0.05997779455175542,-0.9734932326198927,0.7274664864062099,0.5431867842697162,0.7229073739479589,0.8716749588679441,-0.17520237732020394,-0.4201018239836478,0.2336615097730588,0,0,0,1,0,0,1,0,1,2020
0.18602461358678649,-0.2669874738481516,-0.32522041917916394,0.2982032342229849,0.12384755090191693,-0.0785027127708273,-0.23539630678762896,0.20578823082708192,-0.25258985885219587,0.5968290866482326,-0.3002116977446941,1.1470051341776308,-0.44328413253056614,0.02625890057951755,-0.26252352000627266,0.3420257513176083,-0.06241326998481709,0.21491864627408946,-0.4799716971200644,-0.26487015626624577,-1.1823162342921407,-0.7765285404909787,-0.8942511656300157,-0.5012462962487256,-0.17031057066922178,0.7274664864062099,0.5431867842697162,0.7229073739479589,0.8716749588679441,-0.17520237732020394,-0.4544952624886229,0.2336615097730588,0,0,0,1,0,0,1,0,1,2022
-0.048061362355669116,-0.27801624402500197,-1.5197119064035973,0.0038197410744110656,-0.687565021240022,-0.0785027127708273,-0.25356289504337276,1.1496339537401543,-0.27877307568253673,-1.1480431899350048,-0.014730859116148689,1.920480665795264,0.31689883998170354,-1.529959192924056,-0.28252883380080523,-0.011780697285573663,1.4107383358347967,1.1805808004990133,1.2910467603850009,-0.2795919757949727,-1.808198856887749,-1.0351471400836199,-1.3829810240673535,-0.929186688098509,-0.7286831572573292,0.34308473565603526,0.3636977833568067,0.26891514569825237,-1.133017569030304,-0.6928405151904411,-0.5251115777169227,0.2336615097730588,1,0,1,0,0,0,1,0,1,2020
-0.048061362355669116,-0.27801624402500197,-1.5197119064035973,0.49445889632203416,-1.263406201469785,-0.0785027127708273,-0.2545428354887033,0.032751583360347405,-0.27913673147184703,-1.6418749663264869,-0.014730859116148689,1.9731510641422965,0.8953656621652745,-1.3191198802394921,-0.2825787037093046,0.11681667512822717,1.4107383358347967,1.1805808004990133,1.2910467603850009,-0.27713833920685155,-0.03247308578462476,-0.11830386172475624,-0.45249798670736324,-0.11443950467373201,-0.002024679593844104,0.34308473565603526,0.3636977833568067,0.26891514569825237,-1.133017569030304,-0.6928405151904411,-0.5287704541536222,0.2336615097730588,1,0,1,0,0,0,1,0,1,2021
-0.048061362355669116,-0.27801624402500197,-1.5197119064035973,0.49445889632203416,-1.1848824041657264,-0.0785027127708273,-0.25371365511188515,0.8321402156852596,-0.2793185593665022,-2.2673952164223645,-0.014730859116148689,1.9101387818105557,1.0185313264795346,-1.293523051715837,-0.28251885981910535,0.3420257513176083,-0.06241326998481709,1.565892361716699,1.154897713603274,-0.2795919757949727,-0.6814956629421975,-0.8673588277042179,-1.2126965466419937,-0.7800826283867833,-0.595699906443095,0.34308473565603526,0.3636977833568067,0.26891514569825237,-1.133017569030304,-0.6928405151904411,-0.5243798024295828,0.2336615097730588,1,0,1,0,0,0,1,0,1,2022
-0.048061362355669116,-0.27801624402500197,-1.5197119064035973,2.064504193114428,-0.8446126158481391,-0.0785027127708273,-0.2527337146665546,1.630797872321638,-0.2793185593665022,-2.4320058085528586,-0.014730859116148689,0.1343801376830477,1.0767074487726533,-1.5466136265717916,-0.2823542891210573,0.15488287569914325,1.4107383358347967,1.565892361716699,1.154897713603274,-0.2795919757949727,-2.498758878983408,-1.916035780075471,-3.3412525144589664,-1.7119830015850612,-1.426845224032052,0.34308473565603526,0.3636977833568067,0.26891514569825237,-1.133017569030304,-0.6928405151904411,-0.25984303605621084,0.2336615097730588,1,0,1,0,0,0,1,0,1,2023
-0.048061362355669116,-0.2743399872993852,1.2183221720915836,-2.35124820411418,-0.3080333342704055,-0.0785027127708273,-0.25476897559147194,0.6479802054813348,-0.2771366246306404,0.23468578396114528,-0.014730859116148689,10.076388787571657,-0.4915021798365744,-1.140441410947143,-0.2824315874792314,0.752062721317638,1.4107383358347967,0.27353667764218204,-0.2950236915831043,-0.28110190600304724,-0.9086535649473522,-1.1295280657970344,-1.4787660426191194,-1.0130577216863557,-0.8034862358403367,0.7274664864062099,0.5431867842697162,0.7229073739479589,-1.516894861606564,-0.7791135381688141,-0.6945175567361084,0.2336615097730588,1,1,0,0,0,0,0,0,1,2021
-0.048061362355669116,-0.2743399872993852,1.2467588318222524,-2.6456316972627536,0.01914915449650536,-0.0785027127708273,-0.25371365511188515,1.7765818059269558,-0.27786393620926103,-0.8188220056740165,-0.014730859116148689,9.508027325460978,-0.37574891720444903,-0.2537838921605636,-0.28276322237075235,0.21808318133484178,1.4107383358347967,0.27353667764218204,-0.2950236915831043,-0.28110190600304724,-0.6165934052264421,-0.7924533311062739,0.9158594211749729,-0.7135183160154801,-2.1392554962511543,0.7274664864062099,0.5431867842697162,0.7229073739479589,-1.516894861606564,-0.7791135381688141,-0.6908586802994089,0.2336615097730588,1,1,0,0,0,0,0,0,1,2023
-0.06790401648639142,-0.2669874738481516,1.4501864480315014,0.2982032342229849,0.006061854945829204,-0.0785027127708273,-0.24904009298800087,-0.19499854398778585,-0.2755001735787441,-2.3003173348484633,-0.014730859116148689,1.4857714231538124,-0.004305232910804782,-0.17322493075133627,-0.27642725049590416,-0.0592584187041753,-1.1612685185399167,-2.424672923867054,-0.00048539173947581977,-0.27638337410281427,0.22713594507839943,0.18131812466702277,-0.1484185627335168,0.15181774481148347,0.2354454111458518,0.34308473565603526,0.3636977833568067,0.26891514569825237,-0.3226099513693101,0.5149818065067792,-0.48998636392460776,0.2336615097730588,1,0,0,0,0,0,1,0,1,2020
-0.06790401648639142,-0.2633112171225348,2.4496361764097556,0.6907145584210834,-0.6221285234866397,-0.0785027127708273,-0.24941699315928184,-0.22929353200590702,-0.27368189463219267,-1.4114201373437953,-0.014730859116148689,2.6520468853730654,0.643568623205483,-0.17093267155360647,-0.27638236757825474,-0.048321034312744766,-1.1612685185399167,-2.424672923867054,-0.00048539173947581977,-0.2758171502747863,0.1921885755391501,0.14098439572967245,-0.18935233134537613,0.1159754227654008,0.20347828354628095,0.34308473565603526,0.3636977833568067,0.26891514569825237,-0.3226099513693101,0.5149818065067792,-0.5679204320263066,0.2336615097730588,1,0,0,0,0,0,1,0,1,2021
-0.06790401648639142,-0.2633112171225348,2.4307142035987015,0.788842389470608,-0.687565021240022,-0.0785027127708273,-0.24843705271395128,0.11800391675217743,-0.27240909936960667,-0.8517441241001152,-0.014730859116148689,2.0978413575113826,0.7322928251583087,0.06198537548267264,-0.2764771204044036,0.3420257513176083,-0.06241326998481709,-2.135411246267734,-0.021792861187488306,-0.2778933043108888,0.1544454164367543,-0.46886158580315135,-0.2335608014461919,0.07726571495562481,0.16895378573873843,0.34308473565603526,0.3636977833568067,0.26891514569825237,-0.3226099513693101,0.5149818065067792,-0.537185869958031,0.2336615097730588,1,0,0,0,0,0,1,0,1,2022
-0.16792148349516442,-0.2743399872993852,-1.0234773891700293,-1.4680977246684581,0.8698236252904736,-0.0785027127708273,-0.24165284963089342,-0.6291513640945272,-0.2604084583223671,0.03715307340455251,-0.5533585380060838,-0.5834029947938316,-0.879567613356824,0.8034337624832797,-0.2671913434418161,-0.8114218861144336,-0.5665900300952115,-0.001950738647795475,-0.08181723863098643,-0.2682674992344135,0.908609651093858,0.7056566008526557,0.6497899251978536,0.8507430247101947,0.6510180699403352,0.3967193985514088,0.4278009979685602,0.29280947350086917,1.2555522514442041,1.0326199443770172,0.14482869784275101,0.2336615097730588,0,0,0,1,0,0,1,0,1,2020
0.9882886434122442,-0.2743399872993852,-1.0116461217399246,-0.9774585694208351,0.8959982243918264,-0.0785027127708273,-0.23615010713019094,0.8025884924057481,-0.2574992120078848,0.8602060340570234,-1.0614578693418053,-0.525358293412832,-0.6980012085166531,0.8799518308812643,-0.2683233903647524,-1.027397831540397,-0.5665900300952115,-0.001950738647795475,-0.08181723863098643,-0.2682674992344135,-0.5445785713226585,-0.32147219496302315,-0.26505176644951195,-0.29498380398220525,-0.4704588311899689,0.3967193985514088,0.4278009979685602,0.29280947350086917,1.2555522514442041,1.0326199443770172,0.08957966364858895,0.2336615097730588,0,0,0,1,0,0,1,0,1,2023
0.16783086119031476,4.118786799812673,0.6512205035138473,1.0832258826191818,-0.7530015189934041,0.4323870411839716,4.517540993168446,-0.7231892265177502,5.482443766465727,0.33345213923944195,0.37169572517157,0.3153199837315528,0.8406336861082992,-0.4409507531454944,4.912968103574724,0.6877187431253352,-1.7158943649043843,1.6368481094945233,0.579145461469377,4.745078274125136,-0.05101591905575037,-0.13051204446093523,-0.07409071825290817,-0.009107441383096646,-0.06431978077558827,-1.1408076044492912,-1.1234967956358737,-1.1766916863600245,-0.5358751139116766,-1.296751676039052,-0.31070141852633354,0.2336615097730588,0,0,1,0,0,0,0,0,0,2020
0.2046757549737139,4.298923379367896,0.6885278169153191,1.1813537136687065,-0.9362237127028742,0.18730595387495316,4.800894541937495,-0.5438829020365487,4.573304293190003,-0.6542114135435224,0.49488363408772434,0.6648954970806751,1.290244515413547,-0.15283522740973407,5.008758223820363,0.3420257513176083,-0.06241326998481709,1.6368481094945233,0.579145461469377,5.027623964311088,-0.8658851972779799,-0.6953199078061242,-0.41623565819444375,-0.8555149377249852,-0.8367853776599117,-1.1408076044492912,-1.1234967956358737,-1.1766916863600245,-0.5358751139116766,-1.296751676039052,-0.38497661019133284,0.2336615097730588,0,0,1,0,0,0,0,0,0,2022
0.24152064875711304,4.295247122642279,0.6651065614482663,1.279481544718231,-0.9493110122535506,0.18730595387495316,4.973288680281422,-0.4165255479812654,4.672582323671712,-0.6212892951174238,0.4305222144320247,0.8231360165182869,1.240454140477995,-0.15965633470807505,5.016562864500519,0.6269606622170669,-1.7158943649043843,1.6368481094945233,0.579145461469377,5.027623964311088,-0.8730435963106561,-0.9256089476104983,-0.6611328627570973,-0.8349916677943386,-0.8775162848588525,-1.1408076044492912,-1.1234967956358737,-1.1766916863600245,-0.5358751139116766,-1.296751676039052,-0.4109546328918991,0.2336615097730588,0,0,1,0,0,0,0,0,0,2023
-0.048061362355669116,0.06755188818297586,1.0271132874383884,0.6907145584210834,-0.47816822842919926,-0.2175584040149304,-0.01619116717060413,-1.2581776648994707,0.1099749630901629,0.2676079023872446,-0.09134893635701094,1.8788548334759052,-0.02744091088837706,-0.2981357411496029,0.058389341187337775,0.7892740778005196,-1.2488468677168467,0.2587794618183909,0.3247613792180769,0.06920190227025011,0.2827971528544998,0.229932288021984,0.13879552895040426,0.33387775149592036,0.4102060987845902,-0.1664445618500102,0.1906191039050718,-0.2806543937619182,0.06126734120695,-0.8653865611471871,-0.5221844765675632,0.2336615097730588,0,0,0,0,0,0,0,0,0,2021
-0.048061362355669116,0.08593317181105979,1.1549264776900536,0.6907145584210834,-0.739914219442728,-0.491893972388665,0.051047823385924805,-0.5801918025287822,0.11397517677257608,0.30053002081334323,-0.09215008332637566,2.331029502386027,-0.1390761725859831,-0.40185614137753883,0.06129675685285254,0.3420257513176083,-0.06241326998481709,0.8108979407906245,0.31605368635195313,0.08750980604315411,0.0421889099335126,-0.06254713869320479,0.08249889456994218,0.029699758205483817,0.09037439706615345,-0.1664445618500102,0.1906191039050718,-0.2806543937619182,0.06126734120695,-0.8653865611471871,-0.551089600417489,0.2336615097730588,0,0,0,0,0,0,0,0,0,2022
-0.048061362355669116,-0.27801624402500197,-1.5197119064035973,-2.1549925420151306,0.03223645404718198,-0.0785027127708273,-0.2552212557970091,2.892198697546859,-0.27950038726115733,-0.9175883609523132,-0.014730859116148689,1.2285267256480852,-1.004679969021948,-0.8337072105028682,-0.2837456595681905,-0.08111247282493834,1.4107383358347967,-1.7765325886642498,-1.245006039036482,-0.24297616824916468,1.1357675530990072,1.229995077038276,0.9158594211749729,1.0837181180097615,1.0665907287348086,-0.27371388764075727,-0.32861693445013107,-0.12534126304491375,-0.8770993739794638,0.25616273757166114,-0.4640083412240415,0.2336615097730588,1,0,1,0,0,0,1,0,1,2020
-0.048061362355669116,-0.27801624402500197,-1.5197119064035973,-2.547503866213229,-0.24259683651702332,-0.0785027127708273,-0.2566534764478769,0.2756801369571338,-0.27913673147184703,-0.6542114135435224,-0.014730859116148689,1.392537127132117,-0.6854225874803032,-0.8132483226558279,-0.28386285385316407,0.18390607805339143,1.4107383358347967,-1.7765325886642498,-1.245006039036482,-0.24297616824916468,1.1357675530990072,1.229995077038276,0.9158594211749729,1.0837181180097615,1.0665907287348086,-0.27371388764075727,-0.32861693445013107,-0.12534126304491375,-0.8770993739794638,0.25616273757166114,-0.481205060476529,0.2336615097730588,1,0,1,0,0,0,1,0,1,2021
-0.048061362355669116,-0.27801624402500197,-1.5197119064035973,-2.6456316972627536,-1.2241443028177559,-0.0785027127708273,-0.2566534764478769,0.8800401242076844,-0.27950038726115733,-1.6747970847525855,-0.014730859116148689,1.6952756396840338,-0.8971627082588611,-0.5212857972050289,-0.2840473725146118,0.3420257513176083,-0.06241326998481709,-0.8581419590917985,-1.322447536775074,-0.24297616824916468,1.1357675530990072,1.229995077038276,0.9158594211749729,1.0837181180097615,1.0665907287348086,-0.27371388764075727,-0.32861693445013107,-0.12534126304491375,-0.8770993739794638,0.25616273757166114,-0.5082807461081051,0.2336615097730588,1,0,1,0,0,0,1,0,1,2022
1.4137987489298254,-0.2633112171225348,-0.3465454899956267,0.2982032342229849,1.3147918100134726,-0.0785027127708273,-0.22190328065576945,-0.03979713824269398,-0.2545899656934025,-1.1809653083611034,-1.2467630760820458,-0.39110925107298605,-1.0155365169402262,1.2311236609445766,-0.2551602280163369,-0.45103882727301375,-0.9752913640526532,0.020070520267781264,0.9843668145105594,-0.2518470082216027,0.14310065185106352,-0.07933568430386029,-0.0807477082653452,0.06563042705904522,0.15857648003936192,-0.4793134287396877,-0.3734891846783571,-0.40012603277499903,1.340858316461151,0.9463469213986443,-0.01579597772835591,0.2336615097730588,0,0,0,1,0,0,1,1,0,2020
1.214190564795306,-0.259634960396918,-0.008322497942647248,0.2982032342229849,0.6342522333782977,-0.0785027127708273,-0.21873731921700912,0.4386367543887567,-0.24586222674995553,0.1688415471089479,-1.0660605228472633,-0.3818192729692779,-0.5645031054939627,0.9821447009611566,-0.2554195515405338,0.3420257513176083,-0.06241326998481709,0.020070520267781264,0.9843668145105594,-0.24561854611329514,0.04193714599140439,-0.21277066635146694,0.0007159318269287234,0.28240251048259746,-0.21983164180095932,-0.4793134287396877,-0.3734891846783571,-0.40012603277499903,1.340858316461151,0.9463469213986443,-0.022016067670745015,0.2336615097730588,0,0,0,1,0,0,1,1,0,2022
1.0145823806607863,-0.259634960396918,0.010782205784398832,0.2982032342229849,1.1053950172026494,-0.0785027127708273,-0.21692819839486036,0.7392936096724493,-0.24222566885685262,0.7285175603526275,-0.3353458149348653,-0.7209693293028917,-0.9438833006795896,1.4569549089685194,-0.2564892610778458,-0.9601934449286202,-0.9752913640526532,0.020070520267781264,0.9843668145105594,-0.24561854611329514,-0.8669306849872183,-0.6961462640517683,-0.25701835700989256,-0.9702663780190837,-0.9179807438755511,-0.4793134287396877,-0.3734891846783571,-0.40012603277499903,1.340858316461151,0.9463469213986443,0.31020991278156723,0.2336615097730588,0,0,0,1,0,0,1,1,0,2023
-0.048061362355669116,-0.2743399872993852,0.9224636647702035,-1.9587368799160814,0.2285459473073285,-0.0785027127708273,-0.25303523480357937,2.184719482715844,-0.2764093130520199,0.5968290866482326,-0.014730859116148689,-0.008355913080581766,-0.9082438744099314,0.0898153372777928,-0.2820201607341114,1.445255835249719,1.4107383358347967,-0.3440962119398806,-1.130014626929482,-0.2795919757949727,1.1357675530990072,1.229995077038276,0.9158594211749729,1.0837181180097615,1.0665907287348086,0.7274664864062099,0.5431867842697162,0.7229073739479589,-1.7301600241489308,-0.26147540029857697,-0.2108140918044379,0.2336615097730588,1,1,0,0,0,0,1,0,1,2020
-0.048061362355669116,-0.2743399872993852,0.9418077832892222,-1.5662255557179827,0.608077634276945,-0.0785027127708273,-0.25393979521465376,1.556142434163998,-0.2764093130520199,0.498062731369936,-0.014730859116148689,0.005364549962594459,-0.9048746009180519,0.3293157819050085,-0.28205506967006094,1.0648051779857435,1.4107383358347967,-0.3440962119398806,-1.130014626929482,-0.28034694089900997,-7.902725810895421,-6.221130637178492,-6.646115727648474,-8.18623822590991,-7.201117956755305,0.7274664864062099,0.5431867842697162,0.7229073739479589,-1.7301600241489308,-0.26147540029857697,-0.21593651881581713,0.2336615097730588,1,1,0,0,0,0,1,0,1,2021
-0.048061362355669116,-0.2743399872993852,0.988158039510861,-1.7624812178170322,0.24163324685800466,-0.0785027127708273,-0.25431669538593477,1.0256905245223438,-0.2760456572627096,1.123582981465813,-0.014730859116148689,0.011323418489329138,-0.6422958867842461,-0.7469320633150613,-0.28207003064261077,0.6521746050491979,1.4107383358347967,-0.3440962119398806,-1.130014626929482,-0.28034694089900997,-2.3689543635518944,-2.814901739250827,-3.1892128024720416,-2.5107547500407246,-2.1392554962511543,0.7274664864062099,0.5431867842697162,0.7229073739479589,-1.7301600241489308,-0.26147540029857697,-0.21813184467783683,0.2336615097730588,1,1,0,0,0,0,1,0,1,2023
-1.1064943479945901,-0.21184362296389983,0.5203333317509182,0.2982032342229849,0.9352601230438558,-0.0785027127708273,-0.15368434965390992,0.12285197588342099,-0.19040471888013635,0.10299731025675049,-0.7012811374814715,0.6795330348484944,-0.6908882978115743,0.5751167169860616,-0.20343017192991392,0.6627430183894905,-0.15534670521454141,-0.09243119541057447,1.337075268191846,-0.20258553518317027,1.0395595004850613,1.0634405022499018,0.859515292615109,0.9850463137887681,1.0225889178036265,0.772162038819021,0.77395835687203,0.7945903573558077,0.9143279913764175,0.34243576055003416,-0.3875378236970225,0.2336615097730588,0,0,0,1,0,0,1,1,0,2020
-1.1064943479945901,-0.22287239314075016,0.1736868173909598,0.2982032342229849,0.08458565224988754,-0.0785027127708273,-0.17961508143804217,-0.8517167973486797,-0.1829497751992754,0.498062731369936,-0.5385930504113337,0.7662381599812766,-0.3674380425911464,0.8890471055827486,-0.20413583113518036,0.6652005094227906,-0.15534670521454141,-0.09243119541057447,1.337075268191846,-0.19975441604303046,0.992299404464171,1.064414505611232,0.8318374750769322,0.8630048717259591,1.000973993135679,0.772162038819021,0.77395835687203,0.7945903573558077,0.9143279913764175,0.34243576055003416,-0.4021733294438204,0.2336615097730588,0,0,0,1,0,0,1,1,0,2021
-1.1064943479945901,-0.22654864986636697,0.07445087779920558,0.20007540317346031,-0.15098573966228837,-0.0785027127708273,-0.15006610800961243,0.31366428180683137,-0.1902228909854812,0.10299731025675049,-0.21038849659398212,1.0249766975548729,-0.13915104533024708,0.7371819073093268,-0.2036969759403857,0.3420257513176083,-0.06241326998481709,0.4571905729343766,1.3104659700111105,-0.20069812242307705,0.28288021550911935,0.18775172560182637,0.2694574554882238,0.20898954684819565,0.011087165907124934,0.772162038819021,0.77395835687203,0.7945903573558077,0.9143279913764175,0.34243576055003416,-0.439493869098155,0.2336615097730588,0,0,0,1,0,0,1,1,0,2022
0.0342925124105741,0.008731780573107301,0.944957094688303,0.9850980515696572,0.1500221500032697,-0.6260720215550183,-0.010688424669901652,-0.6843154597567168,-0.003485643174647475,-0.6212892951174238,0.11316551901657562,0.6325237621771339,-0.2574499812673481,-0.6126810407325948,0.008905924478812527,0.41389305576347385,-1.2612826066912641,0.3622537767233684,0.05169282544650379,-0.0034634889933379746,0.6516562262487954,0.7370012689008917,0.4822418096231684,0.5726061895870289,0.5977147863688999,-1.0603556101062304,-0.905545865955911,-1.1408501946560992,-0.06669175631846973,0.0836166916149151,-0.3791224078926137,0.2336615097730588,0,0,0,0,0,0,1,0,0,2020
0.0342925124105741,0.0344655776524248,1.1622823293593094,1.4757372068172803,-0.6744777216893457,-0.6733280567511291,-0.028779632891389257,-0.925453115523795,0.017970048394659613,-0.3249902292825343,0.00030621146700218825,0.7267901294138533,-0.004305232910804782,-0.7321744688192253,0.011426848353456972,0.3998974830995216,-1.2612826066912641,0.3622537767233684,0.05169282544650379,-0.00648334940948709,0.48006012801503795,0.5839717915162198,0.5412113694731582,0.4932310497250684,0.5106877979354175,-1.0603556101062304,-0.905545865955911,-1.1408501946560992,-0.06669175631846973,0.0836166916149151,-0.39558735185776134,0.2336615097730588,0,0,0,0,0,0,1,0,0,2021
-0.3481975692124288,3.556319520793305,1.651042406288346,1.0832258826191818,-0.9623983118042272,-1.2889542924125723,1.660110034618735,-1.2979465766372635,2.8415754244944034,-0.12745751872594155,0.20792772142741198,0.590847340316464,1.6040361866239206,-0.9162356642958728,2.827937151160095,0.12676883909443656,-1.5836437640488985,1.4656782080322155,-0.6145194600180863,2.5785171668141555,0.09270104611629294,-0.2533644767568332,-0.09406291474661121,0.048716222674705975,-0.16076266673336265,-2.5084915082813084,-2.72607716092971,-2.5267212072078364,-1.260976666555724,-1.6418437679525442,-0.37107287973187486,0.2336615097730588,0,1,0,0,0,0,0,0,0,2020
-0.4004146596745382,3.684988506189893,1.699589535624488,1.1813537136687065,-1.17179510461505,-1.2398103044566564,1.4565085620927432,-1.5551119561569053,2.5415593983134146,-0.6871335319696211,0.29061225302843285,0.7493062639412328,1.9360968074347071,-0.7704470669171481,2.8908006643190083,0.13415803871353438,-1.5836437640488985,1.4656782080322155,-0.6145194600180863,2.657977244014079,-0.05368314896221499,-0.02400360584675744,-0.09198789595726732,-0.09812458759160173,-0.14334559495152485,-2.5084915082813084,-2.72607716092971,-2.5267212072078364,-1.260976666555724,-1.6418437679525442,-0.39924622829446077,0.2336615097730588,0,1,0,0,0,0,0,0,0,2021
-0.4526317501366476,3.8357150319401807,1.7558989996879086,1.279481544718231,-1.5251521924833138,-1.224473307785402,2.3458422062473714,-0.4210807453109858,2.5719246567208236,-0.7200556503957198,0.5415560342442867,0.935152404051226,2.079478112700244,-0.736949572562249,2.957000474356531,0.3420257513176083,-0.06241326998481709,1.7200052044767236,-0.7063948790971198,2.81859606989801,-1.27464899751806,-1.208509257866456,-0.8871679642214156,-1.4020651921490217,-1.387647694485916,-2.5084915082813084,-2.72607716092971,-2.5267212072078364,-1.260976666555724,-1.6418437679525442,-0.42741957685704673,0.2336615097730588,0,1,0,0,0,0,0,0,0,2022
-0.504848840598757,3.8099812348608633,1.668956748619789,1.6719928689163295,-1.1456205055136972,-1.224473307785402,1.6911666087322885,-1.2761417967506279,2.5939258319740963,-0.7858998872479178,0.5064739201615619,1.1878028134771177,2.222784545221517,-0.7736829014048351,2.9685977215780652,0.04575340935779888,-1.5836437640488985,1.7200052044767236,-0.7063948790971198,2.81859606989801,-1.5506077809366754,-1.033647255016173,-0.7605620020039406,-1.5504414787479448,-1.3953883405406735,-2.5084915082813084,-2.72607716092971,-2.5267212072078364,-1.260976666555724,-1.6418437679525442,-0.4592518018563322,0.2336615097730588,0,1,0,0,0,0,0,0,0,2023
0.15220361352550235,-0.27066373057376836,-1.010640355861497,-0.09430808997511356,0.5164665374222099,-0.0785027127708273,-0.2291397639443645,-0.16245972485302676,-0.2311341672828888,1.2552714551702089,0.42375087573798104,-0.4311924366744882,-0.5350781169982154,0.9774047119623227,-0.24868711389311537,0.3420257513176083,-0.06241326998481709,-0.24540670740690232,-1.0342657241022704,-0.26222777840211525,-0.297982321894542,-0.6085943849113131,-0.39029992271270564,-0.3867480552836178,-0.5363323837581667,1.505169098389123,1.5624278965965963,1.5592088470395247,0.5304506988001574,0.7738008754418982,0.012743258477899989,0.2336615097730588,0,0,0,1,0,0,1,1,0,2022
0.15220361352550235,-0.27066373057376836,-1.018576098498849,0.20007540317346031,0.6211649338276215,-0.0785027127708273,-0.2333610458627116,-0.6830385388270478,-0.22967954412564764,1.3869599288746037,1.0946165948032496,-0.1899610004542533,-0.618636099596826,1.0034903138688644,-0.2513202450618835,0.7080782778889237,0.6897313866408714,-0.24540670740690232,-1.0342657241022704,-0.26222777840211525,-1.7775325401170543,-1.6014326943640946,-1.2393034962397078,-1.4324128896255772,-1.1775016287553643,1.505169098389123,1.5624278965965963,1.5592088470395247,0.5304506988001574,0.7738008754418982,-0.13288002370273908,0.2336615097730588,0,0,0,1,0,0,1,1,0,2023
0.5476861292905295,-0.259634960396918,-0.6540256835740756,-0.6830750762722613,0.5033792378715334,-0.0785027127708273,-0.2286874837388273,-1.228264225769499,-0.2056782620311685,1.419882047300703,-0.16137307183128216,-0.6576278806605074,-0.8079143970961875,0.22184988425996785,-0.23169892956279628,-1.027114485948458,0.7180527855162538,-0.15301720269906965,-1.1713403467561168,-0.2450523222852672,0.14252652408862945,0.08366804408184905,0.21783094589896548,0.1669092488308926,0.15805131274688303,2.068333058790542,2.2611529358647102,2.1924085338088526,0.8716749588679441,0.8600738984202713,0.22715341766848918,0.2336615097730588,0,0,0,1,0,0,1,1,0,2020
0.5476861292905295,-0.2633112171225348,-0.8314130254938038,-0.5849472452227367,0.6996887311316798,-0.0785027127708273,-0.2189634593197777,-0.39744768119274065,-0.20931481992427142,1.123582981465813,0.5983463951699557,-0.5504119280167099,-0.4509211524454929,0.11791892076987978,-0.2319607465824181,0.3420257513176083,-0.06241326998481709,-0.15301720269906965,-1.1713403467561168,-0.24561854611329514,-0.21220241484364194,-0.325734467688296,-0.3472397245625652,-0.11443950467372363,-0.08422586484989412,2.068333058790542,2.2611529358647102,2.1924085338088526,0.8716749588679441,0.8600738984202713,0.11263058519979563,0.2336615097730588,0,0,0,1,0,0,1,1,0,2022
-0.5534053737533147,-0.23390116331760052,-0.43566783276759785,0.49445889632203416,-0.19024763831431732,2.673300663546858,-0.178409000889943,-0.9264127520727324,-0.14894795889876333,0.9589723893353189,-0.6881845670794022,-1.2093188631714853,-0.47001370223280986,-0.09351315775987777,-0.18291618506868754,0.5206685764204607,0.7550761751509574,0.45743698632054336,0.056460249184235055,-0.1906948347945831,0.21274178099095026,0.27684117379391576,0.11923154411080246,0.2865280957886659,0.22227875264939856,0.709588265441085,0.5431867842697162,0.7348545378492674,-0.3652629838777835,-0.002656331363457912,2.254170963599998,0.2336615097730588,0,0,1,0,0,0,1,0,0,2020
-0.5534053737533147,-0.23390116331760052,-0.4351159108172557,0.6907145584210834,-0.19024763831431732,1.7173088523748488,-0.15722721126395126,-0.16478805733461563,-0.16367601836583007,0.30053002081334323,-0.7278272458583744,-1.2658837647537893,-0.13128940718252835,-0.08223209535657387,-0.18168689182417744,0.5608470207797308,0.7550761751509574,0.45743698632054336,0.056460249184235055,-0.19182728245063904,0.04540962347428386,-0.028417265807220957,-0.2974174804807046,-0.03456232982816597,0.11908506668339844,0.709588265441085,0.5431867842697162,0.7348545378492674,-0.3652629838777835,-0.002656331363457912,3.054001352662503,0.2336615097730588,0,0,1,0,0,0,1,0,0,2021
-0.5534053737533147,-0.23390116331760052,-0.4479223646663771,0.5925867273715588,-0.6221285234866397,1.1693680069181445,-0.16589591520341407,-0.49271748595507364,-0.1573120420529,0.5309848497960353,-0.01708486327586441,-1.320828240984239,0.25452984400980155,0.1039559827650393,-0.18065707821366492,0.3420257513176083,-0.06241326998481709,0.9359444091730583,0.012864450590271177,-0.18522133779031286,-0.010150016251825822,-0.21277066635146694,-0.2433223319992334,-0.038123732528284895,0.018394723113064306,0.709588265441085,0.5431867842697162,0.7348545378492674,-0.3652629838777835,-0.002656331363457912,4.377416959816703,0.2336615097730588,0,0,1,0,0,0,1,0,0,2022
1.0295392571646707,-0.27066373057376836,0.516434450676035,-1.7624812178170322,-0.3080333342704055,-0.0785027127708273,-0.24406501072709177,0.9141490699059571,-0.27331823884288237,-0.9505104793784119,-0.7640852728879672,0.9489573315708638,-0.07221481195824185,-0.24912459833903597,-0.27664418459787654,-0.11049997561892289,1.4107383358347967,-2.7026142730947806,1.3237568662530468,-0.2754396677227677,1.1357675530990072,0.46474432801060966,0.9158594211749729,1.0837181180097615,1.0665907287348086,0.34308473565603526,0.3636977833568067,0.26891514569825237,-0.10934478882694312,0.6875278524635252,-0.4292490150753965,0.2336615097730588,0,0,0,0,0,0,1,0,1,2020
0.733289004085484,-0.27066373057376836,0.5119974456995682,-1.9587368799160814,-0.4912555279798754,-0.0785027127708273,-0.2476832523713893,-0.2441791986080676,-0.27240909936960667,-0.5554450582652258,-1.4278631985120862,0.958253549794205,0.3052186918765214,0.29552261572370664,-0.27667909353382614,0.1710483498653216,1.4107383358347967,-2.7026142730947806,1.3237568662530468,-0.2784595281389168,1.1357675530990072,1.229995077038276,0.9158594211749729,1.0837181180097615,1.0665907287348086,0.34308473565603526,0.3636977833568067,0.26891514569825237,-0.10934478882694312,0.6875278524635252,-0.43071256565007626,0.2336615097730588,0,0,0,0,0,0,1,0,1,2021
0.4370387510062975,-0.27066373057376836,0.5197754430767884,-1.8606090488665568,-0.7268269198920513,-0.0785027127708273,-0.24459267096688517,0.8690065812799811,-0.2735000667375375,-1.1809653083611034,-0.3342496222938733,0.9811296055075626,0.3565065216973532,-0.0640470173457627,-0.2767638723782751,0.3420257513176083,-0.06241326998481709,-1.4817477935311876,1.3435070353378493,-0.2754396677227677,0.6976773135176408,0.21877087296599163,0.4027253932190916,0.6344090095034468,1.0665907287348086,0.34308473565603526,0.3636977833568067,0.26891514569825237,-0.10934478882694312,0.6875278524635252,-0.43363966679943583,0.2336615097730588,0,0,0,0,0,0,1,0,1,2022
0.14078849792711096,-0.27066373057376836,0.538914828385849,-1.9587368799160814,-0.21642223741567054,-0.0785027127708273,-0.2434619704530422,1.3268995153731153,-0.2745910341054684,-1.6747970847525855,-0.32629924866690846,1.2509200635355429,-0.41116372524131534,-0.1281563317176821,-0.27765654374041426,0.2697833695053772,1.4107383358347967,-1.4817477935311876,1.3435070353378493,-0.2754396677227677,1.1357675530990072,1.229995077038276,0.9158594211749729,1.0837181180097615,1.0665907287348086,0.34308473565603526,0.3636977833568067,0.26891514569825237,-0.10934478882694312,0.6875278524635252,-0.4665695547297311,0.2336615097730588,0,0,0,0,0,0,1,0,1,2023
-0.7983387899733949,-0.23390116331760052,0.12964792079649737,-0.5849472452227367,1.6288869992297068,-0.0785027127708273,-0.1921281671245711,-0.6140410601959722,-0.23695265991185344,-1.971096150587475,2.3997314957895948,-0.15115213642638675,-1.1310651613395595,0.3687566803145795,-0.21885742812420192,0.5925369982919829,-0.7626227353823993,-1.0364230939446002,0.8481743892640532,-0.21013518622354305,0.3691096338316228,0.6401142913294476,0.46686714671358076,0.3629514231142206,0.42375177216210186,-1.1318684939667287,-0.5914401143583198,-1.1289030307547925,1.1702461864272575,0.8600738984202713,-0.15117440588623646,0.2336615097730588,1,0,0,1,0,0,1,1,0,2020
-0.7983387899733949,-0.2375774200432173,0.008308252934013702,-0.3886915831236874,0.9614347221452085,-0.0785027127708273,-0.18911296575432315,-0.4011621039201751,-0.21386051729065003,-0.423756584560831,2.3997314957895948,0.18742605751514088,-0.7593219860688594,0.9965791492510857,-0.21911924514382375,0.632990456742369,-0.7626227353823993,-1.0364230939446002,0.8481743892640532,-0.21107889260358964,0.4525685971949068,0.3698144882578042,0.3338744983288141,0.31932388784205934,0.38484115177576494,-1.1318684939667287,-0.5914401143583198,-1.1289030307547925,1.1702461864272575,0.8600738984202713,-0.2759420923776885,0.2336615097730588,0,0,0,1,0,0,1,1,0,2021
-0.7983387899733949,-0.2412536767688341,-0.12514833925990002,-0.5849472452227367,1.0661331185506202,-0.0785027127708273,-0.18051964184911656,0.07808933836765711,-0.2116785825547883,-0.2591459924303369,2.3998906153868798,0.2707013454638984,-0.4160304536184745,1.091348624067766,-0.21911675164839878,0.3420257513176083,-0.06241326998481709,-0.4763518659861598,0.8009382813161158,-0.20749280835941256,0.3755884331493791,0.4324097893192993,0.2682987323743181,0.3749488200843147,0.3080242980339059,-1.1318684939667287,-0.5914401143583198,-1.1289030307547925,1.1702461864272575,0.8600738984202713,-0.2993589015725652,0.2336615097730588,0,0,0,1,0,0,1,1,0,2022
-1.2169393912927313,-0.22287239314075016,-0.3829447426206912,-1.1737142315198843,0.8305617266384442,-1.6103722128952862,-0.13566852146667852,-0.6817132351248835,-0.14931161468807364,-0.061613281873743576,1.0931258394685217,0.02074978777930263,-0.7335657620420475,0.8319152893290027,-0.1635541930937972,-0.06392994385715546,-1.434957547512719,-0.7709937210611808,1.2603026315475594,-0.13520489964784313,0.5093917211869279,0.5070773481695813,0.5897827622753546,0.5840608966353671,0.4299687833475244,-1.1318684939667287,-0.5914401143583198,-1.1289030307547925,1.2555522514442041,0.9463469213986443,-0.22142483347086636,0.2336615097730588,0,0,0,1,0,0,1,0,0,2021
-1.2169393912927313,-0.2155198796895166,-0.22656660807692608,-1.271842062569409,0.2285459473073285,-1.684662462873673,-0.1318995197538686,-0.5242488064902198,-0.1496752704773839,-0.061613281873743576,1.5344088268459275,0.06611389748169146,-0.036350767455791626,0.7399434139719442,-0.16354671260752232,0.3420257513176083,-0.06241326998481709,-0.8259255992523842,1.198996979793104,-0.13709231240793632,-0.5616891454355661,0.15804461528019753,0.24061255409986693,-0.4272743931028436,-0.5447027394369763,-1.1318684939667287,-0.5914401143583198,-1.1289030307547925,1.2555522514442041,0.9463469213986443,-0.23752388979234404,0.2336615097730588,0,0,0,1,0,0,1,0,0,2022
-1.2169393912927313,-0.2155198796895166,-0.22664604008734698,-0.6830750762722613,0.6866014315810037,-1.684662462873673,-0.11041620999085208,0.07356929312116696,-0.14622054047893615,0.03715307340455251,1.5444814415564778,0.20739377175666474,-0.32191541407864166,0.569215691703813,-0.16719718990967805,-0.15511342923627644,-1.434957547512719,-0.8259255992523842,1.198996979793104,-0.13709231240793632,-0.8210786573796377,-0.6520470162129305,0.1518430250456888,-0.6630788887680953,-0.8559699320396382,-1.1318684939667287,-0.5914401143583198,-1.1289030307547925,1.2555522514442041,0.9463469213986443,-0.28179629467640765,0.2336615097730588,0,0,0,1,0,0,1,0,0,2023
-1.0552118157547026,-0.2412536767688341,-0.8439114472273964,0.20007540317346031,-0.2295095369663467,0.5100319484381165,-0.11659737279986035,0.07887400324480001,-0.12312839785773277,0.39929637609163937,-0.11196812145227172,-0.8826405773701904,-0.27549431263496915,-0.5424453226877729,-0.1461146860915586,0.7157518991011226,0.619466777854066,-0.3586539665946362,-0.15550668118020614,-0.17446308505778163,-0.2661212135613533,-0.6306574584547079,-0.5619665793379505,-0.31812630052992485,-0.37604007250887667,0.7900402597841459,0.3701081048179831,0.8901676685662734,-0.4932220814032032,0.0836166916149151,0.6014564771428453,0.2336615097730588,0,0,1,0,0,0,1,0,0,2020
-0.9598594344647232,-0.24492993349445089,-0.9205789999334709,0.20007540317346031,-0.3996444311251405,0.46252810353469065,-0.12556759687634794,-0.19687840890131644,-0.12258291417376734,0.33345213923944195,0.266125515435661,-0.8098983885006112,0.05409550761510582,-0.4677750392623718,-0.14469090020390085,0.721187228701927,0.619466777854066,-0.3586539665946362,-0.15550668118020614,-0.1637048323252504,0.04019259988755764,-0.1699133904812397,-0.1840642368357063,0.16073545173204695,0.20760800816441027,0.7900402597841459,0.3701081048179831,0.8901676685662734,-0.4932220814032032,0.0836166916149151,0.45290609381284674,0.2336615097730588,0,0,1,0,0,0,1,0,0,2021
-0.8645070531747439,-0.25228244694568447,-1.0584215070314211,0.39633106527250955,-0.6352158230373164,0.19650282522824708,-0.09473716286556282,0.618823678341577,-0.12149194680583647,0.30053002081334323,0.5935717146051065,-0.7433989936010709,0.22907311096004568,-0.4967795930918209,-0.14233953401815436,0.3420257513176083,-0.06241326998481709,0.2953539260109085,-0.18674664349571365,-0.15577769873285896,-0.5781854938110876,-0.7869123765634142,-0.6980525352451589,-0.5017890922809966,-0.5626818047854588,0.7900402597841459,0.3701081048179831,0.8901676685662734,-0.4932220814032032,0.0836166916149151,0.34277391306819255,0.2336615097730588,0,0,1,0,0,0,1,0,0,2022
-0.7691546718847645,-0.25595870367130125,-1.1308008499354791,0.2982032342229849,-0.451993629327846,0.19650282522824708,-0.12534145677357936,-0.20601207044399025,-0.13040151364393857,-0.061613281873743576,0.5630191308490213,-0.5701211230162933,0.3816637637700531,-0.580758102504041,-0.13300887413791743,0.5413002776865963,0.619466777854066,0.2953539260109085,-0.18674664349571365,-0.15577769873285896,-0.2581559364780541,-0.539647280088206,-0.6352047996916569,-0.2744207781570433,-0.3678433065927179,0.7900402597841459,0.3701081048179831,0.8901676685662734,-0.4932220814032032,0.0836166916149151,0.1316567426706329,0.2336615097730588,0,0,1,0,0,0,1,0,0,2023
-0.054110969110210495,-0.013325759780593412,1.3961320326395128,0.9850980515696572,-0.15098573966228837,-0.27895447870845763,-0.03827751720767025,-0.4885132828215992,-0.06621626683067244,-0.6871335319696211,-0.5817929340880467,0.6273041249655003,-0.2385071769685591,0.5075570626799856,-0.056308954865847055,0.6637468629208075,-0.9133178026073483,-0.433252573653039,0.4397053679895459,-0.06291699093627368,0.6190807806754379,0.6999305956524959,0.4451530117552304,0.6519327656854454,0.6289752144036538,-1.17656404637954,-0.9824697234900156,-1.2005860141626397,0.44514463378321056,0.1698897145932881,-0.3780247449616038,0.2336615097730588,0,0,0,0,0,0,1,0,0,2020
-0.1458279705613569,-0.02067827323182698,1.3166455758640894,1.279481544718231,0.006061854945829204,-0.45325963264407987,-0.06413286895754629,-0.8360052283035209,-0.039305738421711006,-0.16037963715204026,-0.837909292259337,0.7955968085477148,0.18811771984764425,0.3083972428451454,-0.05618677359002353,0.6659992602619108,-0.9133178026073483,-0.433252573653039,0.4397053679895459,-0.05272496203177041,0.7015542182927004,0.6035730037191663,0.4835553551448898,0.6606518423896589,0.6694062406834499,-1.17656404637954,-0.9824697234900156,-1.2005860141626397,0.44514463378321056,0.1698897145932881,-0.40656398116785974,0.2336615097730588,0,0,0,0,0,0,1,0,0,2021
-0.23754497201250332,-0.024354529957443766,1.2746383487192647,1.279481544718231,0.24163324685800466,-0.3442943336642367,-0.026216711726678513,-0.2449011760514976,-0.04039670578964187,-0.19330175557813895,-0.520575076379646,0.8477410310928315,-0.09347867132921443,0.3288176738067923,-0.056555810912919065,0.3420257513176083,-0.06241326998481709,-0.23059919483281938,0.39198912660793955,-0.04725146502750015,0.6675018032394199,0.5720699517331725,0.5104622472214678,0.6034607472577813,0.5451418821810847,-1.17656404637954,-0.9824697234900156,-1.2005860141626397,0.44514463378321056,0.1698897145932881,-0.4146135093285986,0.2336615097730588,0,0,0,0,0,0,1,0,0,2022
-0.32926197346364977,-0.02803078668306055,1.2385739784667729,1.4757372068172803,-0.08554924190890621,-0.3442943336642367,-0.03503617573465372,-0.32654026777761064,-0.02439585105998913,0.10299731025675049,-0.3330931069747226,0.9951074734856019,0.1729934255063187,0.35131778647102757,-0.05897948846598969,0.584525952504818,-0.9133178026073483,-0.23059919483281938,0.39198912660793955,-0.04725146502750015,0.5196908753738264,0.5189638878071872,0.3746525898959487,0.4969969861844766,0.6036837850372841,-1.17656404637954,-0.9824697234900156,-1.2005860141626397,0.44514463378321056,0.1698897145932881,-0.4354691050177856,0.2336615097730588,0,0,0,0,0,0,1,0,0,2023
-0.1681376500636331,-0.20449110951266625,-0.48733518572435675,0.39633106527250955,0.7520379293343858,-0.0785027127708273,-0.1655943950663893,-0.7672344905559558,0.008878653661902373,2.4733898369358647,-1.5314316058847426,-0.37246087641102166,-0.8348685850312232,-0.8431451859190615,-0.10506925790113107,-2.513617121143204,-0.3128888379413412,0.6596426210065187,-2.320592378540533,-0.16219490211717583,0.42303358533972873,0.14764501151749318,0.212850110703312,0.3527320454551547,0.24307059754575408,1.505169098389123,1.5624278965965963,1.5592088470395247,0.1039203737154234,0.1698897145932881,-0.028602045256804067,0.2336615097730588,0,0,0,0,0,0,1,0,0,2020
-0.012273912579200602,-0.20081485278704947,-0.43923108562943514,0.6907145584210834,-0.020112744155524036,-0.0785027127708273,-0.17117251760134797,-0.9013531757700459,-0.07167110367032678,0.3663742576655412,-1.2712999970713552,-0.2882856740666117,-0.5475069925460374,-0.2446064573123029,-0.1038449516474709,-2.4697321272168526,-0.3128888379413412,0.6596426210065187,-2.320592378540533,-0.16238364339318517,0.11519253097026581,0.006818279792451211,0.18023047869742934,0.19804000332212177,-0.010573602860475597,1.505169098389123,1.5624278965965963,1.5592088470395247,0.1039203737154234,0.1698897145932881,-0.0805580906579366,0.2336615097730588,0,0,0,0,0,0,1,0,0,2021
0.1435898249052319,-0.20081485278704947,-0.4465011656442461,0.6907145584210834,-0.2295095369663467,-0.0785027127708273,-0.1513475685919678,-0.19065187840760783,-0.08221712156032518,0.03715307340455251,-0.9540949355783876,-0.18231796821084034,-0.885707178386471,-0.4899876064357914,-0.10585720245542152,0.3420257513176083,-0.06241326998481709,0.9197573538138126,-2.2645031803773907,-0.15200287321267258,-0.22072039252416306,-0.6039470813740013,-0.26442990695101665,-0.1882596425641896,-0.10331523962499457,1.505169098389123,1.5624278965965963,1.5592088470395247,0.1039203737154234,0.1698897145932881,-0.13653890013943856,0.2336615097730588,0,0,0,0,0,0,1,0,0,2022
0.2994535623896644,-0.20081485278704947,-0.4344998465861981,0.8869702205201326,0.2939824450607107,-0.0785027127708273,-0.18195186249998432,-1.1591531250189355,-0.08294443313894577,0.03715307340455251,-0.9769976683387681,-0.16468985310888035,-0.8849584509438311,-0.29840045233727736,-0.0913625135500722,-2.497103291514411,-0.3128888379413412,0.9197573538138126,-2.2645031803773907,-0.15200287321267258,-0.1938210061898825,-0.5025219159526872,-0.4405368205545468,-0.32390762052749394,-0.30654270679239687,1.505169098389123,1.5624278965965963,1.5592088470395247,0.1039203737154234,0.1698897145932881,-0.14495431594384733,0.2336615097730588,0,0,0,0,0,0,1,0,0,2023
-0.2622009644334176,-0.25595870367130125,-1.0836074210586222,0.49445889632203416,-0.3472952329224349,-0.12571055171197903,-0.12579373697911655,-0.033871143275009785,-0.12167377470049161,1.0248166261875176,-0.2408385386742197,-1.4374386937355978,0.3725292889698466,0.7649264931834504,-0.15332836835599617,0.3699937496753653,0.19574213152757963,-0.4450030717681931,0.14331426610697479,-0.15294657959271918,0.5959204119033907,0.3992583225925887,0.49431166226745366,0.6838439969919232,0.35330953931250453,-0.7385476327339916,-0.7196465435818269,-0.7346466220116247,0.6584097963255771,0.1698897145932881,18.673013085645216,0.2336615097730588,0,0,0,1,0,0,1,0,0,2020
-0.2622009644334176,-0.25228244694568447,-1.0283439982591946,0.6907145584210834,-0.5697793252839342,0.24692895378558552,-0.11162229053895126,0.21337169222001742,-0.14531140100566045,-0.028691163447644878,-0.08232189230994137,-1.3987087226488064,0.5233978686617823,0.7074549554785263,-0.1480421580550602,0.39234315268542125,0.19574213152757963,-0.4450030717681931,0.14331426610697479,-0.14407573962028114,0.538932706857561,0.7224408030352946,0.5479272116291439,0.47159917889232966,0.5206527672455221,-0.7385476327339916,-0.7196465435818269,-0.7346466220116247,0.6584097963255771,0.1698897145932881,9.34178050913055,0.2336615097730588,0,0,0,1,0,0,1,0,0,2021
-0.2622009644334176,-0.24860619022006766,-0.9796976721400855,0.5925867273715588,-0.6744777216893457,0.11953050831531455,-0.0958678633794058,0.49020423357858456,-0.15458462363307282,-0.5225229398391271,1.0992651229285781,-1.4018064963237866,1.0952758893501222,0.5789074753176899,-0.1425415071475769,0.3420257513176083,-0.06241326998481709,0.43258931808363477,0.11230564312914212,-0.13765853623596427,0.3531179962518114,0.6046490661764126,0.5280182417629132,0.2810260174144375,0.24054446217401335,-0.7385476327339916,-0.7196465435818269,-0.7346466220116247,0.6584097963255771,0.1698897145932881,9.745354580098502,0.2336615097730588,0,0,0,1,0,0,1,0,0,2022
-0.048061362355669116,-0.27066373057376836,-0.8833291162484536,-1.1737142315198843,-0.8838745145001684,-0.0785027127708273,-0.22499386206027358,-0.2749925276277279,-0.25604458885064363,-1.0163547162306092,-0.8600699108801526,0.378099598745547,0.49150207960532344,-0.6540772474321123,-0.2558808481941532,0.07855530272119335,-0.8734529192485391,-0.3209698760031175,1.3782210614062025,-0.25260197332564,0.8171564697671071,1.0461361308433184,0.7292652291910192,0.9203329876438316,0.9208704457809024,-0.27371388764075727,-0.32861693445013107,-0.12534126304491375,-0.10934478882694312,0.6875278524635252,-0.3260686995604713,0.2336615097730588,0,0,0,0,0,0,1,1,0,2021
-0.048061362355669116,-0.27066373057376836,-0.8980747553285067,-1.0755864004703597,-1.0670967082096385,-0.0785027127708273,-0.21617439805229838,0.4858361600678779,-0.25731738411322963,-1.2468095452133012,-2.157397983197559,0.5471270564145537,0.18160379109667732,-0.9958318582020139,-0.2556339921470812,0.3420257513176083,-0.06241326998481709,0.22875989375193592,1.5025069207322486,-0.24826092397742563,-0.08326615704043591,-0.0010604757453628049,0.0234524160343193,0.14602954373572297,-0.048486219086395194,-0.27371388764075727,-0.32861693445013107,-0.12534126304491375,-0.10934478882694312,0.6875278524635252,-0.36265746392746606,0.2336615097730588,0,0,0,0,0,0,1,1,0,2022
-0.14647553442296915,-0.20081485278704947,0.7150640751196747,0.2982032342229849,-0.3996444311251405,0.8547969208534787,-0.1837609833221331,-0.2906774664697297,-0.1747675199397939,0.6297512050743308,-0.8403414126285199,-0.1463332040397613,-0.037398985875487456,-0.4864230933126773,-0.19825616892310163,0.6359385922235663,-0.06241326998481709,-0.1272710007801225,-0.5783841913039137,-0.21409875301973877,0.6210881107936341,0.7019898982219789,0.5809467688960808,0.731811683375449,0.7004218125942183,0.25369363083041313,0.30600489020622956,0.32865096520479276,0.2318794712408436,-0.17520237732020394,-0.15336973174825613,0.2336615097730588,0,0,0,0,0,0,1,1,0,2020
-0.08758500580680703,-0.20081485278704947,0.7109265250932925,0.788842389470608,-0.6613904221386692,0.8547969208534787,-0.17629835993076945,0.001381490075465609,-0.18349525888324086,0.13591942868284917,-1.3349066769727014,-0.05086917955632704,0.31502702137510386,-0.12236263434593357,-0.196326203464175,0.7060309480045114,-0.06241326998481709,-0.1272710007801225,-0.5783841913039137,-0.21692987215987855,0.8298691314461856,1.0181675629682707,0.7008805765450768,0.7699860721699435,0.786778714085161,0.25369363083041313,0.30600489020622956,0.32865096520479276,0.2318794712408436,-0.17520237732020394,-0.19434914783929025,0.2336615097730588,0,0,0,0,0,0,1,1,0,2021
-0.028694477190644895,-0.19713859606143266,0.7738344398251951,1.3776093757677557,-0.36038253247311103,0.8547969208534787,-0.17705216027333143,0.02567008355420577,-0.20004159729685903,-0.7529777688218191,0.045364792068342964,0.25924248006487327,0.8812147134993807,-0.037013954055300245,-0.1963037620053503,0.6765982069043565,-0.06241326998481709,-0.1272710007801225,-0.5783841913039137,-0.21692987215987855,-0.06096675990373754,-0.22792166162419003,-0.17437656234103566,-0.21185069350978863,-0.332166025256359,0.25369363083041313,0.30600489020622956,0.32865096520479276,0.2318794712408436,-0.17520237732020394,-0.29606591277953564,0.2336615097730588,0,0,0,0,0,0,1,1,0,2023
-0.0344735480448637,0.04917060455489194,-0.3119015729247924,-0.2905637520741628,1.5765378010270013,-0.6400017244381705,0.5327262422830323,-0.6886494207460306,0.17797859569118707,-1.8394076768830796,1.798454884961188,-0.3566403902499081,-0.742176127632406,1.5684978136648466,0.4021825164004709,0.6166357406560097,-1.6743554256406166,-0.8481656001110609,2.3123311583301374,0.5369027842213443,1.0019995410130913,0.945925987650033,0.8218501336105386,0.9574999867652416,0.7582421605300504,-1.4089809189261564,-0.9824697234900156,-1.4992651116953417,1.1702461864272575,0.9463469213986443,-0.0388468992795626,0.2336615097730588,0,0,0,1,0,0,1,0,0,2020
-0.04458157605126188,0.038141834378041584,-0.35733519120457885,-0.09430808997511356,0.8043871275370914,-0.8625582776837808,0.6513744162022885,-0.22020079753156596,0.5154511681711359,0.3663742576655412,1.7085646245780206,-0.2871508637390578,-0.1688755248030503,1.6037850297272866,0.4040326900057985,0.5900037753488299,-1.6743554256406166,-0.8481656001110609,2.3123311583301374,0.5144425723762353,0.8741303266823598,0.9490994647959814,0.7804490526866154,0.8403423509021732,0.6992541821218351,-1.4089809189261564,-0.9824697234900156,-1.4992651116953417,1.1702461864272575,0.9463469213986443,-0.0812898659452765,0.2336615097730588,0,0,0,1,0,0,1,0,0,2021
-0.05468960405766006,0.03078932092680801,-0.38741195413633206,-0.09430808997511356,1.0137839203479146,-0.6815666867976806,0.7376091753913795,0.19046960379030742,0.5061779455437235,0.2676079023872446,1.92449063194977,-0.17920749143517878,0.13151392518406937,1.5874396273770044,0.4065984967980924,0.3420257513176083,-0.06241326998481709,-0.2638084419568865,2.207108402197475,0.5727636266631151,0.9126168467190829,0.8866025138031504,0.781211241843665,0.9103353308242998,0.7820586216660471,-1.4089809189261564,-0.9824697234900156,-1.4992651116953417,1.1702461864272575,0.9463469213986443,-0.13800245071411835,0.2336615097730588,0,0,0,1,0,0,1,0,0,2022
-0.06479763206405824,0.02343680747557444,-0.418467632689469,0.2982032342229849,0.8436490261891209,-0.6815666867976806,0.657630959045553,-0.059492548044079115,0.5276336371130306,0.39929637609163937,2.3026028047881604,0.05933645897594934,-0.2969827902387337,1.59427340673037,0.3823218253405866,0.47524725995671174,-1.6743554256406166,-0.2638084419568865,2.207108402197475,0.5727636266631151,0.8530177957232971,0.7370294768186377,0.7749300167339275,0.8739377005021568,0.6648772856333343,-1.4089809189261564,-0.9824697234900156,-1.4992651116953417,1.1702461864272575,0.9463469213986443,-0.23532856393032436,0.2336615097730588,0,0,0,1,0,0,1,0,0,2023
0.7341133474269751,-0.22654864986636697,-0.26526491396135476,0.20007540317346031,-0.13789844011161176,1.1023322961057709,-0.1370253620832901,0.1881463621239541,-0.16640343678565725,0.07007519183065121,-0.3497327359073835,0.23674528875780815,-0.3691601157092181,0.2832735038665101,-0.1821781104228965,0.6205653659417762,-0.17627890071418978,-0.539919824683737,0.5771829608921306,-0.18276770120219168,0.5915963128057079,0.7066258032115897,0.5440506615470565,0.6651380982552718,0.6517862264260886,-0.7385476327339916,-0.7196465435818269,-0.7346466220116247,0.8716749588679441,0.6875278524635252,-0.2898458228371465,0.2336615097730588,0,0,0,1,0,0,1,0,0,2021
0.7341133474269751,-0.2155198796895166,0.0011336404998026994,0.39633106527250955,0.01914915449650536,0.5118383242889448,-0.13137185951407523,0.4390780807826102,-0.17222192941462186,-0.19330175557813895,-0.2466971631026851,0.3902096652005642,0.12657232406264615,0.45700769923452905,-0.18176668367777649,0.47581045318750226,-0.17627890071418978,-0.539919824683737,0.5771829608921306,-0.18276770120219168,0.2658011198877869,0.3263479159524163,0.15161725187898764,0.2806975836580604,0.23102442541399626,-0.7385476327339916,-0.7196465435818269,-0.7346466220116247,0.8716749588679441,0.6875278524635252,-0.3289958007098309,0.2336615097730588,0,0,0,1,0,0,1,0,0,2023
-1.0137985481512815,-0.27066373057376836,-0.127699113679049,-0.19243592102463816,-0.21642223741567054,-0.0785027127708273,-0.23924068853469507,1.1436516810291868,-0.26459049989943545,0.43221849451773864,0.8281362204861639,-0.19142029700272575,-0.5101454931583074,-0.7176456211907982,-0.2728540715519225,0.2009853944489768,1.4107383358347967,-0.21014401221097745,0.4772925553080674,-0.2744959613427211,-1.2493904179550774,-1.1295280657970344,-1.4787660426191194,-1.0130577216863557,-0.8034862358403367,0.3967193985514088,0.4278009979685602,0.29280947350086917,0.1039203737154234,0.25616273757166114,-0.13214824841539918,0.2336615097730588,0,0,0,0,0,0,1,0,1,2020
-0.9720617209147568,-0.27066373057376836,-0.08291661413257156,-0.9774585694208351,-0.6613904221386692,-0.0785027127708273,-0.23916530850043888,1.4460486415867178,-0.2647723277940906,0.43221849451773864,0.30808378620225124,0.283755675736246,0.2779650129644298,-0.5260580963575957,-0.2731906934342934,0.24225753029963334,1.4107383358347967,-0.21014401221097745,0.4772925553080674,-0.2722310660306092,-0.3288923523670394,-0.46040956260492927,0.0580831356367885,-0.4184496477426787,0.06177325523174297,0.3967193985514088,0.4278009979685602,0.29280947350086917,0.1039203737154234,0.25616273757166114,-0.3026518903655947,0.2336615097730588,0,0,0,0,0,0,1,0,1,2021
-0.9303248936782322,-0.27066373057376836,-0.044552817700478566,-1.0755864004703597,-0.29494603471972886,-0.0785027127708273,-0.2378084678838273,1.9239919389913545,-0.26495415568874575,0.5639069682221334,0.10910208757731012,1.2241468302499279,-0.37387709859784934,-0.4257820386154321,-0.2734649779310401,0.3420257513176083,-0.06241326998481709,0.2568041604555176,0.30763119011008677,-0.27430722006671177,0.5067149013924377,0.5039879561658758,0.9158594211749729,0.43855632118018956,0.778886580338641,0.3967193985514088,0.4278009979685602,0.29280947350086917,0.1039203737154234,0.25616273757166114,-0.46364245358037154,0.2336615097730588,0,0,0,0,0,0,1,0,1,2022
-0.8885880664417076,-0.2743399872993852,-0.7657283466793012,-0.2905637520741628,-0.07246194235822959,-0.0785027127708273,-0.23954220867171988,1.6752843791478704,-0.26586329516202145,0.3663742576655412,-0.6747609098061691,0.7822456268699663,-0.4155063444086266,-0.438509930533213,-0.27351235434411447,0.22277520712337842,1.4107383358347967,0.2568041604555176,0.30763119011008677,-0.27430722006671177,0.7749873557967073,-0.019164233874536644,0.9158594211749729,0.7136988521810336,0.40656356476711036,0.3967193985514088,0.4278009979685602,0.29280947350086917,0.1039203737154234,0.25616273757166114,-0.40473454294951,0.2336615097730588,0,0,0,0,0,0,1,0,1,2023
-0.048061362355669116,0.13004825251846122,1.6107535955943164,0.6907145584210834,-0.21642223741567054,1.1433030552950794,0.022026510197288435,-0.437196908220934,0.12506667834653992,0.6626733235004301,0.17188709204402977,1.34810145808656,-0.012915598501163396,-0.06241100110506974,0.046348251780158715,0.3420257513176083,-0.06241326998481709,0.6627173841343176,-0.28267035717863803,0.005029868427081412,0.14796804259740312,0.1460161282505665,0.17613353532967202,0.1536630920851514,0.14821629860682017,0.8883704750923294,1.293194395227233,0.6631715544414202,0.6157567638171038,-0.43402144625532296,-0.47681440875248965,0.2336615097730588,0,0,0,1,0,0,1,0,0,2022
0.30742515094066075,-0.25595870367130125,0.23328208166009964,1.0832258826191818,0.13693485045259354,-0.0785027127708273,-0.23042122452671987,-0.27984030556381156,-0.24222566885685262,0.498062731369936,-1.103604600974462,-0.2625164314576719,-0.7559527125769798,-0.023809873654996202,-0.25383119495482803,0.48430864719549105,-1.063301537016687,-0.9893954953026328,-0.3871105826079867,-0.2576979877778916,0.7950307000912821,0.8367412198990593,0.5167551772092924,0.73425547806041,0.7549112346389523,0.8615531436446432,0.5239558198861904,0.8423790129610397,0.9996340563933643,0.42870878352840713,-0.0951935964047345,0.2336615097730588,0,0,0,1,0,0,1,1,0,2020
0.5326285968502196,-0.259634960396918,-0.06526480764777762,0.9850980515696572,-0.15098573966228837,-0.0785027127708273,-0.233511805931224,-0.6420601849061174,-0.237679971490474,1.1565050998919122,-1.004015275854925,-0.43218929578586845,-0.9180522039085138,0.31294091364027354,-0.2539583632215015,0.6052791645765818,-1.063301537016687,-0.9893954953026328,-0.3871105826079867,-0.25052581928953743,0.5516472336571899,0.38730824031137967,0.5737700692043864,0.7841787123388859,0.7994368766526435,0.8615531436446432,0.5239558198861904,0.8423790129610397,0.9996340563933643,0.42870878352840713,0.013475033765239884,0.2336615097730588,0,0,0,1,0,0,1,1,0,2021
0.7578320427597784,-0.2633112171225348,-0.3515068208249187,1.1813537136687065,-0.19024763831431732,-0.0785027127708273,-0.2332856658284554,-0.5545489040727251,-0.23677083201719828,1.3211156920224063,-1.7055356798843633,-0.23653457905837735,-0.22892346570276864,0.24065740049530862,-0.25449945172871996,0.3420257513176083,-0.06241326998481709,-0.48852224632512076,-0.43935748617969095,-0.25316819715366795,0.8291043853920546,1.0530308413256284,0.5566656016058604,0.9264599300325532,0.7860791840485379,0.8615531436446432,0.5239558198861904,0.8423790129610397,0.9996340563933643,0.42870878352840713,-0.1090973268641925,0.2336615097730588,0,0,0,1,0,0,1,1,0,2022
0.9830354886693374,-0.2633112171225348,-0.33131095248523684,1.1813537136687065,-0.20333493786499393,-0.0785027127708273,-0.23087350473225707,-0.16741493842690897,-0.23858911096374974,1.123582981465813,-1.3954869036587478,-0.25400936550649655,-0.5027330914761726,-0.14775729628252454,-0.25405311604765035,0.4868315064213194,-1.063301537016687,-0.48852224632512076,-0.43935748617969095,-0.25316819715366795,0.6547272900292775,0.11963124511577831,0.5402318974425677,0.5903590969047947,0.03988180700727943,0.8615531436446432,0.5239558198861904,0.8423790129610397,0.9996340563933643,0.42870878352840713,-0.09958424812877387,0.2336615097730588,0,0,0,1,0,0,1,1,0,2023
0.4049380711663718,-0.24860619022006766,-0.1375020679416462,1.4757372068172803,2.872180456543968,-0.0785027127708273,-0.2238631615464306,-1.3300261597734995,-0.22531567465392416,-0.29206811085643564,-0.014730859116148689,-0.13279370446594405,-1.6217811272457365,1.6139736991643607,-0.23215025223471583,-1.5045269446956961,-0.6615321814927131,-1.5832412662438138,-0.02384291636290306,-0.2403337903850342,0.9224366538246058,0.9837839664815495,0.790922440455285,0.9743211176777936,0.7738830299317417,-1.829119111606581,-1.3670890111605367,-1.8815743565372012,1.340858316461151,0.8600738984202713,-0.15958982169064523,0.2336615097730588,1,0,0,1,0,0,1,1,0,2020
0.4049380711663718,-0.25228244694568447,-0.30639950775226,1.1813537136687065,2.0345932853006765,-0.0785027127708273,-0.2237124014779182,-1.3080521226061095,-0.19822331835030757,1.9795580605443825,-0.014730859116148689,-0.12289509183659778,-1.4233683549461684,1.842737179430117,-0.23254173101643608,-1.5219601066798172,-0.6615321814927131,-1.5832412662438138,-0.02384291636290306,-0.2393900840049876,0.6100592656013686,0.9266278158165976,0.9158594211749729,0.6344090095034525,0.42542148373761596,-1.829119111606581,-1.3670890111605367,-1.8815743565372012,1.340858316461151,0.8600738984202713,-0.1639804734146846,0.2336615097730588,1,0,0,1,0,0,1,1,0,2021
0.4049380711663718,-0.25228244694568447,-0.2974807473709204,1.0832258826191818,1.4980140037229426,-0.0785027127708273,-0.21775737877167853,-0.844478671838685,-0.20749654097771997,1.2552714551702089,-0.014730859116148689,-0.11026664972920633,-1.096249335256805,1.8877102833627388,-0.2330329496151551,0.3420257513176083,-0.06241326998481709,-0.8668092453898575,-0.08041431122064913,-0.23882386017695964,1.1357675530990072,1.229995077038276,0.9158594211749729,1.0837181180097615,1.0665907287348086,-1.829119111606581,-1.3670890111605367,-1.8815743565372012,1.340858316461151,0.8600738984202713,-0.1694687880697338,0.2336615097730588,1,0,0,1,0,0,1,1,0,2022
-0.6553087253250323,1.177781419319245,1.0861018104823885,1.3776093757677557,-2.1009933727130767,-1.1992778110049858,0.7109246432646853,-1.4664956942119016,0.7885566659431634,-1.2468095452133012,-0.6260330214228943,0.15088792844945942,2.832398429018907,-2.185125025792834,1.186738410408387,0.5592170854507985,-1.3769233681007778,1.9417327448112862,0.4322778706974976,1.168997317576556,-0.3240795733730927,-0.2789268802391266,-0.3820281524622641,-0.5067147927789739,-0.3411622736338616,-2.2403181938044416,-2.6555636248567818,-2.263883601379059,-2.0287312517082445,-2.5908470207146466,-0.2649654630675901,0.2336615097730588,0,1,0,0,0,1,0,0,0,2021
-0.6553087253250323,1.2145439865754128,1.0440904812149603,1.3776093757677557,-2.12716797181443,-1.190980422186934,0.7286389513148919,-1.4827322568511687,0.8176491290879866,-1.3126537820654987,-0.0759362823610587,0.25198031798049225,2.745995282138265,-2.2775116424675916,1.2548208094917617,0.3420257513176083,-0.06241326998481709,2.1006235725184346,0.3248174486742043,1.2414739675641346,-0.41601395301494964,-0.5056636957102738,-0.5743837881472623,-0.4996126668752301,-0.4794640038313809,-2.2403181938044416,-2.6555636248567818,-2.263883601379059,-2.0287312517082445,-2.5908470207146466,-0.2942364745611859,0.2336615097730588,0,1,0,0,0,1,0,0,0,2022
-0.6553087253250323,1.266011580734048,1.015292088854675,1.770120699965854,-1.9962949763076654,-1.190980422186934,0.7311264924453464,-1.5577931559816163,0.8292861143459158,-1.4114201373437953,-0.2959292567554053,0.3401685858332022,3.131290424120747,-2.428934021872439,1.317584582833676,0.41168460808165647,-1.3769233681007778,2.1006235725184346,0.3248174486742043,1.2414739675641346,-0.3586909060654006,-0.5554382588846949,-0.5063857085406852,-0.3801582207572596,-0.3858616715919635,-2.2403181938044416,-2.6555636248567818,-2.263883601379059,-2.0287312517082445,-2.5908470207146466,-0.31692150846872263,0.2336615097730588,0,1,0,0,0,1,0,0,0,2023
-0.5407539724396367,-0.19713859606143266,0.05733010973149762,0.2982032342229849,-1.197969703716403,-0.0785027127708273,-0.1332563603704802,-0.2503294585439472,-0.1829497751992754,-1.378498018917696,0.09387408404343954,-0.3054495688401556,1.794138084310186,-1.4082412133173918,-0.15798871130526468,0.16414525664109275,0.9629076000852629,-0.001950738647795475,-0.08181723863098643,-0.24297616824916468,0.5234617273946076,0.38198010390611586,0.29429274504872016,0.497597750174572,0.46916181492711156,-0.5597654230827473,-0.6875949362759501,-0.447914688380231,-1.0050584715048838,-0.8653865611471871,-0.07067912427884802,0.2336615097730588,0,0,1,0,0,0,0,0,0,2023
-0.5444225080581666,-0.27066373057376836,-0.5349738813638549,-2.056864710965606,-0.32112063382108164,-0.0785027127708273,-0.23690390747275292,-0.36816678890737353,-0.26622695095133175,-1.4772643741959928,-0.6273048590096688,-0.6133466545758686,0.14596436482701905,-0.03682960623156678,-0.2665480216221739,-0.13426584906642075,-1.1824603859253924,-0.15771904470176357,1.4405101647581808,-0.26449267371422713,0.21347231187508753,-0.047340759684598124,0.48374655552791884,0.5161697704228442,0.5604044826843948,-0.27371388764075727,-0.32861693445013107,-0.12534126304491375,-0.10934478882694312,0.9463469213986443,0.17629503519836648,0.2336615097730588,0,0,0,0,0,0,1,0,1,2020
0.03288030757659721,-0.27066373057376836,-0.5535971450652984,-1.7624812178170322,-0.6090412239359636,-0.0785027127708273,-0.23464250644506698,-0.13546634846964442,-0.26404501621547,-0.9834325978045106,-1.2815556092862366,-0.6447014728406374,0.7534069390407533,0.2992486812159864,-0.26582490794893265,-0.2558240560512499,-1.1824603859253924,-0.15771904470176357,1.4405101647581808,-0.2607178481940407,0.560774113648469,0.12396860383422478,0.6913632839442768,0.6905726480667397,0.5406315824480492,-0.27371388764075727,-0.32861693445013107,-0.12534126304491375,-0.10934478882694312,0.9463469213986443,0.2117861366343514,0.2336615097730588,0,0,0,0,0,0,1,0,1,2021
0.610183123211361,-0.27066373057376836,-0.5885751986682318,-1.5662255557179827,-0.739914219442728,-0.0785027127708273,-0.23011970438969506,0.43438170117000074,-0.26495415568874575,-1.1809653083611034,-0.09650346877306953,-0.3491161431409387,1.73169421559402,-0.5478294551321816,-0.26613160788620394,0.3420257513176083,-0.06241326998481709,0.46785190571384616,1.443044136012312,-0.26260526095413395,0.6772058069951593,-1.1515796839543762,0.6473032943943303,0.6134132567695194,0.227677697897358,-0.27371388764075727,-0.32861693445013107,-0.12534126304491375,-0.10934478882694312,0.9463469213986443,-0.04360343864727191,0.2336615097730588,0,0,0,0,0,0,1,0,1,2022
1.187485938846125,-0.27066373057376836,-0.5740540575706826,-1.271842062569409,-0.12481114056093515,-0.0785027127708273,-0.22680298288242234,1.0563058322008287,-0.26386318832081485,-0.9505104793784119,-1.6933313207217386,-0.2771689009403273,0.5724395161546945,-0.0027915092605617134,-0.2673085377267897,-0.3925999500186307,-1.1824603859253924,0.46785190571384616,1.443044136012312,-0.26260526095413395,-0.3288923523670394,-1.5169124623819366,0.48697127840588067,-0.04290770630457285,0.06177325523174297,-0.27371388764075727,-0.32861693445013107,-0.12534126304491375,-0.10934478882694312,0.9463469213986443,-0.0867781806003257,0.2336615097730588,0,0,0,0,0,0,1,0,1,2023
-1.4745759226849895,-0.17508105570773197,-0.05077834813224314,0.9850980515696572,-1.1587078050643738,-0.4605717075607625,-0.08531465858353803,-0.28614179123493233,-0.11276420786238951,-0.4566787029869297,1.3623419600343325,0.727037282723605,1.7098313742689355,-0.8313023180182896,-0.10697927539665791,0.1816171263603222,0.527261265802719,-0.001950738647795475,-0.08181723863098643,-0.24297616824916468,-0.9384556220617288,-0.7511788737972032,-0.6759032777901919,-0.7868749051593701,-0.6671832500841313,0.8615531436446432,0.5239558198861904,0.8423790129610397,-0.4079160163862569,-0.6065674922120681,-0.39558735185776134,0.2336615097730588,0,0,1,0,0,0,1,0,0,2023
-1.4657079228583725,-0.20081485278704947,0.2475231596598739,0.20007540317346031,0.3070697446113868,-0.0785027127708273,-0.1686095964366372,-0.11464775783169641,-0.14985709837203906,0.5639069682221334,1.2862100505502023,0.05149062284446239,-0.4827420687576878,-0.19369965848528276,-0.17326885126947947,0.45390081326783915,0.5935182002363212,0.30344616795428586,-1.2340323685397765,-0.21466497684776673,-0.13223296056569653,-0.4243222725451321,-0.11732729578786963,-0.16021181834928183,-0.14370627305764544,0.7900402597841459,0.3701081048179831,0.8901676685662734,-0.19465085384388991,-0.08892935434183093,-0.23240146278096477,0.2336615097730588,0,0,0,0,0,0,1,0,0,2020
-1.4176975430371277,-0.20449110951266625,0.13297362346754546,0.20007540317346031,-0.033200043706200194,-0.0785027127708273,-0.1729816384234967,-0.3206010636269832,-0.14731150784686703,0.5968290866482326,1.6880606287642523,0.037707758604955774,0.15824349488631306,-0.03612030550978044,-0.17224651814524186,0.4443330644387474,0.5935182002363212,0.30344616795428586,-1.2340323685397765,-0.20730406708340324,-0.1673738523993679,-0.2086056382238973,-0.0795968917186466,0.1539699396687576,0.08188507533265292,0.7900402597841459,0.3701081048179831,0.8901676685662734,-0.19465085384388991,-0.08892935434183093,-0.22764492341325546,0.2336615097730588,0,0,0,0,0,0,1,0,0,2021
-1.3696871632158831,-0.20816736623828302,0.036203805401205165,0.2982032342229849,-0.15098573966228837,-0.0785027127708273,-0.16152387321655456,0.17605655904404743,-0.14440226153238472,0.6297512050743308,1.4469081289928785,0.06120604339029512,0.5281897242946776,-0.00338998839211229,-0.1703714095856646,0.3420257513176083,-0.06241326998481709,0.5974465943308597,-1.2695357468436015,-0.1991881922150025,-0.47120101130425046,-0.37736566655259346,-0.276224870844791,-0.674277345840253,-0.5013340625246974,0.7900402597841459,0.3701081048179831,0.8901676685662734,-0.19465085384388991,-0.08892935434183093,-0.2356944515739943,0.2336615097730588,0,0,0,0,0,0,1,0,0,2022
-1.3216767833946383,-0.2155198796895166,-0.15019217067691146,0.39633106527250955,-0.13789844011161176,-0.0785027127708273,-0.16604667527192646,-0.006194982838151648,-0.15313000047583167,0.20176366553504657,2.0207557712639677,-0.02198388863633899,-0.10081620026708525,-0.04155869304066171,-0.171408703682452,0.31247009408595444,0.5935182002363212,0.5974465943308597,-1.2695357468436015,-0.1991881922150025,-0.5745978267044834,-0.5589244299479704,-0.5240460864659188,-0.45117661431681105,-0.35124540126987525,0.7900402597841459,0.3701081048179831,0.8901676685662734,-0.19465085384388991,-0.08892935434183093,-0.20569166479305862,0.2336615097730588,0,0,0,0,0,0,1,0,0,2023
-1.388864684928239,-0.2669874738481516,-0.21396861664012992,-2.056864710965606,-0.8184380167467863,-0.0785027127708273,-0.22107410027895127,0.7817112416617021,-0.27004533673908976,-2.5636942822572535,-1.1823781865863319,-0.44173779313151723,0.5037812096646175,-0.31509346305363006,-0.2643761871070252,-0.04226818567719814,-0.574386328961242,0.9625937258783132,2.5135227034882144,-0.25599931629380773,-0.07360831954813551,-1.1627607861186604,0.10640856017415441,-0.33382047784113206,-0.5137560018920745,-0.4793134287396877,-0.3734891846783571,-0.40012603277499903,-0.791793308962517,0.42870878352840713,0.020792786638638833,0.2336615097730588,1,0,1,0,0,0,1,0,1,2020
-1.4889526255255334,-0.2669874738481516,-0.23569867883366807,-2.253120373064655,-1.0016602104562564,-0.0785027127708273,-0.21135007585990168,1.9435836939663402,-0.2669542625299523,-1.971096150587475,-1.1823781865863319,-0.1988698855375141,0.9209721407035584,-0.0988360787499004,-0.2640994091148536,0.3420257513176083,-0.06241326998481709,0.9625937258783132,2.5135227034882144,-0.25732050522587296,-0.601085786126215,-1.0251243869105187,-0.6099196354017987,-0.9202800296644057,-0.9193317115219876,-0.4793134287396877,-0.3734891846783571,-0.40012603277499903,-0.791793308962517,0.42870878352840713,-0.12848937197869972,0.2336615097730588,1,0,1,0,0,0,1,0,1,2022
-1.589040566122828,-0.27066373057376836,-0.6626211221101811,-1.7624812178170322,-0.46508092887852265,-0.0785027127708273,-0.19891237020762895,3.4239698608934828,-0.26004480253305684,-0.5225229398391271,-1.1823781865863319,0.27842483067829454,0.8973123535161381,0.21013963025238774,-0.2668297866051955,-0.03887011532176345,-0.574386328961242,0.9625937258783132,2.5135227034882144,-0.25732050522587296,-1.0352991209325246,-0.7745555575828716,-0.3556231259723309,-0.9202800296644057,-0.9193317115219827,-0.4793134287396877,-0.3734891846783571,-0.40012603277499903,-0.791793308962517,0.42870878352840713,-0.3011883397909149,0.2336615097730588,0,0,1,0,0,0,1,0,1,2023
-2.64348883816766,-0.23390116331760052,0.9693270592375659,0.0038197410744110656,-0.28185873516905274,-0.0785027127708273,-0.20441511270833143,0.5769393294775799,-0.22986137202030277,0.1688415471089479,0.4831195139306202,-0.24435701474124036,-0.41408376226761084,-0.30089529439834384,-0.24080268135936095,0.4809243062972982,-0.6934292922005131,0.031121022325916996,0.02284877987918728,-0.24599602866531378,0.2186440608912922,0.30382711443002836,0.5130252310040058,0.14310839552925786,0.437405955606725,0.8615531436446432,0.5239558198861904,0.8423790129610397,-0.5358751139116766,-0.34774842327695,-0.10470667514015312,0.2336615097730588,0,0,1,0,0,0,1,1,0,2020
-2.4628299317260822,-0.23390116331760052,0.9602233304188145,0.39633106527250955,-0.28185873516905274,-0.0785027127708273,-0.2102193753460587,0.11098625174202523,-0.23513438096530198,-0.3249902292825343,-1.040638274407452,0.0055294674100392115,-0.1638590509373631,-0.040951858556099584,-0.24088995369923488,0.4381156166225036,-0.6934292922005131,0.031121022325916996,0.02284877987918728,-0.24071127293705283,-0.10213881195658946,0.061057006275829925,0.12497394689436037,-0.1858892711640372,-0.06574945165014447,0.8615531436446432,0.5239558198861904,0.8423790129610397,-0.5358751139116766,-0.34774842327695,-0.21593651881581713,0.2336615097730588,0,0,1,0,0,0,1,1,0,2021
-2.282171025284504,-0.21919613641513339,1.812908435035648,0.20007540317346031,-0.19024763831431732,-0.0785027127708273,-0.21376223695610003,0.005822829173166197,-0.2356798646492674,-0.357912347708633,1.7059406919491356,0.2561959645154507,-0.08359546908636803,-0.33248144169665983,-0.2409722390482589,0.25495300807566507,-0.6934292922005131,0.031121022325916996,0.02284877987918728,-0.24071127293705283,-0.16113394909780085,-0.39152743521858857,0.029742509462621466,-0.13555241432454226,0.07800378710918134,0.8615531436446432,0.5239558198861904,0.8423790129610397,-0.5358751139116766,-0.34774842327695,-0.2953341374921957,0.2336615097730588,0,0,1,0,0,0,1,1,0,2023
-0.048061362355669116,-0.2743399872993852,-1.2569068113434512,-0.5849472452227367,2.767482060138557,-0.0785027127708273,-0.21587287791527357,-0.5127557758862614,-0.2267702978111653,1.9137138236921853,-0.014730859116148689,-1.0078570465411918,-1.4047999143686996,1.7533601632380522,-0.2504425346722941,0.4110939559363773,-1.0112721306686019,-1.7561327380633192,2.4838716101609912,-0.24580728738930446,0.21192872151320402,0.6376461708871524,0.7956271803150198,-0.07433381019060277,0.4093251847000268,-0.4524960972920015,0.3252358545897553,-0.6868579664063927,1.340858316461151,1.0326199443770172,0.9640511320197632,0.2336615097730588,1,0,0,1,0,0,1,1,0,2021
-0.048061362355669116,-0.2743399872993852,-1.256573047731589,0.0038197410744110656,2.885267756094645,-0.0785027127708273,-0.20863639462667855,0.16558099790821673,-0.22586115833788958,2.1112465342487776,-0.014730859116148689,-0.6781897434356642,-1.2996037086777963,1.9798997411332286,-0.25111827193246095,0.3297715399958013,-1.0112721306686019,-1.7561327380633192,2.4838716101609912,-0.24580728738930446,0.2980535339970813,0.5394029376718434,0.775686223294343,0.5927657262760363,0.7381869691021,-0.4524960972920015,0.3252358545897553,-0.6868579664063927,1.340858316461151,1.0326199443770172,0.2527655527253855,0.2336615097730588,1,0,0,1,0,0,1,1,0,2023
0.5607107706969553,-0.27066373057376836,-0.8954732637571643,-1.1737142315198843,2.872180456543968,-0.0785027127708273,-0.23773308784957112,-1.6230882869591954,-0.24968061253771356,-0.22622387400423766,-0.014730859116148689,0.19444351776533994,-1.8535122707427794,1.375427966345027,-0.25591825062552775,0.11714692739772206,-0.5520572755892501,-2.423112822903093,1.2601107919848709,-0.2556218337417891,0.992299404464171,0.8988339341842007,0.7478155289788915,0.9365759538205561,0.8041237863382996,-1.1318684939667287,-0.5914401143583198,-1.1289030307547925,1.3835113489696245,1.0326199443770172,-0.2781374182397082,0.2336615097730588,1,0,0,1,0,0,1,1,0,2020
0.4177459656130895,-0.2743399872993852,-1.2085040021389188,-1.1737142315198843,2.335601174966234,-0.0785027127708273,-0.23682852743849672,-1.5433346198534328,-0.23149782307219907,2.4733898369358647,-0.014730859116148689,0.4028871368193586,-1.6691755743648409,1.7223340850369797,-0.2562748204712984,0.0024791560385898468,-0.5520572755892501,-2.423112822903093,1.2601107919848709,-0.2546781273617425,1.1357675530990072,1.229995077038276,0.9158594211749729,1.0837181180097615,1.0665907287348086,-1.1318684939667287,-0.5914401143583198,-1.1289030307547925,1.3835113489696245,1.0326199443770172,-0.3319229018591905,0.2336615097730588,1,0,0,1,0,0,1,1,0,2021
0.27478116052922374,-0.2743399872993852,-1.2047453390730414,-1.1737142315198843,2.1523789812567644,-0.0785027127708273,-0.23441636634229837,-1.1765508814027084,-0.2340434135973711,2.144168652674877,-0.014730859116148689,0.4028871368193586,-1.4924758979018293,1.8282092142608273,-0.2562748204712984,0.3420257513176083,-0.06241326998481709,-1.4116916817123462,1.226955939806494,-0.25316819715366795,1.1357675530990072,1.0333681484686676,0.9158594211749729,1.0837181180097615,1.0665907287348086,-1.1318684939667287,-0.5914401143583198,-1.1289030307547925,1.3835113489696245,1.0326199443770172,-0.3319229018591905,0.2336615097730588,1,0,0,1,0,0,1,1,0,2022
0.13181635544535794,-0.2743399872993852,-1.2047453390730414,-0.8793307383713105,2.126204382155411,-0.0785027127708273,-0.2296674241841579,-0.6248435797938061,-0.23167965096685422,2.5721561922141616,-0.014730859116148689,1.0919097807689107,-1.4813947317507592,1.7491803187056012,-0.2620248209212787,-0.08816483299000827,-0.5520572755892501,-1.4116916817123462,1.226955939806494,-0.25316819715366795,0.7463540068044587,1.229995077038276,0.9158594211749729,0.8840251808958435,0.8884881606800311,-1.1318684939667287,-0.5914401143583198,-1.1289030307547925,1.3835113489696245,1.0326199443770172,-0.4479092849025638,0.2336615097730588,1,0,0,1,0,0,1,1,0,2023
