CMN_STATE_ABBR,PROVIDER_1000_POP_RATIO_IMU,MUA_POPULATION_TYP_DESC,COUNTY_NM,MUA_COMP_UPDATE_DT_TXT,MUA_SCORE,RURAL_STATUS_DESC
TX,,MUP Low Income,Harris,2/6/07,64.1,Non-Rural
TX,,MUP Low Income,Harris,2/6/07,64.1,Non-Rural
TX,,MUP Low Income,Harris,2/6/07,64.1,Non-Rural
TX,,MUP Low Income,Harris,2/6/07,64.1,Non-Rural
TX,,MUP Low Income,Harris,2/6/07,64.1,Non-Rural
TX,,MUP Low Income,Harris,2/6/07,64.1,Non-Rural
TX,,MUP Low Income,Harris,2/6/07,64.1,Non-Rural
TX,,MUP Low Income,Harris,2/6/07,64.1,Non-Rural
TX,,MUP Low Income,Harris,2/6/07,64.1,Non-Rural
TX,,MUP Low Income,Harris,2/6/07,64.1,Non-Rural
TX,,MUP Low Income,Harris,2/6/07,64.1,Non-Rural
TX,,MUP Low Income,Harris,2/6/07,64.1,Non-Rural
TX,0.5,MUP Low Income,Comal,11/29/19,62,Non-Rural
TX,,Medically Underserved Area,Anderson,11/1/78,42.4,Rural
TX,,Medically Underserved Area,Angelina,7/12/94,52.15,Rural
TX,,Medically Underserved Area,Angelina,7/12/94,52.15,Rural
TX,2.8,Medically Underserved Area,Aransas,5/13/19,49,Partially Rural
TX,,Medically Underserved Area,Archer,7/12/94,48.4,Rural
TX,,Medically Underserved Area,Archer,7/12/94,48.4,Non-Rural
TX,0,Medically Underserved Area,Archer,5/13/19,61.4,Partially Rural
TX,,MUP Low Income,Dallas,7/2/10,61.6,Non-Rural
TX,,MUP Low Income,Dallas,7/2/10,61.6,Non-Rural
TX,,MUP Low Income,Dallas,7/2/10,61.6,Non-Rural
TX,,MUP Low Income,Dallas,7/2/10,61.6,Non-Rural
TX,,MUP Low Income,Dallas,7/2/10,61.6,Non-Rural
TX,,MUP Low Income,Dallas,7/2/10,61.6,Non-Rural
TX,,MUP Low Income,Dallas,7/2/10,61.6,Non-Rural
TX,,MUP Low Income,Dallas,7/2/10,61.6,Non-Rural
TX,,MUP Low Income,Dallas,7/2/10,61.6,Non-Rural
TX,,MUP Low Income,Dallas,7/2/10,61.6,Non-Rural
TX,,MUP Low Income,Dallas,7/2/10,61.6,Non-Rural
TX,,MUP Low Income,Dallas,7/2/10,61.6,Non-Rural
TX,,Medically Underserved Area,Archer,5/13/19,48.4,Rural
TX,,Medically Underserved Area,Archer,5/13/19,48.4,Non-Rural
TX,,Medically Underserved Area,Archer,6/25/19,48.4,
TX,,Medically Underserved Area,Archer,6/25/19,48.4,
TX,0,Medically Underserved Area,Armstrong,2/13/19,56.8,Rural
TX,,Medically Underserved Area,Atascosa,11/1/78,43.1,Non-Rural
TX,2.8,Medically Underserved Area,Austin,2/13/19,60.6,Rural
TX,0,Medically Underserved Area,Bandera,3/19/19,48.3,Partially Rural
TX,,Medically Underserved Area,Bastrop,11/1/78,42.6,Non-Rural
TX,,Medically Underserved Area,Baylor,11/1/78,61.4,Rural
TX,,Medically Underserved Area,Baylor,8/12/19,61.4,Rural
TX,2.8,Medically Underserved Area,Bee,11/29/19,61,Rural
TX,,Medically Underserved Area,Bell,3/27/07,57,Non-Rural
TX,,Medically Underserved Area,Bell,6/9/14,57.1,Non-Rural
TX,,Medically Underserved Area,Bell,6/9/14,57.1,Non-Rural
TX,,Medically Underserved Area,Bell,6/9/14,57.1,Non-Rural
TX,,Medically Underserved Area,Bexar,2/1/94,54.8,Non-Rural
TX,,Medically Underserved Area,Bexar,2/1/94,54.8,Non-Rural
TX,,Medically Underserved Area,Bexar,2/1/94,54.8,Non-Rural
TX,,Medically Underserved Area,Bexar,2/1/94,54.8,Non-Rural
TX,,Medically Underserved Area,Bexar,2/1/94,54.8,Non-Rural
TX,,Medically Underserved Area,Bexar,2/1/94,54.8,Non-Rural
TX,,Medically Underserved Area,Bexar,2/1/94,54.8,Non-Rural
TX,,Medically Underserved Area,Bexar,2/1/94,54.8,Non-Rural
TX,,Medically Underserved Area,Bexar,2/1/94,54.8,Non-Rural
TX,,Medically Underserved Area,Bexar,2/1/94,54.8,Non-Rural
TX,,Medically Underserved Area,Bexar,2/1/94,54.8,Non-Rural
TX,,Medically Underserved Area,Bexar,2/1/94,54.8,Non-Rural
TX,,Medically Underserved Area,Bexar,2/1/94,54.8,Non-Rural
TX,,Medically Underserved Area,Bexar,5/4/94,53.3,Non-Rural
TX,,Medically Underserved Area,Bexar,5/4/94,53.3,Non-Rural
TX,,Medically Underserved Area,Bexar,5/4/94,53.3,Non-Rural
TX,,Medically Underserved Area,Bexar,5/4/94,53.3,Non-Rural
TX,,Medically Underserved Area,Bexar,5/4/94,53.3,Non-Rural
TX,,Medically Underserved Area,Bexar,5/4/94,53.3,Non-Rural
TX,,Medically Underserved Area,Bexar,5/4/94,53.3,Non-Rural
TX,,Medically Underserved Area,Bexar,5/4/94,53.3,Non-Rural
TX,,Medically Underserved Area,Bexar,5/4/94,53.3,Non-Rural
TX,,Medically Underserved Area,Bexar,5/4/94,53.3,Non-Rural
TX,,Medically Underserved Area,Bexar,5/4/94,53.3,Non-Rural
TX,,Medically Underserved Area,Bexar,5/4/94,53.3,Non-Rural
TX,,Medically Underserved Area,Bexar,5/4/94,53.3,Non-Rural
TX,,Medically Underserved Area,Bexar,5/4/94,53.3,Non-Rural
TX,,Medically Underserved Area,Bexar,5/11/94,51.5,Non-Rural
TX,,Medically Underserved Area,Bexar,5/11/94,51.5,Non-Rural
TX,,Medically Underserved Area,Bexar,5/11/94,51.5,Non-Rural
TX,,Medically Underserved Area,Bexar,5/11/94,51.5,Non-Rural
TX,,MUP Low Income,Grayson,2/25/09,61.5,Non-Rural
TX,,MUP Low Income,Grayson,2/25/09,61.5,Non-Rural
TX,,MUP Low Income,Grayson,2/25/09,61.5,Non-Rural
TX,,MUP Low Income,Grayson,2/25/09,61.5,Non-Rural
TX,,MUP Low Income,Grayson,2/25/09,61.5,Non-Rural
TX,,MUP Low Income,Grayson,2/25/09,61.5,Non-Rural
TX,,MUP Low Income,Grayson,2/25/09,61.5,Non-Rural
TX,,MUP Low Income,Grayson,2/25/09,61.5,Non-Rural
TX,,Medically Underserved Area,Bexar,5/11/94,51.5,Non-Rural
TX,,Medically Underserved Area,Bexar,5/11/94,51.5,Non-Rural
TX,,MUP Low Income,Grayson,11/29/19,61.5,Non-Rural
TX,,MUP Low Income,Grayson,11/29/19,61.5,Non-Rural
TX,,MUP Low Income,Grayson,11/29/19,61.5,Non-Rural
TX,,MUP Low Income,Grayson,11/29/19,61.5,Non-Rural
TX,,MUP Low Income,Grayson,11/29/19,61.5,Non-Rural
TX,,MUP Low Income,Grayson,11/29/19,61.5,Non-Rural
TX,,MUP Low Income,Grayson,11/29/19,61.5,Non-Rural
TX,,MUP Low Income,Grayson,11/29/19,61.5,Non-Rural
TX,,Medically Underserved Area,Bexar,5/11/94,51.5,Non-Rural
TX,,Medically Underserved Area,Bexar,5/11/94,51.5,Non-Rural
TX,,Medically Underserved Area,Bexar,5/11/94,51.5,Non-Rural
TX,,Medically Underserved Area,Bexar,7/12/94,59.6,Non-Rural
TX,,Medically Underserved Area,Bexar,7/12/94,59.6,Non-Rural
TX,,Medically Underserved Area,Bexar,7/12/94,59.6,Non-Rural
TX,,Medically Underserved Area,Bexar,7/12/94,59.6,Non-Rural
TX,,Medically Underserved Area,Bexar,7/12/94,59.6,Non-Rural
TX,,Medically Underserved Area,Bexar,7/12/94,59.6,Non-Rural
TX,,MUP Low Income,Harris,2/7/02,61.3,Non-Rural
TX,,MUP Low Income,Harris,2/7/02,61.3,Non-Rural
TX,,MUP Low Income,Harris,2/7/02,61.3,Non-Rural
TX,,MUP Low Income,Harris,2/7/02,61.3,Non-Rural
TX,,MUP Low Income,Harris,2/7/02,61.3,Non-Rural
TX,,MUP Low Income,Harris,2/7/02,61.3,Non-Rural
TX,,Medically Underserved Area,Bexar,7/12/94,59.6,Non-Rural
TX,,Medically Underserved Area,Bexar,7/12/94,59.6,Non-Rural
TX,,Medically Underserved Area,Bexar,7/12/94,59.6,Non-Rural
TX,,Medically Underserved Area,Bexar,7/12/94,59.6,Non-Rural
TX,,Medically Underserved Area,Bexar,7/12/94,59.6,Non-Rural
TX,,Medically Underserved Area,Bexar,7/12/94,59.6,Non-Rural
TX,,Medically Underserved Area,Bexar,7/12/94,59.6,Non-Rural
TX,,Medically Underserved Area,Bexar,7/12/94,59.6,Non-Rural
TX,,Medically Underserved Area,Bexar,7/12/94,59.6,Non-Rural
TX,,Medically Underserved Area,Bexar,7/12/94,58.1,Non-Rural
TX,,Medically Underserved Area,Bexar,7/12/94,58.1,Non-Rural
TX,,Medically Underserved Area,Bexar,7/12/94,56.44,Non-Rural
TX,,Medically Underserved Area,Bexar,7/12/94,56.44,Non-Rural
TX,,Medically Underserved Area,Bexar,7/12/94,56.44,Non-Rural
TX,,Medically Underserved Area,Bexar,7/12/94,56.44,Non-Rural
TX,,Medically Underserved Area,Bexar,7/12/94,56.44,Non-Rural
TX,,Medically Underserved Area,Bexar,7/12/94,56.44,Non-Rural
TX,,Medically Underserved Area,Bexar,7/12/94,53.67,Non-Rural
TX,,Medically Underserved Area,Bexar,7/12/94,53.67,Non-Rural
TX,,Medically Underserved Area,Bexar,7/12/94,53.67,Non-Rural
TX,,Medically Underserved Area,Bexar,7/12/94,53.67,Non-Rural
TX,,Medically Underserved Area,Bexar,7/12/94,53.67,Non-Rural
TX,,Medically Underserved Area,Bexar,7/12/94,53.67,Non-Rural
TX,,Medically Underserved Area,Bexar,7/12/94,53.67,Non-Rural
TX,,Medically Underserved Area,Bexar,7/12/94,53.67,Non-Rural
TX,,Medically Underserved Area,Bexar,7/12/94,53.67,Non-Rural
TX,,Medically Underserved Area,Bexar,7/12/94,53.67,Non-Rural
TX,,Medically Underserved Area,Bexar,7/12/94,53.67,Non-Rural
TX,,Medically Underserved Area,Bexar,7/12/94,53.67,Non-Rural
TX,,Medically Underserved Area,Bexar,7/12/94,53.65,Non-Rural
TX,,Medically Underserved Area,Bexar,7/12/94,53.65,Non-Rural
TX,,Medically Underserved Area,Bexar,7/12/94,53.65,Non-Rural
TX,,Medically Underserved Area,Bexar,7/12/94,53.65,Non-Rural
TX,,Medically Underserved Area,Bexar,7/12/94,53.3,Non-Rural
TX,,Medically Underserved Area,Bexar,7/12/94,53.3,Non-Rural
TX,,Medically Underserved Area,Bexar,7/12/94,51.5,Non-Rural
TX,,Medically Underserved Area,Bexar,3/31/99,57.8,Non-Rural
TX,,Medically Underserved Area,Bexar,3/31/99,57.8,Non-Rural
TX,,Medically Underserved Area,Bexar,3/31/99,57.8,Non-Rural
TX,,Medically Underserved Area,Bexar,3/31/99,57.8,Non-Rural
TX,,Medically Underserved Area,Bexar,3/31/99,57.8,Non-Rural
TX,,Medically Underserved Area,Bexar,3/31/99,57.8,Non-Rural
TX,,Medically Underserved Area,Bexar,3/31/99,57.8,Non-Rural
TX,,Medically Underserved Area,Bexar,3/31/99,57.8,Non-Rural
TX,,Medically Underserved Area,Bexar,3/31/99,57.8,Non-Rural
TX,,Medically Underserved Area,Bexar,3/31/99,57.8,Non-Rural
TX,,Medically Underserved Area,Bexar,3/31/99,57.8,Non-Rural
TX,,Medically Underserved Area,Bexar,3/31/99,57.8,Non-Rural
TX,,Medically Underserved Area,Bexar,3/31/99,57.8,Non-Rural
TX,,Medically Underserved Area,Bexar,3/31/99,57.8,Non-Rural
TX,,Medically Underserved Area,Bexar,3/31/99,57.8,Non-Rural
TX,,Medically Underserved Area,Bexar,3/31/99,57.8,Non-Rural
TX,,Medically Underserved Area,Bexar,3/31/99,57.8,Non-Rural
TX,,Medically Underserved Area,Bexar,3/31/99,57.8,Non-Rural
TX,,Medically Underserved Area,Bexar,3/31/99,57.8,Non-Rural
TX,,Medically Underserved Area,Bexar,3/31/99,57.8,Non-Rural
TX,,Medically Underserved Area,Bexar,3/31/99,57.8,Non-Rural
TX,,Medically Underserved Area,Bexar,3/31/99,57.8,Non-Rural
TX,,Medically Underserved Area,Bexar,7/24/02,56.8,Non-Rural
TX,,Medically Underserved Area,Bexar,7/24/02,56.8,Non-Rural
TX,,Medically Underserved Area,Bexar,2/23/06,59.8,Non-Rural
TX,,Medically Underserved Area,Bexar,2/23/06,59.8,Non-Rural
TX,,Medically Underserved Area,Bexar,2/23/06,59.8,Non-Rural
TX,,Medically Underserved Area,Bexar,2/23/06,59.8,Non-Rural
TX,,Medically Underserved Area,Bexar,2/23/06,59.8,Non-Rural
TX,,Medically Underserved Area,Bexar,2/23/06,59.8,Non-Rural
TX,0.5,Medically Underserved Area,Bexar,5/13/19,61.2,Non-Rural
TX,0.5,Medically Underserved Area,Bexar,5/13/19,61.2,Non-Rural
TX,0.5,Medically Underserved Area,Bexar,5/13/19,61.2,Non-Rural
TX,0.5,Medically Underserved Area,Bexar,5/13/19,61.2,Non-Rural
TX,0.5,Medically Underserved Area,Bexar,5/13/19,61.2,Non-Rural
TX,0.5,Medically Underserved Area,Bexar,5/13/19,61.2,Non-Rural
TX,0.5,Medically Underserved Area,Bexar,5/13/19,61.2,Non-Rural
TX,0.5,Medically Underserved Area,Bexar,5/13/19,61.2,Non-Rural
TX,0.5,Medically Underserved Area,Bexar,5/13/19,61.2,Non-Rural
TX,0.5,Medically Underserved Area,Bexar,5/13/19,61.2,Non-Rural
TX,0.5,Medically Underserved Area,Bexar,5/13/19,61.2,Non-Rural
TX,0.5,Medically Underserved Area,Bexar,5/13/19,61.2,Non-Rural
TX,0.5,Medically Underserved Area,Bexar,5/13/19,61.2,Non-Rural
TX,0.5,Medically Underserved Area,Bexar,5/13/19,61.2,Non-Rural
TX,,Medically Underserved Area,Bexar,5/13/19,54.8,Non-Rural
TX,,Medically Underserved Area,Bexar,5/13/19,54.8,Non-Rural
TX,,Medically Underserved Area,Bexar,5/13/19,54.8,Non-Rural
TX,,Medically Underserved Area,Bexar,5/13/19,54.8,Non-Rural
TX,,Medically Underserved Area,Bexar,5/13/19,54.8,Non-Rural
TX,,Medically Underserved Area,Bexar,5/13/19,54.8,Non-Rural
TX,,Medically Underserved Area,Bexar,5/13/19,54.8,Non-Rural
TX,,Medically Underserved Area,Bexar,5/13/19,54.8,Non-Rural
TX,,Medically Underserved Area,Bexar,5/13/19,54.8,Non-Rural
TX,,Medically Underserved Area,Bexar,5/13/19,54.8,Non-Rural
TX,,Medically Underserved Area,Bexar,5/13/19,54.8,Non-Rural
TX,,Medically Underserved Area,Bexar,5/13/19,54.8,Non-Rural
TX,,Medically Underserved Area,Bexar,5/13/19,54.8,Non-Rural
TX,,Medically Underserved Area,Bexar,6/25/19,54.8,
TX,,Medically Underserved Area,Bexar,6/25/19,54.8,
TX,,Medically Underserved Area,Bexar,6/25/19,54.8,
TX,,Medically Underserved Area,Bexar,6/25/19,54.8,
TX,,Medically Underserved Area,Bexar,6/25/19,54.8,
TX,,Medically Underserved Area,Bexar,6/25/19,54.8,
TX,,Medically Underserved Area,Bexar,6/25/19,54.8,
TX,,Medically Underserved Area,Bexar,6/25/19,54.8,
TX,,Medically Underserved Area,Bexar,6/25/19,54.8,
TX,,Medically Underserved Area,Bexar,6/25/19,54.8,
TX,,Medically Underserved Area,Bexar,6/25/19,54.8,
TX,,Medically Underserved Area,Bexar,6/25/19,54.8,
TX,,Medically Underserved Area,Bexar,6/25/19,54.8,
TX,,Medically Underserved Area,Bexar,11/19/19,57.8,Non-Rural
TX,,Medically Underserved Area,Bexar,11/19/19,57.8,Non-Rural
TX,,Medically Underserved Area,Bexar,11/19/19,57.8,Non-Rural
TX,,Medically Underserved Area,Bexar,11/19/19,57.8,Non-Rural
TX,,Medically Underserved Area,Bexar,11/19/19,57.8,Non-Rural
TX,,Medically Underserved Area,Bexar,11/19/19,57.8,Non-Rural
TX,,Medically Underserved Area,Bexar,11/19/19,57.8,Non-Rural
TX,,Medically Underserved Area,Bexar,11/19/19,57.8,Non-Rural
TX,0.5,MUP Low Income,Lubbock,11/29/19,61,Non-Rural
TX,1.5,MUP Low Income,Grayson,11/29/19,61,Partially Rural
TX,,Medically Underserved Area,Bexar,11/19/19,57.8,Non-Rural
TX,,Medically Underserved Area,Bexar,11/19/19,57.8,Non-Rural
TX,,Medically Underserved Area,Bexar,11/19/19,57.8,Non-Rural
TX,,Medically Underserved Area,Bexar,11/19/19,57.8,Non-Rural
TX,,Medically Underserved Area,Bexar,11/19/19,57.8,Non-Rural
TX,,Medically Underserved Area,Bexar,11/19/19,57.8,Non-Rural
TX,,Medically Underserved Area,Bexar,11/19/19,57.8,Non-Rural
TX,,Medically Underserved Area,Bexar,11/19/19,57.8,Non-Rural
TX,,Medically Underserved Area,Bexar,11/19/19,57.8,Non-Rural
TX,,Medically Underserved Area,Bexar,11/19/19,57.8,Non-Rural
TX,,Medically Underserved Area,Bexar,11/19/19,57.8,Non-Rural
TX,,Medically Underserved Area,Bexar,11/19/19,57.8,Non-Rural
TX,,Medically Underserved Area,Bexar,11/19/19,57.8,Non-Rural
TX,,Medically Underserved Area,Bexar,11/19/19,57.8,Non-Rural
TX,,Medically Underserved Area,Bexar,11/19/19,56.8,Non-Rural
TX,,Medically Underserved Area,Bexar,11/19/19,56.8,Non-Rural
TX,,Medically Underserved Area,Bexar,11/19/19,56.44,Non-Rural
TX,,Medically Underserved Area,Bexar,11/19/19,56.44,Non-Rural
TX,,Medically Underserved Area,Bexar,11/19/19,56.44,Non-Rural
TX,,Medically Underserved Area,Bexar,11/19/19,56.44,Non-Rural
TX,,Medically Underserved Area,Bexar,11/19/19,56.44,Non-Rural
TX,,Medically Underserved Area,Bexar,11/19/19,56.44,Non-Rural
TX,,Medically Underserved Area,Bexar,11/19/19,53.67,Non-Rural
TX,,Medically Underserved Area,Bexar,11/19/19,53.67,Non-Rural
TX,,Medically Underserved Area,Bexar,11/19/19,53.67,Non-Rural
TX,,Medically Underserved Area,Bexar,11/19/19,53.67,Non-Rural
TX,,Medically Underserved Area,Bexar,11/19/19,53.67,Non-Rural
TX,,Medically Underserved Area,Bexar,11/19/19,53.67,Non-Rural
TX,,Medically Underserved Area,Bexar,11/19/19,53.67,Non-Rural
TX,,Medically Underserved Area,Bexar,11/19/19,53.67,Non-Rural
TX,,Medically Underserved Area,Bexar,11/19/19,53.67,Non-Rural
TX,,Medically Underserved Area,Bexar,11/19/19,53.67,Non-Rural
TX,,Medically Underserved Area,Bexar,11/19/19,53.67,Non-Rural
TX,,Medically Underserved Area,Bexar,11/19/19,53.67,Non-Rural
TX,,MUP Low Income,Harris,7/21/10,60.8,Non-Rural
TX,,MUP Low Income,Harris,7/21/10,60.8,Non-Rural
TX,,MUP Low Income,Harris,7/21/10,60.8,Non-Rural
TX,,MUP Low Income,Harris,7/21/10,60.8,Non-Rural
TX,,MUP Low Income,Harris,7/21/10,60.8,Non-Rural
TX,,MUP Low Income,Harris,7/21/10,60.8,Non-Rural
TX,,MUP Low Income,Harris,7/21/10,60.8,Non-Rural
TX,,MUP Low Income,Harris,7/21/10,60.8,Non-Rural
TX,,MUP Low Income,Harris,7/21/10,60.8,Non-Rural
TX,,MUP Low Income,Harris,7/21/10,60.8,Non-Rural
TX,,MUP Low Income,Harris,7/21/10,60.8,Non-Rural
TX,,MUP Low Income,Harris,7/21/10,60.8,Non-Rural
TX,,MUP Low Income,Harris,7/21/10,60.8,Non-Rural
TX,,MUP Low Income,Harris,7/21/10,60.8,Non-Rural
TX,,MUP Low Income,Harris,7/21/10,60.8,Non-Rural
TX,,MUP Low Income,Harris,7/21/10,60.8,Non-Rural
TX,,MUP Low Income,Harris,7/21/10,60.8,Non-Rural
TX,,MUP Low Income,Harris,7/21/10,60.8,Non-Rural
TX,,MUP Low Income,Harris,7/21/10,60.8,Non-Rural
TX,,MUP Low Income,Harris,7/21/10,60.8,Non-Rural
TX,,MUP Low Income,Harris,7/21/10,60.8,Non-Rural
TX,,MUP Low Income,Harris,7/21/10,60.8,Non-Rural
TX,,MUP Low Income,Harris,7/21/10,60.8,Non-Rural
TX,,MUP Low Income,Harris,7/21/10,60.8,Non-Rural
TX,,MUP Low Income,Harris,7/21/10,60.8,Non-Rural
TX,,MUP Low Income,Harris,7/21/10,60.8,Non-Rural
TX,,MUP Low Income,Harris,7/21/10,60.8,Non-Rural
TX,,Medically Underserved Area,Bexar,11/19/19,51.5,Non-Rural
TX,,Medically Underserved Area,Bexar,11/19/19,51.5,Non-Rural
TX,,Medically Underserved Area,Bexar,11/19/19,51.5,Non-Rural
TX,,Medically Underserved Area,Bexar,11/19/19,51.5,Non-Rural
TX,,Medically Underserved Area,Bexar,11/19/19,51.5,Non-Rural
TX,,Medically Underserved Area,Bexar,11/19/19,51.5,Non-Rural
TX,,Medically Underserved Area,Bexar,11/19/19,51.5,Non-Rural
TX,,Medically Underserved Area,Bexar,11/19/19,51.5,Non-Rural
TX,,Medically Underserved Area,Bexar,11/19/19,51.5,Non-Rural
TX,,Medically Underserved Area,Bexar,11/19/19,51.5,Non-Rural
TX,0.5,Medically Underserved Area,Blanco,3/19/19,56.4,Rural
TX,0,Medically Underserved Area,Borden,12/27/17,59.5,Rural
TX,7.3,Medically Underserved Area,Bosque,3/19/19,58.7,Rural
TX,,Medically Underserved Area,Bowie,5/11/94,56.15,Non-Rural
TX,,Medically Underserved Area,Bowie,5/11/94,56.15,Non-Rural
TX,0,Medically Underserved Area,Bowie,5/13/19,51.7,Rural
TX,0,Medically Underserved Area,Bowie,5/13/19,51.7,Non-Rural
TX,5.7,Medically Underserved Area,Bowie,9/5/19,59.7,Non-Rural
TX,5.7,Medically Underserved Area,Bowie,9/5/19,59.7,Non-Rural
TX,5.7,Medically Underserved Area,Bowie,9/5/19,59.7,Non-Rural
TX,5.7,Medically Underserved Area,Bowie,9/5/19,59.7,Non-Rural
TX,5.7,Medically Underserved Area,Bowie,9/5/19,59.7,Non-Rural
TX,5.7,Medically Underserved Area,Bowie,9/5/19,59.7,Non-Rural
TX,5.7,Medically Underserved Area,Bowie,9/5/19,59.7,Non-Rural
TX,5.7,Medically Underserved Area,Bowie,9/5/19,59.7,Non-Rural
TX,5.7,Medically Underserved Area,Bowie,9/5/19,59.7,Non-Rural
TX,,Medically Underserved Area,Bowie,9/5/19,56.15,Non-Rural
TX,,Medically Underserved Area,Bowie,9/5/19,56.15,Non-Rural
TX,,Medically Underserved Area,Brazoria,5/11/94,58,Non-Rural
TX,,Medically Underserved Area,Brazoria,5/11/94,58,Non-Rural
TX,,Medically Underserved Area,Brazoria,5/11/94,58,Non-Rural
TX,,Medically Underserved Area,Brazoria,5/11/94,58,Non-Rural
TX,,Medically Underserved Area,Brazoria,5/11/94,58,Non-Rural
TX,,Medically Underserved Area,Brazoria,1/8/03,52.9,Non-Rural
TX,,Medically Underserved Area,Brazoria,10/2/03,58.8,Non-Rural
TX,,Medically Underserved Area,Brazoria,10/2/03,58.8,Non-Rural
TX,,Medically Underserved Area,Brazoria,10/2/03,58.8,Non-Rural
TX,,Medically Underserved Area,Brazos,4/17/02,55.5,Non-Rural
TX,,Medically Underserved Area,Brazos,4/17/02,55.5,Non-Rural
TX,,Medically Underserved Area,Brazos,4/17/02,55.5,Non-Rural
TX,,Medically Underserved Area,Brazos,4/17/02,55.5,Non-Rural
TX,,Medically Underserved Area,Brazos,4/17/02,55.5,Non-Rural
TX,,Medically Underserved Area,Brazos,4/17/02,55.5,Non-Rural
TX,,Medically Underserved Area,Brazos,4/17/02,55.5,Non-Rural
TX,,Medically Underserved Area,Brazos,4/17/02,55.5,Non-Rural
TX,,Medically Underserved Area,Brazos,4/17/02,55.5,Non-Rural
TX,,Medically Underserved Area,Brazos,4/17/02,54.43,Non-Rural
TX,,Medically Underserved Area,Brazos,4/17/02,54.43,
TX,,Medically Underserved Area,Brazos,4/17/02,54.43,Non-Rural
TX,,Medically Underserved Area,Brazos,4/17/02,54.43,Non-Rural
TX,,Medically Underserved Area,Brazos,4/17/02,54.43,Non-Rural
TX,,Medically Underserved Area,Brewster,11/1/78,53.2,Rural
TX,0,Medically Underserved Area,Briscoe,4/23/19,51.4,Rural
TX,4.1,Medically Underserved Area,Brooks,4/23/19,50.9,Rural
TX,10.7,Medically Underserved Area,Brown,11/29/19,62,Rural
TX,2.8,Medically Underserved Area,Burleson,4/23/19,58.6,Partially Rural
TX,,Medically Underserved Area,Burnet,8/13/92,60.9,Rural
TX,,Medically Underserved Area,Caldwell,11/1/78,30.6,Non-Rural
TX,,Medically Underserved Area,Calhoun,11/1/78,60.3,Rural
TX,,Medically Underserved Area,Calhoun,8/12/19,60.3,Rural
TX,1.5,Medically Underserved Area,Callahan,4/23/19,53.5,Partially Rural
TX,,Medically Underserved Area,Cameron,5/11/94,50.4,Non-Rural
TX,,Medically Underserved Area,Cameron,5/11/94,50.4,Non-Rural
TX,,Medically Underserved Area,Cameron,5/11/94,50.4,Non-Rural
TX,,Medically Underserved Area,Cameron,5/11/94,50.4,Non-Rural
TX,,Medically Underserved Area,Cameron,5/11/94,50.4,Non-Rural
TX,,Medically Underserved Area,Cameron,5/11/94,50.4,Non-Rural
TX,,Medically Underserved Area,Cameron,5/11/94,50.4,Non-Rural
TX,,Medically Underserved Area,Cameron,5/11/94,50.4,Non-Rural
TX,,Medically Underserved Area,Cameron,5/11/94,50.4,Non-Rural
TX,,Medically Underserved Area,Cameron,5/11/94,50.4,Non-Rural
TX,,Medically Underserved Area,Cameron,5/11/94,50.4,Non-Rural
TX,,Medically Underserved Area,Cameron,5/11/94,50.4,Non-Rural
TX,,Medically Underserved Area,Cameron,5/11/94,50.4,Non-Rural
TX,,Medically Underserved Area,Cameron,5/11/94,50.4,Non-Rural
TX,,Medically Underserved Area,Cameron,5/11/94,50.4,Non-Rural
TX,,Medically Underserved Area,Cameron,5/11/94,50.4,Non-Rural
TX,,Medically Underserved Area,Cameron,5/11/94,50.4,Non-Rural
TX,,Medically Underserved Area,Cameron,5/11/94,50.4,Non-Rural
TX,,Medically Underserved Area,Cameron,5/11/94,50.4,Non-Rural
TX,,Medically Underserved Area,Cameron,5/11/94,50.4,Non-Rural
TX,,Medically Underserved Area,Cameron,5/11/94,50.4,Non-Rural
TX,,Medically Underserved Area,Cameron,5/11/94,50.4,Non-Rural
TX,,Medically Underserved Area,Cameron,5/11/94,50.4,Non-Rural
TX,,Medically Underserved Area,Cameron,5/11/94,50,Non-Rural
TX,,Medically Underserved Area,Cameron,5/11/94,50,Non-Rural
TX,,Medically Underserved Area,Cameron,5/11/94,50,Non-Rural
TX,,Medically Underserved Area,Cameron,5/11/94,50,Non-Rural
TX,,Medically Underserved Area,Cameron,5/11/94,50,Non-Rural
TX,,Medically Underserved Area,Cameron,5/11/94,50,Non-Rural
TX,,Medically Underserved Area,Cameron,5/11/94,50,Non-Rural
TX,,Medically Underserved Area,Cameron,5/11/94,50,Non-Rural
TX,,Medically Underserved Area,Cameron,5/11/94,50,Non-Rural
TX,,Medically Underserved Area,Cameron,5/11/94,50,Non-Rural
TX,,Medically Underserved Area,Cameron,5/11/94,50,Non-Rural
TX,,Medically Underserved Area,Cameron,5/11/94,50,Non-Rural
TX,,Medically Underserved Area,Cameron,5/11/94,50,Non-Rural
TX,,Medically Underserved Area,Cameron,5/11/94,50,Non-Rural
TX,,Medically Underserved Area,Cameron,5/11/94,50,Non-Rural
TX,,Medically Underserved Area,Cameron,5/11/94,50,Non-Rural
TX,,Medically Underserved Area,Cameron,5/11/94,50,Non-Rural
TX,,Medically Underserved Area,Cameron,5/11/94,50,Non-Rural
TX,,Medically Underserved Area,Cameron,5/11/94,50,Non-Rural
TX,1.5,MUP Low Income,Jefferson,11/29/19,60,Non-Rural
TX,,Medically Underserved Area,Cameron,5/11/94,50,Non-Rural
TX,,Medically Underserved Area,Cameron,5/11/94,50,Non-Rural
TX,,Medically Underserved Area,Cameron,5/11/94,50,Non-Rural
TX,,Medically Underserved Area,Cameron,5/11/94,50,Non-Rural
TX,,Medically Underserved Area,Cameron,5/11/94,50,Non-Rural
TX,,Medically Underserved Area,Cameron,5/11/94,50,Non-Rural
TX,,Medically Underserved Area,Cameron,5/11/94,50,Non-Rural
TX,,Medically Underserved Area,Cameron,5/11/94,50,Rural
TX,4.1,Medically Underserved Area,Cameron,6/9/15,55.7,Rural
TX,4.1,Medically Underserved Area,Cameron,6/9/15,55.7,Rural
TX,4.1,Medically Underserved Area,Cameron,6/9/15,55.7,Rural
TX,7.3,Medically Underserved Area,Cameron,5/13/19,58,Partially Rural
TX,4.1,Medically Underserved Area,Cameron,5/13/19,55.7,Rural
TX,4.1,Medically Underserved Area,Cameron,5/13/19,55.7,Rural
TX,4.1,Medically Underserved Area,Cameron,5/13/19,55.7,Rural
TX,,Medically Underserved Area,Cameron,5/13/19,50.4,Non-Rural
TX,,Medically Underserved Area,Cameron,5/13/19,50.4,Non-Rural
TX,,Medically Underserved Area,Cameron,5/13/19,50.4,Non-Rural
TX,,Medically Underserved Area,Cameron,5/13/19,50.4,Non-Rural
TX,,Medically Underserved Area,Cameron,5/13/19,50.4,Non-Rural
TX,,Medically Underserved Area,Cameron,5/13/19,50.4,Non-Rural
TX,,Medically Underserved Area,Cameron,5/13/19,50.4,Non-Rural
TX,,Medically Underserved Area,Cameron,5/13/19,50.4,Non-Rural
TX,,Medically Underserved Area,Cameron,5/13/19,50.4,Non-Rural
TX,,Medically Underserved Area,Cameron,5/13/19,50.4,Non-Rural
TX,,Medically Underserved Area,Cameron,5/13/19,50.4,Non-Rural
TX,,MUP Low Income,Tarrant,10/27/03,59.8,Non-Rural
TX,,MUP Low Income,Tarrant,10/27/03,59.8,Non-Rural
TX,,MUP Low Income,Tarrant,10/27/03,59.8,Non-Rural
TX,,MUP Low Income,Tarrant,10/27/03,59.8,Non-Rural
TX,,MUP Low Income,Tarrant,10/27/03,59.8,Non-Rural
TX,,MUP Low Income,Tarrant,10/27/03,59.8,Non-Rural
TX,,MUP Low Income,Tarrant,10/27/03,59.8,Non-Rural
TX,,MUP Low Income,Tarrant,10/27/03,59.8,Non-Rural
TX,,MUP Low Income,Tarrant,10/27/03,59.8,Non-Rural
TX,,MUP Low Income,Tarrant,10/27/03,59.8,Non-Rural
TX,,MUP Low Income,Tarrant,10/27/03,59.8,Non-Rural
TX,,MUP Low Income,Tarrant,10/27/03,59.8,Non-Rural
TX,,MUP Low Income,Tarrant,10/27/03,59.8,Non-Rural
TX,,MUP Low Income,Tarrant,10/27/03,59.8,Non-Rural
TX,,Medically Underserved Area,Cameron,5/13/19,50.4,Non-Rural
TX,,Medically Underserved Area,Cameron,5/13/19,50.4,Non-Rural
TX,,Medically Underserved Area,Cameron,5/13/19,50.4,Non-Rural
TX,,Medically Underserved Area,Cameron,5/13/19,50.4,Non-Rural
TX,,Medically Underserved Area,Cameron,5/13/19,50.4,Non-Rural
TX,,Medically Underserved Area,Cameron,5/13/19,50.4,Non-Rural
TX,,Medically Underserved Area,Cameron,5/13/19,50.4,Non-Rural
TX,,Medically Underserved Area,Cameron,5/13/19,50.4,Non-Rural
TX,,Medically Underserved Area,Cameron,5/13/19,50.4,Non-Rural
TX,,Medically Underserved Area,Cameron,5/13/19,50.4,Non-Rural
TX,,Medically Underserved Area,Cameron,5/13/19,50.4,Non-Rural
TX,,Medically Underserved Area,Cameron,5/13/19,50.4,Non-Rural
TX,,Medically Underserved Area,Cameron,5/13/19,50,Non-Rural
TX,,Medically Underserved Area,Cameron,5/13/19,50,Non-Rural
TX,,Medically Underserved Area,Cameron,5/13/19,50,Non-Rural
TX,,Medically Underserved Area,Cameron,5/13/19,50,Non-Rural
TX,,Medically Underserved Area,Cameron,5/13/19,50,Non-Rural
TX,,Medically Underserved Area,Cameron,5/13/19,50,Non-Rural
TX,,Medically Underserved Area,Cameron,5/13/19,50,Non-Rural
TX,,Medically Underserved Area,Cameron,5/13/19,50,Non-Rural
TX,,Medically Underserved Area,Cameron,5/13/19,50,Non-Rural
TX,,Medically Underserved Area,Cameron,5/13/19,50,Non-Rural
TX,,Medically Underserved Area,Cameron,5/13/19,50,Non-Rural
TX,,Medically Underserved Area,Cameron,5/13/19,50,Non-Rural
TX,,Medically Underserved Area,Cameron,5/13/19,50,Non-Rural
TX,,Medically Underserved Area,Cameron,5/13/19,50,Non-Rural
TX,,Medically Underserved Area,Cameron,5/13/19,50,Non-Rural
TX,,Medically Underserved Area,Cameron,5/13/19,50,Non-Rural
TX,,Medically Underserved Area,Cameron,5/13/19,50,Non-Rural
TX,,Medically Underserved Area,Cameron,5/13/19,50,Non-Rural
TX,,Medically Underserved Area,Cameron,5/13/19,50,Non-Rural
TX,,Medically Underserved Area,Cameron,5/13/19,50,Non-Rural
TX,,Medically Underserved Area,Cameron,5/13/19,50,Non-Rural
TX,,Medically Underserved Area,Cameron,5/13/19,50,Non-Rural
TX,,Medically Underserved Area,Cameron,5/13/19,50,Non-Rural
TX,,Medically Underserved Area,Cameron,5/13/19,50,Rural
TX,,Medically Underserved Area,Cameron,5/13/19,50,Non-Rural
TX,,Medically Underserved Area,Cameron,5/13/19,50,Non-Rural
TX,,Medically Underserved Area,Cameron,5/13/19,50,Non-Rural
TX,4.1,Medically Underserved Area,Cameron,6/25/19,55.7,
TX,4.1,Medically Underserved Area,Cameron,6/25/19,55.7,
TX,4.1,Medically Underserved Area,Cameron,6/25/19,55.7,
TX,,Medically Underserved Area,Cameron,6/25/19,50.4,
TX,,Medically Underserved Area,Cameron,6/25/19,50.4,
TX,,Medically Underserved Area,Cameron,6/25/19,50.4,
TX,,Medically Underserved Area,Cameron,6/25/19,50.4,
TX,,Medically Underserved Area,Cameron,6/25/19,50.4,
TX,,Medically Underserved Area,Cameron,6/25/19,50.4,
TX,,Medically Underserved Area,Cameron,6/25/19,50.4,
TX,,Medically Underserved Area,Cameron,6/25/19,50.4,
TX,,Medically Underserved Area,Cameron,6/25/19,50.4,
TX,,Medically Underserved Area,Cameron,6/25/19,50.4,
TX,,Medically Underserved Area,Cameron,6/25/19,50.4,
TX,,Medically Underserved Area,Cameron,6/25/19,50.4,
TX,,Medically Underserved Area,Cameron,6/25/19,50.4,
TX,,Medically Underserved Area,Cameron,6/25/19,50.4,
TX,,Medically Underserved Area,Cameron,6/25/19,50.4,
TX,,Medically Underserved Area,Cameron,6/25/19,50.4,
TX,,Medically Underserved Area,Cameron,6/25/19,50.4,
TX,,Medically Underserved Area,Cameron,6/25/19,50.4,
TX,,Medically Underserved Area,Cameron,6/25/19,50.4,
TX,,Medically Underserved Area,Cameron,6/25/19,50.4,
TX,,Medically Underserved Area,Cameron,6/25/19,50.4,
TX,,Medically Underserved Area,Cameron,6/25/19,50.4,
TX,,Medically Underserved Area,Cameron,6/25/19,50.4,
TX,,Medically Underserved Area,Cameron,6/25/19,50,
TX,,Medically Underserved Area,Cameron,6/25/19,50,
TX,,Medically Underserved Area,Cameron,6/25/19,50,
TX,,Medically Underserved Area,Cameron,6/25/19,50,
TX,,Medically Underserved Area,Cameron,6/25/19,50,
TX,,Medically Underserved Area,Cameron,6/25/19,50,
TX,,Medically Underserved Area,Cameron,6/25/19,50,
TX,,Medically Underserved Area,Cameron,6/25/19,50,
TX,,Medically Underserved Area,Cameron,6/25/19,50,
TX,,Medically Underserved Area,Cameron,6/25/19,50,
TX,,Medically Underserved Area,Cameron,6/25/19,50,
TX,,Medically Underserved Area,Cameron,6/25/19,50,
TX,,Medically Underserved Area,Cameron,6/25/19,50,
TX,,Medically Underserved Area,Cameron,6/25/19,50,
TX,,Medically Underserved Area,Cameron,6/25/19,50,
TX,,Medically Underserved Area,Cameron,6/25/19,50,
TX,,Medically Underserved Area,Cameron,6/25/19,50,
TX,,Medically Underserved Area,Cameron,6/25/19,50,
TX,,Medically Underserved Area,Cameron,6/25/19,50,
TX,,Medically Underserved Area,Cameron,6/25/19,50,
TX,,Medically Underserved Area,Cameron,6/25/19,50,
TX,,Medically Underserved Area,Cameron,6/25/19,50,
TX,,Medically Underserved Area,Cameron,6/25/19,50,
TX,,Medically Underserved Area,Cameron,6/25/19,50,
TX,,Medically Underserved Area,Cameron,6/25/19,50,
TX,,Medically Underserved Area,Cameron,6/25/19,50,
TX,,Medically Underserved Area,Cameron,6/25/19,50,
TX,,Medically Underserved Area,Camp,11/1/78,32.6,Rural
TX,,Medically Underserved Area,Carson,11/1/78,61,Rural
TX,,Medically Underserved Area,Carson,8/12/19,61,Rural
TX,1.5,Medically Underserved Area,Cass,4/23/19,52.2,Rural
TX,,Medically Underserved Area,Castro,11/1/78,36.7,Rural
TX,,Medically Underserved Area,Chambers,11/1/78,57.1,Non-Rural
TX,,Medically Underserved Area,Chambers,8/12/19,57.1,Non-Rural
TX,,Medically Underserved Area,Cherokee,10/18/11,61,Rural
TX,,Medically Underserved Area,Cherokee,10/18/11,58.1,
TX,,Medically Underserved Area,Cherokee,10/18/11,58.1,
TX,,Medically Underserved Area,Cherokee,10/18/11,58.1,
TX,,Medically Underserved Area,Childress,11/1/78,60.5,Rural
TX,,Medically Underserved Area,Childress,8/12/19,60.5,Rural
TX,,Medically Underserved Area,Clay,3/29/00,61.1,
TX,0.5,Medically Underserved Area,Clay,5/13/19,53.7,Partially Rural
TX,0.5,Medically Underserved Area,Cochran,4/23/19,60.1,Rural
TX,0,Medically Underserved Area,Coke,4/23/19,46.2,Rural
TX,9,Medically Underserved Area,Coleman,4/23/19,57.9,Rural
TX,,Medically Underserved Area,Collin,7/13/94,58.67,Non-Rural
TX,,Medically Underserved Area,Collin,7/13/94,58.67,Non-Rural
TX,,Medically Underserved Area,Collin,7/13/94,58.67,Non-Rural
TX,,Medically Underserved Area,Collin,7/13/94,58.67,Non-Rural
TX,,Medically Underserved Area,Collin,7/13/94,58.67,Non-Rural
TX,,Medically Underserved Area,Collin,7/13/94,58.67,Non-Rural
TX,,Medically Underserved Area,Collin,7/13/94,58.67,Non-Rural
TX,,Medically Underserved Area,Collin,7/13/94,58.67,Non-Rural
TX,,Medically Underserved Area,Collin,7/13/94,58.67,Non-Rural
TX,,Medically Underserved Area,Collin,7/13/94,58.67,Non-Rural
TX,,Medically Underserved Area,Collin,7/13/94,58.67,Non-Rural
TX,,Medically Underserved Area,Collingsworth,11/1/78,32.7,Rural
TX,,Medically Underserved Area,Collingsworth,8/12/19,32.7,Rural
TX,,Medically Underserved Area,Colorado,7/24/02,51.4,Rural
TX,,Medically Underserved Area,Colorado,7/24/02,51.4,Rural
TX,10.7,Medically Underserved Area,Comanche,4/23/19,58.3,Rural
TX,,Medically Underserved Area,Concho,7/12/94,0,Rural
TX,5.7,Medically Underserved Area,Concho,5/13/19,59.7,Rural
TX,,Medically Underserved Area,Concho,5/13/19,0,Rural
TX,,Medically Underserved Area,Concho,6/25/19,0,
TX,,Medically Underserved Area,Cooke,11/1/78,52.8,Rural
TX,,Medically Underserved Area,Coryell,11/1/78,53.2,Partially Rural
TX,,Medically Underserved Area,Coryell,8/12/19,53.2,Partially Rural
TX,0,Medically Underserved Area,Cottle,4/23/19,38.6,Rural
TX,,Medically Underserved Area,Crane,8/12/92,59.8,Rural
TX,,Medically Underserved Area,Crane,8/12/19,59.8,Rural
TX,,Medically Underserved Area,Crockett,9/22/96,60,Rural
TX,1.5,Medically Underserved Area,Crosby,4/23/19,56.8,Partially Rural
TX,7.3,Medically Underserved Area,Culberson,4/23/19,59.9,Rural
TX,,Medically Underserved Area,Dallam,12/22/08,61.8,Rural
TX,,Medically Underserved Area,Dallas,1/31/94,53.4,Non-Rural
TX,,Medically Underserved Area,Dallas,1/31/94,53.4,Non-Rural
TX,,Medically Underserved Area,Dallas,1/31/94,53.4,Non-Rural
TX,,Medically Underserved Area,Dallas,1/31/94,53.4,Non-Rural
TX,,Medically Underserved Area,Dallas,1/31/94,53.4,Non-Rural
TX,,Medically Underserved Area,Dallas,1/31/94,53.4,Non-Rural
TX,,Medically Underserved Area,Dallas,5/4/94,56,Non-Rural
TX,,Medically Underserved Area,Dallas,5/4/94,56,Non-Rural
TX,,Medically Underserved Area,Dallas,5/4/94,56,Non-Rural
TX,,Medically Underserved Area,Dallas,5/4/94,56,Non-Rural
TX,,Medically Underserved Area,Dallas,5/4/94,56,Non-Rural
TX,,Medically Underserved Area,Dallas,5/4/94,56,Non-Rural
TX,,Medically Underserved Area,Dallas,5/4/94,49.5,Non-Rural
TX,,Medically Underserved Area,Dallas,5/4/94,49.5,Non-Rural
TX,,Medically Underserved Area,Dallas,5/4/94,49.5,Non-Rural
TX,,Medically Underserved Area,Dallas,5/4/94,49.5,Non-Rural
TX,,Medically Underserved Area,Dallas,5/4/94,49.5,Non-Rural
TX,,Medically Underserved Area,Dallas,5/4/94,49.5,Non-Rural
TX,,Medically Underserved Area,Dallas,5/11/94,57.05,Non-Rural
TX,,Medically Underserved Area,Dallas,5/11/94,57.05,Non-Rural
TX,,Medically Underserved Area,Dallas,5/11/94,56.91,Non-Rural
TX,,Medically Underserved Area,Dallas,5/11/94,56.91,Non-Rural
TX,,Medically Underserved Area,Dallas,5/11/94,56.91,Non-Rural
TX,,Medically Underserved Area,Dallas,5/11/94,56.91,Non-Rural
TX,,Medically Underserved Area,Dallas,5/11/94,56.91,Non-Rural
TX,,Medically Underserved Area,Dallas,5/11/94,56.91,Non-Rural
TX,,Medically Underserved Area,Dallas,5/11/94,56.91,Non-Rural
TX,,Medically Underserved Area,Dallas,5/11/94,56.2,Non-Rural
TX,,Medically Underserved Area,Dallas,5/27/99,50.5,Non-Rural
TX,,Medically Underserved Area,Dallas,5/27/99,49.1,Non-Rural
TX,,Medically Underserved Area,Dallas,5/27/99,46.3,Non-Rural
TX,,Medically Underserved Area,Dallas,5/27/99,45.8,Non-Rural
TX,,Medically Underserved Area,Dallas,5/27/99,44.9,Non-Rural
TX,,Medically Underserved Area,Dallas,1/14/03,60,Non-Rural
TX,,Medically Underserved Area,Dallas,1/14/03,60,Non-Rural
TX,,Medically Underserved Area,Dallas,11/12/03,61,Non-Rural
TX,,Medically Underserved Area,Dallas,11/12/03,61,Non-Rural
TX,,Medically Underserved Area,Dallas,11/12/03,61,Non-Rural
TX,,Medically Underserved Area,Dallas,11/12/03,61,Non-Rural
TX,,Medically Underserved Area,Dallas,11/12/03,61,Non-Rural
TX,,Medically Underserved Area,Dallas,11/12/03,61,Non-Rural
TX,,Medically Underserved Area,Dallas,3/10/08,59.8,Non-Rural
TX,,Medically Underserved Area,Dallas,3/10/08,59.8,Non-Rural
TX,,Medically Underserved Area,Dallas,3/10/08,59.8,Non-Rural
TX,,Medically Underserved Area,Dallas,3/10/08,59.8,Non-Rural
TX,,Medically Underserved Area,Dallas,3/10/08,59.8,Non-Rural
TX,,Medically Underserved Area,Dallas,3/10/08,59.8,Non-Rural
TX,,Medically Underserved Area,Dallas,3/10/08,59.8,Non-Rural
TX,,Medically Underserved Area,Dallas,3/10/08,59.8,Non-Rural
TX,,Medically Underserved Area,Dallas,3/10/08,59.8,Non-Rural
TX,,Medically Underserved Area,Dallas,3/10/08,59.8,Non-Rural
TX,,Medically Underserved Area,Dallas,3/10/08,59.8,Non-Rural
TX,,Medically Underserved Area,Dallas,7/11/13,61.2,Non-Rural
TX,,Medically Underserved Area,Dallas,7/11/13,61.2,Non-Rural
TX,,Medically Underserved Area,Dallas,7/11/13,61.2,Non-Rural
TX,,Medically Underserved Area,Dallas,7/11/13,61.2,Non-Rural
TX,,Medically Underserved Area,Dallas,7/11/13,61.2,Non-Rural
TX,,Medically Underserved Area,Dallas,7/11/13,61.2,Non-Rural
TX,,Medically Underserved Area,Dallas,7/11/13,61.2,Non-Rural
TX,,Medically Underserved Area,Dallas,7/11/13,61.2,Non-Rural
TX,,Medically Underserved Area,Dallas,7/11/13,61.2,Non-Rural
TX,,Medically Underserved Area,Dallas,7/11/13,61.2,Non-Rural
TX,,Medically Underserved Area,Dallas,7/11/13,61.2,Non-Rural
TX,,Medically Underserved Area,Dallas,7/11/13,61.2,Non-Rural
TX,,Medically Underserved Area,Dallas,7/11/13,61.2,Non-Rural
TX,,Medically Underserved Area,Dallas,7/11/13,61.2,Non-Rural
TX,,Medically Underserved Area,Dallas,7/11/13,61.2,Non-Rural
TX,,Medically Underserved Area,Dallas,7/11/13,61.2,Non-Rural
TX,,Medically Underserved Area,Dallas,7/11/13,61.2,Non-Rural
TX,,Medically Underserved Area,Dallas,7/11/13,61.2,Non-Rural
TX,,Medically Underserved Area,Dallas,7/11/13,61.2,Non-Rural
TX,,Medically Underserved Area,Dallas,7/11/13,61.2,Non-Rural
TX,,Medically Underserved Area,Dallas,7/11/13,61.2,Non-Rural
TX,,Medically Underserved Area,Dallas,7/11/13,61.2,Non-Rural
TX,,Medically Underserved Area,Dallas,7/11/13,61.2,Non-Rural
TX,,Medically Underserved Area,Dallas,7/11/13,61.2,Non-Rural
TX,,Medically Underserved Area,Dallas,11/13/13,46,Non-Rural
TX,,Medically Underserved Area,Dallas,11/21/13,61.3,Non-Rural
TX,,Medically Underserved Area,Dallas,11/21/13,61.3,Non-Rural
TX,,Medically Underserved Area,Dallas,11/21/13,61.3,Non-Rural
TX,,Medically Underserved Area,Dallas,11/21/13,61.3,Non-Rural
TX,,Medically Underserved Area,Dallas,4/10/14,51.8,Non-Rural
TX,,Medically Underserved Area,Dallas,4/10/14,51.8,Non-Rural
TX,,Medically Underserved Area,Dallas,4/10/14,51.8,Non-Rural
TX,,Medically Underserved Area,Dallas,8/1/14,61.1,Non-Rural
TX,,Medically Underserved Area,Dallas,8/1/14,61.1,Non-Rural
TX,,Medically Underserved Area,Dallas,8/1/14,61.1,Non-Rural
TX,,Medically Underserved Area,Dallas,8/1/14,61.1,Non-Rural
TX,,Medically Underserved Area,Dallas,8/1/14,61.1,Non-Rural
TX,,Medically Underserved Area,Dallas,11/19/19,61.3,Non-Rural
TX,,Medically Underserved Area,Dallas,11/19/19,61.3,Non-Rural
TX,,Medically Underserved Area,Dallas,11/19/19,61.3,Non-Rural
TX,,Medically Underserved Area,Dallas,11/19/19,61.3,Non-Rural
TX,,Medically Underserved Area,Dallas,11/19/19,61.2,Non-Rural
TX,,Medically Underserved Area,Dallas,11/19/19,61.2,Non-Rural
TX,,Medically Underserved Area,Dallas,11/19/19,61.2,Non-Rural
TX,,Medically Underserved Area,Dallas,11/19/19,61.2,Non-Rural
TX,,Medically Underserved Area,Dallas,11/19/19,61.2,Non-Rural
TX,,Medically Underserved Area,Dallas,11/19/19,61.2,Non-Rural
TX,,Medically Underserved Area,Dallas,11/19/19,61.2,Non-Rural
TX,,Medically Underserved Area,Dallas,11/19/19,61.2,Non-Rural
TX,,Medically Underserved Area,Dallas,11/19/19,61.2,Non-Rural
TX,,Medically Underserved Area,Dallas,11/19/19,61.2,Non-Rural
TX,,Medically Underserved Area,Dallas,11/19/19,61.2,Non-Rural
TX,,Medically Underserved Area,Dallas,11/19/19,61.2,Non-Rural
TX,,Medically Underserved Area,Dallas,11/19/19,61.2,Non-Rural
TX,,Medically Underserved Area,Dallas,11/19/19,61.2,Non-Rural
TX,,Medically Underserved Area,Dallas,11/19/19,61.2,Non-Rural
TX,,Medically Underserved Area,Dallas,11/19/19,61.2,Non-Rural
TX,,Medically Underserved Area,Dallas,11/19/19,61.2,Non-Rural
TX,,Medically Underserved Area,Dallas,11/19/19,61.2,Non-Rural
TX,,Medically Underserved Area,Dallas,11/19/19,61.2,Non-Rural
TX,,Medically Underserved Area,Dallas,11/19/19,61.2,Non-Rural
TX,,Medically Underserved Area,Dallas,11/19/19,61.2,Non-Rural
TX,,Medically Underserved Area,Dallas,11/19/19,61.2,Non-Rural
TX,,Medically Underserved Area,Dallas,11/19/19,61.2,Non-Rural
TX,,Medically Underserved Area,Dallas,11/19/19,61.2,Non-Rural
TX,,Medically Underserved Area,Dallas,11/19/19,60,Non-Rural
TX,,Medically Underserved Area,Dallas,11/19/19,60,Non-Rural
TX,,Medically Underserved Area,Dallas,11/19/19,59.8,Non-Rural
TX,,Medically Underserved Area,Dallas,11/19/19,59.8,Non-Rural
TX,,Medically Underserved Area,Dallas,11/19/19,59.8,Non-Rural
TX,,Medically Underserved Area,Dallas,11/19/19,59.8,Non-Rural
TX,,Medically Underserved Area,Dallas,11/19/19,59.8,Non-Rural
TX,,Medically Underserved Area,Dallas,11/19/19,59.8,Non-Rural
TX,,Medically Underserved Area,Dallas,11/19/19,59.8,Non-Rural
TX,,Medically Underserved Area,Dallas,11/19/19,59.8,Non-Rural
TX,,Medically Underserved Area,Dallas,11/19/19,59.8,Non-Rural
TX,,Medically Underserved Area,Dallas,11/19/19,59.8,Non-Rural
TX,,Medically Underserved Area,Dallas,11/19/19,59.8,Non-Rural
TX,,Medically Underserved Area,Dallas,11/19/19,57.05,Non-Rural
TX,,Medically Underserved Area,Dallas,11/19/19,57.05,Non-Rural
TX,,Medically Underserved Area,Dallas,11/19/19,56.2,Non-Rural
TX,,Medically Underserved Area,Dallas,11/19/19,53.4,Non-Rural
TX,,Medically Underserved Area,Dallas,11/19/19,53.4,Non-Rural
TX,,Medically Underserved Area,Dallas,11/19/19,53.4,Non-Rural
TX,,Medically Underserved Area,Dallas,11/19/19,53.4,Non-Rural
TX,,Medically Underserved Area,Dallas,11/19/19,53.4,Non-Rural
TX,,Medically Underserved Area,Dallas,11/19/19,53.4,Non-Rural
TX,,Medically Underserved Area,Dallas,11/19/19,50.5,Non-Rural
TX,,Medically Underserved Area,Dallas,11/19/19,49.5,Non-Rural
TX,,Medically Underserved Area,Dallas,11/19/19,49.5,Non-Rural
TX,,Medically Underserved Area,Dallas,11/19/19,49.5,Non-Rural
TX,,Medically Underserved Area,Dallas,11/19/19,49.5,Non-Rural
TX,,Medically Underserved Area,Dallas,11/19/19,49.5,Non-Rural
TX,,Medically Underserved Area,Dallas,11/19/19,49.5,Non-Rural
TX,,Medically Underserved Area,Dallas,11/19/19,49.1,Non-Rural
TX,,Medically Underserved Area,Dallas,11/19/19,46.3,Non-Rural
TX,,Medically Underserved Area,Dallas,11/19/19,44.9,Non-Rural
TX,,Medically Underserved Area,Dawson,11/1/78,50,Rural
TX,,Medically Underserved Area,Deaf Smith,11/1/78,58.4,Rural
TX,0,Medically Underserved Area,Delta,4/23/19,49.4,Rural
TX,,Medically Underserved Area,Denton,2/3/94,0,Non-Rural
TX,,Medically Underserved Area,Denton,2/11/02,59.64,Non-Rural
TX,,Medically Underserved Area,DeWitt,11/1/78,40.8,Rural
TX,,Medically Underserved Area,DeWitt,8/12/19,40.8,Rural
TX,0,Medically Underserved Area,Dickens,4/23/19,47.9,Rural
TX,9,Medically Underserved Area,Donley,4/23/19,58.5,Rural
TX,0,Medically Underserved Area,Duval,4/23/19,49.7,Rural
TX,5.7,Medically Underserved Area,Eastland,6/8/16,56.4,Rural
TX,,Medically Underserved Area,Ector,5/11/94,53.04,Non-Rural
TX,,Medically Underserved Area,Ector,5/11/94,53.04,Non-Rural
TX,,Medically Underserved Area,Ector,5/11/94,53.04,Non-Rural
TX,,Medically Underserved Area,Ector,5/11/94,53.04,Non-Rural
TX,9,Medically Underserved Area,Edwards,4/23/19,59.7,Rural
TX,,Medically Underserved Area,El Paso,5/11/94,51.9,Non-Rural
TX,,Medically Underserved Area,El Paso,5/11/94,51.9,Non-Rural
TX,,Medically Underserved Area,El Paso,5/11/94,51.9,Non-Rural
TX,,Medically Underserved Area,El Paso,5/11/94,51.9,Non-Rural
TX,,Medically Underserved Area,El Paso,5/11/94,51.9,Non-Rural
TX,,Medically Underserved Area,El Paso,5/11/94,51.9,Non-Rural
TX,,Medically Underserved Area,El Paso,5/11/94,51.9,Non-Rural
TX,,Medically Underserved Area,El Paso,5/11/94,51.9,Non-Rural
TX,,Medically Underserved Area,El Paso,5/11/94,51.9,Non-Rural
TX,,Medically Underserved Area,El Paso,5/11/94,51.9,Non-Rural
TX,,Medically Underserved Area,El Paso,5/11/94,51.9,Non-Rural
TX,,Medically Underserved Area,El Paso,5/11/94,51.9,Non-Rural
TX,,Medically Underserved Area,El Paso,5/11/94,51.9,Non-Rural
TX,,Medically Underserved Area,El Paso,5/11/94,51.9,Non-Rural
TX,,Medically Underserved Area,El Paso,5/11/94,51.9,Non-Rural
TX,,Medically Underserved Area,El Paso,5/11/94,51.9,Non-Rural
TX,,Medically Underserved Area,El Paso,5/11/94,51.9,Non-Rural
TX,,Medically Underserved Area,El Paso,5/11/94,51.9,Non-Rural
TX,,Medically Underserved Area,El Paso,5/11/94,51.34,Non-Rural
TX,,Medically Underserved Area,El Paso,5/11/94,51.34,Non-Rural
TX,,Medically Underserved Area,El Paso,5/11/94,51.34,Non-Rural
TX,,Medically Underserved Area,El Paso,5/11/94,51.34,Non-Rural
TX,,Medically Underserved Area,El Paso,5/11/94,51.34,Non-Rural
TX,,Medically Underserved Area,El Paso,4/29/99,54.8,Non-Rural
TX,,Medically Underserved Area,El Paso,4/29/99,54.8,Non-Rural
TX,,Medically Underserved Area,El Paso,4/29/99,54.8,Non-Rural
TX,,Medically Underserved Area,El Paso,4/29/99,54.8,Non-Rural
TX,,Medically Underserved Area,El Paso,4/29/99,54.8,Non-Rural
TX,,Medically Underserved Area,El Paso,4/29/99,54.8,Non-Rural
TX,,Medically Underserved Area,El Paso,2/11/02,58.6,Non-Rural
TX,,Medically Underserved Area,El Paso,2/23/04,52,Non-Rural
TX,,Medically Underserved Area,El Paso,2/23/04,52,Non-Rural
TX,,Medically Underserved Area,El Paso,2/23/04,52,Non-Rural
TX,,Medically Underserved Area,El Paso,8/6/10,54.2,Non-Rural
TX,,Medically Underserved Area,El Paso,8/6/10,54.2,Non-Rural
TX,,Medically Underserved Area,El Paso,8/6/10,54.2,Non-Rural
TX,,Medically Underserved Area,El Paso,8/6/10,54.2,Non-Rural
TX,,Medically Underserved Area,El Paso,8/6/10,54.2,Non-Rural
TX,,Medically Underserved Area,El Paso,8/6/10,54.2,Non-Rural
TX,,Medically Underserved Area,El Paso,8/6/10,54.2,Non-Rural
TX,,Medically Underserved Area,El Paso,8/6/10,54.2,Non-Rural
TX,,Medically Underserved Area,El Paso,8/6/10,54.2,Non-Rural
TX,,Medically Underserved Area,El Paso,8/6/10,54.2,
TX,,Medically Underserved Area,El Paso,8/6/10,54.2,Non-Rural
TX,,Medically Underserved Area,El Paso,8/6/10,54.2,Non-Rural
TX,,Medically Underserved Area,El Paso,3/17/11,54.5,Non-Rural
TX,,Medically Underserved Area,El Paso,3/17/11,54.5,Non-Rural
TX,,Medically Underserved Area,El Paso,3/17/11,54.5,Non-Rural
TX,,Medically Underserved Area,El Paso,3/17/11,54.5,Non-Rural
TX,,Medically Underserved Area,El Paso,3/17/11,54.5,Non-Rural
TX,,Medically Underserved Area,El Paso,3/17/11,54.5,Non-Rural
TX,,Medically Underserved Area,El Paso,3/17/11,54.5,Non-Rural
TX,,Medically Underserved Area,El Paso,3/17/11,54.5,Non-Rural
TX,,Medically Underserved Area,El Paso,3/17/11,54.5,Non-Rural
TX,,Medically Underserved Area,El Paso,3/17/11,54.5,Non-Rural
TX,,Medically Underserved Area,El Paso,3/17/11,54.5,Non-Rural
TX,,Medically Underserved Area,El Paso,3/17/11,54.5,Non-Rural
TX,,Medically Underserved Area,El Paso,3/17/11,54.5,Non-Rural
TX,,Medically Underserved Area,El Paso,3/17/11,54.5,Non-Rural
TX,,Medically Underserved Area,El Paso,3/17/11,54.5,Non-Rural
TX,,Medically Underserved Area,El Paso,3/17/11,54.5,Non-Rural
TX,,Medically Underserved Area,El Paso,3/17/11,54.5,Non-Rural
TX,,Medically Underserved Area,El Paso,3/17/11,54.5,Non-Rural
TX,,Medically Underserved Area,El Paso,3/17/11,54.5,Non-Rural
TX,,Medically Underserved Area,El Paso,3/17/11,54.5,Non-Rural
TX,,Medically Underserved Area,El Paso,3/17/11,54.5,Non-Rural
TX,,Medically Underserved Area,El Paso,3/17/11,54.5,Non-Rural
TX,,Medically Underserved Area,El Paso,3/17/11,54.5,Non-Rural
TX,,Medically Underserved Area,El Paso,3/17/11,54.5,Non-Rural
TX,,Medically Underserved Area,El Paso,3/17/11,54.5,Non-Rural
TX,,Medically Underserved Area,El Paso,3/17/11,54.5,Non-Rural
TX,,Medically Underserved Area,El Paso,3/17/11,54.5,Non-Rural
TX,,Medically Underserved Area,El Paso,3/17/11,52.88,
TX,,Medically Underserved Area,El Paso,3/17/11,52.88,
TX,,Medically Underserved Area,El Paso,3/17/11,52.88,
TX,,Medically Underserved Area,El Paso,3/17/11,52.88,
TX,,Medically Underserved Area,El Paso,3/17/11,52.88,
TX,,Medically Underserved Area,El Paso,3/17/11,52.88,
TX,,Medically Underserved Area,El Paso,3/17/11,52.88,Non-Rural
TX,,Medically Underserved Area,El Paso,3/17/11,52.88,
TX,,Medically Underserved Area,El Paso,3/17/11,52.88,
TX,,Medically Underserved Area,El Paso,3/17/11,52.88,
TX,,Medically Underserved Area,El Paso,3/17/11,52.88,
TX,,Medically Underserved Area,El Paso,3/17/11,52.88,Non-Rural
TX,,Medically Underserved Area,El Paso,3/17/11,52.88,Non-Rural
TX,,Medically Underserved Area,El Paso,3/17/11,52.88,
TX,0.5,Medically Underserved Area,El Paso,7/10/19,58.7,Non-Rural
TX,0.5,Medically Underserved Area,El Paso,7/10/19,58.7,Non-Rural
TX,0.5,Medically Underserved Area,El Paso,7/10/19,58.7,Non-Rural
TX,0.5,Medically Underserved Area,El Paso,7/10/19,58.7,Non-Rural
TX,0.5,Medically Underserved Area,El Paso,7/10/19,58.7,Non-Rural
TX,0.5,Medically Underserved Area,El Paso,7/10/19,58.7,Non-Rural
TX,0.5,Medically Underserved Area,El Paso,7/10/19,58.7,Non-Rural
TX,0.5,Medically Underserved Area,El Paso,7/10/19,58.7,Non-Rural
TX,0.5,Medically Underserved Area,El Paso,7/10/19,58.7,Non-Rural
TX,0.5,Medically Underserved Area,El Paso,7/10/19,58.7,Non-Rural
TX,0.5,Medically Underserved Area,El Paso,7/10/19,58.7,Non-Rural
TX,0.5,Medically Underserved Area,El Paso,7/10/19,58.7,Non-Rural
TX,0.5,Medically Underserved Area,El Paso,7/10/19,58.7,Non-Rural
TX,0.5,Medically Underserved Area,El Paso,7/10/19,58.7,Non-Rural
TX,0.5,Medically Underserved Area,El Paso,7/10/19,58.7,Non-Rural
TX,0.5,Medically Underserved Area,El Paso,7/10/19,58.7,Non-Rural
TX,0.5,Medically Underserved Area,El Paso,7/10/19,58.7,Non-Rural
TX,0.5,Medically Underserved Area,El Paso,7/10/19,58.7,Non-Rural
TX,0.5,Medically Underserved Area,El Paso,7/10/19,58.7,Non-Rural
TX,0.5,Medically Underserved Area,El Paso,7/10/19,58.7,Non-Rural
TX,0.5,Medically Underserved Area,El Paso,7/10/19,58.7,Non-Rural
TX,0.5,Medically Underserved Area,El Paso,7/10/19,58.7,Non-Rural
TX,0.5,Medically Underserved Area,El Paso,7/10/19,58.7,Non-Rural
TX,0.5,Medically Underserved Area,El Paso,7/10/19,58.7,Non-Rural
TX,0.5,Medically Underserved Area,El Paso,7/10/19,58.7,Non-Rural
TX,0.5,Medically Underserved Area,El Paso,7/10/19,58.7,Non-Rural
TX,0.5,Medically Underserved Area,El Paso,7/10/19,58.7,Non-Rural
TX,,Medically Underserved Area,El Paso,7/10/19,51.9,Non-Rural
TX,,Medically Underserved Area,El Paso,7/10/19,51.9,Non-Rural
TX,,Medically Underserved Area,El Paso,7/10/19,51.9,Non-Rural
TX,,Medically Underserved Area,El Paso,7/10/19,51.9,Non-Rural
TX,,Medically Underserved Area,El Paso,7/10/19,51.9,Non-Rural
TX,,Medically Underserved Area,El Paso,7/10/19,51.9,Non-Rural
TX,,Medically Underserved Area,El Paso,7/10/19,51.9,Non-Rural
TX,,Medically Underserved Area,El Paso,7/10/19,51.9,Non-Rural
TX,,Medically Underserved Area,El Paso,7/10/19,51.9,Non-Rural
TX,,Medically Underserved Area,El Paso,7/10/19,51.9,Non-Rural
TX,,Medically Underserved Area,El Paso,7/10/19,51.9,Non-Rural
TX,,Medically Underserved Area,El Paso,7/10/19,51.9,Non-Rural
TX,,Medically Underserved Area,El Paso,7/10/19,51.9,Non-Rural
TX,,Medically Underserved Area,El Paso,7/10/19,51.9,Non-Rural
TX,,Medically Underserved Area,El Paso,7/10/19,51.9,Non-Rural
TX,,Medically Underserved Area,El Paso,7/10/19,51.9,Non-Rural
TX,,Medically Underserved Area,El Paso,7/10/19,51.9,Non-Rural
TX,,Medically Underserved Area,El Paso,7/10/19,51.9,Non-Rural
TX,,Medically Underserved Area,El Paso,7/10/19,51.34,Non-Rural
TX,,Medically Underserved Area,El Paso,7/10/19,51.34,Non-Rural
TX,,Medically Underserved Area,El Paso,7/10/19,51.34,Non-Rural
TX,,Medically Underserved Area,El Paso,7/10/19,51.34,Non-Rural
TX,,Medically Underserved Area,El Paso,7/10/19,51.34,Non-Rural
TX,,Medically Underserved Area,Ellis,5/11/94,55.24,Non-Rural
TX,,Medically Underserved Area,Ellis,5/11/94,55.24,Non-Rural
TX,,Medically Underserved Area,Ellis,5/11/94,55.24,Non-Rural
TX,,Medically Underserved Area,Ellis,5/11/94,55.24,Non-Rural
TX,,Medically Underserved Area,Ellis,5/11/94,55.24,Non-Rural
TX,,Medically Underserved Area,Ellis,5/11/94,55.24,Non-Rural
TX,,Medically Underserved Area,Ellis,5/11/94,55.24,Non-Rural
TX,,Medically Underserved Area,Ellis,5/11/94,55.24,Rural
TX,,Medically Underserved Area,Ellis,5/11/94,55.24,Rural
TX,,Medically Underserved Area,Ellis,5/11/94,55.24,Non-Rural
TX,,Medically Underserved Area,Ellis,5/11/94,55.24,Non-Rural
TX,,Medically Underserved Area,Ellis,5/11/94,55.24,Non-Rural
TX,,Medically Underserved Area,Ellis,5/11/94,55.24,Non-Rural
TX,,Medically Underserved Area,Ellis,5/11/94,55.24,Rural
TX,,Medically Underserved Area,Ellis,5/11/94,55.24,Non-Rural
TX,,Medically Underserved Area,Ellis,5/11/94,55.24,Non-Rural
TX,,Medically Underserved Area,Ellis,5/11/94,55.24,Non-Rural
TX,,Medically Underserved Area,Ellis,5/11/94,55.24,Non-Rural
TX,,Medically Underserved Area,Ellis,5/11/94,55.24,Non-Rural
TX,,Medically Underserved Area,Ellis,5/11/94,55.24,Non-Rural
TX,,Medically Underserved Area,Erath,11/1/78,54.4,Rural
TX,2.8,Medically Underserved Area,Falls,4/23/19,54.1,Partially Rural
TX,2.8,Medically Underserved Area,Fannin,4/23/19,57.8,Rural
TX,5.7,Medically Underserved Area,Fayette,4/23/19,59.7,Rural
TX,0,Medically Underserved Area,Fisher,4/23/19,47.9,Rural
TX,,Medically Underserved Area,Floyd,11/1/78,41.8,Rural
TX,,Medically Underserved Area,Floyd,8/12/19,41.8,Rural
TX,2.8,Medically Underserved Area,Foard,4/23/19,53.5,Rural
TX,,Medically Underserved Area,Fort Bend,5/11/94,54.25,Non-Rural
TX,,Medically Underserved Area,Fort Bend,5/11/94,54.25,Non-Rural
TX,,Medically Underserved Area,Fort Bend,5/11/94,54.25,Non-Rural
TX,,Medically Underserved Area,Fort Bend,5/11/94,54.25,Non-Rural
TX,,Medically Underserved Area,Fort Bend,5/11/94,54.25,Non-Rural
TX,,Medically Underserved Area,Fort Bend,5/11/94,54.25,Non-Rural
TX,0,MUP Low Income,Jasper,11/29/19,57,Rural
TX,,Medically Underserved Area,Fort Bend,5/11/94,54.25,Non-Rural
TX,,Medically Underserved Area,Fort Bend,5/11/94,54.25,Non-Rural
TX,,Medically Underserved Area,Fort Bend,5/11/94,54.25,Non-Rural
TX,,Medically Underserved Area,Fort Bend,5/11/94,54.25,Non-Rural
TX,,Medically Underserved Area,Fort Bend,5/11/94,54.25,Non-Rural
TX,,Medically Underserved Area,Fort Bend,5/11/94,54.25,Non-Rural
TX,,Medically Underserved Area,Fort Bend,5/11/94,54.25,Non-Rural
TX,,Medically Underserved Area,Fort Bend,5/11/94,54.25,Non-Rural
TX,2.8,Medically Underserved Area,Franklin,11/16/16,60.3,Rural
TX,2.8,Medically Underserved Area,Freestone,4/23/19,56.1,Rural
TX,1.5,Medically Underserved Area,Frio,4/23/19,60,Rural
TX,,Medically Underserved Area,Gaines,11/1/78,43.7,Rural
TX,,Medically Underserved Area,Gaines,8/12/19,43.7,Rural
TX,,Medically Underserved Area,Galveston,5/11/94,60.9,Non-Rural
TX,,Medically Underserved Area,Galveston,5/11/94,52.88,Rural
TX,,Medically Underserved Area,Galveston,5/11/94,52.88,Non-Rural
TX,,Medically Underserved Area,Galveston,5/11/94,52.88,Rural
TX,,Medically Underserved Area,Galveston,5/11/94,52.88,Rural
TX,,Medically Underserved Area,Galveston,5/11/94,52.88,Rural
TX,,Medically Underserved Area,Galveston,4/12/02,59.3,Non-Rural
TX,,Medically Underserved Area,Galveston,4/12/02,59.3,Non-Rural
TX,,Medically Underserved Area,Galveston,4/12/02,59.3,Non-Rural
TX,,Medically Underserved Area,Galveston,5/13/19,60.9,Non-Rural
TX,0,Medically Underserved Area,Galveston,5/13/19,59.8,Non-Rural
TX,0,Medically Underserved Area,Galveston,5/13/19,59.8,Non-Rural
TX,0,Medically Underserved Area,Galveston,5/13/19,59.8,Non-Rural
TX,,Medically Underserved Area,Galveston,6/25/19,60.9,
TX,0,Medically Underserved Area,Garza,12/5/16,60.8,Rural
TX,,Medically Underserved Area,Glasscock,11/1/78,57.9,Rural
TX,,Medically Underserved Area,Glasscock,8/12/19,57.9,Rural
TX,1.5,Medically Underserved Area,Goliad,4/23/19,53.5,Partially Rural
TX,,Medically Underserved Area,Gonzales,11/1/78,37.7,Rural
TX,,Medically Underserved Area,Gray,7/12/94,54.2,Rural
TX,1.5,Medically Underserved Area,Gray,11/29/19,61,Rural
TX,,Medically Underserved Area,Gray,11/29/19,54.2,Rural
TX,,Medically Underserved Area,Grayson,7/12/94,56.2,Non-Rural
TX,,Medically Underserved Area,Grayson,2/25/09,54.6,Non-Rural
TX,,Medically Underserved Area,Grayson,2/25/09,54.6,Non-Rural
TX,,Medically Underserved Area,Grayson,2/25/09,54.6,
TX,,Medically Underserved Area,Grayson,11/29/19,56.2,Non-Rural
TX,,Medically Underserved Area,Gregg,2/1/94,0,Rural
TX,,Medically Underserved Area,Gregg,2/1/94,0,Non-Rural
TX,,Medically Underserved Area,Gregg,2/1/94,0,Non-Rural
TX,,Medically Underserved Area,Gregg,2/1/94,0,Non-Rural
TX,,Medically Underserved Area,Gregg,2/1/94,0,Non-Rural
TX,,Medically Underserved Area,Gregg,2/1/94,0,Non-Rural
TX,,Medically Underserved Area,Gregg,2/1/94,0,Non-Rural
TX,4.1,Medically Underserved Area,Grimes,4/23/19,59.8,Rural
TX,,Medically Underserved Area,Guadalupe,5/11/94,53.07,Rural
TX,,Medically Underserved Area,Guadalupe,5/11/94,53.07,Rural
TX,,Medically Underserved Area,Guadalupe,5/11/94,53.07,Non-Rural
TX,,Medically Underserved Area,Guadalupe,5/11/94,53.07,Non-Rural
TX,,Medically Underserved Area,Guadalupe,5/11/94,53.07,Non-Rural
TX,,Medically Underserved Area,Guadalupe,5/11/94,53.07,Rural
TX,,Medically Underserved Area,Guadalupe,5/11/94,53.07,Rural
TX,,Medically Underserved Area,Guadalupe,5/11/94,53.07,Rural
TX,,Medically Underserved Area,Hale,2/6/97,55.8,Rural
TX,5.7,Medically Underserved Area,Hall,4/23/19,48.4,Rural
TX,,Medically Underserved Area,Hamilton,4/23/04,45.4,Rural
TX,5.7,Medically Underserved Area,Hamilton,5/13/19,55.2,Rural
TX,4.1,Medically Underserved Area,Hardeman,4/23/19,58.6,Rural
TX,,Medically Underserved Area,Hardin,11/1/78,60.5,Non-Rural
TX,,Medically Underserved Area,Harris,5/4/94,48.4,Non-Rural
TX,,Medically Underserved Area,Harris,5/4/94,48.4,Non-Rural
TX,,Medically Underserved Area,Harris,5/4/94,48.4,Non-Rural
TX,,Medically Underserved Area,Harris,5/4/94,48.4,Non-Rural
TX,,Medically Underserved Area,Harris,5/4/94,48.4,Non-Rural
TX,,Medically Underserved Area,Harris,5/4/94,48.4,Non-Rural
TX,,Medically Underserved Area,Harris,5/4/94,48.4,Non-Rural
TX,,Medically Underserved Area,Harris,3/29/00,52.9,Non-Rural
TX,,Medically Underserved Area,Harris,3/29/00,52.9,Non-Rural
TX,,Medically Underserved Area,Harris,3/29/00,52.9,Non-Rural
TX,,Medically Underserved Area,Harris,3/29/00,52.9,Non-Rural
TX,,Medically Underserved Area,Harris,3/29/00,52.9,Non-Rural
TX,,Medically Underserved Area,Harris,3/29/00,52.9,Non-Rural
TX,,Medically Underserved Area,Harris,3/29/00,52.9,Non-Rural
TX,,Medically Underserved Area,Harris,11/14/01,58.5,Non-Rural
TX,,Medically Underserved Area,Harris,11/14/01,58.5,Non-Rural
TX,,Medically Underserved Area,Harris,11/14/01,58.5,Non-Rural
TX,,Medically Underserved Area,Harris,11/14/01,58.5,Non-Rural
TX,,Medically Underserved Area,Harris,11/14/01,58.5,Non-Rural
TX,,Medically Underserved Area,Harris,11/14/01,58.5,Non-Rural
TX,,Medically Underserved Area,Harris,11/14/01,58.5,Non-Rural
TX,,Medically Underserved Area,Harris,11/14/01,58.5,Non-Rural
TX,,Medically Underserved Area,Harris,11/14/01,58.5,Non-Rural
TX,,Medically Underserved Area,Harris,11/14/01,58.5,Non-Rural
TX,,Medically Underserved Area,Harris,11/14/01,58.5,Non-Rural
TX,,Medically Underserved Area,Harris,11/14/01,58.5,Non-Rural
TX,,Medically Underserved Area,Harris,11/14/01,58.5,Non-Rural
TX,,Medically Underserved Area,Harris,11/14/01,58.5,Non-Rural
TX,,Medically Underserved Area,Harris,11/14/01,58.5,Non-Rural
TX,,Medically Underserved Area,Harris,1/29/02,57.3,Non-Rural
TX,,Medically Underserved Area,Harris,1/29/02,57.3,Non-Rural
TX,,Medically Underserved Area,Harris,1/29/02,57.3,Non-Rural
TX,,Medically Underserved Area,Harris,1/29/02,57.3,Non-Rural
TX,,Medically Underserved Area,Harris,1/29/02,57.3,Non-Rural
TX,,Medically Underserved Area,Harris,1/29/02,57.3,Non-Rural
TX,,Medically Underserved Area,Harris,1/29/02,57.3,Non-Rural
TX,,Medically Underserved Area,Harris,1/29/02,57.3,Non-Rural
TX,,Medically Underserved Area,Harris,1/29/02,57.3,Non-Rural
TX,,Medically Underserved Area,Harris,1/29/02,57.3,Non-Rural
TX,,Medically Underserved Area,Harris,1/29/02,57.3,Non-Rural
TX,,Medically Underserved Area,Harris,1/29/02,57.3,Non-Rural
TX,,Medically Underserved Area,Harris,1/29/02,57.3,Non-Rural
TX,,Medically Underserved Area,Harris,1/29/02,57.3,Non-Rural
TX,,Medically Underserved Area,Harris,1/29/02,57.3,Non-Rural
TX,,Medically Underserved Area,Harris,1/29/02,57.3,Non-Rural
TX,,Medically Underserved Area,Harris,1/29/02,57.3,Non-Rural
TX,,Medically Underserved Area,Harris,1/29/02,57.3,Non-Rural
TX,,Medically Underserved Area,Harris,1/29/02,57.3,Non-Rural
TX,,Medically Underserved Area,Harris,1/29/02,57.3,Non-Rural
TX,,Medically Underserved Area,Harris,1/29/02,57.3,Non-Rural
TX,,Medically Underserved Area,Harris,1/29/02,57.3,Non-Rural
TX,,Medically Underserved Area,Harris,1/29/02,52.2,Non-Rural
TX,,Medically Underserved Area,Harris,1/29/02,52.2,Non-Rural
TX,,Medically Underserved Area,Harris,1/29/02,52.2,Non-Rural
TX,,MUP Low Income,Jefferson,2/28/03,55.6,Non-Rural
TX,,MUP Low Income,Jefferson,2/28/03,55.6,Non-Rural
TX,,MUP Low Income,Jefferson,2/28/03,55.6,Non-Rural
TX,,MUP Low Income,Jefferson,2/28/03,55.6,Non-Rural
TX,,MUP Low Income,Jefferson,2/28/03,55.6,Non-Rural
TX,,MUP Low Income,Jefferson,2/28/03,55.6,Non-Rural
TX,,MUP Low Income,Jefferson,2/28/03,55.6,Non-Rural
TX,,MUP Low Income,Jefferson,2/28/03,55.6,Non-Rural
TX,,MUP Low Income,Jefferson,2/28/03,55.6,Non-Rural
TX,,MUP Low Income,Jefferson,2/28/03,55.6,Non-Rural
TX,,MUP Low Income,Jefferson,2/28/03,55.6,Non-Rural
TX,,MUP Low Income,Jefferson,2/28/03,55.6,Non-Rural
TX,,MUP Low Income,Jefferson,2/28/03,55.6,Non-Rural
TX,,MUP Low Income,Jefferson,2/28/03,55.6,Non-Rural
TX,,MUP Low Income,Jefferson,11/29/19,55.6,Non-Rural
TX,,MUP Low Income,Jefferson,11/29/19,55.6,Non-Rural
TX,,MUP Low Income,Jefferson,11/29/19,55.6,Non-Rural
TX,,MUP Low Income,Jefferson,11/29/19,55.6,Non-Rural
TX,,MUP Low Income,Jefferson,11/29/19,55.6,Non-Rural
TX,,MUP Low Income,Jefferson,11/29/19,55.6,Non-Rural
TX,,MUP Low Income,Jefferson,11/29/19,55.6,Non-Rural
TX,,MUP Low Income,Jefferson,11/29/19,55.6,Non-Rural
TX,,MUP Low Income,Jefferson,11/29/19,55.6,Non-Rural
TX,,MUP Low Income,Jefferson,11/29/19,55.6,Non-Rural
TX,,MUP Low Income,Jefferson,11/29/19,55.6,Non-Rural
TX,,MUP Low Income,Jefferson,11/29/19,55.6,Non-Rural
TX,,MUP Low Income,Jefferson,11/29/19,55.6,Non-Rural
TX,,MUP Low Income,Jefferson,11/29/19,55.6,Non-Rural
TX,,Medically Underserved Area,Harris,1/29/02,52.2,Non-Rural
TX,,Medically Underserved Area,Harris,1/29/02,52.2,Non-Rural
TX,,Medically Underserved Area,Harris,1/29/02,52.2,Non-Rural
TX,,Medically Underserved Area,Harris,1/29/02,52.2,Non-Rural
TX,,Medically Underserved Area,Harris,1/29/02,52.2,Non-Rural
TX,,Medically Underserved Area,Harris,1/29/02,52.2,Non-Rural
TX,,Medically Underserved Area,Harris,1/29/02,52.2,Non-Rural
TX,,Medically Underserved Area,Harris,1/29/02,52.2,Non-Rural
TX,,Medically Underserved Area,Harris,1/29/02,52.2,Non-Rural
TX,,Medically Underserved Area,Harris,1/29/02,52.2,Non-Rural
TX,,Medically Underserved Area,Harris,1/29/02,52.2,Non-Rural
TX,,Medically Underserved Area,Harris,1/29/02,52.2,Non-Rural
TX,,Medically Underserved Area,Harris,1/29/02,52.2,Non-Rural
TX,,Medically Underserved Area,Harris,2/7/02,58.5,Non-Rural
TX,,Medically Underserved Area,Harris,2/7/02,58.5,Non-Rural
TX,,Medically Underserved Area,Harris,2/7/02,58.5,Non-Rural
TX,,Medically Underserved Area,Harris,2/7/02,58.5,Non-Rural
TX,,Medically Underserved Area,Harris,2/7/02,58.5,Non-Rural
TX,,Medically Underserved Area,Harris,2/7/02,58.5,Non-Rural
TX,,Medically Underserved Area,Harris,2/11/02,60.9,Non-Rural
TX,,Medically Underserved Area,Harris,2/11/02,60.9,Non-Rural
TX,,Medically Underserved Area,Harris,2/11/02,60.9,Non-Rural
TX,,Medically Underserved Area,Harris,2/11/02,60.9,Non-Rural
TX,,Medically Underserved Area,Harris,2/11/02,60.9,Non-Rural
TX,,Medically Underserved Area,Harris,2/11/02,60.9,Non-Rural
TX,,Medically Underserved Area,Harris,2/11/02,60.9,Non-Rural
TX,,Medically Underserved Area,Harris,2/11/02,50.8,Non-Rural
TX,,Medically Underserved Area,Harris,2/11/02,50.8,Non-Rural
TX,,Medically Underserved Area,Harris,2/11/02,50.8,Non-Rural
TX,,Medically Underserved Area,Harris,2/11/02,50.8,Non-Rural
TX,,Medically Underserved Area,Harris,2/11/02,50.8,Non-Rural
TX,,Medically Underserved Area,Harris,2/11/02,50.8,Non-Rural
TX,,Medically Underserved Area,Harris,2/11/02,50.8,Non-Rural
TX,,Medically Underserved Area,Harris,2/11/02,50.8,Non-Rural
TX,,Medically Underserved Area,Harris,2/11/02,50.8,Non-Rural
TX,,Medically Underserved Area,Harris,2/11/02,50.8,Non-Rural
TX,,Medically Underserved Area,Harris,2/11/02,50.8,Non-Rural
TX,,Medically Underserved Area,Harris,2/11/02,50.8,Non-Rural
TX,,Medically Underserved Area,Harris,2/11/02,50.8,Non-Rural
TX,,Medically Underserved Area,Harris,2/11/02,50.8,Non-Rural
TX,,Medically Underserved Area,Harris,2/11/02,50.8,Non-Rural
TX,,Medically Underserved Area,Harris,4/3/02,47.5,Non-Rural
TX,,Medically Underserved Area,Harris,4/3/02,47.5,Non-Rural
TX,,Medically Underserved Area,Harris,4/3/02,47.5,Non-Rural
TX,,Medically Underserved Area,Harris,4/3/02,47.5,Non-Rural
TX,,Medically Underserved Area,Harris,4/3/02,47.5,Non-Rural
TX,,Medically Underserved Area,Harris,4/3/02,47.5,Non-Rural
TX,,Medically Underserved Area,Harris,4/3/02,47.5,Non-Rural
TX,,Medically Underserved Area,Harris,4/3/02,47.5,Non-Rural
TX,,Medically Underserved Area,Harris,4/3/02,44.4,Non-Rural
TX,,Medically Underserved Area,Harris,4/3/02,44.4,Non-Rural
TX,,Medically Underserved Area,Harris,4/3/02,44.4,Non-Rural
TX,,Medically Underserved Area,Harris,4/3/02,44.4,Non-Rural
TX,,Medically Underserved Area,Harris,4/11/02,59.9,Non-Rural
TX,,Medically Underserved Area,Harris,4/11/02,59.9,Non-Rural
TX,,Medically Underserved Area,Harris,4/11/02,59.9,Non-Rural
TX,,Medically Underserved Area,Harris,4/11/02,59.9,Non-Rural
TX,,Medically Underserved Area,Harris,4/11/02,59.9,Non-Rural
TX,,Medically Underserved Area,Harris,4/11/02,59.9,Non-Rural
TX,,Medically Underserved Area,Harris,4/11/02,59.9,Non-Rural
TX,,Medically Underserved Area,Harris,4/11/02,59.9,Non-Rural
TX,,Medically Underserved Area,Harris,4/11/02,59.9,Non-Rural
TX,,Medically Underserved Area,Harris,4/11/02,59.9,Non-Rural
TX,,Medically Underserved Area,Harris,4/11/02,59.9,Non-Rural
TX,,Medically Underserved Area,Harris,4/11/02,56.8,Non-Rural
TX,,Medically Underserved Area,Harris,4/11/02,56.8,Non-Rural
TX,,Medically Underserved Area,Harris,4/11/02,56.8,Non-Rural
TX,,Medically Underserved Area,Harris,4/11/02,56.8,Non-Rural
TX,,Medically Underserved Area,Harris,4/11/02,56.8,Non-Rural
TX,,Medically Underserved Area,Harris,4/11/02,56.8,Non-Rural
TX,,Medically Underserved Area,Harris,4/25/02,52,Non-Rural
TX,,Medically Underserved Area,Harris,4/25/02,52,Non-Rural
TX,,Medically Underserved Area,Harris,4/25/02,52,Non-Rural
TX,,Medically Underserved Area,Harris,4/25/02,52,Non-Rural
TX,,Medically Underserved Area,Harris,4/25/02,47.8,Non-Rural
TX,,Medically Underserved Area,Harris,4/25/02,47.8,Non-Rural
TX,,Medically Underserved Area,Harris,4/25/02,37.3,Non-Rural
TX,,Medically Underserved Area,Harris,4/25/02,37.3,Non-Rural
TX,,Medically Underserved Area,Harris,5/14/02,56,Non-Rural
TX,,Medically Underserved Area,Harris,5/14/02,56,Non-Rural
TX,,Medically Underserved Area,Harris,5/14/02,56,Non-Rural
TX,,Medically Underserved Area,Harris,5/14/02,56,Non-Rural
TX,,Medically Underserved Area,Harris,5/14/02,56,Non-Rural
TX,,Medically Underserved Area,Harris,5/14/02,56,Non-Rural
TX,,Medically Underserved Area,Harris,5/14/02,56,Non-Rural
TX,,Medically Underserved Area,Harris,5/14/02,56,Non-Rural
TX,,Medically Underserved Area,Harris,10/2/03,55.4,Non-Rural
TX,,Medically Underserved Area,Harris,10/2/03,55.4,Non-Rural
TX,,Medically Underserved Area,Harris,10/2/03,55.4,Non-Rural
TX,,Medically Underserved Area,Harris,10/2/03,55.4,Non-Rural
TX,,Medically Underserved Area,Harris,10/3/03,55.4,Non-Rural
TX,,Medically Underserved Area,Harris,10/3/03,55.4,Non-Rural
TX,,Medically Underserved Area,Harris,10/3/03,55.4,Non-Rural
TX,,Medically Underserved Area,Harris,10/3/03,55.4,Non-Rural
TX,,Medically Underserved Area,Harris,10/3/03,55.4,Non-Rural
TX,,Medically Underserved Area,Harris,10/3/03,55.4,Non-Rural
TX,,Medically Underserved Area,Harris,10/3/03,55.4,Non-Rural
TX,,Medically Underserved Area,Harris,10/3/03,55.4,Non-Rural
TX,,Medically Underserved Area,Harris,10/3/03,55.4,Non-Rural
TX,,Medically Underserved Area,Harris,10/3/03,55.4,Non-Rural
TX,,Medically Underserved Area,Harris,12/17/04,58.4,Non-Rural
TX,,Medically Underserved Area,Harris,12/17/04,58.4,Non-Rural
TX,,Medically Underserved Area,Harris,12/17/04,58.4,Non-Rural
TX,,Medically Underserved Area,Harris,12/17/04,58.4,Non-Rural
TX,,Medically Underserved Area,Harris,12/17/04,58.4,Non-Rural
TX,,Medically Underserved Area,Harris,12/17/04,58.4,Non-Rural
TX,,Medically Underserved Area,Harris,12/17/04,58.4,Non-Rural
TX,,Medically Underserved Area,Harris,12/17/04,58.4,Non-Rural
TX,,Medically Underserved Area,Harris,12/17/04,58.4,Non-Rural
TX,,Medically Underserved Area,Harris,12/17/04,58.4,Non-Rural
TX,,Medically Underserved Area,Harris,12/17/04,58.4,Non-Rural
TX,,Medically Underserved Area,Harris,12/17/04,58.4,Non-Rural
TX,,Medically Underserved Area,Harris,5/13/19,60.9,Non-Rural
TX,,Medically Underserved Area,Harris,5/13/19,60.9,Non-Rural
TX,,Medically Underserved Area,Harris,5/13/19,60.9,Non-Rural
TX,,Medically Underserved Area,Harris,5/13/19,60.9,Non-Rural
TX,,Medically Underserved Area,Harris,5/13/19,60.9,Non-Rural
TX,,Medically Underserved Area,Harris,5/13/19,60.9,Non-Rural
TX,,Medically Underserved Area,Harris,5/13/19,60.9,Non-Rural
TX,2.8,Medically Underserved Area,Harris,5/13/19,59.3,Non-Rural
TX,2.8,Medically Underserved Area,Harris,5/13/19,59.3,Non-Rural
TX,2.8,Medically Underserved Area,Harris,5/13/19,59.3,Non-Rural
TX,2.8,Medically Underserved Area,Harris,5/13/19,59.3,Non-Rural
TX,2.8,Medically Underserved Area,Harris,5/13/19,59.3,Non-Rural
TX,2.8,Medically Underserved Area,Harris,5/13/19,59.3,Non-Rural
TX,2.8,Medically Underserved Area,Harris,5/13/19,59.3,Non-Rural
TX,2.8,Medically Underserved Area,Harris,5/13/19,59.3,Non-Rural
TX,2.8,Medically Underserved Area,Harris,5/13/19,59.3,Non-Rural
TX,2.8,Medically Underserved Area,Harris,5/13/19,59.3,Non-Rural
TX,2.8,Medically Underserved Area,Harris,5/13/19,59.3,Non-Rural
TX,2.8,Medically Underserved Area,Harris,5/13/19,59.3,Non-Rural
TX,2.8,Medically Underserved Area,Harris,5/13/19,59.3,Non-Rural
TX,2.8,Medically Underserved Area,Harris,5/13/19,59.3,Non-Rural
TX,2.8,Medically Underserved Area,Harris,5/13/19,59.3,Non-Rural
TX,,Medically Underserved Area,Harris,6/25/19,60.9,
TX,,Medically Underserved Area,Harris,6/25/19,60.9,
TX,,Medically Underserved Area,Harris,6/25/19,60.9,
TX,,Medically Underserved Area,Harris,6/25/19,60.9,
TX,,Medically Underserved Area,Harris,6/25/19,60.9,
TX,,Medically Underserved Area,Harris,6/25/19,60.9,
TX,,Medically Underserved Area,Harris,6/25/19,60.9,
TX,4.1,Medically Underserved Area,Harris,9/6/19,60.6,Non-Rural
TX,4.1,Medically Underserved Area,Harris,9/6/19,60.6,Non-Rural
TX,4.1,Medically Underserved Area,Harris,9/6/19,60.6,Non-Rural
TX,4.1,Medically Underserved Area,Harris,9/6/19,60.6,Non-Rural
TX,4.1,Medically Underserved Area,Harris,9/6/19,60.6,Non-Rural
TX,4.1,Medically Underserved Area,Harris,9/6/19,60.6,Non-Rural
TX,4.1,Medically Underserved Area,Harris,9/6/19,60.6,Non-Rural
TX,4.1,Medically Underserved Area,Harris,9/6/19,60.6,Non-Rural
TX,4.1,Medically Underserved Area,Harris,9/6/19,60.6,Non-Rural
TX,4.1,Medically Underserved Area,Harris,9/6/19,60.6,Non-Rural
TX,4.1,Medically Underserved Area,Harris,9/6/19,60.6,Non-Rural
TX,4.1,Medically Underserved Area,Harris,9/6/19,60.6,Non-Rural
TX,4.1,Medically Underserved Area,Harris,9/6/19,60.6,Non-Rural
TX,4.1,Medically Underserved Area,Harris,9/6/19,60.6,Non-Rural
TX,4.1,Medically Underserved Area,Harris,9/6/19,60.6,Non-Rural
TX,4.1,Medically Underserved Area,Harris,9/6/19,60.6,Non-Rural
TX,4.1,Medically Underserved Area,Harris,9/6/19,60.6,Non-Rural
TX,4.1,Medically Underserved Area,Harris,9/6/19,60.6,Non-Rural
TX,4.1,Medically Underserved Area,Harris,9/6/19,60.6,Non-Rural
TX,4.1,Medically Underserved Area,Harris,9/6/19,60.6,Non-Rural
TX,4.1,Medically Underserved Area,Harris,9/6/19,60.6,Non-Rural
TX,4.1,Medically Underserved Area,Harris,9/6/19,60.6,Non-Rural
TX,4.1,Medically Underserved Area,Harris,9/6/19,60.6,Non-Rural
TX,4.1,Medically Underserved Area,Harris,9/6/19,60.6,Non-Rural
TX,4.1,Medically Underserved Area,Harris,9/6/19,60.6,Non-Rural
TX,4.1,Medically Underserved Area,Harris,9/6/19,60.6,Non-Rural
TX,4.1,Medically Underserved Area,Harris,9/6/19,60.6,Non-Rural
TX,4.1,Medically Underserved Area,Harris,9/6/19,60.6,Non-Rural
TX,4.1,Medically Underserved Area,Harris,9/6/19,60.6,Non-Rural
TX,4.1,Medically Underserved Area,Harris,9/6/19,60.6,Non-Rural
TX,4.1,Medically Underserved Area,Harris,9/6/19,60.6,Non-Rural
TX,4.1,Medically Underserved Area,Harris,9/6/19,60.6,Non-Rural
TX,4.1,Medically Underserved Area,Harris,9/6/19,60.6,Non-Rural
TX,4.1,Medically Underserved Area,Harris,9/6/19,60.6,Non-Rural
TX,,MUP Low Income,Nueces,7/17/07,54.2,Non-Rural
TX,,MUP Low Income,Nueces,7/17/07,54.2,Non-Rural
TX,,MUP Low Income,Nueces,7/17/07,54.2,Non-Rural
TX,,MUP Low Income,Nueces,7/17/07,54.2,Non-Rural
TX,,MUP Low Income,Nueces,7/17/07,54.2,Non-Rural
TX,,MUP Low Income,Nueces,7/17/07,54.2,Non-Rural
TX,,MUP Low Income,Nueces,7/17/07,54.2,Non-Rural
TX,,MUP Low Income,Nueces,7/17/07,54.2,Non-Rural
TX,,MUP Low Income,Nueces,7/17/07,54.2,Non-Rural
TX,,MUP Low Income,Nueces,7/17/07,54.2,Non-Rural
TX,,MUP Low Income,Nueces,7/17/07,54.2,Non-Rural
TX,,MUP Low Income,Nueces,7/17/07,54.2,Non-Rural
TX,,MUP Low Income,Nueces,7/17/07,54.2,Non-Rural
TX,,MUP Low Income,Nueces,7/17/07,54.2,Non-Rural
TX,,MUP Low Income,Nueces,7/17/07,54.2,Non-Rural
TX,,MUP Low Income,Nueces,7/17/07,54.2,Non-Rural
TX,,MUP Low Income,Nueces,7/17/07,54.2,Non-Rural
TX,,MUP Low Income,Nueces,7/17/07,54.2,Non-Rural
TX,,MUP Low Income,Nueces,7/17/07,54.2,Non-Rural
TX,,MUP Low Income,Nueces,7/17/07,54.2,Non-Rural
TX,,MUP Low Income,Nueces,7/17/07,54.2,Non-Rural
TX,,MUP Low Income,Nueces,7/17/07,54.2,Non-Rural
TX,,MUP Low Income,Nueces,7/17/07,54.2,Non-Rural
TX,,MUP Low Income,Nueces,7/17/07,54.2,Non-Rural
TX,,MUP Low Income,Nueces,7/17/07,54.2,Non-Rural
TX,,MUP Low Income,Nueces,7/17/07,54.2,Non-Rural
TX,4.1,Medically Underserved Area,Harris,9/6/19,60.6,Non-Rural
TX,4.1,Medically Underserved Area,Harris,9/6/19,60.6,Non-Rural
TX,4.1,Medically Underserved Area,Harris,9/6/19,60.6,Non-Rural
TX,4.1,Medically Underserved Area,Harris,9/6/19,60.6,Non-Rural
TX,4.1,Medically Underserved Area,Harris,9/6/19,60.6,Non-Rural
TX,4.1,Medically Underserved Area,Harris,9/6/19,60.6,Non-Rural
TX,4.1,Medically Underserved Area,Harris,9/6/19,60.6,Non-Rural
TX,4.1,Medically Underserved Area,Harris,9/6/19,60.6,Non-Rural
TX,4.1,Medically Underserved Area,Harris,9/6/19,60.6,Non-Rural
TX,4.1,Medically Underserved Area,Harris,9/6/19,60.6,Non-Rural
TX,4.1,Medically Underserved Area,Harris,9/6/19,60.6,Non-Rural
TX,4.1,Medically Underserved Area,Harris,9/6/19,60.6,Non-Rural
TX,4.1,Medically Underserved Area,Harris,9/6/19,60.6,Non-Rural
TX,4.1,Medically Underserved Area,Harris,9/6/19,60.6,Non-Rural
TX,4.1,Medically Underserved Area,Harris,9/6/19,60.6,Non-Rural
TX,4.1,Medically Underserved Area,Harris,9/6/19,60.6,Non-Rural
TX,4.1,Medically Underserved Area,Harris,9/6/19,60.6,Non-Rural
TX,4.1,Medically Underserved Area,Harris,9/6/19,60.6,Non-Rural
TX,4.1,Medically Underserved Area,Harris,9/6/19,60.6,Non-Rural
TX,4.1,Medically Underserved Area,Harris,9/6/19,60.6,Non-Rural
TX,4.1,Medically Underserved Area,Harris,9/6/19,60.6,Non-Rural
TX,,Medically Underserved Area,Harris,9/6/19,59.9,Non-Rural
TX,,Medically Underserved Area,Harris,9/6/19,59.9,Non-Rural
TX,,Medically Underserved Area,Harris,9/6/19,59.9,Non-Rural
TX,,Medically Underserved Area,Harris,9/6/19,59.9,Non-Rural
TX,,Medically Underserved Area,Harris,9/6/19,59.9,Non-Rural
TX,,Medically Underserved Area,Harris,9/6/19,59.9,Non-Rural
TX,,Medically Underserved Area,Harris,9/6/19,59.9,Non-Rural
TX,,Medically Underserved Area,Harris,9/6/19,59.9,Non-Rural
TX,,Medically Underserved Area,Harris,9/6/19,59.9,Non-Rural
TX,,Medically Underserved Area,Harris,9/6/19,59.9,Non-Rural
TX,,Medically Underserved Area,Harris,9/6/19,59.9,Non-Rural
TX,,Medically Underserved Area,Harris,9/6/19,58.5,Non-Rural
TX,,Medically Underserved Area,Harris,9/6/19,58.5,Non-Rural
TX,,Medically Underserved Area,Harris,9/6/19,58.5,Non-Rural
TX,,Medically Underserved Area,Harris,9/6/19,58.5,Non-Rural
TX,,Medically Underserved Area,Harris,9/6/19,58.5,Non-Rural
TX,,Medically Underserved Area,Harris,9/6/19,58.5,Non-Rural
TX,,Medically Underserved Area,Harris,9/6/19,58.5,Non-Rural
TX,,Medically Underserved Area,Harris,9/6/19,58.5,Non-Rural
TX,,Medically Underserved Area,Harris,9/6/19,58.5,Non-Rural
TX,,Medically Underserved Area,Harris,9/6/19,58.5,Non-Rural
TX,,Medically Underserved Area,Harris,9/6/19,58.5,Non-Rural
TX,,Medically Underserved Area,Harris,9/6/19,58.5,Non-Rural
TX,,Medically Underserved Area,Harris,9/6/19,58.5,Non-Rural
TX,,Medically Underserved Area,Harris,9/6/19,58.5,Non-Rural
TX,,Medically Underserved Area,Harris,9/6/19,58.5,Non-Rural
TX,,Medically Underserved Area,Harris,9/6/19,56.8,Non-Rural
TX,,Medically Underserved Area,Harris,9/6/19,56.8,Non-Rural
TX,,Medically Underserved Area,Harris,9/6/19,56.8,Non-Rural
TX,,Medically Underserved Area,Harris,9/6/19,56.8,Non-Rural
TX,,Medically Underserved Area,Harris,9/6/19,56.8,Non-Rural
TX,,Medically Underserved Area,Harris,9/6/19,56.8,Non-Rural
TX,,Medically Underserved Area,Harris,9/6/19,55.4,Non-Rural
TX,,Medically Underserved Area,Harris,9/6/19,55.4,Non-Rural
TX,,Medically Underserved Area,Harris,9/6/19,55.4,Non-Rural
TX,,Medically Underserved Area,Harris,9/6/19,55.4,Non-Rural
TX,,Medically Underserved Area,Harris,9/6/19,55.4,Non-Rural
TX,,Medically Underserved Area,Harris,9/6/19,55.4,Non-Rural
TX,,Medically Underserved Area,Harris,9/6/19,55.4,Non-Rural
TX,,Medically Underserved Area,Harris,9/6/19,55.4,Non-Rural
TX,,Medically Underserved Area,Harris,9/6/19,55.4,Non-Rural
TX,,Medically Underserved Area,Harris,9/6/19,55.4,Non-Rural
TX,,Medically Underserved Area,Harris,9/6/19,55.4,Non-Rural
TX,,Medically Underserved Area,Harris,9/6/19,55.4,Non-Rural
TX,,Medically Underserved Area,Harris,9/6/19,55.4,Non-Rural
TX,,Medically Underserved Area,Harris,9/6/19,55.4,Non-Rural
TX,4.1,Medically Underserved Area,Harris,9/6/19,53.6,Non-Rural
TX,4.1,Medically Underserved Area,Harris,9/6/19,53.6,Non-Rural
TX,4.1,Medically Underserved Area,Harris,9/6/19,53.6,Non-Rural
TX,4.1,Medically Underserved Area,Harris,9/6/19,53.6,Non-Rural
TX,4.1,Medically Underserved Area,Harris,9/6/19,53.6,Non-Rural
TX,4.1,Medically Underserved Area,Harris,9/6/19,53.6,Non-Rural
TX,4.1,Medically Underserved Area,Harris,9/6/19,53.6,Non-Rural
TX,4.1,Medically Underserved Area,Harris,9/6/19,53.6,Non-Rural
TX,4.1,Medically Underserved Area,Harris,9/6/19,53.6,Non-Rural
TX,4.1,Medically Underserved Area,Harris,9/6/19,53.6,Non-Rural
TX,4.1,Medically Underserved Area,Harris,9/6/19,53.6,Non-Rural
TX,4.1,Medically Underserved Area,Harris,9/6/19,53.6,Non-Rural
TX,4.1,Medically Underserved Area,Harris,9/6/19,53.6,Non-Rural
TX,4.1,Medically Underserved Area,Harris,9/6/19,53.6,Non-Rural
TX,4.1,Medically Underserved Area,Harris,9/6/19,53.6,Non-Rural
TX,4.1,Medically Underserved Area,Harris,9/6/19,53.6,Non-Rural
TX,4.1,Medically Underserved Area,Harris,9/6/19,53.6,Non-Rural
TX,4.1,Medically Underserved Area,Harris,9/6/19,53.6,Non-Rural
TX,4.1,Medically Underserved Area,Harris,9/6/19,53.6,Non-Rural
TX,4.1,Medically Underserved Area,Harris,9/6/19,53.6,Non-Rural
TX,4.1,Medically Underserved Area,Harris,9/6/19,53.6,Non-Rural
TX,4.1,Medically Underserved Area,Harris,9/6/19,53.6,Non-Rural
TX,4.1,Medically Underserved Area,Harris,9/6/19,53.6,Non-Rural
TX,4.1,Medically Underserved Area,Harris,9/6/19,53.6,Non-Rural
TX,4.1,Medically Underserved Area,Harris,9/6/19,53.6,Non-Rural
TX,4.1,Medically Underserved Area,Harris,9/6/19,53.6,Non-Rural
TX,4.1,Medically Underserved Area,Harris,9/6/19,53.6,Non-Rural
TX,4.1,Medically Underserved Area,Harris,9/6/19,53.6,Non-Rural
TX,4.1,Medically Underserved Area,Harris,9/6/19,53.6,Non-Rural
TX,4.1,Medically Underserved Area,Harris,9/6/19,53.6,Non-Rural
TX,4.1,Medically Underserved Area,Harris,9/6/19,53.6,Non-Rural
TX,4.1,Medically Underserved Area,Harris,9/6/19,53.6,Non-Rural
TX,4.1,Medically Underserved Area,Harris,9/6/19,53.6,Non-Rural
TX,4.1,Medically Underserved Area,Harris,9/6/19,53.6,Non-Rural
TX,4.1,Medically Underserved Area,Harris,9/6/19,53.6,Non-Rural
TX,4.1,Medically Underserved Area,Harris,9/6/19,53.6,Non-Rural
TX,4.1,Medically Underserved Area,Harris,9/6/19,53.6,Non-Rural
TX,4.1,Medically Underserved Area,Harris,9/6/19,53.6,Non-Rural
TX,4.1,Medically Underserved Area,Harris,9/6/19,53.6,Non-Rural
TX,4.1,Medically Underserved Area,Harris,9/6/19,53.6,Non-Rural
TX,,Medically Underserved Area,Harris,9/6/19,52.2,Non-Rural
TX,,Medically Underserved Area,Harris,9/6/19,52.2,Non-Rural
TX,,Medically Underserved Area,Harris,9/6/19,52.2,Non-Rural
TX,,Medically Underserved Area,Harris,9/6/19,52.2,Non-Rural
TX,,Medically Underserved Area,Harris,9/6/19,52.2,Non-Rural
TX,,Medically Underserved Area,Harris,9/6/19,52.2,Non-Rural
TX,,Medically Underserved Area,Harris,9/6/19,52.2,Non-Rural
TX,,Medically Underserved Area,Harris,9/6/19,52.2,Non-Rural
TX,,Medically Underserved Area,Harris,9/6/19,52.2,Non-Rural
TX,,Medically Underserved Area,Harris,9/6/19,52.2,Non-Rural
TX,,Medically Underserved Area,Harris,9/6/19,52.2,Non-Rural
TX,,Medically Underserved Area,Harris,9/6/19,52.2,Non-Rural
TX,,Medically Underserved Area,Harris,9/6/19,52.2,Non-Rural
TX,,Medically Underserved Area,Harris,9/6/19,52.2,Non-Rural
TX,,Medically Underserved Area,Harris,9/6/19,52.2,Non-Rural
TX,,Medically Underserved Area,Harris,9/6/19,52.2,Non-Rural
TX,,Medically Underserved Area,Harris,9/6/19,50.8,Non-Rural
TX,,Medically Underserved Area,Harris,9/6/19,50.8,Non-Rural
TX,,Medically Underserved Area,Harris,9/6/19,50.8,Non-Rural
TX,,Medically Underserved Area,Harris,9/6/19,50.8,Non-Rural
TX,,Medically Underserved Area,Harris,9/6/19,50.8,Non-Rural
TX,,Medically Underserved Area,Harris,9/6/19,50.8,Non-Rural
TX,,Medically Underserved Area,Harris,9/6/19,50.8,Non-Rural
TX,,Medically Underserved Area,Harris,9/6/19,50.8,Non-Rural
TX,,Medically Underserved Area,Harris,9/6/19,50.8,Non-Rural
TX,,Medically Underserved Area,Harris,9/6/19,50.8,Non-Rural
TX,,Medically Underserved Area,Harris,9/6/19,50.8,Non-Rural
TX,,Medically Underserved Area,Harris,9/6/19,50.8,Non-Rural
TX,,Medically Underserved Area,Harris,9/6/19,50.8,Non-Rural
TX,,Medically Underserved Area,Harris,9/6/19,50.8,Non-Rural
TX,,Medically Underserved Area,Harris,9/6/19,50.8,Non-Rural
TX,,Medically Underserved Area,Harris,9/6/19,47.5,Non-Rural
TX,,Medically Underserved Area,Harris,9/6/19,47.5,Non-Rural
TX,,Medically Underserved Area,Harris,9/6/19,47.5,Non-Rural
TX,,Medically Underserved Area,Harris,9/6/19,47.5,Non-Rural
TX,,Medically Underserved Area,Harris,9/6/19,47.5,Non-Rural
TX,,Medically Underserved Area,Harris,9/6/19,47.5,Non-Rural
TX,,Medically Underserved Area,Harris,9/6/19,47.5,Non-Rural
TX,,Medically Underserved Area,Harris,9/6/19,47.5,Non-Rural
TX,,Medically Underserved Area,Harris,9/6/19,37.3,Non-Rural
TX,,Medically Underserved Area,Harris,9/6/19,37.3,Non-Rural
TX,,Medically Underserved Area,Harris,10/2/19,58.5,Non-Rural
TX,,Medically Underserved Area,Harris,10/2/19,58.5,Non-Rural
TX,,Medically Underserved Area,Harris,10/2/19,58.5,Non-Rural
TX,,Medically Underserved Area,Harris,10/2/19,58.5,Non-Rural
TX,,Medically Underserved Area,Harris,10/2/19,58.5,Non-Rural
TX,,Medically Underserved Area,Harris,10/2/19,58.5,Non-Rural
TX,4.1,Medically Underserved Area,Harris,10/2/19,58,Non-Rural
TX,4.1,Medically Underserved Area,Harris,10/2/19,58,Non-Rural
TX,4.1,Medically Underserved Area,Harris,10/2/19,58,Non-Rural
TX,4.1,Medically Underserved Area,Harris,10/2/19,58,Non-Rural
TX,4.1,Medically Underserved Area,Harris,10/2/19,58,Non-Rural
TX,4.1,Medically Underserved Area,Harris,10/2/19,58,Non-Rural
TX,4.1,Medically Underserved Area,Harris,10/2/19,58,Non-Rural
TX,4.1,Medically Underserved Area,Harris,10/2/19,58,Non-Rural
TX,4.1,Medically Underserved Area,Harris,10/2/19,58,Non-Rural
TX,4.1,Medically Underserved Area,Harris,10/2/19,58,Non-Rural
TX,,Medically Underserved Area,Harris,10/2/19,56,Non-Rural
TX,,Medically Underserved Area,Harris,10/2/19,56,Non-Rural
TX,,Medically Underserved Area,Harris,10/2/19,56,Non-Rural
TX,,Medically Underserved Area,Harris,10/2/19,56,Non-Rural
TX,,Medically Underserved Area,Harris,10/2/19,56,Non-Rural
TX,,Medically Underserved Area,Harris,10/2/19,56,Non-Rural
TX,,Medically Underserved Area,Harris,10/2/19,56,Non-Rural
TX,,Medically Underserved Area,Harris,10/2/19,56,Non-Rural
TX,9,Medically Underserved Area,Harris,11/22/19,61,Non-Rural
TX,9,Medically Underserved Area,Harris,11/22/19,61,Non-Rural
TX,9,Medically Underserved Area,Harris,11/22/19,61,Non-Rural
TX,9,Medically Underserved Area,Harris,11/22/19,61,Non-Rural
TX,9,Medically Underserved Area,Harris,11/22/19,61,Non-Rural
TX,9,Medically Underserved Area,Harris,11/22/19,61,Non-Rural
TX,9,Medically Underserved Area,Harris,11/22/19,61,Non-Rural
TX,9,Medically Underserved Area,Harris,11/22/19,61,Non-Rural
TX,9,Medically Underserved Area,Harris,11/22/19,61,Non-Rural
TX,9,Medically Underserved Area,Harris,11/22/19,61,Non-Rural
TX,9,Medically Underserved Area,Harris,11/22/19,61,Non-Rural
TX,9,Medically Underserved Area,Harris,11/22/19,61,Non-Rural
TX,9,Medically Underserved Area,Harris,11/22/19,61,Non-Rural
TX,9,Medically Underserved Area,Harris,11/22/19,61,Non-Rural
TX,9,Medically Underserved Area,Harris,11/22/19,61,Non-Rural
TX,9,Medically Underserved Area,Harris,11/22/19,61,Non-Rural
TX,9,Medically Underserved Area,Harris,11/22/19,61,Non-Rural
TX,9,Medically Underserved Area,Harris,11/22/19,61,Non-Rural
TX,9,Medically Underserved Area,Harris,11/22/19,61,Non-Rural
TX,9,Medically Underserved Area,Harris,11/22/19,61,Non-Rural
TX,9,Medically Underserved Area,Harris,11/22/19,61,Non-Rural
TX,9,Medically Underserved Area,Harris,11/22/19,61,Non-Rural
TX,9,Medically Underserved Area,Harris,11/22/19,61,Non-Rural
TX,9,Medically Underserved Area,Harris,11/22/19,61,Non-Rural
TX,9,Medically Underserved Area,Harris,11/22/19,61,Non-Rural
TX,9,Medically Underserved Area,Harris,11/22/19,61,Non-Rural
TX,9,Medically Underserved Area,Harris,11/22/19,61,Non-Rural
TX,9,Medically Underserved Area,Harris,11/22/19,61,Non-Rural
TX,2.8,Medically Underserved Area,Harris,11/22/19,59,Non-Rural
TX,2.8,Medically Underserved Area,Harris,11/22/19,59,Non-Rural
TX,2.8,Medically Underserved Area,Harris,11/22/19,59,Non-Rural
TX,2.8,Medically Underserved Area,Harris,11/22/19,59,Non-Rural
TX,2.8,Medically Underserved Area,Harris,11/22/19,59,Non-Rural
TX,2.8,Medically Underserved Area,Harris,11/22/19,59,Non-Rural
TX,2.8,Medically Underserved Area,Harris,11/22/19,59,Non-Rural
TX,2.8,Medically Underserved Area,Harris,11/22/19,59,Non-Rural
TX,2.8,Medically Underserved Area,Harris,11/22/19,59,Non-Rural
TX,2.8,Medically Underserved Area,Harris,11/22/19,59,Non-Rural
TX,2.8,Medically Underserved Area,Harris,11/22/19,59,Non-Rural
TX,2.8,Medically Underserved Area,Harris,11/22/19,59,Non-Rural
TX,2.8,Medically Underserved Area,Harris,11/22/19,59,Non-Rural
TX,2.8,Medically Underserved Area,Harris,11/22/19,59,Non-Rural
TX,2.8,Medically Underserved Area,Harris,11/22/19,59,Non-Rural
TX,2.8,Medically Underserved Area,Harris,11/22/19,59,Non-Rural
TX,2.8,Medically Underserved Area,Harris,11/22/19,59,Non-Rural
TX,2.8,Medically Underserved Area,Harris,11/22/19,59,Non-Rural
TX,2.8,Medically Underserved Area,Harris,11/22/19,59,Non-Rural
TX,2.8,Medically Underserved Area,Harris,11/22/19,59,Non-Rural
TX,2.8,Medically Underserved Area,Harris,11/22/19,59,Non-Rural
TX,2.8,Medically Underserved Area,Harris,11/22/19,59,Non-Rural
TX,2.8,Medically Underserved Area,Harris,11/22/19,59,Non-Rural
TX,2.8,Medically Underserved Area,Harris,11/22/19,59,Non-Rural
TX,,Medically Underserved Area,Harris,11/22/19,58.4,Non-Rural
TX,,Medically Underserved Area,Harris,11/22/19,58.4,Non-Rural
TX,,Medically Underserved Area,Harris,11/22/19,58.4,Non-Rural
TX,,Medically Underserved Area,Harris,11/22/19,58.4,Non-Rural
TX,,Medically Underserved Area,Harris,11/22/19,58.4,Non-Rural
TX,,Medically Underserved Area,Harris,11/22/19,58.4,Non-Rural
TX,,Medically Underserved Area,Harris,11/22/19,58.4,Non-Rural
TX,,Medically Underserved Area,Harris,11/22/19,58.4,Non-Rural
TX,,Medically Underserved Area,Harris,11/22/19,58.4,Non-Rural
TX,,Medically Underserved Area,Harris,11/22/19,58.4,Non-Rural
TX,,Medically Underserved Area,Harris,11/22/19,58.4,Non-Rural
TX,,Medically Underserved Area,Harris,11/22/19,58.4,Non-Rural
TX,,Medically Underserved Area,Harris,11/22/19,52.9,Non-Rural
TX,,Medically Underserved Area,Harris,11/22/19,52.9,Non-Rural
TX,,Medically Underserved Area,Harris,11/22/19,52.9,Non-Rural
TX,,Medically Underserved Area,Harris,11/22/19,52.9,Non-Rural
TX,,Medically Underserved Area,Harris,11/22/19,52.9,Non-Rural
TX,,Medically Underserved Area,Harris,11/22/19,52.9,Non-Rural
TX,,Medically Underserved Area,Harris,11/22/19,52.9,Non-Rural
TX,,Medically Underserved Area,Harris,11/22/19,52,Non-Rural
TX,,Medically Underserved Area,Harris,11/22/19,52,Non-Rural
TX,,Medically Underserved Area,Harris,11/22/19,52,Non-Rural
TX,,Medically Underserved Area,Harris,11/22/19,52,Non-Rural
TX,,Medically Underserved Area,Harris,11/22/19,47.8,Non-Rural
TX,,Medically Underserved Area,Harris,11/22/19,47.8,Non-Rural
TX,,Medically Underserved Area,Harris,11/22/19,44.4,Non-Rural
TX,,Medically Underserved Area,Harris,11/22/19,44.4,Non-Rural
TX,,Medically Underserved Area,Harris,11/22/19,44.4,Non-Rural
TX,,Medically Underserved Area,Harris,11/22/19,44.4,Non-Rural
TX,1.5,Medically Underserved Area,Harrison,4/23/19,61.5,Rural
TX,,Medically Underserved Area,Hartley,11/1/78,60.3,Rural
TX,,Medically Underserved Area,Hartley,8/12/19,60.3,Rural
TX,12.6,Medically Underserved Area,Haskell,4/23/19,57.3,Rural
TX,,Medically Underserved Area,Hays,11/1/78,51.9,Partially Rural
TX,,Medically Underserved Area,Hemphill,3/18/09,60.8,Rural
TX,7.3,Medically Underserved Area,Hidalgo,5/13/19,58.5,Partially Rural
TX,5.7,Medically Underserved Area,Hill,12/26/17,59.4,Rural
TX,,Medically Underserved Area,Hockley,11/1/78,48.6,Rural
TX,,Medically Underserved Area,Hopkins,11/20/13,58.7,Rural
TX,,Medically Underserved Area,Hopkins,11/20/13,58.7,Rural
TX,,Medically Underserved Area,Hopkins,11/20/13,58.5,Rural
TX,,Medically Underserved Area,Hopkins,11/19/19,58.7,Rural
TX,,Medically Underserved Area,Hopkins,11/19/19,58.7,Rural
TX,1.5,Medically Underserved Area,Houston,9/20/17,48.6,Rural
TX,,Medically Underserved Area,Howard,8/19/94,62,Rural
TX,0,Medically Underserved Area,Hudspeth,4/23/19,42.2,Rural
TX,,Medically Underserved Area,Hunt,10/23/13,61.1,Non-Rural
TX,,Medically Underserved Area,Hunt,10/23/13,61.1,Non-Rural
TX,,Medically Underserved Area,Hunt,10/23/13,61.1,Non-Rural
TX,,Medically Underserved Area,Hunt,10/23/13,61.1,Non-Rural
TX,,Medically Underserved Area,Hunt,10/23/13,61.1,Non-Rural
TX,,Medically Underserved Area,Hutchinson,11/1/78,57.9,Rural
TX,,Medically Underserved Area,Hutchinson,8/12/19,57.9,Rural
TX,0,Medically Underserved Area,Irion,4/23/19,60.4,Rural
TX,,Medically Underserved Area,Jack,11/1/78,60.3,Rural
TX,,Medically Underserved Area,Jack,8/12/19,60.3,Rural
TX,,Medically Underserved Area,Jackson,11/1/78,52.1,Rural
TX,,Medically Underserved Area,Jackson,8/12/19,52.1,Rural
TX,,Medically Underserved Area,Jasper,2/1/94,0,Rural
TX,,Medically Underserved Area,Jasper,11/29/19,0,Rural
TX,5.7,Medically Underserved Area,Jeff Davis,4/23/19,53.6,Rural
TX,,Medically Underserved Area,Jefferson,2/28/03,58.2,Non-Rural
TX,,Medically Underserved Area,Jefferson,2/28/03,47.1,Non-Rural
TX,,Medically Underserved Area,Jefferson,2/28/03,47.1,Non-Rural
TX,,Medically Underserved Area,Jefferson,2/28/03,47.1,Non-Rural
TX,,Medically Underserved Area,Jefferson,2/28/03,47.1,Non-Rural
TX,,Medically Underserved Area,Jefferson,2/28/03,47.1,Non-Rural
TX,,Medically Underserved Area,Jefferson,2/28/03,47.1,Non-Rural
TX,,Medically Underserved Area,Jefferson,2/28/03,47.1,Non-Rural
TX,,Medically Underserved Area,Jefferson,2/28/03,47.1,Non-Rural
TX,,Medically Underserved Area,Jefferson,2/28/03,47.1,Non-Rural
TX,,Medically Underserved Area,Jefferson,2/28/03,47.1,Non-Rural
TX,,Medically Underserved Area,Jefferson,3/18/08,49.3,Non-Rural
TX,,Medically Underserved Area,Jefferson,3/18/08,49.3,Non-Rural
TX,,Medically Underserved Area,Jefferson,3/18/08,49.3,Non-Rural
TX,,Medically Underserved Area,Jefferson,3/18/08,49.3,Non-Rural
TX,,Medically Underserved Area,Jefferson,3/18/08,49.3,Non-Rural
TX,,Medically Underserved Area,Jefferson,3/18/08,49.3,Non-Rural
TX,7.3,Medically Underserved Area,Jefferson,9/5/19,61.6,Non-Rural
TX,7.3,Medically Underserved Area,Jefferson,9/5/19,61.6,Non-Rural
TX,7.3,Medically Underserved Area,Jefferson,9/5/19,61.6,Non-Rural
TX,7.3,Medically Underserved Area,Jefferson,9/5/19,61.6,Non-Rural
TX,7.3,Medically Underserved Area,Jefferson,9/5/19,61.6,Non-Rural
TX,7.3,Medically Underserved Area,Jefferson,9/5/19,61.6,Non-Rural
TX,7.3,Medically Underserved Area,Jefferson,9/5/19,61.6,Non-Rural
TX,7.3,Medically Underserved Area,Jefferson,9/5/19,61.6,Non-Rural
TX,7.3,Medically Underserved Area,Jefferson,9/5/19,61.6,Non-Rural
TX,7.3,Medically Underserved Area,Jefferson,9/5/19,61.6,Non-Rural
TX,7.3,Medically Underserved Area,Jefferson,9/5/19,61.6,Non-Rural
TX,7.3,Medically Underserved Area,Jefferson,9/5/19,61.6,Non-Rural
TX,7.3,Medically Underserved Area,Jefferson,9/5/19,61.6,Non-Rural
TX,7.3,Medically Underserved Area,Jefferson,9/5/19,61.6,Non-Rural
TX,7.3,Medically Underserved Area,Jefferson,9/5/19,61.6,Non-Rural
TX,7.3,Medically Underserved Area,Jefferson,9/5/19,61.6,Non-Rural
TX,7.3,Medically Underserved Area,Jefferson,9/5/19,61.6,Non-Rural
TX,7.3,Medically Underserved Area,Jefferson,9/5/19,61.6,Non-Rural
TX,7.3,Medically Underserved Area,Jefferson,9/5/19,61.6,Non-Rural
TX,7.3,Medically Underserved Area,Jefferson,9/5/19,61.6,Non-Rural
TX,7.3,Medically Underserved Area,Jefferson,9/5/19,61.6,Non-Rural
TX,7.3,Medically Underserved Area,Jefferson,9/5/19,61.6,Non-Rural
TX,7.3,Medically Underserved Area,Jefferson,9/5/19,61.6,Non-Rural
TX,,Medically Underserved Area,Jefferson,9/5/19,49.3,Non-Rural
TX,,Medically Underserved Area,Jefferson,9/5/19,49.3,Non-Rural
TX,,Medically Underserved Area,Jefferson,9/5/19,49.3,Non-Rural
TX,,Medically Underserved Area,Jefferson,9/5/19,49.3,Non-Rural
TX,,Medically Underserved Area,Jefferson,9/5/19,49.3,Non-Rural
TX,,Medically Underserved Area,Jefferson,9/5/19,49.3,Non-Rural
TX,7.3,Medically Underserved Area,Jefferson,11/29/19,61.6,Non-Rural
TX,7.3,Medically Underserved Area,Jefferson,11/29/19,61.6,Non-Rural
TX,7.3,Medically Underserved Area,Jefferson,11/29/19,61.6,Non-Rural
TX,7.3,Medically Underserved Area,Jefferson,11/29/19,61.6,Non-Rural
TX,7.3,Medically Underserved Area,Jefferson,11/29/19,61.6,Non-Rural
TX,7.3,Medically Underserved Area,Jefferson,11/29/19,61.6,Non-Rural
TX,7.3,Medically Underserved Area,Jefferson,11/29/19,61.6,Non-Rural
TX,7.3,Medically Underserved Area,Jefferson,11/29/19,61.6,Non-Rural
TX,7.3,Medically Underserved Area,Jefferson,11/29/19,61.6,Non-Rural
TX,7.3,Medically Underserved Area,Jefferson,11/29/19,61.6,Non-Rural
TX,7.3,Medically Underserved Area,Jefferson,11/29/19,61.6,Non-Rural
TX,7.3,Medically Underserved Area,Jefferson,11/29/19,61.6,Non-Rural
TX,7.3,Medically Underserved Area,Jefferson,11/29/19,61.6,Non-Rural
TX,7.3,Medically Underserved Area,Jefferson,11/29/19,61.6,Non-Rural
TX,7.3,Medically Underserved Area,Jefferson,11/29/19,61.6,Non-Rural
TX,7.3,Medically Underserved Area,Jefferson,11/29/19,61.6,Non-Rural
TX,7.3,Medically Underserved Area,Jefferson,11/29/19,61.6,Non-Rural
TX,7.3,Medically Underserved Area,Jefferson,11/29/19,61.6,Non-Rural
TX,7.3,Medically Underserved Area,Jefferson,11/29/19,61.6,Non-Rural
TX,7.3,Medically Underserved Area,Jefferson,11/29/19,61.6,Non-Rural
TX,7.3,Medically Underserved Area,Jefferson,11/29/19,61.6,Non-Rural
TX,7.3,Medically Underserved Area,Jefferson,11/29/19,61.6,Non-Rural
TX,7.3,Medically Underserved Area,Jefferson,11/29/19,61.6,Non-Rural
TX,0,Medically Underserved Area,Jim Hogg,4/23/19,50.7,Rural
TX,2.8,Medically Underserved Area,Jim Wells,5/13/19,61.3,Rural
TX,,Medically Underserved Area,Johnson,5/11/94,56.18,Non-Rural
TX,,Medically Underserved Area,Johnson,5/11/94,56.18,Non-Rural
TX,,Medically Underserved Area,Johnson,5/11/94,56.18,Rural
TX,,Medically Underserved Area,Johnson,5/11/94,56.18,Rural
TX,,Medically Underserved Area,Johnson,5/11/94,56.18,Rural
TX,0.5,Medically Underserved Area,Jones,4/23/19,52.5,Partially Rural
TX,4.1,Medically Underserved Area,Karnes,7/6/18,57.1,Rural
TX,,Medically Underserved Area,Kaufman,2/1/94,57.1,Non-Rural
TX,,Medically Underserved Area,Kaufman,5/11/94,47.25,Rural
TX,,Medically Underserved Area,Kaufman,5/11/94,47.25,Non-Rural
TX,0,Medically Underserved Area,Kenedy,4/23/19,56,Rural
TX,2.8,Medically Underserved Area,Kent,5/13/19,54.9,Rural
TX,12.6,Medically Underserved Area,Kerr,8/25/17,59.9,Rural
TX,,Medically Underserved Area,Kerr,7/2/18,52.6,Rural
TX,14.8,Medically Underserved Area,Kimble,5/13/19,55.7,Rural
TX,,Medically Underserved Area,King,11/1/78,56.3,Rural
TX,,Medically Underserved Area,King,8/12/19,56.3,Rural
TX,0,Medically Underserved Area,Kinney,5/13/19,50.7,Rural
TX,,Medically Underserved Area,Kleberg,11/1/78,57.5,Rural
TX,,Medically Underserved Area,Knox,7/15/03,60.6,
TX,,Medically Underserved Area,Knox,7/15/03,60.6,
TX,,Medically Underserved Area,Knox,7/15/03,55.9,Rural
TX,,Medically Underserved Area,Knox,1/24/05,55.7,
TX,,Medically Underserved Area,Knox,5/13/19,55.9,Rural
TX,0,Medically Underserved Area,Knox,5/13/19,54.5,Rural
TX,,Medically Underserved Area,Knox,6/25/19,55.9,
TX,0,Medically Underserved Area,La Salle,5/13/19,60.8,Rural
TX,,Medically Underserved Area,Lamar,11/1/78,60.9,Rural
TX,0.5,Medically Underserved Area,Lamb,5/13/19,57.9,Rural
TX,,Medically Underserved Area,Lampasas,11/1/78,60.1,Partially Rural
TX,,Medically Underserved Area,Lampasas,8/12/19,60.1,Partially Rural
TX,,Medically Underserved Area,Lavaca,11/1/78,40.1,Rural
TX,,Medically Underserved Area,Lavaca,8/12/19,40.1,Rural
TX,,Medically Underserved Area,Lee,11/1/78,33.5,Rural
TX,1.5,Medically Underserved Area,Leon,5/13/19,51.7,Rural
TX,,Medically Underserved Area,Liberty,11/1/78,52.5,Partially Rural
TX,9,Medically Underserved Area,Limestone,5/13/19,61.6,Rural
TX,,Medically Underserved Area,Lipscomb,5/11/94,60.7,Rural
TX,0.5,Medically Underserved Area,Live Oak,5/13/19,52.8,Rural
TX,4.1,Medically Underserved Area,Llano,5/13/19,48.8,Rural
TX,,Medically Underserved Area,Lubbock,5/11/94,56.97,Non-Rural
TX,,Medically Underserved Area,Lubbock,5/11/94,56.97,Non-Rural
TX,,Medically Underserved Area,Lubbock,5/11/94,56.97,Non-Rural
TX,,Medically Underserved Area,Lubbock,9/28/11,58.8,Non-Rural
TX,,Medically Underserved Area,Lubbock,9/28/11,58.8,Non-Rural
TX,,Medically Underserved Area,Lubbock,9/28/11,58.8,Non-Rural
TX,,Medically Underserved Area,Lubbock,9/28/11,58.8,Non-Rural
TX,,Medically Underserved Area,Lubbock,9/28/11,58.8,Non-Rural
TX,,Medically Underserved Area,Lubbock,9/28/11,58.8,Non-Rural
TX,,Medically Underserved Area,Lubbock,9/28/11,58.8,Non-Rural
TX,,Medically Underserved Area,Lubbock,9/28/11,58.8,Non-Rural
TX,,Medically Underserved Area,Lubbock,9/28/11,58.8,Non-Rural
TX,,Medically Underserved Area,Lubbock,9/28/11,58.8,Non-Rural
TX,,Medically Underserved Area,Lubbock,9/28/11,58.8,Non-Rural
TX,,Medically Underserved Area,Lubbock,9/28/11,58.8,Non-Rural
TX,,Medically Underserved Area,Lubbock,9/28/11,58.8,Non-Rural
TX,,Medically Underserved Area,Lubbock,9/28/11,58.8,Non-Rural
TX,,Medically Underserved Area,Lubbock,9/28/11,58.8,Non-Rural
TX,,Medically Underserved Area,Lubbock,9/28/11,58.8,Non-Rural
TX,,Medically Underserved Area,Lubbock,11/29/19,58.8,Non-Rural
TX,,Medically Underserved Area,Lubbock,11/29/19,58.8,Non-Rural
TX,,Medically Underserved Area,Lubbock,11/29/19,58.8,Non-Rural
TX,,Medically Underserved Area,Lubbock,11/29/19,58.8,Non-Rural
TX,,Medically Underserved Area,Lubbock,11/29/19,58.8,Non-Rural
TX,,Medically Underserved Area,Lubbock,11/29/19,58.8,Non-Rural
TX,,Medically Underserved Area,Lubbock,11/29/19,58.8,Non-Rural
TX,,Medically Underserved Area,Lubbock,11/29/19,58.8,Non-Rural
TX,,Medically Underserved Area,Lubbock,11/29/19,58.8,Non-Rural
TX,,Medically Underserved Area,Lubbock,11/29/19,58.8,Non-Rural
TX,,Medically Underserved Area,Lubbock,11/29/19,58.8,Non-Rural
TX,,Medically Underserved Area,Lubbock,11/29/19,58.8,Non-Rural
TX,,Medically Underserved Area,Lubbock,11/29/19,58.8,Non-Rural
TX,,Medically Underserved Area,Lubbock,11/29/19,58.8,Non-Rural
TX,,Medically Underserved Area,Lubbock,11/29/19,58.8,Non-Rural
TX,,Medically Underserved Area,Lubbock,11/29/19,58.8,Non-Rural
TX,,Medically Underserved Area,Lubbock,11/29/19,56.97,Non-Rural
TX,,Medically Underserved Area,Lubbock,11/29/19,56.97,Non-Rural
TX,,Medically Underserved Area,Lubbock,11/29/19,56.97,Non-Rural
TX,2.8,Medically Underserved Area,Lynn,5/13/19,59.8,Partially Rural
TX,5.7,Medically Underserved Area,Madison,5/13/19,59,Rural
TX,0,Medically Underserved Area,Marion,5/13/19,46.6,Rural
TX,,Medically Underserved Area,Martin,5/11/94,42.6,Rural
TX,2.8,Medically Underserved Area,Mason,5/13/19,50.2,Rural
TX,,Medically Underserved Area,Matagorda,11/1/78,54.9,Rural
TX,5.7,Medically Underserved Area,Maverick,5/13/19,62,Rural
TX,7.3,Medically Underserved Area,McCulloch,11/29/19,57,Rural
TX,,Medically Underserved Area,McLennan,5/11/94,49.91,Non-Rural
TX,,Medically Underserved Area,McLennan,5/11/94,49.91,Non-Rural
TX,,Medically Underserved Area,McLennan,5/11/94,49.91,Non-Rural
TX,,Medically Underserved Area,McLennan,5/11/94,49.91,Non-Rural
TX,,Medically Underserved Area,McLennan,5/11/94,49.91,Non-Rural
TX,,Medically Underserved Area,McLennan,5/11/94,49.91,Non-Rural
TX,,Medically Underserved Area,McLennan,5/11/94,49.91,Non-Rural
TX,,Medically Underserved Area,McLennan,5/11/94,49.91,Non-Rural
TX,,Medically Underserved Area,McLennan,5/11/94,49.91,Non-Rural
TX,,Medically Underserved Area,McLennan,5/11/94,49.91,Non-Rural
TX,,Medically Underserved Area,McLennan,5/11/94,49.91,Non-Rural
TX,,Medically Underserved Area,McLennan,5/11/94,49.91,Non-Rural
TX,,Medically Underserved Area,McLennan,5/11/94,49.91,Non-Rural
TX,,Medically Underserved Area,McLennan,5/11/94,49.91,Non-Rural
TX,,Medically Underserved Area,McLennan,5/11/94,49.91,Non-Rural
TX,,Medically Underserved Area,McLennan,5/11/94,49.91,Non-Rural
TX,,Medically Underserved Area,McLennan,5/11/94,49.91,Non-Rural
TX,,Medically Underserved Area,McLennan,5/11/94,49.91,Non-Rural
TX,,Medically Underserved Area,McLennan,5/11/94,49.91,Non-Rural
TX,,Medically Underserved Area,McLennan,5/11/94,49.91,Non-Rural
TX,,Medically Underserved Area,McLennan,5/11/94,49.91,Non-Rural
TX,,Medically Underserved Area,McLennan,5/11/94,49.91,Non-Rural
TX,,Medically Underserved Area,McLennan,5/11/94,49.91,Non-Rural
TX,,Medically Underserved Area,McLennan,5/11/94,49.91,Non-Rural
TX,,Medically Underserved Area,McLennan,6/27/94,49.91,Non-Rural
TX,0,Medically Underserved Area,McMullen,5/13/19,48.7,Rural
TX,,Medically Underserved Area,Medina,11/1/78,52.5,Partially Rural
TX,,Medically Underserved Area,Menard,11/1/78,19.2,Rural
TX,,Medically Underserved Area,Midland,5/11/94,57,Non-Rural
TX,,Medically Underserved Area,Midland,5/11/94,57,Non-Rural
TX,,Medically Underserved Area,Midland,5/11/94,57,Non-Rural
TX,,Medically Underserved Area,Midland,5/11/94,57,Non-Rural
TX,2.8,Medically Underserved Area,Milam,5/13/19,58.6,Rural
TX,5.7,Medically Underserved Area,Mills,5/13/19,53.1,Rural
TX,,Medically Underserved Area,Mitchell,11/1/78,52.3,Rural
TX,,Medically Underserved Area,Mitchell,8/12/19,52.3,Rural
TX,4.1,Medically Underserved Area,Montague,5/13/19,56.1,Rural
TX,,Medically Underserved Area,Montgomery,5/11/94,53.47,Non-Rural
TX,,Medically Underserved Area,Montgomery,5/11/94,53.47,Non-Rural
TX,,Medically Underserved Area,Montgomery,5/11/94,53.47,Non-Rural
TX,,Medically Underserved Area,Montgomery,5/11/94,53.47,Non-Rural
TX,,Medically Underserved Area,Montgomery,5/11/94,53.47,Non-Rural
TX,,Medically Underserved Area,Montgomery,5/11/94,53.47,Non-Rural
TX,,Medically Underserved Area,Montgomery,5/11/94,53.47,Non-Rural
TX,,Medically Underserved Area,Montgomery,3/13/02,59.3,Non-Rural
TX,,Medically Underserved Area,Montgomery,3/13/02,59.3,Non-Rural
TX,,Medically Underserved Area,Montgomery,3/13/02,59.3,Non-Rural
TX,,Medically Underserved Area,Montgomery,3/13/02,59.3,Non-Rural
TX,,Medically Underserved Area,Montgomery,3/13/02,59.3,Non-Rural
TX,,Medically Underserved Area,Montgomery,3/13/02,59.3,Non-Rural
TX,,Medically Underserved Area,Montgomery,3/13/02,59.3,Non-Rural
TX,,Medically Underserved Area,Montgomery,3/13/02,59.3,Non-Rural
TX,,Medically Underserved Area,Montgomery,3/13/02,59.3,Non-Rural
TX,,Medically Underserved Area,Montgomery,3/13/02,59.3,Non-Rural
TX,,Medically Underserved Area,Montgomery,3/13/02,59.3,Non-Rural
TX,,Medically Underserved Area,Montgomery,3/13/02,59.3,Non-Rural
TX,,Medically Underserved Area,Montgomery,3/13/02,59.3,Non-Rural
TX,,Medically Underserved Area,Montgomery,3/13/02,59.3,Non-Rural
TX,,Medically Underserved Area,Montgomery,3/13/02,59.3,Non-Rural
TX,,Medically Underserved Area,Montgomery,3/13/02,59.3,Non-Rural
TX,2.8,Medically Underserved Area,Morris,5/13/19,54.8,Rural
TX,0,Medically Underserved Area,Motley,5/13/19,43.4,Rural
TX,,Medically Underserved Area,Nacogdoches,3/31/88,0,Rural
TX,,Medically Underserved Area,Navarro,11/1/78,52.4,Rural
TX,2.8,Medically Underserved Area,Newton,5/13/19,59.4,Partially Rural
TX,,Medically Underserved Area,Nolan,11/1/78,50.5,Rural
TX,,Medically Underserved Area,Nolan,8/12/19,50.5,Rural
TX,,Medically Underserved Area,Nueces,5/25/07,58,Non-Rural
TX,,Medically Underserved Area,Nueces,5/25/07,58,Non-Rural
TX,,Medically Underserved Area,Nueces,5/25/07,58,Non-Rural
TX,,Medically Underserved Area,Nueces,7/17/07,60.43,Non-Rural
TX,,Medically Underserved Area,Nueces,7/17/07,60.43,Non-Rural
TX,,Medically Underserved Area,Nueces,7/17/07,60.43,Non-Rural
TX,,Medically Underserved Area,Nueces,7/17/07,60.43,Non-Rural
TX,,Medically Underserved Area,Nueces,7/17/07,60.43,Non-Rural
TX,0.5,Medically Underserved Area,Nueces,4/13/18,59.2,Non-Rural
TX,0.5,Medically Underserved Area,Nueces,4/13/18,59.2,Non-Rural
TX,0.5,Medically Underserved Area,Nueces,4/13/18,59.2,Non-Rural
TX,0.5,Medically Underserved Area,Nueces,4/13/18,59.2,Non-Rural
TX,0.5,Medically Underserved Area,Nueces,4/13/18,59.2,Non-Rural
TX,0.5,Medically Underserved Area,Nueces,4/13/18,59.2,Non-Rural
TX,,Medically Underserved Area,Nueces,7/2/18,50.4,Non-Rural
TX,,Medically Underserved Area,Nueces,7/2/18,50.4,Non-Rural
TX,,Medically Underserved Area,Ochiltree,11/1/78,60,Rural
TX,0,Medically Underserved Area,Oldham,5/13/19,54.5,Rural
TX,,Medically Underserved Area,Orange,5/11/94,57.87,Non-Rural
TX,,Medically Underserved Area,Orange,5/11/94,57.87,Non-Rural
TX,,Medically Underserved Area,Orange,5/11/94,57.87,Non-Rural
TX,,Medically Underserved Area,Orange,9/29/95,0,Non-Rural
TX,,Medically Underserved Area,Orange,9/29/95,0,Non-Rural
TX,,Medically Underserved Area,Orange,9/29/95,0,Non-Rural
TX,,Medically Underserved Area,Orange,9/29/95,0,Non-Rural
TX,,Medically Underserved Area,Orange,9/29/95,0,Non-Rural
TX,,Medically Underserved Area,Orange,9/29/95,0,Non-Rural
TX,,Medically Underserved Area,Orange,9/29/95,0,Non-Rural
TX,,Medically Underserved Area,Orange,9/29/95,0,Non-Rural
TX,,Medically Underserved Area,Orange,9/29/95,0,Non-Rural
TX,,Medically Underserved Area,Orange,9/29/95,0,Non-Rural
TX,5.7,Medically Underserved Area,Orange,7/1/19,60.6,Non-Rural
TX,5.7,Medically Underserved Area,Orange,7/1/19,60.6,Non-Rural
TX,5.7,Medically Underserved Area,Orange,7/1/19,60.6,Non-Rural
TX,5.7,Medically Underserved Area,Orange,7/1/19,60.6,Non-Rural
TX,5.7,Medically Underserved Area,Orange,7/1/19,60.6,Non-Rural
TX,5.7,Medically Underserved Area,Orange,7/1/19,60.6,Non-Rural
TX,5.7,Medically Underserved Area,Orange,7/1/19,60.6,Non-Rural
TX,5.7,Medically Underserved Area,Orange,7/1/19,60.6,Non-Rural
TX,,Medically Underserved Area,Orange,7/1/19,57.87,Non-Rural
TX,,Medically Underserved Area,Orange,7/1/19,57.87,Non-Rural
TX,,Medically Underserved Area,Orange,7/1/19,57.87,Non-Rural
TX,,Medically Underserved Area,Orange,7/1/19,0,Non-Rural
TX,,Medically Underserved Area,Orange,7/1/19,0,Non-Rural
TX,,Medically Underserved Area,Orange,7/1/19,0,Non-Rural
TX,,Medically Underserved Area,Orange,7/1/19,0,Non-Rural
TX,,Medically Underserved Area,Orange,7/1/19,0,Non-Rural
TX,,Medically Underserved Area,Orange,7/1/19,0,Non-Rural
TX,,Medically Underserved Area,Orange,7/1/19,0,Non-Rural
TX,,Medically Underserved Area,Orange,7/1/19,0,Non-Rural
TX,,Medically Underserved Area,Orange,7/1/19,0,Non-Rural
TX,,Medically Underserved Area,Orange,7/1/19,0,Non-Rural
TX,0,Medically Underserved Area,Palo Pinto,9/6/19,53,Rural
TX,0,Medically Underserved Area,Palo Pinto,9/6/19,53,Rural
TX,0,Medically Underserved Area,Palo Pinto,9/6/19,53,Rural
TX,4.1,Medically Underserved Area,Panola,5/13/19,60.8,Rural
TX,0.5,Medically Underserved Area,Parmer,5/13/19,61.8,Rural
TX,,Medically Underserved Area,Pecos,11/1/78,60.8,Rural
TX,7.3,Medically Underserved Area,Polk,5/13/19,58,Rural
TX,,Medically Underserved Area,Potter,5/11/94,54.23,Non-Rural
TX,,Medically Underserved Area,Potter,5/11/94,54.23,Non-Rural
TX,,Medically Underserved Area,Potter,5/11/94,51.8,Non-Rural
TX,5.7,Medically Underserved Area,Presidio,5/13/19,52.4,Rural
TX,,Medically Underserved Area,Rains,5/25/07,43.8,
TX,,Medically Underserved Area,Randall,7/15/03,60.7,Non-Rural
TX,0.5,Medically Underserved Area,Randall,5/13/19,58.1,Non-Rural
TX,0.5,Medically Underserved Area,Randall,5/13/19,58.1,Non-Rural
TX,0,Medically Underserved Area,Real,5/13/19,40.9,Rural
TX,0.5,Medically Underserved Area,Red River,5/13/19,51.6,Rural
TX,,Medically Underserved Area,Reeves,11/1/78,56.5,Rural
TX,,Medically Underserved Area,Reeves,8/12/19,56.5,Rural
TX,1.5,Medically Underserved Area,Refugio,5/13/19,54.7,Rural
TX,0,Medically Underserved Area,Robertson,5/13/19,54.2,Partially Rural
TX,5.7,Medically Underserved Area,Runnels,5/13/19,57.7,Rural
TX,,Medically Underserved Area,Rusk,11/1/78,49.6,Partially Rural
TX,0,Medically Underserved Area,Sabine,5/13/19,39.9,Rural
TX,4.1,Medically Underserved Area,San Augustine,5/13/19,46.4,Rural
TX,0,Medically Underserved Area,San Jacinto,5/13/19,53.3,Rural
TX,,Medically Underserved Area,San Patricio,5/11/94,49.76,Non-Rural
TX,,Medically Underserved Area,San Patricio,5/11/94,49.76,Non-Rural
TX,,Medically Underserved Area,San Patricio,5/11/94,49.76,Rural
TX,,Medically Underserved Area,San Patricio,5/11/94,49.76,Non-Rural
TX,,Medically Underserved Area,San Patricio,5/11/94,49.76,Non-Rural
TX,,Medically Underserved Area,San Patricio,5/11/94,49.76,Rural
TX,,Medically Underserved Area,San Patricio,5/11/94,49.76,Non-Rural
TX,,Medically Underserved Area,San Patricio,5/11/94,49.76,Rural
TX,,Medically Underserved Area,San Patricio,5/11/94,49.76,Rural
TX,,Medically Underserved Area,San Patricio,5/11/94,49.76,Rural
TX,2.8,Medically Underserved Area,San Saba,5/13/19,52,Rural
TX,,Medically Underserved Area,Schleicher,11/1/78,61.1,Rural
TX,2.8,Medically Underserved Area,Shackelford,5/13/19,58.1,Rural
TX,0,Medically Underserved Area,Shelby,5/13/19,56,Rural
TX,,Medically Underserved Area,Sherman,7/17/07,60.9,Rural
TX,,Medically Underserved Area,Smith,5/11/94,51.55,Non-Rural
TX,,Medically Underserved Area,Smith,5/11/94,51.55,Non-Rural
TX,,Medically Underserved Area,Smith,6/30/95,61.5,Non-Rural
TX,,Medically Underserved Area,Smith,6/30/95,61.5,Non-Rural
TX,,Medically Underserved Area,Smith,6/29/01,57.3,Non-Rural
TX,,Medically Underserved Area,Smith,6/29/01,57.3,Non-Rural
TX,,Medically Underserved Area,Smith,6/29/01,57.3,Non-Rural
TX,,Medically Underserved Area,Smith,6/29/01,57.3,Non-Rural
TX,,Medically Underserved Area,Smith,6/29/01,57.3,Non-Rural
TX,,Medically Underserved Area,Smith,6/29/01,57.3,Non-Rural
TX,4.1,Medically Underserved Area,Starr,9/15/17,51.7,Rural
TX,4.1,Medically Underserved Area,Stephens,5/13/19,55.1,Rural
TX,,Medically Underserved Area,Sterling,1/18/94,48.9,Rural
TX,10.7,Medically Underserved Area,Stonewall,5/13/19,59.6,Rural
TX,,Medically Underserved Area,Sutton,11/1/78,50.5,Rural
TX,12.6,Medically Underserved Area,Swisher,5/13/19,61.9,Rural
TX,,Medically Underserved Area,Tarrant,3/19/02,57.54,Non-Rural
TX,,Medically Underserved Area,Tarrant,3/19/02,57.54,Non-Rural
TX,,Medically Underserved Area,Tarrant,3/19/02,57.54,Non-Rural
TX,,Medically Underserved Area,Tarrant,3/19/02,57.54,Non-Rural
TX,,Medically Underserved Area,Tarrant,3/19/02,57.54,Non-Rural
TX,,Medically Underserved Area,Tarrant,3/19/02,57.54,Non-Rural
TX,,Medically Underserved Area,Tarrant,3/19/02,57.54,Non-Rural
TX,,Medically Underserved Area,Tarrant,3/19/02,57.54,Non-Rural
TX,,Medically Underserved Area,Tarrant,3/19/02,57.54,Non-Rural
TX,,Medically Underserved Area,Tarrant,3/19/02,57.54,Non-Rural
TX,,Medically Underserved Area,Tarrant,3/19/02,57.54,Non-Rural
TX,,Medically Underserved Area,Tarrant,3/19/02,57.54,Non-Rural
TX,,Medically Underserved Area,Tarrant,3/19/02,57.54,Non-Rural
TX,,Medically Underserved Area,Tarrant,11/14/03,55.3,Non-Rural
TX,,Medically Underserved Area,Tarrant,11/14/03,55.3,Non-Rural
TX,,Medically Underserved Area,Tarrant,11/14/03,55.3,Non-Rural
TX,,Medically Underserved Area,Tarrant,11/14/03,55.3,Non-Rural
TX,,Medically Underserved Area,Tarrant,11/14/03,55.3,Non-Rural
TX,,Medically Underserved Area,Tarrant,11/14/03,55.3,Non-Rural
TX,,Medically Underserved Area,Tarrant,11/14/03,55.3,Non-Rural
TX,,Medically Underserved Area,Tarrant,11/14/03,55.3,Non-Rural
TX,,Medically Underserved Area,Tarrant,11/14/03,55.3,Non-Rural
TX,,Medically Underserved Area,Tarrant,7/17/07,60.43,Non-Rural
TX,2.8,Medically Underserved Area,Tarrant,7/1/19,58,Non-Rural
TX,2.8,Medically Underserved Area,Tarrant,7/1/19,58,Non-Rural
TX,2.8,Medically Underserved Area,Tarrant,7/1/19,58,Non-Rural
TX,2.8,Medically Underserved Area,Tarrant,7/1/19,58,Non-Rural
TX,2.8,Medically Underserved Area,Tarrant,7/1/19,58,Non-Rural
TX,2.8,Medically Underserved Area,Tarrant,7/1/19,58,Non-Rural
TX,2.8,Medically Underserved Area,Tarrant,7/1/19,58,Non-Rural
TX,2.8,Medically Underserved Area,Tarrant,7/1/19,58,Non-Rural
TX,2.8,Medically Underserved Area,Tarrant,7/1/19,58,Non-Rural
TX,2.8,Medically Underserved Area,Tarrant,7/1/19,58,Non-Rural
TX,2.8,Medically Underserved Area,Tarrant,7/1/19,58,Non-Rural
TX,2.8,Medically Underserved Area,Tarrant,7/1/19,58,Non-Rural
TX,2.8,Medically Underserved Area,Tarrant,7/1/19,58,Non-Rural
TX,2.8,Medically Underserved Area,Tarrant,7/1/19,58,Non-Rural
TX,2.8,Medically Underserved Area,Tarrant,7/1/19,58,Non-Rural
TX,2.8,Medically Underserved Area,Tarrant,7/1/19,58,Non-Rural
TX,2.8,Medically Underserved Area,Tarrant,7/1/19,58,Non-Rural
TX,2.8,Medically Underserved Area,Tarrant,7/1/19,58,Non-Rural
TX,2.8,Medically Underserved Area,Tarrant,7/1/19,58,Non-Rural
TX,2.8,Medically Underserved Area,Tarrant,7/1/19,58,Non-Rural
TX,,Medically Underserved Area,Tarrant,7/1/19,57.54,Non-Rural
TX,,Medically Underserved Area,Tarrant,7/1/19,57.54,Non-Rural
TX,,Medically Underserved Area,Tarrant,7/1/19,57.54,Non-Rural
TX,,Medically Underserved Area,Tarrant,7/1/19,57.54,Non-Rural
TX,,Medically Underserved Area,Tarrant,7/1/19,57.54,Non-Rural
TX,,Medically Underserved Area,Tarrant,7/1/19,57.54,Non-Rural
TX,,Medically Underserved Area,Tarrant,7/1/19,57.54,Non-Rural
TX,,Medically Underserved Area,Tarrant,7/1/19,57.54,Non-Rural
TX,,Medically Underserved Area,Tarrant,7/1/19,57.54,Non-Rural
TX,,Medically Underserved Area,Tarrant,7/1/19,57.54,Non-Rural
TX,,Medically Underserved Area,Tarrant,7/1/19,57.54,Non-Rural
TX,,Medically Underserved Area,Tarrant,7/1/19,57.54,Non-Rural
TX,,Medically Underserved Area,Tarrant,7/1/19,57.54,Non-Rural
TX,,Medically Underserved Area,Taylor,5/11/94,60.3,Rural
TX,,Medically Underserved Area,Taylor,5/11/94,60.3,Non-Rural
TX,,Medically Underserved Area,Taylor,5/11/94,53.71,Non-Rural
TX,,Medically Underserved Area,Taylor,5/11/94,53.71,Non-Rural
TX,,Medically Underserved Area,Taylor,5/11/94,53.71,Non-Rural
TX,,Medically Underserved Area,Taylor,5/11/94,53.71,Non-Rural
TX,,Medically Underserved Area,Taylor,5/11/94,53.71,Non-Rural
TX,,Medically Underserved Area,Taylor,5/11/94,53.71,Non-Rural
TX,14.8,Medically Underserved Area,Terrell,5/13/19,51.7,Rural
TX,,Medically Underserved Area,Terry,11/1/78,45.5,Rural
TX,,Medically Underserved Area,Terry,8/12/19,45.5,Rural
TX,,Medically Underserved Area,Throckmorton,11/1/78,43.9,Rural
TX,,Medically Underserved Area,Throckmorton,8/12/19,43.9,Rural
TX,,Medically Underserved Area,Tom Green,5/11/94,51.01,Non-Rural
TX,,Medically Underserved Area,Tom Green,5/11/94,51.01,Non-Rural
TX,,Medically Underserved Area,Tom Green,5/11/94,51.01,Non-Rural
TX,,Medically Underserved Area,Tom Green,5/11/94,51.01,Non-Rural
TX,,Medically Underserved Area,Tom Green,5/11/94,51.01,Rural
TX,,Medically Underserved Area,Tom Green,5/11/94,51.01,Non-Rural
TX,,Medically Underserved Area,Tom Green,5/11/94,51.01,Non-Rural
TX,,Medically Underserved Area,Tom Green,5/11/94,51.01,Non-Rural
TX,,Medically Underserved Area,Tom Green,5/11/94,51.01,Non-Rural
TX,,Medically Underserved Area,Travis,5/11/94,56.8,Non-Rural
TX,,Medically Underserved Area,Travis,5/11/94,56.8,Non-Rural
TX,,Medically Underserved Area,Travis,5/11/94,56.8,Non-Rural
TX,,Medically Underserved Area,Travis,5/11/94,56.8,Non-Rural
TX,,Medically Underserved Area,Travis,5/11/94,56.8,Non-Rural
TX,,Medically Underserved Area,Travis,5/11/94,56.8,Non-Rural
TX,,Medically Underserved Area,Travis,5/11/94,56.8,Non-Rural
TX,,Medically Underserved Area,Travis,5/11/94,56.8,Non-Rural
TX,,Medically Underserved Area,Travis,5/11/94,56.8,Non-Rural
TX,,Medically Underserved Area,Travis,5/11/94,56.8,Non-Rural
TX,0.5,Medically Underserved Area,Trinity,5/13/19,49,Rural
TX,0.5,Medically Underserved Area,Tyler,5/13/19,50.9,Rural
TX,0.5,Medically Underserved Area,Upshur,5/13/19,59.3,Partially Rural
TX,0.5,Medically Underserved Area,Upton,9/20/17,60.8,Rural
TX,,Medically Underserved Area,Uvalde,7/25/02,61.7,Rural
TX,2.8,Medically Underserved Area,Val Verde,5/13/19,61.3,Rural
TX,0.5,Medically Underserved Area,Van Zandt,5/13/19,55,Rural
TX,,Medically Underserved Area,Victoria,6/11/09,61.4,Non-Rural
TX,,Medically Underserved Area,Walker,11/1/78,52.5,Rural
TX,0,Medically Underserved Area,Waller,5/13/19,60,Partially Rural
TX,,Medically Underserved Area,Ward,11/1/78,50.2,Rural
TX,,Medically Underserved Area,Ward,8/12/19,50.2,Rural
TX,,Medically Underserved Area,Washington,11/1/78,54.9,Rural
TX,,Medically Underserved Area,Webb,5/11/94,49,Non-Rural
TX,,Medically Underserved Area,Webb,5/11/94,49,Non-Rural
TX,,Medically Underserved Area,Webb,5/11/94,49,Non-Rural
TX,,Medically Underserved Area,Webb,5/11/94,49,Non-Rural
TX,,Medically Underserved Area,Webb,5/11/94,49,Non-Rural
TX,,Medically Underserved Area,Webb,5/11/94,49,Non-Rural
TX,,Medically Underserved Area,Webb,5/11/94,49,Non-Rural
TX,,Medically Underserved Area,Webb,5/11/94,49,Non-Rural
TX,,Medically Underserved Area,Webb,5/11/94,49,Non-Rural
TX,,Medically Underserved Area,Webb,5/11/94,49,Non-Rural
TX,,Medically Underserved Area,Webb,5/11/94,49,Non-Rural
TX,,Medically Underserved Area,Webb,5/11/94,49,Non-Rural
TX,,Medically Underserved Area,Webb,5/11/94,49,Non-Rural
TX,,Medically Underserved Area,Webb,5/11/94,49,Non-Rural
TX,,Medically Underserved Area,Webb,5/11/94,49,Non-Rural
TX,,Medically Underserved Area,Webb,5/11/94,49,Rural
TX,,Medically Underserved Area,Webb,5/11/94,49,Non-Rural
TX,,Medically Underserved Area,Webb,5/11/94,49,Non-Rural
TX,,Medically Underserved Area,Webb,5/11/94,49,Non-Rural
TX,,Medically Underserved Area,Webb,5/11/94,49,Non-Rural
TX,,Medically Underserved Area,Webb,5/11/94,49,Non-Rural
TX,,Medically Underserved Area,Webb,5/11/94,49,Non-Rural
TX,,Medically Underserved Area,Webb,5/11/94,49,Rural
TX,,Medically Underserved Area,Webb,5/11/94,49,Non-Rural
TX,,Medically Underserved Area,Webb,5/11/94,49,Non-Rural
TX,,Medically Underserved Area,Webb,5/11/94,49,Non-Rural
TX,,Medically Underserved Area,Webb,5/11/94,49,Non-Rural
TX,,Medically Underserved Area,Webb,5/11/94,49,Non-Rural
TX,,Medically Underserved Area,Webb,5/11/94,49,Non-Rural
TX,,Medically Underserved Area,Webb,5/11/94,49,Non-Rural
TX,,Medically Underserved Area,Webb,5/11/94,49,Non-Rural
TX,,Medically Underserved Area,Webb,5/11/94,49,Non-Rural
TX,,Medically Underserved Area,Webb,5/11/94,49,Non-Rural
TX,,Medically Underserved Area,Webb,5/11/94,49,Non-Rural
TX,2.8,Medically Underserved Area,Webb,5/13/19,54.3,Partially Rural
TX,,Medically Underserved Area,Webb,5/13/19,49,Non-Rural
TX,,Medically Underserved Area,Webb,5/13/19,49,Non-Rural
TX,,Medically Underserved Area,Webb,5/13/19,49,Rural
TX,,Medically Underserved Area,Webb,5/13/19,49,Non-Rural
TX,,Medically Underserved Area,Webb,5/13/19,49,Non-Rural
TX,,Medically Underserved Area,Webb,5/13/19,49,Non-Rural
TX,,Medically Underserved Area,Webb,5/13/19,49,Non-Rural
TX,,Medically Underserved Area,Webb,5/13/19,49,Non-Rural
TX,,Medically Underserved Area,Webb,5/13/19,49,Non-Rural
TX,,Medically Underserved Area,Webb,5/13/19,49,Non-Rural
TX,,Medically Underserved Area,Webb,5/13/19,49,Non-Rural
TX,,Medically Underserved Area,Webb,5/13/19,49,Non-Rural
TX,,Medically Underserved Area,Webb,5/13/19,49,Non-Rural
TX,,MUP Low Income,Jefferson,1/18/95,45.9,Non-Rural
TX,,MUP Low Income,Jefferson,1/18/95,45.9,Non-Rural
TX,,MUP Low Income,Jefferson,1/18/95,45.9,Non-Rural
TX,,MUP Low Income,Jefferson,1/18/95,45.9,Non-Rural
TX,,MUP Low Income,Jefferson,1/18/95,45.9,Non-Rural
TX,,MUP Low Income,Jefferson,1/18/95,45.9,Not Applicable
TX,,MUP Low Income,Jefferson,11/29/19,45.9,Not Applicable
TX,,MUP Low Income,Jefferson,11/29/19,45.9,Non-Rural
TX,,MUP Low Income,Jefferson,11/29/19,45.9,Non-Rural
TX,,MUP Low Income,Jefferson,11/29/19,45.9,Non-Rural
TX,,MUP Low Income,Jefferson,11/29/19,45.9,Non-Rural
TX,,MUP Low Income,Jefferson,11/29/19,45.9,Non-Rural
TX,,Medically Underserved Area,Webb,5/13/19,49,Non-Rural
TX,,Medically Underserved Area,Webb,5/13/19,49,Non-Rural
TX,,Medically Underserved Area,Webb,5/13/19,49,Non-Rural
TX,,Medically Underserved Area,Webb,5/13/19,49,Non-Rural
TX,,Medically Underserved Area,Webb,5/13/19,49,Non-Rural
TX,,Medically Underserved Area,Webb,5/13/19,49,Non-Rural
TX,,Medically Underserved Area,Webb,5/13/19,49,Non-Rural
TX,,Medically Underserved Area,Webb,5/13/19,49,Non-Rural
TX,,Medically Underserved Area,Webb,5/13/19,49,Non-Rural
TX,,Medically Underserved Area,Webb,5/13/19,49,Non-Rural
TX,,Medically Underserved Area,Webb,5/13/19,49,Non-Rural
TX,,Medically Underserved Area,Webb,5/13/19,49,Non-Rural
TX,,Medically Underserved Area,Webb,5/13/19,49,Non-Rural
TX,,Medically Underserved Area,Webb,5/13/19,49,Non-Rural
TX,,Medically Underserved Area,Webb,5/13/19,49,Non-Rural
TX,,Medically Underserved Area,Webb,5/13/19,49,Non-Rural
TX,,Medically Underserved Area,Webb,5/13/19,49,Non-Rural
TX,,Medically Underserved Area,Webb,5/13/19,49,Non-Rural
TX,,Medically Underserved Area,Webb,5/13/19,49,Non-Rural
TX,,Medically Underserved Area,Webb,5/13/19,49,Rural
TX,,Medically Underserved Area,Webb,5/13/19,49,Non-Rural
TX,,Medically Underserved Area,Webb,6/25/19,49,
TX,,Medically Underserved Area,Webb,6/25/19,49,
TX,,Medically Underserved Area,Webb,6/25/19,49,
TX,,Medically Underserved Area,Webb,6/25/19,49,
TX,,Medically Underserved Area,Webb,6/25/19,49,
TX,,Medically Underserved Area,Webb,6/25/19,49,
TX,,Medically Underserved Area,Webb,6/25/19,49,
TX,,Medically Underserved Area,Webb,6/25/19,49,
TX,,Medically Underserved Area,Webb,6/25/19,49,
TX,,Medically Underserved Area,Webb,6/25/19,49,
TX,,Medically Underserved Area,Webb,6/25/19,49,
TX,,Medically Underserved Area,Webb,6/25/19,49,
TX,,Medically Underserved Area,Webb,6/25/19,49,
TX,,Medically Underserved Area,Webb,6/25/19,49,
TX,,Medically Underserved Area,Webb,6/25/19,49,
TX,,Medically Underserved Area,Webb,6/25/19,49,
TX,,Medically Underserved Area,Webb,6/25/19,49,
TX,,Medically Underserved Area,Webb,6/25/19,49,
TX,,Medically Underserved Area,Webb,6/25/19,49,
TX,,Medically Underserved Area,Webb,6/25/19,49,
TX,,Medically Underserved Area,Webb,6/25/19,49,
TX,,Medically Underserved Area,Webb,6/25/19,49,
TX,,Medically Underserved Area,Webb,6/25/19,49,
TX,,Medically Underserved Area,Webb,6/25/19,49,
TX,,Medically Underserved Area,Webb,6/25/19,49,
TX,,Medically Underserved Area,Webb,6/25/19,49,
TX,,Medically Underserved Area,Webb,6/25/19,49,
TX,,Medically Underserved Area,Webb,6/25/19,49,
TX,,Medically Underserved Area,Webb,6/25/19,49,
TX,,Medically Underserved Area,Webb,6/25/19,49,
TX,,Medically Underserved Area,Webb,6/25/19,49,
TX,,Medically Underserved Area,Webb,6/25/19,49,
TX,,Medically Underserved Area,Webb,6/25/19,49,
TX,,Medically Underserved Area,Webb,6/25/19,49,
TX,,Medically Underserved Area,Wharton,11/1/78,60.9,Rural
TX,,MUP Other Population,Harris,3/31/05,0,Non-Rural
TX,,MUP Other Population,Harris,3/31/05,0,Non-Rural
TX,,MUP Other Population,Harris,3/31/05,0,Non-Rural
TX,,MUP Other Population,Harris,3/31/05,0,Non-Rural
TX,,MUP Other Population,Harris,3/31/05,0,Non-Rural
TX,,MUP Other Population,Harris,3/31/05,0,Non-Rural
TX,,MUP Other Population,Harris,3/31/05,0,Non-Rural
TX,,MUP Other Population,Harris,3/31/05,0,Non-Rural
TX,,MUP Other Population,Harris,3/31/05,0,Non-Rural
TX,,MUP Other Population,Harris,3/31/05,0,Non-Rural
TX,,MUP Other Population,Harris,3/31/05,0,Non-Rural
TX,,MUP Other Population,Harris,3/31/05,0,Non-Rural
TX,,MUP Other Population,Harris,3/31/05,0,Non-Rural
TX,,MUP Other Population,Harris,3/31/05,0,Non-Rural
TX,,MUP Other Population,Harris,3/31/05,0,Non-Rural
TX,,MUP Other Population,Harris,3/31/05,0,Non-Rural
TX,,MUP Other Population,Harris,3/31/05,0,Non-Rural
TX,,MUP Other Population,Harris,3/31/05,0,Non-Rural
TX,,Medically Underserved Area,Wichita,5/11/94,50.7,Non-Rural
TX,,Medically Underserved Area,Wichita,5/11/94,50.7,Non-Rural
TX,,Medically Underserved Area,Wichita,5/11/94,50.7,Non-Rural
TX,,Medically Underserved Area,Wichita,5/11/94,50.7,Non-Rural
TX,,Medically Underserved Area,Wichita,5/11/94,50.7,Non-Rural
TX,,Medically Underserved Area,Wichita,7/24/02,58.4,Non-Rural
TX,,Medically Underserved Area,Wichita,7/24/02,58.4,Non-Rural
TX,,MUP Other Population,Harris,2/1/94,0,Non-Rural
TX,,MUP Other Population,Harris,2/1/94,0,Non-Rural
TX,,MUP Other Population,Harris,2/1/94,0,Non-Rural
TX,,MUP Other Population,Harris,2/1/94,0,Non-Rural
TX,,MUP Other Population,Harris,2/1/94,0,Non-Rural
TX,,MUP Other Population,Harris,2/1/94,0,Non-Rural
TX,,MUP Other Population,Harris,2/1/94,0,Non-Rural
TX,,MUP Other Population,Harris,2/1/94,0,Non-Rural
TX,,MUP Other Population,Harris,2/1/94,0,Non-Rural
TX,,MUP Other Population,Harris,2/1/94,0,Non-Rural
TX,,MUP Other Population,Harris,2/1/94,0,Non-Rural
TX,,MUP Other Population,Harris,2/1/94,0,Non-Rural
TX,,MUP Other Population,Harris,2/1/94,0,Non-Rural
TX,,MUP Other Population,Harris,2/1/94,0,Non-Rural
TX,,MUP Other Population,Harris,2/1/94,0,Non-Rural
TX,,MUP Other Population,Harris,2/1/94,0,Non-Rural
TX,,Medically Underserved Area,Wichita,7/24/02,58.4,Non-Rural
TX,,Medically Underserved Area,Wichita,7/24/02,58.4,Non-Rural
TX,,Medically Underserved Area,Wichita,7/24/02,58.4,Non-Rural
TX,,Medically Underserved Area,Wilbarger,11/1/78,53.1,Rural
TX,5.7,Medically Underserved Area,Willacy,5/13/19,52.9,Rural
TX,,Medically Underserved Area,Williamson,11/1/78,57.7,Non-Rural
TX,,Medically Underserved Area,Wilson,11/1/78,57.1,Non-Rural
TX,,Medically Underserved Area,Winkler,9/28/04,60.2,Rural
TX,,Medically Underserved Area,Wise,1/24/05,55.7,
TX,,Medically Underserved Area,Wise,1/24/05,55.7,
TX,,MUP Other Population,Harris,9/6/19,0,Non-Rural
TX,,MUP Other Population,Harris,9/6/19,0,Non-Rural
TX,,MUP Other Population,Harris,9/6/19,0,Non-Rural
TX,,MUP Other Population,Harris,9/6/19,0,Non-Rural
TX,,MUP Other Population,Harris,9/6/19,0,Non-Rural
TX,,MUP Other Population,Harris,9/6/19,0,Non-Rural
TX,,MUP Other Population,Harris,9/6/19,0,Non-Rural
TX,,MUP Other Population,Harris,9/6/19,0,Non-Rural
TX,,MUP Other Population,Harris,9/6/19,0,Non-Rural
TX,,MUP Other Population,Harris,9/6/19,0,Non-Rural
TX,,MUP Other Population,Harris,9/6/19,0,Non-Rural
TX,,MUP Other Population,Harris,9/6/19,0,Non-Rural
TX,,MUP Other Population,Harris,9/6/19,0,Non-Rural
TX,,MUP Other Population,Harris,9/6/19,0,Non-Rural
TX,,MUP Other Population,Harris,9/6/19,0,Non-Rural
TX,,MUP Other Population,Harris,9/6/19,0,Non-Rural
TX,,MUP Other Population,Harris,9/6/19,0,Non-Rural
TX,,MUP Other Population,Harris,9/6/19,0,Non-Rural
TX,9,Medically Underserved Area,Wood,5/13/19,57.3,Rural
TX,,Medically Underserved Area,Yoakum,11/1/78,55.6,Rural
TX,,Medically Underserved Area,Young,7/30/02,61,Rural
TX,,Medically Underserved Area,Young,7/30/02,57.15,
TX,,Medically Underserved Area,Young,7/30/02,57.15,
TX,0,Medically Underserved Area,Zapata,5/13/19,50.1,Rural
TX,1.5,Medically Underserved Area,Zavala,5/13/19,51.3,Rural