% Low Birthweight,# Primary Care Physicians,Primary Care Physicians Rate,% Vaccinated Flu,% Children in Poverty,# Uninsured Children,% Uninsured Children,# Food Insecure,% Food Insecure,Other Primary Care Provider Rate,Median Household Income,% Enrolled in Free or Reduced Lunch,Population,% Female,% Rural,year,% Broadband Access,mmr_doses_0_24_months,mmr_doses_2_8_years,mmr_doses_9_17_years,kin_DTP_cov,kin_HepA_cov,kin_HepB_cov,kin_mmr_cov,kin_polio_cov,kin_varic_cov,Estimated hesitant,Estimated hesitant or unsure,Estimated strongly hesitant,Social Vulnerability Index (SVI),CVAC level of concern for vaccination rollout,other_pc_provider_ratio_numerator,other_pc_provider_ratio_denominator,%_pop_youth_imputed,imr_imputed,live_births_imputed,pop_0_24mos,mmr_dose_rate_0_24_months,mmr_doses_<18yrs,#_pop_youth_imputed,mmr_dose_rate_<18yrs,segregation_imputed,%_pop_youth_imputed_yes_no,imr_imputed_yes_no,live_births_imputed_yes_no,seg_missing_bool,segregation_imputed_yes_no,OH__Low Vulnerability,OH__Moderate Vulnerability,OH__Very High Vulnerability,OH__Very Low Vulnerability,OH__Moderate Concern,OH__Very High Concern,OH__urban,OH__very rural,OH__very urban,OH__medium,OH__small
-0.6081642683122512,-0.2024199329960776,-0.23422923900254894,0.4955468160341127,0.01881844507480323,-0.1577686962672157,-0.5623188983440532,-0.09490092896003775,1.0806522118848507,-0.29797957447526774,-0.6825431134566935,-0.11232606559026753,-0.14173713457504297,-3.5714237134154754,0.3712386487619481,-1.3416407864998738,-0.44867125077346853,-0.18147355544972643,-0.18365030417540765,-0.18006139515691458,0.39417004397286903,0.5504394384278063,0.3847573683617041,0.5338978543709123,0.5835296147104481,0.5108496745862332,1.8141766810851914,1.869291090207579,1.789004385752785,0.49152379668404284,0.6146124547964777,-0.08476869321384112,0.23040780653682147,-0.044754581050616415,-0.017148642382772285,-0.13396321697450464,-0.13403017170355963,-0.12461529148519647,-0.18574963366046707,-0.1454614029746336,-0.7573992777285976,-0.5435719473460191,True,True,False,False,False,False,False,False,False,False,True,False,False,False,False,False
-1.4205574649023507,-0.2418605747465883,0.3696224569942551,-1.4301948743782276,-1.1192353920183358,-0.2010465127034706,-0.0162500804081619,-0.24877227555972195,-2.187599225364524,0.03521417402247496,2.2526091032310345,-1.545439825043926,-0.23807205265051523,-0.07720055961609931,-1.2180477885365852,-1.3416407864998738,1.4605385940035123,-0.19756251542857875,-0.19736198795643115,-0.16739532476294133,0.45122489906850294,0.41849723596968147,0.6612453111263219,0.8030194148082517,0.7052504955321357,0.8827943313316213,-0.30127374996105827,-0.36384923947409203,-0.14678757572039824,-0.8836988896843365,-0.0021402639168774332,-0.22760692702140947,0.23040780653682147,-0.044754581050616415,-0.017148642382772285,-0.18679066317023785,-0.1868559710702291,-0.08807611421056291,-0.19849251245100763,-0.23672172667706395,1.309499455296768,-1.2970073822912993,True,True,False,False,False,False,True,False,False,False,True,False,False,True,True,False
0.787891965102898,-0.08768352063095557,0.6851738436361471,1.0023209450899917,0.5613789953168807,-0.05434205020769136,-0.5209602119678499,0.008077129328467703,1.3140987431169486,0.34451897296116374,-0.6310346824277686,0.4500370912553691,-0.07168568459329194,0.7464923717460162,-0.3825560537913119,-1.3416407864998738,1.0194144774792273,-0.075889755588508,-0.07564442577719176,-0.1578957719674614,0.6331730010140794,0.6016689782094853,0.4734703850430459,0.5906047014252442,0.5614850045177756,0.6095904377191197,0.4646651992108597,0.7527209253667444,0.4254276581741901,1.3080622667152677,0.08596726732788773,-0.31836050098754404,0.23040780653682147,-0.044754581050616415,-0.03621492486057933,-0.005196316872404996,-0.005263552644782252,-0.12398048004232003,-0.08407431087375908,-0.07910002405955771,-0.16064136081699693,-0.16214692939708195,True,False,False,False,False,False,False,True,False,False,True,True,False,False,False,False
0.9588722140609229,-0.2418605747465883,-0.21338732010314443,0.39419199022293694,1.620033727496545,-0.21212269962190192,-0.2609287545421269,-0.20417681891246833,0.5137106360354696,-0.4844038629735718,-0.6115307589826056,2.6143814819173516,-0.22440677237854562,0.5363869772973756,-0.8798794540044279,-1.3416407864998738,0.9732683152020699,-0.23325989538165737,-0.2266838963496968,-0.18956094795239453,0.20463814328052637,0.38361527751085545,0.4386290922025247,0.4122290235097101,0.3429667536624478,0.3185008554904094,-0.1462622959619791,-0.13396714671274337,-0.35375904329929125,0.5344995056330547,-0.26646285765117295,0.02965972613476337,0.23040780653682147,-0.044754581050616415,-0.017148642382772285,-0.21072809972767945,-0.21079266140825123,-0.1013412035999396,-0.23045679244240555,-0.22377628668481356,-0.6227998407496773,1.4090937913567303,True,True,False,False,False,False,False,True,False,False,True,True,False,False,True,False
-0.07097280614967712,,,0.7996112934676401,-1.0795358395615982,-0.23750257163367172,0.14035383513241062,-0.25302756722453623,-0.32002697550773834,,0.4636700863843385,-2.304966064316236,-0.2606110795397702,0.5895340984351783,1.0603947685119777,-1.3416407864998738,0.18226704831294294,-0.24670926036397925,-0.2515758761367856,-0.1832279127554079,0.8185002430766474,0.6320878196312875,0.5258282125955924,0.691683517982602,0.7518178027053236,0.7778308841899311,0.8567529946202935,0.5097027130190326,0.8393705933319778,-2.516775829746787,-0.7070005138749978,,,-0.044754581050616415,-0.017148642382772285,-0.2317765353212919,-0.2318404408434086,-0.046812110898539705,-0.24828611444765766,-0.25807347463038366,-0.06256602645393498,-0.012148860733831467,True,True,False,True,True,False,False,False,True,False,True,False,True,False,False,True
0.43485303547997345,-0.2741301907242789,-1.5295774418766945,-1.227485222755876,-0.9472039980391402,-0.2545202892831821,0.21421830001853123,-0.2697083105506082,-0.6201725156632933,-0.3120797631986924,0.1639572859528749,-1.3232747679401662,-0.2772439259724959,0.8385049843662489,1.406523334941091,-1.3416407864998738,0.9728294424770859,-0.26606629033853596,-0.2638109170490835,-0.18956094795239453,-0.7023673079858881,-0.8869923574615255,-1.2553934265749385,-0.7727837523547728,-0.8101272920619531,-0.6028157653045142,0.38260031179958304,0.41118181612131166,0.27933015164791297,-2.2159458671037036,-2.82158126374936,-0.07727165884272565,0.23040780653682147,-0.044754581050616415,-0.017148642382772285,-0.2414753242712898,-0.24153892744588307,-0.08858896123647948,-0.26327773655417597,-0.2738301595362054,0.09269405811134476,-0.012148860733831467,True,True,False,True,True,False,False,False,True,True,False,False,True,False,False,True
-0.06187429421514572,-0.24544608763299838,-0.9187717080565173,-0.2139369646441179,0.19084983905399824,-0.15314750569859867,-0.9319350802854293,-0.20230449057995006,-2.0542012075176106,-0.5496141121621838,-0.33425876622163847,0.15906393531209445,-0.160427976076976,0.3738432037680678,0.17156668542532214,-1.3416407864998738,0.7445007957656227,-0.1327038955138303,-0.16107876318203052,-0.17056184236143465,0.8747846707954113,1.043711999871503,0.8433765832279776,0.9941386374997441,0.9420136814520803,0.9849584043845357,-0.4836401664305626,-0.5280507343036268,-0.5485557186676625,0.7493780503781137,0.6146124547964777,0.07858773992520116,0.23040780653682147,-0.044754581050616415,-1.3055652042496784,-0.10610499339472347,-0.10602625536262716,-0.10930758340012088,-0.15271452351860357,-0.16316767480019215,-0.00786907847973397,-0.012148860733831467,True,False,False,True,True,False,False,True,False,False,True,False,False,False,False,False
-0.09335586523610928,-0.2526171134058185,-0.7762567526467516,0.1914823386005853,-0.7354730516032078,-0.18696288430387578,-0.2268058866291129,-0.20077258558061692,-0.08658044427564036,-0.385896468962452,0.3696897911736685,-0.4923779749466807,-0.20945554677024836,0.37173454218535346,0.34862455650444385,-1.3416407864998738,0.2829707253732765,-0.20912645541337888,-0.20769848803751043,-0.1768948775584213,0.6972300823192401,0.6968947534806784,0.303765212507748,0.6407112011784099,0.6272722217279814,0.6677415861334414,-0.7754264327817688,-0.7645008868581561,-0.767701978457079,-0.7977474717863128,-0.5307854513854685,-0.035051517910654334,0.23040780653682147,-0.044754581050616415,-0.017148642382772285,-0.1762664453734316,-0.17633208135265044,-0.11708845637746901,-0.20946852149327994,-0.2096126405633489,-0.3010900059507772,-1.4923087494450304,True,True,False,False,False,False,True,False,False,False,True,False,False,False,True,False
-0.4875527285670279,-0.2633736520650487,0.055727773098130394,0.2928371644117611,0.4819798904034062,-0.23383496007127724,0.33388456202190103,-0.2603466688880168,-1.2538131004361315,0.5347129951231184,-0.7516728498376191,1.6460796514863836,-0.264854940415193,0.39648015592238534,-0.8330347315626654,-1.3416407864998738,-0.3718218772031741,-0.24256132536943137,-0.24535288119001342,-0.1832279127554079,0.6058611160057645,-1.6630542401518886,-0.0568322708380067,0.7612224621334552,0.533435445049049,-0.44957545325511217,-0.5109951289009877,-0.40982565802636034,-0.4268077965624307,0.5344995056330547,0.702719986041243,-0.36176438418873885,0.23040780653682147,-0.044754581050616415,-0.017148642382772285,-0.22249046079469817,-0.22255465579848624,-0.08910540718889377,-0.24336029575551593,-0.2620937834132877,1.015672472306111,-0.012148860733831467,True,True,False,True,True,False,False,True,False,False,True,True,False,False,False,True
0.919098620498078,-0.2526171134058185,-0.5256664383419971,0.0901275127894095,0.045284813379294735,-0.21989803613417822,-0.0038425161980338005,-0.22136819723831802,-0.15327945319909678,-0.5474106322931875,-0.15247316314587134,-0.7149680175062916,-0.22674222282050652,0.45411836252714544,1.406523334941091,-1.3416407864998738,0.9490535700596251,-0.23753352537604003,-0.24704047303998553,-0.18956094795239453,-0.34832928790248163,-0.016002350406776705,-0.1917387656361862,-0.031677721036501905,-0.30424856714231324,-0.15565551047181309,-0.4836401664305626,-0.5280507343036268,-0.5485557186676625,-0.711796053888289,-0.9713231076092933,0.07661483614332866,0.23040780653682147,-0.044754581050616415,-0.017148642382772285,-0.21217260020959403,-0.21223711685968358,-0.10786411945669923,-0.24261071465019002,-0.22598871357614445,-1.022187092642477,-0.012148860733831467,True,True,False,True,True,False,True,False,False,False,False,False,True,False,True,False
-0.3920929638406595,-0.19166339433684743,-0.5147957757203344,0.2928371644117611,-0.43110981610155424,-0.04935409848283487,-0.35222366264099814,-0.10307108895648116,-0.8202695424336631,-0.7900474753372534,0.5158562599268018,0.6303290867427076,-0.07196555262146082,0.0024314908999240542,0.2703053645828098,-1.3416407864998738,0.7662090684225723,-0.031142335647324947,-0.05518237459627977,-0.1547292543689681,0.03614873781584798,-0.12031144258391144,-0.009172254335952718,-0.022470400518999456,0.03192124363895352,-0.13556963526100782,0.37348199097610757,0.3914776367417679,0.31585452827948185,0.3196209608879953,-0.26646285765117295,0.32007116282639403,0.23040780653682147,-0.044754581050616415,-1.033350408032582,-0.010148889953254983,-0.010024828053551711,-0.1071357094848892,-0.0543587741983389,-0.07936514959612218,0.13465627024885723,-0.827330053298679,True,False,False,False,False,False,False,False,False,False,True,False,False,False,False,False
0.5040393309975417,-0.25620262629222856,3.692057913427232,-2.0383238292452823,0.8128094942095512,-0.2516595522645144,-0.31849156813653295,-0.2639211138864608,0.4136621226502844,-0.23449306346651297,-1.0431774353828944,-0.27556843742965337,-0.27316653832072535,0.7802659055222183,1.406523334941091,-1.3416407864998738,0.18952973837508516,-0.2636780853416751,-0.25927551395228343,-0.18956094795239453,1.175573494195681,1.2382232597520697,0.9440280757051995,1.0355149640618153,1.118535346694166,1.101982706245152,0.8567529946202935,0.5097027130190326,0.8393705933319778,-2.2159458671037036,-0.8832155763645282,-0.11712431523654997,0.23040780653682147,-0.044754581050616415,-0.017148642382772285,-0.23672910840214187,-0.23679285953403387,-0.11963663251931289,-0.2599581630877326,-0.2699675547362578,-0.08573765279458248,-0.012148860733831467,True,True,False,True,True,False,False,False,True,False,False,False,True,False,False,True
1.641169318209186,-0.24903160051940845,-0.7256543940621508,-0.9234207453223485,1.2627377553859083,-0.2108757116906878,-1.219989918972676,-0.19668750558239523,-0.35337647996946653,-0.2500587680390163,-0.9960366783301063,0.708513729247862,-0.20318746800143178,-3.43005796646071,-0.38585833588529117,-1.3416407864998738,-1.0825916921208791,-0.20636116541701363,-0.2009481206376219,-0.16739532476294133,0.6555283489761677,0.7968323238692502,0.7156266120068813,0.7225401862204833,0.7847283515248386,0.8069214323230949,-0.1462622959619791,-0.13396714671274337,-0.35375904329929125,1.2650865577662558,0.9670425797755384,-0.1096272808654345,0.23040780653682147,-0.044754581050616415,2.092779026250774,-0.17440923046811288,-0.17459776159217974,-0.1157054562353001,-0.20406082923342872,-0.2036747427702934,-0.29183416221607955,-1.6413247066354204,True,False,False,False,False,False,False,True,False,False,True,True,False,False,True,False
0.554782444979227,0.7441554690161792,1.5238558613616038,0.0901275127894095,-0.44434300025379975,0.20840564212224924,-1.9814216044312416,0.7976890506514046,1.2473997341934924,2.6963582434855016,-0.05578189788104741,-0.3601100148938845,0.576232927171793,0.43328610746310764,-1.2594091380087433,-1.3416407864998738,1.3299933810668443,0.4688723736954452,0.3348622917285272,-0.12496398894313095,0.4339785039464262,0.4428938438203518,0.1916239342364066,0.3463317287744706,0.37905066657925723,0.28785445656633013,0.40995527427000816,1.1336683933712646,0.16975702175320473,0.5774752145820666,-0.4426779201407033,-0.5894374806168243,0.23040780653682147,-0.044754581050616415,1.0764878121649624,1.0131765228773735,1.011954167992458,-0.14234219340934753,0.35914228840394957,0.5346884487368473,-0.45807823165045003,-0.07311792957373826,True,False,False,False,False,False,False,True,False,False,True,False,False,True,False,False
0.7038162256807106,4.924863494570314,1.2390720251259812,-0.011227313021766296,0.16438347074950674,2.8019938345851303,-1.5717512605308237,3.406353052849148,-1.1871140915126746,0.8534845578982696,-0.06195688522662028,0.07123490945592847,4.509843204781463,0.5434568229287856,-1.5940784919066118,-1.3416407864998738,0.8962501538499212,3.8606262492372525,3.3493232337412326,0.5210056011495049,0.3183740607280272,0.29658459758251426,0.26492573735054864,0.309772752879081,0.3248770628727509,0.30374535309863326,-1.769323402540566,-1.5329638826603773,-1.9486568228778263,0.6634266324800899,-0.09024779516164261,-0.4197677553757901,0.23040780653682147,-0.044754581050616415,0.40459934487934707,4.963885340913748,4.961872996731755,-0.125594817236525,3.3887349501012034,4.26108957540439,-0.39104280472498587,0.19300625064536564,True,False,False,False,False,False,False,True,False,False,True,False,False,True,False,False
-1.3591432012420528,-0.25620262629222856,0.0787723960996949,0.5969016418452885,-0.6957734991464702,-0.2284068949589334,1.0916577436806,-0.24928291055949967,-0.6201725156632933,-1.0205637474256108,0.7379298901962457,-1.568326081203872,-0.2535757763489045,0.26257710659764,1.406523334941091,-1.3416407864998738,1.3347655590637957,-0.2563877753512576,-0.25621675372420893,-0.1832279127554079,-0.9593486809160047,-1.1778113366591836,-1.2438175239313622,-0.506297625724959,-1.0740495478917451,-0.593843141770045,-1.741968440070141,-2.2685865794966933,-1.607762640983178,-1.7002373597155613,-1.7642908888121789,0.7154410807136413,0.23040780653682147,-0.044754581050616415,-0.017148642382772285,-0.22909389156916482,-0.22915788071931992,-0.11636949013267012,-0.2547646368579745,-0.25140876717674626,-1.012320435925239,-0.012148860733831467,True,True,False,True,True,True,False,False,False,False,False,False,True,False,True,False
,-0.2741301907242789,-1.5295774418766945,-2.0383238292452823,-1.0530694712571067,-0.25767443522684136,0.19995619151433688,-0.2726019088826819,-0.6868715245867497,-1.6878977125609278,0.8334915846051721,-2.6353428416295817,-0.2802452693090655,-0.3714319666121275,1.406523334941091,-1.3416407864998738,0.6554532526692834,-0.2692086653344056,-0.26539303440843237,-0.18956094795239453,1.175573494195681,1.2382232597520697,0.9440280757051995,1.0355149640618153,1.118535346694166,1.101982706245152,0.32789038685873145,0.34550121818949775,0.25498056722686596,-2.645702956593822,-1.411860763833119,-0.5681301197726014,-4.340130723132376,-0.044754581050616415,-0.017148642382772285,-0.20195791823034093,-0.20202275331026898,-0.18582100638841495,-0.2654193968551071,-0.27667340235936205,1.2180681279011936,-0.012148860733831467,True,True,True,True,True,False,False,False,True,False,False,False,True,False,False,True
-0.8237346827553123,-0.23827506186017824,0.5110944002238976,-0.8220659195111727,0.20408302320624425,-0.21755076473424576,-0.018809256482033458,-0.22647454723609514,0.1802155914181864,-0.57375816039479,-0.49495904665398605,0.11800453198296207,-0.23671372765173013,0.505911248300579,0.8160800224684276,-1.3416407864998738,-0.029837674209494867,-0.24105298537141398,-0.24018463114947378,-0.1863944303539012,-0.8800103568409033,-0.7778596636046128,-0.3399585310313155,-0.6799251696198684,-0.9925683524848312,-1.1372931239525186,0.44642855756390876,0.3914776367417679,0.595874749121516,-0.2390632554491587,0.08596726732788773,0.09792219698755156,0.23040780653682147,-0.044754581050616415,-0.017148642382772285,-0.20866452761065862,-0.20872915362049071,-0.12333087086746237,-0.24036197133421228,-0.2354349535987382,-0.7096054788116997,0.45059462469777867,True,True,False,False,False,False,False,False,False,False,True,False,False,False,True,False
1.4415547448221786,-0.048242878880444866,0.9765209153544374,0.4955468160341127,0.4025807854899312,-0.12233956857448504,-1.5237645158613968,0.06952354096838584,2.1811858591218853,2.175664887489003,-0.5793756419513907,-0.018614854668027127,-0.05423736063021209,0.21042615380565016,-0.6232534882481348,-1.3416407864998738,-0.26081719533516295,-0.1249108055240737,-0.12458458942638334,-0.17056184236143465,0.0013257716470672727,0.14898974295694098,0.17748709655061692,0.14578256600718098,0.14981071834399254,0.10589886125087039,1.4312072064992318,1.5474561603416919,1.5211589571212762,0.7493780503781137,-0.17835532640640778,-0.5578710201068645,0.23040780653682147,-0.044754581050616415,3.000576977046406,-0.021498536596869535,-0.022119857835431234,-0.13687597926998699,-0.13086958844910548,-0.06257081819374655,-0.7246178593607843,0.23708406466921167,True,False,False,False,False,False,False,True,False,False,True,True,False,False,False,False
0.24160663705720845,0.5648798246956761,0.8847724929097222,0.2928371644117611,-1.238334049388548,0.4246480198410278,-1.2582532836910378,0.5534353090910652,-0.32002697550773834,-0.11988139431597325,1.445267160159245,-1.2180234658736007,0.6113563647069861,0.14663652909620117,-1.0286171915291908,-1.3416407864998738,1.5700675743572403,0.6908497434036734,0.4667054050075994,-0.10026515167488309,0.5379902020988229,0.48996366278230424,0.4738648540460221,0.4852437358079948,0.5413377816491358,0.49317147860716815,-1.1401592657207775,-1.395034627003569,-1.108596160351729,-0.711796053888289,-1.6761833575674148,-0.16881439432160922,0.23040780653682147,-0.044754581050616415,-1.8126621700735237,0.6815604836721265,0.6828222081312445,-0.1057393852473901,0.5227115938875688,0.567961703575686,-0.13873638506169964,-0.19396787289494566,True,False,False,False,False,False,True,False,False,False,False,False,False,True,False,False
-0.34301541247590056,0.40711725769363327,1.6591751920464695,1.5090950741458709,-0.2987779745790962,0.11546836513117309,-0.8664444173583287,0.46798905246159456,1.7809918055811458,-0.13817769591455684,-0.37048033833408417,-0.30650452929853833,0.2652802466328572,0.1339962852094631,-1.3575627991523747,-1.3416407864998738,0.8581915940309406,0.18052804407445106,0.1633607699751102,-0.14016327341589885,0.4530200628730329,0.4086781303564263,0.3675997637693257,0.29942310737922617,0.32269314259777243,0.32246518951426567,-1.3134073613668065,-0.9089982023081471,-1.339917212351669,-0.11013612860212307,-0.6188929826302326,-0.16092277919411926,0.23040780653682147,-0.044754581050616415,-1.8192619495252909,0.2979424271179546,0.29865901234133235,-0.12258941495402247,0.14797458273213476,0.2401156930939806,-0.39741822445756814,-0.6810035826264154,True,False,False,False,False,False,False,False,False,False,True,False,False,True,False,False
-1.3842917917769972,-0.2526171134058185,0.8735940500714077,-1.734259351811755,-0.16644613305663825,-0.24293063674601556,-0.5617044546648428,-0.2547296838904619,-0.8869685513571195,0.2783625159374895,-0.7050592258509165,-0.6580723276899008,-0.25945059228503553,0.13572508549448883,-0.6407610948828079,-1.3416407864998738,0.09586384776890035,-0.2633010003421707,-0.25969741191477647,-0.1832279127554079,-1.3045331086854137,-1.2565950734986748,-0.9924191165197063,-1.087270485644616,-1.4285571599239704,-1.1494631012905492,-0.30127374996105827,-0.36384923947409203,-0.14678757572039824,-0.06716041965311119,-0.3545703888959381,-0.30139352846344064,0.23040780653682147,-0.044754581050616415,-0.017148642382772285,-0.2305383920510794,-0.23060233617075226,-0.14598438079109824,-0.2594762895200231,-0.2569741178796293,-1.196706702454546,-0.012148860733831467,True,True,False,True,True,False,False,False,False,False,True,True,False,False,False,True
,-0.2741301907242789,-1.5295774418766945,-0.9234207453223485,0.24378257566298173,-0.25356671027695954,2.8989548006670725,-0.2703891572169785,-0.5201240022781082,0.02915219656362275,-0.800018482470031,-0.4654445446167402,-0.2781510844086295,0.5309097709825594,1.406523334941091,-1.3416407864998738,-0.5223799773072156,-0.26669476533770986,-0.263599968067837,-0.1863944303539012,1.175573494195681,1.2382232597520697,0.9440280757051995,1.0355149640618153,1.118535346694166,1.101982706245152,0.38260031179958304,0.41118181612131166,0.27933015164791297,-0.9266745986333482,0.6146124547964777,-0.22563402323953696,0.23040780653682147,-0.044754581050616415,-0.017148642382772285,-0.2435388963883106,-0.2436024352336436,-0.02443048330193724,-0.2631706535391294,-0.27468953196506946,0.6646820137385309,-0.012148860733831467,True,True,False,True,True,False,True,False,False,False,True,False,True,False,False,True
0.2799259677495222,,,0.0901275127894095,3.4594463246587113,-0.24982574648331718,-2.0164185465841906,-0.25575095389001734,-0.08658044427564036,-0.9560878179901516,-1.8763488986928725,1.4099538466803159,-0.2646450393940663,0.1394687938530383,-0.7384602786255832,-1.3416407864998738,-1.4534927945576095,-0.2531197053555532,-0.24925543734307395,-0.1863944303539012,1.175573494195681,0.9908921318866951,0.9440280757051995,1.0355149640618153,1.118535346694166,0.9035794358492861,-1.8878615732457447,-1.4278749259694758,-1.9364820306673045,1.3940136846132916,0.9670425797755384,0.5797053005208139,0.23040780653682147,-0.044754581050616415,-0.017148642382772285,-0.22641124781703773,-0.2264753205952312,-0.11287781164463997,-0.25010652570344916,-0.2618949392608644,0.16622296585176288,-0.012148860733831467,True,True,False,True,True,False,False,True,False,False,True,True,False,False,False,True
0.8358095896485402,-0.20600544588248768,0.33768586532765443,0.2928371644117611,-0.16644613305663825,-0.19209754049122807,-0.912776591503562,-0.172177025593065,0.2802641048033716,0.43989672273543257,-0.5975993850932033,0.15794314814024984,-0.19031112605024855,0.5060693042001324,-0.4668557600768848,-1.3416407864998738,0.2522282442582821,-0.19354027543386568,-0.1922992124065148,-0.17056184236143465,0.31129392046438725,0.06452463479092685,0.1342410680475125,0.31425036240020054,0.2309122004484487,0.36969427187494985,0.7199781822681653,0.5294068923985763,0.7176226712267461,-0.19608754650014684,-1.411860763833119,-0.34124618485726493,0.23040780653682147,-0.044754581050616415,3.3822647507427734,-0.1667740136351358,-0.16705895769646437,-0.1095706305375904,-0.19447689938676166,-0.19147668252335834,-0.311269464625944,0.44021655399472787,True,False,False,False,False,False,False,False,False,False,False,True,False,False,False,False
0.12009749847223898,-0.24903160051940845,-0.07612407500010832,0.2928371644117611,0.16438347074950674,-0.22268542092159802,-0.5346759266699596,-0.22562348890313227,0.3803126181885568,-0.5554608175771307,-0.10593484388289534,0.047541733080699804,-0.23744234958713528,0.6070299118922947,0.672780923222626,-1.3416407864998738,-0.03490258713772796,-0.22622097539090946,-0.2341725851839481,-0.1832279127554079,1.0623940262070626,0.8539766861040735,0.8114736548088555,0.9265326753492112,1.0022989823048496,0.7937490540230006,0.23670717862397928,0.2863886800508664,0.31585452827948185,-0.2820389643981706,-0.4426779201407033,0.08332270900169512,0.23040780653682147,-0.044754581050616415,-0.017148642382772285,-0.20371195452980861,-0.20377673492986542,-0.10251788646037467,-0.23072449998002195,-0.23612519421979392,-0.23963514402104566,-1.9660474916830377,True,True,False,False,False,False,False,False,False,False,True,False,False,False,True,False
-1.1305879606232327,-0.1952489072232575,0.2282675674800584,0.6982564676564643,-0.5105089210150288,-0.15102029099240988,-0.006995297902393821,-0.17013448559395414,-0.48677449781637994,-0.15482522710673485,0.12525065795745471,-0.045564123627755235,-0.16710620626638487,0.6716313243881747,0.013187294912168872,-1.3416407864998738,0.7249572369743307,-0.19831668542758746,-0.19335395731274738,-0.1863944303539012,-0.24375821247243762,-0.2572228647157973,-0.2023885374524041,-0.18979941713938853,-0.23860274563518744,-0.0976293456464562,0.5923216907395138,0.713312566607655,0.5593503724899455,-0.6258446359902652,-1.5880758263226495,-0.1538203255793783,0.23040780653682147,-0.044754581050616415,-0.017148642382772285,-0.1430429342893963,-0.14310960596970596,-0.13218465833777487,-0.19838542943596107,-0.16949411863821284,-0.7171890949550068,1.1601702715513198,True,True,False,False,False,False,True,False,False,False,False,False,False,False,False,False
0.46402296200552245,-0.23110403608735813,-0.4696119196376351,0.6982564676564643,-0.23261205381786723,-0.17456635722298244,-0.74273082130588,-0.18766628725298895,-0.8202695424336631,-0.3637122553351233,-0.18410114711100067,0.9286252774606363,-0.17746856127487878,0.16555731127594825,-0.40738895047529733,-1.3416407864998738,-0.17618240501988305,-0.1661387654698828,-0.17373570205682143,-0.16422880716444802,0.3351690468105541,-0.1355349016511985,0.2878470750249348,0.5409802322241273,0.2554321768640747,0.29667735089986846,0.37348199097610757,0.3914776367417679,0.31585452827948185,0.8353294682761374,0.7908275172860081,-0.048072682871012774,0.23040780653682147,-0.044754581050616415,-0.017148642382772285,-0.11621649676812552,-0.11628400472881913,-0.12395922471951762,-0.17284613034735669,-0.17931062018600863,-0.08657942335280192,0.24480654647801037,True,True,False,False,False,False,False,True,False,False,True,True,False,False,False,False
-0.6664643137526204,-0.2346895489737682,0.36230491689799554,-0.9234207453223485,0.20408302320624425,-0.2116092340031667,-0.6268233326362684,-0.22766602890224313,-0.8202695424336631,-0.11841483724781912,-0.22197942314542937,0.8687548256643142,-0.22978940660996586,-0.15403522656067026,-0.33072537355378195,-1.3416407864998738,0.4767736561606657,-0.21390286540710066,-0.2197225799685618,-0.17372835995992797,0.6800907418285587,0.49059040418507377,0.6538763791503274,0.8764789205984668,0.6944808577168455,0.6521824580512677,-1.2222241531320541,-1.0337913383785924,-1.2425188746674827,0.7923537593271256,-0.0021402639168774332,-0.16920897507798374,0.23040780653682147,-0.044754581050616415,-0.017148642382772285,-0.19215595067449198,-0.19222109131840648,-0.10268734212135187,-0.21733912309920206,-0.22887538213373848,0.03809119992395056,-1.4558987930618341,True,True,False,False,False,False,False,True,False,False,True,True,False,False,True,False
2.560722245857316,-0.27054467783786884,-1.261419346943234,0.1914823386005853,-0.2987779745790962,-0.23295473329630256,-0.8048018180947876,-0.23583618889868654,0.4803611315737408,-0.19980406904453435,-0.354139213285434,-0.607506085256552,-0.24804597013715407,0.4910339081175526,0.5320496913286075,-1.3416407864998738,-0.13762246414783616,-0.2423099353697618,-0.24472003424627387,-0.1863944303539012,-0.01747125071967205,-0.11191372059539445,-0.10393158126357327,0.03031361875965503,0.046425821032678484,0.01893426549594935,0.7199781822681653,0.5294068923985763,0.7176226712267461,-1.614285941817538,-0.7070005138749978,-0.13369670700427888,0.23040780653682147,-0.044754581050616415,-0.017148642382772285,-0.2206332458893794,-0.22069749878950176,-0.09571358991959796,-0.2431996712329461,-0.24617025226462805,-0.46060907294712156,-0.012148860733831467,True,True,False,True,True,True,False,False,False,False,False,False,False,False,True,False
0.05557902137719976,0.46807097676260434,0.29737451039046375,0.39419199022293694,2.347858855870064,0.9830785563312114,-0.31982963622653027,0.5391375290972893,-1.1871140915126746,0.0437503483100115,-1.2746641561181504,1.932496172416307,0.7409352617491726,0.7834455094657192,-1.4720651927581354,-1.3416407864998738,-1.7081894269816393,0.872604713164771,0.8097084485144335,0.2372856243245041,0.965762176986428,1.0007853770013073,0.7955671243012898,0.8587381757500547,0.9255028187979693,0.8400903893226067,-1.3589989654841825,-0.7842050662376999,-1.4373155500358539,1.3080622667152677,0.8789350485307733,-0.23076357307240544,0.23040780653682147,-0.044754581050616415,-1.1024547376539808,0.9960488743061007,0.9970426905248331,-0.11520350927434589,0.8027872197418445,0.6907148270050261,0.19571953256315577,1.9917689933873195,True,False,False,False,False,False,False,True,False,False,True,False,False,True,False,False
-0.4871394753210661,-0.2346895489737682,1.670507338006343,-0.3152917904552937,1.0642399931022213,-0.22980058735264333,-0.6510292671690598,-0.234474495565946,1.1140017163465796,-1.2884428645224006,-0.8523552654599474,1.0166030180438104,-0.25036453199120823,0.8241847355842222,0.19569853018133102,-1.3416407864998738,-0.527959475066784,-0.24369258036794442,-0.23564922805267371,-0.1832279127554079,1.175573494195681,0.933006123237352,0.9440280757051995,1.0355149640618153,1.118535346694166,0.9795636670647228,0.7838064280324923,0.35206927798268023,0.8880697621740719,0.9642565951231731,0.8789350485307733,1.7476643393893285,0.23040780653682147,-0.044754581050616415,-0.017148642382772285,-0.21258531463299818,-0.2126498184172357,-0.12191223169311322,-0.23891635063108374,-0.24836668020116628,-0.06761858461747405,-1.620377126560609,True,True,False,False,False,False,False,True,False,False,True,False,False,False,True,False
-1.954109051863088,,,0.5969016418452885,-1.3574327067587602,-0.24447103360222125,-0.26069321479106233,-0.2608573038877945,-0.7535705335102068,1.3464627445372053,0.7354448343132712,-2.0579418815878285,-0.26732067424957734,0.28151376576083703,1.255511764472793,-1.3416407864998738,0.2804506762868759,-0.2633010003421707,-0.25526748330859966,-0.18956094795239453,-0.7378001533100741,-0.3857622590620948,-0.7366619401881157,-0.5766004010454282,-0.35525402820437973,-0.417861214145826,0.38260031179958304,0.41118181612131166,0.27933015164791297,-2.7746300834408575,-2.4691511387703002,-0.4852681609339568,0.23040780653682147,-0.044754581050616415,-0.017148642382772285,-0.23817360888405645,-0.23823731498546621,-0.10265218178683738,-0.25776296127927817,-0.2644296308130193,-0.5323946314539864,-0.012148860733831467,True,True,False,True,True,False,False,False,True,False,False,False,True,False,False,True
-0.2048782714916832,-0.24544608763299838,-0.5327135955747827,-0.3152917904552937,1.2627377553859083,-0.21358974424685973,-1.3288918099907414,-0.16604940559573245,2.0144383368132437,-0.39151618861889154,-0.8192211870202881,0.1532536044654655,-0.209141901566266,0.8762608400870138,0.5896466631818469,-1.3416407864998738,-0.3055344252571297,-0.22810640038843125,-0.22362513612162233,-0.17372835995992797,0.1061258165265267,0.09914987682865095,-0.16114029702861893,0.06630274881123446,0.08481045842785638,0.13113593398548065,1.4312072064992318,1.5474561603416919,1.5211589571212762,0.44854808773503096,0.8789350485307733,-0.03150029110328385,0.23040780653682147,-0.044754581050616415,-0.017148642382772285,-0.18059994681917535,-0.18066544770694754,-0.13595599042749265,-0.225370349227694,-0.20931551711719912,-0.7608962961133278,-0.9108380159510774,True,True,False,False,False,False,False,False,False,False,True,False,False,False,True,False
-0.9233052649952496,-0.27054467783786884,-1.0527529614446882,-0.3152917904552937,0.23054939151073572,-0.22914041727141232,0.949606650912692,-0.2611977272209796,-1.8207546762855127,-0.6690924392726475,-0.703628436100113,0.9857770465774508,-0.2633156662602642,-0.1845446632141708,-0.2984573327478278,-1.3416407864998738,-0.4571167638917356,-0.24846899036166623,-0.24714594753060878,-0.1832279127554079,0.2295958513057129,-0.26052954492468244,0.2792775470309824,-0.05756112571239586,0.14700752493268965,-0.10028188749696355,0.38260031179958304,0.41118181612131166,0.27933015164791297,0.44854808773503096,0.9670425797755384,0.18433538263356666,0.23040780653682147,-0.044754581050616415,-0.017148642382772285,-0.22290317521810232,-0.22296735735603831,-0.10820042875638684,-0.24678695223700584,-0.2606355929621832,0.38397020144939387,-0.012148860733831467,True,True,False,True,True,False,False,False,False,False,True,True,False,False,False,True
0.15978872668309968,-0.25978813917863863,-1.16860771774768,-1.0247755711335242,-1.5294641007379555,-0.16503056716075679,-0.9138499232291096,-0.1726876605928427,0.04681757357127302,-0.27766330786978377,2.5965257764899525,-1.7620814440640997,-0.17938179701917115,0.0975877091065326,-0.2996381506587071,-1.3416407864998738,1.1669535173735002,-0.11384964553861272,-0.14842182430723957,-0.1629622001250507,0.3577605642133842,0.3127261361267938,0.26557749133249525,0.3136537829116418,0.31362976963264005,0.3286366254010488,1.6226919437922103,1.3635504861326133,1.557683333752845,-1.1415531433784076,-0.795108045119763,-0.09542237363595256,0.23040780653682147,-0.044754581050616415,-0.017148642382772285,-0.1321060020691859,-0.13217301469457518,-0.07713560635200109,-0.1376158183970387,-0.1811230732075225,0.6599851498443834,-1.3896586508903594,True,True,False,False,False,False,True,False,False,False,False,True,False,False,False,False
-0.6720265437276711,-0.19883442010966756,-0.02623824970239006,0.4955468160341127,0.28348212811971923,-0.1472793271987675,-0.7384363939946953,-0.11890077394959027,0.9139046895762092,-0.5495097299498427,-0.8697506566407686,0.16928782747803317,-0.15492229641937807,-0.022266496745814914,0.24503440397207202,-1.3416407864998738,0.09881429090360018,-0.15708872548177835,-0.1568597835571002,-0.17372835995992797,0.8897998938637014,0.7762198647056364,0.8005875429477984,0.8389607557556604,0.866970654682494,0.6943135065267562,0.7564514655620672,0.6410639088826603,0.8515453855425014,1.0502080130211968,0.5265049235517126,0.07858773992520116,0.23040780653682147,-0.044754581050616415,2.5635609822198284,-0.09351720348089643,-0.09390539448339388,-0.12887906972973143,-0.16122762321480502,-0.15795201553777774,-0.23174527790237265,-0.5834075019146974,True,False,False,False,False,False,False,True,False,False,True,False,False,False,False,False
1.4381680393350762,-0.23827506186017824,3.7622512494474467,-1.5315497001894034,0.38934760133768526,-0.24659824830841004,-0.6249682091520865,-0.25217650889157334,1.0473027074231231,1.1682786638041638,-0.9595138873227547,-0.4664149266629057,-0.2642179993855673,-3.428659828087383,-0.6947987716663216,-1.3416407864998738,0.047450465192984306,-0.2602843203461359,-0.25843171802729736,-0.18956094795239453,-0.03167416434961385,-0.12798677988524196,0.0014188604422851645,0.260529799883279,0.2919656443701167,0.37135478986672504,0.38260031179958304,0.41118181612131166,0.27933015164791297,0.3196209608879953,0.35028986106218324,-0.4643553808461084,0.23040780653682147,-0.044754581050616415,-0.017148642382772285,-0.2340464646500148,-0.23411029940994518,-0.11232629668325537,-0.25808421032441786,-0.26149039426110654,-0.8236225931555252,-2.0680448686527244,True,True,False,False,False,False,False,False,False,False,True,True,False,False,False,True
-2.436509051966352,-0.25978813917863863,-0.09411631558737972,0.6982564676564643,-0.7354730516032078,-0.2376492760961675,-0.25098668828007237,-0.2455382538944631,0.3803126181885568,-1.1899927375604458,0.2502564993434421,-1.0584728715130873,-0.2565819449963046,0.38793060319931966,0.6081330937131424,-1.3416407864998738,0.2562600358469378,-0.25689055535059674,-0.25052113123055303,-0.1863944303539012,0.5813812872554179,0.7899355904960763,0.4800876025679822,0.46335794832062827,0.5082944336502369,0.5625738148563896,0.8567529946202935,0.5097027130190326,0.8393705933319778,-1.528334523919514,-1.7642908888121789,1.2390497444226003,0.23040780653682147,-0.044754581050616415,-0.017148642382772285,-0.22703031945214397,-0.2270943729315594,-0.1265917834606227,-0.2523552690194269,-0.25425658112984373,-0.7007346451281379,-0.012148860733831467,True,True,False,True,True,True,False,False,False,False,False,False,False,False,True,False
0.2812610123496471,-0.27054467783786884,-0.21784994625782675,-1.734259351811755,1.2362713870814166,-0.24865211078335095,1.2440618347031434,-0.2674955588849047,-0.6201725156632933,-0.7700388889686456,-0.9156865381139325,1.2533084351646024,-0.274966379260501,0.26367103717838236,1.406523334941091,-1.3416407864998738,-0.7037468463568659,-0.2633010003421707,-0.259908360896023,-0.1832279127554079,-0.5145732277677363,-0.6744707957401718,-1.0354512763469306,-0.5919538807131189,-0.6172610281863464,-0.43233591814955213,-0.5109951289009877,-0.40982565802636034,-0.4268077965624307,0.7923537593271256,0.9670425797755384,0.29521257517480065,0.23040780653682147,-0.044754581050616415,-0.017148642382772285,-0.2375545372489502,-0.23761826264913805,-0.10907917241040935,-0.2595833725350697,-0.2716725862041636,0.5230360835050328,-0.012148860733831467,True,True,False,True,True,False,False,True,False,False,True,False,True,False,False,True
-1.6274154808989203,,,0.7996112934676401,-0.13997976475214674,-0.2510727344145313,0.3482955471934157,-0.26528280721920133,0.2135650958799146,-1.6878977125609278,-0.7702731165980642,-0.5297261375425186,-0.2736780212687581,0.5205428501251268,1.406523334941091,-1.3416407864998738,-0.45215271036780325,-0.26455795034051854,-0.26222879968973467,-0.18956094795239453,0.5084103144732811,-0.27179836300495913,0.16265464726357123,0.3930930516506586,0.43335256713607084,0.4963306176682966,0.32789038685873145,0.34550121818949775,0.25498056722686596,-0.2390632554491587,0.26218232981741807,0.5059186990787827,-4.340130723132376,-0.044754581050616415,-0.017148642382772285,-0.23837996609575854,-0.23844366576424225,-0.1137423486111347,-0.26183211585104743,-0.27045209450997904,-0.44393894436487974,-0.012148860733831467,True,True,False,True,True,False,False,False,False,False,True,False,True,False,False,True
2.5620818176073827,-0.25620262629222856,0.6885336218456218,-1.3288400485670517,1.0774731772544672,-0.2399231952648521,0.09249570315351638,-0.2484318522265368,0.947254194037938,-0.13791088352640296,-1.1708942468230357,0.2631515726961354,-0.26154960249630205,0.1533288745867327,-0.11652642748216986,-1.3416407864998738,-0.17718631244734787,-0.26015862534630113,-0.25642770270545545,-0.1863944303539012,1.175573494195681,1.2382232597520697,0.9440280757051995,1.0355149640618153,1.118535346694166,1.101982706245152,0.7199781822681653,0.5294068923985763,0.7176226712267461,-1.0985774344293957,0.5265049235517126,-0.16131735995049376,0.23040780653682147,-0.044754581050616415,-0.017148642382772285,-0.23074474926278146,-0.23080868694952833,-0.12855285893879057,-0.25674567263633585,-0.2589625594038627,-0.8378798121632324,0.8448864032771418,True,True,False,False,False,False,True,False,False,False,True,True,False,False,False,True
-0.23550497449873403,3.01737063900016,2.011126170483176,1.7118047257682223,-2.0852578351322792,1.3890098040570327,-1.4949040544965242,1.9403199684873336,-0.25332796658428197,0.1844705857842757,3.15551274071175,-2.7690849846472823,2.143262269997597,0.5931939053788037,-1.5719610726353164,-1.3416407864998738,2.1394165466283632,1.3530110025333149,0.9464033883621753,0.1030252781483876,0.02722718891655378,-0.25817641583314693,-0.2801782321677131,-0.05163546493306307,-0.021128939843543033,-0.10862890133900713,-3.365029546648728,-3.851488989653407,-3.1539612517196205,-2.2589215760527153,-3.438333982462716,-0.2753511985427238,0.23040780653682147,-0.044754581050616415,-2.120993333587225,2.1109968891324535,2.114891656741346,-0.1342071095248612,1.0654618556510542,2.019172039260609,-0.8322411521307947,-1.3707419357745985,True,False,False,False,False,False,False,False,True,True,False,False,False,True,False,False
-0.2995861018669017,,,-2.4437431324899856,0.5613789953168807,-0.2455713170709396,2.2790148033655964,-0.2671551355517196,-0.5534735067398363,2.706173295102793,-1.1669784011892577,0.022846404926190944,-0.27466238467817966,0.6998258701295421,1.406523334941091,-1.3416407864998738,-0.7644171403638422,-0.26304961034250113,-0.2632835445959672,-0.18956094795239453,-1.3596465887494407,-0.9135575526766976,-2.0251909523729905,-1.405688303100582,-1.4851592156265983,-1.1994952303469004,0.38260031179958304,0.41118181612131166,0.27933015164791297,0.9212808861741613,0.8789350485307733,-0.5902266421295733,0.23040780653682147,-0.044754581050616415,-0.017148642382772285,-0.2412689670595877,-0.24133257666710703,-0.04103620700264227,-0.26172503283600085,-0.27138460501789535,-0.20282703313661168,-0.012148860733831467,True,True,False,True,True,False,False,True,False,False,True,False,True,False,False,True
0.484682038785696,-0.23827506186017824,0.23179002417585576,-0.720711093699997,-0.07381384399091774,-0.2060344644283271,0.06287995562897479,-0.2254532772365397,-0.45342499335465175,-0.9517763901023566,-0.5101706008467387,0.2841587487314901,-0.23061936007281147,0.23243725328552678,0.23137048795377213,-1.3416407864998738,-0.2858388795467541,-0.23627657537769217,-0.2416612740181994,-0.1863944303539012,0.8891079481001868,1.0761305431849324,0.7762755882431565,0.7596727869813181,0.8243325712906897,0.8419287021104566,-0.7754264327817688,-0.7645008868581561,-0.767701978457079,0.018790998244912583,0.4383973923069484,0.5714191046369494,0.23040780653682147,-0.044754581050616415,6.4097642921242635,-0.2004102391425753,-0.20071342449183235,-0.12658618972068897,-0.2390769751536536,-0.22966161648355027,-0.8076675766532878,-1.2479765957486926,True,False,False,False,False,False,False,False,False,False,True,False,False,False,True,False
-0.21018933804334322,0.07725007214390738,1.0695053203216722,0.5969016418452885,-1.6220963898036762,-0.022067068458619932,-1.1624714108891647,-0.014220598995159098,-1.0537160736657611,-0.003679002722499556,1.6183174152827384,-2.145563702541276,0.07616425190857426,0.5245138174841925,-0.2862717049028332,-1.3416407864998738,1.7679115772506482,0.08801652419605013,0.010844656533879558,-0.15409595084926941,-0.10868433393787025,-0.1182464456439225,-0.3929561020410792,-0.1369954231681517,-0.14178960092076237,-0.029325397670641594,-2.3893692185368804,-2.9648009175739203,-2.2165022515093367,-1.8721401955116088,-2.11672101379124,-0.21379660054830202,0.23040780653682147,-0.044754581050616415,-0.637488146591852,0.09695050292012598,0.09704932879216172,-0.10474471950490552,0.0299691001508265,0.06096168289049439,-0.24876760273538087,0.3361542171300433,True,False,False,False,False,True,False,False,False,False,False,True,False,False,False,False
-1.044789241359653,-0.2526171134058185,0.12358788825359496,-1.3288400485670517,0.33641486472870225,-0.22121837629664023,0.6133122352196951,-0.24043190389668598,-0.11992994873736856,-0.14922607152704084,-0.20947883900683062,0.20976530025870957,-0.24915579162816856,0.39923184661486993,0.5094722285054204,-1.3416407864998738,-0.13767197501753706,-0.2330085053819878,-0.23628207499641324,-0.18006139515691458,-0.13574723836213787,-0.0808760888632657,0.09080421706204395,0.05342169566315203,-0.22820322002346785,-0.22070576306062392,0.7199781822681653,0.5294068923985763,0.7176226712267461,0.23366954298997153,0.35028986106218324,-0.15618781011762528,0.23040780653682147,-0.044754581050616415,-0.017148642382772285,-0.21650610165533776,-0.21657048321398067,-0.08318919793520127,-0.23441886399912826,-0.2472216121510043,0.14685952344516912,0.2147824855001529,True,True,False,False,False,False,False,False,False,False,True,False,False,False,True,False
-0.016315834331527782,-0.27054467783786884,-0.1531566389694407,0.1914823386005853,0.4290471537944227,-0.25290654019572856,0.3673483084493402,-0.26800619388468244,-1.954152694132426,-0.4703825465951329,-1.0577112470621086,0.341151916170883,-0.27149215546254263,-6.834185460157216,1.406523334941091,-1.3416407864998738,-0.05452911239306061,-0.26606629033853596,-0.26222879968973467,-0.1863944303539012,1.175573494195681,1.2382232597520697,0.9440280757051995,1.0355149640618153,1.118535346694166,1.101982706245152,0.32789038685873145,0.34550121818949775,0.25498056722686596,-1.0556017254803838,0.702719986041243,0.019795207225400915,0.23040780653682147,-0.044754581050616415,-0.017148642382772285,-0.2412689670595877,-0.24133257666710703,-0.09301934206571899,-0.26220690640371036,-0.26838137264681183,-0.842286207911692,-0.012148860733831467,True,True,False,True,True,False,True,False,False,False,True,False,True,False,False,True
-1.4391704500982005,-0.22751852320094806,-0.3109644940141197,0.2928371644117611,0.32318168057645624,-0.16737783856068925,-0.2959791750576217,-0.1704749089271393,0.2135650958799146,0.23676919782439945,-0.2248410026470363,-0.2922329861137538,-0.18391758919983903,0.3462474787007896,0.1188564149508441,-1.3416407864998738,0.22271103045383991,-0.16639015546955235,-0.16698533465693294,-0.17056184236143465,0.6395861616491431,0.38903562412126924,0.504608769224285,0.5710153994854607,0.5130249833637546,0.5667552791307201,1.0755926943836998,0.8184015232985583,0.9732933076477331,-0.2390632554491587,-0.26646285765117295,-0.2903452672849547,0.23040780653682147,-0.044754581050616415,-0.7739025575921504,-0.14593193525322545,-0.14593693832332527,-0.10446479516818868,-0.17006197195614614,-0.1854199353518429,0.09628270808021268,0.5265855631012898,True,False,False,False,False,False,False,False,False,False,True,False,False,False,False,False
0.17386218092619513,-0.21317647165530781,-0.6809196801911144,-0.3152917904552937,-0.3120111587313418,-0.13987075184273065,-1.2624135127568012,-0.037539597318341326,1.1140017163465796,-0.3656351266632126,-0.522144051919252,-0.5815578117158023,-0.1013227437142091,0.4459545023226472,-1.1262194683294398,-1.3416407864998738,1.343470934249704,-0.13220111551449115,-0.16593058975070035,-0.1768948775584213,0.49951480541031634,0.3688168708919588,0.44016060427374903,0.35493708351957204,0.42421679674196344,0.4324618519638257,0.5923216907395138,0.713312566607655,0.5593503724899455,0.44854808773503096,-0.5307854513854685,-0.046888940601889285,0.23040780653682147,-0.044754581050616415,1.8701975068809058,-0.05761104864473402,-0.05796948840462937,-0.1298283052583227,-0.15549868190981408,-0.10717590415574482,-0.6821227427861027,-0.27397276073750476,True,False,False,False,False,False,False,False,False,False,True,False,False,True,False,False
,-0.2741301907242789,-1.5295774418766945,-1.9369690034341065,2.334625671717818,-0.2548136982081737,1.5060411803001512,-0.26936788721742305,1.0473027074231231,-1.6878977125609278,-1.2597538208203036,0.4468433302474241,-0.27845749164636613,0.837105052652151,1.406523334941091,-1.3416407864998738,-0.9244744058668559,-0.2679517153360577,-0.2648656619553161,-0.18956094795239453,1.175573494195681,1.2382232597520697,0.9440280757051995,1.0355149640618153,1.118535346694166,1.101982706245152,0.8567529946202935,0.5097027130190326,0.8393705933319778,1.1361594309192202,1.0551501110203036,-0.27574577929909827,-4.340130723132376,-0.044754581050616415,-0.017148642382772285,-0.20195791823034093,-0.20202275331026898,-0.18348764942812854,-0.264616274242258,-0.2749797987163081,0.013313421846502946,-0.012148860733831467,True,True,True,True,True,False,False,True,False,False,True,False,True,False,False,True
-0.2518254172168592,-0.27054467783786884,-0.7406036120213618,-2.0383238292452823,-1.172168128627319,-0.2468183050021537,-0.6551918668406441,-0.26698492388512707,-2.187599225364524,-1.144917322553373,0.5236879511943577,-0.5671862449453275,-0.2702423999574437,0.1945457912234891,-1.4005136144419412,-1.3416407864998738,-0.6676790621481109,-0.2539995703543967,-0.2508375547024228,-0.18006139515691458,0.8625833604987537,0.8840206568831382,0.5774578253251776,0.7341318446590515,0.7970915735681473,0.8178496276535417,-0.30127374996105827,-0.36384923947409203,-0.14678757572039824,-0.8836988896843365,0.4383973923069484,1.0678016961560681,0.23040780653682147,-0.044754581050616415,-0.017148642382772285,-0.2338401074383127,-0.2339039486311691,-0.07143312496325495,-0.25074902379372854,-0.26719744999215334,1.0848260916031702,-0.012148860733831467,True,True,False,True,True,False,True,False,False,False,True,False,False,True,False,True
0.2538086572730235,-0.27054467783786884,-0.48026904337265375,-1.5315497001894034,0.12468391829276924,-0.2496056897895735,0.025124424804311,-0.2674955588849047,-1.6873566584385993,-0.9439573554532236,-0.4454838431656766,-0.712164812320407,-0.273366788720191,0.3496603349500916,-1.02172009928604,-1.3416407864998738,-0.7910595567008798,-0.2619183553439881,-0.26222879968973467,-0.1832279127554079,1.175573494195681,1.2382232597520697,0.9440280757051995,1.0355149640618153,1.118535346694166,1.101982706245152,0.32789038685873145,0.34550121818949775,0.25498056722686596,0.06176670719392399,0.1740747985726529,0.556819616651093,0.23040780653682147,-0.044754581050616415,-0.017148642382772285,-0.2385863233074606,-0.23865001654301835,-0.08255051625440492,-0.26017232911782573,-0.2701572566287996,-0.09352701738113794,-0.012148860733831467,True,True,False,True,True,False,False,False,False,False,True,False,False,True,False,True
-0.0774581359053905,-0.26695916495145877,-0.2616557098759318,0.0901275127894095,1.9376301471504442,-0.24425097690847758,-0.34581614062019655,-0.2611977272209796,-0.7535705335102068,-0.3366009930414788,-1.2893485772448177,1.5170289496152418,-0.2678659343734236,0.5200509794771131,1.406523334941091,-1.3416407864998738,-0.14096807404766434,-0.26015862534630113,-0.2565331771960787,-0.18956094795239453,1.175573494195681,1.2382232597520697,0.9440280757051995,1.0355149640618153,1.118535346694166,1.101982706245152,-0.5109951289009877,-0.40982565802636034,-0.4268077965624307,1.1361594309192202,0.9670425797755384,-0.0638559131259927,0.23040780653682147,-0.044754581050616415,-0.017148642382772285,-0.22991932041597313,-0.22998328383442412,-0.13172900567572376,-0.25706692168147555,-0.2649461684963259,-0.37294762056198255,-1.3234205931418248,True,True,False,False,False,False,False,True,False,False,True,False,True,False,False,True
0.2762202830839844,,,-2.4437431324899856,1.3553700444516292,-0.2536400625082074,0.09410529389864587,-0.26987852221720077,-1.4539101272065014,0.6742144856692504,-0.9690775872360199,1.0996635139288329,-0.2764911774829383,0.5295801634243265,1.406523334941091,-1.3416407864998738,-2.298559768998327,-0.26606629033853596,-0.2638109170490835,-0.1863944303539012,1.175573494195681,1.2382232597520697,0.9440280757051995,1.0355149640618153,1.118535346694166,1.101982706245152,-0.30127374996105827,-0.36384923947409203,-0.14678757572039824,1.3940136846132916,1.0551501110203036,-0.3889904563785792,0.23040780653682147,-0.044754581050616415,-0.017148642382772285,-0.23982446657767312,-0.23988812121567463,-0.11576196365581504,-0.26301002901655957,-0.2731170632654458,-0.09508638971409399,-0.012148860733831467,True,True,False,True,True,False,False,True,False,False,True,False,True,False,False,True
-1.0903822653764559,-0.25620262629222856,1.0645785930140563,-1.1261303969447,-0.5766748417762577,-0.22055820621540922,2.223180298822195,-0.25864455222209104,-0.8536190468953914,2.2889807594998075,-0.33478589928772395,0.3876888746093587,-0.2644375510283549,-0.41749449833762864,-0.9967735625769301,-1.3416407864998738,0.07535368262307811,-0.243943970367614,-0.24197769749006917,-0.18006139515691458,-1.2621381240207796,-1.5204700895155787,-0.7689829020322154,-0.6858463140655131,-1.0512101219064724,-1.2585074851313118,0.38260031179958304,0.41118181612131166,0.27933015164791297,-0.5398932180922414,0.35028986106218324,-0.5653680544779799,0.23040780653682147,-0.044754581050616415,-0.017148642382772285,-0.2076327415521482,-0.20769739972661042,-0.1312963503435714,-0.2419682165599107,-0.2616983806734114,1.109695278857119,-0.012148860733831467,True,True,False,True,True,False,True,False,False,False,True,False,False,True,False,True
0.3493345562469712,6.244332236769218,1.0672349270102606,1.3063854225235192,-0.23261205381786723,6.751938135052738,-0.1353202113763493,7.195434962866371,0.7471571672675675,1.0742555400474085,0.3618580999061127,0.799008993745463,6.082226229973704,0.5498361657254146,-1.715119225651029,-1.3416407864998738,0.9245409406119168,5.172630657512726,3.978584044799588,0.9022543200080999,0.3340320263799481,0.2997087758443273,0.2710496430432049,0.3500996974952934,0.3142541940510106,0.2066963203662334,-1.1036859824268757,-0.8104773054104263,-1.1816449136148668,0.3196209608879953,-0.4426779201407033,-0.45212337739849895,0.23040780653682147,-0.044754581050616415,0.6057891723063504,7.203686516728155,7.199617731750542,-0.1306867619065011,4.299261827042097,5.750644834597432,-0.4850885828610818,0.5564643419145803,True,False,False,False,False,False,False,False,False,False,True,False,False,True,False,False
1.0270629843543515,-0.2633736520650487,-0.653966285835428,-1.5315497001894034,0.9848408881887462,-0.22811348603394185,-0.420973812214364,-0.24689994722720365,-0.9536675602805765,-0.2439374410928478,-0.8514516087752294,0.5693780140756971,-0.25136337133312125,-1.3597716913687907,-1.224577258024467,-1.3416407864998738,-0.21914028820392176,-0.24494953036629227,-0.24345434035879476,-0.18956094795239453,-1.7310482569515924,-1.502898794297313,-0.9471942351726286,-1.1413541913696217,-1.8665921769856912,-1.5366544185100672,0.32789038685873145,0.34550121818949775,0.25498056722686596,1.1791351398682322,1.0551501110203036,-0.11238934616005598,0.23040780653682147,-0.044754581050616415,-0.017148642382772285,-0.2076327415521482,-0.20769739972661042,-0.1334390243694688,-0.24394925233827203,-0.24931290409890491,-0.3471327978422197,-1.1021772551726807,True,True,False,False,False,False,False,True,False,False,True,False,False,True,True,False
-0.22355515661425066,-0.26695916495145877,-1.1324934677576102,-0.3152917904552937,0.3761144171854397,-0.20075310377847902,-0.2363807207667244,-0.24587867722764822,-2.0875507119793393,1.0872064832160055,-0.8134980280170743,1.3467293529732278,-0.23654725442807795,0.34521304732811553,-1.1800445253107092,-1.3416407864998738,0.47062728817504307,-0.20636116541701363,-0.21655834524986406,-0.17372835995992797,0.5820437088908033,0.6624959520788211,0.6461131230552107,0.9538693698423371,0.8572950896051235,0.640147668801931,0.38260031179958304,0.41118181612131166,0.27933015164791297,0.7064023414291017,0.1740747985726529,-0.45370170042399693,0.23040780653682147,-0.044754581050616415,-0.017148642382772285,-0.17936180354896286,-0.1794273430342912,-0.11028670181641849,-0.21252038742210688,-0.23527724961578175,0.5580172625330464,-1.3701082466266257,True,True,False,False,False,False,False,True,False,False,True,False,False,True,True,False
-1.179747290246059,-0.27054467783786884,-0.8237005307819728,0.39419199022293694,0.4687467062511602,-0.24777188400837627,-0.43675961793507073,-0.25694243555616536,1.4474967609638627,-0.7146137563488979,-0.7999431777463045,0.2008782481503286,-0.26890337620198057,0.4124583730616446,1.406523334941091,-1.3416407864998738,-0.5894221999483926,-0.2636780853416751,-0.2591700394616602,-0.18956094795239453,0.745875175052441,0.2656669603492359,0.44077061331906686,0.6217516984410709,0.677231183588953,0.7119017000431102,0.7655697863855414,0.7658570449531075,0.7906714244898855,-0.45394180019421815,-0.26646285765117295,0.23168507339850647,0.23040780653682147,-0.044754581050616415,-0.017148642382772285,-0.23239560695639813,-0.23245949317973674,-0.14218016045239126,-0.2599046215802093,-0.2659289614335907,-0.6993994232299748,1.0714427131943554,True,True,False,False,False,False,True,False,False,False,True,False,True,False,False,True
-0.5117408367368484,1.626191639073055,0.8407120533164777,1.407740248334695,-1.899993257000838,1.1629382273510367,-1.3741466829474185,1.6300241002890767,-0.21997846212255318,-0.0031635992800167984,2.5115067434027356,-2.097512775977682,1.7908167416272114,0.5998759857548391,-1.5196850955120378,-1.3416407864998738,2.033832359972326,1.296951032607001,0.9314260106936727,0.0035966255556975717,-0.10087776814155348,-0.3282431555731406,-0.38914350185388397,-0.12442904692642148,-0.178204425516594,-0.17968166341323707,-2.2799493686551786,-2.6823743464671206,-2.240851835930383,-1.9580916134096327,-2.204828545036005,-0.21419118130467651,0.23040780653682147,-0.044754581050616415,-2.1036444607713367,1.8103344316825192,1.8136952786292317,-0.12820318850664356,1.025573432546211,1.6852921372570928,-0.6786797972156482,-0.24086355490082095,True,False,False,False,False,True,False,False,False,False,False,False,False,True,False,False
6.308000791010154,-0.27054467783786884,0.16337642819336307,-1.227485222755876,0.6672444685348472,-0.2533466535832159,1.2724201683198268,-0.26817640555127503,0.1468660869564582,-0.5304731215884209,-1.1601256713301464,0.3118499337858304,-0.27638260798925207,-1.53474821748773,1.406523334941091,-1.3416407864998738,0.5757388382762144,-0.26669476533770986,-0.2638109170490835,-0.18956094795239453,0.20048884690909616,1.2382232597520697,0.9440280757051995,0.09659063053781673,0.11711436118618028,-0.6683849372871926,-0.5109951289009877,-0.40982565802636034,-0.4268077965624307,0.8783051772251493,0.4383973923069484,0.06359367118297021,0.23040780653682147,-0.044754581050616415,-0.017148642382772285,-0.2435388963883106,-0.2436024352336436,-0.02443048330193724,-0.26354544409179237,-0.27301421284177857,-0.33667535811022664,-0.012148860733831467,True,True,False,True,True,False,False,True,False,False,True,False,True,False,False,True
0.2538086572730235,-0.25978813917863863,-0.09370270086123553,-0.5180014420776453,1.7655987531712483,-0.23896961625862953,-1.3425414151287265,-0.2547296838904619,-1.5206091361299576,0.07979084509227727,-1.3446222444600675,1.1934174113869853,-0.2569390179977614,0.6043275174199584,-0.49592075644049644,-1.3416407864998738,-1.480575668434154,-0.26229544034349245,-0.260330258858516,-0.1863944303539012,1.175573494195681,1.2382232597520697,0.9440280757051995,1.0355149640618153,1.118535346694166,1.101982706245152,-1.176632549014678,-0.6331396909945284,-1.1694701214043448,1.3940136846132916,0.9670425797755384,-0.2426009957636404,0.23040780653682147,-0.044754581050616415,-0.017148642382772285,-0.21402981511491276,-0.21409427386866806,-0.16638263751764176,-0.2596369140425929,-0.25459484474546046,-1.2880957509034203,-0.012148860733831467,True,True,False,True,True,False,False,True,False,False,True,True,False,False,True,False
1.0057376944615146,-0.27054467783786884,-0.400089118159895,-1.734259351811755,0.7069440209915847,-0.2518796089582581,0.16044303072659316,-0.2640913255530533,0.6471086538823824,1.4492492886447728,-1.0608740454586214,-0.40689007649276404,-0.2738010666949358,0.633350722650512,1.406523334941091,-1.3416407864998738,-1.1481977845339455,-0.26669476533770986,-0.2638109170490835,-0.18956094795239453,1.175573494195681,1.2382232597520697,0.9440280757051995,1.0355149640618153,1.118535346694166,1.101982706245152,0.38260031179958304,0.41118181612131166,0.27933015164791297,-0.96965030758236,-0.5307854513854685,-0.49631642211244276,0.23040780653682147,-0.044754581050616415,-0.017148642382772285,-0.23899903773086478,-0.23906271810057045,-0.13187928371826407,-0.26354544409179237,-0.2705686583234686,-0.8630332303969139,-0.43939283013759495,True,True,False,False,False,False,True,False,False,False,True,False,True,False,False,True
0.5161730483225434,,,-0.41664661626646954,1.805298305627986,-0.2399231952648521,-1.2810141879510863,-0.2537084138909065,-1.5206091361299576,-0.2949004293635894,-1.4968130911113207,0.9532933663504132,-0.25475797750237644,-0.21376785630964643,0.370591575936275,-1.3416407864998738,-1.1753478865157736,-0.2501030253595184,-0.24756784549310182,-0.18956094795239453,1.0161256902368683,1.0577804243282738,0.9440280757051995,0.7284453707080546,0.9547809717054389,0.9572356662079159,-0.4836401664305626,0.30609285943041015,-0.7190028096149866,1.3940136846132916,1.0551501110203036,-0.0863470162393391,0.23040780653682147,-0.044754581050616415,-0.017148642382772285,-0.22249046079469817,-0.22255465579848624,-0.11532497092684912,-0.2482325729401344,-0.25252869401223405,-0.4710572836333753,-0.012148860733831467,True,True,False,True,True,False,False,True,False,False,True,False,False,False,True,False
-0.11035144633614848,-0.2526171134058185,-0.31082724572795767,0.1914823386005853,0.4819798904034062,-0.21982468390293033,-0.1781831787824625,-0.22102777390513287,0.6804581583441112,-0.693391889452305,-0.7726075630335856,0.11162502282137701,-0.23760399749995695,0.34759386216885035,0.16007148900102372,-1.3416407864998738,-0.6296984208718551,-0.22823209538826603,-0.23522733009018068,-0.1832279127554079,-0.607998423454153,-0.347678846560591,-0.24962781497949887,-0.06854681505685918,-0.3206928033323878,-0.2858431851671395,0.7199781822681653,0.5294068923985763,0.7176226712267461,0.5774752145820666,0.8789350485307733,0.20879938952878557,0.23040780653682147,-0.044754581050616415,-0.017148642382772285,-0.20329924010640446,-0.20336403337231335,-0.10721843914313346,-0.23211657917562722,-0.2362783270728096,-0.298443362122053,-1.3398760867559796,True,True,False,False,False,False,False,True,False,False,True,False,False,False,True,False
0.7874051951236044,0.05932250771185705,0.6844528226668831,0.0901275127894095,-0.6031412100807497,0.1853730415104119,-0.4179679554789807,-0.013199328995603672,-1.7207061629003275,0.3833142751130204,0.4065138010759262,-0.8506519523369626,0.10934067652366151,0.02022561081943415,-1.4395493985324075,-1.3416407864998738,0.9424468021114448,0.36705942382927026,0.2194731989866833,-0.09836524111578711,0.3953738744864946,0.09332353766168722,0.4620446014145205,0.44936199832448037,0.5021720752621308,0.14465505592109681,-0.7845447536052443,-0.7250925280990667,-0.852925523930742,0.49152379668404284,-0.0021402639168774332,-0.327830439140532,0.23040780653682147,-0.044754581050616415,-0.3053787340481478,0.32002264877007747,0.3200741888276497,-0.09821227493015862,0.2594480013956029,0.09239048679823357,0.8187085948091535,0.1825169164377786,True,False,False,False,False,False,False,False,False,False,True,False,False,True,False,False
,-0.2741301907242789,-1.5295774418766945,-0.8220659195111727,1.9640965154549352,-0.253933471433199,0.6632736579795699,-0.27175085054971904,-2.9212883235225475,-1.6878977125609278,-1.2968037448937408,0.7854333246089172,-0.277157070377547,-0.6652400677886718,1.406523334941091,-1.3416407864998738,-3.232767739605551,-0.2649350353400229,-0.2632835445959672,-0.1863944303539012,0.0967564376232898,0.017354713693195394,-0.31946938305147593,-0.0032949368583528055,0.010580213791714246,0.12263039280172634,-1.176632549014678,-0.6331396909945284,-1.1694701214043448,-1.0126260165313719,0.35028986106218324,-0.06306675161324371,-4.340130723132376,-0.044754581050616415,-0.017148642382772285,-0.2423007531180981,-0.24236433056098727,-0.0410362070026423,-0.26226044791123365,-0.27374787919727156,0.5065158605627538,-0.012148860733831467,True,True,False,True,True,False,True,False,False,False,True,False,True,False,False,True
0.39530080956330693,1.1780025282717972,0.27262942973991405,-0.6193562678888211,0.8525090466662882,1.282502364285097,-1.3432899336947426,1.0853467671928496,-1.7874051718237844,0.3431258218378478,-0.8347339601079468,0.9583338274097681,1.7466506715956656,0.5793613262390481,-1.6684081585120285,-1.3416407864998738,0.6444636973426827,1.8567965618711284,1.5767189443267633,0.46527489141602263,0.6791322055806932,0.6916666117844581,0.6256907530067589,0.6894290853217988,0.6732818906176918,0.667626157871849,-2.1340562354795747,-1.5986444805921913,-2.3504249658250913,1.1791351398682322,0.702719986041243,-0.31796592023116954,0.23040780653682147,-0.044754581050616415,-1.916385678064422,2.0439307953292767,2.0473319925899074,-0.11458402714125407,1.630646009066794,1.643452584909258,-0.03362741085734697,0.2946853143307324,True,False,False,False,False,False,False,True,False,False,True,False,False,True,False,False
-0.6791285486845593,-0.02314428867557442,-0.021793200303701465,1.2050305967123434,-1.1192353920183358,0.13938119251798511,-0.7478872971153876,0.10594883761919603,-0.45342499335465175,-0.25172133459817514,1.6385743859651665,-0.9902761462679471,0.15110856707245002,0.5579404121868213,-0.7316871843254035,-1.3416407864998738,1.6109064111501796,0.1591598941025378,0.09037242246381587,-0.15536255788866674,0.21186862772104192,0.04239086427092906,0.05296534637196462,0.2052290912690019,0.19825650839473158,0.22712947259562108,-0.47452184560708716,-0.8564537239626945,-0.4268077965624307,-1.227504561276431,-1.5880758263226495,-0.1088381193526855,0.23040780653682147,-0.044754581050616415,-0.1857426356326169,0.24532133813392348,0.2453099092108074,-0.11877421488221943,0.10053680706650904,0.1319581875655074,-0.20948913986754727,-0.2603029108442739,True,False,False,False,False,True,False,False,False,False,False,True,False,False,False,False
-0.9938232734150331,-0.19166339433684743,0.5198853960353543,0.900966119278816,-0.3120111587313418,-0.1607027855171313,0.3189977319558201,-0.15056014393580847,0.9139046895762092,-0.584027964443403,-0.5983524323304683,-0.5974670696028425,-0.17940109826249315,0.6838271238025195,-0.2807590265878198,-1.3416407864998738,1.0093998388291263,-0.19002081543849172,-0.205483523734422,-0.17372835995992797,0.5084103144732811,0.25090142948785293,0.2828659439468966,0.3930930516506586,0.43335256713607084,0.26338750667719724,-0.5930600163122645,-0.863021783755877,-0.47550696540452303,-0.19608754650014684,-0.09024779516164261,0.10660297362779052,0.23040780653682147,-0.044754581050616415,0.8901643632414885,-0.15728158189684,-0.15741326708696685,-0.11512710014723922,-0.19993813315413617,-0.18114135772728557,-0.598213615032532,1.2017602303744055,True,False,False,False,False,False,False,False,False,False,True,True,False,False,False,False
1.2406959778166475,-0.26695916495145877,-1.1006350365591506,-0.41664661626646954,0.6937108368393388,-0.22121837629664023,-0.08137694587610184,-0.21404909557483745,1.8143413100428736,-0.6367680533716329,-1.3257207588047164,1.5704408325187484,-0.2399852883948076,1.200810616414384,0.3804628535144472,-1.3416407864998738,-1.1967771933304137,-0.23640227037752698,-0.24303244239630176,-0.18006139515691458,0.6121912535412057,0.919440917170028,0.6141148503631763,0.6286477528680783,0.829235950880746,0.7184030501464727,0.44642855756390876,0.3914776367417679,0.595874749121516,1.3080622667152677,0.9670425797755384,0.15316350287998132,0.23040780653682147,-0.044754581050616415,-0.017148642382772285,-0.20928359924576487,-0.20934820595681886,-0.11184375918710934,-0.2392911411837467,-0.2385341796985778,-0.5581073199278259,-0.03620477059412262,True,True,False,False,False,False,False,True,False,False,True,False,False,False,True,False
-0.5214184116566798,-0.24903160051940845,-0.7696011457017353,0.4955468160341127,-0.39141026364481674,-0.1826351026602503,-0.05984482292889016,-0.17745358725743468,0.6137591494206548,-0.5813478665424952,-0.14471677660204202,-0.1995523618493016,-0.19667571103567508,-0.7453030837404838,0.4801762215550812,-1.3416407864998738,-0.18553820147854344,-0.20837228541437017,-0.2112846207187012,-0.18006139515691458,-0.5600294965735982,-0.1647308151811096,-0.43531572706951155,-0.15822746486844996,-0.6002850245200315,-0.07970523185834612,1.0755926943836998,0.8184015232985583,0.9732933076477331,-0.4109660912452063,-0.17835532640640778,0.10423548908954353,0.23040780653682147,-0.044754581050616415,-0.017148642382772285,-0.16285322661279625,-0.162919280732207,-0.12818535247904725,-0.21123539124154816,-0.19750600291522918,-0.5944511604010763,-0.8071335589069046,True,True,False,False,False,False,True,False,False,False,True,False,False,False,True,False
-1.2226564563886848,-0.2418605747465883,-0.1977627059455462,0.5969016418452885,-0.40464344779706274,-0.20133992162846215,0.17290949188654542,-0.21864481057283688,-0.6535220201250215,-0.4556370623495298,0.0559703121290762,-0.4413061335796557,-0.22065026789700312,0.6240300038951592,0.37357110047452585,-1.3416407864998738,-1.226551420830585,-0.23250572538264866,-0.23448900865581787,-0.18956094795239453,0.7228556222411965,0.725894494888079,0.5198539288368881,0.5995858092113886,0.7465789806483439,0.6910045032822868,0.37348199097610757,0.3914776367417679,0.31585452827948185,-1.0126260165313719,-0.3545703888959381,0.009536107559663961,0.23040780653682147,-0.044754581050616415,-0.017148642382772285,-0.19855302423725657,-0.1986179654604641,-0.1229096447269881,-0.23409761495398856,-0.22021766202592694,-0.8286361902763333,-2.1509910987508443,True,True,False,False,False,False,True,False,False,False,True,False,False,False,True,False
1.5487523937373384,-0.27054467783786884,-0.5657279789599616,-2.9505172615458646,-0.15321294890439224,-0.2490188719395904,0.6563199628129719,-0.2644317488862385,-0.15327945319909678,1.0243165907376395,-0.7358588578550544,-0.6322282605085938,-0.2725464858790064,0.47403510897212275,1.406523334941091,-1.3416407864998738,-0.24432442435381935,-0.26304961034250113,-0.25895909048041366,-0.1863944303539012,0.1614854610176312,0.6644150431043976,0.9440280757051995,0.05903365719685527,0.07705752176585923,0.18139153160833,0.7199781822681653,0.5294068923985763,0.7176226712267461,-1.0556017254803838,0.26218232981741807,-0.44502092378375796,0.23040780653682147,-0.044754581050616415,-0.017148642382772285,-0.23817360888405645,-0.23823731498546621,-0.10003022541304185,-0.25926212348993,-0.2693801645388693,-0.05640840001396111,-1.9128666077374445,True,True,False,False,False,False,True,False,False,False,True,False,True,False,False,True
1.1602334810779091,-0.25978813917863863,1.0253229653570686,-0.1125821388329421,1.4347691493651031,-0.24447103360222125,-0.39193492655555123,-0.26221899722053504,-1.1537645870509463,-0.7959847668117881,-1.1402452242663508,1.1700701887430704,-0.26772600035933913,0.18512797904831466,-0.06076228756686799,-1.3416407864998738,-0.15045739905869884,-0.25839889534861415,-0.25326346798675775,-0.1832279127554079,1.175573494195681,1.2382232597520697,0.9440280757051995,1.0355149640618153,1.118535346694166,1.101982706245152,-0.5109951289009877,-0.40982565802636034,-0.4268077965624307,0.6634266324800899,0.7908275172860081,0.327962777953884,0.23040780653682147,-0.044754581050616415,-0.017148642382772285,-0.23198289253299398,-0.23204679162218464,-0.11283154182627887,-0.2541221387676951,-0.2648136057280437,0.043680352381004275,-1.0936657979382423,True,True,False,False,False,False,False,True,False,False,True,True,False,False,False,True
,-0.2741301907242789,-1.5295774418766945,-1.1261303969447,1.1304059138634501,-0.25569392498314836,1.3333669375087243,-0.27107000388334873,-1.020366569204033,0.48130860842457823,-1.3091537195848866,1.0394157618558166,-0.2789134835198482,0.8165528669514682,1.406523334941091,-1.3416407864998738,-0.641500275128381,-0.26669476533770986,-0.2648656619553161,-0.18956094795239453,1.175573494195681,1.2382232597520697,0.9440280757051995,1.0355149640618153,1.118535346694166,1.101982706245152,0.8567529946202935,0.5097027130190326,0.8393705933319778,-0.8407231807353246,0.4383973923069484,-0.3503215422538784,0.23040780653682147,-0.044754581050616415,-0.017148642382772285,-0.2435388963883106,-0.2436024352336436,-0.02443048330193724,-0.2640808591670252,-0.27541177049571053,0.7080782500467268,-0.012148860733831467,True,True,False,True,True,False,True,False,False,False,True,False,True,False,False,True
0.5633558995205372,2.0564531854422627,1.6486900961360675,0.7996112934676401,-1.5956300214991845,1.1217876256209707,-1.4630759243486577,1.407727663719179,-0.35337647996946653,0.05659066195181277,2.8071530887529685,-1.986292456264363,1.619021200129,0.6477712950870301,-1.5627499786771397,-1.3416407864998738,2.108680467680223,1.682080512100779,1.4028969837796348,0.16698893363795253,0.7924627596657144,0.7289667470160708,0.5629937317325835,0.6988174637935556,0.7937761304776132,0.6796678534044429,-3.6841707754703603,-3.8908973484124947,-3.373107511509037,-1.6572616507665496,-2.9977963262388903,-0.23510396139252493,0.23040780653682147,-0.044754581050616415,-2.3136385829179327,1.573229995436826,1.5765066147745803,-0.10281588288075452,1.4427688591676058,1.522546197975988,-0.10808142917018179,0.32821891601833575,True,False,False,False,False,True,False,False,False,True,False,False,False,True,False,False
-0.8057635247290856,-0.2633736520650487,-0.48757835605121425,1.1036757709011675,0.19084983905399824,-0.2342017212275167,-0.31045869763915107,-0.24332550222875968,0.6804581583441112,-1.2043295433188281,-0.5128815709008927,-0.4572621640393345,-0.2558340218175774,0.4312479838349648,0.4361233576408454,-1.3416407864998738,0.8856212872966006,-0.2537481803547271,-0.2516813506274089,-0.18006139515691458,0.6784715171476196,0.3943876470349054,0.3618282662781054,0.5568476567750723,0.6080070011410768,0.650712522599653,0.7655697863855414,0.7658570449531075,0.7906714244898855,-0.6258446359902652,-0.795108045119763,1.3002097616606476,0.23040780653682147,-0.044754581050616415,-0.017148642382772285,-0.2208396031010815,-0.2209038495682778,-0.13209546237782002,-0.25107027283886824,-0.25354805598902497,-0.6349440443979022,2.0273451409406618,True,True,False,False,False,False,True,False,False,False,False,False,False,False,True,False
0.08193304307526415,-0.2526171134058185,-0.3862188138398575,-0.1125821388329421,-0.41787663194930824,-0.21417656209684283,-0.20558436782988235,-0.20894274557706033,1.4808462654255903,-0.2423441156022246,-0.4304228984203769,-0.47612365748424346,-0.23401879155289712,-0.33571736653171835,0.35278923538829615,-1.3416407864998738,-0.843177129493771,-0.23753352537604003,-0.23396163620270158,-0.1832279127554079,0.08749620537802967,0.13000996579734225,0.17942231740180378,0.3021062571889933,0.3363095125205473,0.3117756893895083,0.44642855756390876,0.3914776367417679,0.595874749121516,0.7064023414291017,0.7908275172860081,-0.11317850767280499,0.23040780653682147,-0.044754581050616415,-0.017148642382772285,-0.21175988578618984,-0.21182441530213147,-0.10885958452720873,-0.23543615264207057,-0.23288197752682016,-0.5674628711500592,-1.506332235632707,True,True,False,False,False,False,False,True,False,False,True,False,False,False,True,False
1.9442816187372833,-0.25978813917863863,-0.7663662746518737,-0.3152917904552937,1.5141682542785782,-0.22239201199660646,-0.8816489932633199,-0.24536804222787054,-2.0542012075176106,-0.11156673938679675,-1.0538707061520571,1.1002443673590188,-0.23399949030957515,-2.906642172488001,-1.0395263226623108,-1.3416407864998738,-1.2533102625248056,-0.23652796537736176,-0.2336452127308318,-0.1832279127554079,0.7017005814956553,0.5678865580608661,0.38903386484945957,0.5792152879566914,0.6318634658865436,0.6717999143587843,-0.4836401664305626,-0.5280507343036268,-0.5485557186676625,1.3510379756642796,0.9670425797755384,-0.1723656211289797,0.23040780653682147,-0.044754581050616415,-0.017148642382772285,-0.19958481029576697,-0.1996497193543444,-0.12849301849302225,-0.23484719605931448,-0.23286369300705712,-0.5425499354831437,1.1108704585730182,True,True,False,False,False,False,False,True,False,False,True,False,False,True,True,False
-1.810409234616329,-0.25620262629222856,-0.6235461568401788,-0.720711093699997,-0.06058065983867175,-0.1098696892623438,3.317552185635043,-0.23872978723076024,-1.5206091361299576,-1.1897306106581327,0.09701138656001783,-0.3684127150143142,-0.23138175918403012,0.07992798423367685,0.24487716413678087,-1.3416407864998738,0.4167848431057733,-0.22069039539817897,-0.21550360034363147,-0.17372835995992797,-3.9683513117799296,-4.375117990062108,-5.080474300105623,-3.740752297777658,-3.881312907037737,-3.4009089088262554,-0.30127374996105827,-0.36384923947409203,-0.14678757572039824,0.018790998244912583,0.9670425797755384,1.2378660021534769,0.23040780653682147,-0.044754581050616415,-0.017148642382772285,-0.1490272934287567,-0.1490937785542115,-0.14745416399524577,-0.21808870420452797,-0.23038385501419134,0.07073730430115956,1.1685203721099848,True,True,False,False,False,False,False,False,False,False,True,False,False,False,True,False
0.37973898429544173,0.6043204664461868,1.205158983343945,0.5969016418452885,-0.7751726040599447,0.206571836341052,-1.7233031661300118,0.6327539457232033,0.5470601404971984,0.6232517577032775,1.2746266561949997,-1.07918670155836,0.5334034682402949,0.6138094948905459,-1.5434483826202126,-1.3416407864998738,1.4215920492493126,0.5055753136472021,0.3506834653220159,-0.10596488335217107,0.32516755471558334,0.11385644533119052,0.2093657788210216,0.33825996248105505,0.2883969276214547,0.2573685847126984,-1.368117286307658,-1.6183486599717352,-1.3642667967727145,-0.4109660912452063,-1.323753232588354,-0.3795205182255913,0.23040780653682147,-0.044754581050616415,-1.453261039386363,0.5563016561689622,0.557149985121185,-0.111344179619216,0.3844138799549376,0.4941150993826051,-0.3145617121190929,0.1291605314210079,True,False,False,False,False,False,True,False,False,False,False,False,False,True,False,False
1.1132494700196374,-0.27054467783786884,-0.9567012255698272,-0.5180014420776453,0.5216794428601432,-0.24806529293336782,-0.05307840384645526,-0.2618785738873499,-1.4872596316682294,,-0.6433093523951878,1.0681175888336443,-0.26593822269663975,-5.299686765330069,-1.0347347321570983,-1.3416407864998738,0.6593618313526597,-0.2633010003421707,-0.25769339659293455,-0.1863944303539012,0.40732498421230845,0.3688168708919588,0.04426473386332103,0.295756398255026,0.32953699447575036,0.40456514970210367,-0.5109951289009877,-0.40982565802636034,-0.4268077965624307,0.19069383404095966,0.702719986041243,,,-0.044754581050616415,-0.017148642382772285,-0.23611003676703562,-0.23617380719770567,-0.12095125231228537,-0.2587267084146972,-0.26312000208498976,-0.7831653354795298,-0.012148860733831467,True,True,False,True,True,False,False,False,False,False,True,False,False,True,False,True
-0.5176168985263897,-0.16297929124556693,2.821236610380952,1.3063854225235192,-0.8942712614301572,-0.1853491352164222,1.0018069889481007,-0.21643205890713346,-0.6535220201250215,-0.231185370767714,0.4819691342498776,-0.9330692763732447,-0.217139854267816,0.7754754085034491,-0.05026579448007615,-1.3416407864998738,0.7125304746207938,-0.23376267538099652,-0.2371258709213993,-0.17056184236143465,-0.30041080066963016,-0.7268733726029715,-0.37788450528851425,-0.3021306617805944,-0.30814660526241733,-0.23791883218172835,-1.741968440070141,-2.2685865794966933,-1.607762640983178,-1.3564316881234668,-2.3810436075255352,-0.11870263826204795,0.23040780653682147,-0.044754581050616415,-0.017148642382772285,-0.19174323625108783,-0.19180838976085438,-0.1332832120472434,-0.23436532249160497,-0.2168921649940194,-0.8991204879119571,-0.012148860733831467,True,True,False,True,True,True,False,False,False,False,False,False,False,False,True,False
,-0.2741301907242789,-1.5295774418766945,0.4955468160341127,-1.2118676810840563,-0.25408017589569476,1.4451902320838015,-0.2714104272165339,-1.5873081450534146,-1.6878977125609278,2.1309166696890127,-1.811348279626026,-0.27845990430178136,-1.4505257275801018,1.406523334941091,-1.3416407864998738,0.516445526897406,-0.26669476533770986,-0.26275617214285096,-0.18956094795239453,-0.09203654727688126,-1.6308178234862878,-0.5405814383338972,-0.1850866695193847,-0.18331193446621752,-0.048756262050875486,0.32789038685873145,0.34550121818949775,0.25498056722686596,-2.12999444920568,-0.6188929826302326,-0.27614036005547277,-4.340130723132376,-0.044754581050616415,-0.017148642382772285,-0.2423007531180981,-0.24236433056098727,-0.07978289563762075,-0.26301002901655957,-0.2749820842812785,1.006797105014796,-0.012148860733831467,True,True,False,True,True,False,False,False,True,False,True,False,True,False,False,True
-1.10004765509395,,,-0.011227313021766296,0.01881844507480323,-0.24513120368345226,-0.6381986296478459,-0.25694243555616536,-0.5534735067398363,-1.344668954916147,-0.0018637156928745639,-0.51292495317518,-0.2635110913488994,0.48961330074969495,1.406523334941091,-1.3416407864998738,-0.8865071776981907,-0.25739333534993586,-0.2521032485899019,-0.1832279127554079,0.20048884690909616,0.5025716999473652,0.18268986337746101,0.40956540837915134,0.45092135635551084,-0.07826238944307863,-0.5930600163122645,-0.7316605878922492,-0.47550696540452303,-0.4109660912452063,0.7908275172860081,2.168682006440918,0.23040780653682147,-0.044754581050616415,-0.017148642382772285,-0.2352846079202273,-0.2353484040826015,-0.08127315289281226,-0.2531048501247528,-0.26082072372478426,-0.3050424645834655,-2.620161803318454,True,True,False,False,False,False,True,False,False,False,True,False,True,False,False,True
0.455323011952449,-0.24544608763299838,-0.09762007360658848,0.0901275127894095,0.3761144171854397,-0.1975989578348198,0.11746480553192487,-0.23107026223409455,-0.8869685513571195,-0.31300462604270235,-0.39186687987240976,1.3001978798034628,-0.23156270834017378,0.15154086073703743,0.3151757336209782,-1.3416407864998738,0.15184623726353286,-0.22420985539355293,-0.23005908004964104,-0.18006139515691458,0.8819186583333122,0.5735805377663479,0.6001030917579194,0.7527501068615381,0.8169491039543099,0.835402250269239,-0.5930600163122645,-0.7316605878922492,-0.47550696540452303,0.9642565951231731,0.8789350485307733,-0.07687707808635115,0.23040780653682147,-0.044754581050616415,-0.017148642382772285,-0.1861715915351316,-0.18623691873390094,-0.1255536145276101,-0.2275120095286252,-0.2305552723869701,-0.30980777020860895,-0.3628992772441336,True,True,False,False,False,False,False,True,False,False,True,False,False,False,True,False
-1.1112992563591244,-0.2418605747465883,-0.027273408438345966,0.6982564676564643,-0.07381384399091774,-0.20266026179092417,-0.23400553469567253,-0.21490015390780032,0.04681757357127302,-0.023468933085205753,-0.4451826242707706,-0.04153918816802908,-0.22898357970127273,-0.7332475435658743,-1.1273477925568407,-1.3416407864998738,-0.009133720288686798,-0.2237070753942138,-0.21792951362796642,-0.18956094795239453,0.6418429504177645,0.7348827188330612,0.7356618281207644,0.6928899441091942,0.7531045309298442,0.6174610353836707,0.38260031179958304,0.41118181612131166,0.27933015164791297,0.7064023414291017,0.6146124547964777,-0.20669414693356106,0.23040780653682147,-0.044754581050616415,-0.017148642382772285,-0.1907114501925774,-0.1907766358669741,-0.1194796629917938,-0.2219436927462041,-0.22811200343363047,-0.17281600403450417,2.765244246405886,True,True,False,False,False,False,False,True,False,False,True,False,False,True,True,False
-0.21966646900781672,-0.05182839176685493,0.23848415039464493,1.2050305967123434,-0.7751726040599447,0.024218189458798414,-0.5389183595256105,0.08994894095949435,0.6804581583441112,0.2548057152635903,-0.2733372447269013,-0.5194112256851537,0.04146544172646496,0.7464321502731617,-0.3804151971239357,-1.3416407864998738,0.27072285439930044,0.05784972423570202,-0.00012469049093924398,-0.16422880716444802,0.24006792853327566,-0.22881408908357312,-0.01075505931203939,0.18617697970378147,0.19893842694987915,0.107142480622866,1.0755926943836998,0.8184015232985583,0.9732933076477331,-0.06716041965311119,-0.795108045119763,-0.29508023636144864,0.23040780653682147,-0.044754581050616415,0.603886958015258,0.08126735483076769,0.0810284362794852,-0.10808758658786725,0.010694157442445838,0.028090687486443385,-0.18740518566898717,0.598330134479803,True,False,False,False,False,False,False,False,False,False,False,True,False,False,False,False
-0.11545370905146297,0.10951968812159794,1.71401018306371,1.0023209450899917,-0.20614568551337573,0.016736261871513673,-0.6450799921162658,0.15020387093326448,1.747642301119417,1.826122958283352,-0.3330538906420145,-0.07602503594716539,0.016653693436045554,0.8134622338123397,-1.3167384550675318,-1.3416407864998738,0.7097577887718246,-0.019578395662524832,-0.04442397655270748,-0.1610622895659547,0.1691020020393564,0.3147121814564582,0.22721017729576293,0.06636774426558512,0.18265800937930096,0.08952996589886388,0.601440011562988,0.680472267641748,0.6080495413320378,0.8783051772251493,-0.795108045119763,-0.5314341094297731,0.23040780653682147,-0.044754581050616415,1.890821623196399,0.0787910682903427,0.07821362181117235,-0.12689908401941632,-0.04450713681405545,0.004585937331022672,-0.42179975447896234,-0.9963797078189517,True,False,False,False,False,False,False,True,False,False,False,False,False,True,False,False
0.8432922384285815,-0.2526171134058185,-0.7305455938842482,0.900966119278816,0.3761144171854397,-0.19422475519741686,-0.10604672943531307,-0.1920917905843958,0.8805551851144815,-0.6782530847008477,-0.4167927434258807,0.44825578543359546,-0.21338576244168878,-1.2073625925639189,0.4290636352180429,-1.3416407864998738,0.02584968369231693,-0.20912645541337888,-0.21149556969994768,-0.1768948775584213,0.6394242319414272,0.5447994329875113,0.40580106155205437,0.5930007766607773,0.6465665438565663,0.6152653178420002,0.23670717862397928,0.2863886800508664,0.31585452827948185,0.7923537593271256,0.1740747985726529,0.19341074003018013,0.23040780653682147,-0.044754581050616415,-0.017148642382772285,-0.17440923046811288,-0.17447492434366596,-0.11899218368405017,-0.211396015764118,-0.21333582590010314,-0.2635279946809441,-0.7876176649477623,True,True,False,False,False,False,False,True,False,False,True,False,False,False,True,False
-0.054669250271005214,-0.07334146908531532,-0.21787462851092385,0.0901275127894095,-1.3838990750632516,0.00213916785318364,-1.4965671151435325,0.0210132159895031,-1.1537645870509463,-0.8450964675658965,1.418082154893979,-1.4725461307486567,0.11312854552560225,0.5006326769491318,-0.9144021392369427,-1.3416407864998738,1.4456869115994115,0.12421668414846788,0.05767533037060598,-0.16739532476294133,0.5969404604024724,0.5377142903838933,0.43970212613777543,0.5820005566802645,0.5380938837564161,0.5278348133585983,-1.596075306894537,-1.8219585135603593,-1.632112225404225,-1.0556017254803838,-0.9713231076092933,0.3950415065375487,0.23040780653682147,-0.044754581050616415,-0.5874263746947626,0.14709530536373208,0.1472018586697178,-0.10815104788169942,0.0680371119998783,0.09597882380173517,-0.21044656304126652,-0.12917745609350084,True,False,False,False,False,False,True,False,False,False,False,False,False,True,False,False
1.2833124780418805,-0.23827506186017824,-0.43397336397998465,0.0901275127894095,0.4952130745556517,-0.17104545012308373,-0.3787840702782045,-0.19719814058217294,-0.6201725156632933,-0.0720537769869987,-0.9225392679730439,0.910865888004062,-0.20018853732027742,-0.4374120017549723,-1.0106628094674361,-1.3416407864998738,0.177846779121893,-0.1832332854474134,-0.2037959318844499,-0.1832279127554079,0.6725536364684703,0.7828199132062938,0.4138103921198102,0.5511492364502246,0.6019292827416295,0.5996760137349835,-0.5109951289009877,-0.40982565802636034,-0.4268077965624307,1.0931837219702087,0.7908275172860081,-0.18814885138395965,0.23040780653682147,-0.044754581050616415,-0.017148642382772285,-0.15686886747343584,-0.15693510814770148,-0.10930418221665195,-0.1969933502403558,-0.2008337855121071,-0.17437910954256633,-0.30365342873401574,True,True,False,False,False,False,False,True,False,False,True,False,False,True,True,False
4.022880886418565,-0.27054467783786884,-0.3118193975077593,-1.3288400485670517,2.1625942777386222,-0.252613131270737,-0.36807935295017213,-0.2642615372196459,1.1473512208083072,-0.8282386101204225,-1.6895178791274301,0.8104858818714069,-0.2745031494207732,0.4967953205924404,1.406523334941091,-1.3416407864998738,-1.1523532394013325,-0.26606629033853596,-0.2643382895021998,-0.1863944303539012,-0.5529856532669036,-0.7179411151831758,0.26920556932378986,-1.1837607333585443,-0.6567109457972659,-0.9902699633839851,0.38260031179958304,0.41118181612131166,0.27933015164791297,1.1791351398682322,1.0551501110203036,0.37097208039870433,0.23040780653682147,-0.044754581050616415,-0.017148642382772285,-0.2410626098478856,-0.24112622588833094,-0.09708052449252186,-0.26327773655417597,-0.27123375772985003,-0.6809199410582201,-0.012148860733831467,True,True,False,True,True,False,False,True,False,False,True,False,True,False,False,True
-1.703888222654325,-0.24544608763299838,2.0227713322891465,-1.9369690034341065,0.12468391829276924,-0.23706245824618438,0.536859312778515,-0.25098502722542537,0.4803611315737408,0.45983138254966455,-0.43848050385911225,-0.5605534243678024,-0.2613397014751754,0.42304481312877595,0.28679748434776825,-1.3416407864998738,-0.1928439049833569,-0.26053571034580547,-0.2553729577992229,-0.1832279127554079,0.8701252914312074,0.5468880589717434,0.9440280757051995,0.7413940885000796,1.118535346694166,0.8246962078605663,0.5923216907395138,0.713312566607655,0.5593503724899455,-0.2820389643981706,-0.8832155763645282,-0.34558657317738445,0.23040780653682147,-0.044754581050616415,-0.017148642382772285,-0.23115746368618564,-0.2312213885070804,-0.1289081615855399,-0.25610317454605647,-0.2587637152514394,-0.7845618556822027,-0.012148860733831467,True,True,False,True,True,False,False,False,False,False,False,False,False,False,False,True
-2.094651683464435,-0.26695916495145877,-0.15644162247256044,-0.9234207453223485,-0.6957734991464702,-0.23728251493992805,1.160258336077428,-0.2630700555534979,-1.0870655781274898,-0.25843719763658085,0.16621642766466985,-0.16397996254350045,-0.2686283334846422,-0.015034575035610767,-0.46891539654999437,-1.3416407864998738,0.07767201307449506,-0.2566391653509272,-0.25663865168670197,-0.1863944303539012,0.43715987780389814,0.4025802257991503,0.36748069161235053,0.08747486030942547,0.3601777071832641,-0.015239593071380612,0.38260031179958304,0.41118181612131166,0.27933015164791297,0.36259666983700717,-0.4426779201407033,-0.10528689254531502,0.23040780653682147,-0.044754581050616415,-0.017148642382772285,-0.23095110647448355,-0.23101503772830437,-0.10859648014112726,-0.25535359344073055,-0.265668407026967,-0.0117468370238049,-0.012148860733831467,True,True,False,True,True,False,False,False,False,False,True,True,False,False,False,True
-1.2560067434243654,-0.25978813917863863,2.215776080250448,-0.3152917904552937,0.6143117319258642,-0.24645154384591425,1.2601062652619355,-0.2632402672200905,0.2469146003416428,-1.024193437123577,-0.946109646499438,1.327295085992079,-0.27234623547954073,0.12132453967994476,1.406523334941091,-1.3416407864998738,-0.7114864429563635,-0.26304961034250113,-0.26054120783976253,-0.1863944303539012,0.3577605642133842,-0.6127709874984822,-0.9715971037000832,0.2480300391707199,0.2786338749777911,0.35957046863481296,0.8567529946202935,0.5097027130190326,0.8393705933319778,0.23366954298997153,0.702719986041243,0.7237272765975057,0.23040780653682147,-0.044754581050616415,-0.017148642382772285,-0.2373481800372481,-0.237411911870362,-0.10864522492694144,-0.2600652461027792,-0.2691904626463275,-0.2724364551959045,-0.012148860733831467,True,True,False,True,True,False,False,False,False,False,True,False,True,False,False,True
0.4976024051730069,-0.2346895489737682,-0.8096297766489036,0.39419199022293694,-0.7090066832987157,-0.16385693146079056,-1.3703690788843348,-0.10800722728766572,0.813856176191024,-0.5048390888584569,0.44250945901719246,-1.0684643098244309,-0.14378789167800451,0.5769466614405232,-0.11647203211557765,-1.3416407864998738,0.86775535074968,-0.15507760548442182,-0.1555940896696211,-0.17372835995992797,0.06929563981962897,0.021054315347919555,0.04426473386332103,0.23657571299048263,0.14017738994333273,0.2650816383934961,1.2670774316766784,0.8446737624712827,1.1924395674371497,-1.8291644865625971,-0.6188929826302326,0.044259214120619804,0.23040780653682147,-0.044754581050616415,-0.46120896055601557,-0.10197784916068182,-0.10199379775045325,-0.12427905371092879,-0.1597284610041532,-0.1474041331994593,-0.3494573966883277,1.3952525145315973,True,False,False,False,False,True,False,False,False,False,True,True,False,False,False,False
0.5215099380359689,9.557346143812115,0.6742478329317816,0.5969016418452885,0.30994849642421074,10.257367914158134,-0.7468892144068702,12.306721098974686,0.4470116271120132,0.6649518007716292,0.39220590356789153,0.25297996586368093,11.054339904523099,0.4389395849107412,-1.6986177668963225,-1.3416407864998738,1.1827233513424582,11.860358818722235,9.23796404523771,2.2714565295966085,0.38734526762444926,0.16762616493751845,0.1311136744333652,0.2479329775832061,0.23761320407924266,0.1591376944745518,-1.2951707197198554,-0.9943829796195048,-1.339917212351669,0.19069383404095966,-0.795108045119763,-0.3874121333530812,0.23040780653682147,-0.044754581050616415,0.15967982265749503,12.922670281839677,12.920303052914797,-0.11512856073233861,9.933541746731857,10.460844547116714,-0.10813124795342884,0.4940838571243633,True,False,False,False,False,False,False,False,False,False,False,False,False,True,False,False
-0.21318991162063258,-0.20600544588248768,-0.4636623747206119,0.7996112934676401,0.045284813379294735,-0.12828109930556408,-0.9846009558248462,-0.04911399064663616,1.6142442832725044,-0.127457824920463,-0.36912485330700723,-0.42427926680253164,-0.1208218247802505,0.6905281309172501,0.025187983665726,-1.3416407864998738,-0.535378251418711,-0.13169833551515203,-0.15538314068837458,-0.16422880716444802,0.29769035949275363,0.4253784617726821,0.28974056689468186,0.420731350085974,0.4081884566591208,0.47408736152958725,0.7017415406212143,0.5294068923985763,0.7297974634372696,0.23366954298997153,0.5265049235517126,-0.16565774827061325,0.23040780653682147,-0.044754581050616415,1.459596746448138,-0.08815191597664228,-0.08840983847491408,-0.1178562917443197,-0.14885953497692742,-0.12564784024638176,-0.4409122982055077,-0.3351647528063616,True,False,False,False,False,False,False,False,False,False,True,False,False,False,False,False
-1.4770461805558341,,,-0.6193562678888211,-1.6088632056514303,-0.24454438583346913,0.4677051747045355,-0.2608573038877945,-0.5534735067398363,,1.311676580268437,-0.12869964532472106,-0.2682519592398634,-3.106364411954735,0.0630338972301821,-1.3416407864998738,1.0503045015044792,-0.26229544034349245,-0.2590645649710369,-0.1832279127554079,-0.5145732277677363,0.2818762320059538,-0.04571160032086056,-0.5919538807131189,-0.6172610281863464,-0.43233591814955213,0.38260031179958304,0.41118181612131166,0.27933015164791297,-0.6258446359902652,-1.2356457013435889,,,-0.044754581050616415,-0.017148642382772285,-0.23445917907341896,-0.23452300096749729,-0.12376829472579785,-0.2587267084146972,-0.2653118588915872,-0.5807149103134706,-0.012148860733831467,True,True,False,True,True,False,True,False,False,False,False,False,False,False,False,True
-0.9713602176162373,-0.2633736520650487,0.4229469689166529,-0.1125821388329421,1.5141682542785782,-0.24813864516461573,-0.04743396166988714,-0.2584743405554985,0.2135650958799146,,-1.0657688525008437,1.0356845653619642,-0.26778390408930514,-0.8782305692226329,-0.23998092518118022,-1.3416407864998738,-0.8415159528831477,-0.2624211353433272,-0.25748244761168804,-0.18956094795239453,-0.28705347673419485,-0.9687314196620472,-0.19797924278641157,-0.3728715362241812,-0.38359613156781125,-0.22579302640410714,0.7199781822681653,0.5294068923985763,0.7176226712267461,1.3080622667152677,0.9670425797755384,,,-0.044754581050616415,-0.017148642382772285,-0.23631639397873772,-0.23638015797648176,-0.11205217431842349,-0.2585125423846041,-0.2648684592873329,-0.5954753543969541,-2.8320249990815434,True,True,False,False,False,False,False,True,False,False,True,True,False,False,False,True
-0.6635049909317912,0.05932250771185705,0.09195982475070934,0.7996112934676401,-1.3706658909110059,0.1486235736552192,-0.8641367513281787,0.16416122759385532,-0.5868230112015651,-0.16791074784086876,0.9900501052325623,-1.2092761015163322,0.2553232177341251,0.41208668505247453,-0.7399536947666403,-1.3416407864998738,1.2773342014405753,0.23759357399944292,0.10724834096353711,-0.10786479391126705,0.12900577312224973,0.13553131316935724,-0.10206688436505697,0.14938424075019932,0.03443476380616457,-0.003709540872024177,-1.6507852318353886,-1.6446208991444613,-1.668636602035794,-0.7977474717863128,-1.323753232588354,-0.14790161423376083,0.23040780653682147,-0.044754581050616415,-3.089983898092182,0.3321977242605003,0.33356081371951385,-0.11862615560044697,0.14652896202900623,0.23068316646120915,-0.3738448504326682,-0.21611128948214664,True,False,False,False,False,False,True,False,False,False,False,True,False,False,False,False
-2.2851630007495274,-0.25978813917863863,2.1878533465003986,-0.41664661626646954,-1.1986344969318103,-0.24168364881480145,1.1103565853062711,-0.26647428888534935,-1.4539101272065014,-0.3268270695776783,0.889819517952593,-1.825186814577023,-0.27258026305481986,0.25680803728305435,-0.889630005603299,-1.3416407864998738,0.5248671536129166,-0.2648093403401881,-0.2598028864053997,-0.18956094795239453,1.175573494195681,1.2382232597520697,0.9440280757051995,1.0355149640618153,1.118535346694166,0.590543164780248,0.38260031179958304,0.41118181612131166,0.27933015164791297,0.2766452519389834,-0.7070005138749978,-0.06898546295886118,0.23040780653682147,-0.044754581050616415,-0.017148642382772285,-0.23982446657767312,-0.23988812121567463,-0.09915623995510998,-0.26070774419305853,-0.2694121624484547,-0.3734002850505363,-0.012148860733831467,True,True,False,True,True,False,False,False,False,False,True,False,False,True,False,True
-0.33703377878532115,-0.1844923685640273,-0.3762494274297749,1.407740248334695,0.9848408881887462,-0.10759577009365923,-0.6295364607332289,-0.03226303565397162,0.947254194037938,-0.485989899930665,-0.8807451463048374,0.11555757669994869,-0.08324954199857978,0.704625880149498,0.152686393563839,-1.3416407864998738,0.22263970535068062,-0.12239690552737802,-0.13829627320740684,-0.18006139515691458,0.31788709797543835,0.1534117058908005,0.17587190923720744,0.23392583156072927,0.3931279064455941,0.34627353303582104,1.8141766810851914,1.869291090207579,1.789004385752785,0.19069383404095966,0.1740747985726529,0.030843468403886864,0.23040780653682147,-0.044754581050616415,2.2347905396224363,-0.04894404575324655,-0.04937447289546861,-0.12840252600502444,-0.13756227688951542,-0.09005473696260437,-0.6124568168838214,0.3561899292292305,True,False,False,False,False,False,False,False,False,False,True,False,False,False,False,False
0.11778893209501655,1.113463296316416,0.15201099858916078,0.7996112934676401,2.374325224174555,2.3130278610866983,-0.4689168250531325,1.3503663320774826,-1.1871140915126746,0.42234281033783844,-1.223532248707858,1.8113611342041696,1.8074037476070475,0.6650484417526642,-1.5752311404279484,-1.3416407864998738,-0.5063779410412875,2.300499911287915,1.8203650176664887,0.31644856428683693,0.9347338509308918,1.0113593225787563,0.7940263456611628,0.8478435251497631,0.8840584326199192,0.8151036267841725,-1.1401592657207775,-0.5214826745104443,-1.291218043509575,1.3080622667152677,0.9670425797755384,-0.3369057965371455,0.23040780653682147,-0.044754581050616415,-1.5727856525253372,2.515663381280238,2.5190067971941468,-0.11440830855501309,1.9307461587347763,1.701005396428477,0.20717534173963914,2.7246157430426723,True,False,False,False,False,False,False,True,False,False,True,False,False,True,False,False
-0.39595639903993207,-0.24544608763299838,-0.6950943989660173,-0.011227313021766296,-0.2987779745790962,-0.17889413886660793,-0.3421932422062951,-0.17541104725832385,0.5137106360354696,-0.9002670221216299,-0.4791450546714214,0.1708558526355724,-0.19409899505218928,0.38500894461801344,0.6604998479847531,-1.3416407864998738,0.5410775849443409,-0.21817649540148332,-0.22605104940595724,-0.16739532476294133,-0.2910827521362115,-0.1251640318694643,-0.09887943415697639,-0.3263133048097671,-0.3877342348137181,-0.27700200782859796,0.44642855756390876,0.3914776367417679,0.595874749121516,0.8353294682761374,0.4383973923069484,0.4802709499144403,0.23040780653682147,-0.044754581050616415,-0.017148642382772285,-0.16615494200002956,-0.16622089319262387,-0.13565021413456646,-0.22183660973115754,-0.19506501952685995,-0.8848299758859851,0.28832149003217217,True,True,False,False,False,False,False,True,False,False,True,False,False,False,True,False
1.031195342447877,-0.22751852320094806,0.576129519320327,-0.720711093699997,0.7466435734483222,-0.2066212822783102,-0.6527174465445618,-0.2268149705692803,-1.020366569204033,-0.5551528770354859,-0.6226758580941273,0.1898175607144478,-0.2263658485757277,0.3731929565224397,-0.48424019457054973,-1.3416407864998738,0.1488957234649941,-0.20460143541932665,-0.21212841664368723,-0.1768948775584213,0.5665116124070627,0.6351215305428062,0.23070218307380194,0.5956585195280516,0.5712121654255377,0.47996164230135513,-0.5109951289009877,-0.40982565802636034,-0.4268077965624307,0.9642565951231731,0.7908275172860081,0.08292812824532063,0.23040780653682147,-0.044754581050616415,-0.017148642382772285,-0.18761609201704618,-0.18768137418533332,-0.09648641511983762,-0.20978977053841963,-0.2256321654407647,0.19575813123600708,0.3564933928052743,True,True,False,False,False,False,False,True,False,False,True,True,False,False,True,False
-0.6652619609479761,-0.16297929124556693,0.45988246478250216,1.1036757709011675,-0.7487062357554533,-0.1465458048862886,-0.5504209274285812,-0.12962410894492224,0.11351658249473001,-0.5699163223101454,0.4431118968070044,-0.9160373800793561,-0.13575374914522578,0.7075588357017177,-0.7043282106404608,-1.3416407864998738,1.3454413395184373,-0.12616775552242154,-0.13871817116989987,-0.16739532476294133,-0.7590936597211039,-0.9968007955528531,-0.8025713525760929,-0.710973859822254,-0.702809021224968,-0.7274910112366032,-0.5930600163122645,-0.863021783755877,-0.47550696540452303,-1.7861887776135852,-1.9405059513017093,0.09476555093655557,0.23040780653682147,-0.044754581050616415,0.6819212164312857,-0.12405807081280468,-0.1241946515358186,-0.09282089745099245,-0.13831185799484133,-0.1397932018480833,-0.13528538177516863,2.613368414665798,True,False,False,False,False,True,False,False,False,False,False,True,False,False,False,False
-0.5859237126181472,-0.2418605747465883,-0.6073497371524951,0.5969016418452885,-0.17967931720888375,-0.16473715823576524,-0.05343751294703087,-0.16775152226165815,0.813856176191024,0.716438522237459,-0.22243125148778836,0.06642548434805604,-0.1929988241828358,0.589812692379219,0.1374475777406638,-1.3416407864998738,0.654586165015969,-0.20560699541800492,-0.20769848803751043,-0.17372835995992797,0.5847383053737233,0.44802126648726665,0.5036777961173334,0.5183108820358822,0.677231183588953,0.5656213227173419,0.7655697863855414,0.7658570449531075,0.7906714244898855,0.14771812509194776,-1.0594306388540584,-0.3964874907496947,0.23040780653682147,-0.044754581050616415,-0.017148642382772285,-0.15418622372130877,-0.1542525480236128,-0.13160270457929663,-0.20770165174501173,-0.19402280190036522,-0.5690785528687643,0.21524574393076293,True,True,False,False,False,False,False,False,False,False,False,False,False,False,False,False
0.6632091202258883,-0.25978813917863863,-0.8797819755806227,0.0901275127894095,2.427257960783538,-0.21931121828419511,-0.5785866359393094,-0.1861343822536558,2.5480304082008973,-0.7890939789686613,-1.1672043153604372,0.15365912343252586,-0.22590985670224567,-0.8743013963869091,0.5731547025924799,-1.3416407864998738,-1.1080287869849683,-0.23564810037851827,-0.23259046782459925,-0.1768948775584213,0.028415085623231556,-0.05998537519740893,-0.13080234169866992,0.04135978738934639,0.1760214779807675,0.060589974755538976,1.5132720939105098,1.5737283995144165,1.5698581259633686,1.007232304072185,0.7908275172860081,0.31888742055727054,0.23040780653682147,-0.044754581050616415,-0.017148642382772285,-0.2074263843404461,-0.20749104894783438,-0.11403035075654366,-0.23340157535618594,-0.22520019366136226,-0.6955495301170767,0.2639368421399061,True,True,False,False,False,False,False,True,False,False,True,False,False,False,True,False
1.3897858768473659,-0.2346895489737682,-0.3881488912373531,-0.011227313021766296,0.3496480488809482,-0.19099725702250972,-0.6105377490393366,-0.19277263725076607,-0.6201725156632933,0.953775560186101,-0.3471358739788697,-0.16436112546495785,-0.19384566623358815,-2.280181862340922,-1.1060700004502508,-1.3416407864998738,0.16037554224113548,-0.2166681554034659,-0.21529265136238496,-0.18006139515691458,0.6110508036613409,-0.03948734411926313,0.5833941856552135,0.788429613134446,0.8550035084025898,0.6826851064611745,0.32789038685873145,0.34550121818949775,0.25498056722686596,1.0502080130211968,0.7908275172860081,-0.43515640487439555,0.23040780653682147,-0.044754581050616415,2.401812695865312,-0.15790065353194624,-0.15814015856093327,-0.1392865013291579,-0.21680370802396925,-0.1948250352049697,-0.7696145884588887,0.4197730685296745,True,False,False,False,False,False,False,True,False,False,True,False,False,True,True,False
2.660386578025272,,,-1.5315497001894034,0.33641486472870225,-0.24865211078335095,0.029978868113969246,-0.2654530188857939,-0.5201240022781082,,-0.9308980923066852,2.2741429058894855,-0.2702399873020285,-0.7138319444114668,1.406523334941091,-1.3416407864998738,-2.141529941102721,-0.25839889534861415,-0.2553729577992229,-0.18956094795239453,0.49037887718348716,1.2382232597520697,0.9440280757051995,0.3757302972611685,0.41483411363450134,0.47996164230135513,-0.30127374996105827,-0.36384923947409203,-0.14678757572039824,1.3080622667152677,0.8789350485307733,,,-0.044754581050616415,-0.017148642382772285,-0.23714182282554602,-0.23720556109158597,-0.0676826008479597,-0.25572838399339354,-0.267195164427183,0.19396697328363627,-0.012148860733831467,True,True,False,True,True,False,False,True,False,False,True,False,True,False,False,True
0.4527629007410253,-0.17732134279120718,-0.4539334532914612,-0.011227313021766296,-0.3120111587313418,-0.06622511166984948,-0.696500178039,0.001779297664542576,0.9806036984996656,0.3623196542797038,-0.1259659003941439,-0.45427590483444924,-0.049004311034537285,0.5599196363539156,0.04332559173247676,-1.3416407864998738,0.624190585875921,0.0012869743100492848,-0.06551887467735902,-0.1578957719674614,0.5394967708761159,0.36414264299486676,0.305486349236772,0.4886504328874398,0.5119398393434489,0.46268327941402587,-0.7024798661939676,-1.0994719363104064,-0.7068280174044631,0.6634266324800899,-0.09024779516164261,-0.32270088930766355,0.23040780653682147,-0.044754581050616415,2.0420163358214576,0.0038834004424866462,0.0033937710152551243,-0.10098783822112041,-0.046059840532230556,-0.0576134277729854,0.000867850604075011,0.8165561095135192,True,False,False,False,False,False,False,True,False,False,True,False,False,False,False,False
0.9634603116972201,-0.24903160051940845,-0.30486872544617194,-0.011227313021766296,-0.4708093685582917,-0.20552099880959185,-0.30034789538267465,-0.21507036557439288,0.3136136092650998,-0.7055228725987709,-0.05133891918118401,-0.8509600881392879,-0.2306652005257012,0.22007462771269462,-1.0274948182811918,-1.3416407864998738,0.7143116402220798,-0.2204390053985094,-0.22647294736845028,-0.1832279127554079,0.14429752825190462,0.16841133040895093,0.03816464341015936,0.04248312657202843,0.059405355241653815,0.08777209011983864,0.38260031179958304,0.41118181612131166,0.27933015164791297,-0.06716041965311119,-0.17835532640640778,0.221820554489144,0.23040780653682147,-0.044754581050616415,-0.017148642382772285,-0.19834666702555448,-0.19841161468168808,-0.10249895057018697,-0.22435306058475168,-0.22970504221798752,-0.21118103091752427,0.0835243969031055,True,True,False,False,False,False,False,False,False,False,True,False,False,True,True,False
1.8509964248116497,-0.2741301907242789,-1.5295774418766945,-0.011227313021766296,-1.6220963898036762,-0.25569392498314836,-0.063088563855762,-0.2703891572169785,-0.5201240022781082,-1.6878977125609278,0.1311997311318481,-2.5279407237354845,-0.278136608476138,-0.13121648927996138,1.406523334941091,-1.3416407864998738,-0.9577322256087181,-0.26669476533770986,-0.26275617214285096,-0.18956094795239453,0.20048884690909616,0.13474592004500968,-0.19797924278641157,0.09659063053781673,0.11711436118618028,0.21679888447897835,0.32789038685873145,0.34550121818949775,0.25498056722686596,-2.0440430313076563,-0.0021402639168774332,-0.22326653870128998,-4.340130723132376,-0.044754581050616415,-0.017148642382772285,-0.2435388963883106,-0.2436024352336436,-0.02443048330193724,-0.26301002901655957,-0.27467581857524714,0.7447693746361252,-0.012148860733831467,True,True,False,True,True,True,False,False,False,False,True,False,True,False,False,True
-0.5911814879420745,-0.25978813917863863,0.16414344790703528,-0.41664661626646954,-0.07381384399091774,-0.2357421180837224,0.5374080288248291,-0.24996375722586994,0.3136136092650998,-1.09917266398538,-0.4708615350615066,0.049135159058425464,-0.260473558181101,-1.8985739635417322,-0.06397740417651147,-1.3416407864998738,-0.42658564774900487,-0.25613638535158806,-0.249677335305567,-0.1768948775584213,-0.2731236960586751,0.41849723596968147,0.3784625465474443,-0.1269627822059918,-0.12131920679191091,-0.21314754323602153,0.8567529946202935,0.5097027130190326,0.8393705933319778,-0.11013612860212307,0.8789350485307733,0.9210176547847548,0.23040780653682147,-0.044754581050616415,-0.017148642382772285,-0.22950660599256897,-0.22957058227687202,-0.11327110510070929,-0.25080256530125183,-0.25794319742707184,-0.31880767866605686,-0.012148860733831467,True,True,False,True,True,False,False,False,False,False,True,True,False,False,False,True
-0.8624019759229573,-0.27054467783786884,-1.2769781417592398,-0.011227313021766296,-0.40464344779706274,-0.22239201199660646,-0.30630289392012255,-0.23889999889735283,-0.32002697550773834,-0.11283858848779087,-0.07114406152125309,-0.4083033426968747,-0.24592283337173507,0.4111993888386349,0.2063829943025318,-1.3416407864998738,-0.045963298634038155,-0.23074599538496168,-0.23005908004964104,-0.1863944303539012,0.8651383819983209,0.6527046713360808,0.5804502355323621,0.7365921150215234,0.7997156043691765,0.7262312063933913,-0.5930600163122645,-0.7316605878922492,-0.47550696540452303,0.018790998244912583,0.4383973923069484,-0.17157645961623072,0.23040780653682147,-0.044754581050616415,-0.017148642382772285,-0.20453738337661695,-0.20460213804496966,-0.10968972140704976,-0.2308315829950685,-0.24415895509069083,0.162960993554241,-0.026675471486706702,True,True,False,False,False,False,False,False,False,False,True,False,False,False,True,False
-0.01478502562740932,-0.223933010314538,-0.05728216654864174,-0.011227313021766296,0.9848408881887462,-0.19598520874736622,-1.0963806544622023,-0.14596442893780906,2.0811373457367,-0.018905269876317094,-0.563411040521373,0.2684013939238666,-0.19526189496233923,0.49321401803471815,0.7208292817923677,-1.3416407864998738,-0.6433682797572149,-0.21390286540710066,-0.20558899822504526,-0.18006139515691458,-1.0445344880443985,-0.9500284139043056,-0.9012492863772914,-0.5505775541510424,-0.9408840811301691,-0.6533818216640414,2.087726305789448,2.2896469169711886,2.2151221131210965,0.620450923531078,0.35028986106218324,-0.20827246995905904,0.23040780653682147,-0.044754581050616415,-0.017148642382772285,-0.17337744440960245,-0.1734431704497857,-0.12538573534599637,-0.2106999761663154,-0.19616666184258463,-0.6041163793637172,1.4114463920430482,True,True,False,False,False,False,False,True,False,False,True,False,False,False,True,False
,-0.27054467783786884,0.11065737941891056,-1.4301948743782276,1.5803341750398072,-0.2574543785330977,1.6541752073382143,-0.2702189455503859,-1.7207061629003275,-0.5320151670395649,-0.2778555281504912,-0.4633576613047375,-0.27637537002300633,-0.10667087312597294,1.406523334941091,-1.3416407864998738,-1.4850689855717587,-0.2698371403335795,-0.26539303440843237,-0.18956094795239453,-0.7745958003774859,-0.9687314196620472,-1.3399865612780193,-2.7201823700341814,-0.8843066243218027,-2.438752580819545,-0.30127374996105827,-0.36384923947409203,-0.14678757572039824,-1.3564316881234668,0.08596726732788773,0.06477741345209372,0.23040780653682147,-0.044754581050616415,-0.017148642382772285,-0.24250711032980019,-0.2425706813397633,-0.14653139286594502,-0.2656871043927235,-0.27300735614686744,-1.1541094789041029,-0.012148860733831467,True,True,False,True,True,True,False,False,False,False,True,False,True,False,False,True
1.645251994140725,0.24576917780518037,0.5861609853366844,0.39419199022293694,0.7069440209915847,0.23070472042160767,-0.8844226898141319,0.7134342756880819,2.614729417124354,1.3642912784660208,-0.520487347997269,0.5379208217527717,0.3334208735257311,-0.1212306424031367,-1.4726560511960245,-1.3416407864998738,0.06997889163548898,0.27253678395351283,0.23930240322385576,-0.13193032765981622,0.3514909158694518,0.14726620878133184,0.27024025577944827,0.48154672802986626,0.4079287350825491,0.38210920261930276,0.29141710356483086,0.6082236099167534,0.31585452827948185,0.7923537593271256,0.6146124547964777,-0.4872410647158293,0.23040780653682147,-0.044754581050616415,3.7807476895515837,0.4126770368243126,0.4105590971101094,-0.12270059300121068,0.22641289125373942,0.304666904552513,-0.3078281024844911,0.6967833781752468,True,False,False,False,False,False,False,True,False,False,True,False,False,True,False,False
0.7078273065101961,-0.27054467783786884,-0.810673910749622,-0.8220659195111727,2.1361279094341312,-0.24916557640208617,-1.3729416301501178,-0.26596365388557164,-2.0208517030558824,,-1.4200022729102924,1.6914010524435938,-0.2691470543989207,-0.13808200165716034,-1.1899428032057597,-1.3416407864998738,-2.0847983947815805,-0.26392947534134464,-0.26075215682100905,-0.1863944303539012,0.6735497153946662,1.2382232597520697,0.9440280757051995,1.0355149640618153,1.118535346694166,1.101982706245152,-0.4836401664305626,0.30609285943041015,-0.7190028096149866,1.3510379756642796,1.0551501110203036,,,-0.044754581050616415,-0.017148642382772285,-0.23445917907341896,-0.23452300096749729,-0.13533299516021743,-0.2605471196704887,-0.26615980349559937,-0.7799105094249905,-0.012148860733831467,True,True,False,True,True,False,False,True,False,False,True,False,False,True,False,True
1.645431194747441,-0.2346895489737682,-0.5230669483226227,-0.1125821388329421,1.4347691493651031,-0.16686437294195403,-0.8880504468444885,-0.19873004558150606,-1.4205606227447731,0.16131074988299565,-0.987527244549012,0.5659081206816768,-0.1833192506568573,0.46684845601423697,-0.47676485301668337,-1.3416407864998738,-1.4685659278223178,-0.17091517546360457,-0.1773218347380122,-0.1832279127554079,0.5039920152698202,0.3832110164028922,0.30495775509233897,0.42925587453472797,0.42881493283436023,0.5304236160318921,-1.8878615732457447,-1.4278749259694758,-1.9364820306673045,1.0502080130211968,0.9670425797755384,-0.2682487449279828,0.23040780653682147,-0.044754581050616415,-1.7249444212929417,-0.13458228860961088,-0.13449449824110754,-0.11660258933511493,-0.17830736411473122,-0.18485311523918785,-0.08941963951720192,-0.012148860733831467,True,False,False,True,True,False,False,True,False,False,True,True,False,False,False,False
-1.047258453372486,0.001954301529296028,0.19162938057197076,0.7996112934676401,-0.9207376297346487,0.08165298652589598,-0.9919177574961198,0.10799137761830688,-0.32002697550773834,-0.30556823940389705,0.5724854121691286,-0.687819559144451,0.13162637459431537,0.3717502990805716,-0.5462641282087731,-1.3416407864998738,1.3584322329917369,0.06941366422050213,-0.022274333521823363,-0.1629622001250507,-0.06966123572364492,-0.29207877620392714,-0.19534990897561264,-0.004291492787862865,-0.010464981556969037,0.024544838769209508,1.3400239982644795,0.9234904799894598,1.289837905121336,-0.711796053888289,-1.323753232588354,-0.08082288565009613,0.23040780653682147,-0.044754581050616415,0.9607854632876042,0.19208117751478615,0.19165572736323255,-0.12675178431433162,0.0044833425697454014,0.11350225042966318,-0.607082168430913,-0.0008581330462206455,True,False,False,False,False,False,True,False,False,False,False,True,False,False,False,False
-0.7831176914558846,-0.2526171134058185,-0.40670246609582045,-0.8220659195111727,0.20408302320624425,-0.22679314587147983,-0.4787693944302083,-0.21694269390691118,0.6137591494206548,-0.7684177108677465,-0.8381226726756392,0.0736072241844099,-0.2339970776541599,-4.096558434407318,0.93974610388243,-1.3416407864998738,0.35281588047456763,-0.23187725038347476,-0.23976273318698074,-0.18956094795239453,0.8045656771793213,0.8183635890342609,0.7991881231160194,0.7973487916557274,0.7375068741594197,0.6529138405686534,0.7199781822681653,0.5294068923985763,0.7176226712267461,-0.19608754650014684,0.7908275172860081,0.29323967139292817,0.23040780653682147,-0.044754581050616415,-0.017148642382772285,-0.21568067280852943,-0.2157450800988765,-0.08305885473503873,-0.23650698279253615,-0.23286140744208672,-0.6144224983275273,0.3344379333608662,True,True,False,False,False,False,False,False,False,False,True,False,True,False,True,False
0.044102762497256136,-0.25978813917863863,-0.5445939867322402,0.4955468160341127,0.3761144171854397,-0.23024070074013064,-0.4631800553239313,-0.24349571389535224,-1.020366569204033,-1.1889109109407707,-0.473647809839387,0.706806068530159,-0.24405061276950193,-2.744485719609934,-0.5300360837677213,-1.3416407864998738,-0.6824889156692735,-0.23351128538132693,-0.23027002903088756,-0.14902952269168013,0.5385835236064516,0.5173586659735847,0.4964071166984418,0.6674943710222616,0.7260185785051102,0.7550262333920822,-0.5930600163122645,-0.7316605878922492,-0.47550696540452303,0.7064023414291017,0.7908275172860081,1.234709356102481,0.23040780653682147,-0.044754581050616415,-0.017148642382772285,-0.2099026708808711,-0.209967258293147,-0.10394817736588488,-0.22895763023175372,-0.24238535667367345,0.1598798653689805,0.8142080708610712,True,True,False,False,False,False,False,True,False,False,True,True,False,False,True,False
0.1389539535180372,-0.1342951881542864,-0.34267857142931346,1.2050305967123434,-0.9472039980391402,0.021650861365122277,-0.8309350902561458,0.014545172658985401,-0.053230939813911575,-0.5748095313565001,0.9338727813325944,-0.9084090690518088,0.028511894801993766,0.5814815988962944,-0.20228140330855116,-1.3416407864998738,0.9357892002998437,0.18832113406420764,0.07497314683282025,-0.15156273677047477,0.17381479880703424,0.07549131112456778,0.0716131637065385,0.1698400466283369,0.12928969231697457,-0.05225394888460211,0.3370087076822069,0.19443584294632615,0.46195203480576064,-0.45394180019421815,-0.9713231076092933,0.09910593925667506,0.23040780653682147,-0.044754581050616415,-0.45077607371561657,0.17247724240308826,0.17254827748218138,-0.10061267851763706,0.10546262575865076,0.015819489160456054,0.5186073872999614,-0.4116047917611555,True,False,False,False,False,False,True,False,False,False,False,True,False,False,False,False
-0.7509330366228185,-0.13788070104069647,1.698286465920191,0.900966119278816,-1.5823968373469386,-0.1599692632046524,-0.42194958174117175,-0.19634708224921008,-1.2204635959744028,1.04969109961298,2.703759703076486,-2.7113740814003484,-0.17169266421077298,0.6826526459475903,0.09135178748998801,-1.3416407864998738,1.7760325453094983,-0.18499301544510038,-0.2112846207187012,-0.1768948775584213,-0.42091270413247817,-0.6407457116382922,-0.8135700895300005,-0.4402754241471938,-0.4882786779118516,-0.3762965729260636,-1.741968440070141,-2.2685865794966933,-1.607762640983178,-1.9151159044606207,-3.6145490449522466,-0.4485721505911285,0.23040780653682147,-0.044754581050616415,-0.017148642382772285,-0.1665676564234337,-0.16663359475017595,-0.10120499807402815,-0.20100896330460177,-0.17383897764691128,-0.7143114653178267,-0.5917097018358048,True,True,False,False,False,True,False,False,False,True,False,False,False,False,False,False
,-0.2741301907242789,-1.5295774418766945,0.5969016418452885,-0.28554479042685027,-0.2581879008455766,-0.19708130907287222,-0.27277212054927447,-1.120415082589218,-1.6878977125609278,-0.9699059391970114,1.1893255140579435,-0.2807422763246068,-0.22480547064934836,1.406523334941091,-1.3416407864998738,-2.9754923304849186,-0.27109409033192733,-0.26697515176778125,-0.18956094795239453,1.175573494195681,1.2382232597520697,0.9440280757051995,1.0355149640618153,1.118535346694166,1.101982706245152,-1.8878615732457447,-1.4278749259694758,-1.9364820306673045,0.23366954298997153,0.9670425797755384,-0.6494137555857481,-4.340130723132376,-0.044754581050616415,-0.017148642382772285,-0.20195791823034093,-0.20202275331026898,-0.1893210418288446,-0.26702564208080554,-0.277144228743261,-0.41170721705227453,-0.012148860733831467,True,True,True,True,True,False,False,False,False,False,True,False,True,False,False,True
,-0.2741301907242789,-1.5295774418766945,-1.8356141776229309,-0.28554479042685027,-0.2576010829955935,0.29154810454439034,-0.27226148554949675,-0.01988143535218338,-1.6878977125609278,-0.5578384909656122,-1.8053224961631034,-0.28005708218667613,0.4204752938580731,1.406523334941091,-1.3416407864998738,0.1517966071160515,-0.2704656153327534,-0.26539303440843237,-0.18956094795239453,1.175573494195681,1.2382232597520697,0.9440280757051995,1.0355149640618153,1.118535346694166,1.101982706245152,0.7199781822681653,0.5294068923985763,0.7176226712267461,-1.0126260165313719,0.26218232981741807,-0.5373528207753906,-4.340130723132376,-0.044754581050616415,-0.017148642382772285,-0.20195791823034093,-0.20202275331026898,-0.1881543633487014,-0.26595481193033993,-0.27649512829167217,0.2433973902661081,-0.012148860733831467,True,True,True,True,True,False,True,False,False,False,True,False,True,False,False,True
0.08339391575828299,-0.11636762372223608,1.6519451617566452,1.1036757709011675,0.11145073414052373,-0.15784204849846362,-0.13717101156406572,-0.15294310726810448,-0.32002697550773834,0.5970023644995618,-0.10006107543222846,-0.09431208721564355,-0.15537346298202961,0.9762294901572296,-0.44479607461303516,-1.3416407864998738,1.0863134798577367,-0.1787082654533612,-0.18913497768781706,-0.16422880716444802,-0.37561278982427937,-0.626927731263309,-0.41851985304961187,-0.6915313243704747,-0.47454736830133093,-0.7462404933125184,-1.741968440070141,-2.2685865794966933,-1.607762640983178,0.10474241614293588,-2.4691511387703002,-0.3743909683927228,0.23040780653682147,-0.044754581050616415,-0.30782885760021444,-0.14593193525322545,-0.14597486365375323,-0.11449597604953232,-0.18601734119808347,-0.15837941618723939,-0.6310648589984217,0.6822624439144088,True,False,False,False,False,False,False,False,False,False,False,True,False,False,False,False
-0.9640215088064921,-0.2633736520650487,1.0144601561795734,-1.4301948743782276,1.7788319373234942,-0.2516595522645144,-0.36243315100706136,-0.2618785738873499,0.3803126181885568,1.2958800615338713,-0.943549285892737,0.0529108072448832,-0.27128466709683124,0.698831941116927,-0.3442148948263022,-1.3416407864998738,-0.22235128852776925,-0.26304961034250113,-0.2610685802928788,-0.1832279127554079,0.11923179296854765,0.6405063674107441,0.3254407781889087,0.5269309500696481,0.03366261239384836,0.14303356599846412,0.32789038685873145,0.34550121818949775,0.25498056722686596,-0.3679903822961944,-0.5307854513854685,-0.4797440303447138,0.23040780653682147,-0.044754581050616415,-0.017148642382772285,-0.23487189349682314,-0.2349357025250494,-0.12683244612295172,-0.2600652461027792,-0.26818481405935884,-0.4436079699911946,-0.012148860733831467,True,True,False,True,True,False,True,False,False,False,True,True,False,False,False,True
,-0.2741301907242789,-1.5295774418766945,,-0.8942712614301572,-0.2580411963830808,1.691267778824674,-0.2732827555490522,0.1802155914181864,-1.6878977125609278,0.21780016341732125,-4.4651651387429885,-0.28114036446812285,0.13691492423112447,1.406523334941091,-1.3416407864998738,1.7656960364085428,-0.2692086653344056,-0.26644777931466496,-0.18956094795239453,-1.6413377090766783,-1.9496001660683295,-5.6542364311352244,-1.6769331105630723,-1.7744586114400185,-4.012412708403854,-0.5109951289009877,-0.40982565802636034,-0.4268077965624307,-2.0440430313076563,-1.7642908888121789,-0.7145195803875403,-4.340130723132376,-0.044754581050616415,-0.017148642382772285,-0.20195791823034093,-0.20202275331026898,-0.18582100638841495,-0.26595481193033993,-0.2775213469633742,3.8301552730492894,-0.012148860733831467,True,True,True,True,True,False,False,False,True,False,False,False,True,False,False,True
-0.05314096911433002,,,-1.3288400485670517,0.5481458111646352,-0.2520263134207539,-0.2050532314309074,-0.26851682888446016,-2.0875507119793393,-0.9968843432055455,-0.8916643312451795,-0.09235903391908867,-0.2727201970689043,-1.430326199374226,-1.0937716275970741,-1.3416407864998738,-2.465576671438659,-0.26543781533936206,-0.2632835445959672,-0.18956094795239453,0.49037887718348716,1.2382232597520697,0.9440280757051995,1.0355149640618153,0.41483411363450134,1.101982706245152,-1.176632549014678,-0.6331396909945284,-1.1694701214043448,0.7923537593271256,0.8789350485307733,0.6625672593594585,0.23040780653682147,-0.044754581050616415,-0.017148642382772285,-0.24085625263618352,-0.24091987510955493,-0.09085337810475747,-0.26274232147894316,-0.2695447252167369,-0.8118391540421022,-0.012148860733831467,True,True,False,True,True,False,False,True,False,False,True,False,False,True,False,True
-0.23454539984648431,-0.223933010314538,0.1545543925787689,-0.1125821388329421,1.4347691493651031,-0.20698804343454966,-1.2703811257628035,-0.20417681891246833,-0.6535220201250215,-0.5171994005063504,-0.9358682040726342,0.5274289580274296,-0.20670511959686463,-0.0926903077974699,-1.143609249161575,-1.3416407864998738,0.09150347917303567,-0.1925347154351874,-0.20790943701875692,-0.17372835995992797,0.8923086804587933,0.6772375730853499,0.6952108387154081,0.762754822479422,0.8276197531387709,0.8448343334415683,-1.8878615732457447,-1.4278749259694758,-1.9364820306673045,1.3080622667152677,0.9670425797755384,0.053729152273607764,0.23040780653682147,-0.044754581050616415,-0.017148642382772285,-0.16842487132875247,-0.16849075175916045,-0.1070174602176778,-0.2022404179776372,-0.20700709649711208,-0.16313056591704903,-0.5603706925597995,True,True,False,False,False,False,False,True,False,False,True,False,False,True,True,False
0.15477439357645942,-0.27054467783786884,-0.521562452804288,-2.5450979583011613,1.1965718346246792,-0.24571802153343536,1.093150065400802,-0.2654530188857939,-0.5868230112015651,2.5875706332350115,-1.152670503681223,0.27832424222881974,-0.2729952397862427,0.4911316755586186,1.406523334941091,-1.3416407864998738,0.22811979975139654,-0.2610384903451446,-0.2606466823303858,-0.18956094795239453,1.175573494195681,1.2382232597520697,0.9440280757051995,1.0355149640618153,1.118535346694166,1.101982706245152,0.7199781822681653,0.5294068923985763,0.7176226712267461,0.5344995056330547,0.4383973923069484,-0.5835187692712068,0.23040780653682147,-0.044754581050616415,-0.017148642382772285,-0.23714182282554602,-0.23720556109158597,-0.09201191696759736,-0.2595298310275464,-0.2698052796233606,-0.021829929228556064,0.35357091024890075,True,True,False,False,False,False,False,False,False,False,True,False,True,False,False,True
0.5942563484824718,-0.1844923685640273,0.35586397076021875,1.0023209450899917,-0.034114291534180254,-0.152927449004855,-0.55344513780567,-0.10426257062262916,1.747642301119417,0.8770423997912445,-0.6977546676494462,0.1342179961349383,-0.16183214152865083,0.9488280633409316,-0.25680742844944165,-1.3416407864998738,-0.8247455476763994,-0.13697752550821293,-0.1429371507948302,-0.17056184236143465,0.3903283357613527,0.5611634170999499,0.4185025840099437,0.4234138498765514,0.504094152046198,0.4570257623624231,0.7655697863855414,0.7658570449531075,0.7906714244898855,0.7064023414291017,0.5265049235517126,-0.42331898218316055,0.23040780653682147,-0.044754581050616415,0.6946338588489064,-0.11559742513301928,-0.11574042640213848,-0.10593877775529913,-0.14532579548039096,-0.16449787361295518,0.14246206312126286,-0.15842650245233114,True,False,False,False,False,False,False,True,False,False,True,True,False,False,False,False
0.48533124339510725,-0.2633736520650487,-0.6802809333988411,-0.2139369646441179,0.7069440209915847,-0.21850434374046832,0.18262151365308138,-0.24451698389490767,-0.6535220201250215,0.0925725901610691,-0.9287142553186167,0.6990153802143451,-0.2500629500643021,0.4725764076033319,0.07652796063352836,-1.3416407864998738,-0.7132292986875333,-0.23866478037455308,-0.23237951884335273,-0.18006139515691458,1.0290289807306465,0.9065422096667138,0.7723969180128203,1.0355149640618153,0.9680327708374761,0.8359158927663045,-0.5109951289009877,-0.40982565802636034,-0.4268077965624307,0.9642565951231731,0.9670425797755384,-0.24694138408375987,0.23040780653682147,-0.044754581050616415,-0.017148642382772285,-0.20866452761065862,-0.20872915362049071,-0.11810144406668786,-0.23484719605931448,-0.24808098457986838,0.1794259519014187,-1.0561155496281462,True,True,False,False,False,False,False,True,False,False,True,False,False,False,True,False
-1.7702564516694106,-0.2418605747465883,0.07110818253947902,-1.227485222755876,-0.2987779745790962,-0.21219605185314983,-0.30928086936250565,-0.22358094890402144,-0.15327945319909678,-0.8295750148041116,0.008904859800014707,-0.7375841554416565,-0.23059040820782847,0.5758213670060994,0.40908332654670826,-1.3416407864998738,0.508872126204269,-0.24130437537108354,-0.23912988624324122,-0.18006139515691458,-0.2163120415388966,-0.22442513562434926,-0.10393158126357327,-0.017553111969024687,-0.208838351743872,-0.07131977123315043,0.5923216907395138,0.713312566607655,0.5593503724899455,-0.5828689270412534,-0.0021402639168774332,0.3729449841805768,0.23040780653682147,-0.044754581050616415,-0.017148642382772285,-0.2041246689532128,-0.20418943648741752,-0.13109976264045642,-0.23939822419879325,-0.22963418970390564,-0.8212968077252104,0.6736971332496426,True,True,False,False,False,False,True,False,False,False,True,False,False,False,True,False
-0.5352154607218136,-0.223933010314538,1.0801471111418879,-0.3152917904552937,-0.034114291534180254,-0.21454332325308229,-0.44686092857642723,-0.22426179557039172,-0.08658044427564036,-0.2640527524167173,-0.2940460437516883,-1.3384962096939093,-0.23329016961749197,0.7269937277598113,0.8192494384267045,-1.3416407864998738,0.24690030981913616,-0.2221987353961964,-0.22288681468725952,-0.18006139515691458,0.6611810135981239,0.3234565375601337,0.4276421577785606,0.540198359130318,0.6657189010731661,0.4348876521604985,-0.5930600163122645,-0.7316605878922492,-0.47550696540452303,0.06176670719392399,0.26218232981741807,-0.10252482725069353,0.23040780653682147,-0.044754581050616415,-0.017148642382772285,-0.19917209587236281,-0.19923701779679226,-0.10402091231677028,-0.2230145228966697,-0.23219173690576442,-0.05899876787485083,-1.2759091120415373,True,True,False,False,False,False,False,False,False,False,True,False,True,False,True,False
-0.3895608547664498,-0.25978813917863863,-0.6590111887790853,1.0023209450899917,-0.6163743942329952,-0.22261206869035013,-0.2008934258685388,-0.23158089723387226,-0.053230939813911575,-0.7768916723155085,0.060337986105213105,0.22709392657439234,-0.24044610557912013,0.2499565821707721,0.45476028979408617,-1.3416407864998738,0.3995423766091443,-0.23363698038116174,-0.23396163620270158,-0.18006139515691458,0.45122489906850294,0.5356009536528843,0.5804502355323621,0.4376692659812317,0.48089586204418683,0.4444175815045652,0.37348199097610757,0.3914776367417679,0.31585452827948185,0.018790998244912583,-0.0021402639168774332,0.30349877105866513,0.23040780653682147,-0.044754581050616415,-0.017148642382772285,-0.2028865256830003,-0.20295133181476124,-0.11826474019443804,-0.2335086583712325,-0.23897072260792102,-0.2532395808413331,0.12921345685427482,True,True,False,False,False,False,False,False,False,False,True,False,False,False,True,False
-0.6965333684455083,,,0.4955468160341127,0.25701575981522723,-0.20889520144699478,0.7804827858221628,-0.2220490439046883,1.0139532029613942,-0.9342649073820983,-0.6000091362524513,-0.6817807835166814,-0.24014211099679877,0.42132789533157483,1.406523334941091,-1.3416407864998738,-0.4030918873061659,-0.2399217303729009,-0.23385616171207832,-0.1768948775584213,0.6926744307775585,0.6917392438971399,0.5198539288368881,0.570523865554688,0.7465789806483439,0.6636059564180907,0.23670717862397928,0.2863886800508664,0.31585452827948185,-0.2390632554491587,0.35028986106218324,0.5390634826142405,0.23040780653682147,-0.044754581050616415,-0.017148642382772285,-0.20495009780002113,-0.20501483960252176,-0.12715232187263031,-0.2358644847022568,-0.2386827414216527,-0.38270062159480894,-1.4894030590796472,True,True,False,False,False,False,False,False,False,False,True,False,True,False,True,False
0.5462903914500966,-0.2024199329960776,-0.6355241550894299,-0.3152917904552937,0.09821754998827774,-0.040991944120575455,-0.19668824501702947,-0.03209282398737905,0.947254194037938,-0.6626366206984033,-0.18492949907199216,0.402001463108489,-0.07354101660761833,0.4726215399548498,0.25065408936724,-1.3416407864998738,0.6874289112777502,-0.0017297056859855273,-0.042314486740242324,-0.15662916492806406,0.48025996933731135,0.3908271592175376,0.4220134786450381,0.5204931777406379,0.495992343045039,0.4060364947581036,1.6226919437922103,1.3635504861326133,1.557683333752845,1.1361594309192202,0.7908275172860081,0.1780220905315747,0.23040780653682147,-0.044754581050616415,1.2886316243308205,0.01378854660418662,0.01344116392178852,-0.10540351645518521,-0.03545862204262119,-0.08085762352178241,0.3382672043612366,-0.8992671332831887,True,False,False,False,False,False,False,True,False,False,True,False,False,False,False,False
1.598883865987172,-0.24544608763299838,-0.2579369170759519,0.4955468160341127,1.3950695969083662,-0.21417656209684283,-0.6996382742186785,-0.1973683522487655,1.414147256502134,-0.027720230571378037,-0.8891039706384786,1.0138804156035277,-0.22506542730690857,-0.24107851342758987,-0.05139626053702051,-1.3416407864998738,-1.1371316909533413,-0.2322543353829791,-0.222675865706013,-0.18006139515691458,0.5528878597881052,0.4328783942816573,0.42311245674411513,0.5215774341328933,0.5703891230476934,0.6174610353836707,0.44642855756390876,0.3914776367417679,0.595874749121516,1.1791351398682322,0.8789350485307733,-0.20511582390806307,0.23040780653682147,-0.044754581050616415,-0.017148642382772285,-0.189679664134067,-0.18974488197309386,-0.13318884951754398,-0.2271907604834855,-0.22440024592172814,-0.48812329399732746,-1.2781880244474446,True,True,False,False,False,False,False,True,False,False,True,True,False,False,True,False
-1.407423055045694,,,-0.9234207453223485,-0.6560739466897327,-0.2405833653460831,3.5303581055034554,-0.2668147122185345,-0.9870170647423047,-0.912026550362832,0.1731444622475077,0.131482818322315,-0.27371421109998684,-0.2596321844870219,1.406523334941091,-1.3416407864998738,1.0974650066548446,-0.2636780853416751,-0.2583262435366741,-0.1832279127554079,-0.8050671956051958,-1.4515027557838909,-0.9117338168436697,-0.49023707791468335,-1.7292555808441705,-3.572894352457455,0.38260031179958304,0.41118181612131166,0.27933015164791297,-0.9266745986333482,-0.09024779516164261,0.49999998773316523,0.23040780653682147,-0.044754581050616415,-0.017148642382772285,-0.24044353821277936,-0.2405071735520028,-0.07240257399286296,-0.2589408744447903,-0.2704863779845348,0.3016444390442307,-0.012148860733831467,True,True,False,True,True,False,True,False,False,False,True,False,True,False,False,True
-0.4470777482379093,-0.27054467783786884,-1.222386981484717,-0.41664661626646954,0.4158139696421772,-0.23119427974635323,0.2669130381838856,-0.2484318522265368,-0.8202695424336631,-0.8320544177281741,-0.4683011744548056,0.049522673838867985,-0.252456304236229,-1.3411931138013355,1.406523334941091,-1.3416407864998738,-1.5840795522750217,-0.2494745503603445,-0.2456693046618832,-0.1863944303539012,1.175573494195681,1.0225058850724955,0.9440280757051995,1.0355149640618153,1.118535346694166,1.101982706245152,-0.4836401664305626,0.30609285943041015,-0.7190028096149866,0.06176670719392399,0.6146124547964777,0.3764962109879473,0.23040780653682147,-0.044754581050616415,-0.017148642382772285,-0.2208396031010815,-0.2209038495682778,-0.11821198846411579,-0.24673341072948257,-0.25034826503048846,-0.48291118071623096,-0.012148860733831467,True,True,False,True,True,False,False,False,False,False,True,False,True,False,True,False
0.04654470259596468,-0.21317647165530781,1.4678529510046272,0.0901275127894095,0.12468391829276924,-0.22583956686525727,-0.14529926746631583,-0.2203469272387626,0.2135650958799146,-0.9663654311818327,-0.07634008745838147,-0.13558214659235635,-0.2295843308996697,0.8716275965285015,-0.31665283128613725,-1.3416407864998738,0.847371952998562,-0.24444675036695312,-0.24123937605570636,-0.18006139515691458,-0.15875286524911872,-0.27179836300495913,-0.17221967921141185,0.11776937490302049,-0.056063703976855596,0.0637219829705417,0.5923216907395138,0.713312566607655,0.5593503724899455,-0.8836988896843365,-1.0594306388540584,0.5998289190959133,0.23040780653682147,-0.044754581050616415,-0.017148642382772285,-0.2101090280925732,-0.21017360907192306,-0.12835940922186714,-0.24180759203734084,-0.22868110911125586,-0.938833763574447,-0.012148860733831467,True,True,False,True,True,False,True,False,False,False,False,True,False,False,True,False
0.6471690647523409,0.6258335437646472,1.5457722062178005,0.6982564676564643,-0.28554479042685027,0.26708742712056094,-1.1853830817050042,0.5319886391004013,0.3136136092650998,2.0717251932550735,-0.3505998912702886,-0.4259232727928682,0.4598705564943398,0.5779895159963057,-1.3804470130802382,-1.3416407864998738,0.7091912840763186,0.5468032735930112,0.3956155983275237,-0.1458630050931868,-0.31609957282520507,-0.2379697151293112,-0.11588516671562132,-0.24458423806913196,-0.28522907759989174,-0.21250001480200598,-0.9942661325451738,-0.6988202889263422,-1.0964213681412054,0.3196209608879953,-1.2356457013435889,-0.5507685664921235,0.23040780653682147,-0.044754581050616415,-1.1626423729208784,0.5752865196455539,0.575962362286325,-0.1090536610196202,0.42141106165352377,0.4244556502152662,-0.047325966287982385,0.1428933186796847,True,False,False,False,False,False,False,False,False,False,False,False,False,True,False,False
0.5974364119684182,-0.2633736520650487,0.3852897041344758,-0.720711093699997,0.5746121794691267,-0.24505785145220435,-0.4951255728938383,-0.26170836222075733,-0.8202695424336631,0.08378704390489719,-0.873289978655914,-0.20177597177440665,-0.2676294941427292,-0.020619172509872184,0.04611904798814668,-1.3416407864998738,0.05841984289764868,-0.2555079103524141,-0.25347441696800427,-0.18956094795239453,0.3577605642133842,0.5441004170331127,0.22566863342821852,0.4449012703934937,0.2786338749777911,0.17396740923222823,-0.5109951289009877,-0.40982565802636034,-0.4268077965624307,0.9212808861741613,0.9670425797755384,-0.2441793187891384,0.23040780653682147,-0.044754581050616415,-0.017148642382772285,-0.23198289253299398,-0.23204679162218464,-0.09598161630644579,-0.2535331821849391,-0.2647221831292284,0.11588862541709745,-0.012148860733831467,True,True,False,True,True,False,False,True,False,False,True,False,False,False,False,True
-0.5619944065002185,-0.2633736520650487,-0.7407146821602992,0.39419199022293694,0.12468391829276924,-0.23024070074013064,-0.3112771240865823,-0.23243195556683513,0.813856176191024,-0.9659320237415635,-0.7220027886893787,0.6324280576989604,-0.24701335361942756,-2.2549831206415205,0.3819214869912362,-1.3416407864998738,-0.3052228769037353,-0.2448238353664575,-0.24229412096193895,-0.18956094795239453,1.175573494195681,0.9263709680957251,0.9440280757051995,1.0355149640618153,1.118535346694166,0.7267417383225381,0.23670717862397928,0.2863886800508664,0.31585452827948185,0.7064023414291017,0.702719986041243,0.5990397575831643,0.23040780653682147,-0.044754581050616415,-0.017148642382772285,-0.20969631366916902,-0.20976090751437096,-0.1299145690825523,-0.24330675424799267,-0.245192030457304,-0.5117495014113728,0.35869311189997327,True,True,False,False,False,False,False,True,False,False,True,False,False,False,True,False
1.4376812052800472,,,-0.1125821388329421,1.527401438430824,-0.2432240456710071,-0.696387714881925,-0.2349851305657237,2.5480304082008973,-0.9013199549119537,-1.2818181048721677,0.995952602574032,-0.257855827055556,0.7513654457383739,1.406523334941091,-1.3416407864998738,-1.0716698564212466,-0.2587759803481185,-0.26201785070848815,-0.18956094795239453,0.47134569337759114,-0.3556884531581299,0.9440280757051995,0.6964589547337057,0.7569111019273945,0.46268327941402587,0.7017415406212143,0.5294068923985763,0.7297974634372696,0.06176670719392399,0.7908275172860081,0.48184927293993834,0.23040780653682147,-0.044754581050616415,-0.017148642382772285,-0.22723667666384606,-0.22730072371033544,-0.1341012519186816,-0.25926212348993,-0.25546335943420606,-1.2296572628890254,-0.5334597165644669,True,True,False,False,False,False,False,False,False,False,True,False,True,False,True,False
0.13390645945670257,-0.26695916495145877,-0.200129958401688,-0.3152917904552937,-0.37817707949257073,-0.2355954136212266,0.9961028826167658,-0.2661338655521642,-2.254298234287981,-0.7829619795269666,0.10928605652743706,-0.69669763404211,-0.26792866341422006,0.11672522000637249,1.406523334941091,-1.3416407864998738,-0.8765128217108654,-0.26304961034250113,-0.25695507515857174,-0.1863944303539012,-0.34122484602789666,-1.2139486062636249,-0.32486894484103795,0.20091555648492737,-0.2166926339831474,-0.6683849372871926,0.32789038685873145,0.34550121818949775,0.25498056722686596,-1.0985774344293957,0.08596726732788773,0.3113903861861551,0.23040780653682147,-0.044754581050616415,-0.017148642382772285,-0.22826846272235649,-0.22833247760421568,-0.15051812954101168,-0.2582448348469877,-0.2650055931855559,-0.5412551144713401,-0.012148860733831467,True,True,False,True,True,False,True,False,False,False,True,False,True,False,False,True
-0.9369442038214933,,,0.39419199022293694,0.12468391829276924,-0.24219711443353667,3.0062357988465704,-0.2642615372196459,-0.38672598443119477,-0.47152033874012805,-0.4121238505548378,-1.0724707470477275,-0.27148250484088166,0.3005343752766494,1.406523334941091,-1.3416407864998738,0.014181458688475394,-0.2648093403401881,-0.2586426670085439,-0.18006139515691458,0.370741721832153,-0.5833901264310178,0.0014188604422851645,0.260529799883279,0.2919656443701167,0.37135478986672504,0.32789038685873145,0.34550121818949775,0.25498056722686596,-1.3564316881234668,-0.6188929826302326,0.02058436873814991,0.23040780653682147,-0.044754581050616415,-0.017148642382772285,-0.23920539494256687,-0.23926906887934649,-0.1074591018054625,-0.2593156649974533,-0.2683722303869303,-0.26423890025524444,-0.012148860733831467,True,True,False,True,True,True,False,False,False,False,True,False,True,False,False,True
0.3862598734406863,-0.223933010314538,-0.1083968688717754,-0.011227313021766296,0.7069440209915847,-0.17397953937299931,-0.5113047367046845,-0.16843236892802843,0.6471086538823824,-0.2635993015092406,-0.4670962988751816,0.37610694925877036,-0.19362128927997,0.1928760746967748,-0.5920471099125486,-1.3416407864998738,-1.0618949110715328,-0.15960262547847404,-0.17922037556923084,-0.16739532476294133,0.5870402606548512,0.36726435948328556,0.4138103921198102,0.5559928937263432,0.514106251869705,0.5677110423934273,-0.7754264327817688,-0.7645008868581561,-0.767701978457079,1.007232304072185,0.5265049235517126,-0.10252482725069353,0.23040780653682147,-0.044754581050616415,-0.017148642382772285,-0.14386836313620463,-0.1439350090848102,-0.10071617157547924,-0.1731138378849731,-0.19461247766272405,0.25200063111187315,0.09411730455068475,True,True,False,False,False,False,False,True,False,False,True,True,False,False,False,False
-0.08481211780721405,-0.22034749742812793,-0.5659931261939907,-1.227485222755876,1.6597332799532822,-0.08184913692564996,-0.3142373300388787,-0.1762621055912867,-1.654007153976871,-0.4861830460692113,-1.4638296221191143,1.1429867653754193,-0.14070451805731646,0.36313926847017736,-1.44581971865287,-1.3416407864998738,-1.3482348277691814,-0.08242589557991675,-0.12859262007006714,-0.1547292543689681,0.8333065591789816,0.6572216903402562,0.7722314106283509,0.8707278582745792,0.9427796867496636,0.7024976256409395,-1.176632549014678,-0.6331396909945284,-1.1694701214043448,1.2650865577662558,1.0551501110203036,0.030843468403886864,0.23040780653682147,-0.044754581050616415,-0.6837835837584718,-0.034292683722398666,-0.034247991385850426,-0.11740388320152663,-0.11346859850403959,-0.1444831811673096,0.29321279862715777,1.0352376590568628,True,False,False,False,False,False,False,True,False,False,True,False,False,True,False,False
0.0853881744785918,-0.223933010314538,-0.48383188920988296,-0.1125821388329421,-0.6031412100807497,-0.15901568419842985,-0.7426956152686269,-0.19838962224832093,-1.954152694132426,-1.176704439411315,0.3216453774361625,-0.1549216029079836,-0.15895384361825893,-0.23097993424150456,0.19809061405573675,-1.3416407864998738,0.20177963631896528,-0.1746860254586481,-0.19208826342526827,-0.17056184236143465,0.7260663872905154,0.6956150170592321,0.6281537110160315,0.6315333359261932,0.7492169690600146,0.5851023185944525,-0.4836401664305626,-0.5280507343036268,-0.5485557186676625,-0.0241847107040993,0.6146124547964777,1.1853867615556686,0.23040780653682147,-0.044754581050616415,0.2501143027079566,-0.12281992754259217,-0.12291399951081165,-0.12605352410935058,-0.18633859024322316,-0.16177119460328804,-0.5974706988189328,0.8467581616201825,True,False,False,False,False,False,False,False,False,False,True,False,False,False,False,False
,-0.27054467783786884,0.23112659513048514,-1.1261303969447,2.427257960783538,-0.2541535281269427,1.140725840892493,-0.26936788721742305,-0.7535705335102068,-0.470951572820015,-1.4422171664096093,0.8321053108818683,-0.27664800008492946,0.44655770934096567,1.406523334941091,-1.3416407864998738,-1.1847477333987968,-0.26669476533770986,-0.26222879968973467,-0.18956094795239453,1.175573494195681,1.2382232597520697,0.9440280757051995,1.0355149640618153,1.118535346694166,1.101982706245152,0.32789038685873145,0.34550121818949775,0.25498056722686596,-0.3679903822961944,0.7908275172860081,0.02018978798177541,0.23040780653682147,-0.044754581050616415,-0.017148642382772285,-0.24312618196490643,-0.2431897336760915,-0.048152945731515864,-0.26274232147894316,-0.2732656249885207,0.0691603560866981,-0.012148860733831467,True,True,False,True,True,False,True,False,False,False,True,False,True,False,False,True
0.14173853644450257,-0.06258493042608512,-0.19273575373141424,0.39419199022293694,-1.1854013127795646,0.2647401557206285,0.14905788983322873,0.005523954329579138,-1.5539586405916859,0.589682334092469,1.8943845324640816,-1.0615879607670244,0.13456257623467324,0.16115659602307278,-1.3503898555776574,-1.3416407864998738,1.2072892983051833,0.23105743400803416,0.12644469825697,-0.1439630945340908,0.3158600860462138,0.05380526740892131,0.2983077562926949,0.32465960797692905,0.3699611636458074,0.20276906349263632,-1.504892098659785,-1.684029257903549,-1.5955878487726545,-0.8836988896843365,-1.411860763833119,-0.3728126453672248,0.23040780653682147,-0.044754581050616415,-0.02791871717787296,0.35634151802964403,0.35626455322366823,-0.12222223916240854,0.15043749207820564,0.11628378299861948,0.10832196207830654,0.04601437863393492,True,False,False,False,False,False,True,False,False,False,False,False,False,True,False,False
-0.5026364702024538,-0.26695916495145877,-1.2310313796717174,0.1914823386005853,0.38934760133768526,-0.20405395418463407,-0.537616977567356,-0.2038363955792832,0.6137591494206548,0.0729479533266333,-0.6259892659380932,0.3798804917242171,-0.22117622677752738,0.5741446225410785,0.02920466237959762,-1.3416407864998738,-0.48646371754848017,-0.21867927540082244,-0.22204301876227345,-0.17372835995992797,0.7002197286434695,0.6106205227936795,0.572875697195427,0.6540769535676906,0.7117080713315467,0.7423767786526436,0.23670717862397928,0.2863886800508664,0.31585452827948185,0.36259666983700717,0.6146124547964777,-0.2406280919817679,0.23040780653682147,-0.044754581050616415,-0.017148642382772285,-0.18513980547662118,-0.1852051648400207,-0.11922383486799593,-0.22055161355059882,-0.22071591518947048,-0.35666336046613145,-1.5546187186659641,True,True,False,False,False,False,False,False,False,False,True,False,False,False,True,False
1.022178450904821,-0.26695916495145877,-0.009668604429994097,-2.0383238292452823,0.28348212811971923,-0.24447103360222125,1.486539787990029,-0.26221899722053504,-0.25332796658428197,-0.10099602302530007,-0.5997832220812718,-0.12654489510824718,-0.2699359927197071,0.35660040858478415,1.406523334941091,-1.3416407864998738,-0.11760302376314277,-0.26279822034283157,-0.2598028864053997,-0.1863944303539012,0.668529477606656,0.6644150431043976,0.3501842700895609,0.5472743106293353,0.5977964342300127,0.6416871189267409,0.5923216907395138,0.713312566607655,0.5593503724899455,0.4055723787860191,0.6146124547964777,-0.1767060094490992,0.23040780653682147,-0.044754581050616415,-0.017148642382772285,-0.24023718100107727,-0.24030082277322673,-0.06416560787148147,-0.2595833725350697,-0.26690718324091467,-0.532981754988162,-0.012148860733831467,True,True,False,True,True,False,False,False,False,False,True,False,True,False,False,True
1.490289132343364,-0.25978813917863863,0.2369486150731729,-1.227485222755876,0.5613789953168807,-0.2412435354273141,-0.1897872569343821,-0.2555807422234248,-0.8869685513571195,-1.0487209142808178,-0.4897630207168576,-0.36273745838594795,-0.26215759166094477,-2.5663710890563878,-0.5818013268064121,-1.3416407864998738,-0.6569240293925058,-0.2602843203461359,-0.25052113123055303,-0.18956094795239453,0.3914848087487359,0.6466683972286958,0.3318179668230972,0.5321740842345158,0.5816911070403992,0.627451172927202,0.7199781822681653,0.5294068923985763,0.7176226712267461,-0.2390632554491587,0.7908275172860081,0.7833089708100549,0.23040780653682147,-0.044754581050616415,-0.017148642382772285,-0.23115746368618564,-0.2312213885070804,-0.1275243512771478,-0.2540685972601719,-0.2595385217763993,-0.5211100605279159,-1.6114550865172212,True,True,False,False,False,False,False,False,False,False,True,True,False,False,False,True
0.059813050040571525,-0.2526171134058185,-0.38118625202274886,-1.227485222755876,-0.20614568551337573,-0.20713474789704542,0.3638790416499286,-0.21830438723965173,0.6471086538823824,-1.2893906341860764,-0.33817461185541636,-0.42842644493147963,-0.2345302745009299,0.6436702839708823,0.11599249322615308,-1.3416407864998738,-0.11650462252202587,-0.23250572538264866,-0.23406711069332484,-0.1863944303539012,-1.8266608145551226,-1.2784794448429795,-1.400092209619692,-1.8553836417883933,-1.8505900313909174,-1.8253357218763175,0.8567529946202935,0.5097027130190326,0.8393705933319778,-0.4109660912452063,0.4383973923069484,1.7535830507349461,0.23040780653682147,-0.044754581050616415,-0.017148642382772285,-0.20268016847129822,-0.20274498103598515,-0.1164736375287024,-0.23361574138627905,-0.23336651730054142,-0.4726591845511121,-0.012148860733831467,True,True,False,True,True,False,True,False,False,False,True,False,False,False,True,False
-0.718366841867452,0.9951413710648839,0.7891953294466849,0.900966119278816,-1.2648004176930394,1.0126395055241109,-0.8067162184754211,0.9806665922384185,-0.38672598443119477,0.047687718244853704,1.699269993288724,-1.3589238117859144,1.1438897312377936,0.4837091068350771,-1.0224258719773245,-1.3416407864998738,1.824772295678305,1.1694963027745304,0.8905019083318487,-0.08253265312332055,0.0011878779317041027,-0.33399481236637546,-0.17970930717539693,0.0008598066565483447,-0.0005310841027249096,-0.1125030243824575,-1.0307394158390744,-1.5461000022467406,-0.9259742771938814,-1.227504561276431,-1.852398420056944,-0.23194731534152896,0.23040780653682147,-0.044754581050616415,-1.1778546173080202,1.2878379716528456,1.2891741967907497,-0.11371318400625531,0.943226593975407,1.0724430316635152,-0.21247645782893138,-0.3072130074027236,True,False,False,False,False,True,False,False,False,False,False,False,False,True,False,False
-0.45907034989080114,-0.23827506186017824,0.16284015014879621,0.1914823386005853,-0.7487062357554533,-0.16591079393573147,0.8966340835004593,-0.23175110890046485,-1.2204635959744028,-0.9609586408263783,-0.0939613928103821,0.2759970526031984,-0.22997276842152478,-0.34958123802753505,-1.2082349804846215,-1.3416407864998738,1.1041502846732583,-0.21390286540710066,-0.21255031460618026,-0.166128717723544,-0.745047780762746,-1.2250948420182408,-1.0054591649521978,-0.012476337497797219,-0.6567109457972659,-0.6415611851124648,0.38260031179958304,0.41118181612131166,0.27933015164791297,0.10474241614293588,-0.0021402639168774332,0.5891752386738018,0.23040780653682147,-0.044754581050616415,-0.017148642382772285,-0.17007572902236914,-0.17014155798936886,-0.12821625643134382,-0.21305580249733969,-0.22904908507148758,0.2160988362286622,0.6296583218308368,True,True,False,False,False,False,False,False,False,False,True,False,False,True,True,False
1.7964678626076427,-0.26695916495145877,-0.9296360131281397,0.4955468160341127,1.143639098015696,-0.23801603725240697,-1.0828555588261966,-0.2268149705692803,2.3812828858922557,-0.8440536866615612,-1.0252549111359877,1.025914568762052,-0.25203891484939095,0.9872849736955986,0.7282421731729258,-1.3416407864998738,0.5228364865589823,-0.23954464537339656,-0.23923536073386448,-0.1832279127554079,0.6244386935554374,0.8224202042102801,0.5137064774329994,0.5048186016352074,0.5525147896679132,0.4348876521604985,0.7655697863855414,0.7658570449531075,0.7906714244898855,0.23366954298997153,0.7908275172860081,0.39346318351205073,0.23040780653682147,-0.044754581050616415,-0.017148642382772285,-0.21815695934895443,-0.21822128944418911,-0.09601960325608792,-0.238969892138607,-0.2499528622906122,0.03562441949135911,-2.102910443327396,True,True,False,False,False,False,False,False,False,False,True,False,False,False,True,False
,-0.2741301907242789,-1.5295774418766945,-1.227485222755876,1.0377736247977296,-0.25650079952687516,0.6470414658927794,-0.27107000388334873,0.2135650958799146,0.4215413319543017,-1.0560545431401256,1.133438106472582,-0.2788314532357297,-0.15328123245172284,1.406523334941091,-1.3416407864998738,-0.621375494175619,-0.2679517153360577,-0.26539303440843237,-0.18956094795239453,1.175573494195681,1.2382232597520697,0.9440280757051995,1.0355149640618153,1.118535346694166,1.101982706245152,-0.5109951289009877,-0.40982565802636034,-0.4268077965624307,0.10474241614293588,-0.09024779516164261,-0.3369057965371455,0.23040780653682147,-0.044754581050616415,-0.017148642382772285,-0.2435388963883106,-0.2436024352336436,-0.06594479255369987,-0.2648839817798744,-0.2753340612867175,0.07637684947901986,-0.012148860733831467,True,True,False,True,True,False,False,False,False,False,True,False,True,False,False,True
-0.1324800272012539,-0.10919659794941595,1.093597817159273,1.0023209450899917,0.4025807854899312,-0.1233664998119555,-0.5579108964992675,-0.03345451732011962,2.2145353635836145,0.5304624785512531,-0.7286296043773105,0.31353814007011677,-0.1232706700267281,1.051909141176483,-0.2763803510202835,-1.3416407864998738,0.635356010125958,-0.14778729549400435,-0.16171161012577004,-0.17372835995992797,0.7323531999745024,0.46913299268351116,0.49414640478425864,0.6656356811584192,0.6329978991751386,0.6996264236241607,0.4646651992108597,0.7527209253667444,0.4254276581741901,1.3080622667152677,0.1740747985726529,-0.36097522267598986,0.23040780653682147,-0.044754581050616415,-2.5152465969014006,-0.0829929856840902,-0.08273042140771666,-0.1284368789357762,-0.1597284610041532,-0.1279676886913207,-0.5590984757596481,0.45907189149180083,True,False,False,False,False,False,False,True,False,False,True,True,False,False,False,False
0.28634616700403587,-0.1952489072232575,0.1597960056001401,0.900966119278816,0.6937108368393388,-0.14214467101141523,-0.47241659151312404,-0.13319855394336624,0.71380766280584,-0.4274689626940277,-0.660704743576009,0.6551996839378855,-0.1622254043613364,0.6536265669292367,-0.08158678706833095,-1.3416407864998738,0.33657510119507716,-0.16111096547649145,-0.195252498143966,-0.17372835995992797,0.8185002430766474,0.8341329663382139,0.7539372288371966,0.7541983263606418,0.7518178027053236,0.7778308841899311,0.44642855756390876,0.3914776367417679,0.595874749121516,1.2650865577662558,0.6146124547964777,-0.009009187989937455,0.23040780653682147,-0.044754581050616415,0.8185010458695935,-0.1129147813808922,-0.1130728232006441,-0.1224738957019436,-0.18243006019402375,-0.16487042070312763,-0.4923374987122477,-0.8232156268548493,True,False,False,False,False,False,False,True,False,False,True,True,False,False,False,False
0.6952139495536386,,,-0.41664661626646954,0.8922085991230257,-0.2369891060149365,-0.9465604874872326,-0.2220490439046883,2.1811858591218853,-1.309162343214958,-0.8784860045930424,1.1823334019478624,-0.2486443086801358,-0.16244788702654314,1.406523334941091,-1.3416407864998738,-0.29455477588941253,-0.2617926603441533,-0.2561112792335857,-0.1863944303539012,-0.6645055982644895,-0.8441452684048044,-0.7321439562744229,-0.5394548857203755,-0.561267596738584,-0.5684448283781133,2.087726305789448,2.2896469169711886,2.2151221131210965,0.19069383404095966,0.702719986041243,1.8881350886586499,0.23040780653682147,-0.044754581050616415,-0.017148642382772285,-0.21980781704257107,-0.21987209567439756,-0.15949908631633347,-0.25728108771156866,-0.24673707237728307,-1.3115684825172635,-0.23707943557074765,True,True,False,False,False,False,False,False,False,False,True,False,True,False,True,False
0.12088087254366334,-0.25978813917863863,-0.5167853149093824,-0.5180014420776453,0.5349126270123892,-0.230020644046387,-1.0223220963876951,-0.2373680938980197,-0.21997846212255318,0.07676063727715746,-0.9421184961419334,0.06227754739211707,-0.24621958998781068,0.33780305281450757,-0.7102726938615926,-1.3416407864998738,-0.13215993899954534,-0.22898626538727473,-0.23796966684638537,-0.18956094795239453,0.8625833604987537,0.6478855883038475,0.8218379922451956,0.9350539242608966,0.904239497943484,0.7231386014563332,0.7199781822681653,0.5294068923985763,0.7176226712267461,0.9212808861741613,0.702719986041243,-0.2418118342508914,0.23040780653682147,-0.044754581050616415,-0.017148642382772285,-0.2043310261649149,-0.2043957872661936,-0.10663703627572464,-0.23436532249160497,-0.24444007958204794,-0.02462380295986366,0.4147922323227048,True,True,False,False,False,False,False,True,False,False,True,True,False,False,True,False
0.44636703400640804,0.7979381623123302,1.56598136190144,0.1914823386005853,0.01881844507480323,0.3930332081731874,-1.164584333591329,0.4351382008092284,-1.120415082589218,0.7623508170766431,-0.1505152403289824,0.8746141272046235,0.5922119439869862,0.5163327364186585,-1.5340998091279683,-1.3416407864998738,0.8961323234340544,0.575964513554681,0.45953313964521786,0.01309617835117751,0.7318551996439224,0.6554880354123868,0.5590817885731973,0.6715499134261053,0.7247181052022609,0.6942013950944438,-1.7146134775997157,-1.5198277630740142,-1.8877828618252104,0.7064023414291017,0.08596726732788773,-0.40477368663355917,0.23040780653682147,-0.044754581050616415,-1.2590689991056843,0.6600993336551099,0.6609225599830427,-0.11405226229742679,0.4797177633463753,0.5498257455356954,-0.2003788340370577,-0.25596957315706714,True,False,False,False,False,False,False,True,False,False,True,False,False,True,False,False
-1.1861874940249832,-0.25978813917863863,-0.04452405951210575,-0.5180014420776453,-0.8942712614301572,-0.21241610854689347,1.3061738466651562,-0.25643180055638765,-1.7207061629003275,-1.164514367082302,-0.39066200429278575,-0.19149906933535615,-0.2578099866026663,0.12771942453185908,-1.2995305209386288,-1.3416407864998738,0.3910402371604655,-0.25048011035902273,-0.23702039643077605,-0.18006139515691458,-0.3255436601797236,-0.08304566016032815,-0.22803206695724787,-0.5705398169660748,-0.08053451753249845,-0.4121475151969851,0.38260031179958304,0.41118181612131166,0.27933015164791297,-0.4109660912452063,0.1740747985726529,1.138826232303478,0.23040780653682147,-0.044754581050616415,-0.017148642382772285,-0.22022053146597526,-0.22028479723194966,-0.12313490497892808,-0.24223592409752706,-0.2554199336997688,0.23629787822131973,1.8400214993083341,True,True,False,False,False,False,True,False,False,False,True,False,False,True,True,False
-0.6707384101742033,,,0.1914823386005853,0.38934760133768526,-0.2569409129143625,-0.9571418169522868,-0.26885725221764534,-0.11992994873736856,-0.4663829638205166,0.11726835724244589,-0.9939361546752803,-0.27666730132825146,-0.3836220771066846,1.406523334941091,-1.3416407864998738,0.8069562488356368,-0.26669476533770986,-0.2643382895021998,-0.18956094795239453,0.7228556222411965,0.725894494888079,0.9440280757051995,0.5995858092113886,0.6535898891368883,0.2800263003194217,0.38260031179958304,0.41118181612131166,0.27933015164791297,-1.0556017254803838,-1.411860763833119,0.017033141930779427,0.23040780653682147,-0.044754581050616415,-0.017148642382772285,-0.24064989542448145,-0.24071352433077883,-0.113845918613426,-0.26381315162940877,-0.2732839095082838,-0.3539619097133169,-0.012148860733831467,True,True,False,True,True,False,True,False,False,False,False,False,True,False,False,True
1.1178537759333593,-0.20959095876889774,-0.7380710632641752,0.4955468160341127,-0.3120111587313418,-0.12930803054303455,-1.55973558324705,-0.0024759940002716994,1.3474482475786775,-0.7846240254765875,0.11470799663574495,0.41184248475333735,-0.08017823165496797,0.46897176176708505,-0.6312281017415112,-1.3416407864998738,0.9778501829252393,-0.08091755558189935,-0.1062320280579365,-0.1610622895659547,0.038799683738053196,-0.04823340193687374,-0.1863852598575586,-0.16236819579790523,0.061197453365936426,-0.1246933513292923,1.2670774316766784,0.8446737624712827,1.1924395674371497,-0.4109660912452063,-0.17835532640640778,0.3133632899680276,0.23040780653682147,-0.044754581050616415,3.1650672950530465,-0.031816397181973675,-0.0324407279357586,-0.11744471866319825,-0.10201071589405776,-0.08714521275530653,-0.26844630631072736,2.61048175458319,True,False,False,False,False,False,True,False,False,False,True,True,False,False,False,False
-0.1675619236380609,-0.23110403608735813,0.041189926023873315,0.5969016418452885,0.33641486472870225,-0.19224424495372383,-0.23083657196537138,-0.19413433058350665,0.580409644958926,-0.3356651973971738,-0.6751632505314967,0.5227311753865671,-0.2121432449028356,0.5682659425171696,-0.15835069465349827,-1.3416407864998738,0.4459095605552474,-0.2196848353995007,-0.22700031982156657,-0.1832279127554079,-0.2022635074049266,0.14674023895486665,-0.10488082008328821,-0.09221480609473084,-0.1550109066149007,-0.023740197522697314,-0.5930600163122645,-0.863021783755877,-0.47550696540452303,0.8783051772251493,0.4383973923069484,-0.0642504938823672,0.23040780653682147,-0.044754581050616415,2.207008137564448,-0.17502830210321912,-0.17522234471037185,-0.13042471676552692,-0.2242995190772284,-0.2121587599403558,-0.6770410117156663,1.4178444236169818,True,False,False,False,False,False,False,True,False,False,True,True,False,False,True,False
-0.2370048085923146,-0.24544608763299838,-0.2423994387512575,-0.011227313021766296,0.4555135220989142,-0.21050895053444835,-0.5978737686430615,-0.19719814058217294,1.3807977520404062,-1.013183326312126,-0.28922654143319243,-0.7623247714465757,-0.2259605224659659,0.5017886226905744,0.5489775307008142,-1.3416407864998738,0.18988987375965352,-0.23451684538000522,-0.23185214639023644,-0.1832279127554079,-1.7384725781550334,0.1389738025726193,0.26144898879067374,-1.396335033877737,-1.4751833743916523,-1.278856538505247,0.7564514655620672,0.6410639088826603,0.8515453855425014,0.10474241614293588,0.35028986106218324,0.6984741081895378,0.23040780653682147,-0.044754581050616415,4.9120656878157645,-0.19153687903938574,-0.19182036961164556,-0.134407346032027,-0.23308032631104625,-0.2252481905257403,-0.682496794040896,-0.8812654815933384,True,False,False,False,False,False,False,False,False,False,True,False,False,False,True,False
-1.0508391889941116,-0.06258493042608512,0.12364772401867898,0.7996112934676401,-1.4500649958244807,0.021650861365122277,-0.7847490080697582,0.02492808432113223,-0.35337647996946653,-0.7661054236053374,1.4070876652299105,-1.993701885142218,0.05203287244525503,0.4034972890663363,0.02613920169298756,-1.3416407864998738,1.3644405420106616,0.0548330442396672,8.625849030727143e-05,-0.18006139515691458,-0.23676643066619316,-0.42338354521223337,-0.5135587610237476,-0.24365938993944442,-0.21706087115377076,-0.1801423439247197,-0.009487483609850826,-0.6856841693399791,0.12105785291111235,-1.7861887776135852,-1.7642908888121789,0.2904776060983067,0.23040780653682147,-0.044754581050616415,-0.11238873907747306,0.09158521541587182,0.09153737133942261,-0.1113832037713678,0.008177706588851695,0.038101462056721755,-0.2594018972353767,1.5861359286341008,True,False,False,False,False,True,False,False,False,False,False,False,False,False,False,False
-0.8975941043287843,-0.26695916495145877,-0.7696232101401103,-0.720711093699997,-0.43110981610155424,-0.21945792274669088,1.1653831329555868,-0.2584743405554985,-1.887453685208969,1.2149333478443376,-0.33840052602659587,1.010395081554082,-0.25801023700213194,-0.34719264382933834,0.14970193552523414,-1.3416407864998738,-0.48756369283960704,-0.24520092036596183,-0.23448900865581787,-0.18956094795239453,-0.9122548094061854,-0.6182150882256912,-0.4532514669198331,-0.831287534356485,-0.8725252009628853,-1.0641141752532532,0.38260031179958304,0.41118181612131166,0.27933015164791297,0.36259666983700717,0.7908275172860081,-0.4698795114353514,0.23040780653682147,-0.044754581050616415,-0.017148642382772285,-0.2111408141510836,-0.21120536296580333,-0.12828995047143574,-0.2395053072138398,-0.2556096355923106,0.49217012657549486,-0.012148860733831467,True,True,False,True,True,False,False,False,False,False,True,False,False,False,True,False
1.2038471241992945,-0.24903160051940845,0.14485950274100956,-2.241033480867634,0.24378257566298173,-0.21997138836542612,-0.06825600510771755,-0.2520062972249808,-2.254298234287981,0.47120513912331147,-0.6043015055048617,0.12796991105957314,-0.24399512169495122,-2.0568136664689525,-0.48649736955582823,-1.3416407864998738,-0.9475291547456055,-0.2284834853879356,-0.2217265952904037,-0.17056184236143465,0.42992052862358604,0.6354835363826657,0.6945138716650163,0.6252287006731784,0.5715406907444247,-0.05842633741470506,-0.30127374996105827,-0.36384923947409203,-0.14678757572039824,0.620450923531078,0.8789350485307733,-0.3479540577156314,0.23040780653682147,-0.044754581050616415,-0.017148642382772285,-0.20123566798938364,-0.2013005255845528,-0.11151487764019694,-0.2242995190772284,-0.24233278867935465,0.41153864343936447,-0.012148860733831467,True,True,False,True,True,False,False,True,False,False,True,True,False,False,True,False
-0.7893035500507254,-0.17015031701838704,0.6764419356427109,0.6982564676564643,0.29671531227196474,-0.15505466371104382,-0.08164734488151873,-0.1228156422812194,1.3140987431169486,-0.3871802920828172,-0.6789284867178216,1.099988765863055,-0.16110110693783045,-1.0081238106272885,0.7036411908309221,-1.3416407864998738,-0.11119592982854862,-0.17845687545369163,-0.1832284062129146,-0.18006139515691458,-0.1907127780501956,-0.1934339674127792,0.1735720404753291,-0.28010356315145524,-0.12874348555530038,-0.32208547807328325,1.5132720939105098,1.5737283995144165,1.5698581259633686,1.007232304072185,0.7908275172860081,-0.03426235639790534,0.23040780653682147,-0.044754581050616415,0.6079403405176637,-0.14345564871280045,-0.1435744307513394,-0.11607496927412035,-0.18425047144981524,-0.1638053474269291,-0.5372869405280004,0.34101967236911856,True,False,False,False,False,False,False,True,False,False,True,False,False,False,False,False
1.2540059242693304,0.04856596905262686,1.2645598172106383,0.900966119278816,0.6937108368393388,0.05084504940178235,-0.3947684008534197,0.06765121263586756,0.5470601404971984,3.250687400808886,-0.9880543776150975,0.9463152891215278,0.006860725105550377,-0.19293202740587426,-1.4539781759656518,-1.3416407864998738,0.12990649643801488,0.03748713426246703,0.0051490340402236415,-0.13129702414011757,0.5202226937176593,0.35434728864110004,0.39728802804207186,0.4995567396848009,0.5100231614492282,0.4581556630766944,0.7473331447385905,1.225621230475803,0.7663218400688401,1.0502080130211968,-0.09024779516164261,-0.6158743912939157,0.23040780653682147,-0.044754581050616415,2.488253238336873,0.08044192598395936,0.07970329468619375,-0.11286421021428669,0.00748166699104906,-0.004691170883762632,0.0031935375521708652,0.4484726176774704,True,False,False,False,False,False,False,True,False,False,True,False,False,True,False,False
-0.06494853686582618,-0.26695916495145877,-0.48437489877802153,-2.6464527841123373,1.6861996482577741,-0.23845615063989428,0.17039618725204947,-0.2574530705559431,-0.48677449781637994,-0.5639566446254828,-1.3023762944495019,2.1268465101807856,-0.26504554019299764,-0.08975062036262026,-0.4646477094955315,-1.3416407864998738,-2.2425735561328657,-0.2522398403567097,-0.2484116414180879,-0.1832279127554079,0.916877567364543,-0.5183325054959065,0.33806500875046935,0.7864125898615676,0.5871691094858491,0.39744864402309416,-0.30127374996105827,-0.36384923947409203,-0.14678757572039824,1.3940136846132916,0.9670425797755384,0.0900305818600616,0.23040780653682147,-0.044754581050616415,-0.017148642382772285,-0.23074474926278146,-0.23080868694952833,-0.08614094300050332,-0.24903569555298358,-0.26227434304594793,0.34936775305841644,-0.012148860733831467,True,True,False,True,True,False,False,True,False,False,True,True,False,False,False,True
-0.8400359544141436,-0.26695916495145877,-0.8936762142066936,-0.011227313021766296,0.16438347074950674,-0.23552206138997872,-0.08867755111466437,-0.24315529056216711,0.3803126181885568,-1.4738136996208429,-0.5618296413231166,0.035875749208619204,-0.2524731928241358,0.42619604258264765,1.1936882287551875,-1.3416407864998738,0.05746674959865882,-0.2517370603573706,-0.2553729577992229,-0.18956094795239453,-1.1291720357544281,-2.0220506984733375,-1.980202785280895,-1.1837607333585443,-1.2484597099610726,-1.3389787416555106,0.7838064280324923,0.35206927798268023,0.8880697621740719,-1.1845288523274193,0.08596726732788773,3.973888966854247,0.23040780653682147,-0.044754581050616415,-0.017148642382772285,-0.2218713891595919,-0.22193560346215804,-0.12278746214457488,-0.2528906840946597,-0.25036426398528117,-0.9161696751481657,-3.227130629830591,True,True,False,False,False,False,True,False,False,False,True,False,True,False,True,False
-0.29054048637348323,0.01271084018852622,0.6957599124001284,1.1036757709011675,-1.4632981799767264,-0.06666522505733682,-1.6332072303245238,0.023736602654984236,-0.5201240022781082,-0.3889620782261459,1.09698281292419,-1.5401192755245825,0.0469662960732324,0.6079559369087469,-1.2848880034734818,-1.3416407864998738,1.6098030650030073,0.07997204420662397,0.0045161870964840955,-0.15536255788866674,0.1084527960172472,0.06718608292008238,-0.11640729146557914,0.07024326403586709,0.0558028722775233,0.19195954254166162,-1.6234302693649636,-1.9664558290103484,-1.632112225404225,-1.9580916134096327,-2.4691511387703002,-0.033078614128781846,0.23040780653682147,-0.044754581050616415,-0.2590225143222781,0.08456907021800102,0.08456031367000537,-0.1034958114378275,0.023222870202893268,0.03330177561891705,-0.1384034888800221,1.1678323659719803,True,False,False,False,False,True,False,False,False,False,False,False,False,True,False,False
-0.21725476576765723,-0.26695916495145877,0.4864525362681184,-1.9369690034341065,-1.1854013127795646,-0.2476251795458805,0.01816159211718207,-0.26851682888446016,-2.1542497209027958,-0.2962657278766296,0.7711392733596314,0.20719512361592318,-0.2727829261097008,-0.885867489891045,-1.3185221399699436,-1.3416407864998738,-0.039700855890356976,-0.26128988034481415,-0.2553729577992229,-0.1863944303539012,-1.1291720357544281,-0.9352927123982028,0.9440280757051995,-0.07412288464836457,-1.642958886070282,-0.6415611851124648,0.32789038685873145,0.34550121818949775,0.25498056722686596,-0.8407231807353246,0.5265049235517126,-0.08555785472659011,0.23040780653682147,-0.044754581050616415,-0.017148642382772285,-0.23445917907341896,-0.23452300096749729,-0.11665155599692424,-0.25669213112881256,-0.26960414990596687,0.5826256477757908,-0.012148860733831467,True,True,False,True,True,False,True,False,False,False,True,False,False,True,False,True
-0.9924037441580045,-0.27054467783786884,-0.4389576832114942,-0.3152917904552937,1.7391323848667573,-0.2531265968894722,0.049303286246720916,-0.2640913255530533,0.813856176191024,0.5573993366497143,-1.1692375429010526,0.6537351452722382,-0.27341745448391125,0.3847371894559597,1.406523334941091,-1.3416407864998738,-1.441311831589257,-0.26606629033853596,-0.26275617214285096,-0.18956094795239453,1.175573494195681,1.2382232597520697,0.9440280757051995,1.0355149640618153,1.118535346694166,1.101982706245152,-1.176632549014678,-0.6331396909945284,-1.1694701214043448,0.19069383404095966,0.4383973923069484,-0.36649935326523286,0.23040780653682147,-0.044754581050616415,-0.017148642382772285,-0.24044353821277936,-0.2405071735520028,-0.1074591018054625,-0.26274232147894316,-0.27020525349317764,-0.7156557117209367,-0.012148860733831467,True,True,False,True,True,False,False,False,False,False,True,False,True,False,False,True
1.4498700874072572,-0.26695916495145877,-0.9179598115190318,1.1036757709011675,0.8128094942095512,-0.23830944617739852,-0.6486688820429013,-0.23175110890046485,1.7142927966576895,-1.046489581801546,-0.9638815612988916,0.40181209471977625,-0.25243459033749177,0.8251644330998537,0.6436796145185689,-1.3416407864998738,-0.8375721270080303,-0.24281271536910096,-0.2381806158276319,-0.1832279127554079,0.31325373809189977,0.45753180853074377,0.7420403867202884,0.7033784651281553,0.7642911885552862,0.6322933314304493,0.7655697863855414,0.7658570449531075,0.7906714244898855,-0.4969175091432296,0.9670425797755384,0.7773902594644375,0.23040780653682147,-0.044754581050616415,-0.017148642382772285,-0.22331588964150648,-0.22338005891359042,-0.08632454436820154,-0.2398265562589795,-0.250327694945755,0.0023129971103462784,0.5962489314048867,True,True,False,False,False,False,True,False,False,False,True,False,False,False,True,False
0.39772700641423536,-0.2526171134058185,-0.06119093790276377,-1.0247755711335242,-0.07381384399091774,-0.2290670650401644,-0.6035259698259045,-0.25626158888979506,-2.6211427833669925,-0.6927853793406971,-0.7298344799569345,0.32100048829122063,-0.24394204327581576,-3.621342425501919,-1.2811012565419386,-1.3416407864998738,-1.3240376347485376,-0.2292376553869443,-0.22457440653723165,-0.17056184236143465,0.7666670292045354,0.6597875574862723,0.584848354566709,0.6417725016162703,0.5935969268714317,0.5451735280373977,-0.30127374996105827,-0.36384923947409203,-0.14678757572039824,0.44854808773503096,0.8789350485307733,0.20840480877241105,0.23040780653682147,-0.044754581050616415,-0.017148642382772285,-0.20185473962448988,-0.20191957792088097,-0.11180452482994609,-0.22606638882549662,-0.24228250625000625,0.3116947506853284,0.7000453543061784,True,True,False,False,False,False,False,False,False,False,True,False,False,True,True,False
0.45100821110013645,-0.26695916495145877,-0.4942133944519827,-1.0247755711335242,0.4025807854899312,-0.24535126037719593,-0.832200624576554,-0.2579637055557208,-0.6868715245867497,-0.5773823836926085,-0.7689929362947137,0.7203096227130409,-0.2648428771381167,0.650615877152365,0.17058460163521671,-1.3416407864998738,-0.4247874364211519,-0.26015862534630113,-0.2542127384023671,-0.1863944303539012,-0.10808224400438493,0.14871398763623814,-0.18352345394474576,0.10847574868368999,0.12979057619261034,0.22800374298234752,-0.1462622959619791,-0.13396714671274337,-0.35375904329929125,1.1361594309192202,0.9670425797755384,0.10107884303854754,0.23040780653682147,-0.044754581050616415,-0.017148642382772285,-0.2340464646500148,-0.23411029940994518,-0.11146737994011546,-0.25562130097834695,-0.2620823555884358,-0.4811728900354003,-0.744739125836559,True,True,False,False,False,False,False,True,False,False,True,False,False,False,False,True
,-0.2741301907242789,-1.5295774418766945,1.1036757709011675,-1.6220963898036762,-0.2573076740706019,-0.7939345029341306,-0.2719210622163116,-0.6201725156632933,-1.6878977125609278,0.9365837513867484,-2.9211535358338616,-0.27963004217817705,0.459387631899503,1.406523334941091,-1.3416407864998738,0.6897393180616632,-0.2673232403368838,-0.2643382895021998,-0.18956094795239453,1.175573494195681,1.2382232597520697,0.9440280757051995,1.0355149640618153,1.118535346694166,1.101982706245152,0.38260031179958304,0.41118181612131166,0.27933015164791297,-2.516775829746787,-1.852398420056944,-0.46751202689710436,-4.340130723132376,-0.044754581050616415,-0.017148642382772285,-0.20195791823034093,-0.20202275331026898,-0.18232097094798533,-0.2640808591670252,-0.2760905832919143,1.5887003065744965,-0.012148860733831467,True,True,True,True,True,False,False,False,True,False,False,False,True,False,False,True
1.2729368586261816,-0.27054467783786884,-1.3121888716965386,0.2928371644117611,0.4158139696421772,-0.22312553430908535,-0.6500843354683864,-0.22409158390379916,0.8472056806527528,-0.6336665220498267,-0.7617636828169698,0.11425779368615424,-0.2401083338209853,0.654186551207207,0.5846796554539949,-1.3416407864998738,-0.19759216029071666,-0.2284834853879356,-0.2306919269933806,-0.1832279127554079,-0.18632159168393123,-0.06588632353809186,-0.037531933576847046,0.2285056195453201,0.2578098715468058,0.15095876550463486,0.23670717862397928,0.2863886800508664,0.31585452827948185,0.3196209608879953,0.4383973923069484,0.15040143758535982,0.23040780653682147,-0.044754581050616415,-0.017148642382772285,-0.2006165963542774,-0.20068147324822466,-0.1125917800402259,-0.22992137736717277,-0.23865074351206736,-0.08921615457636427,-0.21073443645362483,True,True,False,False,False,False,False,False,False,False,True,False,False,False,True,False
-0.21810804021805305,-0.001631211357114036,1.406942385990155,1.3063854225235192,-2.0587914668277874,-0.0823626025443852,-1.4129297922986896,-0.09064563729522349,-1.020366569204033,0.4326693608260787,3.6014673146200735,-2.5889520400470674,-0.03895801388544098,0.5277830502878209,-1.232703367107118,-1.3416407864998738,2.218322132606135,-0.029131215649968407,-0.08408238502705238,-0.1610622895659547,-0.1416252041560003,-0.41024777829442005,-0.3445694242553851,-0.217914586314965,-0.1864949351536539,-0.2063146537980089,-0.7024798661939676,-1.0994719363104064,-0.7068280174044631,-2.430824411848763,-3.2621189199731857,-0.33927328107539245,0.23040780653682147,-0.044754581050616415,-2.247488402228967,-0.012006104858573728,-0.011652518372157422,-0.10585535622919706,-0.06870789821457783,-0.048096335236309795,-0.2735231929042429,-0.5205273907196397,True,False,False,False,False,False,False,False,True,True,False,False,False,True,False,False
-0.9182068557145134,-0.24903160051940845,1.0204078312289377,-0.1125821388329421,0.19084983905399824,-0.23728251493992805,-0.460101360600526,-0.24979354555927738,-0.38672598443119477,0.0925725901610691,-0.9659900935632335,-0.37767058844441775,-0.25711755449848983,0.033201765792592396,-0.45561661877726634,-1.3416407864998738,-0.1979070784005557,-0.24180715537042266,-0.2456693046618832,-0.1832279127554079,0.989160252802658,1.2382232597520697,0.9440280757051995,0.8560147238292866,1.118535346694166,0.9327563873780899,0.7199781822681653,0.5294068923985763,0.7176226712267461,-0.5828689270412534,0.35028986106218324,-0.24694138408375987,0.23040780653682147,-0.044754581050616415,-0.017148642382772285,-0.22517310454682524,-0.22523721592257492,-0.07309676266241937,-0.2431996712329461,-0.2547639765532688,0.0937133673880622,0.4869355900725929,True,True,False,False,False,False,True,False,False,False,True,True,False,False,True,False
-0.6943461875402221,-0.2346895489737682,-0.750952581566197,0.2928371644117611,-0.21937886966562126,-0.15747528734222416,-0.7700249035297048,-0.11021997895336914,1.0806522118848507,-0.8751923843400974,-0.3949543735451962,0.32845691555945306,-0.15043958265784566,-1.0379443194760902,0.33381271603523216,-1.3416407864998738,-1.2230954337267526,-0.17116656546327416,-0.18618169195036585,-0.1832279127554079,0.354645086384879,0.14525522804222293,0.15223633488435015,0.29152920645041885,0.42421679674196344,0.31290455655644633,0.7564514655620672,0.6410639088826603,0.8515453855425014,0.5344995056330547,0.5265049235517126,0.4400237127642415,0.23040780653682147,-0.044754581050616415,-1.4630065972372983,-0.11848642609684844,-0.1184039475868261,-0.12607519506774928,-0.18291193376173326,-0.1537054358228058,-0.6324364660823037,-1.7145165562514857,True,False,False,False,False,False,False,False,False,False,True,False,False,False,False,False
-0.24546198778160952,-0.26695916495145877,-0.8145912834949748,0.1914823386005853,0.7995763100573052,-0.23735586717117596,0.19199295674691014,-0.23634682389846426,2.0811373457367,1.2620099859149472,-1.083766681471477,0.5757287331662891,-0.2562610618260765,0.591994799370661,1.406523334941091,-1.3416407864998738,0.17933491046890784,-0.25915306534762284,-0.25379084043987404,-0.1863944303539012,0.30135967249046747,0.05103384599826722,0.12493317140776596,0.3620795800170145,0.22070963554907586,0.4670922409783775,2.087726305789448,2.2896469169711886,2.2151221131210965,-0.6258446359902652,0.4383973923069484,-0.47579822278096884,0.23040780653682147,-0.044754581050616415,-0.017148642382772285,-0.22269681800640023,-0.22276100657726228,-0.14640172818322217,-0.2549788028880676,-0.2539526009887828,-0.9290643909484997,-2.898501441474628,True,True,False,False,False,False,True,False,False,False,True,False,True,False,True,False
1.1192226276919606,-0.26695916495145877,-0.6233045699386516,0.6982564676564643,1.5671009908875613,-0.2460114304584269,-0.8177639380394914,-0.24043190389668598,2.848175948356452,-0.4230544541177361,-1.2204447550350717,1.7378883017967266,-0.2619476906398181,0.5946975495957155,1.406523334941091,-1.3416407864998738,-0.5210539955660838,-0.2594044553472924,-0.25526748330859966,-0.1863944303539012,-0.4089390576450204,-1.0032150865278975,-0.9117338168436697,-0.49023707791468335,-0.508773754756312,-0.33644100412488104,2.087726305789448,2.2896469169711886,2.2151221131210965,0.9212808861741613,0.8789350485307733,-0.011771253284558941,0.23040780653682147,-0.044754581050616415,-0.017148642382772285,-0.22826846272235649,-0.22833247760421568,-0.1337193160298333,-0.2558354670084401,-0.259339677623976,-0.7204138057803224,0.6887087933296341,True,True,False,False,False,False,False,True,False,False,True,False,True,False,False,True
0.23043637409008755,-0.2633736520650487,-1.1327182258502075,-0.011227313021766296,0.7863431259050592,-0.19583850428487043,-0.0775497920724825,-0.18868755725254438,1.1140017163465796,-1.3253436685659814,-0.6027954110303317,-0.16112426818539866,-0.2125196191476144,0.45840395030051684,1.406523334941091,-1.3416407864998738,0.10135321035987442,-0.22194734539652683,-0.22594557491533399,-0.1768948775584213,0.12717421177476654,0.4832124483735553,0.3859041982468922,0.3930930516506586,0.13970280446831615,0.4098088907287451,1.5132720939105098,1.5737283995144165,1.5698581259633686,0.06176670719392399,0.08596726732788773,2.009271380865621,0.23040780653682147,-0.044754581050616415,-0.017148642382772285,-0.18637794874683367,-0.18644326951267703,-0.1222261294562625,-0.22419243606218184,-0.2125153080757356,-0.6668247338807273,-2.719691830064479,True,True,False,False,False,False,False,False,False,False,True,False,True,False,True,False
0.6779307006036875,-0.20959095876889774,-0.5280860470925873,0.0901275127894095,0.4819798904034062,-0.11207025619978049,-0.871300132118246,-0.13302834227677365,-0.8536190468953914,-0.3648352101082891,-0.11098026037257074,0.9299077402097671,-0.12041891132590393,0.21823798680503598,-1.1190997577057242,-1.3416407864998738,-0.21726614780106565,-0.07237029559313404,-0.07923055845838252,-0.17056184236143465,0.7397924890382778,0.8320900427112494,0.6738261419063752,0.7639958949133143,0.8289434337970094,0.8460043715382467,-0.1462622959619791,-0.13396714671274337,-0.35375904329929125,0.6634266324800899,0.7908275172860081,-0.04767810211463828,0.23040780653682147,-0.044754581050616415,-0.43586248945149697,-0.06111912124366943,-0.06112540221113508,-0.10233688981867604,-0.08546639006936435,-0.12526615089632775,0.36768156333936447,0.012926741009569259,True,False,False,False,False,False,False,True,False,False,True,False,False,True,False,False
-1.5853867944820497,-0.26695916495145877,-0.27442204433016654,-1.5315497001894034,0.7334103892960762,-0.24344410236475078,0.968159133964049,-0.25915518722186875,-0.01988143535218338,-0.3979832002981997,-0.8438458316788531,0.5722805378284139,-0.26720245413423016,-1.2861108870394808,-0.18536669909735656,-1.3416407864998738,0.35517514699072017,-0.2636780853416751,-0.2575879221023113,-0.18956094795239453,0.13370222723193076,0.059165280339044356,0.13054341047829798,0.3666921511406104,0.04852388272672709,0.47144080580897313,0.5923216907395138,0.713312566607655,0.5593503724899455,0.23366954298997153,0.7908275172860081,-0.02755448353953887,0.23040780653682147,-0.044754581050616415,-0.017148642382772285,-0.2377608944606523,-0.2378246134279141,-0.11078024654560352,-0.2591014989673602,-0.26431763812947057,-0.7335655845522813,-0.012148860733831467,True,True,False,True,True,False,False,False,False,False,True,True,False,False,False,True
-1.7492633532913688,,,-1.4301948743782276,0.17761665490175274,-0.24711171392714526,1.5538747698159923,-0.2695380988840156,-2.1542497209027958,-0.7887449102735256,-0.5810323458733737,-0.05466242955385085,-0.2748240325910013,0.4627333442486899,1.406523334941091,-1.3416407864998738,-1.2481459932311976,-0.26543781533936206,-0.26127952927412534,-0.18956094795239453,1.175573494195681,1.2382232597520697,0.9440280757051995,1.0355149640618153,1.118535346694166,1.101982706245152,0.32789038685873145,0.34550121818949775,0.25498056722686596,-0.3679903822961944,0.702719986041243,0.31849283980089604,0.23040780653682147,-0.044754581050616415,-0.017148642382772285,-0.2412689670595877,-0.24133257666710703,-0.08218952226091132,-0.26172503283600085,-0.271537737870911,-0.1619433420961883,-0.012148860733831467,True,True,False,True,True,False,True,False,False,False,True,False,True,False,False,True
0.5659666020485239,-0.2418605747465883,0.44447625116746103,-0.720711093699997,-0.15321294890439224,-0.22041150175291344,-0.5666528030237481,-0.23770851723120484,-0.8869685513571195,-0.7618757314149864,-0.14863262223581994,-0.35107826551190535,-0.24111682378455931,-1.1464957145184764,-0.740327465207641,-1.3416407864998738,0.014106389154271898,-0.22622097539090946,-0.22278134019663626,-0.1768948775584213,-0.48505101428365777,0.3612238019936208,0.6847076365717358,0.07609009923816865,-0.3595445358460096,0.09697050685997624,0.7199781822681653,0.5294068923985763,0.7176226712267461,0.10474241614293588,0.6146124547964777,0.2853480562654382,0.23040780653682147,-0.044754581050616415,-0.017148642382772285,-0.19834666702555448,-0.19841161468168808,-0.11241925304073805,-0.22440660209227495,-0.23960610966968748,0.23768470475780376,-0.8472208020602496,True,True,False,False,False,False,False,False,False,False,True,True,False,False,True,False
-0.19816835172110273,-0.27054467783786884,-0.405858781808134,0.6982564676564643,-0.25907842212235876,-0.24887216747709462,0.8489535798338502,-0.2647721722194236,0.4136621226502844,-0.887698726963361,0.15763168915984904,-0.9339934249572189,-0.2739603019523422,0.906344820786315,1.406523334941091,-1.3416407864998738,0.46555523316417685,-0.2619183553439881,-0.2632835445959672,-0.18956094795239453,-0.06111922919218181,-1.560841211699983,-0.5043714501865989,-0.7507313289838405,-0.15155956175498575,-0.5820255400417149,0.7199781822681653,0.5294068923985763,0.7176226712267461,0.06176670719392399,-1.411860763833119,0.45975275058296644,0.23040780653682147,-0.044754581050616415,-0.017148642382772285,-0.23837996609575854,-0.23844366576424225,-0.08546773798560989,-0.26124315926829134,-0.27071950561151387,-0.23386662656535293,-0.012148860733831467,True,True,False,True,True,False,False,False,False,False,False,False,True,False,False,True
0.14919038938530582,-0.25620262629222856,-0.7966697239052087,0.39419199022293694,1.0113072564932382,-0.1926110061099633,-0.2284663972728208,-0.18409184225454497,1.8810403189663312,0.36029474348219365,-0.9843644461524991,1.0039442425083152,-0.22048379467335094,0.4231761459254596,0.7600318074322252,-1.3416407864998738,-0.5031806923285412,-0.22320429539487466,-0.22731674329343635,-0.17372835995992797,0.5719496649230321,0.4697301124560773,0.5905496199816034,0.163656654360962,0.42111716035824365,0.2800263003194217,2.087726305789448,2.2896469169711886,2.2151221131210965,1.1791351398682322,0.9670425797755384,-0.32230630855128906,0.23040780653682147,-0.044754581050616415,-0.017148642382772285,-0.18513980547662118,-0.1852051648400207,-0.12530321846011847,-0.22515618319760086,-0.2200599580429705,-0.5301690674782314,-0.891214153830414,True,True,False,False,False,False,False,True,False,False,True,False,False,False,True,False
-0.6567529609088661,,,-0.2139369646441179,-0.8678048931256654,-0.24300398897726344,2.9150299076726087,-0.26851682888446016,-1.4872596316682294,-0.8424778015904562,0.15205913960408815,0.018657947946778414,-0.2743801039945955,-0.4022048008419029,1.406523334941091,-1.3416407864998738,0.4755744786798112,-0.26543781533936206,-0.2632835445959672,-0.1863944303539012,-0.4089390576450204,0.04278947506942161,0.3254407781889087,-0.9988210919068504,0.03366261239384836,-1.2953901443715687,0.38260031179958304,0.41118181612131166,0.27933015164791297,-0.9266745986333482,-0.09024779516164261,0.39109569897380375,0.23040780653682147,-0.044754581050616415,-0.017148642382772285,-0.23487189349682314,-0.2349357025250494,-0.14436071002925152,-0.26247461394132676,-0.2711171939163605,-0.47865444802335544,-0.012148860733831467,True,True,False,True,True,False,True,False,False,False,True,False,True,False,False,True
-0.26371219467050877,0.557708798922856,2.280329147464418,1.407740248334695,-0.034114291534180254,0.1958624105788601,-0.8548930455069641,0.4153936474844901,1.0806522118848507,1.9189505022364093,0.13669697596388247,0.12193036182962809,0.27363527233586404,0.9133446948908915,-0.7432332807598654,-1.3416407864998738,0.8289730964089179,0.13175838413855492,0.12623374927572348,-0.13826336285680285,0.25664209556719436,0.062227422787841165,0.10918668230923124,0.25816704023638826,0.23652499360447565,0.2677749175752647,-0.3559836749019086,-0.35728117968090956,-0.40245821214138533,0.3196209608879953,-1.852398420056944,-0.5389311438008886,0.23040780653682147,-0.044754581050616415,2.506411336854824,0.35118258773709193,0.34987520140499717,-0.13511733061590042,0.1085144916874777,0.24803060458641757,-0.5679990697265969,-0.2648450894389425,True,False,False,False,False,False,False,False,False,False,False,True,False,False,False,False
-0.851478703687302,-0.2526171134058185,1.0072693931105858,0.6982564676564643,-1.092769023713844,-0.2357421180837224,0.35395693890652524,-0.24877227555972195,0.71380766280584,0.621816176902626,0.6699297246712176,-1.2217249322713166,-0.26005616879426297,0.5789327077299634,1.406523334941091,-1.3416407864998738,0.5406318874584471,-0.25211414535687493,-0.2503101822493065,-0.1863944303539012,-0.3060486322008181,-0.06588632353809186,-0.21281050666292714,-0.7082016553398967,-0.2340332571088291,-0.8408233441247621,-0.5930600163122645,-0.863021783755877,-0.47550696540452303,-0.4969175091432296,-1.4999682950778843,-0.3791259374692168,0.23040780653682147,-0.044754581050616415,-0.017148642382772285,-0.23260196416810022,-0.2326658439585128,-0.07092650966391136,-0.25021360871849574,-0.2575477946871955,-0.2944794912013366,-0.012148860733831467,True,True,False,True,True,False,True,False,False,False,False,False,True,False,False,True
0.5574773393380107,-0.22751852320094806,-0.7752945187494922,-1.3288400485670517,3.022751247634599,-0.08801072435047269,-0.8230921727040079,-0.1345602472761068,-0.6868715245867497,-0.31628030125492324,-1.8481849320191621,2.1006846152644676,-0.12613207934921328,0.7726585109410126,-0.9916129054831897,-1.3416407864998738,-1.9118033912738122,-0.11058157554290834,-0.14778897736350002,-0.16422880716444802,0.9183094636385184,0.8941500671127863,0.8892454368107721,0.8328320359763722,0.7822648312652839,0.8047438583458082,-0.4836401664305626,0.30609285943041015,-0.7190028096149866,1.3080622667152677,1.0551501110203036,-0.07490417430447865,0.23040780653682147,-0.044754581050616415,-2.538166376154881,-0.0159268918809133,-0.015525915374269466,-0.13332631043175577,-0.13600957317134033,-0.13067836874619515,-0.21805427881719175,-0.012148860733831467,True,False,False,True,True,False,False,True,False,False,True,False,False,True,False,False
0.24176826921884503,-0.2633736520650487,-0.32799188288940934,-0.6193562678888211,1.0510068089499751,-0.23530200469623505,0.46185293123086196,-0.24741058222698137,0.5470601404971984,1.0716142275570717,-0.8974627949721199,0.17257199827838793,-0.2590500914861042,-0.6814480376682247,-0.49935407999737247,-1.3416407864998738,0.14475700006975945,-0.2555079103524141,-0.2480952179462181,-0.1832279127554079,0.023200729220626444,-1.1091739901702224,-0.6755459396101778,-0.07412288464836457,-0.06496218163345326,-0.9902699633839851,0.7199781822681653,0.5294068923985763,0.7176226712267461,0.8783051772251493,-0.17835532640640778,-0.45172879664212445,0.23040780653682147,-0.044754581050616415,-0.017148642382772285,-0.2231095324298044,-0.22317370813481438,-0.13259208902815126,-0.25026715022601903,-0.2565947140945457,-0.3733862919009395,-0.5676599447930997,True,True,False,False,False,False,False,True,False,False,True,True,False,False,False,True
,-0.2741301907242789,-1.5295774418766945,-0.011227313021766296,-0.6825403149942242,-0.2544469370519342,1.0785385997594596,-0.27175085054971904,-1.1537645870509463,2.2831894990006423,0.3035722437418029,-1.5443024174071802,-0.2786456787687555,-0.006064483381509232,1.406523334941091,-1.3416407864998738,1.4295312948030636,-0.26606629033853596,-0.2632835445959672,-0.18956094795239453,-1.8666906053384655,-1.0570096068386157,-1.431347146757352,-0.917447649668102,-0.9644203031624449,-0.7391996430284894,0.32789038685873145,0.34550121818949775,0.25498056722686596,-1.1415531433784076,-0.7070005138749978,-0.5649734737216054,0.23040780653682147,-0.044754581050616415,-0.017148642382772285,-0.2423007531180981,-0.24236433056098727,-0.06594479255369988,-0.26301002901655957,-0.275158072783998,1.1815986000225849,-0.012148860733831467,True,True,False,True,True,False,True,False,False,False,True,False,True,False,False,True
-0.01878400687575639,-0.2633736520650487,1.4487092459130175,0.2928371644117611,0.01881844507480323,-0.2500458031770609,-0.22759333319476358,-0.26868704055105275,-2.3209972432114374,1.775443962515514,-0.01948502104487519,-0.17342749641110383,-0.27274191096764155,-0.05379963318759032,-1.145867031711034,-1.3416407864998738,-2.4623150078631793,-0.2641808653410142,-0.2593809884429067,-0.1832279127554079,0.2366030931048908,0.17561545114526575,-0.15568267543487602,0.13136560585351575,0.15420402731610075,0.24958347047031376,0.32789038685873145,0.34550121818949775,0.25498056722686596,-0.3250146733471825,0.5265049235517126,-0.5270937211096536,0.23040780653682147,-0.044754581050616415,-0.017148642382772285,-0.2387926805191627,-0.23885636732179436,-0.10508685556250463,-0.2596904555501162,-0.26956529530147033,-0.1128860304430515,-0.012148860733831467,True,True,False,True,True,False,False,False,False,False,True,False,False,True,False,True
-0.12141039709745974,-0.27054467783786884,-1.0319413344013577,-1.5315497001894034,0.8922085991230257,-0.24285728451476768,-0.6493151516706092,-0.2545594722238694,0.04681757357127302,-0.6413762286960087,-0.8997972414076414,0.8134104911429312,-0.26380543530955974,-0.8100413971704492,-0.5557241078771388,-1.3416407864998738,0.010491178077911487,-0.2577704203494402,-0.25305251900551123,-0.18956094795239453,0.9408308939229862,0.7069193554486741,0.669100387920184,0.809477624509743,0.8774525168496528,0.6757830883577379,0.38260031179958304,0.41118181612131166,0.27933015164791297,1.2650865577662558,1.0551501110203036,0.1575038912001008,0.23040780653682147,-0.044754581050616415,-0.017148642382772285,-0.22991932041597313,-0.22998328383442412,-0.11959405374059313,-0.254282763290265,-0.261099562651171,-0.41315452148120574,-0.703801652270774,True,True,False,False,False,False,False,True,False,False,True,True,False,False,False,True
0.2230999386874032,4.014143221422158,0.647486660971428,1.1036757709011675,-0.7487062357554533,4.388309187551991,-0.740660448787308,5.121405805435893,0.346963113726828,0.408342838950452,0.8303287862086591,-0.44394371012818445,4.748411397552102,0.6972277046088403,-1.6962627917180981,-1.3416407864998738,1.5411501320584986,3.784706469337043,3.0257274965090777,0.49187363924336647,-0.05083613432760913,-0.14035713881706488,-0.07888025076739266,0.027189961031280102,-0.01232149578416948,-0.05784727009736696,-1.1857508698381536,-1.1782886538285833,-1.2181692902464372,-0.5398932180922414,-1.323753232588354,-0.3337491504861495,0.23040780653682147,-0.044754581050616415,0.7215940406755079,5.251340936814749,5.247804228363127,-0.13010236039908993,3.18966762512965,4.48709081080582,-0.5477486262007334,0.4306116080870959,True,False,False,False,False,False,True,False,False,False,False,False,False,True,False,False
0.6038588091007201,0.0736645592574973,1.1320583770877042,0.5969016418452885,-0.04734747568642577,-0.044586203451722047,-1.458935904996514,0.11173603428334344,0.580409644958926,2.0377663537099444,-0.5265870306191154,-0.05411986553539286,0.0502692213367081,0.7268083993363603,-1.2327774279202368,-1.3416407864998738,0.5363840736818394,0.1372889641312854,0.03425999345224277,-0.15536255788866674,0.5224410858659715,0.4236690089903863,0.4288638910228635,0.5862924911349835,0.6257224957817158,0.5816696080671411,-0.19185390007935518,0.16816360377359987,-0.3050598744571989,0.06176670719392399,-0.8832155763645282,-0.548006501197502,0.23040780653682147,-0.044754581050616415,-0.48028472730554733,0.1528733072913904,0.15294761203303417,-0.10665737614669961,0.06273650275507363,0.03643071406337167,0.08948765060032295,-0.263163228847473,True,False,False,False,False,False,False,False,False,False,False,False,False,True,False,False
,-0.2741301907242789,-1.5295774418766945,-2.241033480867634,0.045284813379294735,-0.2560606861393878,2.7712088728429825,-0.27243169721608934,-0.9203180558188483,1.4749791135297032,-1.0256314347546203,-0.8407936994460962,-0.279823054611397,-0.07577218191475191,1.406523334941091,-1.3416407864998738,-1.4367433221672437,-0.27172256533110123,-0.26539303440843237,-0.18956094795239453,1.175573494195681,1.2382232597520697,0.9440280757051995,1.0355149640618153,1.118535346694166,1.101982706245152,-0.30127374996105827,-0.36384923947409203,-0.14678757572039824,-0.8836988896843365,0.26218232981741807,-0.49907848740706423,0.23040780653682147,-0.044754581050616415,-0.017148642382772285,-0.20195791823034093,-0.20202275331026898,-0.1904877203089878,-0.26649022700557273,-0.276273428489545,-0.5751070957213585,-0.012148860733831467,True,True,True,True,True,False,True,False,False,False,True,False,True,False,False,True
1.50156849498118,-0.25978813917863863,-0.3530974740245907,0.2928371644117611,1.342136860299383,-0.2236389999278206,-0.07683577495816013,-0.24911269889290708,-1.1871140915126746,-0.416774861872058,-1.0365506196949625,1.2455580178258756,-0.2521643729309839,-0.4477043096406158,-0.961308309900758,-1.3416407864998738,-0.2557457091074221,-0.24105298537141398,-0.23575470254329697,-0.1832279127554079,0.14976189994042832,-0.08850094058936685,-0.08575887044908909,0.04774485596142222,0.0650173156973239,0.170748859069176,-0.5109951289009877,-0.40982565802636034,-0.4268077965624307,1.3510379756642796,0.9670425797755384,-0.015717060848303925,0.23040780653682147,-0.044754581050616415,-0.017148642382772285,-0.21196624299789193,-0.21203076608090754,-0.1168186915276781,-0.23784552048061813,-0.2500717116690721,0.12255699103936422,-1.554138042358443,True,True,False,False,False,False,False,True,False,False,True,False,False,True,True,False
,-0.27054467783786884,0.9194959353351165,-2.0383238292452823,0.24378257566298173,-0.253933471433199,2.083986753822671,-0.2695380988840156,0.6137591494206548,0.03028556352754576,-0.9286389505948903,0.0923543274191204,-0.27815349706404474,1.458872229572346,1.406523334941091,-1.3416407864998738,-0.09313209066750741,-0.2685801903352316,-0.2643382895021998,-0.18956094795239453,1.175573494195681,1.2382232597520697,0.9440280757051995,1.0355149640618153,1.118535346694166,1.101982706245152,0.7199781822681653,0.5294068923985763,0.7176226712267461,-1.7432130686645733,-0.26646285765117295,-0.22602860399591146,0.23040780653682147,-0.044754581050616415,-0.017148642382772285,-0.2423007531180981,-0.24236433056098727,-0.1212972048893834,-0.264616274242258,-0.2746918175300398,-0.15158290544557637,-0.012148860733831467,True,True,False,True,True,True,False,False,False,False,True,False,True,False,False,True
-1.0844656305915361,-0.20959095876889774,0.516229804762245,0.2928371644117611,0.9583745198842547,-0.1572552306484805,0.08115624307338523,-0.18902798058572953,0.11351658249473001,0.8337479900131941,-0.7100293376168655,0.5827137950877899,-0.20211142368623078,0.672116559293558,-0.1476173024889409,-1.3416407864998738,0.16090866374235113,-0.17845687545369163,-0.16677438567568642,-0.17372835995992797,1.0761530987860688,1.0694561372086375,0.8858080947624869,1.0355149640618153,1.0164296775835484,1.0568556878805995,0.7655697863855414,0.7658570449531075,0.7906714244898855,0.9212808861741613,0.35028986106218324,-0.4166111093247941,0.23040780653682147,-0.044754581050616415,-0.017148642382772285,-0.15810701074364833,-0.15817321282035782,-0.10371696688699378,-0.17536258120095083,-0.20265538079350248,0.430284063333292,-0.8852022090068271,True,True,False,False,False,False,False,True,False,False,True,True,False,False,True,False
0.08607828535729536,0.005539814415706092,0.9420528968512454,1.0023209450899917,0.16438347074950674,-0.018106047971233892,-0.7028997459881456,-0.014050387328566527,-0.6201725156632933,0.7788406035788491,-0.27409029196416623,-0.6174638687859226,0.003340660854702271,0.4219173102509014,-1.2451183205218705,-1.3416407864998738,0.45961673075719256,0.025169024278658216,-0.023118129446809424,-0.17056184236143465,0.6752979119546233,0.7386804129897313,0.49597413066728174,0.5679600724984992,0.5896362771571568,0.6211167415480322,-1.1036859824268757,-0.9549746208604154,-1.1816449136148668,-0.06716041965311119,0.08596726732788773,-0.40753575192818065,0.23040780653682147,-0.044754581050616415,-1.234132407383092,0.059599847602049,0.05982925258727497,-0.11111443084860521,-0.015434098228914615,-0.008025810175551755,-0.1386711192567354,0.11357064547606702,True,False,False,False,False,False,False,False,False,False,True,False,False,True,False,False
-0.30638892608618523,3.4655597498014177,1.6501325120481276,1.1036757709011675,-0.9604371821913862,1.6077461576382395,-1.2989608988803552,2.649251559845392,-0.11992994873736856,0.7301620499602413,1.5981357493240367,-0.9241823118868503,2.7309778911859772,0.13323628078851782,-1.565020855471563,-1.3416407864998738,1.66347714795179,2.0644447015981915,1.5322087092837486,0.28668329886099975,0.0976794744625311,-0.26484156995553493,-0.09951737710101029,0.11970223385083369,0.047514482240780476,-0.15675637846460277,-2.58085395582986,-2.8203036021239294,-2.593920810035555,-1.270480270225443,-1.6761833575674148,-0.39885497528794167,0.23040780653682147,-0.044754581050616415,-2.458947267686246,2.882566503686541,2.888616644036077,-0.12953743033429108,1.681403358198863,2.5759288093510424,-0.6312211801268391,0.22977950291789725,True,False,False,False,False,True,False,False,False,False,False,False,False,True,False,False
-0.5799269974219359,-0.26695916495145877,-1.0196252640793813,-0.1125821388329421,1.0377736247977296,-0.23471518684625192,-0.7437937994205586,-0.22630433556950258,1.4474967609638627,-0.09852000406323358,-1.0954389136490843,0.5480620489690574,-0.24624612919737843,0.9488451096228258,0.6910154472845433,-1.3416407864998738,-0.7177340459468647,-0.25425096035406625,-0.24619667711499948,-0.1832279127554079,0.8566778862780556,0.8773375889044777,0.5705414055066851,0.5749105740311715,0.7910265967167115,0.81248862617068,1.5132720939105098,1.5737283995144165,1.5698581259633686,0.5344995056330547,0.7908275172860081,-0.1774951709618482,0.23040780653682147,-0.044754581050616415,-0.017148642382772285,-0.22001417425427316,-0.2200784464531736,-0.13553068234713056,-0.24876798801536718,-0.24446522079672217,-0.8608153056731337,0.3527876189748052,True,True,False,False,False,False,False,True,False,False,True,False,False,False,True,False
0.6128636083512529,-0.25620262629222856,-0.6614461304444784,-0.720711093699997,0.5216794428601432,-0.23024070074013064,-1.231273747346016,-0.2033257605795055,1.4474967609638627,-0.7280717732073713,-0.8277306208013825,0.22576501380738773,-0.22946369812890727,-1.026903501279478,0.719120841147194,-1.3416407864998738,-0.47548988981612017,-0.23753352537604003,-0.23680944744952953,-0.1768948775584213,0.14916860231506346,0.0766681653235833,0.22276029560523725,0.14600770072328947,0.16982072884449442,0.17021026228075695,2.087726305789448,2.2896469169711886,2.2151221131210965,0.8783051772251493,0.8789350485307733,0.2462845613843629,0.23040780653682147,-0.044754581050616415,-0.017148642382772285,-0.20453738337661695,-0.20460213804496966,-0.12307343901657324,-0.2363463582699663,-0.22856683086273671,-0.7254220592764985,-0.2231017318479889,True,True,False,False,False,False,False,True,False,False,True,False,False,False,True,False
-0.516949509704092,-0.23110403608735813,-0.44247153851606075,0.4955468160341127,-0.17967931720888375,-0.18131476249778827,-0.9380651201033858,-0.15021972060262334,0.9806036984996656,-1.3724533653422455,-0.4878804026236952,-0.09288492182680286,-0.1822625075849783,0.5292717771859259,0.7558618563912607,-1.3416407864998738,0.7088053838231095,-0.20535560541833536,-0.19778388591892418,-0.18956094795239453,0.22172831447375577,0.2724074495530208,0.12087824613897098,0.2620644239707605,0.29360241605788634,0.23608011624022296,0.7017415406212143,0.5294068923985763,0.7297974634372696,-0.3679903822961944,-0.0021402639168774332,2.432261951699083,0.23040780653682147,-0.044754581050616415,4.86215477972662,-0.14510650640641712,-0.1455734267840734,-0.13648315334967345,-0.20390020471085887,-0.18385203778216,-0.6411206136761087,-0.8691416126497198,True,False,False,False,False,False,True,False,False,False,True,False,False,False,False,False
1.1072857189054262,-0.26695916495145877,0.5123199114875275,-1.8356141776229309,-0.2987779745790962,-0.24520455591470014,0.8497963024971392,-0.2666445005519419,-0.9536675602805765,1.1484387549258226,-0.08778640546480923,-0.2501182336534057,-0.2729518119887682,-0.10531902633740481,1.406523334941091,-1.3416407864998738,-2.2621861903013825,-0.26304961034250113,-0.2595919374241532,-0.18006139515691458,1.175573494195681,0.4628067507687313,0.9440280757051995,0.7056226306614891,1.118535346694166,1.101982706245152,0.32789038685873145,0.34550121818949775,0.25498056722686596,-0.11013612860212307,0.702719986041243,-0.4615933155514869,0.23040780653682147,-0.044754581050616415,-0.017148642382772285,-0.2377608944606523,-0.2378246134279141,-0.10455310015783913,-0.2590479574598369,-0.26976413945389366,0.0811491241170793,-0.9622202249724024,True,True,False,False,False,False,False,False,False,False,True,False,True,False,False,True
-0.7682719347074366,-0.23110403608735813,0.12444092187957584,-0.6193562678888211,1.6597332799532822,-0.1946648685849042,-0.6346374977600471,-0.2326021672334277,-1.9875021985941543,-0.13650211411695143,-1.1527458084049496,0.3742029563361173,-0.21703852274037555,0.6015298759711727,-0.7502616876167602,-1.3416407864998738,-0.8391621954841496,-0.2010819754239527,-0.21276126358742678,-0.1832279127554079,0.3833172182753303,0.6405063674107441,0.4800876025679822,0.3362119448225858,0.37268534186269603,0.4427051723255526,-1.176632549014678,-0.6331396909945284,-1.1694701214043448,1.1791351398682322,0.8789350485307733,-0.16171194070686826,0.23040780653682147,-0.044754581050616415,-0.017148642382772285,-0.16636129921173165,-0.1664272439713999,-0.1179559841447683,-0.20914727244814027,-0.2167961712652633,-0.09551769788073616,-0.012148860733831467,True,True,False,True,True,False,False,True,False,False,True,True,False,False,True,False
-1.2793881795055968,-0.223933010314538,-0.46553336430008685,-1.3288400485670517,0.8525090466662882,-0.14287819332389412,-0.7884439524592282,-0.19600665891602492,-1.887453685208969,0.004866282231949476,-0.8100340107256553,0.8684691166066901,-0.16308672234458024,-0.06447671418794694,-1.41746865665242,-1.3416407864998738,-0.8839817873863577,-0.16739571546823065,-0.16213350808826307,-0.17372835995992797,0.784445571160667,0.5541601683768612,0.6941639218697261,0.6931302141091661,0.8629131596500526,0.5532432262722891,-1.176632549014678,-0.6331396909945284,-1.1694701214043448,1.2650865577662558,0.9670425797755384,-0.21695324659929802,0.23040780653682147,-0.044754581050616415,-3.319188059708254,-0.094961703962811,-0.09462434135456171,-0.13415228564238782,-0.1682951022078779,-0.1656863673975544,-0.2353740048883988,1.3591896200332676,True,False,False,False,False,False,False,True,False,False,True,False,False,True,False,False
-1.0318454101179848,-0.23827506186017824,-0.8518682171953358,0.1914823386005853,-0.21937886966562126,-0.1211659328745188,0.03843748199409438,-0.12604966394647824,0.4136621226502844,-0.9908892640723085,-0.29223873038225234,-0.5464961140012791,-0.1466541263113202,0.7254128588255537,0.6212867409714247,-1.3416407864998738,-0.06709768561004889,-0.16714432546856106,-0.1636101509569887,-0.1832279127554079,-0.2731236960586751,-0.6471465949474198,-0.5829988530207257,-0.35945833145955536,-0.33209448088454296,-0.37753882442117015,0.7838064280324923,0.35206927798268023,0.8880697621740719,-0.4969175091432296,0.08596726732788773,0.6499406751554746,0.23040780653682147,-0.044754581050616415,0.865059389520496,-0.127359786200038,-0.12751205507766267,-0.11835269758163951,-0.16974072291100648,-0.15011938438427455,-0.46832198056939545,-0.16251541484129822,True,False,False,False,False,False,True,False,False,False,True,False,False,False,False,False
-0.00463117232886447,-0.015973262902754293,1.3945021564556288,1.0023209450899917,-0.13997976475214674,-0.04495296460796149,-0.5127039294590595,-0.07277341230300352,-0.6868715245867497,0.7727440055857289,-0.25503819686136214,0.514449995505515,-0.05975992887571676,0.6731258467583449,-0.8998074157833607,-1.3416407864998738,-0.38698226537613256,-0.016058935667150886,-0.02607141518426064,-0.1445963980537895,0.641634787179161,0.7011172847308474,0.45765054380471676,0.5975455791574837,0.6717234873255494,0.6531765563637086,-1.2222241531320541,-1.0337913383785924,-1.2425188746674827,0.44854808773503096,0.1740747985726529,-0.40635200965905716,0.23040780653682147,-0.044754581050616415,-0.592759506882416,-0.005402674084107079,-0.005361030775231169,-0.10362603459310564,-0.0322996730987477,-0.06780247641095365,0.2244716970788228,-0.7386713428928601,True,False,False,False,False,False,False,False,False,False,True,False,False,True,False,False
-0.12163220230081095,-0.2024199329960776,-0.49428482339655183,0.39419199022293694,0.7731099417528137,-0.16884488318564705,-0.783444574526429,-0.0024759940002716994,2.5146809037391686,-0.39499333972226436,-0.8548403213429219,-0.8503300428287104,-0.10693940552090848,-2.521466084696849,-0.303957874144016,-1.3416407864998738,0.8078883975120026,-0.1792110454527003,-0.20369045739382663,-0.17056184236143465,0.43904166581713117,0.14149501692395247,0.2176136345851517,0.32629688950393454,0.3621103209434878,0.257403646945316,1.5132720939105098,1.5737283995144165,1.5698581259633686,0.10474241614293588,0.1740747985726529,-0.02952738732141136,0.23040780653682147,-0.044754581050616415,-0.017148642382772285,-0.11394656743940262,-0.11401414616228255,-0.13319797354155535,-0.19415565034162197,-0.1124966994067969,-1.0979951750041046,-1.9032329742659573,True,True,False,False,False,False,False,False,False,False,True,True,False,False,False,False
-0.2181491277415794,-0.2526171134058185,-1.09224120063844,0.4955468160341127,-0.3384775270358337,-0.13011490508676132,-0.07107945769311035,-0.12468797061373768,1.0473027074231231,-1.6389000252956112,0.35952365347059123,0.7745018771048067,-0.15363393842763517,0.37777997825843046,0.20079380816400766,-1.3416407864998738,-0.03999304541950419,-0.14552478549697825,-0.17289190613183536,-0.17372835995992797,0.6177011043055551,0.39645081479215644,0.5084458221973945,0.5878615532129661,0.7047452573277886,0.3704616017048911,-0.7754264327817688,-0.7645008868581561,-0.767701978457079,0.6634266324800899,0.1740747985726529,20.138678813248315,0.23040780653682147,-0.044754581050616415,-0.3096090180426982,-0.10383506406600056,-0.10386915001677233,-0.11791217721090257,-0.1644401136662018,-0.1567315238435931,-0.30104912534156164,-0.32055188468280116,True,False,False,False,False,False,False,True,False,False,True,False,False,False,False,False
1.5363538382660653,-0.2633736520650487,-0.5516130959501427,-1.9369690034341065,-0.6296075783852412,-0.22517939678402626,-0.08778576128222587,-0.2542190488906842,-1.6206576495151428,0.31102972321918537,-0.10631136750152784,-0.6716604658321644,-0.25353234855143003,0.21232900359115756,-0.8602465786574144,-1.3416407864998738,-0.08249659982791459,-0.24180715537042266,-0.2396572586963575,-0.1832279127554079,0.5661455896415644,0.548549922435156,0.37302441645939566,0.5660527972998173,0.6178248539401747,0.5487428176412925,-0.30127374996105827,-0.36384923947409203,-0.14678757572039824,-0.11013612860212307,0.702719986041243,-0.3100743051036796,0.23040780653682147,-0.044754581050616415,-0.017148642382772285,-0.20825181318725444,-0.20831645206293858,-0.12569817537836808,-0.24014780530411917,-0.2513676270072794,0.0553608295845265,-1.7225715356332711,True,True,False,False,False,False,False,False,False,False,True,True,False,False,True,False
-0.09940503739399079,-0.19883442010966756,0.711510555637935,0.2928371644117611,-0.39141026364481674,-0.18652277091638844,-0.3205327022606477,-0.17438977725876842,0.6471086538823824,-0.13087354409836818,-0.05276970893198748,-0.4898899889774892,-0.19710516369958936,0.6451667971679661,-0.05539266303404162,-1.3416407864998738,0.0178851647916061,-0.20786950541503105,-0.20579994720629177,-0.17056184236143465,0.6437091411302747,0.7032039435304603,0.5979652519198645,0.6371834286273885,0.7543822610548991,0.7264501757988936,0.23670717862397928,0.2863886800508664,0.31585452827948185,0.23366954298997153,-0.17835532640640778,-0.16407942524511526,0.23040780653682147,-0.044754581050616415,-0.017148642382772285,-0.1706948006574754,-0.170760610325697,-0.12115313696686586,-0.20743394420739533,-0.1979128334799574,-0.4946570785597501,-1.055734713309799,True,True,False,False,False,False,False,False,False,False,True,True,False,False,True,False
0.015518484500811133,0.04498045616621679,-0.31835570689613885,-0.3152917904552937,1.6068005433442991,0.5106901870948023,-0.7071096136314502,0.15582085593081935,-1.854104180747241,-0.37651482478542975,-0.7616130733695169,1.5864484765188396,0.3838670856031698,0.6257592838389704,-1.6550406665758366,-1.3416407864998738,-0.6256751181456601,0.5344851636092024,0.3511053632845089,-0.12116416782493897,1.0373390294767502,0.9503805338437495,0.8468889581017703,0.9396771040641645,0.9879247143421986,0.785749096637082,-1.4593004945424088,-1.0337913383785924,-1.5468886799305621,1.1791351398682322,0.9670425797755384,-0.04057564849989731,0.23040780653682147,-0.044754581050616415,-1.259870472558407,0.650400544705112,0.6512148643135118,-0.11700595112566371,0.3956575965348263,0.35245578251825505,0.09210618734401185,2.180276005765312,True,False,False,False,False,False,False,True,False,False,True,False,False,True,False,False
1.1034431192127452,-0.21676198454171788,-0.10382990410172768,-0.2139369646441179,0.4687467062511602,-0.14647245265504072,-0.08664974750282683,-0.16758131059506556,0.04681757357127302,0.06335364015339487,-0.5265870306191154,0.3384831100288044,-0.18139636429090394,0.5829653098546271,-0.16838984983083755,-1.3416407864998738,-0.21313611356930812,-0.07086195559511664,-0.10939626277663422,-0.17372835995992797,0.7195986591336087,0.6190057597725687,0.6236087561284184,0.6842626954053519,0.7439030355688728,0.7294413136313301,-0.7754264327817688,-0.7645008868581561,-0.767701978457079,0.8783051772251493,0.702719986041243,-0.2374714459307719,0.23040780653682147,-0.044754581050616415,2.5684925991155,-0.13396321697450464,-0.13426573148009105,-0.0435714187301662,-0.10040447066835936,-0.18303151995779246,1.4792113986291282,-0.2867468300917353,True,False,False,False,False,False,False,True,False,False,True,True,False,False,False,False
-0.9893518908504779,-0.26695916495145877,-0.13363297676954677,-0.2139369646441179,-0.20614568551337573,-0.2405100131148352,1.072727616139297,-0.2584743405554985,0.4470116271120132,-0.1835358019006878,-0.5282437345410983,-0.7235224500091832,-0.2692845757575899,0.20785524484335668,1.406523334941091,-1.3416407864998738,-0.008527262513936564,-0.19530000543155265,-0.23628207499641324,-0.1832279127554079,-1.289223808667632,-1.1526443096132297,-1.5303211143599607,-0.9988210919068504,-1.0512101219064724,-0.8159155742482262,0.38260031179958304,0.41118181612131166,0.27933015164791297,0.10474241614293588,0.26218232981741807,-0.14119374137539437,0.23040780653682147,-0.044754581050616415,-0.017148642382772285,-0.23672910840214187,-0.23679285953403387,0.48259761369292375,-0.21862411927976078,-0.2662900806989112,6.156476661459664,0.9903540697568812,True,True,False,False,False,False,False,False,False,False,True,False,True,False,False,True
0.12672356345038618,0.06649353348467718,1.161898847108701,0.5969016418452885,-0.0076479232296887455,-0.05155466542027156,-1.2338821044163464,0.14152307593704336,1.180700725270036,1.2489671551629182,-0.568983590077134,0.03480313178316314,0.03681625474128039,-0.28091217777299726,-1.401463598041116,-1.3416407864998738,0.4732340141267684,0.03170516427006698,-0.001179435397171821,-0.1610622895659547,0.617018273962974,0.6061211851095923,0.4533982485441754,0.6022536742961485,0.5767629163459063,0.6090100760081772,0.8841079570907187,1.2978698882007993,0.6567487101741318,0.620450923531078,-0.4426779201407033,-0.47421989975547085,0.23040780653682147,-0.044754581050616415,2.1499283812234853,0.07053677982225938,0.06990570884006808,-0.1119538751098289,-0.0007101836600127211,0.023686403788515012,-0.2354323728078747,0.0434833641098064,True,False,False,False,False,False,False,True,False,False,True,False,False,True,False,False
0.36633550024570505,-0.2526171134058185,0.2283677923865743,1.1036757709011675,0.15115028659726124,-0.23192780205883212,-0.3100058393849546,-0.23753830556461225,0.5137106360354696,-0.26657692776103603,-0.7754691425351925,-0.02245515031250319,-0.2508784275946563,0.4927147012220316,-1.0486472364120558,-1.3416407864998738,-0.8205954574154358,-0.24256132536943137,-0.23385616171207832,-0.18006139515691458,0.8234595937866375,0.8397453315245215,0.5316365440276745,0.6964589547337057,0.7569111019273945,0.7823329928295901,0.8567529946202935,0.5097027130190326,0.8393705933319778,1.007232304072185,0.4383973923069484,-0.10134108498157003,0.23040780653682147,-0.044754581050616415,-0.017148642382772285,-0.2183633165606565,-0.21842764022296515,-0.10423709571428096,-0.23725656389786207,-0.24885350553985786,0.07496679091616434,-1.3785798303063286,True,True,False,False,False,False,False,True,False,False,True,False,False,True,True,False
0.46639201339319214,-0.24544608763299838,-0.14346361899934057,1.5090950741458709,2.916885774416633,-0.22554615794026572,-1.330121954411065,-0.22170862057150315,-0.28667747104601016,-0.11505924847153655,-1.64629296770842,1.6323983376519526,-0.2299003887590673,-1.5069045324296402,-0.6499421431844841,-1.3416407864998738,-1.3384031135460315,-0.22898626538727473,-0.21782403913734316,-0.11799765022644565,0.9551195739395847,0.9887414264269966,0.8149315962235432,0.6109578741205312,1.005331235288919,0.8017899319070573,-1.8878615732457447,-1.4278749259694758,-1.9364820306673045,1.3510379756642796,0.8789350485307733,-0.17078729810348173,0.23040780653682147,-0.044754581050616415,-0.017148642382772285,-0.19937845308406488,-0.19944336857556832,-0.11554153369518623,-0.21808870420452797,-0.22898051812237608,0.012516294281355485,-0.012148860733831467,True,True,False,True,True,False,False,True,False,False,True,True,False,False,True,False
-0.5382655352068547,1.0740226545659053,1.038504410431575,1.407740248334695,-1.9264596253053294,0.5031349072762696,-1.8586208475938408,0.8111357723122177,-0.8202695424336631,0.07588705447262702,2.4688089650498113,-2.306273048725346,1.0854889942562793,0.58713534602184,-1.3598770992210494,-1.3416407864998738,2.1197849719470003,0.8803978031545275,0.6251280899237325,-0.09773193759608845,-0.20611880408929936,-0.41526460613597654,-0.4385900977369325,-0.1700489797341931,-0.24067041772468853,-0.2556441826403247,-2.3073043311256036,-2.748054944398935,-2.326075381404045,-2.0440430313076563,-2.6453662012598307,-0.2414172534945169,0.23040780653682147,-0.044754581050616415,-1.8901078729684084,1.1702143609826585,1.1722633787633612,-0.12405469094778594,0.6840856975627336,1.0171186459904196,-0.5294311732870002,-0.5962565350964979,True,False,False,False,False,True,False,False,False,True,False,False,False,True,False,False
-0.7225889416314244,-0.18807788145043736,0.2908355831873617,-0.1125821388329421,-1.039836287104861,-0.15329421016109446,-0.6880571505879295,-0.1968577172489878,-1.7874051718237844,-0.5476649500524327,1.217997503952673,-1.505389766950484,-0.1606354644426874,0.2813256097106679,0.9621081678999711,-1.3416407864998738,1.0925326765641823,-0.1731776854606307,-0.17795468168175174,-0.1768948775584213,0.49750571569624225,0.5561332548216984,0.4587173876092084,0.6002335494117553,0.5769049771177831,0.6574178745111734,-0.5930600163122645,-0.7316605878922492,-0.47550696540452303,-1.0126260165313719,-0.8832155763645282,0.07700941689970316,0.23040780653682147,-0.044754581050616415,-0.017148642382772285,-0.14036029053726923,-0.14042704584561727,-0.11420517705887394,-0.17905694522005713,-0.16336423338764514,-0.4541430278226332,-0.5730259479713671,True,True,False,False,False,False,True,False,False,False,False,False,True,False,False,False
-0.5077323288684831,-0.26695916495145877,-0.5420580722132677,-2.1396786550564584,-0.3120111587313418,-0.2382360939461506,-0.39580329007539417,-0.26000624555483165,-1.4872596316682294,-0.676350777449504,0.1316515594742071,-0.03561058197287356,-0.26318297021242554,-0.12921376044408825,-1.1668972704423408,-1.3416407864998738,0.13181178587726142,-0.24419536036728356,-0.24883353938058092,-0.18006139515691458,0.22248323744939588,-0.05608098832538495,0.4975289737385543,0.6684167283982968,0.5312358213586568,0.5828523446078481,-0.30127374996105827,-0.36384923947409203,-0.14678757572039824,-0.11013612860212307,0.9670425797755384,0.19143783624830762,0.23040780653682147,-0.044754581050616415,-0.017148642382772285,-0.22579217618193148,-0.22585626825890306,-0.0791615930501794,-0.2455554975639704,-0.26050988688881216,0.5039501771749272,-0.794483561905989,True,True,False,False,False,False,False,False,False,False,True,False,False,True,False,True
-1.3407760454850741,-0.17732134279120718,-0.003869770846276611,1.0023209450899917,-1.10600220786609,-0.046640065926662956,0.7409959330089122,-0.11821992728321998,-0.15327945319909678,0.14134303136310938,0.8550287355909506,-1.059871571076392,-0.11701224187957253,0.3215592973353097,0.5297844728838463,-1.3416407864998738,0.5784708439781302,-0.12139134552869975,-0.13323349765749046,-0.1610622895659547,-0.5845258958329768,-0.715329413748015,-0.6416696695969043,-0.43116256627607524,-0.5500539589319552,-0.43438440763472363,0.8567529946202935,0.5097027130190326,0.8393705933319778,-0.4109660912452063,-0.6188929826302326,-0.2623300335823653,0.23040780653682147,-0.044754581050616415,0.9991274055416957,-0.08691377270642978,-0.08711365580079986,-0.113145814331477,-0.13295770724251338,-0.1220389331581467,-0.27666960849324534,1.4135080681640773,True,False,False,False,False,False,True,False,False,False,True,False,False,False,False,False
-1.4530491751405097,-0.19883442010966756,0.24264909361803347,0.1914823386005853,0.32318168057645624,-0.17177897243556264,-0.14954321331905104,-0.15107077893558618,0.580409644958926,0.10018702526182294,-0.5006822056571999,-0.19411562344324687,-0.17292794378338042,0.46214199334043143,0.5955360710510842,-1.3416407864998738,0.4464807377451058,-0.21189174540974412,-0.20959702886872905,-0.16422880716444802,-0.13476497564111964,-0.43807040685910603,-0.1235562939408902,-0.28108904519431044,-0.16868443692508756,-0.1392638213550573,0.7838064280324923,0.35206927798268023,0.8880697621740719,-0.19608754650014684,-0.09024779516164261,-0.24930886862200688,0.23040780653682147,-0.044754581050616415,-0.017148642382772285,-0.17131387229258163,-0.17137966266202517,-0.12498226880454907,-0.21053935164374554,-0.17500918691174747,-0.8811099449168075,1.5520995237614175,True,True,False,False,False,False,False,False,False,False,True,False,False,False,False,False
-1.3742015062525808,-0.2633736520650487,-0.22014614374293093,-2.1396786550564584,-0.8148721565166822,-0.2228321253840938,0.7211505372838047,-0.2635806905532756,-2.587793278905264,-0.47590959775383324,0.4915328341631429,-0.31677466352714845,-0.26108154734574374,-0.03671727762060176,-0.5634609450038949,-1.3416407864998738,0.4936698631966212,-0.2493488553605097,-0.2542127384023671,-0.17372835995992797,-0.07418288472092972,-1.1863185007310528,0.10762834948599197,-0.1678950972154242,-0.34833482926119247,-0.5187764040309419,-0.5109951289009877,-0.40982565802636034,-0.4268077965624307,-0.7977474717863128,0.4383973923069484,0.023741014789145896,0.23040780653682147,-0.044754581050616415,-0.017148642382772285,-0.21650610165533776,-0.21657048321398067,-0.12847753530076053,-0.24994590118087934,-0.2585191597996084,-0.1849086240186048,-0.012148860733831467,True,True,False,True,True,False,True,False,False,False,True,True,False,False,False,True
-2.661552123926482,-0.23110403608735813,0.9664916931792706,-0.011227313021766296,-0.2723116062746047,-0.2066212822783102,0.5222418139503194,-0.22596391223631743,0.1802155914181864,-0.24536651427427586,-0.4316277740000009,-0.30242851345466903,-0.2382723030499809,0.48931201012938813,-0.6815959772153494,-1.3416407864998738,0.2740226872695775,-0.2252154153922312,-0.22984813106839452,-0.18006139515691458,0.22782766879563238,0.2997518773843872,0.5277824175633987,0.35106544990413624,0.1451915850789239,0.4567085184156069,0.8567529946202935,0.5097027130190326,0.8393705933319778,-0.5398932180922414,-0.3545703888959381,-0.11160018464730699,0.23040780653682147,-0.044754581050616415,-0.017148642382772285,-0.20556916943512737,-0.2056338919388499,-0.09644510139172956,-0.22783325857376485,-0.23691142856960573,-0.06930656999951229,0.5672529150017648,True,True,False,False,False,False,True,False,False,False,True,True,False,False,True,False
0.41697990908253524,-0.27054467783786884,-1.2684590247053842,-0.6193562678888211,3.52561224541994,-0.21571695895304852,-0.43055642807670785,-0.24638931222742594,-1.2538131004361315,-1.13757048075508,-1.6471213196694114,1.6580974031614661,-0.2475730896757653,0.35421314056330117,-0.9970146541272912,-1.3416407864998738,-1.7152591313248269,-0.23325989538165737,-0.2406065291119668,-0.17372835995992797,0.9842361294451057,1.0216918572435145,0.7199360735860909,0.8512732080495589,0.9220300967076934,0.9282862582004687,-0.4836401664305626,0.30609285943041015,-0.7190028096149866,1.3510379756642796,1.0551501110203036,1.0425485277481004,0.23040780653682147,-0.044754581050616415,-0.017148642382772285,-0.20329924010640446,-0.20336403337231335,-0.11684494563629581,-0.2361857337473965,-0.24572228153043293,-0.057715218761166615,-0.012148860733831467,True,True,False,True,True,False,False,True,False,False,True,False,False,True,True,False
0.6262279933076961,-0.26695916495145877,-0.9035756675663342,-1.227485222755876,2.916885774416633,-0.2390429684898774,-1.6147928985564124,-0.24451698389490767,-0.21997846212255318,0.26715769715887805,-1.8793610876419324,1.3913663450575,-0.25289782017721957,0.12356219823906345,-0.5413021935113803,-1.3416407864998738,-2.07599394634864,-0.25450235035373586,-0.25874814149916714,-0.1863944303539012,1.0273150098129211,0.9026628991393995,0.7703895360514993,0.892754539081554,0.9662725067923628,0.8328040002109962,-1.176632549014678,-0.6331396909945284,-1.1694701214043448,1.3940136846132916,1.0551501110203036,-0.29863146316881917,0.23040780653682147,-0.044754581050616415,-0.017148642382772285,-0.21609338723193358,-0.2161577816564286,-0.14341908278492035,-0.2555142179633004,-0.2507665234200686,-1.0883880135471462,-0.012148860733831467,True,True,False,True,True,False,False,True,False,False,True,True,False,False,True,False
-0.5883382602202097,-0.20600544588248768,-0.305694459004333,0.5969016418452885,0.17761665490175274,-0.16451710154202157,-0.7035288456841551,-0.12417733561395997,0.08016707803300122,-0.10988308814135452,-0.4948837419302595,0.13420784036438346,-0.1425140096187531,-3.6466567410203283,0.3712386487619481,-0.4472135954999579,-0.8181443195763324,-0.17418324545930897,-0.17247000816934233,-0.17372835995992797,0.5495932268018237,0.5298180540142036,0.21088757494515248,0.43274872525628494,0.47564780044212546,0.533716549061929,1.8141766810851914,1.869291090207579,1.789004385752785,0.49152379668404284,0.6146124547964777,-0.1727602018853542,0.23040780653682147,-1.677829989344405,-0.017148642382772285,-0.13024878716386715,-0.1303158576855907,-0.12157840698413687,-0.17643341135141644,-0.17122648562747034,-0.2946576377005198,0.03645915887953003,False,True,False,False,False,False,False,False,False,False,True,False,False,False,False,False
-1.0103432058005912,-0.2418605747465883,0.3270870814635928,-1.4301948743782276,-1.291266785997531,-0.20185338724719737,-0.13724069481999043,-0.24332550222875968,-1.6206576495151428,-0.1571023732253384,1.4974533337017084,-1.4577721128832979,-0.23667995047591664,-0.07500336801530533,-1.2180477885365852,-0.4472135954999579,1.2930329646035907,-0.20535560541833536,-0.1872364368565984,-0.16422880716444802,0.23369606399935394,0.2611504450269306,0.30054407581209236,0.4308825759101362,0.3124379589787584,0.31819765043980747,-0.30127374996105827,-0.36384923947409203,-0.14678757572039824,-0.8836988896843365,-0.0021402639168774332,-0.1530311640666293,0.23040780653682147,2.7265218352361673,-0.017148642382772285,-0.189679664134067,-0.18974488197309386,-0.09413802674885298,-0.19640439365759974,-0.22164233841300246,0.5069809169629025,-0.012148860733831467,False,True,False,True,True,False,True,False,False,False,True,False,False,True,True,False
0.7308805357863722,-0.09126903351736564,0.6603655614587274,1.1036757709011675,0.01881844507480323,-0.06351107911367757,-0.6112652287985774,-0.0077525556646414005,0.9806036984996656,0.6235209128343518,-0.24720650559380633,0.5308403525717492,-0.07259525568484076,0.7269121257222058,-0.3825560537913119,-0.4472135954999579,0.8406300882932479,-0.03692430563972501,-0.043158282665228385,-0.15979568252655738,0.5663708864639518,0.7874497069327351,0.5872827211301846,0.51659005514559,0.6131972153749812,0.591488524376306,0.4646651992108597,0.7527209253667444,0.4254276581741901,1.3080622667152677,0.08596726732788773,-0.3795205182255913,0.23040780653682147,0.6767135962384702,0.7407834340818419,-0.016133249092615383,-0.016345537439441657,-0.10690077389651445,-0.05114628374694212,-0.06335389506832761,0.007125142248841898,-0.30115860338251726,False,False,False,False,False,False,False,True,False,False,True,True,False,False,False,False
0.8161503459441866,-0.2418605747465883,-0.11491634945122506,1.1036757709011675,1.2759709395381542,-0.21036224607195259,0.38593882585541983,-0.19634708224921008,1.1473512208083072,-0.24852635386432276,-0.14667469941893096,0.47177085012565073,-0.2250871412056458,0.5049695219210397,-0.8798794540044279,-0.4472135954999579,0.7804981669035037,-0.23426545538033564,-0.22457440653723165,-0.17056184236143465,0.00995506525539632,0.4137861668674867,-0.07984055466658915,0.19372073400581705,0.22070963554907586,0.30836962466168644,-0.1462622959619791,-0.13396714671274337,-0.35375904329929125,0.5344995056330547,-0.26646285765117295,-0.1104164423781835,0.23040780653682147,-2.149249598803862,-0.017148642382772285,-0.19999752471917115,-0.2000624209118965,-0.12391589524876215,-0.2282080491264278,-0.2375549332450184,-0.057277821556673436,1.5714562651475121,False,True,False,False,False,False,False,True,False,False,True,True,False,False,True,False
-0.5039585049855856,,,0.900966119278816,-1.2780336018452851,-0.24227046666478455,-0.6139503891679443,-0.2542190488906842,-0.5868230112015651,,0.6550193893733709,-2.0224020499485906,-0.2611732282515232,0.6921059153886826,1.0603947685119777,-0.4472135954999579,0.04552718512260131,-0.25412526535423147,-0.24271601892443198,-0.18956094795239453,1.012010908199221,1.053123835027014,0.7524655577646706,0.8780179790835956,0.9505550523508906,0.9535002587230836,0.8567529946202935,0.5097027130190326,0.8393705933319778,-2.516775829746787,-0.7070005138749978,,,-0.7496743454354655,-0.017148642382772285,-0.22950660599256897,-0.22957058227687202,-0.10330767088028624,-0.24748299183480849,-0.26020652172915826,0.2517254262923131,-0.012148860733831467,False,True,False,True,True,False,False,False,True,False,True,False,True,False,False,True
0.43485303547997345,-0.2741301907242789,-1.5295774418766945,-1.1261303969447,-0.7619394199076992,-0.25496040267066944,-0.2587416874883729,-0.2700487338837933,-0.9536675602805765,-0.30843419490982155,0.7072055629158343,-1.4756879078074703,-0.2772559892495722,0.7019185235341425,1.406523334941091,-0.4472135954999579,0.7574475804199556,-0.2641808653410142,-0.26275617214285096,-0.18956094795239453,-1.3596465887494407,-0.19629728186711057,-0.5405814383338972,-1.405688303100582,-1.4851592156265983,-1.1994952303469004,0.38260031179958304,0.41118181612131166,0.27933015164791297,-2.2159458671037036,-2.82158126374936,-0.07924456262459814,0.23040780653682147,-0.37272789725155636,-0.017148642382772285,-0.2414753242712898,-0.24153892744588307,-0.054622708212310064,-0.26193919886609396,-0.2740058772245676,0.8122127708715715,-0.012148860733831467,False,True,False,True,True,False,False,False,True,True,False,False,True,False,False,True
-0.06312715027226738,-0.2346895489737682,-0.711905257166409,-0.2139369646441179,-0.45757618440604575,-0.14148450093018422,-0.7044030443794596,-0.16894300392780615,-0.7869200379719349,-0.4665979755596531,0.17141245360179824,0.4006546838360596,-0.1583941075619212,0.3944089139722829,0.17156668542532214,-0.4472135954999579,0.6027853684851205,-0.12516219552374327,-0.12669407923884848,-0.16739532476294133,0.510597734734668,0.5797548144186747,0.7006494668463312,0.31515990162045276,0.47828258546774494,0.4228580692179896,-0.4836401664305626,-0.5280507343036268,-0.5485557186676625,0.7493780503781137,0.6146124547964777,0.017033141930779427,0.23040780653682147,1.319736500504696,-1.9095135645864598,-0.12199449869578385,-0.12187101158406151,-0.09398591470185046,-0.13177979407700122,-0.14271236220277184,-0.0012617836040393273,-0.012148860733831467,False,False,False,True,True,False,False,True,False,False,True,False,False,False,False,False
-0.04526192745649091,-0.25620262629222856,-0.90605959976439,0.2928371644117611,-0.7222398674509617,-0.19378464180992952,-0.5110045182867726,-0.20775126391091234,-0.6201725156632933,-0.21440898871491523,0.9999150240407335,-0.3841644651021123,-0.20935180258739264,0.4230954868928588,0.34862455650444385,-0.4472135954999579,-0.08821852422753891,-0.20233892542230056,-0.20411235535631966,-0.17372835995992797,0.6474026435821129,0.6405063674107441,0.39417270013516836,0.5269309500696481,0.6363696870051393,0.5692331838858832,-0.7754264327817688,-0.7645008868581561,-0.767701978457079,-0.7977474717863128,-0.5307854513854685,-0.12659425338953792,0.23040780653682147,0.09160131274229837,-0.017148642382772285,-0.1706948006574754,-0.170760610325697,-0.11514777935455608,-0.20448916129361494,-0.20842728872487828,-0.18953088793544332,-1.8219783483694068,False,True,False,False,False,False,True,False,False,False,True,False,False,False,True,False
-0.2971942236189534,-0.26695916495145877,-0.46518706480966243,0.39419199022293694,0.4422803379466687,-0.23024070074013064,0.9411370527886358,-0.2583041288889059,-0.6535220201250215,0.5432861326878426,-0.6671056450927614,1.8429638831136377,-0.2649200821114047,0.24553050331101967,-0.8330347315626654,-0.4472135954999579,-0.5170385062000443,-0.24520092036596183,-0.2359656515245435,-0.1629622001250507,0.668529477606656,0.6644150431043976,0.9440280757051995,1.0355149640618153,0.8581658904620895,0.8718349125859465,-0.5109951289009877,-0.40982565802636034,-0.4268077965624307,0.5344995056330547,0.702719986041243,-0.36334270721423684,0.23040780653682147,2.6339428719657865,-0.017148642382772285,-0.2241413184883148,-0.22420546202869462,-0.09132335141704159,-0.23800614500318798,-0.25717786995916375,0.816227714892062,-0.012148860733831467,False,True,False,True,True,False,False,True,False,False,True,True,False,False,False,True
0.4329788256918747,-0.25620262629222856,-0.7103226011799333,0.39419199022293694,0.15115028659726124,-0.21689059465301475,0.23670500061037225,-0.21626184724054087,0.2135650958799146,-0.44899486556073126,0.34423679455411205,-0.46561478171486825,-0.22604737806091485,0.4510059802287426,1.406523334941091,-0.4472135954999579,0.78789706599821,-0.24595509036497054,-0.2383915648088784,-0.18006139515691458,-0.23288210744049867,-0.19629728186711057,-0.21066821299187058,-0.1850866695193847,-0.18331193446621752,-0.1766161474171002,-0.4836401664305626,-0.5280507343036268,-0.5485557186676625,-0.711796053888289,-0.9713231076092933,0.005195719239544481,0.23040780653682147,-2.611817079982588,-0.017148642382772285,-0.2074263843404461,-0.20749104894783438,-0.1358753134858134,-0.24100446942449164,-0.24108024495260066,-0.5517365254372288,-0.012148860733831467,False,True,False,True,True,False,True,False,False,False,False,False,True,False,True,False
-0.3810992463019591,-0.18807788145043736,-0.49764160981777267,0.4955468160341127,0.17761665490175274,-0.032776494220811817,-0.14554049806057145,-0.10000727895781489,-0.8536190468953914,-0.6610313211884092,0.5718829743793167,0.7297124164411626,-0.06775064361102102,0.03127375613371113,0.2703053645828098,-0.4472135954999579,0.624035437372237,0.018884274286919023,0.010633707552633043,-0.13129702414011757,0.19969025178437444,0.27482699101519276,0.2144902309685439,0.25576944875195606,0.20159131573763103,0.25377216450361106,0.37348199097610757,0.3914776367417679,0.31585452827948185,0.3196209608879953,-0.26646285765117295,0.1764437675060767,0.23040780653682147,0.6515911391386479,-1.7612611837710181,0.018741119685036604,0.019044839108188792,-0.10084298142432921,0.002341682268814217,-0.05897160150908092,0.4457491959070838,-0.5999188724252148,False,False,False,False,False,False,False,False,False,False,True,False,False,False,False,False
0.888301606951955,-0.25620262629222856,3.6906001646003705,-1.734259351811755,0.27024894396747323,-0.2517329044957623,-0.4587937493455101,-0.2640913255530533,0.3803126181885568,-0.2042568424218586,-1.0161430395650815,-0.19612185203922353,-0.27334266216603853,0.824358528595674,1.406523334941091,-0.4472135954999579,-0.03545897145213927,-0.26392947534134464,-0.2601193098772695,-0.1863944303539012,-0.6682229297644086,-0.3267082401961261,-1.2154039447153036,-0.7399055938744746,-0.7750606986300272,-0.5718194294581598,0.8567529946202935,0.5097027130190326,0.8393705933319778,-2.2159458671037036,-0.8832155763645282,-0.1313292224660319,0.23040780653682147,-0.2700107244021031,-0.017148642382772285,-0.23941175215426894,-0.23947541965812255,-0.09396695129863965,-0.260225870625349,-0.27034422749528547,-0.06205257141915365,-0.012148860733831467,False,True,False,True,True,False,False,False,True,False,False,False,True,False,False,True
1.48948902641567,-0.24903160051940845,-0.7262463941629522,-0.720711093699997,0.7069440209915847,-0.2116092340031667,-1.2315571876603495,-0.17813443392380499,0.7471571672675675,-0.24908731064136783,-0.8179410067169376,1.4394932456911196,-0.20324054642056724,-3.450713183354368,-0.38585833588529117,-0.4472135954999579,-1.3980421540305488,-0.20786950541503105,-0.20643279415003132,-0.1768948775584213,0.8866595246292844,1.0747451353510264,0.6902486715959567,0.757315161536185,0.8218180176547619,0.8397060183144329,-0.1462622959619791,-0.13396714671274337,-0.35375904329929125,1.2650865577662558,0.9670425797755384,-0.11002186162180899,0.23040780653682147,-0.9683362731045314,2.2182086424713154,-0.1849334482649191,-0.1851098265136007,-0.10483500981196756,-0.2082906083277678,-0.21170913968010516,-0.21371796383253794,-0.3550717469818734,False,False,False,False,False,False,False,True,False,False,True,True,False,False,True,False
0.5342337878699275,0.729813417470539,1.414748335518914,-0.011227313021766296,-0.5369752893195208,0.24148749841504746,-1.890301674549573,0.6707111473733466,0.4136621226502844,2.9598382099873666,-0.01519265179246478,-0.14589803125960216,0.5938018839056353,0.43637042659889286,-1.2594091380087433,-0.4472135954999579,1.1553375084316355,0.5621380635728548,0.5240835279066516,-0.06923327920964863,0.20783286000060597,0.373876750594334,0.1867298299269538,0.10784100769404364,0.16922527861076783,0.1092192005601175,0.40995527427000816,1.1336683933712646,0.16975702175320473,0.5774752145820666,-0.4426779201407033,-0.6028532263335573,0.23040780653682147,1.4528123699300228,0.500207770173918,1.017303667111415,1.0166694296348575,-0.13648148220458575,0.4996352041450353,0.6956106571539333,-0.42514271855797775,-0.06757837371120952,False,False,False,False,False,False,False,True,False,False,True,False,False,True,False,False
0.6654989234259155,5.129237729095688,1.3081075390918175,0.1914823386005853,-0.0076479232296887455,3.0395083593657968,-1.419913379498509,4.352219284104065,-0.28667747104601016,1.070336131141623,0.2954393335793411,0.17007681929383647,4.552076737825394,0.5325130176304054,-1.5940784919066118,-0.4472135954999579,0.7248794119555675,3.9921032190644365,4.136584831753228,1.720482467458772,-0.12599038767346338,0.1269916563317886,0.061559292145252895,-0.10577178162298426,-0.12347173205838316,-0.07577427354194805,-1.769323402540566,-1.5329638826603773,-1.9486568228778263,0.6634266324800899,-0.09024779516164261,-0.45133421588574996,0.23040780653682147,0.6183417282839085,0.36157764431512296,5.030332363081818,5.028479721498893,-0.12437568584632891,3.945780794373404,4.653776106843176,-0.2954112927355807,0.09303309999699858,False,False,False,False,False,False,False,True,False,False,True,False,False,True,False,False
-1.376069710702652,-0.2633736520650487,-0.5708349615098937,0.5969016418452885,-1.0266031029526153,-0.22958053065889966,1.0224571662057922,-0.24877227555972195,-0.6201725156632933,-0.5970218578988733,1.006918363347298,-1.3097482898019108,-0.2530232782588125,0.3699520135219404,1.406523334941091,-0.4472135954999579,1.1865751982494666,-0.2587759803481185,-0.2560058047429624,-0.1832279127554079,-0.9769718592482874,-1.4684192716048712,-1.57700694813477,-1.0372047910760664,-1.0921487156536498,-0.8521023342575313,-1.741968440070141,-2.2685865794966933,-1.607762640983178,-1.7002373597155613,-1.7642908888121789,0.11765123480627647,0.23040780653682147,-2.136058457150774,-0.017148642382772285,-0.22826846272235649,-0.22833247760421568,-0.1308229688727336,-0.25567484248587025,-0.2575089765835317,-0.8159188549705146,-0.012148860733831467,False,True,False,True,True,True,False,False,False,False,False,False,True,False,True,False
,-0.2741301907242789,-1.5295774418766945,-1.9369690034341065,-0.9339708138868945,-0.2584079575393203,-1.172170431404387,-0.27243169721608934,-0.5534735067398363,-1.6878977125609278,1.2721416003120252,-2.6789802409082455,-0.28023079337657403,-0.20583485497608386,1.406523334941091,-0.4472135954999579,0.5467277677234916,-0.27109409033192733,-0.26697515176778125,-0.18956094795239453,-2.724765094950661,-3.1756860990761737,-3.624001198261248,-2.7201823700341814,-2.8871485953377802,-2.438752580819545,0.32789038685873145,0.34550121818949775,0.25498056722686596,-2.645702956593822,-1.411860763833119,-0.5657626352343544,-4.340130723132376,-1.3624309773300876,-0.017148642382772285,-0.20195791823034093,-0.20202275331026898,-0.1893210418288446,-0.26702564208080554,-0.27688845254319183,-0.7264102160147156,-0.012148860733831467,False,True,True,True,True,False,False,False,True,False,False,False,True,False,False,True
-1.2236796704597444,-0.2346895489737682,0.6713259777280162,-0.720711093699997,-0.36494389534032523,-0.21153588177191882,0.4085279663250704,-0.22596391223631743,0.2135650958799146,-0.5734005016422795,0.011013392064356661,0.3160306404093566,-0.2367282035842216,0.5208294688092319,0.8160800224684276,-0.4472135954999579,-0.03552506592658515,-0.23866478037455308,-0.23902441175261796,-0.1832279127554079,0.20581717831503205,0.924666857212355,0.4572708579874628,0.10172136460078773,0.26486499839227795,0.3473997762149724,0.44642855756390876,0.3914776367417679,0.595874749121516,-0.2390632554491587,0.08596726732788773,0.09792219698755156,0.23040780653682147,-0.9386317512605928,-0.017148642382772285,-0.20680731270533986,-0.2068719966115062,-0.12153026767816523,-0.2384880185708975,-0.2398824180473395,-0.4672760574566913,-0.4641590070548104,False,True,False,False,False,False,False,False,False,False,True,False,False,False,True,False
1.7087853992869049,-0.03748634022121468,1.0871748217510213,0.7996112934676401,0.11145073414052373,-0.11038315488107903,-1.3443565264466724,0.006204800995949422,0.8472056806527528,2.7228645574961514,-0.28809697057729494,0.1168557531146232,-0.056840615823265626,0.3060650486217612,-0.6232534882481348,-0.4472135954999579,-0.30236719993651273,-0.14301088550028257,-0.1298583139575462,-0.16422880716444802,0.1392231196382487,0.2826001888778293,0.2921934669673659,0.11151675544622247,0.05419389048431362,0.19602621341557483,1.4312072064992318,1.5474561603416919,1.5211589571212762,0.7493780503781137,-0.17835532640640778,-0.5910158036423223,0.23040780653682147,-0.006660966871352212,3.2060633147382354,-0.027276538524527855,-0.02792004756826663,-0.14223600029033673,-0.14072122583338892,-0.06409401575754671,-0.8059340693326393,0.2609182911831354,False,False,False,False,False,False,False,True,False,False,True,True,False,False,False,False
0.2077836671325135,0.561294311809266,0.8241726999001554,0.6982564676564643,-1.502997732433464,0.5475863594124908,-0.8553529825193499,0.46815926412818715,-0.8869685513571195,0.0021942537788784693,2.1590806363627233,-0.926408396839059,0.6211613963145575,0.14671710621890624,-1.0286171915291908,-0.4472135954999579,1.4024118301380077,0.6787830234195342,0.6472777329546165,-0.005269623720083705,0.46120340194439513,0.5315923939158628,0.38625368095036977,0.42916307762406597,0.4555198246671712,0.4871023558302423,-1.1401592657207775,-1.395034627003569,-1.108596160351729,-0.711796053888289,-1.6761833575674148,-0.21616408508654902,0.23040780653682147,0.9238651326311933,-1.83702413978475,0.7174666385082888,0.7187987444899476,-0.10992210686624616,0.6172658961736807,0.6734849438989172,-0.14704982398513286,0.08612716201212275,False,False,False,False,False,False,True,False,False,False,False,False,False,True,False,False
-0.26732381723905774,0.42863033501209363,1.7028912020169482,1.7118047257682223,-0.40464344779706274,0.13490670641186384,-0.7570315381322783,0.2911391308719133,0.04681757357127302,0.03829878553430111,-0.0423023523340042,-0.22123127508927704,0.27119849036646265,0.2007718118876916,-1.3575627991523747,-0.4472135954999579,0.7964508700878632,0.19234337405892074,0.24478707673626515,-0.07619961792633392,0.4806951845233538,0.7713129335719512,0.49896312502966766,0.282767061553498,0.3379845143067818,0.3824628374176576,-1.3134073613668065,-0.9089982023081471,-1.339917212351669,-0.11013612860212307,-0.6188929826302326,-0.22879066929053296,0.23040780653682147,-1.0864775133140554,-1.309312672389514,0.3177527194413545,0.31826396891856606,-0.12323590342824323,0.19974922050714616,0.1823369586912608,0.020111341165795396,-0.6337682987756682,False,False,False,False,False,False,False,False,False,False,True,False,False,True,False,False
-1.701177127547015,-0.24903160051940845,1.295300815496151,-2.5450979583011613,-0.35171071118807923,-0.24388421575223812,-0.6259796654596119,-0.24996375722586994,0.08016707803300122,0.5748842682835414,-0.48584717508307973,-0.6561511055794649,-0.2596050022316114,-0.005129561076374235,-0.6407610948828079,-0.4472135954999579,0.17696237448778912,-0.262546830343162,-0.2518922996086554,-0.1832279127554079,-1.5652049738531,-1.0880262671979488,-1.0622009973206077,-1.9335160365411004,-1.3444189690146664,-2.319133145445738,-0.30127374996105827,-0.36384923947409203,-0.14678757572039824,-0.06716041965311119,-0.3545703888959381,-0.37005058007260333,0.23040780653682147,-1.957740202366335,-0.017148642382772285,-0.22888753435746273,-0.22895152994054388,-0.1466726180143564,-0.25519296891816073,-0.26179388584071217,-0.45611608935775183,-0.012148860733831467,False,True,False,True,True,False,False,False,False,False,True,True,False,False,False,True
,-0.2741301907242789,-1.5295774418766945,-0.8220659195111727,0.28348212811971923,-0.25488705043942156,1.6070443822493745,-0.2702189455503859,-0.21997846212255318,-0.004167074164244078,-0.8113141910290058,-0.1295981552153968,-0.2780787047461721,0.4146618148038304,1.406523334941091,-0.4472135954999579,-0.4724809283426642,-0.26606629033853596,-0.2638109170490835,-0.1863944303539012,-0.5145732277677363,-0.6744707957401718,-1.0354512763469306,-0.5919538807131189,-0.6172610281863464,-0.43233591814955213,0.38260031179958304,0.41118181612131166,0.27933015164791297,-0.9266745986333482,0.6146124547964777,-0.21379660054830202,0.23040780653682147,-1.4884050221115255,-0.017148642382772285,-0.24395161081171476,-0.24401513679119566,0.033689549650530476,-0.26301002901655957,-0.2752134425607478,1.240921279697131,-0.012148860733831467,False,True,False,True,True,False,True,False,False,False,True,False,True,False,False,True
0.29091102501218286,,,0.1914823386005853,2.9036525902643873,-0.24843205408960728,-1.7437115104148369,-0.24758079389357396,2.2145353635836145,-0.9539213013983435,-1.7789045861907837,1.50270257895672,-0.26469570515778656,-0.015216402505253355,-0.7384602786255832,-0.4472135954999579,-1.655731021838141,-0.2555079103524141,-0.2493609118336972,-0.18006139515691458,0.9194906575345587,0.9484211301320349,0.6441069617579089,0.788928775459554,0.8555358959546961,0.8695101873974709,-1.8878615732457447,-1.4278749259694758,-1.9364820306673045,1.3940136846132916,0.9670425797755384,0.5757594929570689,0.23040780653682147,1.430845201573878,-0.017148642382772285,-0.22599853339363357,-0.2260626190376791,-0.1242360185340099,-0.25064194077868196,-0.2591645097055431,-0.1960813018021799,-0.012148860733831467,False,True,False,True,True,False,False,True,False,False,True,True,False,False,False,True
0.53795022047903,-0.1952489072232575,0.6398714379438749,0.5969016418452885,-0.08704702814316326,-0.19701213998483666,-1.0718077989172785,-0.17881528059017526,-0.053230939813911575,0.3745211800185497,0.07585075919287178,0.15570090420874072,-0.19045588537516348,0.5081897247116786,-0.4668557600768848,-0.4472135954999579,0.09678781795967765,-0.19705973542923963,-0.18765833481909144,-0.16739532476294133,0.08446611672562537,0.0034460846874565473,-0.03318324999141884,0.17027836304222932,0.19570689422604487,0.1114732145473037,0.7199781822681653,0.5294068923985763,0.7176226712267461,-0.19608754650014684,-1.411860763833119,-0.3258575353586595,0.23040780653682147,-0.7379828622512055,2.3084155817853746,-0.15707522468513793,-0.15730962510133095,-0.12170011405156088,-0.1933525277287728,-0.19858173586386324,-0.13553214518203785,0.19894556244510833,False,False,False,False,False,False,False,False,False,False,False,True,False,False,False,False
0.5413956724016661,-0.24903160051940845,-0.106000820453687,0.1914823386005853,-0.08704702814316326,-0.21835763927797253,-0.2170281226063053,-0.23072983890090942,-0.25332796658428197,-0.5587765797237666,0.5054642080525451,0.1382839561796474,-0.23731206619471185,0.5459834613288245,0.672780923222626,-0.4472135954999579,-0.22662178192388363,-0.23124877538430083,-0.22204301876227345,-0.17056184236143465,0.9471752885249488,0.8505150052603974,0.5427822611000361,0.5956585195280516,0.8839682690076103,0.790972174273251,0.23670717862397928,0.2863886800508664,0.31585452827948185,-0.2820389643981706,-0.4426779201407033,0.08569019353994212,0.23040780653682147,-0.6663243949561338,-0.017148642382772285,-0.20453738337661695,-0.20460213804496966,-0.1106811078966441,-0.2256380567653104,-0.23904491305497502,0.1443209288827005,-2.299805909406788,False,True,False,False,False,False,False,False,False,False,True,False,False,False,True,False
-0.9393253381306093,-0.19883442010966756,0.12231862208674742,0.900966119278816,-0.8148721565166822,-0.15476125478605224,-0.14272702070621113,-0.16502813559617702,-0.32002697550773834,-0.06622945778217997,0.5869439191246164,0.14546612332020498,-0.16562724849683733,0.6697396622446943,0.013187294912168872,-0.4472135954999579,0.41596804235115425,-0.18197633544906555,-0.181329865381696,-0.15979568252655738,0.01401847611325549,0.038026790668292336,-0.06148434416191269,-0.03433507334003414,0.08120683580940014,0.04752070342409282,0.5923216907395138,0.713312566607655,0.5593503724899455,-0.6258446359902652,-1.5880758263226495,-0.19051633592220663,0.23040780653682147,-0.9267473372272572,-0.017148642382772285,-0.1430429342893963,-0.14310960596970596,-0.11920623700856649,-0.1830725582843031,-0.17936781321384732,-0.2883196626806247,0.986688276953596,False,True,False,False,False,False,True,False,False,False,False,False,False,False,False,False
0.5069357249994573,-0.23110403608735813,-0.4918910188196543,0.39419199022293694,-0.25907842212235876,-0.1664976117857146,-0.5609881638767871,-0.17149617892669472,-0.11992994873736856,-0.43597390040929224,0.020200568358989465,0.8495164700526477,-0.17646248396672,0.16827102215544076,-0.40738895047529733,-0.4472135954999579,-0.6076709795681535,-0.142759495500613,-0.1501094161572117,-0.14332979101439217,0.5484872545979488,0.3258073675561254,0.4718907744206815,0.5179453667835646,0.6125169688579744,0.2887396191101503,0.37348199097610757,0.3914776367417679,0.31585452827948185,0.8353294682761374,0.7908275172860081,-0.0034850574006944795,0.23040780653682147,-0.1260330011402819,-0.017148642382772285,-0.1153910679213172,-0.1154586016137149,-0.10974140506290538,-0.14912724251454382,-0.17929964420343908,0.3833259590000598,-0.05109972165952714,False,True,False,False,False,False,False,True,False,False,True,True,False,False,False,False
-0.7461889802105598,-0.2346895489737682,0.37836221843185847,-0.720711093699997,0.01881844507480323,-0.21454332325308229,-0.7182089484878226,-0.22000650390557744,-0.15327945319909678,0.023829224343764138,0.06598584038470048,0.4793531957760625,-0.2304432362274983,-0.1397532352522887,-0.33072537355378195,-0.4472135954999579,0.4405376640649409,-0.21264591540875283,-0.21529265136238496,-0.17372835995992797,1.084049303475639,1.0310722790128384,0.8368360530308951,0.8592548003677795,0.930542959522992,0.9358110140724407,-1.2222241531320541,-1.0337913383785924,-1.2425188746674827,0.7923537593271256,-0.0021402639168774332,-0.22366111945766448,0.23040780653682147,0.1264095979021,-0.017148642382772285,-0.20102931077768155,-0.20109417480577674,-0.08308372756589547,-0.2145549647079915,-0.22852740851517542,0.1339368347209503,-2.072720464996266,False,True,False,False,False,False,False,True,False,False,True,True,False,False,True,False
2.6358782979873143,-0.27054467783786884,-1.2623389478578713,0.1914823386005853,-0.4972757368627832,-0.23288138106505468,-0.7628176413849657,-0.23753830556461225,0.1802155914181864,-0.19436109632619863,-0.3178423364492618,-0.49647142131778216,-0.24816901556333176,0.4655046207768535,0.5320496913286075,-0.4472135954999579,-0.4203451340024108,-0.24193285037025747,-0.23912988624324122,-0.18956094795239453,0.3223744278199217,-0.27905808234513985,-0.05522832797495729,0.09659063053781673,-0.00806326200232049,0.21679888447897835,0.7199781822681653,0.5294068923985763,0.7176226712267461,-1.614285941817538,-0.7070005138749978,-0.1360641915425259,0.23040780653682147,-0.6219015001728728,-0.017148642382772285,-0.21815695934895443,-0.21822128944418911,-0.10303090881860784,-0.24046905434925886,-0.24842302127172328,-0.16633932544508137,-0.012148860733831467,False,True,False,True,True,True,False,False,False,False,False,False,False,False,True,False
0.14238071194583798,0.4716564896490144,0.3054078358265424,0.39419199022293694,1.831764673932477,1.0980215026966544,0.025484891528607608,1.0048366488945635,0.947254194037938,0.26824967566454166,-1.0647898910923994,1.7753148328510027,0.7391378334648121,0.7583757432240195,-1.4720651927581354,-0.4472135954999579,-2.0283782917151236,0.9600884330497804,1.030150133917042,4.019374243964918,0.8271526509699493,0.8906179205532081,0.7346256487702094,0.7176729473607423,0.7842454480960179,0.7940091668096839,-1.3589989654841825,-0.7842050662376999,-1.4373155500358539,1.3080622667152677,0.8789350485307733,-0.29863146316881917,0.23040780653682147,2.316189280161086,-1.1170752948116878,0.9380624978178154,0.9390210297898621,-0.1054803911352623,1.2717037426307274,0.9542244076961802,0.4782946395264282,2.2612621966836706,False,False,False,False,False,False,False,True,False,False,True,False,False,True,False,False
-0.8149136735359791,-0.2346895489737682,1.6268017992947543,-0.3152917904552937,0.4819798904034062,-0.22965388289014754,-0.6734697743461364,-0.23566597723209398,0.8472056806527528,-1.2903037833154845,-0.5980512134355623,1.260126649165274,-0.2502173600108781,0.8152319605840788,0.19569853018133102,-0.4472135954999579,-1.1167889963251525,-0.23426545538033564,-0.23649302397765976,-0.1768948775584213,0.32100492691081184,0.10994867645608666,0.6104079601907952,0.21263745827674074,0.3871604696377726,0.19690711320333376,0.7838064280324923,0.35206927798268023,0.8880697621740719,0.9642565951231731,0.8789350485307733,1.7595017620805635,0.23040780653682147,1.0055845541842223,-0.017148642382772285,-0.20701366991704195,-0.20707834739028227,-0.11194001137549404,-0.23479365455179121,-0.24457634136933987,-0.041725672205938875,-1.383106931481981,False,True,False,False,False,False,False,True,False,False,True,False,False,False,True,False
-1.9887228679708915,,,0.6982564676564643,-1.5162309165857097,-0.24571802153343536,-0.4858607618861702,-0.26255942055372017,-1.2538131004361315,0.947655014154239,1.1090315687204297,-2.018912608986038,-0.267511274027382,0.21358232561921628,1.255511764472793,-0.4472135954999579,0.15035120898705326,-0.26392947534134464,-0.2568496006679485,-0.18956094795239453,-0.5642834254725368,-0.7307265032546427,-0.8025713525760929,-0.40048695779842175,-0.6683138627416495,-0.47746293651409694,0.38260031179958304,0.41118181612131166,0.27933015164791297,-2.7746300834408575,-2.4691511387703002,-0.433972662605272,0.23040780653682147,-0.07450046010298891,-0.017148642382772285,-0.23280832137980229,-0.23287219473728885,-0.14222733580381375,-0.2588337914297438,-0.2646569842993288,-0.6636345396000056,-0.012148860733831467,False,True,False,True,True,False,False,False,True,False,False,False,True,False,False,True
0.20489243399049326,-0.24903160051940845,-0.6604203210468169,-0.1125821388329421,0.15115028659726124,-0.2081616791345159,-1.0598972531785626,-0.17779401059061983,1.280749238655221,-0.47419392902181257,-0.7909819156228513,0.24602342636916621,-0.20936627851988415,0.9039768421977595,0.5896466631818469,-0.4472135954999579,-0.657550767978072,-0.22898626538727473,-0.2274222177840596,-0.18956094795239453,0.5353664025428738,0.6586190005119968,0.4191661262974401,0.54234258685729,0.46103671984548966,0.5789195388378651,1.4312072064992318,1.5474561603416919,1.5211589571212762,0.44854808773503096,0.8789350485307733,0.022557272520022403,0.23040780653682147,-0.5138729782322591,-0.017148642382772285,-0.17461558767981494,-0.17468127512244203,-0.1415344307866781,-0.22901117173927701,-0.2132672885002171,-0.7972356504617407,-0.7406133524724298,False,True,False,False,False,False,False,False,False,False,True,False,False,False,True,False
-0.5386764513304483,-0.27054467783786884,-1.0416799791423348,-1.0247755711335242,0.032051629227048746,-0.23317478999004623,0.5080114431321068,-0.25677222388957277,-0.6868715245867497,-0.6508268536367976,-0.2482607717259773,0.5898895279664702,-0.2636413747413228,-0.12684346443027245,-0.2984573327478278,-0.4472135954999579,-0.737408667521921,-0.24985163535984883,-0.24377076383066454,-0.18006139515691458,0.09214610832169534,0.012137326744222401,-0.32486894484103795,-0.21638414730351518,0.0058453627964014975,-0.2749699053911192,0.38260031179958304,0.41118181612131166,0.27933015164791297,0.44854808773503096,0.9670425797755384,0.16657924859671425,0.23040780653682147,1.863759578613161,-0.017148642382772285,-0.22331588964150648,-0.22338005891359042,-0.11168601329291471,-0.24539487304140056,-0.25712917780796934,0.1212271500957217,-1.7568896867486672,False,True,False,False,False,False,False,False,False,False,True,True,False,False,False,True
-0.12466427262577962,-0.2526171134058185,-1.0010428932589672,-0.5180014420776453,-1.3971322592154976,-0.16803800864192026,-1.0657304670711194,-0.1784748572569901,-0.35337647996946653,-0.08463352555510074,2.8855453061522534,-1.9852496485446178,-0.17604509457988196,0.1629509363708395,-0.2996381506587071,-0.4472135954999579,1.0740758826881422,-0.13597196550953466,-0.13154590580751835,-0.16359550364474937,0.4881932484210866,0.27730040890668484,0.3284005260239182,0.41256038232978787,0.45411568166813787,0.33115277532915194,1.6226919437922103,1.3635504861326133,1.557683333752845,-1.1415531433784076,-0.795108045119763,-0.18301930155109117,0.23040780653682147,1.53827893960627,-0.017148642382772285,-0.12467714244791092,-0.12474438665863728,-0.0989867937948987,-0.13852602402493447,-0.1595403694690695,0.16651966377401822,-2.051323447351894,False,True,False,False,False,False,True,False,False,False,False,True,False,False,False,False
-0.49055021369391355,-0.2024199329960776,-0.1074084568272917,0.4955468160341127,0.032051629227048746,-0.13062837070549657,-0.3100279689910771,-0.13183686061062566,0.3803126181885568,-0.5012330868944632,-0.636833146154709,0.4182586068945708,-0.15479201302695464,-0.005428854969481546,0.24503440397207202,-0.4472135954999579,-0.2435931742993992,-0.13672613550854337,-0.13449919154496956,-0.1509294332507761,0.9701261617041804,1.098723693306122,0.8477811055892117,0.9168178846211813,0.9919375559816507,0.8781760997694281,0.7564514655620672,0.6410639088826603,0.8515453855425014,1.0502080130211968,0.5265049235517126,0.04189172958237281,0.23040780653682147,0.6320183534376109,2.392051318006385,-0.10651770781812764,-0.10685876335121464,-0.11118497958025485,-0.13927560513026038,-0.14837039011129288,-0.028623739323639152,-0.39965018426339033,False,False,False,False,False,False,False,True,False,False,True,False,False,False,False,False
1.0341648358498556,-0.23827506186017824,3.5996714921373067,-1.227485222755876,0.4555135220989142,-0.2461581349209227,-0.46337053627747776,-0.2545594722238694,0.2469146003416428,1.5187035467860264,-0.8236641657201516,-0.11904933043563236,-0.26418180955433856,-3.5800971635298997,-0.6947987716663216,-0.4472135954999579,-0.20458680817916522,-0.26216974534365767,-0.2536853659492508,-0.1863944303539012,-1.5407337375312344,-1.835749329431884,0.4138103921198102,-2.0159891198911817,-1.6711373986495095,-1.3638865115320464,0.38260031179958304,0.41118181612131166,0.27933015164791297,0.3196209608879953,0.35028986106218324,-0.5034188757271837,0.23040780653682147,-1.6851093829910824,-0.017148642382772285,-0.23218924974469604,-0.2322531424009607,-0.1339786904021109,-0.25621025756110305,-0.2646375074387406,-0.28522565686618717,-2.034641662240891,False,True,False,False,False,False,False,False,False,False,True,True,False,False,False,True
-2.442902183428004,-0.25978813917863863,-0.09892112752363696,1.1036757709011675,-0.8545717089734197,-0.23801603725240697,-0.20383458853030395,-0.2467297355606111,0.1468660869564582,-1.1907059726273153,0.37277728484645495,-0.7562724537377791,-0.2565457551650759,0.3430926327168601,0.6081330937131424,-0.4472135954999579,0.03594504232145374,-0.24670926036397925,-0.24609120262437623,-0.18956094795239453,0.46476412514564946,0.43381921772262666,0.11153675942159784,0.35106544990413624,0.3885275254827395,0.24161712247241926,0.8567529946202935,0.5097027130190326,0.8393705933319778,-1.528334523919514,-1.7642908888121789,1.2422063904735965,0.23040780653682147,-1.4093476957138378,-0.017148642382772285,-0.22517310454682524,-0.22523721592257492,-0.09233309605828564,-0.24603737113167992,-0.2580153749499088,0.15071290503887955,-0.012148860733831467,False,True,False,True,True,True,False,False,False,False,False,False,False,False,True,False
-0.3278415957359231,-0.27054467783786884,-0.21091198929631988,-1.6329045260005792,1.0113072564932382,-0.2504859165645482,0.4428048585946543,-0.26579344221897905,0.5137106360354696,-0.7755081524686431,-0.8502467331956054,0.7553007652481842,-0.27492536411844176,0.075473604464368,1.406523334941091,-0.4472135954999579,-1.0394315907935987,-0.2633010003421707,-0.2601193098772695,-0.1832279127554079,-0.7258415680131596,-0.9135575526766976,-1.2828861953534423,-0.795387486309982,-0.8342355750464064,-0.6241257461988866,-0.5109951289009877,-0.40982565802636034,-0.4268077965624307,0.7923537593271256,0.9670425797755384,0.30192044803316714,0.23040780653682147,1.1821159850414356,-0.017148642382772285,-0.23611003676703562,-0.23617380719770567,-0.12095125231228537,-0.2596904555501162,-0.2707045494103171,0.17101115945389322,-0.012148860733831467,False,True,False,True,True,False,False,True,False,False,True,False,True,False,False,True
-1.265270341683192,,,1.0023209450899917,-0.6031412100807497,-0.252613131270737,-0.46806029635673624,-0.26511259555260874,0.2802641048033716,-1.6878977125609278,-0.49684166474714847,-0.5485025012283361,-0.2736370061266989,0.3094911798270803,1.406523334941091,-0.4472135954999579,-0.7265975075390471,-0.2641808653410142,-0.26222879968973467,-0.18956094795239453,0.42992052862358604,0.3943876470349054,0.07072836156455499,0.3175140031316981,0.3527428283645292,0.42507743077690097,0.32789038685873145,0.34550121818949775,0.25498056722686596,-0.2390632554491587,0.26218232981741807,0.5126265719371492,-4.340130723132376,-0.9752929359131368,-0.017148642382772285,-0.2387926805191627,-0.23885636732179436,-0.10508685556250463,-0.26167149132847756,-0.27124990149774314,-0.22209752538461905,-0.012148860733831467,False,True,False,True,True,False,False,False,False,False,True,False,True,False,False,True
2.092844520722201,-0.25620262629222856,0.697250944871319,-1.227485222755876,1.0510068089499751,-0.24006989972734785,0.0763421540124936,-0.2496233338926848,0.6804581583441112,-0.09581960239034902,-0.7680139748862692,0.4907777599766248,-0.2620852119984873,0.012812298608049477,-0.11652642748216986,-0.4472135954999579,-0.4722843315916364,-0.2543766553539011,-0.2553729577992229,-0.1832279127554079,0.5719496649230321,0.21356573002408835,-0.11640729146557914,0.163656654360962,0.49860806995112616,0.2800263003194217,0.7199781822681653,0.5294068923985763,0.7176226712267461,-1.0985774344293957,0.5265049235517126,-0.17867891323097168,0.23040780653682147,-1.2008823269602327,-0.017148642382772285,-0.22764939108725024,-0.22771342526788754,-0.1132431179259328,-0.2534796406774158,-0.26197891601361706,-0.23127226504894202,-2.158572360965306,False,True,False,False,False,False,True,False,False,False,True,True,False,False,False,True
-0.348636970013348,3.3795074405275765,2.261703021740786,1.914514377390574,-2.0720246509800333,1.4440973297241977,-1.467621492332771,1.5173439770047947,-1.2871626048978597,0.2944566391909214,3.148810620300092,-2.5891005704150616,2.2146382678023198,0.586796642710436,-1.5719610726353164,-0.4472135954999579,2.054639713665299,1.5053533423330727,1.4412896983665004,0.7249293344924743,-0.009211995718312107,-0.15791247583747436,-0.27913495888581613,-0.09469986529028113,-0.05450439389092158,-0.0695225533269082,-3.365029546648728,-3.851488989653407,-3.1539612517196205,-2.2589215760527153,-3.438333982462716,-0.3057339167835601,0.23040780653682147,0.7502097398493197,-2.0778487156687158,2.2694792277196534,2.2735519018012376,-0.13280625465961493,1.4341486764563578,2.3051491738265852,-0.6784900463542708,-1.2364722578343603,False,False,False,False,False,False,False,False,True,True,False,False,False,True,False,False
-0.25719301710827586,-0.27054467783786884,-0.26700652316858164,-2.6464527841123373,1.7655987531712483,-0.24718506615839317,1.721419856657751,-0.2666445005519419,-0.15327945319909678,0.9864664552017693,-1.108391326130042,0.4019425153431217,-0.2747637162056201,0.6814468677538567,1.406523334941091,-0.4472135954999579,-0.6528446600907193,-0.2664433753380403,-0.2617014272366184,-0.18956094795239453,0.07330389291519379,-0.009185906873302499,0.9440280757051995,-0.025877760791400466,-0.013505767358339622,0.10134012511817311,0.38260031179958304,0.41118181612131166,0.27933015164791297,0.9212808861741613,0.8789350485307733,-0.4398913739508895,0.23040780653682147,0.5166939508748949,-0.017148642382772285,-0.23920539494256687,-0.23926906887934649,-0.12708404799720485,-0.26236753092628023,-0.271045394464837,-0.464197075640665,-0.012148860733831467,False,True,False,True,True,False,False,True,False,False,True,False,True,False,False,True
0.4240885057905654,-0.23827506186017824,0.2330353560366695,-0.41664661626646954,-0.20614568551337573,-0.2050808854221045,0.1855361479451968,-0.22749581723565057,-0.6535220201250215,-0.8401178785553327,0.043243813819297976,0.4990103933073404,-0.22995346717820278,0.20132747888952063,0.23137048795377213,-0.4472135954999579,-0.3766238751081801,-0.22245012539586595,-0.21908973302482224,-0.1768948775584213,0.18665785900432122,0.22083280470300196,0.20698789143047192,-0.08986242860170443,0.1029098082002507,0.12263039280172634,-0.7754264327817688,-0.7645008868581561,-0.767701978457079,0.018790998244912583,0.4383973923069484,0.38754447216643323,0.23040780653682147,-0.2227923411781606,7.833171176540128,-0.19050509298087534,-0.19092458632462156,-0.11742534824694464,-0.22092640410326178,-0.23004660361479043,-0.059137815744585334,-1.7802553639482142,False,False,False,False,False,False,False,False,False,False,True,False,False,False,True,False
-0.27674173141206043,0.07007904637108724,0.8900986239492745,0.6982564676564643,-1.7279618630216425,0.012041719071648738,-0.929940597862217,0.006545224329134564,-0.9203180558188483,0.04514558187147842,2.4807824161223246,-2.005280241219981,0.09506981974246444,0.4967236310402943,-0.2862717049028332,-0.4472135954999579,1.6414406260844998,0.09505544418679804,0.061050514070550226,-0.13826336285680285,0.2409754814685314,0.11376400710529429,-0.09295179440359505,0.15452193400320813,0.14859092301238783,0.1999676825905255,-2.3893692185368804,-2.9648009175739203,-2.2165022515093367,-1.8721401955116088,-2.11672101379124,-0.23115815382877994,0.23040780653682147,-0.40607336779466613,-0.7261558908116477,0.11985615341905717,0.11999219389727277,-0.10854595270873182,0.059791719841293244,0.06388843301243195,-0.09265702817862584,0.003993487448949688,False,False,False,False,False,True,False,False,False,False,False,True,False,False,False,False
-1.0257932852301153,-0.2526171134058185,0.1283515631013568,-1.0247755711335242,-0.04734747568642577,-0.22055820621540922,0.7732058521724255,-0.23770851723120484,0.2802641048033716,0.22119490319452167,-0.06858370091455214,0.46081126192356314,-0.24891211343122843,0.38468083475483245,0.5094722285054204,-0.4472135954999579,-0.28461405381284743,-0.23627657537769217,-0.2319576208808597,-0.18006139515691458,0.7255344262172574,0.8986917706114371,0.5926412084770127,0.4577153742008924,0.6563410456904806,0.5572542005428907,0.7199781822681653,0.5294068923985763,0.7176226712267461,0.23366954298997153,0.35028986106218324,-0.2856102982084607,0.23040780653682147,-0.5319295264096767,-0.017148642382772285,-0.20969631366916902,-0.20976090751437096,-0.11066702570218961,-0.23361574138627905,-0.24875412789601717,0.3106921990830041,-0.2408581168907036,False,True,False,False,False,False,False,False,False,False,True,False,False,False,True,False
-0.05293173540990126,-0.27054467783786884,-0.6549902253654305,0.6982564676564643,0.6010785477736182,-0.2536400625082074,0.21488490005493147,-0.26647428888534935,-1.5539586405916859,1.1767916709672652,-0.8819500218844613,0.6804213553110054,-0.2752317713561784,-0.7700946169969975,1.406523334941091,-0.4472135954999579,0.011276015512604324,-0.26543781533936206,-0.26149047825537186,-0.18956094795239453,-1.3596465887494407,-0.19629728186711057,-0.5405814383338972,-0.1850866695193847,-1.4851592156265983,-0.048756262050875486,0.32789038685873145,0.34550121818949775,0.25498056722686596,-1.0556017254803838,0.702719986041243,-0.4651445423588574,0.23040780653682147,-1.9662053955456347,-0.017148642382772285,-0.24085625263618352,-0.24091987510955493,-0.09085337810475747,-0.26183211585104743,-0.2733144486852774,0.4581933225522845,-0.012148860733831467,False,True,False,True,True,False,True,False,False,False,True,False,True,False,False,True
-1.4871384683668594,-0.22751852320094806,-0.33135801864892445,0.4955468160341127,-0.5369752893195208,-0.17698698085416278,-0.6583169174027328,-0.17421956559217586,-0.053230939813911575,0.33109375450357575,0.4633688674894325,-0.23198162117744411,-0.18226974555122405,0.36902791130554025,0.1188564149508441,-0.4472135954999579,0.13939505167042024,-0.16111096547649145,-0.14652328347602095,-0.16422880716444802,0.09045984001683594,-0.04558889811723307,0.07752446828938159,0.18061887828509768,-0.04654198664002706,0.16169016405773814,1.0755926943836998,0.8184015232985583,0.9732933076477331,-0.2390632554491587,-0.26646285765117295,-0.31520385493654807,0.23040780653682147,0.010526762236817725,-0.017148642382772285,-0.13437593139790882,-0.13444287326111176,-0.10945424420942892,-0.15689076110541936,-0.18325344683787664,0.3210591159721058,1.360596030815354,False,True,False,False,False,False,False,False,False,False,True,False,False,False,False,False
0.34049641814209897,-0.21676198454171788,-0.7297194863525552,-0.720711093699997,-0.8942712614301572,-0.15967585427966086,-1.6201003451789278,-0.06068838397493098,0.5470601404971984,-0.3855341247241008,-0.14682530886638398,-0.3443059591842912,-0.09856507857457963,0.39317963423345176,-1.1262194683294398,-0.4472135954999579,1.2422916706941773,-0.13446362551151728,-0.1401948140386255,-0.1509294332507761,0.4225378259941617,0.3505249047897057,0.20907287073534966,0.24997925928183506,0.345160724222654,0.3614081226883026,0.5923216907395138,0.713312566607655,0.5593503724899455,0.44854808773503096,-0.5307854513854685,-0.035051517910654334,0.23040780653682147,-0.36998956698511964,1.4519558989905845,-0.045848687577715305,-0.04615747699785519,-0.13433781433319902,-0.14120309940109843,-0.11112089485706468,-0.4840313970095299,-0.44383829836949446,False,False,False,False,False,False,False,False,False,False,True,False,False,True,False,False
,-0.2741301907242789,-1.5295774418766945,-2.0383238292452823,1.3289036761471371,-0.25510710713316526,1.0245173600717352,-0.26800619388468244,2.2812343725070705,-1.6878977125609278,-1.0982251884269647,0.2552258327291316,-0.2784357777476289,0.7717408598229054,1.406523334941091,-0.4472135954999579,-1.0860366249350584,-0.2685801903352316,-0.2643382895021998,-0.18956094795239453,-0.6352979936222627,1.2382232597520697,0.9440280757051995,1.0355149640618153,-0.7412464835349509,1.101982706245152,0.8567529946202935,0.5097027130190326,0.8393705933319778,1.1361594309192202,1.0551501110203036,-0.27219455249172775,-4.340130723132376,-0.2311763442025965,-0.017148642382772285,-0.24374525360001267,-0.24380878601241965,-0.07726687689508968,-0.264616274242258,-0.2750284123881896,0.044146544516369665,-0.012148860733831467,False,True,False,True,True,False,False,True,False,False,True,False,True,False,False,True
0.24079601566072256,-0.27054467783786884,-0.7494907190304849,-1.6329045260005792,-1.172168128627319,-0.24513120368345226,-0.23634617278136158,-0.2668147122185345,-2.1209002164410675,-1.145257020276827,1.0236360120145807,-0.588572111668355,-0.27023516199119796,0.18377438750959205,-1.4005136144419412,-0.4472135954999579,-1.0175660790019432,-0.255005130353075,-0.24883353938058092,-0.17372835995992797,1.175573494195681,0.8840206568831382,0.5774578253251776,1.0355149640618153,1.118535346694166,1.101982706245152,-0.30127374996105827,-0.36384923947409203,-0.14678757572039824,-0.8836988896843365,0.4383973923069484,1.0689854384251916,0.23040780653682147,1.9525100627350371,-0.017148642382772285,-0.23322103580320647,-0.23328489629484095,-0.08362185326735362,-0.24962465213573967,-0.26464724586887844,0.6712832036456676,-0.012148860733831467,False,True,False,True,True,False,True,False,False,False,True,False,False,True,False,True
0.5486624896389427,-0.27054467783786884,-0.460776420975897,-1.6329045260005792,-0.41787663194930824,-0.2508526777207876,-0.25036805578722304,-0.26579344221897905,-0.5868230112015651,-0.936440534640819,-0.0653455977943127,-0.5485025012283361,-0.27345123165972474,0.26474506053123564,-1.02172009928604,-0.4472135954999579,-0.638283202402257,-0.26392947534134464,-0.2591700394616602,-0.18006139515691458,0.21888667044280488,0.15556624720929335,-0.17643193489034392,0.11430618400053327,0.13600909676180223,0.23350046602173596,0.32789038685873145,0.34550121818949775,0.25498056722686596,0.06176670719392399,0.1740747985726529,0.5430092901779855,0.23040780653682147,0.45315179244652914,-0.017148642382772285,-0.2350782507085252,-0.23514205330382543,-0.13221102958575873,-0.2592085819824067,-0.26977939854797356,0.04730729511377902,-0.012148860733831467,False,True,False,True,True,False,False,False,False,False,True,False,False,True,False,True
0.4876992819456504,-0.26695916495145877,-0.23532759926537458,0.39419199022293694,1.4744687018218412,-0.24652489607716216,-0.7577809840291962,-0.2572828588893505,0.6137591494206548,-0.32670837060304586,-1.217056042467379,1.5213368039015607,-0.267967265900864,0.45493236847515117,1.406523334941091,-0.4472135954999579,-0.7076381013461007,-0.2610384903451446,-0.25484558534610663,-0.1863944303539012,0.8664003133487118,1.2382232597520697,0.9440280757051995,0.7378072485542028,0.8010116195818746,0.8213146651973378,-0.5109951289009877,-0.40982565802636034,-0.4268077965624307,1.1361594309192202,0.9670425797755384,-0.06938004371523568,0.23040780653682147,0.9051572799567137,-0.017148642382772285,-0.23218924974469604,-0.2322531424009607,-0.12728683159734913,-0.25631734057614963,-0.263595495414741,-0.42017409030206193,-1.4814634262777642,False,True,False,False,False,False,False,True,False,False,True,False,True,False,False,True
-0.06980676145952251,,,-2.34238830667881,1.0774731772544672,-0.25378676697070324,0.20353155690784053,-0.2666445005519419,1.4474967609638627,0.7101196239716723,-0.7960273321125266,1.2521531880000067,-0.2765707951116415,0.3648293954847216,1.406523334941091,-0.4472135954999579,-2.2564958482388477,-0.26606629033853596,-0.2593809884429067,-0.18956094795239453,-1.0613854025206066,1.2382232597520697,0.9440280757051995,0.3175140031316981,-0.4130496899651106,0.42507743077690097,-0.30127374996105827,-0.36384923947409203,-0.14678757572039824,1.3940136846132916,1.0551501110203036,-0.3953037484805712,0.23040780653682147,-0.4422531215392157,-0.017148642382772285,-0.23961810936597103,-0.2396817704368986,-0.11817247193494965,-0.2610289932381982,-0.27342157141676454,0.8456167223601727,-0.012148860733831467,False,True,False,True,True,False,False,True,False,False,True,False,True,False,False,True
-1.252313973022883,-0.25978813917863863,0.548053456422249,-1.0247755711335242,-0.6693071308419787,-0.2243725222402995,1.6661911108142688,-0.2579637055557208,-0.6535220201250215,2.598718445269227,0.05725049243242667,0.24099857613713416,-0.26422765000722825,-0.5920048436667058,-0.9967735625769301,-0.4472135954999579,-0.05527440585798414,-0.24796621036232708,-0.23586017703392023,-0.17372835995992797,0.016615741992199524,-0.07333837829974771,0.43501909946322115,0.6170229754054019,0.6721877074391754,0.18139153160833,0.38260031179958304,0.41118181612131166,0.27933015164791297,-0.5398932180922414,0.35028986106218324,-0.5843079307839558,0.23040780653682147,3.0502097051437516,-0.017148642382772285,-0.20928359924576487,-0.20934820595681886,-0.137591959981461,-0.2400407222890726,-0.25551259840626317,0.43528810106886456,-0.012148860733831467,False,True,False,True,True,False,True,False,False,False,True,False,False,True,False,True
0.34868791739015953,6.301700442951779,1.0705995668756483,1.407740248334695,-0.20614568551337573,7.228140820314037,0.10640850753029787,6.392716743215806,0.04681757357127302,1.2751436630313333,0.510133100923588,0.8950358409079697,6.076783279356903,0.5564157952192492,-1.715119225651029,-0.4472135954999579,0.7042132570533628,5.361424547264571,6.107059265576929,3.3506057271631295,-0.5709751828558761,-0.3812920123474113,-0.23744567217545978,-0.5461583066025095,-0.586825684509143,-0.5440686799656226,-1.1036859824268757,-0.8104773054104263,-1.1816449136148668,0.3196209608879953,-0.4426779201407033,-0.4769819650500923,0.23040780653682147,0.8156425723211692,0.5612024136692105,7.088126478174988,7.084385693454534,-0.12764039771957938,5.667140261246844,6.347444921422904,-0.21427482949122456,0.5555021548920696,False,False,False,False,False,False,False,False,False,False,True,False,False,True,False,False
1.5201571185827674,-0.25620262629222856,-0.04778997036510498,-1.227485222755876,0.8525090466662882,-0.2249593400902826,0.0189239739563747,-0.2361766122318717,0.71380766280584,-0.25630321914088894,-0.5171739401533031,0.5584935823834491,-0.25110039189285915,-1.3058052373632754,-1.224577258024467,-0.4472135954999579,-0.7151292447021455,-0.243943970367614,-0.232906891296469,-0.17372835995992797,-1.1161508745682727,-0.5447966224864573,-0.2302393365291123,-0.8953802755016643,-1.0879854688319057,-0.7183953226977158,0.32789038685873145,0.34550121818949775,0.25498056722686596,1.1791351398682322,1.0551501110203036,-0.10647063481443851,0.23040780653682147,0.7732122992132362,-0.017148642382772285,-0.20928359924576487,-0.20934820595681886,-0.12863606405299088,-0.23682823183767585,-0.2463000435034761,-0.06256175618512656,-2.2465710033621558,False,True,False,False,False,False,False,True,False,False,True,False,False,True,True,False
-0.5651936122514245,-0.26695916495145877,-1.130885007597442,0.0901275127894095,0.30994849642421074,-0.1903370869412787,0.43921911243258416,-0.23277237890002028,-0.720221029048478,1.1192281346707538,-0.6668044261978554,1.458694551756879,-0.2370635626869412,0.3753907898664276,-1.1800445253107092,-0.4472135954999579,0.4756071856194359,-0.20937784541304844,-0.2062218451687848,-0.17056184236143465,0.45122489906850294,0.9649812518246048,0.09567978196857331,0.33802831630112995,0.3746226146025188,0.4444175815045652,0.38260031179958304,0.41118181612131166,0.27933015164791297,0.7064023414291017,0.1740747985726529,-0.45804208874411645,0.23040780653682147,2.6599164281763814,-0.017148642382772285,-0.18183809008938784,-0.18190355237960387,-0.11103654067346007,-0.2082906083277678,-0.22245062811405306,0.12482795597340511,-1.7337527974865183,False,True,False,False,False,False,False,True,False,False,True,False,False,True,True,False
-1.3280147865553182,-0.27054467783786884,-0.8304309324333442,0.5969016418452885,0.4025807854899312,-0.24857875855210307,-0.6972655553199513,-0.25694243555616536,1.414147256502134,-0.22304251698603156,-0.2774790045318587,0.6812318114998183,-0.2689468039994551,0.4062436198669071,1.406523334941091,-0.4472135954999579,-0.5471484700364312,-0.2648093403401881,-0.2573769731210648,-0.18956094795239453,0.8133991966320934,0.8283602478608771,0.5198539288368881,0.686771640181474,0.7465789806483439,0.7732001438748598,0.7655697863855414,0.7658570449531075,0.7906714244898855,-0.45394180019421815,-0.26646285765117295,-0.12264844582579294,0.23040780653682147,-0.045864526996206384,-0.017148642382772285,-0.23322103580320647,-0.23328489629484095,-0.14629506852485338,-0.2594762895200231,-0.2659716723668044,-0.6260594584904452,1.271685241987911,False,True,False,False,False,False,True,False,False,False,True,False,True,False,False,True
-0.5307535528759324,1.389547788569991,0.490338495236802,1.5090950741458709,-2.032325098523296,1.0324446079610412,-1.5978739277159355,1.3016857954320071,-1.1537645870509463,0.07835838794885294,2.7017264755358705,-2.01123038007743,1.8587161029785604,0.6135876481903908,-1.5196850955120378,-0.4472135954999579,1.942614791821365,1.3791555624989498,1.3450969629180896,0.3386141874762901,-0.35744852953497014,-0.40786387525672496,-0.4979923545482233,-0.4115975547417469,-0.43109836495966347,-0.40475799739206786,-2.2799493686551786,-2.6823743464671206,-2.240851835930383,-1.9580916134096327,-2.204828545036005,-0.2422064150072659,0.23040780653682147,0.2558756220106457,-2.228247615696719,1.9789282736431206,1.98279527311098,-0.12991226539563042,1.2989028284525534,1.820418814071731,-0.506593681216957,-0.27150963289648006,False,False,False,False,False,True,False,False,False,False,False,False,False,True,False,False
4.481876331515111,-0.27054467783786884,0.133266323255956,-0.6193562678888211,0.4952130745556517,-0.25437358482068634,0.3673483084493402,-0.2674955588849047,0.7805066717292963,-0.5105808914515247,-0.9834607894677811,0.4853991267093947,-0.27647428889503156,-1.5824066413244189,1.406523334941091,-0.4472135954999579,0.2622694978844064,-0.2673232403368838,-0.2643382895021998,-0.18956094795239453,1.175573494195681,1.2382232597520697,0.9440280757051995,1.0355149640618153,1.118535346694166,-0.5419301056063136,-0.5109951289009877,-0.40982565802636034,-0.4268077965624307,0.8783051772251493,0.4383973923069484,0.048599602440739284,0.23040780653682147,-1.9845564623240644,-0.017148642382772285,-0.24209439590639603,-0.2421579797822112,-0.09871924722614407,-0.2640808591670252,-0.27423959954763255,-0.09359391992685671,-0.012148860733831467,False,True,False,True,True,False,False,True,False,False,True,False,True,False,False,True
0.04633743857961566,-0.25978813917863863,-0.07838025731731223,0.2928371644117611,1.6332669116487901,-0.23750257163367172,-1.1028530932236247,-0.24060211556327854,1.1140017163465796,0.11191791997844226,-1.1083160214063155,1.232645181088979,-0.2573829465941672,0.7671061040550384,-0.49592075644049644,-0.4472135954999579,-1.8324907552577936,-0.2408015953717444,-0.1825955592691751,1.1859742968331008,0.7914492392039933,0.8035200653220127,0.7190872402447307,0.4806960397067226,0.5267865825303536,0.5789195388378651,-1.176632549014678,-0.6331396909945284,-1.1694701214043448,1.3940136846132916,0.9670425797755384,-0.25325467618575187,0.23040780653682147,1.8574142435499614,-0.017148642382772285,-0.21898238819576274,-0.21904669255929332,-0.09693791808669519,-0.09499677840850812,-0.24990326265121532,10.017189127737094,-0.012148860733831467,False,True,False,True,True,False,False,True,False,False,True,True,False,False,True,False
1.7996015754292782,,,-2.0383238292452823,0.27024894396747323,-0.25268648350198486,-0.11390402777143542,-0.26511259555260874,0.1468660869564582,2.2825837698033413,-1.0497289463470998,-0.1803835655255041,-0.273899985566961,0.6107390928010513,1.406523334941091,-0.4472135954999579,-1.373478443424924,-0.264306560340849,-0.26127952927412534,-0.18956094795239453,-0.15875286524911872,-0.27179836300495913,-0.6187187811780571,-0.24932886076049793,-0.25183021242202447,-0.10932147090855872,0.38260031179958304,0.41118181612131166,0.27933015164791297,-0.96965030758236,-0.5307854513854685,-0.5649734737216054,0.23040780653682147,-1.5480966588386442,-0.017148642382772285,-0.23899903773086478,-0.23906271810057045,-0.10404027633767031,-0.26124315926829134,-0.2719705453273347,0.11723555920372486,0.2176485527606995,False,True,False,False,False,False,True,False,False,False,True,False,True,False,False,True
0.5948472247505189,,,-0.41664661626646954,1.4612355176695953,-0.23874955956488586,-1.093337467487619,-0.23719788223142713,1.3474482475786775,-0.5213442333420301,-1.3504207081870079,1.3154559293912673,-0.2548906735502151,-0.07488013215046058,0.370591575936275,-0.4472135954999579,-1.2714730555972242,-0.25450235035373586,-0.24872806488995766,-0.18956094795239453,1.0042748399426311,1.2382232597520697,0.9440280757051995,1.0355149640618153,1.118535346694166,1.101982706245152,-0.4836401664305626,0.30609285943041015,-0.7190028096149866,1.3940136846132916,1.0551501110203036,0.05649121756822925,0.23040780653682147,0.7460368901113665,-0.017148642382772285,-0.21650610165533776,-0.21657048321398067,-0.14276078016220614,-0.25069548228620525,-0.25031227671672596,-0.7636540433360234,-0.012148860733831467,False,True,False,True,True,False,False,True,False,False,True,False,False,False,True,False
0.0015259506618386038,-0.2526171134058185,-0.304906870746413,0.1914823386005853,0.23054939151073572,-0.219384570515443,-0.12649780839327773,-0.21660227057372602,1.1473512208083072,-0.5536722635098095,-0.6055816858082121,0.11128241078094982,-0.23751231659417749,0.3248621197898629,0.16007148900102372,-0.4472135954999579,-0.94993162111575,-0.22974043538628341,-0.2211992228372874,-0.1768948775584213,-0.21879755142413748,-0.05284522770519253,0.2017233186856512,-0.06302650616126472,-0.18331193446621752,-0.278904055710081,0.7199781822681653,0.5294068923985763,0.7176226712267461,0.5774752145820666,0.8789350485307733,0.08174438597619714,0.23040780653682147,-0.8959585155586162,-0.017148642382772285,-0.20226745404789404,-0.20233227947843307,-0.1120021771575422,-0.2251026416900776,-0.2403401242626584,0.24446096732194972,0.05783272000391965,False,True,False,False,False,False,False,True,False,False,True,False,False,False,True,False
0.7946806897371339,0.06290802059826711,0.6387326885396172,0.2928371644117611,-0.7222398674509617,0.23745312569641353,-0.1578223550359401,0.04228967431357448,-1.0870655781274898,0.5201585745779103,0.7930529479640425,-0.49106749249436404,0.11923015107076665,-0.04064459429483179,-1.4395493985324075,-0.4472135954999579,0.8293970480681139,0.34946212385240055,0.33528418969102025,-0.057833815855072704,0.05465727144024755,0.12413964034771058,0.38465963135367887,0.17203668425042973,0.09747865558798453,0.05786737937909089,-0.7845447536052443,-0.7250925280990667,-0.852925523930742,0.49152379668404284,-0.0021402639168774332,-0.3586077381377429,0.23040780653682147,2.4531492817233644,-0.7345797994646954,0.32621336512113996,0.32646584714256616,-0.10175604634796638,0.3141674220843947,0.21198074001974399,0.3571755394857063,-0.40536231063806955,False,False,False,False,False,False,False,False,False,False,True,False,False,True,False,False
-0.7765766814086777,-0.27054467783786884,0.4101193028032068,-0.6193562678888211,1.5935673591920532,-0.2540068236644469,0.633671047207582,-0.2695380988840156,-0.720221029048478,-1.6878977125609278,-1.100107806520127,0.6197591012530455,-0.27714741975588597,-0.7170839278938449,1.406523334941091,-0.4472135954999579,-3.3718825148413223,-0.2673232403368838,-0.2632835445959672,-0.18956094795239453,-0.19481573982870667,-0.3126097582146072,-0.660955182715441,-0.2840543695394782,-0.28886711942516347,-0.14205942164244167,-1.176632549014678,-0.6331396909945284,-1.1694701214043448,-1.0126260165313719,0.35028986106218324,-0.06148842858774572,-4.340130723132376,-0.6795562466941487,-0.017148642382772285,-0.24188803869469394,-0.24195162900343517,-0.10330767088028624,-0.26354544409179237,-0.2740643078052801,0.08249921412022258,-0.012148860733831467,False,True,False,True,True,False,True,False,False,False,True,False,True,False,False,True
0.3575070056189716,1.1851735540446173,0.28077980889143883,-0.5180014420776453,0.4952130745556517,1.527645521115544,-0.9468481705389011,1.8691714918516389,0.01346806910954482,0.5018883034562196,-0.4822325483442078,1.1791435002032962,1.7429834353644873,0.5238675095491382,-1.6684081585120285,-0.4472135954999579,0.40316782045740196,1.8562937818717893,2.1568286427546806,2.72996827785844,0.4264602582084855,0.5698038010186334,0.42380312997694736,0.36735723680551047,0.32946227164667896,0.3391100120437879,-2.1340562354795747,-1.5986444805921913,-2.3504249658250913,1.1791351398682322,0.702719986041243,-0.35466193057399786,0.23040780653682147,1.155308499036605,-1.7759824495208147,1.9987385659665207,2.001815140729124,-0.11306537090771643,2.1163745653179866,1.9073343030490106,0.16810989929733727,0.44089473250742384,False,False,False,False,False,False,False,True,False,False,True,False,False,True,False,False
-0.6800400971721341,-0.001631211357114036,0.05438483414552326,1.407740248334695,-1.2780336018452851,0.2362794899964473,-0.13070133393092526,0.0785447592977921,-0.8869685513571195,-0.18093379543045912,1.7552214030175124,-0.8632171077486338,0.16411277976064143,0.5381860746663526,-0.7316871843254035,-0.4472135954999579,1.4794359622082696,0.2300518740093559,0.20512866826192025,-0.14142988045529617,0.25056076122921844,0.2398745044360225,0.1315053011297512,0.22727874723102015,0.25650133619607374,0.30113058641751433,-0.47452184560708716,-0.8564537239626945,-0.4268077965624307,-1.227504561276431,-1.5880758263226495,-0.14237748364451785,0.23040780653682147,1.0727469115386306,0.6307676997942228,0.28865635259136085,0.2882945669848485,-0.11369305914540377,0.1901652906604791,0.19910653538715758,-0.0891387254013818,-0.10002654348902795,False,False,False,False,False,True,False,False,False,False,False,True,False,False,False,False
-1.0630978473535573,-0.19166339433684743,0.49685423608093404,1.2050305967123434,-0.4708093685582917,-0.17544658399795712,-0.31224498341186063,-0.16996427392736158,-0.08658044427564036,-0.28572208321110176,-0.1497621930917174,-0.6253211868601978,-0.17879310909785043,0.6711413366264916,-0.2807590265878198,-0.4472135954999579,0.6684213420366585,-0.1746860254586481,-0.17247000816934233,-0.1832279127554079,0.5315222029163175,0.6418867759380944,0.32686938626631673,0.4717266806524853,0.45708869113923517,0.517311636903058,-0.5930600163122645,-0.863021783755877,-0.47550696540452303,-0.19608754650014684,-0.09024779516164261,-0.09147656607220758,0.23040780653682147,-1.0689114330290237,1.2455391812589387,-0.14820186458194837,-0.14836879246904808,-0.10926750828520189,-0.17745069999435872,-0.19217384883607863,0.09016844484919075,2.3675324902825126,False,False,False,False,False,False,False,False,False,False,True,True,False,False,False,False
1.1348217385496455,-0.26695916495145877,-1.0981110891931951,-0.41664661626646954,0.7466435734483222,-0.22679314587147983,-0.5240857962831384,-0.2160916355739483,1.5475452743490479,-0.48396759218084423,-1.0202847993700388,1.3140013658860896,-0.24007696930058706,1.2328334976647672,0.3804628535144472,-0.4472135954999579,-1.591579838582547,-0.23501962537934434,-0.22246491672476648,-0.1768948775584213,0.43428107228190116,0.39932235822038453,0.9440280757051995,0.321712839160528,0.3572211471851691,0.2944465881426773,0.44642855756390876,0.3914776367417679,0.595874749121516,1.3080622667152677,0.9670425797755384,0.02926514537838887,0.23040780653682147,-0.9642163502922231,-0.017148642382772285,-0.21217260020959403,-0.21223711685968358,-0.10178885468814859,-0.2279938830963347,-0.24284290080585044,0.24094460581577973,-0.04327133999526872,False,True,False,False,False,False,False,True,False,False,True,False,False,False,True,False
-0.11555462448877812,-0.2526171134058185,-0.8936762142066936,0.5969016418452885,-0.8413385248211738,-0.18835657669758568,-0.4483463746989045,-0.1874960755863964,-0.01988143535218338,-0.588452104296145,0.08210105126217114,-0.23688852971547975,-0.19612562560099833,-0.7687287011429313,0.4801762215550812,-0.4472135954999579,-0.3348646362720914,-0.19856807542725702,-0.20432330433756615,-0.18006139515691458,0.08446611672562537,0.07608003616184893,0.04198685198523803,0.17027836304222932,0.12979057619261034,0.22800374298234752,1.0755926943836998,0.8184015232985583,0.9732933076477331,-0.4109660912452063,-0.17835532640640778,0.11054878119153551,0.23040780653682147,-0.8927978205455939,-0.017148642382772285,-0.17482194489151703,-0.17488762590121806,-0.10644831862368045,-0.20352541415819592,-0.20497988445880452,-0.24757734040554052,-0.7580988561225532,False,True,False,False,False,False,True,False,False,False,True,False,False,False,True,False
-0.7592832336842541,-0.24544608763299838,-0.3493382920831792,0.7996112934676401,-0.9472039980391402,-0.20258690955967626,0.13629826760075436,-0.21694269390691118,-0.5201240022781082,-0.45549129167892866,0.5393513337294694,-0.5302819272619421,-0.22065750586324887,0.5809308430173382,0.37357110047452585,-0.4472135954999579,-1.3397656536663802,-0.2259695853912399,-0.2171911921936036,-0.16422880716444802,0.9049094284008261,1.034021047421935,0.7326957605394894,0.8617638418438488,0.8405608382613423,0.8562733179968883,0.37348199097610757,0.3914776367417679,0.31585452827948185,-1.0126260165313719,-0.3545703888959381,0.009536107559663961,0.23040780653682147,-1.3091616140288298,-0.017148642382772285,-0.19566402327342738,-0.19572905455759937,-0.11617030112386519,-0.22039098902802898,-0.22873191554788766,-0.08872561795300639,-2.032770092114261,False,True,False,False,False,False,True,False,False,False,True,False,False,False,True,False
2.2470866889335315,-0.27054467783786884,-0.5554343574978291,-2.747807609923513,-0.034114291534180254,-0.24953233755832563,0.4714508264313781,-0.2635806905532756,0.2469146003416428,1.030689892700133,-0.2996938980311757,-0.4447610446429894,-0.2725681997777436,0.31580008775065915,1.406523334941091,-0.4472135954999579,-0.5562949977676026,-0.2641808653410142,-0.25874814149916714,-0.18956094795239453,0.5859874283944887,0.5710044031850086,0.2535120226637586,0.4677932740240473,0.5130249833637546,0.5667552791307201,0.7199781822681653,0.5294068923985763,0.7176226712267461,-1.0556017254803838,0.26218232981741807,-0.44581008529650695,0.23040780653682147,-0.8194831627956309,-0.017148642382772285,-0.2400308237893752,-0.2400944719944507,-0.08741771113219779,-0.2599046215802093,-0.27018841261329607,-0.020345016599812957,-2.2449856836668785,False,True,False,False,False,False,True,False,False,False,True,False,True,False,False,True
1.0843323504200226,-0.25978813917863863,1.0332014657509925,-0.3152917904552937,1.0377736247977296,-0.2455713170709396,-0.6064939888387373,-0.25881476388868363,0.04681757357127302,-0.7764663343230761,-0.7538566868256875,1.4403180949674574,-0.26802758228624524,0.23371825912233216,-0.06076228756686799,-0.4472135954999579,-0.13520561661603656,-0.2610384903451446,-0.25009923326806,-0.1832279127554079,-0.09203654727688126,-0.19629728186711057,-0.5405814383338972,-0.1850866695193847,-0.18331193446621752,-0.048756262050875486,-0.5109951289009877,-0.40982565802636034,-0.4268077965624307,0.6634266324800899,0.7908275172860081,0.30310419030229063,0.23040780653682147,1.0369119990521571,-0.017148642382772285,-0.2338401074383127,-0.2339039486311691,-0.1187172195686524,-0.2536402651999856,-0.26345915739304376,-0.07761174420918042,-1.171939195498012,False,True,False,False,False,False,False,True,False,False,True,True,False,False,False,True
,-0.2741301907242789,-1.5295774418766945,-0.41664661626646954,0.4952130745556517,-0.25635409506437934,0.5485256585682737,-0.2707295805501636,-0.5534735067398363,0.5658233195818413,-1.2363340517413628,0.7050413864076543,-0.2790220530135344,1.2413826873465232,1.406523334941091,-0.4472135954999579,-0.5823246271996974,-0.2698371403335795,-0.2648656619553161,-0.18956094795239453,-0.9371099082585885,-1.1526443096132297,0.9440280757051995,-0.9988210919068504,-1.0512101219064724,-0.8159155742482262,0.8567529946202935,0.5097027130190326,0.8393705933319778,-0.8407231807353246,0.4383973923069484,-0.36807767629073085,0.23040780653682147,-1.3175563521865887,-0.017148642382772285,-0.20195791823034093,-0.20202275331026898,-0.18698768486855818,-0.2654193968551071,-0.2759048711000032,0.12913257375051407,-0.012148860733831467,False,True,True,True,True,False,True,False,False,False,True,False,True,False,False,True
0.5002253961453597,2.1532620333753343,1.6839468248177747,1.2050305967123434,-1.9926255460665585,1.108290815071359,-1.5266192339805398,1.1100274588487724,-1.320512109359588,0.16251596096314333,3.4887361432015056,-1.7092196271501248,1.6765147786743808,0.6481258875295377,-1.5627499786771397,-0.4472135954999579,2.036778534166267,1.6810749521021007,1.6528715265567555,0.6438664839710455,0.4752007914597297,0.668432796371827,0.46396338243221047,0.4108404170221697,0.48211350587229,0.4544631340149237,-3.6841707754703603,-3.8908973484124947,-3.373107511509037,-1.6572616507665496,-2.9977963262388903,-0.2686433256843573,0.23040780653682147,1.3635303688613776,-2.199566582991459,1.637613445487876,1.6408335730423105,-0.10584829799285829,1.6095506551026217,1.880456235823468,-0.26530903953407875,0.21946841212410487,False,False,False,False,False,True,False,False,False,True,False,False,False,True,False,False
-1.26267889535513,-0.2633736520650487,-0.48748149690648424,0.5969016418452885,0.045284813379294735,-0.23874955956488586,-0.8343292524443581,-0.24775100556016652,-0.18662895766082496,-1.202480858849884,-0.33154779616748453,-0.06645279254266585,-0.25593294068960265,0.4073836438521187,0.4361233576408454,-0.4472135954999579,0.6853333375500312,-0.24897177036100535,-0.24883353938058092,-0.18956094795239453,0.9270225056716502,0.9569447221796827,0.9440280757051995,1.0355149640618153,1.118535346694166,1.101982706245152,0.7655697863855414,0.7658570449531075,0.7906714244898855,-0.6258446359902652,-0.795108045119763,1.2923181465331577,0.23040780653682147,-0.16484334128846628,-0.017148642382772285,-0.2255858189702294,-0.225649917480127,-0.0994078418293631,-0.24839319746270422,-0.2539836648762365,-0.3938862946720969,1.802674597646083,False,True,False,False,False,False,True,False,False,False,False,False,False,False,True,False
-0.14469611208084202,-0.2526171134058185,-0.39678207021840034,-0.1125821388329421,-0.39141026364481674,-0.21476337994682596,-0.2633714771053778,-0.2126874022420969,1.1140017163465796,-0.23567250437453688,-0.18989961083794105,-0.18054957552432724,-0.2342383431956848,-0.3572491588141672,0.35278923538829615,-0.4472135954999579,-0.9288684136904378,-0.2376592203758748,-0.22826601370904567,-0.18006139515691458,-0.46667433281330367,-0.7364204007763512,-0.49850748449473165,-0.34816300113144616,-0.4626556830552839,-0.38885320409787694,0.44642855756390876,0.3914776367417679,0.595874749121516,0.7064023414291017,0.7908275172860081,-0.11672973448017547,0.23040780653682147,-0.3340550990960469,-0.017148642382772285,-0.20144202520108573,-0.20150687636332884,-0.12798562137994515,-0.23233074520572033,-0.2346041889153007,-0.3723116041777703,-1.1323176235995496,False,True,False,False,False,False,False,True,False,False,True,False,False,False,True,False
1.6437117145624778,-0.25978813917863863,-0.7746853158662291,-0.41664661626646954,1.7788319373234942,-0.22393240885281215,-0.9986727089798423,-0.2266447589026877,-0.21997846212255318,0.1067771610968351,-1.1049273088386231,1.4969989780856765,-0.2328172891561032,-2.8594294953521864,-1.0395263226623108,-0.4472135954999579,-1.378815727540555,-0.22873487538760515,-0.22984813106839452,-0.18006139515691458,0.563201493484296,0.8224202042102801,0.6571470101903939,0.5637848641270558,0.4896236166649931,0.6572526701887197,-0.4836401664305626,-0.5280507343036268,-0.5485557186676625,1.3510379756642796,0.9670425797755384,-0.25167635316025383,0.23040780653682147,-0.1219423951505676,-0.017148642382772285,-0.2002038819308732,-0.20026877169067253,-0.1137423486111347,-0.22933242078441668,-0.23215984295330974,-0.3294600623804849,-0.012148860733831467,False,True,False,True,True,False,False,True,False,False,True,False,False,True,True,False
-1.8815385475694106,-0.25978813917863863,-0.8138728803404333,-1.227485222755876,-0.39141026364481674,-0.12094587618077514,2.71793339840083,-0.23055962723431683,-0.8202695424336631,-1.2034294094278666,0.9140676389925254,-0.19486914599626298,-0.22995587983361804,0.11330929734218709,0.24487716413678087,-0.4472135954999579,0.2176522484961084,-0.21616537540412678,-0.21318316154991981,-0.17056184236143465,-3.689055447248833,-4.372816497134757,-4.534235813737959,-3.6487127072461054,-3.8774837396777806,-3.3990627048020365,-0.30127374996105827,-0.36384923947409203,-0.14678757572039824,0.018790998244912583,0.9670425797755384,1.2962639540969025,0.23040780653682147,4.594512649861132,-0.017148642382772285,-0.15274172323939417,-0.15280809257218042,-0.14177269901001677,-0.21471558923056136,-0.20256475378694455,-0.5926451326056135,1.3735403804095634,False,True,False,False,False,False,False,False,False,False,True,False,False,False,True,False
0.39096894338057403,0.6437611081966975,1.3038068434763945,0.900966119278816,-0.8413385248211738,0.40154206699794254,-0.9055401904555441,0.5617756807541012,0.01346806910954482,0.7010638813653506,1.3691340844717552,-0.984382855409034,0.5436548410996874,0.6421248788969849,-1.5434483826202126,-0.4472135954999579,1.24591178581773,0.5085919936432369,0.5557258750936289,0.02259573114665745,-0.02084294545004988,0.1880090466161922,0.1927991452206784,-0.02892500349688369,-0.058803662286330216,0.03652189942522065,-1.368117286307658,-1.6183486599717352,-1.3642667967727145,-0.4109660912452063,-1.323753232588354,-0.3937254254550732,0.23040780653682147,0.16921256645951166,-1.2264321422224433,0.5523808691466227,0.5530775008605943,-0.11063214566150457,0.5006524927879776,0.5232599207096738,-0.09055716411091193,0.02021839425873587,False,False,False,False,False,False,True,False,False,False,False,False,False,True,False,False
0.8512162449527837,-0.27054467783786884,-0.961055773373826,-0.2139369646441179,0.25701575981522723,-0.2489455197083425,-0.2852075304576519,-0.2584743405554985,-0.15327945319909678,-0.8521142841362616,-0.45617711393483934,0.8753816573672278,-0.2667802394365616,-4.887682926794675,-1.0347347321570983,-0.4472135954999579,0.4467964634251286,-0.2633010003421707,-0.25695507515857174,-0.18956094795239453,0.18136954009955533,0.11310910946251837,-0.2203715431489921,0.07818034948832661,0.09747865558798453,-0.25182784469135255,-0.5109951289009877,-0.40982565802636034,-0.4268077965624307,0.19069383404095966,0.702719986041243,0.4053006062032857,0.23040780653682147,-2.5178138950887403,-0.017148642382772285,-0.23549096513192938,-0.23555475486137753,-0.12504163278267963,-0.2586196253996506,-0.26800700426394813,-0.1912144397936077,-0.012148860733831467,False,True,False,True,True,False,False,False,False,False,True,False,False,True,False,True
-0.23784234468070403,-0.15939377835915686,2.9351119247802537,1.5090950741458709,-1.172168128627319,-0.1896769168600477,0.7782687639706889,-0.21575121224076316,-0.6201725156632933,-0.2411170389214863,0.5354354880956914,-0.7976418512345533,-0.21669592567141022,0.7659730087444526,-0.05026579448007615,-0.4472135954999579,0.484022461502102,-0.2267237553902486,-0.21465980441864543,-0.1610622895659547,-0.33666304650842893,-0.3724664711887583,-0.09780316221697262,-0.24932886076049793,-0.43454562030418686,-0.7553503653905379,-1.741968440070141,-2.2685865794966933,-1.607762640983178,-1.3564316881234668,-2.3810436075255352,-0.11396766918555398,0.23040780653682147,-1.4135235015295788,-0.017148642382772285,-0.19731488096704405,-0.1973798607878078,-0.11491760482357581,-0.21915953435499355,-0.22627783115411193,-0.13118084495214108,-0.012148860733831467,False,True,False,True,True,True,False,False,False,False,False,False,False,False,True,False
,-0.2741301907242789,-1.5295774418766945,1.0023209450899917,-1.5559304690424471,-0.2545202892831821,0.8033463804114369,-0.27158063888312645,-1.6873566584385993,-1.6878977125609278,2.9162696334326648,-1.8622455070590516,-0.27840923853806115,-1.4610141794659461,1.406523334941091,-0.4472135954999579,-0.20964617622427184,-0.26606629033853596,-0.2632835445959672,-0.18956094795239453,-0.8526025721604158,-3.352242473429304,-1.431347146757352,-0.917447649668102,-0.9644203031624449,-1.6597908176653113,0.32789038685873145,0.34550121818949775,0.25498056722686596,-2.12999444920568,-0.6188929826302326,-0.2678541641716083,-4.340130723132376,0.6664021020984684,-0.017148642382772285,-0.2435388963883106,-0.2436024352336436,-0.0036733286760559153,-0.26301002901655957,-0.27466809047335894,0.7387530289386358,-0.012148860733831467,False,True,False,True,True,False,False,False,True,False,True,False,True,False,False,True
-0.5354389490345217,,,0.2928371644117611,0.005585260922557242,-0.24498449922095647,-0.6125661375861872,-0.2548998955570545,-0.01988143535218338,-1.34798549797709,0.12991955082849763,-0.6349917333867892,-0.2633325548481709,0.6103906748374051,1.406523334941091,-0.4472135954999579,-0.9320219545334955,-0.26128988034481415,-0.2542127384023671,-0.18956094795239453,0.2911943954938982,0.2373949749014843,0.2535120226637586,0.4677932740240473,0.5130249833637546,0.2991415655735093,-0.5930600163122645,-0.7316605878922492,-0.47550696540452303,-0.4109660912452063,0.7908275172860081,2.197880982412631,0.23040780653682147,-1.052167303416348,-0.017148642382772285,-0.23239560695639813,-0.23245949317973674,-0.12783885361996417,-0.25637088208367287,-0.2626995598430004,-0.5167703106667096,-2.9671128879611883,False,True,False,False,False,False,True,False,False,False,True,False,True,False,False,True
0.5263797119604336,-0.24544608763299838,-0.09301346764217268,0.0901275127894095,0.16438347074950674,-0.19767231006606767,0.13961414955513435,-0.22290010223765114,-0.15327945319909678,-0.3137303557384805,-0.49759471198441346,1.2156467882968207,-0.23153616913060604,0.09916372835033666,0.3151757336209782,-0.4472135954999579,0.04888206211308506,-0.20610977541734407,-0.2171911921936036,-0.16929523532203733,1.0025209288069385,1.042384277961059,0.8426895423236931,0.952197446411223,1.029672051051821,1.023433971207882,-0.5930600163122645,-0.7316605878922492,-0.47550696540452303,0.9642565951231731,0.8789350485307733,-0.07648249732997665,0.23040780653682147,1.1430168814359893,-0.017148642382772285,-0.18782244922874824,-0.18788772496410938,-0.09827295677954058,-0.21235976289953704,-0.22396008478399565,0.03604182949431608,-0.8200418528113388,False,True,False,False,False,False,False,True,False,False,True,False,False,False,True,False
-0.925482976187779,-0.23827506186017824,0.17845429304750485,0.7996112934676401,-0.45757618440604575,-0.20442071534087353,-0.3009589858696943,-0.21353846057505974,0.2469146003416428,0.21508893422971995,-0.1874898596786931,-0.09887799553146695,-0.22900529360000998,-0.991380829269267,-1.1273477925568407,-0.4472135954999579,-0.2245715720072044,-0.2204390053985094,-0.21149556969994768,-0.16739532476294133,-0.14879520585027659,-0.04642200139943758,-0.05309771730613443,-0.33083014815594186,-0.3387563859480501,-0.2720339723172665,0.38260031179958304,0.41118181612131166,0.27933015164791297,0.7064023414291017,0.6146124547964777,-0.2840319751829627,0.23040780653682147,0.6348650614837547,-0.017148642382772285,-0.1966958093319378,-0.19676080845147967,-0.10544418135642299,-0.21541162882836398,-0.22418406867656132,-0.06642966202414417,2.7497952140744957,False,True,False,False,False,False,False,True,False,False,True,False,False,True,True,False
-0.1618305978396754,-0.05182839176685493,0.2008639089921137,1.407740248334695,-0.7090066832987157,0.06133441847023056,-0.20310195037541284,0.07037459930134869,0.2469146003416428,0.41423171373796597,0.18120206768624303,-0.4415486321336458,0.04682394940373271,0.7065609278118868,-0.3804151971239357,-0.4472135954999579,0.08135673103469111,0.01385647429352767,0.05303445278318264,-0.12939711358102157,0.016043134407115616,-0.2197874544853809,-0.14574740043868692,-0.0810150451993606,-0.042909432658406625,-0.0026227404534652564,1.0755926943836998,0.8184015232985583,0.9732933076477331,-0.06716041965311119,-0.795108045119763,-0.3353274735116475,0.23040780653682147,0.026526337001824475,0.7303836301866699,0.11923708178395091,0.11894024240307928,-0.12650272167427068,0.021884332514811276,0.03574436994205796,-0.16100611858661362,0.20126271661176268,False,False,False,False,False,False,False,False,False,False,False,True,False,False,False,False
0.2069319747520516,0.09876314946236775,1.6144038287693188,1.2050305967123434,0.23054939151073572,0.015709330634043218,-0.651306154252755,0.08756597762719837,0.7471571672675675,2.155401462751612,-0.14275885378515304,0.1935248846273032,0.017227905424874786,0.8032832267461525,-1.3167384550675318,-0.4472135954999579,0.47725855054750277,-0.024606195655916187,-0.02881375194046534,-0.11736434670674699,-0.1336950932407635,-0.24344114943205475,-0.5719464280671158,-0.23952664848192412,-0.21081575026537905,-0.10008030054294959,0.601440011562988,0.680472267641748,0.6080495413320378,0.8783051772251493,-0.795108045119763,-0.556687277837741,0.23040780653682147,0.7785605779994477,1.211823124285891,0.10561750581161346,0.10519172875314968,-0.1329533763073616,-0.03503028998243496,0.032219058228337774,-0.49975715023830286,-1.1209127711030786,False,False,False,False,False,False,False,True,False,False,False,False,False,True,False,False
0.8319556427039395,-0.24903160051940845,-0.6065116624677853,1.0023209450899917,-0.25907842212235876,-0.18960356462879982,0.12748920557522803,-0.19719814058217294,0.4470116271120132,-0.6964322491534127,-0.25466167324272965,0.3538586367376531,-0.21213118162575936,-1.2050115668938626,0.4290636352180429,-0.4472135954999579,-0.23166458071693258,-0.21264591540875283,-0.20137001860011494,-0.18006139515691458,0.10551306957598547,0.39986709906553863,0.076399138929107,0.3221763470338437,0.27317996931729555,0.2800263003194217,0.23670717862397928,0.2863886800508664,0.31585452827948185,0.7923537593271256,0.1740747985726529,0.21195603557978154,0.23040780653682147,-0.5477809480440058,-0.017148642382772285,-0.16429772709471083,-0.16436373618363936,-0.13136127985950768,-0.2080229007901514,-0.2160037873671112,-0.08396185843757176,-0.5122076282686527,False,True,False,False,False,False,False,True,False,False,True,False,False,False,True,False
-0.024094900743312574,-0.09126903351736564,-0.36443709945510044,0.1914823386005853,-1.489764548281218,-0.005196055271605321,-1.5555201502343377,0.0315663393182425,-1.120415082589218,-0.6582049320073623,1.7898615759317016,-1.315029728453397,0.12073564804988195,0.5076080540951542,-0.9144021392369427,-0.4472135954999579,1.2862243394706936,0.1491042941157551,0.09859943273242996,-0.12496398894313095,0.5934685808910577,0.6141418156639677,0.4775646634391413,0.5634998308340439,0.6151019570007288,0.5457342623558336,-1.596075306894537,-1.8219585135603593,-1.632112225404225,-1.0556017254803838,-0.9713231076092933,0.1736817022114552,0.23040780653682147,0.41934556336319107,-0.9581153398013856,0.13471387266160711,0.13492981756506364,-0.10015688996229241,0.10299971641257989,0.12374082460525716,-0.16149849216772375,-0.1206997894094207,False,False,False,False,False,False,True,False,False,False,False,False,False,True,False,False
0.8331472616216324,-0.23827506186017824,-0.4241281367824515,-0.3152917904552937,0.19084983905399824,-0.18102135357279672,-0.6859998114137573,-0.18715565225321124,-0.01988143535218338,-0.1294665968222992,-0.4402125125048217,0.8565563896598282,-0.20121150321634296,-0.4096843861401649,-1.0106628094674361,-0.4472135954999579,0.25505406190543306,-0.18650135544311777,-0.1693057734506446,-0.16422880716444802,0.5859874283944887,0.8378919458118349,0.7368732597927699,0.6948819500391561,0.6946780923628758,0.7273235072650476,-0.5109951289009877,-0.40982565802636034,-0.4268077965624307,1.0931837219702087,0.7908275172860081,-0.16486858675786425,0.23040780653682147,1.172842281108601,-0.017148642382772285,-0.16244051218939207,-0.16250657917465489,-0.10709008572322463,-0.17927111125015024,-0.19100523722196494,0.02162415470797887,-0.7439637749971202,False,True,False,False,False,False,False,True,False,False,True,False,False,True,True,False
2.857757958943952,-0.27054467783786884,-0.29452611345137675,-1.1261303969447,2.387558408326801,-0.2517329044957623,0.19119592508099023,-0.2639211138864608,1.4474967609638627,-0.8096765373527609,-1.4377741877097459,1.0780896324003737,-0.27465755936734915,0.6995728581030722,1.406523334941091,-0.4472135954999579,-1.7485904912294135,-0.2648093403401881,-0.2626506976522277,-0.18956094795239453,-4.161731943583524,-3.2918416085190234,-2.181465638061317,-4.103860335227443,-4.362926889770602,-3.7432340023696957,0.38260031179958304,0.41118181612131166,0.27933015164791297,1.1791351398682322,1.0551501110203036,0.34571891199073645,0.23040780653682147,-0.5353389490654439,-0.017148642382772285,-0.2400308237893752,-0.2400944719944507,-0.09600687856359694,-0.26215336489618707,-0.271766038294559,-0.22872159128792618,-0.012148860733831467,False,True,False,True,True,False,False,True,False,False,True,False,True,False,False,True
-0.8624151651119604,-0.24544608763299838,1.996811211633857,-1.734259351811755,-0.07381384399091774,-0.23845615063989428,0.18417424532019225,-0.25030418055905507,0.6137591494206548,0.4656697582120055,-0.19035143918030004,-0.625237378708243,-0.2613951925497261,0.3228110866765399,0.28679748434776825,-0.4472135954999579,-0.2986260075065991,-0.25525652035274454,-0.24756784549310182,-0.18956094795239453,0.5364423808481679,0.5149355917087824,0.4449996676248331,0.4200855689788546,0.46214175955447406,0.32837667713857976,0.5923216907395138,0.713312566607655,0.5593503724899455,-0.2820389643981706,-0.8832155763645282,-0.34677031544650794,0.23040780653682147,-0.6810643430812219,-0.017148642382772285,-0.2278557482989523,-0.22791977604666358,-0.11632806787288454,-0.25042777474858885,-0.2602454754502072,-0.06561685624634901,-0.012148860733831467,False,True,False,True,True,False,False,False,False,False,False,False,False,False,False,True
-1.6179929334095549,-0.2633736520650487,0.5240937201884288,0.2928371644117611,-0.7487062357554533,-0.23500859577124347,1.53819155360156,-0.2608573038877945,-0.35337647996946653,-0.24149213809351522,0.276387238476537,-0.15552631686379265,-0.26878274343121816,0.17379188817906474,-0.46891539654999437,-0.4472135954999579,0.08360023843616804,-0.2563877753512576,-0.2526306210430182,-0.18956094795239453,0.6121912535412057,1.2382232597520697,0.9440280757051995,1.0355149640618153,0.829235950880746,0.8462629355126999,0.38260031179958304,0.41118181612131166,0.27933015164791297,0.36259666983700717,-0.4426779201407033,-0.11357308842917949,0.23040780653682147,2.237471462488992,-0.017148642382772285,-0.2317765353212919,-0.2318404408434086,-0.10240518589655227,-0.2534796406774158,-0.26254374496077615,-0.16838418778339895,-0.012148860733831467,False,True,False,True,True,False,False,False,False,False,True,True,False,False,False,True
-2.1044627394326074,-0.25620262629222856,3.2380607773748284,-0.41664661626646954,1.3818364127561202,-0.24843205408960728,0.8273395341266893,-0.2630700555534979,0.4136621226502844,-1.026049930735589,-1.127744640127752,1.4260063371130038,-0.272319696269973,0.152780286196282,1.406523334941091,-0.4472135954999579,-0.9369685508485648,-0.26141557534464893,-0.2606466823303858,-0.18956094795239453,0.18136954009955533,1.2382232597520697,0.9440280757051995,0.07818034948832661,0.09747865558798453,0.19944233895415148,0.8567529946202935,0.5097027130190326,0.8393705933319778,0.23366954298997153,0.702719986041243,0.7280676649176252,0.23040780653682147,-0.76350362900544,-0.017148642382772285,-0.23693546561384396,-0.2369992103128099,-0.09764662870959134,-0.2596904555501162,-0.2699157365696259,-0.03391881837486744,-0.012148860733831467,False,True,False,True,True,False,False,False,False,False,True,False,True,False,False,True
0.5833416471372069,-0.2346895489737682,-0.8104854280896069,0.6982564676564643,-0.8281053406689282,-0.16385693146079056,-1.3418922568099003,-0.12417733561395997,0.2135650958799146,-0.3321909096462592,0.5710546224183252,-0.9731170156448873,-0.1428348927889812,0.6116717636253325,-0.11647203211557765,-0.4472135954999579,0.731756544203427,-0.14954702549169133,-0.13956196709488594,-0.16422880716444802,-0.0485480198057764,0.07165001116722548,-0.07463664803191934,0.04290372455487058,-0.006313638298285862,0.13694113181646528,1.2670774316766784,0.8446737624712827,1.1924395674371497,-1.8291644865625971,-0.6188929826302326,-0.0662233976642397,0.23040780653682147,0.2953815032704501,-0.9456539854542327,-0.10280327800749015,-0.10276309135809635,-0.1207676020713713,-0.1484312029167412,-0.14130028983510604,-0.2599654537891044,1.0687267960337792,False,False,False,False,False,True,False,False,False,False,True,True,False,False,False,False
0.5458948217452512,9.582444734016986,0.6584126716757933,0.900966119278816,-0.15321294890439224,11.42601566239951,-0.43438950330281156,11.345535817726438,-0.053230939813911575,0.8591906987379941,0.49740660261380976,0.5273856702664895,11.08982041505975,0.45166161062036037,-1.6986177668963225,-0.4472135954999579,0.9940729694901391,11.925468828636653,12.446287101015963,8.638690116646963,-0.7973653236240544,-0.7198633064473398,-0.7947613786494898,-0.8695146465620828,-0.976683738184869,-0.8476147972605869,-1.2951707197198554,-0.9943829796195048,-1.339917212351669,0.19069383404095966,-0.795108045119763,-0.4205569168885391,0.23040780653682147,1.0424430352015648,0.16247801533798997,12.781728306247153,12.779356095340464,-0.11390429549822353,12.128208140111088,11.854760882565675,0.03245006238790689,0.39976205211497295,False,False,False,False,False,False,False,False,False,False,False,False,False,True,False,False
0.058958378178499526,-0.2024199329960776,-0.4086546079316907,0.900966119278816,0.5746121794691267,-0.1127304262810115,-0.6401895053199845,-0.09439029396026004,0.2802641048033716,-0.12340175601098875,0.010410954274544673,-0.5521700153556717,-0.12123921416708855,0.6708792902163917,0.025187983665726,-0.4472135954999579,-0.8004966142001814,-0.12817887551977808,-0.1583364264258258,-0.1610622895659547,0.6412179732002213,0.5663166828812591,0.387734112599218,0.5495611520974056,0.47828258546774494,0.5360455087225128,0.7017415406212143,0.5294068923985763,0.7297974634372696,0.23366954298997153,0.5265049235517126,-0.16723607129611123,0.23040780653682147,0.487892971558993,0.8435333299574339,-0.08031034193196313,-0.08049492470486087,-0.11958977591057604,-0.14859182743931101,-0.11663284631672219,-0.522972514516114,-0.24877146872965508,False,False,False,False,False,False,False,False,False,False,True,False,False,False,False,False
-1.1853212059130498,,,-0.5180014420776453,-1.873526888696346,-0.241977057739793,1.3089289660455254,-0.26238920888712763,-1.0870655781274898,,1.3376567099540788,-0.199201376028431,-0.2683557034227191,-3.204406007171653,0.0630338972301821,-0.4472135954999579,0.9332556701042087,-0.2604100153459707,-0.2565331771960787,-0.17056184236143465,-2.5803081101674628,-0.8869923574615255,-0.15568267543487602,-1.6769331105630723,-1.7744586114400185,-1.4552150010793523,0.38260031179958304,0.41118181612131166,0.27933015164791297,-0.6258446359902652,-1.2356457013435889,,,-0.9964967582609592,-0.017148642382772285,-0.23218924974469604,-0.2322531424009607,-0.12356913226137041,-0.2555677594708237,-0.26681891578817496,0.14992528306396927,-0.012148860733831467,False,True,False,True,True,False,True,False,False,False,False,False,False,False,False,True
-0.17526692863272295,-0.2633736520650487,0.4004423636949728,0.1914823386005853,0.8657422308185342,-0.24711171392714526,0.1752878794322691,-0.2560913772232025,1.0806522118848507,-1.2278327212103275,-1.2364846611888156,1.085638384795327,-0.26815786567866867,-0.7179602492231353,-0.23998092518118022,-0.4472135954999579,-1.3309474827907035,-0.26166696534431855,-0.2581152945554276,-0.18956094795239453,0.2366030931048908,1.2382232597520697,0.9440280757051995,0.5834402849576709,0.15420402731610075,0.6757830883577379,0.7199781822681653,0.5294068923985763,0.7176226712267461,1.3080622667152677,0.9670425797755384,1.4087194696636347,0.23040780653682147,-2.4561012556982047,-0.017148642382772285,-0.23672910840214187,-0.23679285953403387,-0.10192386057189418,-0.2585125423846041,-0.26884450925524767,-0.008718759170355759,-2.947268639376233,False,True,False,False,False,False,False,True,False,False,True,True,False,False,False,True
-0.7589308733308366,0.06649353348467718,0.06622408821448564,1.0023209450899917,-1.4765313641289721,0.17495702467321156,-0.7669939904240781,0.14577836760185764,-0.9536675602805765,-0.07082409725857138,1.3447353539843696,-0.9587661555965646,0.27356289267340655,0.4451070327122418,-0.7399536947666403,-0.4472135954999579,1.1370745396752913,0.31200501390163493,0.24963890330493502,-0.048334263059592764,0.2838818693167999,0.3459631672232927,0.0425991223456607,0.12266220588557412,0.2220392552619916,0.16469069208326698,-1.6507852318353886,-1.6446208991444613,-1.668636602035794,-0.7977474717863128,-1.323753232588354,-0.18854343214033414,0.23040780653682147,-0.269586349684036,-2.7125817503318186,0.3567542324530482,0.35799295083010324,-0.1114582682729433,0.25553947134640354,0.2342233144278661,0.031986388715945425,-0.5654866304900177,False,False,False,False,False,False,True,False,False,False,False,True,False,False,False,False
-2.410965571690247,-0.25978813917863863,2.3812567502465734,-0.720711093699997,-1.4235986275199892,-0.24234381889603243,1.204308893124356,-0.26460196055283103,-0.48677449781637994,-0.32468866590091466,1.2249255385355107,-1.3576917435877556,-0.27259473898731135,0.3657587208451605,-0.889630005603299,-0.4472135954999579,0.359737951335091,-0.26543781533936206,-0.26022478436789276,-0.1832279127554079,0.785539635281051,0.7968323238692502,0.48722514830855973,0.6599452306522197,0.7179669524909759,0.747909177538686,0.38260031179958304,0.41118181612131166,0.27933015164791297,0.2766452519389834,-0.7070005138749978,-0.07016920522798467,0.23040780653682147,2.4210674654669897,-0.017148642382772285,-0.23899903773086478,-0.23906271810057045,-0.11722717457058314,-0.26065420268553524,-0.26692603851943963,-0.7174267063988485,-0.012148860733831467,False,True,False,True,True,False,False,False,False,False,True,False,False,True,False,True
-0.34818558209399053,-0.1844923685640273,-0.393556548506833,1.407740248334695,1.0377736247977296,-0.09453907293153486,-0.4428313676732792,-0.04690123898093273,0.5470601404971984,-0.39796758201206395,-0.3868214633827343,0.45701751332802026,-0.08219279892670078,0.683318783018476,0.152686393563839,-0.4472135954999579,-0.00433214341514688,-0.08871064557165595,-0.10327874232048528,-0.16422880716444802,0.0638727091609193,-0.11191372059539445,-0.13568793450505204,0.06947730753765831,0.03250232069941057,0.09277847736521234,1.8141766810851914,1.869291090207579,1.789004385752785,0.19069383404095966,0.1740747985726529,-0.02755448353953887,0.23040780653682147,-0.8499541019165994,2.461175457158203,-0.05100761787026737,-0.051470095654859056,-0.11357739734315198,-0.10409883468746566,-0.10673860130453616,-0.09789309668975428,-0.07441858307888363,False,False,False,False,False,False,False,False,False,False,True,False,False,False,False,False
0.27558351144976767,1.1564894509533368,0.19358601009022247,0.6982564676564643,1.9773296996071812,2.5993949718784592,-0.11031736373143139,2.3541045299738736,1.0806522118848507,0.6103887975465794,-1.007332386889081,1.877379462469578,1.8140819777964563,0.6578117054066686,-1.5752311404279484,-0.4472135954999579,-0.7601517636430479,2.279885931315011,2.351323603463968,1.8864079896198216,0.4974906775995794,0.708101040779033,0.6426189014834038,0.3825783616670811,0.44589569073106006,0.40897994005147764,-1.1401592657207775,-0.5214826745104443,-1.291218043509575,1.3080622667152677,0.9670425797755384,-0.37675845293096977,0.23040780653682147,3.1330291728266344,-1.8194437614558614,2.490281444240882,2.494142295093632,-0.1143332096775338,2.324222697523358,2.440153030721115,-0.10104508626975288,2.513477157623758,False,False,False,False,False,False,False,True,False,False,True,False,False,True,False,False
-0.24436008610549123,-0.2418605747465883,-0.6037476240944294,-0.011227313021766296,-0.5766748417762577,-0.1763268107729318,-0.27985286247542535,-0.1762621055912867,0.4136621226502844,-0.7645540071825119,-0.13726160895311867,0.3312593172252526,-0.19338726170469087,0.43519073219436727,0.6604998479847531,-0.4472135954999579,0.32733148754326596,-0.21013201541205714,-0.21149556969994768,-0.17372835995992797,-0.572854149214746,-0.27874099115556666,-0.2846142807409476,-0.5919538807131189,-0.6771160755960144,-0.7497811507829343,0.44642855756390876,0.3914776367417679,0.595874749121516,0.8353294682761374,0.4383973923069484,0.2885047023164342,0.23040780653682147,-0.1662263304325195,-0.017148642382772285,-0.15707522468513793,-0.15714145892647755,-0.13385102926481976,-0.21155664028668786,-0.195572560953894,-0.6342632219464412,0.024499332704802305,False,True,False,False,False,False,False,True,False,False,True,False,False,False,False,False
1.002958342517823,-0.223933010314538,0.7487643029793258,-0.6193562678888211,-0.36494389534032523,-0.2031737274096594,-0.40339987765339197,-0.21796396390646658,-0.25332796658428197,-0.5571702389946969,-0.29246464455343185,0.08968570644464714,-0.2262669297037025,0.3768760019276902,-0.48424019457054973,-0.4472135954999579,0.09592113403358114,-0.20585838541767448,-0.20263571248759404,-0.17372835995992797,0.9228937517094573,0.8569553417137536,0.6480926244017268,0.7111025697545231,0.8590309052668486,0.6432163401470679,-0.5109951289009877,-0.40982565802636034,-0.4268077965624307,0.9642565951231731,0.7908275172860081,0.08450645127081863,0.23040780653682147,0.7664821747546112,-0.017148642382772285,-0.18802880644045034,-0.18809407574288542,-0.09759021974845987,-0.20523874239894085,-0.22058084952761298,0.1606763499637745,-0.3061377508279194,False,True,False,False,False,False,False,True,False,False,True,True,False,False,True,False
-0.7391377113413479,-0.17015031701838704,0.26192742918108236,1.407740248334695,-1.0133699188003693,-0.1579154007297115,-0.9523322788947051,-0.1422197722727725,-0.45342499335465175,-0.46329184468946727,1.468536319790733,-0.7024252464249867,-0.13308535225596052,0.7631901166297723,-0.7043282106404608,-0.4472135954999579,1.1737202269864688,-0.12038578553002148,-0.1157247322140297,-0.16739532476294133,-1.1404513776628311,-0.9147276346845452,-1.0903471148214583,-1.2742695301538303,-1.1750944471936213,-1.1131428770979361,-0.5930600163122645,-0.863021783755877,-0.47550696540452303,-1.7861887776135852,-1.9405059513017093,0.015060238148906937,0.23040780653682147,-0.9221583665307507,1.9206391005159256,-0.11188299532238179,-0.11216196421212223,-0.09806537472575423,-0.12417690000869552,-0.1516230257726498,0.255067409571635,2.261323118083015,False,False,False,False,False,True,False,False,False,False,False,True,False,False,False,False
-0.6043804851779853,-0.23827506186017824,-0.5136211248570262,1.0023209450899917,-0.2987779745790962,-0.16583744170448358,-0.0914592427348096,-0.17251744892625012,0.4803611315737408,0.7688672866620478,-0.35398860383798103,0.17052735133698774,-0.1923377565990576,0.5897269063425837,0.1374475777406638,-0.4472135954999579,0.4253946233143602,-0.20259031542197012,-0.20369045739382663,-0.17372835995992797,0.017938753124848973,-0.20284760397496093,-0.20840853336624351,-0.13492495855029252,-0.010921198604796501,-0.054010777887843836,0.7655697863855414,0.7658570449531075,0.7906714244898855,0.14771812509194776,-1.0594306388540584,-0.40556284814630816,0.23040780653682147,0.2100293009348501,0.3799690405626845,-0.15088450833407543,-0.15098165075198786,-0.1310337207469706,-0.20438207827856839,-0.19088837605976014,-0.544842027642748,0.561641675016522,False,False,False,False,False,False,False,False,False,False,False,False,False,False,False,False
0.9240672579145542,-0.25978813917863863,-0.8839327078098037,0.1914823386005853,0.8392758625140427,-0.21909116159045144,-0.5991728487253593,-0.19600665891602492,1.6809432921959606,-0.4412273712558467,-0.8608646992410417,0.5280666222609118,-0.2263948004407107,-0.8991513570813571,0.5731547025924799,-0.4472135954999579,-1.3283317119256153,-0.23979603537306612,-0.22541820246221772,-0.16739532476294133,-0.5232853242726967,0.055113534705325165,-0.2803921420590018,-0.6003428953769018,-0.62620843218057,-0.4402447770381795,1.5132720939105098,1.5737283995144165,1.5698581259633686,1.007232304072185,0.7908275172860081,6.616940667600435e-05,0.23040780653682147,-1.4031674772949696,-0.017148642382772285,-0.19648945212023572,-0.1965544576727036,-0.13776454755924925,-0.23072449998002195,-0.23394197566637456,-0.3250496425528663,0.09426896676485762,False,True,False,False,False,False,False,True,False,False,True,False,False,False,True,False
1.368560223159852,-0.23827506186017824,-0.5038402211069586,-0.1125821388329421,-0.5105089210150288,-0.19569179982237464,-0.8319309838976016,-0.17881528059017526,0.08016707803300122,1.2229944659285759,0.45779631793367165,-0.17790108334913476,-0.19335107187346212,-2.154386124851238,-1.1060700004502508,-0.4472135954999579,-0.16461703328646773,-0.21842788540115288,-0.19989337573138935,-0.1832279127554079,0.6231042267257995,0.6130084958502482,0.36887669012105023,0.5035336225494281,0.6141877317167816,0.7119017000431102,0.32789038685873145,0.34550121818949775,0.25498056722686596,1.0502080130211968,0.7908275172860081,-0.4710632537044749,0.23040780653682147,-0.6379672150690087,2.0157349523549524,-0.17337744440960245,-0.17356322765034382,-0.13038132507295716,-0.21000393656851274,-0.2001301462521307,-0.5172854140825147,-0.07092509821029777,False,False,False,False,False,False,False,True,False,False,True,False,False,True,False,False
2.315344928172091,,,-1.3288400485670517,2.4801906973925223,-0.24725841838964105,0.5290578605905377,-0.26051688055460936,1.414147256502134,,-1.184072573475173,2.0015513191698475,-0.27002043565924083,-0.7477627070055393,1.406523334941091,-0.4472135954999579,-2.4098626902848785,-0.2577704203494402,-0.2506266057211763,-0.1832279127554079,-1.0613854025206066,1.2382232597520697,0.9440280757051995,-0.40048695779842175,-0.4130496899651106,-0.9287331201596035,-0.30127374996105827,-0.36384923947409203,-0.14678757572039824,1.3080622667152677,0.8789350485307733,,,-1.0187304740015435,-0.017148642382772285,-0.23941175215426894,-0.23947541965812255,-0.01768440804852579,-0.25251589354199677,-0.2682504650174694,1.0600114660544036,-0.012148860733831467,False,True,False,True,True,False,False,True,False,False,True,False,True,False,False,True
0.45745127341771885,-0.17732134279120718,-0.483150883408519,0.2928371644117611,-0.28554479042685027,-0.06299761349494233,-0.7407501650229164,-0.013539752328788814,0.5470601404971984,0.45063871963488566,0.18677461724200392,-0.06877168645374139,-0.0439353220070994,0.5934574216550069,0.04332559173247676,-0.4472135954999579,0.35195792147792027,0.005057824305092801,-0.0041327211346230365,-0.1344635417386109,0.7545959896476009,0.6294783804671785,0.5057669645497463,0.652669433233765,0.7102068636733831,0.6773557806746631,-0.7024798661939676,-1.0994719363104064,-0.7068280174044631,0.6634266324800899,-0.09024779516164261,-0.34361366939551197,0.23040780653682147,0.08786999126439643,1.7053647741675877,0.022455549495674097,0.022007731506095737,-0.10605170206732915,-0.011311402149622085,-0.04934029410862811,0.22718052222599805,0.8534437548372048,False,False,False,False,False,False,False,True,False,False,True,False,False,False,False,False
0.7770315639779483,-0.25620262629222856,-0.6474812108209017,0.1914823386005853,-0.8148721565166822,-0.21388315317185128,-0.800182978774592,-0.21472994224120776,0.3803126181885568,-0.32035901667929445,0.21862851537831274,-0.7228256049887735,-0.2312924909336659,0.13589161802683164,-1.0274948182811918,-0.4472135954999579,0.4851113814039748,-0.22622097539090946,-0.21307768705929656,-0.1768948775584213,-0.09203654727688126,0.02439818607430081,-0.3121799746355756,-0.09119423616697972,-0.18331193446621752,0.039762120125746724,0.38260031179958304,0.41118181612131166,0.27933015164791297,-0.06716041965311119,-0.17835532640640778,-0.07293127052260616,0.23040780653682147,0.6437195952003327,-0.017148642382772285,-0.19875938144895863,-0.19882431623924018,-0.11173743236590616,-0.21948078340013324,-0.22647259975672573,-0.13643241479269766,0.15341172454345442,False,True,False,False,False,False,False,False,False,False,True,False,False,True,True,False
2.315987240955686,-0.2741301907242789,-1.5295774418766945,0.900966119278816,-1.7808945996306256,-0.2567942084518667,-1.0682518810200683,-0.2703891572169785,-0.35337647996946653,-1.6878977125609278,1.0239372309094865,-2.337291024664379,-0.27810283130032454,0.031113052045637964,1.406523334941091,-0.4472135954999579,-0.8584900582638955,-0.2685801903352316,-0.26149047825537186,-0.18956094795239453,1.175573494195681,1.2382232597520697,0.9440280757051995,1.0355149640618153,1.118535346694166,1.101982706245152,0.32789038685873145,0.34550121818949775,0.25498056722686596,-2.0440430313076563,-0.0021402639168774332,-0.217742408112047,-4.340130723132376,-0.3908778135384512,-0.017148642382772285,-0.24168168148299185,-0.24174527822465913,-0.13118156423504115,-0.2631706535391294,-0.27478495163493505,0.7392748250209427,-0.012148860733831467,False,True,False,True,True,True,False,False,False,False,True,False,True,False,False,True
-0.606490953772917,-0.25978813917863863,0.16203648102900975,-0.5180014420776453,-0.40464344779706274,-0.23801603725240697,0.14371310855838806,-0.2518360855583882,-0.08658044427564036,-1.1052346414442322,0.024492937611399875,0.08215973481074608,-0.26025159388289815,-1.9261780427240331,-0.06397740417651147,-0.4472135954999579,-0.706569130870002,-0.25450235035373586,-0.24777879447434834,-0.18956094795239453,0.7530368137048231,0.7600497458790054,0.4491582376921629,0.8320813584649521,0.6845862529740344,0.7184030501464727,0.8567529946202935,0.5097027130190326,0.8393705933319778,-0.11013612860212307,0.8789350485307733,0.9391683695779818,0.23040780653682147,-0.6893743792284857,-0.017148642382772285,-0.22744303387554815,-0.22750707448911148,-0.11465491540910137,-0.25021360871849574,-0.2592618940065499,-0.1425187649095135,-0.012148860733831467,False,True,False,True,True,False,False,False,False,False,True,True,False,False,False,True
-0.7737912516012377,-0.27054467783786884,-1.2781498008342937,-0.011227313021766296,-0.5369752893195208,-0.22488598785903471,-0.5460690702054763,-0.23583618889868654,0.04681757357127302,0.07568479766716822,0.05777762549851216,-0.4391195385780125,-0.24619787608907345,0.40716329686658514,0.2063829943025318,-0.4472135954999579,-0.2527079212444243,-0.22873487538760515,-0.2209882738560409,-0.17372835995992797,0.7384665833430757,0.9908921318866951,0.8160444969087264,0.7198421277908115,0.6696224911216224,0.8043778006513482,-0.5930600163122645,-0.7316605878922492,-0.47550696540452303,0.018790998244912583,0.4383973923069484,-0.2414172534945169,0.23040780653682147,0.6558782557003309,-0.017148642382772285,-0.19875938144895863,-0.19882431623924018,-0.11608827700364549,-0.2242995190772284,-0.24167428919102107,0.3685611389901914,-0.08784483857073548,False,True,False,False,False,False,False,False,False,False,True,False,False,False,True,False
0.12980349086018553,-0.22751852320094806,-0.17429885861486094,0.1914823386005853,0.7598767576005677,-0.1959118565161183,-1.106094454535632,-0.162645172263881,1.1473512208083072,0.07047271527887367,-0.585927152915596,0.24521150971588995,-0.1960894357697696,0.5070503060267002,0.7208292817923677,-0.4472135954999579,-1.1261418231085394,-0.2136514754074311,-0.19293205935025434,-0.18006139515691458,0.06929563981962897,-0.2223794735329092,-0.3516311365471004,-0.029737370699957053,-0.017622280500348135,-0.40443921588782755,2.087726305789448,2.2896469169711886,2.2151221131210965,0.620450923531078,0.35028986106218324,-0.2398389304690189,0.23040780653682147,0.05902193811556617,-0.017148642382772285,-0.16471044151811498,-0.16477643774119147,-0.13207266180853805,-0.20416791224847528,-0.1959718365893345,-0.45162101806779426,1.6102018522616608,False,True,False,False,False,False,False,True,False,False,True,False,False,False,True,False
0.9554585556767593,-0.27054467783786884,0.1310509040537153,-1.734259351811755,2.189060646043114,-0.25789449192058506,1.2309039022789245,-0.2695380988840156,-1.0870655781274898,-0.5431978599128171,-0.12581529094669092,-0.7344767569283103,-0.2763222916038709,-0.08723318259553012,1.406523334941091,-0.4472135954999579,-1.5992579700281437,-0.2679517153360577,-0.2648656619553161,-0.18956094795239453,-2.4461694814402093,-2.860406859159872,-3.297713392977932,-2.4519182747416113,-2.601028313764071,-3.8297557293092472,-0.30127374996105827,-0.36384923947409203,-0.14678757572039824,-1.3564316881234668,0.08596726732788773,0.07345819009233268,0.23040780653682147,-6.15404044062946,-0.017148642382772285,-0.24333253917660852,-0.24339608445486752,-0.07552501776564512,-0.264616274242258,-0.27664499178991836,2.2005563215505695,-0.012148860733831467,False,True,False,True,True,True,False,False,False,False,True,False,True,False,False,True
1.7205221559430064,0.20632853605466966,0.43560896475552224,0.6982564676564643,0.25701575981522723,0.20481138279110264,-1.0184930350169894,0.5287546174351424,1.180700725270036,1.6750123956524599,0.010561563721997671,0.7773697659148322,0.32513098951893593,-0.06785997007581802,-1.4726560511960245,-0.4472135954999579,-0.25285654784048356,0.2906368639297217,0.40869443516480763,0.05426090713159058,0.3476481024919787,0.4468263851745911,0.39800808956526346,0.27699270603418497,0.35905563923217954,0.23363814551448234,0.29141710356483086,0.6082236099167534,0.31585452827948185,0.7923537593271256,0.6146124547964777,-0.5184129444694147,0.23040780653682147,0.17250542874496924,3.5299463818977816,0.39616845988814603,0.3942329599235227,-0.11866038061492631,0.33585173263132295,0.31132246577118444,0.037169379091996475,0.6059993863899594,False,False,False,False,False,False,False,True,False,False,True,False,False,True,False,False
0.3179935965419903,-0.27054467783786884,-0.8169753647600463,-0.9234207453223485,1.6597332799532822,-0.24806529293336782,-1.2054252840119046,-0.25711264722275795,1.2473997341934924,,-1.2233063345366786,2.0017916883331304,-0.2692628618588527,-0.11565719196303381,-1.1899428032057597,-0.4472135954999579,-2.1547743471997864,-0.26216974534365767,-0.2591700394616602,-0.18956094795239453,-0.6794655908861146,0.18857408295754757,-0.14227156871365174,-0.4530236134762335,-0.46908328886727735,-0.3013574989939059,-0.4836401664305626,0.30609285943041015,-0.7190028096149866,1.3510379756642796,1.0551501110203036,,,2.5555337109291902,-0.017148642382772285,-0.2305383920510794,-0.23060233617075226,-0.14000632025884444,-0.25926212348993,-0.26268008298250123,-0.8846807728428927,-0.012148860733831467,False,True,False,True,True,False,False,True,False,False,True,False,False,True,False,True
1.7629334865473658,-0.23827506186017824,-0.6134698140000081,-0.1125821388329421,0.8657422308185342,-0.17075204119809217,-0.9578452368198611,-0.16060263226477017,0.4136621226502844,0.24114309885673788,-0.7973828171396036,1.2320781195947985,-0.18413955349804192,0.4577526694630933,-0.47676485301668337,-0.4472135954999579,-1.8206929313285924,-0.1794624354523699,-0.18407220213790068,-0.1578957719674614,0.8880249025572929,0.9128121728063203,0.8317702674602764,0.8047774151806817,0.9216586312067747,0.8409455111685487,-1.8878615732457447,-1.4278749259694758,-1.9364820306673045,1.0502080130211968,0.9670425797755384,-0.2915290095540782,0.23040780653682147,1.3753235454503883,-0.017148642382772285,-0.14490014919471503,-0.14496676297869043,-0.1158636313519418,-0.18323318280687292,-0.17036950377354132,-0.43158006602729965,-0.012148860733831467,False,True,False,True,True,False,False,True,False,False,True,True,False,False,False,False
-1.022374468589134,-0.0052167242435241,0.10720186398530081,1.0023209450899917,-0.8678048931256654,0.13894107913049777,-0.6073270543294068,0.08211920429623609,-0.720221029048478,-0.16293762523045235,0.8663997488736519,-0.6158987931520701,0.14237716712466433,0.3271323052537394,-0.5462641282087731,-0.4472135954999579,1.2234153338069091,0.08122899420497182,0.04227605473961035,-0.1255972924628296,-0.0768702364757817,-0.12376845479180137,-0.25924478399456896,-0.11395164571746946,-0.11749101828249597,0.018307259451517906,1.3400239982644795,0.9234904799894598,1.289837905121336,-0.711796053888289,-1.323753232588354,-0.1502690987720078,0.23040780653682147,0.8590438014248282,0.8139551779563607,0.24078147947647768,0.24037390287999896,-0.1311485054224258,0.04544259582505431,0.16586927333871904,-0.5870073231201924,-0.45349202535897626,False,False,False,False,False,False,True,False,False,False,False,True,False,False,False,False
-0.5853206982033807,-0.24903160051940845,-0.2085828821404191,-0.720711093699997,-0.06058065983867175,-0.2312676319776011,-0.8359532683658609,-0.2167724822403186,0.6471086538823824,-0.5213674004664648,-0.29660640435838925,0.1695353839965303,-0.23335531131370368,-4.100212026611284,0.93974610388243,-0.4472135954999579,0.21195318393482077,-0.23627657537769217,-0.22974265657777126,-0.1863944303539012,0.8625833604987537,0.8840206568831382,0.7607429505151903,0.8848234043604347,0.7970915735681473,0.9599161669493481,0.7199781822681653,0.5294068923985763,0.7176226712267461,-0.19608754650014684,0.7908275172860081,0.05649121756822925,0.23040780653682147,-2.294093933064417,-0.017148642382772285,-0.214648886750019,-0.2147133262049962,-0.0980637581326952,-0.23302678480352298,-0.24424523474449716,0.04154435662148835,0.09646203174324049,False,True,False,False,False,False,False,False,False,False,True,False,True,False,True,False
0.09625360006221717,-0.25978813917863863,-0.5737343783017523,0.2928371644117611,0.6010785477736182,-0.2256928624027615,-0.2008696516549547,-0.23651703556505682,-0.21997846212255318,-0.6867897795979221,-0.014288995107746798,0.20695231022554836,-0.24416883288484914,-2.6462279357228993,-0.5300360837677213,-0.4472135954999579,-0.7812649304595527,-0.23954464537339656,-0.23448900865581787,-0.18006139515691458,0.6735497153946662,0.6700963125761568,0.6500459937172564,0.7938116702833571,0.345160724222654,0.8741136036122726,-0.5930600163122645,-0.7316605878922492,-0.47550696540452303,0.7064023414291017,0.7908275172860081,0.20209151667041908,0.23040780653682147,-0.8500876511132153,-0.017148642382772285,-0.21547431559682734,-0.21553872932010043,-0.10431747840262642,-0.23629281676244304,-0.2458325988566044,-0.057681873190187055,-0.4623948719561473,False,True,False,False,False,False,False,True,False,False,True,True,False,False,True,False
0.11012345506054985,-0.14146621392710654,-0.45378797758760037,1.407740248334695,-1.1457017603228272,0.011821662377905068,-1.0515377784976416,0.005013319329801425,-0.38672598443119477,-0.3496092032592402,1.5043060635608199,-0.6930311564564193,0.04668401538964828,0.5688149682231545,-0.20228140330855116,-0.4472135954999579,0.6997221520816356,0.22225878401959928,0.16167317812513807,-0.11863095374614431,0.3488712932353142,0.47276763477741024,0.43057616867586945,0.32389938717159333,0.43673785754890615,0.1695657556495577,0.3370087076822069,0.19443584294632615,0.46195203480576064,-0.45394180019421815,-0.9713231076092933,-0.05635887875487724,0.23040780653682147,1.5856876017202006,-0.555499375526741,0.22530468859882147,0.22543283187411742,-0.10480653673836451,0.16671411036528264,0.09196432708032175,0.3310059654210546,-0.5244947190576167,False,False,False,False,False,False,True,False,False,False,False,True,False,False,False,False
-0.5402867114624287,-0.13788070104069647,1.584068965739314,1.3063854225235192,-1.5294641007379555,-0.16598414616697935,-0.6735164991639152,-0.19362369558372894,-1.2538131004361315,1.5500650653467676,3.002117018480873,-2.59736285151253,-0.1673740110174775,0.6654912334499946,0.09135178748998801,-0.4472135954999579,1.5441986287627876,-0.1746860254586481,-0.19272111036900783,-0.16929523532203733,-0.18056206280319934,-0.3817405019575504,-0.4677848351195023,-0.37914963355087006,-0.3516042278703051,-0.30010637845431315,-1.741968440070141,-2.2685865794966933,-1.607762640983178,-1.9151159044606207,-3.6145490449522466,-0.5065755217781797,0.23040780653682147,-0.17147379038452398,-0.017148642382772285,-0.15583708141492542,-0.15590335425382124,-0.1024811846320246,-0.18655275627331627,-0.17134334678588037,-0.47845316250517866,-0.012148860733831467,False,True,False,True,True,True,False,False,False,True,False,False,False,False,False,False
,-0.2741301907242789,-1.5295774418766945,1.2050305967123434,-0.13997976475214674,-0.2578211396893372,0.5360182276721319,-0.27243169721608934,-0.21997846212255318,-1.6878977125609278,-0.6702684434892743,0.014251675277229424,-0.2808339572303863,-0.5342364482271705,1.406523334941091,-0.4472135954999579,-3.100745380336653,-0.2704656153327534,-0.26539303440843237,-0.18956094795239453,1.175573494195681,1.2382232597520697,0.9440280757051995,1.0355149640618153,1.118535346694166,1.101982706245152,-1.8878615732457447,-1.4278749259694758,-1.9364820306673045,0.23366954298997153,0.9670425797755384,-0.664407824327979,-4.340130723132376,0.42588948060065107,-0.017148642382772285,-0.20195791823034093,-0.20202275331026898,-0.1881543633487014,-0.26595481193033993,-0.27718060544709233,1.8009385156884428,-0.012148860733831467,False,True,True,True,True,False,False,False,False,False,True,False,True,False,False,True
,-0.2741301907242789,-1.5295774418766945,-1.5315497001894034,-1.10600220786609,-0.2580411963830808,-0.5164820691032648,-0.27175085054971904,0.813856176191024,-1.6878977125609278,-0.18387523293982116,-1.9504048220845838,-0.27997022659172716,0.0060260632075293755,1.406523334941091,-0.4472135954999579,-0.1604093884581583,-0.2685801903352316,-0.2648656619553161,-0.18956094795239453,-3.8948666716945626,-4.499858906724645,-2.0251909523729905,-3.846891570262979,-4.088853777947363,-3.5009731669389526,0.7199781822681653,0.5294068923985763,0.7176226712267461,-1.0126260165313719,0.26218232981741807,-0.5231479135459086,-4.340130723132376,-0.7109538897885812,-0.017148642382772285,-0.20195791823034093,-0.20202275331026898,-0.18465432790827174,-0.2648839817798744,-0.27654760748862883,1.6214000812775733,-0.012148860733831467,False,True,True,True,True,False,True,False,False,False,True,False,True,False,False,True
0.1386501537609665,-0.11636762372223608,1.6103585570760985,1.3063854225235192,-0.2723116062746047,-0.15974920651090874,-0.22348165081044047,-0.14187934893958734,0.04681757357127302,0.6875069486946839,0.20755872099051748,0.03588003180674952,-0.15490299517605607,0.9675462455631229,-0.44479607461303516,-0.4472135954999579,0.931870473687472,-0.19454583543254395,-0.17500139594430053,-0.1610622895659547,0.21983576451398584,0.0997148933876428,0.0014188604422851645,0.11522008159979806,0.13698382518435165,0.23436205554576492,-1.741968440070141,-2.2685865794966933,-1.607762640983178,0.10474241614293588,-2.4691511387703002,-0.39135794091682624,0.23040780653682147,-1.70532942022971,0.05427107810766437,-0.14263021986599211,-0.14270290769643978,-0.12943079543381364,-0.18532130160028085,-0.18112073064133086,-0.3033586072781462,1.6604861944838605,False,False,False,False,False,False,False,False,False,False,False,True,False,False,False,False
-0.3647579958700925,-0.25978813917863863,1.899799111729395,-0.8220659195111727,1.342136860299383,-0.25217301788324964,-0.44719555971348046,-0.26051688055460936,1.0139532029613942,1.3130794388361815,-0.7738124386132096,0.309841926581128,-0.2713449834822125,0.6649756179567334,-0.3442148948263022,-0.4472135954999579,-0.5418518187271334,-0.26216974534365767,-0.2595919374241532,-0.1832279127554079,-1.8070383680926987,-1.012005040827033,-0.8025713525760929,-0.879154265085162,-0.4130496899651106,-1.605638395627852,0.32789038685873145,0.34550121818949775,0.25498056722686596,-0.3679903822961944,-0.5307854513854685,-0.48171693412658634,0.23040780653682147,-2.0399219316673975,-0.017148642382772285,-0.2387926805191627,-0.23885636732179436,-0.08231329163010914,-0.2589408744447903,-0.27053899609819987,0.31733574889699306,-0.012148860733831467,False,True,False,True,True,False,True,False,False,False,True,True,False,False,False,True
,-0.2741301907242789,-1.5295774418766945,,-0.7619394199076992,-0.25848130977056816,0.6425134319885241,-0.2734529672156447,-0.08658044427564036,-1.6878977125609278,1.2216874354152714,-2.7314769669196517,-0.2811524277451991,0.3248621197898629,1.406523334941091,-0.4472135954999579,1.5393788096230867,-0.27172256533110123,-0.26750252422089754,-0.18956094795239453,-1.1291720357544281,1.2382232597520697,0.9440280757051995,-1.1837607333585443,1.118535346694166,-0.9902699633839851,-0.5109951289009877,-0.40982565802636034,-0.4268077965624307,-2.0440430313076563,-1.7642908888121789,-0.7164924841694128,-4.340130723132376,1.0561793340203758,-0.017148642382772285,-0.20195791823034093,-0.20202275331026898,-0.1904877203089878,-0.26756105715603834,-0.2774532814907754,-1.2212917982741487,-0.012148860733831467,False,True,True,True,True,False,False,False,True,False,False,False,True,False,False,True
-0.5646699421379023,,,-1.0247755711335242,0.29671531227196474,-0.2536400625082074,-0.9306669322978114,-0.26341047888668306,0.6471086538823824,-0.9780401000683633,-0.5991807842914598,-0.2778128642659704,-0.2729614626104292,-1.3646124949454228,-1.0937716275970741,-0.4472135954999579,-3.107205361552875,-0.26669476533770986,-0.2615959527459951,-0.18956094795239453,0.6121912535412057,0.6006585745879861,0.28420162502115287,0.49302534913683443,0.5399365550673257,0.590543164780248,-1.176632549014678,-0.6331396909945284,-1.1694701214043448,0.7923537593271256,0.8789350485307733,0.6231091837220086,0.23040780653682147,-1.621680754751525,-0.017148642382772285,-0.24085625263618352,-0.24091987510955493,-0.11078024654560352,-0.26242107243380347,-0.27130833207834826,-0.4217115488695398,-0.012148860733831467,False,True,False,True,True,False,False,True,False,False,True,False,False,True,False,True
-0.0536341725777011,-0.22751852320094806,0.03219960231997972,-0.011227313021766296,1.1304059138634501,-0.20574105550333552,-1.2109202228050664,-0.1827301489218044,0.71380766280584,-0.41522110270631185,-0.5921774449848954,0.6650932256284698,-0.20778840187831138,0.039780284643797736,-1.143609249161575,-0.4472135954999579,-0.18235357983223663,-0.20560699541800492,-0.20516710026255222,-0.1768948775584213,0.8596582190623324,0.612575671506948,0.6665309702773312,0.7313151799917345,0.8751994062903563,0.8151941783209086,-1.8878615732457447,-1.4278749259694758,-1.9364820306673045,1.3080622667152677,0.9670425797755384,-0.016900803117427417,0.23040780653682147,0.12090721677777574,-0.017148642382772285,-0.1742028732564108,-0.1742685735648899,-0.11518935249372177,-0.20668436310206942,-0.20668410973063728,-0.2931220449085116,-0.6415137629331363,False,True,False,False,False,False,False,True,False,False,True,False,False,True,True,False
-0.41681675396143153,,,-2.34238830667881,1.1039395455589587,-0.2463048393834185,1.0497800731914575,-0.2642615372196459,0.11351658249473001,2.574735005079051,-1.0711907926091517,0.24477764121354897,-0.27296870057667494,0.7037658550712524,1.406523334941091,-0.4472135954999579,0.021733902026763306,-0.2648093403401881,-0.25927551395228343,-0.1863944303539012,0.7146243882056587,1.2382232597520697,0.9440280757051995,0.5916598245777428,0.6451363353631179,0.683532172319324,0.7199781822681653,0.5294068923985763,0.7176226712267461,0.5344995056330547,0.4383973923069484,-0.5827296077584578,0.23040780653682147,0.9071729999792586,-0.017148642382772285,-0.2375545372489502,-0.23761826264913805,-0.12365980785493086,-0.26017232911782573,-0.2688542476855781,-0.35634267359996274,0.18640969384344655,False,True,False,False,False,False,False,False,False,False,True,False,True,False,False,True
0.4558630885376516,-0.1844923685640273,0.3505180191234819,1.1036757709011675,0.6407781002303558,-0.15813545742345517,-0.6977296344034009,-0.12128373728188627,1.0473027074231231,1.235760332406463,-0.6003103551473573,0.26235110475228285,-0.16151608366925324,0.9725968353021929,-0.25680742844944165,-0.4472135954999579,-1.0644175925450434,-0.14074837550325647,-0.12289699757641122,-0.1768948775584213,0.6218592795118799,0.5220819597237745,0.3881680392475031,0.5023348433087185,0.5498657074977443,0.5275108343969016,0.7655697863855414,0.7658570449531075,0.7906714244898855,0.7064023414291017,0.5265049235517126,-0.47264157672997287,0.23040780653682147,0.007721590055086559,1.2929861122152657,-0.10775585108834014,-0.1079708960277064,-0.11292824756436654,-0.13729456935189902,-0.1635039105314328,0.261403683676686,-0.24342679376584153,False,False,False,False,False,False,False,True,False,False,True,True,False,False,False,False
0.4521503450489165,-0.25978813917863863,-0.3927068806426381,-0.3152917904552937,0.4819798904034062,-0.21872440043421199,0.1791318676133493,-0.23566597723209398,0.6471086538823824,-0.07272822664329777,-0.9272834655678133,0.7854333246089172,-0.2507023037493431,0.4634986263045787,0.07652796063352836,-0.4472135954999579,-0.8900859832977555,-0.2355224053786835,-0.2309028759746271,-0.1768948775584213,0.0792621069761686,0.15264014717539526,-0.17946020518924946,-0.020140502819221685,-0.0073866262012998625,0.10674900393507498,-0.5109951289009877,-0.40982565802636034,-0.4268077965624307,0.9642565951231731,0.9670425797755384,-0.18775427062758515,0.23040780653682147,1.446409744626559,-0.017148642382772285,-0.21196624299789193,-0.21203076608090754,-0.10353411256711405,-0.23249136972829018,-0.2435830214970053,0.03336998460565386,-1.9291239005356207,False,True,False,False,False,False,False,True,False,False,True,False,False,False,True,False
-1.7020368265108843,-0.23827506186017824,0.23203871657448677,-1.4301948743782276,-0.43110981610155424,-0.21879775266545987,-0.7096057391946383,-0.2220490439046883,-0.053230939813911575,-0.8375460674382998,0.2849719769813578,-0.4792177478202234,-0.23011028978019396,0.629371427554188,0.40908332654670826,-0.4472135954999579,0.19688369758390387,-0.24180715537042266,-0.23902441175261796,-0.1863944303539012,0.6323120478502939,0.8283602478608771,0.7319410022710405,0.686771640181474,0.7465789806483439,0.6088088626897087,0.5923216907395138,0.713312566607655,0.5593503724899455,-0.5828689270412534,-0.0021402639168774332,0.38399324535906276,0.23040780653682147,-0.729651224138122,-0.017148642382772285,-0.20329924010640446,-0.20336403337231335,-0.1332100066746718,-0.2400942637965959,-0.23307525538501625,-0.7639128851836362,0.3089044035649523,False,True,False,False,False,False,True,False,False,False,True,False,False,False,True,False
-0.6181013350192092,-0.22751852320094806,0.8879542597180714,0.0901275127894095,-1.0530694712571067,-0.21696394688426263,-0.6210814825897969,-0.22460221890357687,-0.15327945319909678,-0.008845531776230878,-0.18078773926703473,-1.3915074581150904,-0.23318401277922102,0.6933955415476645,0.8192494384267045,-0.4472135954999579,0.09250166994811125,-0.2244612453932225,-0.21360505951241285,-0.1768948775584213,0.6157457156273581,0.5141750368528041,0.3820307833244663,0.5734575633370687,0.5435870206296446,0.448566257370433,-0.5930600163122645,-0.7316605878922492,-0.47550696540452303,0.06176670719392399,0.26218232981741807,-0.21221827752280403,0.23040780653682147,-0.12311847499083378,-0.017148642382772285,-0.19731488096704405,-0.1973798607878078,-0.11111799007849922,-0.21899890983242373,-0.23251042643817763,0.12671484250158965,-0.38208395404442635,False,True,False,False,False,False,False,False,False,False,True,False,True,False,True,False
-0.5450211462223461,-0.25620262629222856,-0.4388941077110923,0.900966119278816,-0.8413385248211738,-0.2264263847152404,-0.49398889427312553,-0.23328301389979797,-0.28667747104601016,-0.7819121703938701,0.3175789223549316,-0.05196734695978146,-0.2402169033146715,0.20708304001313763,0.45476028979408617,-0.4472135954999579,0.2766391587541754,-0.22420985539355293,-0.2309028759746271,-0.17372835995992797,0.5310260154808183,0.7519451100506545,0.44077061331906686,0.31142924922551,0.45657910203634344,0.4193409453915762,0.37348199097610757,0.3914776367417679,0.31585452827948185,0.018790998244912583,-0.0021402639168774332,0.3098120631606571,0.23040780653682147,-0.6808515656438658,-0.017148642382772285,-0.2078390987638503,-0.20790375050538648,-0.08869912205709846,-0.22740492651357863,-0.24166455076038731,0.20119212860521835,-0.2660178637363526,False,True,False,False,False,False,False,False,False,False,True,False,False,False,True,False
-0.6414428342569641,,,0.4955468160341127,-0.034114291534180254,-0.20082645600972693,1.5181691124101284,-0.22426179557039172,0.71380766280584,-0.790501446854268,-0.33968070632994635,-0.21236367947254695,-0.23981881517115541,0.4205851686920949,1.406523334941091,-0.4472135954999579,-0.4869154706532654,-0.23916756037389222,-0.23005908004964104,-0.18006139515691458,0.6268245584932752,0.6172186962805656,0.4298775946527032,0.40143619337028313,0.5549650951095867,0.5041962292082549,0.23670717862397928,0.2863886800508664,0.31585452827948185,-0.2390632554491587,0.35028986106218324,0.3208603243391431,0.23040780653682147,-0.45502449280934915,-0.017148642382772285,-0.20948995645746693,-0.2095545567355949,-0.11759140779233342,-0.23388344892389545,-0.24027195525206912,-0.2136765654313907,-0.8501259061542544,False,True,False,False,False,False,False,False,False,False,True,False,True,False,True,False
0.4668546988657278,-0.2024199329960776,-0.663125645575684,-0.1125821388329421,-0.45757618440604575,-0.05514892475141815,-0.5707679091058216,-0.04111404231678532,0.580409644958926,-0.7141780061657083,-0.13244210663462277,0.7348675215351467,-0.06896662194030646,0.5355413412885374,0.25065408936724,-0.4472135954999579,0.48411393025531074,0.023409294280971243,-0.009828343628278953,-0.13826336285680285,0.6263643916708823,0.5966487338007942,0.4667951082293192,0.6090294177371474,0.572687430065077,0.5873265638905345,1.6226919437922103,1.3635504861326133,1.557683333752845,1.1361594309192202,0.7908275172860081,0.23089591188575745,0.23040780653682147,1.2665577803506651,1.1315324524137704,0.033805196139288646,0.033471679676885226,-0.1041454892080304,-0.006706832502620038,-0.04581498240642861,0.23268255666988755,-0.6644486308813905,False,False,False,False,False,False,False,True,False,False,True,False,False,False,False,False
1.6625433413023811,-0.24544608763299838,-0.2575046036732188,0.2928371644117611,0.4687467062511602,-0.20933531483448212,-0.34839729510493445,-0.20298533724632034,0.9139046895762092,0.0891540076307057,-0.8576265961208023,0.734115747011371,-0.22526326505095898,-0.14235817985793608,-0.05139626053702051,-0.4472135954999579,-1.2985141831766593,-0.22420985539355293,-0.21708571770298035,-0.16739532476294133,-1.7456677536423206,0.17561545114526575,0.21088757494515248,-1.9783162299658361,-1.8816065358153582,-1.834059105868166,0.44642855756390876,0.3914776367417679,0.595874749121516,1.1791351398682322,0.8789350485307733,-0.24575764181463639,0.23040780653682147,-0.5762490659574117,-0.017148642382772285,-0.19648945212023572,-0.1965544576727036,-0.11202567582315641,-0.2198555739527962,-0.227894410557038,-0.09919107744380645,-1.1229781351168204,False,True,False,False,False,False,False,True,False,False,True,True,False,False,True,False
-1.783876304416804,,,-0.5180014420776453,-0.6957734991464702,-0.24359080682724657,2.526319902559628,-0.2661338655521642,-0.6201725156632933,-0.0775990494795242,0.7797993165881788,0.21353058912991257,-0.2740085550606472,-0.06698036332680123,1.406523334941091,-0.4472135954999579,0.8919374549864362,-0.26543781533936206,-0.26022478436789276,-0.18956094795239453,-3.049793310712855,-3.543511878978526,-3.297713392977932,-3.0331571478755133,-3.220955590507108,-3.8297557293092472,0.38260031179958304,0.41118181612131166,0.27933015164791297,-0.9266745986333482,-0.09024779516164261,-0.18578136684571264,0.23040780653682147,0.6386747164550991,-0.017148642382772285,-0.23817360888405645,-0.23823731498546621,-0.12493881096409942,-0.26118961776076804,-0.2701786741832241,-0.3383967495146554,-0.012148860733831467,False,True,False,True,True,False,True,False,False,False,True,False,True,False,False,True
-0.5468848354155952,-0.27054467783786884,-1.2221850357775579,-0.6193562678888211,0.07175118168378623,-0.231340984208849,0.2942755930570622,-0.2426446555623894,0.08016707803300122,-0.6216867759741094,-0.0654962072417657,0.021989540986821446,-0.2523573853642038,-1.3853542034808592,1.406523334941091,-0.4472135954999579,-1.867812892913933,-0.24922316036067493,-0.24324339137754827,-0.1832279127554079,0.94298449576035,0.9750084814733229,0.6716226602851837,0.8115513615698534,0.8796642859307947,0.8908379414201942,-0.4836401664305626,0.30609285943041015,-0.7190028096149866,0.06176670719392399,0.6146124547964777,0.13935317640687386,0.23040780653682147,-1.3788633174077471,-0.017148642382772285,-0.22703031945214397,-0.2270943729315594,-0.09356083305595939,-0.24512716550378416,-0.254577709114217,-0.08276895001060677,-0.012148860733831467,False,True,False,True,True,False,False,False,False,False,True,False,True,False,True,False
0.01979956577816636,-0.21317647165530781,1.407477916087658,0.4955468160341127,-0.23261205381786723,-0.22583956686525727,-0.24042855514414474,-0.21575121224076316,0.5470601404971984,-0.9712982065530646,0.043996861056562954,0.2703617632152992,-0.22922484524279763,0.8655009880976821,-0.31665283128613725,-0.4472135954999579,0.6954968205750788,-0.23916756037389222,-0.23649302397765976,-0.1768948775584213,0.270137750286712,0.41849723596968147,0.09567978196857331,0.33802831630112995,0.18864443157961053,0.4444175815045652,0.5923216907395138,0.713312566607655,0.5593503724899455,-0.8836988896843365,-1.0594306388540584,0.6096934380052758,0.23040780653682147,-3.106781470070648,-0.017148642382772285,-0.20082295356597946,-0.20088782402700067,-0.1315715225215548,-0.2368817733451991,-0.24605658275005116,-0.08029309035211264,1.9122416989807802,False,True,False,False,False,False,True,False,False,False,False,True,False,False,True,False
0.5255759936030169,0.6294190566510572,1.536058617703453,0.7996112934676401,0.005585260922557242,0.22667034770297376,-1.3761589863297765,0.5103717574431448,0.11351658249473001,2.343624977812763,-0.022572514717661623,-0.027956544115481798,0.46748730964028046,0.5790484536985807,-1.3804470130802382,-0.4472135954999579,0.5535171296974353,0.5832548235450985,0.5228178340191725,-0.1205308643052403,-0.5787228709716167,-0.23592901384574458,-0.19060764894125998,-0.6032995194450869,-0.6226391734222271,-0.5440523787948629,-0.9942661325451738,-0.6988202889263422,-1.0964213681412054,0.3196209608879953,-1.2356457013435889,-0.5689192812853504,0.23040780653682147,0.0303564823833055,-1.0374542010040626,0.5804454499381059,0.581041816529109,-0.10594951230340437,0.5036508172092813,0.43786362687941943,0.14172500794787077,0.22247186052910403,False,False,False,False,False,False,False,False,False,False,False,False,False,True,False,False
0.9640160610068496,-0.2633736520650487,0.3794246772356339,-0.5180014420776453,0.12468391829276924,-0.24373751128974236,-0.2398201550970552,-0.2577934938891282,0.4803611315737408,-0.3756571205718037,-0.7000138093612411,-0.4419070971379943,-0.2674509576420008,-0.11547100938598345,0.04611904798814668,-0.4472135954999579,-0.39100205904378926,-0.2570162503504315,-0.25178682511803213,-0.18006139515691458,0.42992052862358604,0.3943876470349054,0.3618282662781054,0.5568476567750723,0.6080070011410768,0.42507743077690097,-0.5109951289009877,-0.40982565802636034,-0.4268077965624307,0.9212808861741613,0.9670425797755384,-0.04097022925627181,0.23040780653682147,1.3442795773634926,-0.017148642382772285,-0.22847481993405855,-0.22853882838299175,-0.12191584949784103,-0.25251589354199677,-0.2623587147884766,-0.06993609573954468,-0.012148860733831467,False,True,False,True,True,False,False,True,False,False,True,False,False,False,False,True
-0.2839696053401711,-0.2633736520650487,-0.7516545298853405,0.4955468160341127,-0.034114291534180254,-0.23148768867134478,-0.4858390631473567,-0.23634682389846426,0.2135650958799146,-0.9589568971533031,-0.6595751727201116,0.6573325293191461,-0.24734630006673192,-2.3090652845197672,0.3819214869912362,-0.4472135954999579,-0.6812863164613551,-0.24381827536777922,-0.24229412096193895,-0.1768948775584213,0.4225378259941617,-0.3241258449816878,0.20907287073534966,0.18955343583721848,0.21626495381072905,0.07657174439720671,0.23670717862397928,0.2863886800508664,0.31585452827948185,0.7064023414291017,0.702719986041243,0.5852294311100569,0.23040780653682147,-0.8624609255019724,-0.017148642382772285,-0.2088708848223607,-0.20893550439926675,-0.1290465426163791,-0.24180759203734084,-0.2486080514437599,-0.24381134108305436,0.7140526924194729,False,True,False,False,False,False,False,True,False,False,True,False,False,False,True,False
1.0998371894528298,,,-0.1125821388329421,1.3818364127561202,-0.24454438583346913,-0.7832905475585414,-0.24043190389668598,1.5141957698873192,-1.4237362681740027,-1.291984242575245,0.9868913320802356,-0.2580343635562844,0.6453806885432194,1.406523334941091,-0.4472135954999579,-1.4062193400048215,-0.26053571034580547,-0.2575879221023113,-0.18006139515691458,0.525517062671293,0.8703974798497175,0.5633589695413302,0.09659063053781673,0.45092135635551084,0.21679888447897835,0.7017415406212143,0.5294068923985763,0.7297974634372696,0.06176670719392399,0.7908275172860081,3.064380323411029,0.23040780653682147,-2.0204312400397755,-0.017148642382772285,-0.22847481993405855,-0.22853882838299175,-0.1383262117432437,-0.25695983866642896,-0.26080056596759715,-0.7422203863551748,-0.4246676741303171,False,True,False,False,False,False,False,False,False,False,True,False,True,False,True,False
-0.10168119222228214,-0.27054467783786884,-0.8795276735790151,-0.6193562678888211,-0.6031412100807497,-0.2398498430336042,0.04663962223909802,-0.2640913255530533,-1.5539586405916859,-0.7857844641364794,1.0325972741380338,-0.5588440647244552,-0.26788523561674554,0.2617136857295576,1.406523334941091,-0.4472135954999579,-1.3987213842149735,-0.26279822034283157,-0.2573769731210648,-0.1832279127554079,0.6581816405334133,0.6527046713360808,0.6410465422278295,0.7864125898615676,0.5871691094858491,0.6322933314304493,0.32789038685873145,0.34550121818949775,0.25498056722686596,-1.0985774344293957,0.08596726732788773,0.3149416129935256,0.23040780653682147,2.8448664461137927,-0.017148642382772285,-0.23115746368618564,-0.2312213885070804,-0.1413624543610687,-0.25808421032441786,-0.2605376283539004,-0.8855876773950644,-0.012148860733831467,False,True,False,True,True,False,True,False,False,False,True,False,True,False,False,True
-0.9369442038214933,,,0.2928371644117611,-0.2723116062746047,-0.24366415905849445,2.358774525339415,-0.2632402672200905,0.08016707803300122,0.13922987724893224,-0.008942359723165413,-1.0107853944834786,-0.27149698077337314,-0.07304885946453371,1.406523334941091,-0.4472135954999579,-0.20615760278969034,-0.2641808653410142,-0.2593809884429067,-0.18956094795239453,0.6880311705523899,1.2382232597520697,0.9440280757051995,0.5660527972998173,0.6178248539401747,0.6593907953620665,0.32789038685873145,0.34550121818949775,0.25498056722686596,-1.3564316881234668,-0.6188929826302326,-0.2615408720696163,0.23040780653682147,-1.2471733268044,-0.017148642382772285,-0.23961810936597103,-0.2396817704368986,-0.0940673891436036,-0.260225870625349,-0.26975018325726063,-0.19686865285841854,-0.012148860733831467,False,True,False,True,True,True,False,False,False,False,True,False,True,False,False,True
0.38871363266905173,-0.223933010314538,-0.09719897940980878,0.2928371644117611,0.21731620735849022,-0.16745119079193715,-0.2413946876054749,-0.1616239022643256,1.0139532029613942,-0.1250604179986135,-0.43351039209316333,0.6951128989074452,-0.19340173763718235,0.22682880510789227,-0.5920471099125486,-0.4472135954999579,-1.3454504812873749,-0.17041239546426545,-0.15601598763211413,-0.17372835995992797,0.6384505952666283,0.5088060351999436,0.3149562477225304,0.4665904738332891,0.5669051428126467,0.4681010711668314,-0.7754264327817688,-0.7645008868581561,-0.767701978457079,1.007232304072185,0.5265049235517126,-0.16644690978336224,0.23040780653682147,0.7211780947534067,-0.017148642382772285,-0.13829671842024838,-0.13836353805785676,-0.11356695420112414,-0.16647469095208642,-0.18695405028818704,0.20809806407845977,0.048811612384696855,False,True,False,False,False,False,False,True,False,False,True,True,False,False,False,False
0.061872228212627695,-0.21317647165530781,-0.44253810580471686,-1.227485222755876,2.361092040022309,-0.09585941309399688,-0.5567821416589325,-0.09490092896003775,1.0473027074231231,-0.4467047042036811,-1.130756829076812,1.5014273022396543,-0.14013271872390248,0.27698714701835436,-1.44581971865287,-0.4472135954999579,-1.5816963652684788,-0.0952467855630647,-0.08935610955821527,-0.1445963980537895,0.14976189994042832,0.1602598469746549,0.4577397955767857,0.21237320731148637,0.0650173156973239,0.037715452329752326,-1.176632549014678,-0.6331396909945284,-1.1694701214043448,1.2650865577662558,1.0551501110203036,0.003617396214046488,0.23040780653682147,2.699789786810402,-0.36736847312071774,-0.05410297604579861,-0.05411777452579926,-0.11530127153484679,-0.09815572735238162,-0.10115848083747019,-0.0911051734463212,0.5033252596448623,False,False,False,False,False,False,False,True,False,False,True,False,False,True,False,False
0.13192312288586333,-0.223933010314538,-0.5013906944738264,-0.011227313021766296,-0.40464344779706274,-0.1515337566111451,-0.5451235467803653,-0.17183660225987984,-0.9203180558188483,-1.1832745317791196,0.4263942481397218,-0.30528971638363767,-0.15735425307794892,-0.23830177323184434,0.19809061405573675,-0.4472135954999579,-0.15826000158470377,-0.17518880545798723,-0.17542329390679356,-0.17056184236143465,0.30910587091064023,0.6571516479569594,0.5305925148335539,0.3247848989385844,0.2616232122594852,0.37366690352614657,-0.4836401664305626,-0.5280507343036268,-0.5485557186676625,-0.0241847107040993,0.6146124547964777,1.2114290914763854,0.23040780653682147,-0.25634810851851586,0.42176658529564776,-0.12281992754259217,-0.12293119272018424,-0.12637843069071644,-0.17809319808463808,-0.16315332704883753,-0.4405020684898877,0.9799525596879516,False,False,False,False,False,False,False,False,False,False,True,False,False,False,False,False
-0.0014669896933395008,-0.27054467783786884,0.21877948500537114,-0.720711093699997,1.7126660165622651,-0.2533466535832159,1.8123863791064965,-0.2683466172178676,0.2469146003416428,-1.6878977125609278,-1.2506419492493974,0.8852807707723759,-0.27665041274034474,0.37356312364536015,1.406523334941091,-0.4472135954999579,-1.034467579228129,-0.26669476533770986,-0.2632835445959672,-0.1863944303539012,1.175573494195681,1.2382232597520697,0.9440280757051995,1.0355149640618153,1.118535346694166,1.101982706245152,0.32789038685873145,0.34550121818949775,0.25498056722686596,-0.3679903822961944,0.7908275172860081,0.019795207225400915,-4.340130723132376,-2.031352541331682,-0.017148642382772285,-0.24250711032980019,-0.2425706813397633,-0.07327084712754034,-0.26301002901655957,-0.2743954144298263,0.5423089724090565,-0.012148860733831467,False,True,False,True,True,False,True,False,False,False,True,False,True,False,False,True
0.1476744687181509,-0.05182839176685493,-0.18604835903619704,0.5969016418452885,-1.3441995226065142,0.1881604262978317,-0.552509338664026,0.018800464323799677,-1.4872596316682294,0.8734616473898373,2.3177476892544555,-1.0749132117038989,0.14482601237114195,0.060873147141581464,-1.3503898555776574,-0.4472135954999579,1.0481666032052301,0.299184123918487,0.2603973013485073,0.05679412121038523,0.20127775034541429,0.2400940803083091,0.331446480106539,0.2553569620155805,0.2548502572511905,0.07786226520499519,-1.504892098659785,-1.684029257903549,-1.5955878487726545,-0.8836988896843365,-1.411860763833119,-0.42292440142678606,0.23040780653682147,1.8228421489320845,-0.7347972533065916,0.3328167958956066,0.333073026196223,-0.10986824064180187,0.2644273615952679,0.21367522685462723,0.15100788902590573,-0.07284281582519388,False,False,False,False,False,False,True,False,False,False,False,False,False,True,False,False
-0.7533899125349584,-0.2633736520650487,-1.0831484081868403,0.1914823386005853,0.3496480488809482,-0.20933531483448212,-0.8200637526227443,-0.20281512557972778,0.6471086538823824,0.09479611349727299,-0.4551228478026684,0.6883085203597397,-0.22191932464542402,0.5436808204578079,0.02920466237959762,-0.4472135954999579,-0.7502370809881506,-0.2035958754206484,-0.20516710026255222,-0.17372835995992797,0.365599026801074,0.5965846788361474,0.46971193703455916,0.33357153260937034,0.3698691786147148,0.513745533953251,0.23670717862397928,0.2863886800508664,0.31585452827948185,0.36259666983700717,0.6146124547964777,-0.24773054559650887,0.23040780653682147,0.0618814536310261,-0.017148642382772285,-0.18658430595853576,-0.18664962029145307,-0.09673457191542385,-0.20555999144408055,-0.22071718755092212,0.1547738055970901,-1.137640001341576,False,True,False,False,False,False,False,False,False,False,True,False,False,False,True,False
0.5929175398734643,-0.26695916495145877,-0.009668604429994097,-1.9369690034341065,0.32318168057645624,-0.24608478268967482,1.0529064709319989,-0.25949561055505393,0.813856176191024,-0.08536472165102636,-0.6142417290367594,-0.43062808070297015,-0.27005180017963903,0.3284233329048883,1.406523334941091,-0.4472135954999579,-0.4055618306386811,-0.2633010003421707,-0.2632835445959672,-0.18956094795239453,1.175573494195681,1.2382232597520697,0.9440280757051995,1.0355149640618153,1.118535346694166,1.101982706245152,0.5923216907395138,0.713312566607655,0.5593503724899455,0.4055723787860191,0.6146124547964777,-0.18301930155109117,0.23040780653682147,-1.1639807062100143,-0.017148642382772285,-0.2373481800372481,-0.237411911870362,-0.11101747116989932,-0.26183211585104743,-0.26846471048044346,-0.7568075234122008,-0.012148860733831467,False,True,False,True,True,False,False,False,False,False,True,False,True,False,False,True
1.4507967888048616,-0.25978813917863863,0.30700208499250303,-1.227485222755876,0.12468391829276924,-0.24285728451476768,-0.4200112037253584,-0.2547296838904619,-0.5868230112015651,-1.0786413856407595,-0.7964038557311591,-0.30219064284117175,-0.26119252949484517,-3.3449214339822912,-0.5818013268064121,-0.4472135954999579,-1.0145705066184743,-0.25588499535191844,-0.24872806488995766,-0.1768948775584213,-2.120212613632978,-2.778434256781632,-0.8375033411417165,-1.649808629816822,-1.4851592156265983,-1.4296430240061058,0.7199781822681653,0.5294068923985763,0.7176226712267461,-0.2390632554491587,0.7908275172860081,0.8622251220849546,0.23040780653682147,-1.085726003722938,-0.017148642382772285,-0.2317765353212919,-0.2318404408434086,-0.09951723394860355,-0.25021360871849574,-0.26098559613985,0.04089157109850598,-0.761083415067992,False,True,False,False,False,False,False,False,False,False,True,True,False,False,False,True
-0.0019507362991469516,-0.2526171134058185,-0.3845269575821032,-0.8220659195111727,-0.5899080259285038,-0.21043559830320047,0.12567661992310866,-0.2196660805723923,0.4803611315737408,-1.2938548609732337,-0.10420283523718588,-0.4053956773271165,-0.23399466499874463,0.629591118219342,0.11599249322615308,-0.4472135954999579,-0.3249149673202786,-0.2352710153790139,-0.22457440653723165,-0.1832279127554079,-2.539835248051481,-1.9770814024978127,-1.3596763426313243,-1.5950920048631814,-2.472767497886201,-2.4692761608804465,0.8567529946202935,0.5097027130190326,0.8393705933319778,-0.4109660912452063,0.4383973923069484,1.782782026706659,0.23040780653682147,-0.41903470796648573,-0.017148642382772285,-0.20618824107023362,-0.20625294427517807,-0.11563290362705307,-0.22970721133707964,-0.23482817280835405,-0.24541223161665016,-0.012148860733831467,False,True,False,True,True,False,True,False,False,False,True,False,False,False,True,False
-0.6829363198115079,0.9915558581784738,0.7044226352901857,1.2050305967123434,-1.2251008652363022,1.0404400011670611,-0.8278951735905511,0.9071351522704277,-0.8202695424336631,0.21063251658563065,2.5453185643559335,-1.0810615624490427,1.1836165153052816,0.5035168176753668,-1.0224258719773245,-0.4472135954999579,1.7208649162307432,1.1870936027514,1.0833092771911639,0.07895974439983842,0.14242173190540605,0.014736146284285396,-0.07867794834898391,0.086876803216469,0.09361394441801005,0.07697423839630982,-1.0307394158390744,-1.5461000022467406,-0.9259742771938814,-1.227504561276431,-1.852398420056944,-0.2828482329138392,0.23040780653682147,0.9148505440674204,-1.196039217246991,1.4178430150251577,1.4193224735517682,-0.1188488235938275,1.0622493651996576,1.2648024214546236,-0.2803656587819172,-0.4140969088388821,False,False,False,False,False,True,False,False,False,False,False,False,False,True,False,False
-0.4918602499753778,-0.23827506186017824,0.2110487041564993,-0.2139369646441179,-0.9736703663436319,-0.1806545924165573,0.3069254511897381,-0.227325605569058,-0.7869200379719349,-0.8177290653796245,0.00498901416623679,0.22144811894612296,-0.2312876656228354,-0.3232116443743113,-1.2082349804846215,-0.4472135954999579,1.082051664802711,-0.19982502542560487,-0.1745794979818075,-0.1344635417386109,0.16953377874126815,0.0997148933876428,0.15852039631943646,0.6480223819725417,0.36084645289711603,0.24958347047031376,0.38260031179958304,0.41118181612131166,0.27933015164791297,0.10474241614293588,-0.0021402639168774332,0.3563725924128479,0.23040780653682147,2.9956473212084065,-0.017148642382772285,-0.16058329728407333,-0.1606494221656704,-0.12165819888287698,-0.1851071355701877,-0.21339388809221532,0.5333701699658406,-1.008586559056018,False,True,False,False,False,False,False,False,False,False,True,False,False,True,True,False
1.5521962235827549,-0.26695916495145877,-0.9234123456123249,0.39419199022293694,0.8657422308185342,-0.23816274171490273,-1.0278574252046668,-0.234474495565946,1.2473997341934924,-0.637264975175521,-0.8832302021878118,1.3113200367831435,-0.25192069473404377,1.0168844632730005,0.7282421731729258,-0.4472135954999579,0.3429767085832757,-0.24130437537108354,-0.2359656515245435,-0.1863944303539012,0.9471752885249488,1.2382232597520697,0.9440280757051995,1.0355149640618153,0.8839682690076103,1.101982706245152,0.7655697863855414,0.7658570449531075,0.7906714244898855,0.23366954298997153,0.7908275172860081,0.1539526643927303,0.23040780653682147,-0.1940262181207675,-0.017148642382772285,-0.222077746371294,-0.22214195424093414,-0.08655879438905788,-0.23832739404832767,-0.2503317535767519,0.1081744940145696,-2.1134227530220113,False,True,False,False,False,False,False,False,False,False,True,False,False,False,True,False
,-0.2741301907242789,-1.5295774418766945,-0.41664661626646954,1.1171727297112042,-0.2567942084518667,-0.06590187669714917,-0.27107000388334873,0.04681757357127302,0.48130860842457823,-1.1156958843315123,0.753022222952886,-0.2789134835198482,-0.02221370165431097,1.406523334941091,-0.4472135954999579,-0.6345945606024204,-0.2673232403368838,-0.26592040686154866,-0.18956094795239453,-1.6413377090766783,-1.9496001660683295,-2.355104177715014,-1.6769331105630723,-1.7744586114400185,-1.4552150010793523,-0.5109951289009877,-0.40982565802636034,-0.4268077965624307,0.10474241614293588,-0.09024779516164261,-0.3503215422538784,0.23040780653682147,-1.409268867339663,-0.017148642382772285,-0.24312618196490643,-0.2431897336760915,-0.06594479255369987,-0.2648839817798744,-0.27584644051921964,0.5305336438093092,-0.012148860733831467,False,True,False,True,True,False,False,False,False,False,True,False,True,False,False,True
-0.04310041821390775,-0.10919659794941595,1.0883681712909183,1.0023209450899917,0.5084462587078977,-0.12703411137434997,-0.6334027187481552,-0.062390500640856696,1.3474482475786775,0.8670844408558103,-0.664620589209787,0.4468587849429507,-0.12449388632225927,0.9806461393139896,-0.2763803510202835,-0.4472135954999579,0.4454816481908346,-0.1364747455088738,-0.14146050792610457,-0.16739532476294133,0.757326526197121,0.8741317517268979,0.6425845195551285,0.7257175951325774,0.722033636696076,0.6638841142542757,0.4646651992108597,0.7527209253667444,0.4254276581741901,1.3080622667152677,0.1740747985726529,-0.42174065915766257,0.23040780653682147,-0.21471068496818002,-2.597924599291522,-0.07164333904047565,-0.07134635535021293,-0.12718472222993707,-0.14409434080735553,-0.1320682580700501,-0.3098259563823514,0.3146756879770082,False,False,False,False,False,False,False,True,False,False,True,True,False,False,False,False
0.21809813507003203,-0.2024199329960776,-0.020554973939991346,0.7996112934676401,-0.17967931720888375,-0.14478535133633927,-0.6248624745755876,-0.13609215227543994,0.580409644958926,-0.33736524784305855,-0.48072645386967783,0.842207710825621,-0.16090326919378004,0.6410278104037389,-0.08158678706833095,-0.4472135954999579,0.12042034678552868,-0.13018999551713462,-0.12205320165142515,-0.16422880716444802,0.6082515175925757,0.47582073413628645,0.40417007060007376,0.4892317154660329,0.6451363353631179,0.5547781618806075,0.44642855756390876,0.3914776367417679,0.595874749121516,1.2650865577662558,0.6146124547964777,-0.0634613323696182,0.23040780653682147,1.032603156529334,0.5683098865754629,-0.0939299179043006,-0.09407051363575697,-0.1143400280754218,-0.1312979205092917,-0.14928580254167698,0.10645550361048799,-0.4724074225609338,False,False,False,False,False,False,False,True,False,False,True,True,False,False,False,False
0.7941620741578335,,,-0.1125821388329421,0.7731099417528137,-0.23390831230252515,-0.5048802439956737,-0.22596391223631743,1.6809432921959606,-1.3049558181490417,-0.6884921866310869,0.51293391063313,-0.24900861964783838,-0.12063056739702867,1.406523334941091,-0.4472135954999579,-0.589952885601722,-0.2602843203461359,-0.25020470775868325,-0.1832279127554079,-0.20012732600709815,-0.09621445338205266,-0.20683201269719875,-0.28916897935964053,-0.2943221677434579,-0.14688129035518646,2.087726305789448,2.2896469169711886,2.2151221131210965,0.19069383404095966,0.702719986041243,1.8585415319305625,0.23040780653682147,-1.460572558137895,-0.017148642382772285,-0.2241413184883148,-0.22420546202869462,-0.14772014889113422,-0.2533725576623692,-0.25219179373165274,-0.8783998769481449,-0.5518581752816033,False,True,False,False,False,False,False,False,False,False,True,False,True,False,True,False
0.03386995171466595,-0.25620262629222856,-0.26195638459547965,-0.1125821388329421,0.15115028659726124,-0.22877365611517286,-0.9085740815071048,-0.23396386056616827,0.2469146003416428,0.2581076812574732,-0.6509151294915642,0.05612881006641046,-0.2463088582381749,0.3602443225794679,-0.7102726938615926,-0.4472135954999579,-0.2524123073838945,-0.2360251853780226,-0.22647294736845028,-0.1768948775584213,0.7688536947927214,0.7779492891790725,0.7852463094978124,0.6438780762817525,0.7008303366961837,0.7327616468988344,0.7199781822681653,0.5294068923985763,0.7176226712267461,0.9212808861741613,0.702719986041243,-0.29586939787419764,0.23040780653682147,0.8919211775270479,-0.017148642382772285,-0.20969631366916902,-0.20976090751437096,-0.11010092148512014,-0.23045679244240555,-0.2408659994899296,-0.005652328532381858,0.018882215723986916,False,True,False,False,False,False,False,True,False,False,True,True,False,False,True,False
0.497743866093181,0.7549120076754094,1.4331818648736812,0.39419199022293694,0.08498436583603222,0.45002789185279757,-0.9260500569491499,0.6215199757280936,-0.11992994873736856,1.0208110664144532,0.07878764341820521,0.20755976016320435,0.5922819109940285,0.5292024421961524,-1.5340998091279683,-0.4472135954999579,0.726571877309795,0.6227230534932207,0.6078302734615182,1.027648416908435,0.6580408153146678,0.7072085791309217,0.556106155869182,0.5770418409420394,0.6295453499599991,0.6446939491106393,-1.7146134775997157,-1.5198277630740142,-1.8877828618252104,0.7064023414291017,0.08596726732788773,-0.44462634302738346,0.23040780653682147,0.26208181891655624,-1.3010026186735342,0.645447971624262,0.6462872540958463,-0.10851333885827442,0.6606880587750604,0.5794019704111693,0.1520878223758818,-0.17911994417704205,False,False,False,False,False,False,False,True,False,False,True,False,False,True,False,False
-1.059121702777085,-0.25978813917863863,-0.025712816890244978,-1.1261303969447,-0.8281053406689282,-0.21733070804050209,0.9257315535344494,-0.25353820222431395,-1.120415082589218,-0.36467304023724556,0.5673646909557268,-0.18210322869124712,-0.2580777913537589,0.2648754485875316,-1.2995305209386288,-0.4472135954999579,0.06754105949030878,-0.24771482036265752,-0.23586017703392023,-0.1768948775584213,-1.6049904677441291,-1.7233675358488172,-2.1209722113432568,-1.64193378056791,-1.7371296571415102,-1.4222189016300015,0.38260031179958304,0.41118181612131166,0.27933015164791297,-0.4109660912452063,0.1740747985726529,-0.04767810211463828,0.23040780653682147,2.724656901960887,-0.017148642382772285,-0.21856967377235859,-0.21863399100174122,-0.11894576782399534,-0.24020134681164246,-0.24844249813209177,-0.1475036686321205,-0.012148860733831467,False,True,False,True,True,False,True,False,False,False,True,False,False,True,True,False
-0.6707384101742033,,,0.4955468160341127,0.9319081515797631,-0.25708761737685826,-1.0720106589758576,-0.26919767555083046,-0.48677449781637994,-1.6878977125609278,0.32917584980881237,-0.9918568273630108,-0.2767131417811412,-0.5132471080346496,1.406523334941091,-0.4472135954999579,0.49548016191827643,-0.2648093403401881,-0.26275617214285096,-0.1863944303539012,0.270137750286712,-0.2987630348399087,-0.11640729146557914,-0.7082016553398967,-0.2763010259776731,-0.5419301056063136,0.38260031179958304,0.41118181612131166,0.27933015164791297,-1.0556017254803838,-1.411860763833119,0.009536107559663961,-4.340130723132376,-0.07387906342396931,-0.017148642382772285,-0.2412689670595877,-0.24133257666710703,-0.0713597024561037,-0.26193919886609396,-0.27334366397568827,0.429323026314784,-0.012148860733831467,False,True,False,True,True,False,True,False,False,False,False,False,True,False,False,True
1.1105898225610362,-0.21676198454171788,-0.8135987577416415,0.900966119278816,-0.4972757368627832,-0.10898946248736913,-1.1664400152706378,-0.03345451732011962,0.6137591494206548,-0.6890786394311276,0.5981643229598647,-0.7511439413288296,-0.08060285900805178,0.46802735873881124,-0.6312281017415112,-0.4472135954999579,0.6638019185960927,-0.08619674557496027,-0.03957214998403763,-0.1458630050931868,-0.2840306279605011,-0.38815963951502475,-0.37094935037016835,-0.24022456439328987,-0.2651818697739097,-0.1618935742571252,1.2670774316766784,0.8446737624712827,1.1924395674371497,-0.4109660912452063,-0.17835532640640778,0.20445900120866609,0.23040780653682147,0.43003576342406535,2.9048648929621033,-0.030165539488357013,-0.03074852871482389,-0.12002380712229,-0.06913623027476407,-0.07703638940489886,-0.03367096073318533,2.5356660798166386,False,False,False,False,False,False,True,False,False,False,True,True,False,False,False,False
-0.28921638670975996,-0.2346895489737682,-0.10491629721153695,0.7996112934676401,0.4952130745556517,-0.1854224874476701,0.13837670804440466,-0.19277263725076607,0.6137591494206548,-0.2610326964875862,-0.3670163210426653,0.7024317900883124,-0.21138567110244744,0.6298569748278092,-0.15835069465349827,-0.4472135954999579,0.07166728672950841,-0.2136514754074311,-0.2112846207187012,-0.1768948775584213,0.19175674559011507,0.12486403342077104,-0.20820617399678037,0.08818235292417212,0.10814641206223151,0.14017103125145852,-0.5930600163122645,-0.863021783755877,-0.47550696540452303,0.8783051772251493,0.4383973923069484,-0.10410315027619152,0.23040780653682147,-0.21759687084989673,2.3393263163098963,-0.17606008816172952,-0.17625975858254267,-0.12246496255705727,-0.21321642701990953,-0.21278036699457067,-0.3325814507218108,2.0006848461453433,False,False,False,False,False,False,False,True,False,False,True,True,False,False,True,False
0.38806113861166747,-0.24544608763299838,-0.23711668864139065,0.1914823386005853,-0.12674658059990077,-0.20977542822196946,-0.5051305395158474,-0.20690020557794947,0.6137591494206548,-1.0145215531291971,0.13925733657058342,-0.5942452078119693,-0.22584954031686444,0.45654562548383887,0.5489775307008142,-0.4472135954999579,-0.19674030789972868,-0.22571819539157034,-0.22309776366850603,-0.1832279127554079,0.6451927237050696,0.8780925798476772,0.4470876525958776,0.5248029834839077,0.573829371313253,0.6205019663723376,0.7564514655620672,0.6410639088826603,0.8515453855425014,0.10474241614293588,0.35028986106218324,0.7016307542405338,0.23040780653682147,-0.11201562510668012,-0.017148642382772285,-0.19360045115640656,-0.19366554676983885,-0.1187039225791683,-0.2248884756599845,-0.2255571873237663,-0.3697778907017776,-0.9003007428084014,False,True,False,False,False,False,False,False,False,False,True,False,False,False,True,False
-1.1312521611170765,-0.06617044331249519,0.037981233121235636,1.2050305967123434,-1.5956300214991845,0.048864539158089325,-0.6153101304058481,-9.303066797570522e-05,-0.8536190468953914,-0.5765585190989437,2.0684890537197456,-1.8581255543752604,0.06290671040178171,0.3875348628357236,0.02613920169298756,-0.4472135954999579,1.1645448818361843,0.10963606416763295,0.07898117747650403,-0.14142988045529617,0.1379281062646027,-0.06300112534496963,-0.1562909225317403,0.06335437094404471,0.0816658307257183,0.17273553051937918,-0.009487483609850826,-0.6856841693399791,0.12105785291111235,-1.7861887776135852,-1.7642908888121789,0.10028968152579855,0.23040780653682147,0.417200398095659,-0.26827735262468916,0.12584051255841758,0.12584138366885872,-0.1066284295986311,0.07483688345533482,0.06592376491787608,-0.018084819311233926,1.16015542375792,False,False,False,False,False,True,False,False,False,False,False,False,False,False,False,False
-0.5431344026599124,-0.26695916495145877,-0.7713180581861188,-0.720711093699997,-0.6163743942329952,-0.21755076473424576,1.463131262719599,-0.25302756722453623,-0.8202695424336631,1.564218095938285,-0.33327980481319397,0.6922775454202972,-0.25863511475468137,-0.2731706595584298,0.14970193552523414,-0.4472135954999579,-1.039456937524461,-0.23866478037455308,-0.2279495902371759,-0.16422880716444802,-1.326288429763322,-0.838056471538849,-0.6187187811780571,-0.5705398169660748,-1.2796043817591718,-1.1692126259180586,0.38260031179958304,0.41118181612131166,0.27933015164791297,0.36259666983700717,0.7908275172860081,-0.5081538448036776,0.23040780653682147,1.6959230628100526,-0.017148642382772285,-0.21629974444363567,-0.21636413243520464,-0.09950219253220803,-0.23125991505525476,-0.25176330280659803,0.7455705226046299,-0.012148860733831467,False,True,False,True,True,False,False,False,False,False,True,False,False,False,True,False
0.9794342861861419,-0.24903160051940845,0.14069306362349399,-2.0383238292452823,0.08498436583603222,-0.2192378660529472,-0.036628619329377506,-0.24230423222920425,-1.0537160736657611,0.286226843616416,-0.17092282045886345,0.1608743012011354,-0.24363322338266388,-2.0013333465165095,-0.48649736955582823,-0.4472135954999579,-1.3562776587540581,-0.2259695853912399,-0.22225396774351996,-0.16422880716444802,0.9014956473908029,0.6178900525653978,0.6230314240210708,0.771601097341556,0.8370548534702996,0.6043658550901134,-0.30127374996105827,-0.36384923947409203,-0.14678757572039824,0.620450923531078,0.8789350485307733,-0.3033664322453131,0.23040780653682147,0.3433890022520728,-0.017148642382772285,-0.20866452761065862,-0.20872915362049071,-0.09030291212572854,-0.2229609813891464,-0.24035960112306617,0.3566279093411515,-0.2801427435163983,False,True,False,False,False,False,False,True,False,False,True,True,False,False,True,False
-0.4297429689415051,-0.17015031701838704,0.6381249815504813,0.900966119278816,0.5481458111646352,-0.16283000022332011,-0.3539823102343227,-0.12604966394647824,1.0806522118848507,-0.26859715307270526,-0.3476630070449552,0.9362197419963598,-0.1579115764788714,-1.0826221522982198,0.7036411908309221,-0.4472135954999579,-0.4094811503411505,-0.18750691544179604,-0.1760561408505331,-0.1610622895659547,0.15330733171781002,0.37056970635337194,0.285531920284632,0.14959442355933025,0.2261400329955133,0.26676893893351805,1.5132720939105098,1.5737283995144165,1.5698581259633686,1.007232304072185,0.7908275172860081,-0.10015734271244654,0.23040780653682147,-1.3637046081042212,-0.017148642382772285,-0.13520136024471716,-0.13526827637621597,-0.12833221818903032,-0.18285839225420997,-0.1787640305458935,-0.2943098459402304,0.2762875247831724,False,True,False,False,False,False,False,True,False,False,True,False,False,False,False,False
1.258834535581517,0.04498045616621679,1.2522194386090955,0.7996112934676401,0.4819798904034062,0.03940210132711156,-0.4806560258044736,0.05420449097505445,0.3136136092650998,3.5219666187974457,-1.0463402337794072,0.898271661645884,0.001473265563299643,-0.15799641991752716,-1.4539781759656518,-0.4472135954999579,-0.11591118836458768,0.052821924242310664,0.12306951455702576,-0.028701853948934222,0.2746355205086475,0.32828665329894513,0.285966541014581,0.2705983881836475,0.342501048409796,0.3016980588249107,0.7473331447385905,1.225621230475803,0.7663218400688401,1.0502080130211968,-0.09024779516164261,-0.6265280717160272,0.23040780653682147,1.347859367388508,1.7080058145065364,0.07672749617332186,0.07620128668927384,-0.10812927305079877,0.08254686053868708,0.033611653742130695,0.2326046192989241,0.5731748841632883,False,False,False,False,False,False,False,True,False,False,True,False,False,True,False,False
0.07003780333959236,-0.26695916495145877,-0.45308490734786155,-2.5450979583011613,0.8789754149707802,-0.23581547031497027,0.806252040912598,-0.24758079389357396,2.2812343725070705,-0.5230494898832933,-1.6215930183261285,2.1400052579511266,-0.26563422811431836,-0.12554952203637554,-0.4646477094955315,-0.4472135954999579,-3.0839945255741092,-0.2586502853482837,-0.24472003424627387,-0.1768948775584213,0.8773123079668469,0.5631547695783344,0.9440280757051995,0.7483145796897721,0.8122183393623155,0.8312205960578551,-0.30127374996105827,-0.36384923947409203,-0.14678757572039824,1.3940136846132916,0.9670425797755384,0.058069540593727244,0.23040780653682147,1.1897631253302738,-0.017148642382772285,-0.22723667666384606,-0.22730072371033544,-0.13355381047799905,-0.24935694459812327,-0.2606350126552277,0.09647107674700886,-0.012148860733831467,False,True,False,True,True,False,False,True,False,False,True,True,False,False,False,True
-0.718805634539818,-0.27054467783786884,-1.2220081462970278,0.1914823386005853,0.05851799753154025,-0.23192780205883212,0.22239018658901852,-0.2443467722283151,0.08016707803300122,-1.271876027808591,0.8000562872706068,0.16219155575983704,-0.25161670015172244,0.3442766214905234,1.1936882287551875,-0.4472135954999579,-0.275413675491628,-0.25575930035208366,-0.2458802536431297,-0.18956094795239453,0.8168159352883538,0.8322268800485302,0.5238555717318724,0.6900616715388358,0.7500880029695312,0.7763018661613722,0.7838064280324923,0.35206927798268023,0.8880697621740719,-1.1845288523274193,0.08596726732788773,1.645073342731959,0.23040780653682147,-1.2524766704935375,-0.017148642382772285,-0.22372860406491066,-0.22379276047114252,-0.13190641725372274,-0.2497852766583095,-0.2535649123798513,-0.5316390461316952,-3.1132951470923365,False,True,False,False,False,False,True,False,False,False,True,False,True,False,True,False
-0.18905034286212025,0.034223917506986605,0.8305523143787211,0.7996112934676401,-1.3706658909110059,-0.06637181613234526,-1.6322126712749727,-0.0045185339993825515,-1.020366569204033,-0.27024956774587555,1.1793661806809792,-1.2840333225189133,0.050445345182021276,0.6498526955993488,-1.2848880034734818,-0.4472135954999579,1.5212723073870031,0.07997204420662397,0.05008116704573142,-0.1357301487780082,0.3085351621351046,0.2570190589181568,0.009800474531488216,0.2340255193026149,0.26369718669829256,0.3148835487239291,-1.6234302693649636,-1.9664558290103484,-1.632112225404225,-1.9580916134096327,-2.4691511387703002,-0.09936818119969755,0.23040780653682147,0.11278407716294171,0.18031924847454286,0.10706200629352804,0.10693085142099899,-0.10900856903637533,0.04801258818617173,0.04235676399841779,-0.038588543485310045,1.0106366227711094,False,False,False,False,False,True,False,False,False,False,False,False,False,True,False,False
0.14748919657516288,-0.26695916495145877,0.4697463906566242,-1.1261303969447,-1.3574327067587602,-0.2476985317771284,0.03404936376165817,-0.26698492388512707,-1.320512109359588,0.34097804718940267,0.9301075451462696,0.07975289113865504,-0.2725223593248539,-0.8609126404538268,-1.3185221399699436,-0.4472135954999579,-0.22564964637000945,-0.26229544034349245,-0.25220872308052517,-0.1832279127554079,1.175573494195681,1.2382232597520697,0.9440280757051995,1.0355149640618153,1.118535346694166,1.101982706245152,0.32789038685873145,0.34550121818949775,0.25498056722686596,-0.8407231807353246,0.5265049235517126,-0.31757133947479504,0.23040780653682147,1.9725616244501791,-0.017148642382772285,-0.23672910840214187,-0.23679285953403387,-0.10745910180546252,-0.255246510425684,-0.26729609886462785,0.30102773788714926,-0.012148860733831467,False,True,False,True,True,False,True,False,False,False,True,False,False,True,False,True
-1.0896975797100996,-0.26695916495145877,0.6209315484270828,-0.41664661626646954,1.3553700444516292,-0.2531999491207201,-0.018429550618428808,-0.26255942055372017,1.647593787734232,0.5743105565728186,-1.0692328697922628,0.593208024900819,-0.2734801835247077,0.5360032627639167,1.406523334941091,-0.4472135954999579,-1.5382049875869621,-0.26543781533936206,-0.26127952927412534,-0.1832279127554079,1.175573494195681,1.2382232597520697,0.9440280757051995,1.0355149640618153,1.118535346694166,1.101982706245152,-1.176632549014678,-0.6331396909945284,-1.1694701214043448,0.19069383404095966,0.4383973923069484,-0.36965599931622883,0.23040780653682147,-2.6289496744614467,-0.017148642382772285,-0.23982446657767312,-0.23988812121567463,-0.10745910180546252,-0.26118961776076804,-0.27263275857626634,0.38647963239860006,-0.012148860733831467,False,True,False,True,True,False,False,False,False,False,True,False,True,False,False,True
0.8916635192947249,-0.26695916495145877,-0.9152473814930608,1.2050305967123434,0.6275449160781097,-0.2405100131148352,-0.9645543941591923,-0.23464470723253855,1.280749238655221,-0.8218749394343797,-1.0322582504425521,0.4502991971402037,-0.2528013139606096,0.8199424108119951,0.6436796145185689,-0.4472135954999579,-1.259058747730632,-0.24721204036331837,-0.23881346277137144,-0.1863944303539012,0.6926744307775585,0.6917392438971399,0.3784625465474443,0.570523865554688,0.6225935252997307,0.6636059564180907,0.7655697863855414,0.7658570449531075,0.7906714244898855,-0.4969175091432296,0.9670425797755384,0.36229130375846536,0.23040780653682147,-1.4750001110585176,-0.017148642382772285,-0.21795060213725234,-0.21801493866541308,-0.11905868821404325,-0.24228946560505035,-0.25523992236292536,0.21439254529774235,0.6857840271233699,False,True,False,False,False,False,True,False,False,False,True,False,False,False,True,False
0.15312891790135816,-0.25620262629222856,-0.3381994904392332,-0.8220659195111727,0.28348212811971923,-0.22679314587147983,-0.47355630970685364,-0.24792121722675908,-1.6206576495151428,-1.0361580855226964,-0.4550475430789419,0.8502077206444044,-0.2432640871041308,-3.5486743701274297,-1.2811012565419386,-0.4472135954999579,-1.5296903361248406,-0.2174223254024746,-0.215714549324878,0.7812933477456553,-0.5768827843378117,0.3127261361267938,0.3967065958751141,-0.7644505785464046,-0.6812535212694943,-0.5949595511499104,-0.30127374996105827,-0.36384923947409203,-0.14678757572039824,0.44854808773503096,0.8789350485307733,0.7521370910564696,0.23040780653682147,-0.4316602996258319,-0.017148642382772285,-0.20907724203406278,-0.2091418551780428,-0.07025856993963722,-0.1360631146788636,-0.24328113016323435,5.433771642208859,0.8199435141293147,False,True,False,False,False,False,False,False,False,False,True,False,False,True,True,False
0.39266440673877384,-0.27054467783786884,-0.9977605275705698,-0.8220659195111727,0.6010785477736182,-0.24718506615839317,-1.0543821028438594,-0.2523467205581659,0.8472056806527528,-0.5639566446254828,-0.613714595970674,1.3807767723782887,-0.26504554019299764,0.5146848200713672,0.17058460163521671,-0.4472135954999579,-0.5887874850880908,-0.26015862534630113,-0.25009923326806,-0.18956094795239453,0.6784715171476196,0.6756661846072957,0.07072836156455499,0.5568476567750723,0.6080070011410768,0.650712522599653,-0.1462622959619791,-0.13396714671274337,-0.35375904329929125,1.1361594309192202,0.9670425797755384,0.0900305818600616,0.23040780653682147,-0.5604133080869712,-0.017148642382772285,-0.23487189349682314,-0.2349357025250494,-0.10561402139427306,-0.2538008897225555,-0.2632254350696454,-0.12830912386130539,-0.7592301568262747,False,True,False,False,False,False,False,True,False,False,True,False,False,False,False,True
,-0.2741301907242789,-1.5295774418766945,0.5969016418452885,-1.7411950471738882,-0.25738102630184984,-0.6751443693893463,-0.2719210622163116,-0.28667747104601016,-1.6878977125609278,1.1801945326419707,-2.3169750825343787,-0.2797482622935243,0.48742690737185845,1.406523334941091,-0.4472135954999579,0.7388299303582712,-0.2704656153327534,-0.26697515176778125,-0.18956094795239453,-0.7745958003774859,1.2382232597520697,0.9440280757051995,-0.842333702986179,-0.8843066243218027,-0.6683849372871926,0.38260031179958304,0.41118181612131166,0.27933015164791297,-2.516775829746787,-1.852398420056944,-0.4868464839594548,-4.340130723132376,-0.1491346133222134,-0.017148642382772285,-0.24333253917660852,-0.24339608445486752,-0.15216681946120691,-0.26675793454318913,-0.2762262392942797,-0.8812568844798934,-0.012148860733831467,False,True,False,True,True,False,False,False,True,False,False,False,True,False,False,True
0.8364605518553481,-0.27054467783786884,-1.3132075755970962,0.5969016418452885,1.1304059138634501,-0.21989803613417822,-0.37297232075875836,-0.23175110890046485,-0.08658044427564036,-0.46824310169929345,-0.6036990677150497,0.2980014552094583,-0.24061499145818754,0.6114832445338536,0.5846796554539949,-0.4472135954999579,-0.15409306144191431,-0.22722653538958776,-0.22246491672476648,-0.17056184236143465,0.6994758260369686,0.6994362018669275,0.6652281669654626,0.5770730359561967,0.7518178027053236,0.5617296694864514,0.23670717862397928,0.2863886800508664,0.31585452827948185,0.3196209608879953,0.4383973923069484,0.018216884199902923,0.23040780653682147,-0.060202155795720344,-0.017148642382772285,-0.20556916943512737,-0.2056338919388499,-0.10051180923680018,-0.22413889455465857,-0.23920072793722605,0.22818182952952928,-0.1208383549050362,False,True,False,False,False,False,False,False,False,False,True,False,False,False,True,False
-0.23182457840310114,0.001954301529296028,1.3312232170644194,1.407740248334695,-2.1117242034367707,-0.04950080294533065,-1.06405418864239,-0.11039019061996172,-1.5539586405916859,0.8180149094742686,3.820227537045551,-2.431571334659543,-0.02868492712731127,0.537080715225886,-1.232703367107118,-0.4472135954999579,2.0915842551877666,-0.017315885665498725,-0.0473772622901587,-0.1528293438098721,0.03388498002171957,-0.18679714582990029,-0.1768029481388829,-0.06383485161396564,-0.002260325828017406,-0.04113547418136764,-0.7024798661939676,-1.0994719363104064,-0.7068280174044631,-2.430824411848763,-3.2621189199731857,-0.41384904403017264,0.23040780653682147,1.1154062571967625,-3.1561798061022284,0.019566548531844936,0.020172616519955583,-0.11234221403011486,-0.04434651229148561,-0.0060529721840621485,-0.36013466802680316,-0.7645889073297226,False,False,False,False,False,False,False,False,True,True,False,False,False,True,False,False
-0.624878653411801,-0.24903160051940845,1.0283809469264007,0.1914823386005853,0.16438347074950674,-0.23933637741486896,-0.7199780444828245,-0.24911269889290708,-0.25332796658428197,0.08736857722061135,-0.48065114914595136,-0.37483878342722377,-0.2570451748360324,0.09153951968096191,-0.45561661877726634,-0.4472135954999579,-0.33415989592135925,-0.25211414535687493,-0.2418722229994459,-0.18006139515691458,0.9805565647383674,0.7968323238692502,0.7156266120068813,0.8477300973570188,0.9182511495925725,0.9249459418919203,0.7199781822681653,0.5294068923985763,0.7176226712267461,-0.5828689270412534,0.35028986106218324,-0.2453630610582619,0.23040780653682147,-0.15167083231680661,-0.017148642382772285,-0.22290317521810232,-0.22296735735603831,-0.12109951770247024,-0.24539487304140056,-0.25498672317981447,-0.07210242822103867,-0.6755075061907888,False,True,False,False,False,False,True,False,False,False,True,True,False,False,True,False
-0.5035957662854488,-0.2346895489737682,-0.7740753650359026,0.1914823386005853,-0.2723116062746047,-0.1380369460615334,-0.20633872352506882,-0.13439003560951424,0.11351658249473001,-0.8266900570500554,0.07554954029796579,0.5582767125256183,-0.1505457394961166,-0.9720631183383115,0.33381271603523216,-0.4472135954999579,-1.4453826915412789,-0.17443463545897853,-0.1745794979818075,-0.16422880716444802,0.3177922631240224,0.2674950736939779,0.10684225951773853,0.20954393381889808,0.23758605869089913,0.36654802725896807,0.7564514655620672,0.6410639088826603,0.8515453855425014,0.5344995056330547,0.5265049235517126,0.36899917661683185,0.23040780653682147,-0.5469864715063895,-0.017148642382772285,-0.13994757611386505,-0.14001434428806517,-0.11547120195677546,-0.1768082019040794,-0.16105956456951048,-0.4463379767285928,-1.1822406463244004,False,True,False,False,False,False,False,False,False,False,True,False,False,False,False,False
-0.04848301507103425,-0.2633736520650487,-0.4700621837698934,-0.011227313021766296,0.5481458111646352,-0.24021660418984364,-0.3318845851592589,-0.2360064005652791,2.1478363546601567,1.2751616240603894,-0.8475357631414515,0.6194217554998699,-0.2563744566305932,0.6903090576999831,1.406523334941091,-0.4472135954999579,-0.026251229044618275,-0.25575930035208366,-0.2528415700242647,-0.1832279127554079,0.8185002430766474,0.8341329663382139,0.9440280757051995,1.0355149640618153,1.118535346694166,1.101982706245152,2.087726305789448,2.2896469169711886,2.2151221131210965,-0.6258446359902652,0.4383973923069484,-0.4769819650500923,0.23040780653682147,-2.021886197095018,-0.017148642382772285,-0.22537946175852733,-0.22544356670135096,-0.12721991300930152,-0.2527836010796132,-0.25959300063078944,-0.38121645467381965,-3.023835849449319,False,True,False,False,False,False,True,False,False,False,True,False,True,False,True,False
1.0187069912422557,-0.26695916495145877,-0.6209926655652128,0.7996112934676401,1.2759709395381542,-0.24571802153343536,-0.7170614927006183,-0.2424744438957968,2.4146323903539835,-0.4238220928813121,-1.1249583653498716,1.839199266182523,-0.26193562736274184,0.5671452294835883,1.406523334941091,-0.4472135954999579,-0.9346736901089657,-0.2580218103491098,-0.25379084043987404,-0.18956094795239453,0.8185002430766474,0.8341329663382139,0.9440280757051995,0.691683517982602,0.7518178027053236,1.101982706245152,2.087726305789448,2.2896469169711886,2.2151221131210965,0.9212808861741613,0.8789350485307733,-0.011376672528184443,0.23040780653682147,-1.5152999809453578,-0.017148642382772285,-0.22868117714576064,-0.2287451791617678,-0.12584401018838598,-0.2547646368579745,-0.2625437449610855,-0.32966637469769206,0.021244865842151083,False,True,False,False,False,False,False,True,False,False,True,False,True,False,False,True
0.5754976460957346,-0.26695916495145877,-1.2691411524273433,0.4955468160341127,0.4952130745556517,-0.19209754049122807,0.08504545874306244,-0.19124073225143295,0.8472056806527528,-1.4173012739812731,-0.9337596718082922,0.569180849094328,-0.21218184738947957,0.4000284071437834,1.406523334941091,-0.4472135954999579,-0.16190386357742184,-0.2229529053952051,-0.22183206978102696,-0.1768948775584213,0.28210386143968663,-0.025671490573198393,0.028409873214126954,0.39026299917307616,0.31563393981111043,0.4936625467935084,1.5132720939105098,1.5737283995144165,1.5698581259633686,0.06176670719392399,0.08596726732788773,2.9720484264193967,0.23040780653682147,-0.8723888437865494,-0.017148642382772285,-0.18513980547662118,-0.1852051648400207,-0.12496547492722275,-0.22253264932896016,-0.21853577920007233,-0.4807421900340428,-2.940748627260157,False,True,False,False,False,False,False,False,False,False,True,False,True,False,True,False
0.6535674607564356,-0.21317647165530781,-0.5791715794802426,0.39419199022293694,-0.24584523797011276,-0.14001745630522644,-1.3599521066267506,-0.09711368062574117,0.1802155914181864,-0.16656002639488862,0.17088532053571276,0.34798236189222587,-0.1208121741585895,0.17818838750193727,-1.1190997577057242,-0.4472135954999579,-0.32316104086331277,-0.07362724559148189,-0.07015975226478237,-0.16422880716444802,0.5186260050932917,0.5623596359032237,0.3844579408494739,0.46043763375265334,0.5665152981455902,0.5598206481551525,-0.1462622959619791,-0.13396714671274337,-0.35375904329929125,0.6634266324800899,0.7908275172860081,-0.14869077574650982,0.23040780653682147,1.0199926629510818,-0.7620556391906007,-0.06050004960856318,-0.0604569388438079,-0.10320814418451194,-0.08086182042236231,-0.10677755501991579,0.16819775086799646,-0.22430583232939044,False,False,False,False,False,False,False,True,False,False,True,False,False,True,False,False
-1.782640309809126,-0.26695916495145877,-0.2941181083282094,-1.0247755711335242,1.5803341750398072,-0.24300398897726344,1.0842764970553518,-0.2584743405554985,0.11351658249473001,-0.3981961295991847,-0.6756150788738556,0.8209817496716335,-0.2672000414788149,-1.1224813138746979,-0.18536669909735656,-0.4472135954999579,0.1069934306374958,-0.26128988034481415,-0.25400178942112056,-0.1768948775584213,0.14778156867738743,0.07509849627705885,0.1415364464948793,0.04583796386084244,0.41483411363450134,-0.14205942164244167,0.5923216907395138,0.713312566607655,0.5593503724899455,0.23366954298997153,0.7908275172860081,-0.02755448353953887,0.23040780653682147,-1.2993804614480022,-0.017148642382772285,-0.23590367955533353,-0.23596745641892963,-0.1061035325237723,-0.25519296891816073,-0.26633199428156634,0.12475349384184209,-0.012148860733831467,False,True,False,True,True,False,False,False,False,False,True,True,False,False,False,True
-1.3504103529047486,,,-1.1261303969447,0.12468391829276924,-0.2475518273146326,1.7193122261290084,-0.2678359822180899,-1.0537160736657611,-0.7559077239777181,-0.1315384499499048,-0.26876450279904496,-0.2750701234433567,0.455341752042213,1.406523334941091,-0.4472135954999579,-1.2100346511714304,-0.2648093403401881,-0.26391639153970675,-0.18956094795239453,0.3833172182753303,-0.5549274172719041,0.9440280757051995,1.0355149640618153,0.3048807959689271,1.101982706245152,0.32789038685873145,0.34550121818949775,0.25498056722686596,-0.3679903822961944,0.702719986041243,0.27824560265069725,0.23040780653682147,0.10623693714769973,-0.017148642382772285,-0.23817360888405645,-0.23823731498546621,-0.11838392002961058,-0.26279586298646646,-0.27165891556304494,-0.4512325208877947,-0.012148860733831467,False,True,False,True,True,False,True,False,False,False,True,False,True,False,False,True
0.4909086330081394,-0.23827506186017824,0.6877445376935748,-0.41664661626646954,-0.5502084734717663,-0.22121837629664023,-0.5737488311583347,-0.23464470723253855,-0.5201240022781082,-0.7528389910567967,0.09535468263803486,0.08678902432926021,-0.24151008661724488,-1.0808541779123013,-0.740327465207641,-0.4472135954999579,-0.17432569422011632,-0.22018761539883985,-0.2197225799685618,-0.1832279127554079,-0.09203654727688126,0.40141961047421193,0.3254407781889087,0.2217805416743522,0.2506371592539142,0.3348233940478037,0.7199781822681653,0.5294068923985763,0.7176226712267461,0.10474241614293588,0.6146124547964777,0.2746943758433268,0.23040780653682147,0.4447647196207862,-0.017148642382772285,-0.20598188385853153,-0.206046593496402,-0.08520400818596087,-0.22081932108821523,-0.23780813242942136,0.3135386395379486,-0.2589717826369215,False,True,False,False,False,False,False,False,False,False,True,True,False,False,True,False
-0.8368687260987676,-0.27054467783786884,-0.3799510174472931,1.0023209450899917,-0.6560739466897327,-0.2496056897895735,0.7130677057634554,-0.2654530188857939,0.04681757357127302,-0.8906396502427372,0.7577350325363147,-1.129388887278517,-0.27393135008735925,0.7234943802158058,1.406523334941091,-0.4472135954999579,0.29959816872360867,-0.262546830343162,-0.26075215682100905,-0.18956094795239453,-2.724765094950661,-1.7043829794667582,-2.1013247736057643,-3.346131925716848,-2.8871485953377802,-2.438752580819545,0.7199781822681653,0.5294068923985763,0.7176226712267461,0.06176670719392399,-1.411860763833119,0.4644877196594604,0.23040780653682147,-0.27262356076555533,-0.017148642382772285,-0.23941175215426894,-0.23947541965812255,-0.07684229873228755,-0.260225870625349,-0.27088957958266907,0.0811239675885683,-0.012148860733831467,False,True,False,True,True,False,False,False,False,False,False,False,True,False,False,True
0.12573580276356489,-0.25620262629222856,-0.7939303677849502,0.39419199022293694,1.3289036761471371,-0.18593595306640534,0.24550880030983094,-0.1909003089182478,1.3807977520404062,0.5779506584615421,-1.1540259887083,1.0834086824958125,-0.2208312170531468,0.4635606161287431,0.7600318074322252,-0.4472135954999579,-0.732232715834949,-0.22320429539487466,-0.20991345234059883,-0.18006139515691458,0.2575272246055251,0.19929473378831866,0.11694756649121811,0.21951387197410444,0.24821961555630467,0.33268646003053703,2.087726305789448,2.2896469169711886,2.2151221131210965,1.1791351398682322,0.9670425797755384,-0.3704451608289778,0.23040780653682147,0.8730352103437389,-0.017148642382772285,-0.1742028732564108,-0.1742685735648899,-0.1352307431669865,-0.21685724953149255,-0.21423139308194922,-0.40702318237249074,-0.6170445260861888,False,True,False,False,False,False,False,True,False,False,True,False,False,False,True,False
-1.3940129301067368,,,0.5969016418452885,-1.1589349444750732,-0.24425097690847758,2.2547817059131186,-0.2668147122185345,-0.35337647996946653,-0.8265317917505455,0.03315298083994719,0.2750947823179135,-0.27451762535326474,-0.4216609905136279,1.406523334941091,-0.4472135954999579,0.21156431614766721,-0.2648093403401881,-0.2593809884429067,-0.1863944303539012,-0.003598637406703549,1.2382232597520697,0.2535120226637586,-0.6676501060514886,-0.6979957432970685,-0.5036995750981436,0.38260031179958304,0.41118181612131166,0.27933015164791297,-0.9266745986333482,-0.09024779516164261,0.36860459586045735,0.23040780653682147,1.154007921291269,-0.017148642382772285,-0.2375545372489502,-0.23761826264913805,-0.12365980785493086,-0.260225870625349,-0.27028579691454885,-0.07621580930811298,-0.012148860733831467,False,True,False,True,True,False,True,False,False,False,True,False,True,False,False,True
-0.2612865900796046,0.5792218762413163,2.3365209144549417,1.407740248334695,-0.6163743942329952,0.2744960024765978,-0.3953632531266557,0.3268835808563532,0.2469146003416428,2.271178256047884,0.33926668278816313,0.2643627276871066,0.2797392905364437,0.9387102318590309,-0.7432332807598654,-0.4472135954999579,0.661601503634942,0.299184123918487,0.31123600582891753,-0.09329881295819781,0.16295835576443882,0.1964508983728535,0.02760244975513987,0.16682244343031485,0.14474979869475432,0.16601491794337322,-0.3559836749019086,-0.35728117968090956,-0.40245821214138533,0.3196209608879953,-1.852398420056944,-0.5645788929652309,0.23040780653682147,0.2930779306793462,2.2015298568653394,0.37594545314134187,0.3747406599949725,-0.11527919183334624,0.27754503093847144,0.27468649163221726,-0.036505432909544666,-0.4293523694088438,False,False,False,False,False,False,False,False,False,False,False,True,False,False,False,False
-1.0148285395748218,-0.2526171134058185,0.9591550804328905,1.1036757709011675,-1.092769023713844,-0.23926302518362108,-0.2845833606670527,-0.24758079389357396,0.9139046895762092,0.8786479596060074,0.9687388684179632,-1.237112240976578,-0.2597859513877551,0.5377920717643193,1.406523334941091,-0.4472135954999579,0.29416114893810613,-0.257896115349275,-0.2515758761367856,-0.1832279127554079,-0.06111922919218181,0.30520176926805215,-0.021571608222666058,0.04315591236978365,0.060122922986538124,0.16642256941911424,-0.5930600163122645,-0.863021783755877,-0.47550696540452303,-0.4969175091432296,-1.4999682950778843,-0.4237135629395351,0.23040780653682147,-0.6005750769016435,-0.017148642382772285,-0.22599853339363357,-0.2260626190376791,-0.13399402112102213,-0.2530513086172296,-0.25863863447859936,-0.4857575930695873,-0.012148860733831467,False,True,False,True,True,False,True,False,False,False,False,False,True,False,False,True
0.6490361888454811,-0.223933010314538,-0.7181663220354015,-1.1261303969447,2.744854380437438,-0.031236097364606134,0.10540383490213816,-0.03992256065063732,2.1811858591218853,-0.2782979308964364,-1.6956175617492764,2.0481498607225683,-0.12587151256436638,0.7434495330299569,-0.9916129054831897,-0.4472135954999579,-2.1843724928011556,-0.10128014555513433,-0.12036560980145303,-0.11673104318704833,0.17670629453625195,0.18857408295754757,0.5819281942322458,0.18819300454015797,0.11711436118618028,0.17361918585623695,-0.4836401664305626,0.30609285943041015,-0.7190028096149866,1.3080622667152677,1.0551501110203036,-0.09502779287957806,0.23040780653682147,3.3193085390922357,-2.1728494861169945,-0.026863824101123687,-0.02655001598067852,-0.12699064827179563,-0.11411109659431895,-0.07271252642479113,-0.5033423133486915,-0.012148860733831467,False,False,False,True,True,False,False,True,False,False,True,False,False,True,False,False
0.26530226742135077,-0.2633736520650487,-0.34022044340495033,0.2928371644117611,0.5878453636213722,-0.2382360939461506,-0.06028062249349339,-0.24570846556105566,0.9139046895762092,1.3692797590578039,-0.6306581588091361,0.12600637377755378,-0.2592117393989259,-0.5978570723481121,-0.49935407999737247,-0.4472135954999579,0.09394150889916722,-0.2531197053555532,-0.24704047303998553,-0.1863944303539012,-1.8480834854636379,-1.9203540795929117,-1.7800260784949757,-1.4280846633497775,-1.9867884432296807,-1.4317544716543558,0.7199781822681653,0.5294068923985763,0.7176226712267461,0.8783051772251493,-0.17835532640640778,-0.4880302262285783,0.23040780653682147,-0.5976434636100711,-0.017148642382772285,-0.22847481993405855,-0.22853882838299175,-0.10374723415471668,-0.2489821540454603,-0.25812249768144535,-0.12597933471158257,-0.4863297824410959,False,True,False,False,False,False,False,True,False,False,True,True,False,False,False,True
,-0.2741301907242789,-1.5295774418766945,0.4955468160341127,-1.2648004176930394,-0.2554005160581568,-0.00636432484755102,-0.27209127388290416,-1.654007153976871,2.3447091471753585,0.8853765392527295,-1.331265617071314,-0.27869393187706054,0.12323015531267396,1.406523334941091,-0.4472135954999579,1.2242946413848943,-0.26669476533770986,-0.26254522316160445,-0.18956094795239453,-0.03167416434961385,-0.12798677988524196,-0.4698857471891753,-0.1269627822059918,-0.12131920679191091,0.00604083167750908,0.32789038685873145,0.34550121818949775,0.25498056722686596,-1.1415531433784076,-0.7070005138749978,-0.5689192812853504,0.23040780653682147,1.802516200613557,-0.017148642382772285,-0.23961810936597103,-0.2396817704368986,-0.126207499532065,-0.262902946001513,-0.2745707061720742,0.7237079087467818,-0.012148860733831467,False,True,False,True,True,False,True,False,False,False,True,False,True,False,False,True
-0.48199866388296747,-0.25978813917863863,2.4509818714050047,0.6982564676564643,-0.6163743942329952,-0.2504125643333003,-0.26090636040958975,-0.26698492388512707,-1.4205606227447731,3.1376674953203563,0.6321267533605154,-0.1711113459797305,-0.27269848317016704,-0.04280294533459927,-1.145867031711034,-0.4472135954999579,-2.616390578513057,-0.2633010003421707,-0.25748244761168804,-0.18956094795239453,0.20048884690909616,0.13474592004500968,-0.19797924278641157,0.09659063053781673,0.11711436118618028,0.21679888447897835,0.32789038685873145,0.34550121818949775,0.25498056722686596,-0.3250146733471825,0.5265049235517126,-0.6111394222174217,0.23040780653682147,-0.007932724875925504,-0.017148642382772285,-0.23817360888405645,-0.23823731498546621,-0.10265218178683738,-0.258887332937267,-0.26948724564402926,0.051951743765026884,-0.012148860733831467,False,True,False,True,True,False,False,False,False,False,True,False,False,True,False,True
0.47177434958222164,-0.27054467783786884,-1.0284069105525435,-1.0247755711335242,0.8789754149707802,-0.24102347873357044,-0.27975141881506094,-0.2523467205581659,0.6804581583441112,-0.6321801818192336,-0.8015998816682874,0.7932651681341022,-0.2639622579115509,-0.8786656374417096,-0.5557241078771388,-0.4472135954999579,0.04132549179832393,-0.253245400355388,-0.2493609118336972,-0.18006139515691458,0.902969184201582,0.9297242185436444,0.6247572124709858,0.7730199890981168,0.8385681894553745,0.854511960375039,0.38260031179958304,0.41118181612131166,0.27933015164791297,1.2650865577662558,1.0551501110203036,0.14921769531623633,0.23040780653682147,0.39146799407405874,-0.017148642382772285,-0.22868117714576064,-0.2287451791617678,-0.10330767088028625,-0.24967819364326294,-0.26039155190181085,0.032721170723834334,-0.6796645364842062,False,True,False,False,False,False,False,True,False,False,True,True,False,False,False,True
0.2609059195843258,4.118123095128049,0.6677018002315757,1.2050305967123434,-1.1324685761705815,4.168692607195809,-0.8939667850945237,4.494516237375454,-0.35337647996946653,0.6025203049913498,1.1368943164992342,-0.13866745966040317,4.790835530373838,0.7114960488959206,-1.6962627917180981,-0.4472135954999579,1.3719429919279966,4.483570668418441,4.720913509806076,1.5254249833915838,-0.2906138564828299,-0.11800974543795162,-0.053871998120842354,-0.28716289564926406,-0.2962715925488397,-0.2525188355497003,-1.1857508698381536,-1.1782886538285833,-1.2181692902464372,-0.5398932180922414,-1.323753232588354,-0.3755747106618463,0.23040780653682147,0.8936307894214662,0.5095401819461427,5.346265254197707,5.343632730929688,-0.12091241964033385,4.4352572561512265,5.0510261487395,-0.24023112188148946,0.3428153563359605,False,False,False,False,False,False,True,False,False,False,False,False,False,True,False,False
0.72090900362286,0.06290802059826711,1.0244411357691412,0.6982564676564643,-0.4708093685582917,-0.023460760852329836,-1.2603306815924793,0.09216169262519779,0.2802641048033716,2.2345700345645816,-0.04275418067636319,-0.2996401985669813,0.05121980757031616,0.7993336812538628,-1.2327774279202368,-0.4472135954999579,0.242297520564963,0.14156259412566805,0.14479725962541684,-0.09329881295819781,0.2941228031054892,0.22487541578266976,0.14109357031982095,0.3349489050527377,0.342599881101887,0.4288131111050902,-0.19185390007935518,0.16816360377359987,-0.3050598744571989,0.06176670719392399,-0.8832155763645282,-0.5618168276706095,0.23040780653682147,0.44799294916201593,-0.47931730461679833,0.13904737410735085,0.13911660083436203,-0.10273995489947829,0.12591548163254357,0.05538678351170454,0.3436106274555386,-0.13722967980831988,False,False,False,False,False,False,False,False,False,False,False,False,False,True,False,False
,-0.2741301907242789,-1.5295774418766945,-2.6464527841123373,-0.23261205381786723,-0.2574543785330977,0.2296085092281452,-0.27209127388290416,-0.6535220201250215,1.6665452021286904,-0.7045320927848311,-0.8201215773932011,-0.27993644941591367,0.19068332288988865,1.406523334941091,-0.4472135954999579,-1.9259251643844515,-0.2692086653344056,-0.2643382895021998,-0.18956094795239453,1.175573494195681,1.2382232597520697,0.9440280757051995,1.0355149640618153,1.118535346694166,1.101982706245152,-0.30127374996105827,-0.36384923947409203,-0.14678757572039824,-0.8836988896843365,0.26218232981741807,-0.5176237829566657,0.23040780653682147,-1.752481681665028,-0.017148642382772285,-0.20195791823034093,-0.20202275331026898,-0.18582100638841495,-0.2648839817798744,-0.2767326376610803,2.0886918970122283,-0.012148860733831467,False,True,True,True,True,False,True,False,False,False,True,False,True,False,False,True
1.2967535960531955,-0.25978813917863863,-0.31211670646552114,0.0901275127894095,1.1304059138634501,-0.2229788298465896,0.07716985873044387,-0.24162338556283397,0.01346806910954482,-0.4219265535539606,-0.9096621602158127,1.1463283251224676,-0.25204374016022146,-0.6246238956672804,-0.961308309900758,-0.4472135954999579,-0.4994917453604682,-0.248594685361501,-0.23259046782459925,-0.17372835995992797,-0.46005236576891256,-0.42767156277343277,-0.013784513997441813,0.09053305419250028,-0.561267596738584,0.21108802111274466,-0.5109951289009877,-0.40982565802636034,-0.4268077965624307,1.3510379756642796,0.9670425797755384,-0.012560414797307939,0.23040780653682147,1.3307103574699868,-0.017148642382772285,-0.20948995645746693,-0.2095545567355949,-0.1387003785983144,-0.23864864309346734,-0.24545280008192832,-0.22103424057589147,0.4130791838172903,False,True,False,False,False,False,False,True,False,False,True,False,False,True,True,False
,-0.27054467783786884,0.9388946903753975,-1.6329045260005792,0.6275449160781097,-0.2548136982081737,1.473407612813543,-0.2695380988840156,0.5137106360354696,0.04631122662674943,-0.9252502380271979,0.3343509823728094,-0.27818727423985823,1.076358735333709,1.406523334941091,-0.4472135954999579,-0.39994734392000536,-0.26606629033853596,-0.2643382895021998,-0.18956094795239453,-8.164711021917928,-6.311884854033084,-6.869706208711094,-7.958391809694388,-8.474023567119179,-7.377146533830833,0.7199781822681653,0.5294068923985763,0.7176226712267461,-1.7432130686645733,-0.26646285765117295,-0.23155273458515443,0.23040780653682147,-1.5912885761374684,-0.017148642382772285,-0.24312618196490643,-0.2431897336760915,-0.030361098909331877,-0.26354544409179237,-0.27534004215249896,1.012584628715913,-0.012148860733831467,False,True,False,True,True,True,False,False,False,False,True,False,True,False,False,True
-1.0486066817952708,-0.22034749742812793,0.16860420419405867,0.2928371644117611,0.09821754998827774,-0.18248839819775453,-0.8655079181225901,-0.18204930225543411,0.5137106360354696,0.9350206015846619,-0.3847129311183924,0.8999161453671725,-0.20279420516874622,0.6745873750597022,-0.1476173024889409,-0.4472135954999579,-0.13184801354085526,-0.1661387654698828,-0.15517219170712807,-0.15536255788866674,1.0273150098129211,1.0704430794457283,0.8572088058783494,0.9641347515716846,0.8901410868414668,1.0346880297366103,0.7655697863855414,0.7658570449531075,0.7906714244898855,0.9212808861741613,0.35028986106218324,-0.432394339579774,0.23040780653682147,1.8670382199560192,-0.017148642382772285,-0.15501165256811708,-0.155077951138717,-0.09559787059067318,-0.16267324391793356,-0.18668137424201908,0.28303308628110196,-0.6856944280895721,False,True,False,False,False,False,False,True,False,False,True,True,False,False,True,False
0.17116229927266075,0.03063840462057654,1.1599919560701752,1.5090950741458709,-0.6693071308419787,-0.0357105834707274,-0.9371329606154104,0.006034589329356851,-0.32002697550773834,0.8889448353505898,-0.01948502104487519,-0.7382027255797934,0.005779855479518882,0.4078458523592027,-1.2451183205218705,-0.4472135954999579,0.3525289501058874,0.0369843542631279,0.030673860771052008,-0.1458630050931868,0.49797229862364667,0.583618058230929,0.5569069507927875,0.526267867913206,0.5074988131638714,0.5318643125652431,-1.1036859824268757,-0.9549746208604154,-1.1816449136148668,-0.06716041965311119,0.08596726732788773,-0.4252918859650331,0.23040780653682147,0.06520985781775651,-1.321447903198552,0.05629813221481567,0.056545834806682425,-0.10706017190225954,0.01899309110855418,-0.0022355075702162096,0.06738159835762024,-0.024831067953424598,False,False,False,False,False,False,False,False,False,False,True,False,False,True,False,False
-0.38675766060237293,3.59105270082577,1.6988167603882491,1.2050305967123434,-1.172168128627319,1.4096217810376896,-1.5487629189925132,2.36840230996765,-0.6868715245867497,0.9152439467651706,1.9321121990510572,-0.776874222538809,2.7918033468598162,0.14066554529880823,-1.565020855471563,-0.4472135954999579,1.5280095760491743,2.334437561243307,2.257873204771762,1.5178253411552,-0.05359242181856512,-0.03243381858195316,-0.09737327517842899,-0.062447305881248055,-0.10443651635864186,-0.1388939200447669,-2.58085395582986,-2.8203036021239294,-2.593920810035555,-1.270480270225443,-1.6761833575674148,-0.42923769352877805,0.23040780653682147,-0.868675771264912,-2.3681433807983137,2.969442889813118,2.9754254073871937,-0.1243255737849459,2.268860778744287,2.3549125518471743,-0.08175782171110195,0.3311772617396019,False,False,False,False,False,True,False,False,False,False,False,False,False,True,False,False
-0.18643096904507603,-0.26695916495145877,-1.022150707339464,-0.011227313021766296,0.9716077040365007,-0.2306074618963701,-0.2938779950041921,-0.22596391223631743,1.4474967609638627,-0.2665352789980071,-0.8467827159041865,0.7070454146773373,-0.24646085552933558,1.0011992097109417,0.6910154472845433,-0.4472135954999579,-1.1406549078407968,-0.25148567035770103,-0.246407626096246,-0.18006139515691458,-0.07418288472092972,0.02595237951050843,-0.3105715136236151,0.175936348863789,0.0183827147276443,0.12952724007949457,1.5132720939105098,1.5737283995144165,1.5698581259633686,0.5344995056330547,0.7908275172860081,-0.10134108498157003,0.23040780653682147,-1.4257259147689056,-0.017148642382772285,-0.21753788771384816,-0.21760223710786097,-0.1323676873565201,-0.2474294503272852,-0.2500396006730266,-0.5477376379243661,0.029316302471098968,False,True,False,False,False,False,False,True,False,False,True,False,False,False,True,False
0.4484816736112787,-0.25978813917863863,-0.8400981482297519,-0.5180014420776453,0.11145073414052373,-0.2270865547964714,-0.9736602370648997,-0.20451724224565349,1.3474482475786775,-0.6068978208320948,-0.5104718197416447,-0.004191560639678245,-0.22952160185887324,-1.0492198976758684,0.719120841147194,-0.4472135954999579,-0.7545893509063155,-0.23677935537703132,-0.22921528412465497,-0.1832279127554079,0.5282832602522418,0.2615284229049677,0.31227934632686344,0.4122290235097101,0.5645577802429417,0.5143713181790924,2.087726305789448,2.2896469169711886,2.2151221131210965,0.8783051772251493,0.8789350485307733,0.12633201144651543,0.23040780653682147,-1.5907641768155762,-0.017148642382772285,-0.2039183117415107,-0.2039830857086415,-0.12259961459139947,-0.2327055357583833,-0.2375159795244271,-0.27595073624937827,0.10326173612562708,False,True,False,False,False,False,False,True,False,False,True,False,False,False,True,False
-0.30618099103670504,-0.23110403608735813,-0.44191805768903236,0.6982564676564643,-0.17967931720888375,-0.1607027855171313,-0.19824785672110432,-0.1640068655966216,0.3136136092650998,-1.4385218393540213,-0.14720183248501645,-0.08148628175257418,-0.1810730684652606,0.5696680726095225,0.7558618563912607,-0.4472135954999579,0.4539278457818357,-0.19303749543452653,-0.18618169195036585,-0.17056184236143465,0.04880901288673895,-0.03690611057608805,-0.30964218059448584,0.004784695704354484,-0.038662236559505965,0.13024757746183704,0.7017415406212143,0.5294068923985763,0.7297974634372696,-0.3679903822961944,-0.0021402639168774332,3.2948154851337357,0.23040780653682147,0.07189275546697954,3.0957581990233476,-0.1463446496766296,-0.14666347721098846,-0.125757533600424,-0.1911573259203183,-0.18143236040135396,-0.4162129208363279,-0.9177562531882034,False,False,False,False,False,False,True,False,False,False,True,False,False,False,False,False
0.6513189515239419,-0.26695916495145877,0.5078703744064575,-2.0383238292452823,-0.48404255271053725,-0.24872546301459883,-0.27536580901375846,-0.26579344221897905,-0.5534735067398363,1.1592968477522185,0.2918247068404692,0.3002056045264424,-0.27298558916458165,0.1777558789670446,1.406523334941091,-0.4472135954999579,-2.912482147537128,-0.26455795034051854,-0.25642770270545545,-0.1832279127554079,1.175573494195681,1.2382232597520697,0.9440280757051995,1.0355149640618153,1.118535346694166,1.101982706245152,0.32789038685873145,0.34550121818949775,0.25498056722686596,-0.11013612860212307,0.702719986041243,-0.4631716385769849,0.23040780653682147,1.8483686990775237,-0.017148642382772285,-0.2410626098478856,-0.24112622588833094,-0.07217193894146424,-0.25835191786203426,-0.2679583121135586,-0.14826242493836742,-1.776224884736053,False,True,False,False,False,False,False,False,False,False,True,False,True,False,False,True
-0.7744601739961465,-0.2346895489737682,0.0027585360309198355,-0.41664661626646954,0.9848408881887462,-0.1917307793349886,-0.4278538575344767,-0.2109852855761712,-0.42007548889292357,0.2589612205947963,-0.778857855102885,1.0085689493674976,-0.21729185155897668,0.6422026766365112,-0.7502616876167602,-0.4472135954999579,-1.1374847896433598,-0.19530000543155265,-0.1939868042564869,-0.1832279127554079,0.469562838185646,0.36661584205939934,0.34266725989189517,0.4174888204763975,0.3275395302929169,0.4027995356349043,-1.176632549014678,-0.6331396909945284,-1.1694701214043448,1.1791351398682322,0.8789350485307733,-0.29626397863057213,0.23040780653682147,1.1817048587464576,-0.017148642382772285,-0.16739308527024205,-0.16745899786528015,-0.11098945251348641,-0.19715397476292565,-0.20832990442402297,0.013817446018480213,2.9176340047692997,False,True,False,False,False,False,False,True,False,False,True,True,False,False,True,False
-1.2385898882781545,-0.22034749742812793,-0.389599534567112,-1.227485222755876,0.8525090466662882,-0.13972404738023486,-0.7003720302783879,-0.15056014393580847,-0.053230939813911575,0.06428136634986302,-0.7529530301409695,0.842188868716997,-0.1635282382855708,-0.0584964877614287,-1.41746865665242,-0.4472135954999579,-0.8547222582657982,-0.1480386854936739,-0.1528517529134164,-0.1610622895659547,0.5282832602522418,0.5057021321167401,0.6070954200367552,0.4468560202070518,0.6014896180063539,0.4490811639495332,-1.176632549014678,-0.6331396909945284,-1.1694701214043448,1.2650865577662558,0.9670425797755384,-0.2374714459307719,0.23040780653682147,1.7594195770201773,-3.0528346933759916,-0.08443748616600479,-0.08410718800638785,-0.12803637687764763,-0.15426722723677866,-0.14262471633121582,-0.3276310809233668,1.315316344508363,False,False,False,False,False,False,False,True,False,False,True,False,False,True,False,False
-0.8850859842372673,-0.2418605747465883,-0.9287523136725533,0.1914823386005853,-0.39141026364481674,-0.12989484839301765,-0.22941937235219242,-0.12553902894670055,0.346963113726828,-0.9059255271886402,0.039252663461793555,-0.4710475742646745,-0.14527650006921308,0.7308776592622102,0.6212867409714247,-0.4472135954999579,-0.41545575398267076,-0.15080397549003915,-0.14420284468230926,-0.17372835995992797,0.04341779527281535,-0.18028190101968833,-0.1925150929371662,0.17895241418027222,0.16343207821924613,0.2210342137697281,0.7838064280324923,0.35206927798268023,0.8880697621740719,-0.4969175091432296,0.08596726732788773,0.48974088806742827,0.23040780653682147,-0.225239066366768,0.7772860129841439,-0.11559742513301928,-0.11574919044096747,-0.11460940668661963,-0.15212556693584747,-0.15152564147435157,-0.179093024794527,0.3011486667329441,False,False,False,False,False,False,True,False,False,False,True,False,False,False,False,False
-0.14579528689393734,-0.02314428867557442,1.314791194051717,1.3063854225235192,0.01881844507480323,-0.07011277992598763,-0.8502462149573218,-0.04758208564730301,-0.15327945319909678,0.9693118503197148,0.1740481189322257,0.31321441835981007,-0.05964170876036957,0.675390456796228,-0.8998074157833607,-0.4472135954999579,-0.4949258244572699,-0.02536036565492489,0.008735166721414403,0.009929660752684198,0.7268619750903489,0.6034796572657064,0.4973314077642334,0.6466507268147086,0.6807459955074876,0.6946414785297437,-1.2222241531320541,-1.0337913383785924,-1.2425188746674827,0.44854808773503096,0.1740747985726529,-0.43712930865626803,0.23040780653682147,0.6091195774232415,-0.9148250563073391,0.005740615347805391,0.005853049323241756,-0.11051194865252127,-0.005528919337107887,-0.05170673263642999,0.3001676849898457,-1.0527521535752922,False,False,False,False,False,False,False,False,False,False,True,False,False,True,False,False
0.11826188654500164,-0.19883442010966756,-0.4460448556121797,0.6982564676564643,-0.0076479232296887455,-0.1742729482979909,-0.9137230691039133,-0.07787976230078066,0.3803126181885568,-0.29667570788769515,-0.565820791680621,-0.2455530019822066,-0.10575479171202128,-2.477343142467937,-0.303957874144016,-0.4472135954999579,0.6693379810712918,-0.16664154546922194,-0.1815408143629425,-0.14649630861288546,0.12092193969051088,-0.0012024882069014053,0.183908004517184,0.0199744049222585,0.20203486075725663,-0.002726703319034393,1.5132720939105098,1.5737283995144165,1.5698581259633686,0.10474241614293588,0.1740747985726529,-0.08555785472659011,0.23040780653682147,-3.2602212523935754,-0.017148642382772285,-0.1141529246511047,-0.11422049694105861,-0.1253122038123238,-0.17552320572352068,-0.1736610931618737,-0.2385712494196571,-1.5842281783068035,False,True,False,False,False,False,False,False,False,False,True,True,False,False,False,False
-0.2997363433252619,-0.24903160051940845,-1.0368216889910336,0.6982564676564643,-0.5634416576240122,-0.11632468561215809,0.16908412840187764,-0.1468154872707719,-0.01988143535218338,-1.5936629610270325,0.5112626717794855,0.7164313382325961,-0.14851910894730755,0.4002505617001942,0.20079380816400766,-0.4472135954999579,-0.5074436575662965,-0.1575915054811175,-0.15496124272588155,-0.15852907548716005,0.5588106058991726,0.7239265226798973,0.5638463819691937,0.5353964970375108,0.4851141343498062,0.5420841045134108,-0.7754264327817688,-0.7645008868581561,-0.767701978457079,0.6634266324800899,0.1740747985726529,10.075685783429488,0.23040780653682147,0.19364331456344744,0.37892109346410685,-0.09413627511600267,-0.09425337969340832,-0.12900869472342186,-0.1591930459289204,-0.1483898669713038,-0.3290677444521928,-0.1261596281622105,False,False,False,False,False,False,False,True,False,False,True,False,False,False,False,False
1.2666782181665894,-0.26695916495145877,-0.8913972195040512,-1.227485222755876,-0.8810380772779112,-0.22664644140898407,-0.3052968668018221,-0.25047439222564766,-1.020366569204033,0.4816701717486223,0.4791828594719972,-0.6592915303781481,-0.25286163034599085,0.08476132637429881,-0.8602465786574144,-0.4472135954999579,-0.3753108041884394,-0.2399217303729009,-0.24693499854936227,-0.1768948775584213,0.8463241327742365,1.0519218907106194,0.7512216453105134,0.8769952713889335,0.9494642712187932,0.952536086985929,-0.30127374996105827,-0.36384923947409203,-0.14678757572039824,-0.11013612860212307,0.702719986041243,-0.3503215422538784,0.23040780653682147,1.9247157287898562,-0.017148642382772285,-0.21279167184470027,-0.21285616919601172,-0.11220359429137824,-0.24250363163514346,-0.24445948020825595,-0.49673832804373474,-1.0799281805629748,False,True,False,False,False,False,False,False,False,False,True,True,False,False,True,False
-0.03897836842431417,-0.19883442010966756,0.7073613193028813,0.7996112934676401,-0.6560739466897327,-0.17926090002284736,-0.03683620519282818,-0.18255993725521183,0.1468660869564582,-0.019370434498395865,0.30168962564864044,-0.12203508412339899,-0.19523776840818674,0.7156391998758527,-0.05539266303404162,-0.4472135954999579,-0.16896293963956494,-0.1955513954312222,-0.19018972259404962,-0.16422880716444802,0.8594612644020249,1.0235817822030628,0.7218919888165543,0.7311255292535361,0.7938851518910782,0.8150153824805568,0.23670717862397928,0.2863886800508664,0.31585452827948185,0.23366954298997153,-0.17835532640640778,-0.20827246995905904,0.23040780653682147,-0.8180219348054522,-0.017148642382772285,-0.17379015883300664,-0.1738558720073378,-0.10423284691503981,-0.19372731828143575,-0.20350938150838607,-0.024310343780423953,-1.6622303712587732,False,True,False,False,False,False,False,False,False,False,True,True,False,False,True,False
-3.905446084145382e-05,0.034223917506986605,-0.3639176502194636,-0.1125821388329421,0.8260426783617967,0.6261465990789805,-0.2520739761894565,0.4717337091266311,0.3803126181885568,-0.2953502360043012,-0.18500480379571865,1.6221034760869206,0.38565727592128446,0.5989829176700898,-1.6550406665758366,-0.4472135954999579,-0.9369336414079772,0.520155933628037,0.44307911910798964,-0.06416685105205933,0.9052003206673069,0.953596168160967,0.804109520314609,0.8114958150414584,0.866689890517303,0.7252526868625255,-1.4593004945424088,-1.0337913383785924,-1.5468886799305621,1.1791351398682322,0.9670425797755384,-0.0863470162393391,0.23040780653682147,3.234136186099402,-1.671090663016103,0.6258440365125642,0.6269258071488272,-0.11630388790369275,0.4410607949145674,0.5949542433406916,-0.3785622782384747,2.0700417120435572,False,False,False,False,False,False,False,True,False,False,True,False,False,True,False,False
0.9537984196337898,-0.223933010314538,-0.27158732495930493,0.1914823386005853,-0.12674658059990077,-0.14104438754269688,0.1445810696007168,-0.16656004059551016,0.08016707803300122,0.31656666595910504,-0.3864449397641019,0.2878288254344078,-0.18154836158206464,0.6297102158991668,-0.16838984983083755,-0.4472135954999579,-0.608558696316457,-0.10354265555216044,-0.08007435438336859,-0.1610622895659547,0.6132326255202393,0.7079014329057925,0.5598407707782634,0.6293998179534711,0.6853883769920088,0.6765708880211123,-0.7754264327817688,-0.7645008868581561,-0.767701978457079,0.8783051772251493,0.702719986041243,-0.3112580473728031,0.23040780653682147,0.8018334482625766,1.9594592542922002,-0.13643950351492964,-0.13668247647870885,-0.0647576443271071,-0.09836989338247475,-0.17383638490240183,1.2134496056007735,-0.4540911009585955,False,False,False,False,False,False,False,True,False,False,True,True,False,False,False,False
-0.9251136125773084,-0.26695916495145877,-0.08872399123270283,-1.0247755711335242,-0.6560739466897327,-0.2404366608835873,1.3664661114381103,-0.25864455222209104,0.4470116271120132,0.3714753539172947,0.26441378740402377,-0.5299380906454374,-0.2696102842386485,0.24935116184994088,1.406523334941091,-0.4472135954999579,-0.2572477524336728,-0.23288281038215303,-0.23027002903088756,-0.1768948775584213,-0.3379907344282713,-0.47463708844993363,0.057694037472901215,-0.42191982230379416,-0.4359091681241997,0.07147019732333428,0.38260031179958304,0.41118181612131166,0.27933015164791297,0.10474241614293588,0.26218232981741807,-0.32506837384591053,0.23040780653682147,0.661808689948278,-0.017148642382772285,-0.23425282186171686,-0.2343166501887212,0.07957378619195232,-0.23104574902516165,-0.26565030417261276,3.794318517530198,0.3526029658308176,False,True,False,False,False,False,False,False,False,False,True,False,True,False,False,True
-0.050511752743847844,0.09159212368954762,1.3588176020535698,0.900966119278816,-0.6693071308419787,-0.06475806704489169,-1.389023312399694,0.1125870926163063,0.7471571672675675,1.4815091189630925,-0.26339702119500347,0.06252226883947266,0.0372167555402117,-0.25967834314174365,-1.401463598041116,-0.4472135954999579,0.2738544948348993,0.03597879426444962,0.07560599377655979,-0.15346264732957077,0.5640797323379928,0.5649150524731875,0.5569069507927875,0.542181839667851,0.5244720502063749,0.561870543811556,0.8841079570907187,1.2978698882007993,0.6567487101741318,0.620450923531078,-0.4426779201407033,-0.4998676489198132,0.23040780653682147,-0.3903742432292995,2.573838124137663,0.07941013992544894,0.07865099808778012,-0.11299254709375442,0.040730943163005705,0.011933908272818419,0.11471893931583087,0.06402845244728204,False,False,False,False,False,False,False,True,False,False,True,False,False,True,False,False
0.7129522074628458,-0.25620262629222856,-0.07102232807962107,1.0023209450899917,-0.13997976475214674,-0.2349352435399956,-0.661854357072302,-0.23328301389979797,1.180700725270036,-0.46475683992900807,-0.9385038694030615,0.3178054458852213,-0.251001473020834,0.6143411314037263,-1.0486472364120558,-0.4472135954999579,-1.087386178882405,-0.23439115038017042,-0.23206309537148295,-0.18006139515691458,0.5719496649230321,0.3843419849787487,0.5905496199816034,0.7448955274948614,0.8085717083226447,0.8279972376032393,0.8567529946202935,0.5097027130190326,0.8393705933319778,1.007232304072185,0.4383973923069484,0.01584939966165593,0.23040780653682147,-0.5498976772959405,-0.017148642382772285,-0.21052174251597736,-0.21058631062947517,-0.10446620974312615,-0.23286616028095314,-0.2506823370617343,0.524185401806627,-1.256451372006367,False,True,False,False,False,False,False,True,False,False,True,False,False,True,True,False
0.18768857747868262,-0.24903160051940845,-0.31283810140831686,1.2050305967123434,2.069961988672902,-0.22539945347776993,-1.308777094987581,-0.19634708224921008,2.0144383368132437,-0.10349755185472152,-1.4467354498331992,1.8635461214735882,-0.23027917565926137,-1.5244322185535923,-0.6499421431844841,-0.4472135954999579,-1.7200114667888036,-0.22697514538991817,-0.17774373270050522,0.29048311997919174,0.6323120478502939,0.9308260008336785,0.9440280757051995,0.33802831630112995,0.6535898891368883,0.4444175815045652,-1.8878615732457447,-1.4278749259694758,-1.9364820306673045,1.3510379756642796,0.8789350485307733,-0.1755222671799757,0.23040780653682147,-0.04067492590206174,-0.017148642382772285,-0.19834666702555448,-0.19841161468168808,-0.11371320553689689,-0.1623519948727939,-0.22931622135612803,2.26222520148094,-0.012148860733831467,False,True,False,True,True,False,False,True,False,False,True,True,False,False,True,False
-0.5798882561916173,1.1457329122941065,1.0835962690254575,1.407740248334695,-2.1117242034367707,0.6840948617648134,-1.4626839868672061,0.7273916323486728,-1.2538131004361315,0.21628425372864882,2.8335850467809696,-2.206296762515696,1.1429873981124905,0.5680292996276682,-1.3598770992210494,-0.4472135954999579,2.0351515868640266,1.1199724728396254,0.9527318577995708,0.143556703409102,-0.3330172589488612,-0.29074355005114255,-0.39706977662310755,-0.3937951099130601,-0.52724601722946,-0.34176913592335895,-2.3073043311256036,-2.748054944398935,-2.326075381404045,-2.0440430313076563,-2.6453662012598307,-0.2844265559393372,0.23040780653682147,0.5987078315992251,-2.293251046989895,1.3414908466953872,1.3443156853253384,-0.11892177159144902,0.9728350476357805,1.1724626269389828,-0.29362191331421883,-0.7929238810516979,False,False,False,False,False,True,False,False,False,True,False,False,False,True,False,False
-0.6132785211593398,-0.19166339433684743,0.1830283633146562,0.0901275127894095,-1.4235986275199892,-0.16246323906708066,-0.9576258848841626,-0.18051739725610097,-1.1871140915126746,-0.31170258158851233,1.6470838197462607,-1.3568660090500158,-0.15859435796138685,0.25894014071382476,0.9621081678999711,-0.4472135954999579,0.8904351977009659,-0.1701610054645959,-0.18048606945670992,-0.1832279127554079,0.6197916884910153,0.609259784505885,0.3431743094836472,0.5415109302346891,0.5916494318906421,0.5586320972689499,-0.5930600163122645,-0.7316605878922492,-0.47550696540452303,-1.0126260165313719,-0.8832155763645282,-0.07766623959910014,0.23040780653682147,0.08174640495678442,-0.017148642382772285,-0.1285979294702505,-0.1286650514553823,-0.11974558630106326,-0.1795923602952899,-0.15971566121188063,-0.5096777352207614,-0.9080889811596862,False,True,False,False,False,False,True,False,False,False,False,False,True,False,False,False
0.3808100298610863,-0.26695916495145877,-0.5607339364166258,-1.8356141776229309,-0.6031412100807497,-0.23603552700871394,-0.16976570985789896,-0.2579637055557208,-0.9870170647423047,-0.7129735759998671,0.7425987830672885,0.30397050519989866,-0.26248330014200333,-0.25143106673431787,-1.1668972704423408,-0.4472135954999579,-0.20139931200201577,-0.24658356536414447,-0.23659849846828301,-0.17372835995992797,0.5813812872554179,0.11750408661208613,0.7120578391365909,0.8447959588147529,0.7117080713315467,0.5625738148563896,-0.30127374996105827,-0.36384923947409203,-0.14678757572039824,-0.11013612860212307,0.9670425797755384,0.22971216961663396,0.23040780653682147,2.0120315885211,-0.017148642382772285,-0.22166503194788983,-0.22172925268338203,-0.10605183708506379,-0.2398265562589795,-0.25547364468640144,0.4496593323286746,-1.596804848619835,False,True,False,False,False,False,False,False,False,False,True,False,False,True,False,True
-1.4014622696768535,-0.17732134279120718,-0.051312801034434245,1.1036757709011675,-1.4235986275199892,-0.08258265923812887,-0.10315722384692254,-0.11294336561885028,-0.11992994873736856,0.28343195131241006,1.1623473131187907,-0.7502114106579646,-0.11296139343736966,0.29113847469223475,0.5297844728838463,-0.4472135954999579,0.29365795227003827,-0.11435242553795186,-0.10433348722671786,-0.17056184236143465,-0.07847922063011416,0.010826004890741554,-0.12774884619468316,-0.04148647733336183,-0.09977093246661582,-0.09798573663038586,0.8567529946202935,0.5097027130190326,0.8393705933319778,-0.4109660912452063,-0.6188929826302326,-0.3029718514889386,0.23040780653682147,0.4039928149565547,0.26056050527853003,-0.06813526644154025,-0.06824443667572191,-0.11811511639587267,-0.11609213237268029,-0.10986463737150855,-0.20276277559878236,1.6241822756676638,False,False,False,False,False,False,True,False,False,False,True,False,False,False,False,False
-1.3791551026112323,-0.2024199329960776,0.12777601783595352,0.1914823386005853,-0.02088110738193426,-0.17603340184794022,-0.34959950368184534,-0.1486878156032902,0.6137591494206548,0.0840884768273189,0.14400153416535283,-0.034893888514138216,-0.17193875506312836,0.45252236733443885,0.5955360710510842,-0.4472135954999579,0.2898810670205795,-0.20057919542461358,-0.2005262226751289,-0.17056184236143465,-0.171079205752078,-0.2194881451265403,-0.08456974002627733,0.07707488226595736,0.15643112043245072,0.09209631374517385,0.7838064280324923,0.35206927798268023,0.8880697621740719,-0.19608754650014684,-0.09024779516164261,-0.2441793187891384,0.23040780653682147,-1.7370989674780402,-0.017148642382772285,-0.1632659410362004,-0.16333198228975912,-0.12017221197034145,-0.20165146139488113,-0.19453054892904645,-0.41881890537155214,2.0448972360194584,False,True,False,False,False,False,False,False,False,False,True,False,False,False,False,False
-1.476900208343523,-0.2633736520650487,-0.2236517716297986,-1.9369690034341065,-1.0001367346481234,-0.22745331595271084,0.23742177814792118,-0.26051688055460936,-1.887453685208969,-0.19412526020554768,0.5725607168928551,-0.3450575819867737,-0.2607872033850834,0.016146681361197915,-0.5634609450038949,-0.4472135954999579,-0.004732774850397795,-0.24494953036629227,-0.24746237100247856,-0.1768948775584213,0.1449962247057939,1.0049678871310637,0.7026281547232315,0.8370431537234078,0.2718054077280649,0.9148706788799433,-0.5109951289009877,-0.40982565802636034,-0.4268077965624307,-0.7977474717863128,0.4383973923069484,-0.1360641915425259,0.23040780653682147,3.3408036506599865,-0.017148642382772285,-0.2206332458893794,-0.22069749878950176,-0.10421896059556884,-0.24491299947369105,-0.2504096610184654,-0.35106499410229786,-0.012148860733831467,False,True,False,True,True,False,True,False,False,False,True,True,False,False,False,True
-2.4761807884589153,-0.23110403608735813,0.9573622513215568,0.39419199022293694,-0.2723116062746047,-0.2122694040843977,0.06963026758574042,-0.23090005056750199,-0.32002697550773834,0.046503852155757704,-0.17995938730604327,-0.03977579876386839,-0.23835674598951462,0.4462712079684881,-0.6815959772153494,-0.4472135954999579,-0.00022754718114161186,-0.2292376553869443,-0.21676929423111058,-0.18006139515691458,-0.10366599719865034,0.053756757497702465,0.12681182944515193,0.027678752847981925,-0.1952554875043887,-0.059313500292125676,0.8567529946202935,0.5097027130190326,0.8393705933319778,-0.5398932180922414,-0.3545703888959381,-0.23155273458515443,0.23040780653682147,0.02477674028505039,-0.017148642382772285,-0.19979116750746906,-0.19985607013312043,-0.11531716748526044,-0.22290743988162312,-0.23665899767342838,0.151721462314949,-1.301362915951195,False,True,False,False,False,False,True,False,False,False,True,True,False,False,True,False
0.20927807276991311,-0.27054467783786884,-1.2660300666164994,-0.6193562678888211,2.811020301198667,-0.21777082142798942,-0.536252292584062,-0.22307031390424373,1.9477393278897874,-1.1371435809340338,-1.4280598783490277,1.7732375670076999,-0.24759962888533305,0.41910303345799116,-0.9970146541272912,-0.4472135954999579,-1.9041931558543452,-0.23891617037422264,-0.23775871786513886,-0.1768948775584213,0.22088810731257946,0.6380054599114091,0.8197929699278708,0.32051819125274156,-0.07981779914384164,0.4279096704232087,-0.4836401664305626,0.30609285943041015,-0.7190028096149866,1.3510379756642796,1.0551501110203036,1.0409702047226024,0.23040780653682147,3.474598822809059,-0.017148642382772285,-0.20536281222342528,-0.20542754116007383,-0.12448629057471339,-0.2374171884204319,-0.23250068800803925,-0.6641915933967141,-0.012148860733831467,False,True,False,True,True,False,False,True,False,False,True,False,False,True,True,False
0.4061869997697423,-0.27054467783786884,-1.2174905460331749,-1.227485222755876,2.374325224174555,-0.23816274171490273,-1.5373228005533863,-0.22749581723565057,2.5146809037391686,0.5106223093681432,-1.6939608578272933,1.741888117311781,-0.25324282990160013,0.008272688123418838,-0.5413021935113803,-0.4472135954999579,-2.614728599309392,-0.24432105536711834,-0.2371258709213993,-0.18956094795239453,1.175573494195681,1.2382232597520697,0.9440280757051995,1.0355149640618153,1.118535346694166,1.101982706245152,-1.176632549014678,-0.6331396909945284,-1.1694701214043448,1.3940136846132916,1.0551501110203036,-0.3566348343558704,0.23040780653682147,1.7591506594174955,-0.017148642382772285,-0.21506160117342318,-0.2151260277625483,-0.11808676497391375,-0.24046905434925886,-0.24542358479161902,-0.3315678345862835,-0.012148860733831467,False,True,False,True,True,False,False,True,False,False,True,True,False,False,True,False
-0.5883382602202097,-0.1952489072232575,-0.10454606341507872,0.5969016418452885,0.6804776526870931,-0.14104438754269688,0.08039039366631581,-0.13098580227766282,-0.15327945319909678,0.023300545358066155,-0.3127969199595864,0.2516224808310088,-0.1423451237396857,-3.680052312003584,0.3712386487619481,0.4472135954999579,-0.07919818197060469,-0.15608316548310008,-0.160867814200784,-0.1578957719674614,0.35481879108395303,0.3093970097828197,-0.07063310295461415,0.2451973595847822,0.2287836077716023,0.356899921017511,1.8141766810851914,1.869291090207579,1.789004385752785,0.49152379668404284,0.6146124547964777,-0.22366111945766448,0.23040780653682147,-1.6710473715769063,-0.017148642382772285,-0.1393285044787588,-0.13939529195173703,-0.10183820887002076,-0.16149533075242142,-0.17099276330305208,-0.025184688776145985,-0.051277677762048605,False,True,False,False,False,False,False,False,False,False,True,False,False,False,False,False
-1.0103432058005912,-0.24903160051940845,-0.13005068430866515,-1.9369690034341065,-1.3838990750632516,-0.18798981554134625,0.5247838122585419,-0.24400634889512995,-1.7207061629003275,-0.0333305792561359,1.6241158790096788,-0.9423616824958847,-0.23626014843366333,-0.06667180401326062,-1.2180477885365852,0.4472135954999579,1.6280442234034338,-0.20057919542461358,-0.18618169195036585,-0.16739532476294133,1.0955980972573525,0.876199148302437,0.8503618603084151,1.0355149640618153,1.036399871542095,0.9567790509396656,-0.30127374996105827,-0.36384923947409203,-0.14678757572039824,-0.8836988896843365,-0.0021402639168774332,-0.20314292012619056,0.23040780653682147,2.874238503120151,-0.017148642382772285,-0.18080630403087744,-0.1808717984857236,-0.1012582302969714,-0.1941021088340987,-0.2203763424958755,0.5307941181481826,2.2200242785043374,False,True,False,False,False,False,True,False,False,False,True,False,False,True,True,False
0.7308805357863722,-0.08051249485813544,0.7992664366574106,1.3063854225235192,0.3496480488809482,-0.03901143387688243,-0.18047236112731949,-0.017114197327232804,0.7805066717292963,1.0112391394513427,-0.3832821413675889,0.9304836114625834,-0.07239983059620561,0.7098903153341184,-0.3825560537913119,0.4472135954999579,1.1981988666652084,-0.12340246552605628,-0.14842182430723957,-0.15979568252655738,-0.16210544404169663,0.1569263690843533,0.19799314402725893,0.09501789296073165,-0.14624090635947343,0.1574900857006727,0.4646651992108597,0.7527209253667444,0.4254276581741901,1.3080622667152677,0.08596726732788773,-0.44344260075826,0.23040780653682147,0.6582843126249179,1.329125494121964,-0.02273667986708203,-0.023051497778709743,-0.13609892326354509,-0.14141726543119154,-0.06357787896056126,-0.8150881952062751,0.030130795940927588,False,False,False,False,False,False,False,True,False,False,True,True,False,False,False,False
0.8161503459441866,-0.24903160051940845,-0.4160877058492691,0.900966119278816,1.1039395455589587,-0.2072814523595412,0.6536401183016722,-0.19821941058172834,1.0806522118848507,-0.04828586914549721,-0.2689695707507644,0.293300360060537,-0.22435369395941016,0.47475899934400284,-0.8798794540044279,0.4472135954999579,1.1660384635006344,-0.22772931538892688,-0.22984813106839452,-0.17372835995992797,1.175573494195681,1.2382232597520697,0.9440280757051995,1.0355149640618153,1.118535346694166,1.101982706245152,-0.1462622959619791,-0.13396714671274337,-0.35375904329929125,0.5344995056330547,-0.26646285765117295,-0.1972242087805731,0.23040780653682147,-2.03819319771357,-0.017148642382772285,-0.20536281222342528,-0.20542754116007383,-0.10198005591436693,-0.22836867364899766,-0.23632789105031554,-0.1208960653404028,-0.012148860733831467,False,True,False,True,True,False,False,True,False,False,True,True,False,False,True,False
-0.5039585049855856,,,0.900966119278816,-1.489764548281218,-0.23588882254621815,0.6484017393170932,-0.25285735555794364,-0.25332796658428197,,1.094422452317489,-2.107349225033847,-0.26074618824302415,0.5841443678377886,1.0603947685119777,0.4472135954999579,0.3190069115032846,-0.25198845035704015,-0.25073208021179955,-0.1863944303539012,0.5337456250956523,0.5118837450081841,0.19232705593857155,0.4174888204764002,0.2945813712762068,0.5193300640699506,0.8567529946202935,0.5097027130190326,0.8393705933319778,-2.516775829746787,-0.7070005138749978,,,-0.7712733294973276,-0.017148642382772285,-0.22703031945214397,-0.2270943729315594,-0.10547363484124778,-0.25037423324106556,-0.2598851535351455,-0.09742203152104789,-0.012148860733831467,False,True,False,True,True,False,False,False,True,False,True,False,True,False,False,True
0.43485303547997345,-0.2741301907242789,-1.5295774418766945,0.0901275127894095,-1.3309663384542685,-0.25430023258943846,0.36287457688260405,-0.26987852221720077,-0.9203180558188483,-1.6878977125609278,0.5439449218767858,-1.7557928803504785,-0.2772994170470467,0.700399682139625,1.406523334941091,0.4472135954999579,1.1882113045342162,-0.26606629033853596,-0.2638109170490835,-0.18956094795239453,-0.23288210744049867,-1.9496001660683264,-0.7055380510049072,-0.32070907325062853,-0.3279616323729262,-0.1766161474171002,0.38260031179958304,0.41118181612131166,0.27933015164791297,-2.2159458671037036,-2.82158126374936,-0.0863470162393391,-4.340130723132376,-0.4696204174348894,-0.017148642382772285,-0.24188803869469394,-0.24195162900343517,-0.07839908532922867,-0.26327773655417597,-0.27409352309565815,0.226425194489562,-0.012148860733831467,False,True,False,True,True,False,False,False,True,True,False,False,True,False,False,True
-0.06312715027226738,-0.2418605747465883,-0.8715979388112383,-0.1125821388329421,-0.06058065983867175,-0.11522440214343974,-0.08496977758578561,-0.16945363892758386,-0.8536190468953914,-0.37942893667360594,0.41878847104334543,0.3835086882046265,-0.15701648131981408,0.3607805815641292,0.17156668542532214,0.4472135954999579,0.8862162230461231,-0.15583177548343052,-0.13724152830117425,-0.1610622895659547,0.7243207286229314,0.6347032907860681,0.65575438365878,0.7195015961443484,0.7814875069115382,0.7295752731396334,-0.4836401664305626,-0.5280507343036268,-0.5485557186676625,0.7493780503781137,0.6146124547964777,-0.03899732547439932,0.23040780653682147,1.2301947648240859,-0.017148642382772285,-0.10858127993514846,-0.10864902591410516,-0.12152160656101456,-0.14966265758977662,-0.1424299477292608,-0.26351516131672814,3.256067326449137,False,True,False,False,False,False,False,True,False,False,True,False,False,False,False,False
-0.04526192745649091,-0.25620262629222856,-0.906952274584739,0.5969016418452885,-0.5899080259285038,-0.17603340184794022,0.33389686184734885,-0.20587893557839404,-0.5201240022781082,-0.2114594753781645,0.41871316631961897,-0.6741837111977227,-0.2094965619123076,0.37780050987572594,0.34862455650444385,0.4472135954999579,0.6541599749740903,-0.18700413544245692,-0.1939868042564869,-0.16422880716444802,0.7990556600949227,0.8121280493701382,0.5765504732202746,0.612534199949521,0.7318480354584115,0.47534267400474095,-0.7754264327817688,-0.7645008868581561,-0.767701978457079,-0.7977474717863128,-0.5307854513854685,-0.1281725764150359,0.23040780653682147,-0.01451159522031059,-0.017148642382772285,-0.1739965160447087,-0.17406222278611386,-0.09427920075934416,-0.19201399004069078,-0.20941087016751123,0.19150196713465628,-0.7555934199612263,False,True,False,False,False,False,True,False,False,False,True,False,False,False,True,False
-0.2971942236189534,-0.26695916495145877,-0.4610815833778263,-0.1125821388329421,0.11145073414052373,-0.2290670650401644,1.2565522925608898,-0.2608573038877945,-1.353861613821316,1.0329225267032494,-0.5100952961230122,1.7927675829888214,-0.26565111670222513,0.28251388753163914,-0.8330347315626654,0.4472135954999579,-0.22660524820630382,-0.253245400355388,-0.2416612740181994,-0.1610622895659547,-1.0052609857571104,-1.5382681111237646,-0.3330553772316556,-0.276959910756677,-0.5612675967385955,-0.6303125148456441,-0.5109951289009877,-0.40982565802636034,-0.4268077965624307,0.5344995056330547,0.702719986041243,-0.44620466605288145,0.23040780653682147,2.1367612261710818,-0.017148642382772285,-0.21918874540746483,-0.21925304333806936,-0.1341559960627499,-0.24416341836836514,-0.2589697411028876,0.44756503743953047,-0.012148860733831467,False,True,False,True,True,False,False,True,False,False,True,True,False,False,False,True
0.4329788256918747,-0.25620262629222856,-0.7205313306503524,0.1914823386005853,-0.15321294890439224,-0.21623042457178374,0.33089267478807083,-0.21370867224165233,0.346963113726828,-0.16060763724375596,0.7045698975854069,-0.7135863441741365,-0.22424029915489344,0.4193838898736171,1.406523334941091,0.4472135954999579,1.1102100741210401,-0.24432105536711834,-0.2421886464713157,-0.17372835995992797,0.21283169054562942,-0.03287089104974442,-0.18352345394475236,0.2629822845800478,0.12979057619260456,0.08234058243853827,-0.4836401664305626,-0.5280507343036268,-0.5485557186676625,-0.711796053888289,-0.9713231076092933,-0.1514528410411313,0.23040780653682147,-2.583182142873719,-0.017148642382772285,-0.20845817039895653,-0.20852280284171465,-0.13081660327458614,-0.24170050902229429,-0.23969738787498202,-0.6381745438215928,-0.012148860733831467,False,True,False,True,True,False,True,False,False,False,False,False,True,False,True,False
-0.3810992463019591,-0.18807788145043736,-0.5179610876932857,0.39419199022293694,-0.8016389723644367,-0.0008682736279798341,0.2914636908491314,-0.09983706729122231,-0.9536675602805765,-0.5512079582623449,1.4744100882414,0.630379060899263,-0.060807021325934775,-0.01605492276560099,0.2703053645828098,0.4472135954999579,0.9083826994729093,0.0017897543093884202,0.0026176462652654563,-0.09836524111578711,-0.12051113380105422,-0.42853182346154245,0.024053163829700658,-0.08013951124865328,-0.11171537601355921,-0.3598390660286522,0.37348199097610757,0.3914776367417679,0.31585452827948185,0.3196209608879953,-0.26646285765117295,0.07977148219432464,0.23040780653682147,0.6639730304684788,-1.9573861938191426,0.048869272593540694,0.04926179736866175,-0.1147484450490215,-0.0062249589349105214,-0.05156065618395026,0.29268603536647353,0.22051447768208685,False,False,False,False,False,False,False,False,False,False,True,False,False,False,False,False
0.888301606951955,-0.25620262629222856,3.7991990864398444,-0.9234207453223485,-0.08704702814316326,-0.2517329044957623,-0.35822043128330305,-0.2640913255530533,0.4470116271120132,-0.20805260656240263,-0.8012986627733815,-0.059740728609981475,-0.2733209482673013,0.7113728484328125,1.406523334941091,0.4472135954999579,0.41451844820231126,-0.2641808653410142,-0.2601193098772695,-0.18956094795239453,0.668529477606656,0.6644150431043976,0.3501842700895609,0.05903365719685527,0.07705752176585923,0.18139153160833,0.8567529946202935,0.5097027130190326,0.8393705933319778,-2.2159458671037036,-0.8832155763645282,-0.12975089944053392,0.23040780653682147,-0.2914606737925919,-0.017148642382772285,-0.23611003676703562,-0.23617380719770567,-0.12821625643134382,-0.260600661178012,-0.27034422749539044,-0.15607519295034775,-1.3186104334744988,False,True,False,False,False,False,False,False,True,False,False,False,True,False,False,True
1.48948902641567,-0.24903160051940845,-0.7257037585683452,-0.5180014420776453,0.4819798904034062,-0.20940866706573,-1.0798834354758307,-0.18204930225543411,0.5470601404971984,-0.006600923753743584,-0.6564123743235986,1.4933661663082154,-0.2033660045021602,-3.4924678011915167,-0.38585833588529117,0.4472135954999579,-0.7671412302112104,-0.2199362253991703,-0.21402695747490588,-0.17372835995992797,0.769938280924461,0.7026689242142382,0.6273113793768545,0.5798236875248303,0.7713760717180677,0.6723734914146317,-0.1462622959619791,-0.13396714671274337,-0.35375904329929125,1.2650865577662558,0.9670425797755384,-0.21300743903555303,0.23040780653682147,-1.0711316814984608,2.4871758898536633,-0.18225080451279202,-0.1824460860501162,-0.12392930015592916,-0.21701787405406237,-0.21270245955396075,-0.44832732606305176,0.41486513622179866,False,False,False,False,False,False,False,True,False,False,True,True,False,False,True,False
0.5342337878699275,0.729813417470539,1.355670988757207,-0.2139369646441179,-0.13997976475214674,0.4817160557518859,-1.0683117964618718,0.6233923040606119,0.04681757357127302,3.1603556589803343,-0.10495588247445087,-0.20289444262373704,0.6106977097786231,0.4012052430318463,-1.2594091380087433,0.4472135954999579,1.504649253702053,0.6229744434928902,0.6025565489303553,0.009296357232985535,0.14653359929687623,0.2976356366262277,0.10450907904129114,0.09121604198511969,0.124931177204886,0.05204567706265521,0.40995527427000816,1.1336683933712646,0.16975702175320473,0.5774752145820666,-0.4426779201407033,-0.6119285837301707,0.23040780653682147,1.407943631996298,0.7642089326913608,1.0111129507603527,1.0102116749854468,-0.132243458567757,0.5720233223165093,0.7099943184781358,-0.30408765579860536,0.1470350220616257,False,False,False,False,False,False,False,True,False,False,True,False,False,True,False,False
0.6654989234259155,5.215290038369529,1.3281117572800436,0.0901275127894095,-0.25907842212235876,3.389471854649478,-1.1634938021650691,4.337921504110289,-0.35337647996946653,1.354607680757039,0.40997781836734515,0.13118800047397064,4.608216816682821,0.5131640417623797,-1.5940784919066118,0.4472135954999579,1.0676208957442765,3.378460229871022,3.546982429169218,2.5361774008306495,-0.27380547776140385,-0.0028049056526434028,0.014476366554830963,-0.27519819951532,-0.289011108055281,-0.286288073971206,-1.769323402540566,-1.5329638826603773,-1.9486568228778263,0.6634266324800899,-0.09024779516164261,-0.4860573224467058,0.23040780653682147,0.5407168548913468,0.17366008905707073,5.244943863251985,5.243857384330482,-0.1361108130996822,3.4540555892796045,4.669289426100288,-0.49539726403967654,0.1779083581678717,False,False,False,False,False,False,False,True,False,False,True,False,False,True,False,False
-1.376069710702652,-0.25620262629222856,0.03765737204271772,0.7996112934676401,-1.039836287104861,-0.22481263562778683,1.813866059963248,-0.2484318522265368,-0.6201725156632933,-0.6270745640814317,0.8547275166960446,-1.2102947445327839,-0.2522078007284584,0.31426368189004134,1.406523334941091,0.4472135954999579,1.4829559198781248,-0.26015862534630113,-0.25558390678046944,-0.1863944303539012,-1.6413377090766754,-2.1948173526698946,-1.8475453694965183,-1.4682832586688457,-1.7744586114400156,-1.4552150010793496,-1.741968440070141,-2.2685865794966933,-1.607762640983178,-1.7002373597155613,-1.7642908888121789,0.14448272623974234,0.23040780653682147,-2.333577630167357,-0.017148642382772285,-0.2255858189702294,-0.225649917480127,-0.14419297544641613,-0.25631734057614963,-0.2575674071640795,-0.8737934880565151,-0.012148860733831467,False,True,False,True,True,True,False,False,False,False,False,False,True,False,True,False
,-0.2741301907242789,-1.5295774418766945,-0.1125821388329421,-1.8470605203918546,-0.2581879008455766,-0.6442299522815433,-0.2726019088826819,-0.5868230112015651,-1.6878977125609278,1.0893770358278136,-2.1924423256441976,-0.2801053352949811,-0.3560203360584993,1.406523334941091,0.4472135954999579,0.7641787376150737,-0.2698371403335795,-0.2648656619553161,-0.18956094795239453,1.175573494195681,1.2382232597520697,0.9440280757051995,1.0355149640618153,1.118535346694166,1.101982706245152,0.32789038685873145,0.34550121818949775,0.25498056722686596,-2.645702956593822,-1.411860763833119,-0.5452444359028805,-4.340130723132376,-1.2240251752900786,-0.017148642382772285,-0.20195791823034093,-0.20202275331026898,-0.18698768486855818,-0.2654193968551071,-0.27676185295150113,1.420517916804097,-0.012148860733831467,False,True,True,True,True,False,False,False,True,False,False,False,True,False,False,True
-1.2236796704597444,-0.23827506186017824,0.471886641178978,-0.5180014420776453,-0.43110981610155424,-0.21248946077814138,0.47103302798068175,-0.22272989057105858,0.5137106360354696,-0.7084140776672814,0.22766508222549253,0.3546256826270595,-0.23692604132827202,0.4952404008976666,0.8160800224684276,0.4472135954999579,-0.024150282492402943,-0.24130437537108354,-0.23586017703392023,-0.1863944303539012,-1.2778652957512149,-0.348343237891271,-0.013784513997435221,-1.2144419641984656,-1.401169068454965,-1.2313128976730559,0.44642855756390876,0.3914776367417679,0.595874749121516,-0.2390632554491587,0.08596726732788773,0.22497720054013998,0.23040780653682147,-1.0525203463412287,-0.017148642382772285,-0.20907724203406278,-0.2091418551780428,-0.12313713144467568,-0.23827385254080438,-0.2406128003061712,-0.42687497691945786,-0.829525007302804,False,True,False,False,False,False,False,False,False,False,True,False,False,False,True,False
1.7087853992869049,-0.03390082733480461,1.1575615020871637,0.5969016418452885,0.12468391829276924,-0.10730236116866766,-1.2436343180599567,-0.016943985660640235,0.4136621226502844,3.1572611558872894,-0.35444043218034005,0.10022222033521608,-0.05627122914526689,0.21665752603194363,-0.6232534882481348,0.4472135954999579,-0.21926719073381162,-0.1349664055108564,-0.12964736497629972,-0.1629622001250507,-0.14906980023138083,0.00982395705931084,0.10368306775854194,0.008012863224228589,-0.07183299457005067,-0.017023257119633227,1.4312072064992318,1.5474561603416919,1.5211589571212762,0.7493780503781137,-0.17835532640640778,-0.6119285837301707,0.23040780653682147,-0.021821892682945217,3.9849876902415557,-0.04068975728516323,-0.041427729735550034,-0.13583643510660587,-0.1370804033218059,-0.06392846244846172,-0.7735339226847904,0.4538436006518476,False,False,False,False,False,False,False,True,False,False,True,True,False,False,False,False
0.2077836671325135,0.5863929020141364,0.8685599923601721,0.5969016418452885,-1.6485627581081677,0.5103967781698108,-0.9787465050048918,0.4254361358134518,-1.1871140915126746,0.0975511791716329,2.1494416317257317,-0.9763364362960186,0.636250143281524,0.12607244783450472,-1.0286171915291908,0.4472135954999579,1.7377233185764713,0.6973858833950822,0.6673178861730356,0.11379143798326487,0.34832077012701734,0.3275176550837319,0.3508433642134475,0.3148045655432841,0.3267347805722057,0.31013125192381064,-1.1401592657207775,-1.395034627003569,-1.108596160351729,-0.711796053888289,-1.6761833575674148,-0.24851970710925786,0.23040780653682147,0.8530135039870802,-1.6860113854618353,0.750071077957218,0.7513281109600604,-0.11102430130654727,0.6454287291309257,0.682230054176379,-0.10618719525377796,0.3728279131342802,False,False,False,False,False,False,True,False,False,False,False,False,False,True,False,False
-0.26732381723905774,0.42504482212568356,1.6519818111627593,1.6104498999570467,-0.39141026364481674,0.15192442406137424,-0.6557366455431488,0.3132666475289475,0.1802155914181864,0.17018271732245213,-0.11015190841157925,-0.1515738963168176,0.2792664100750549,0.18600358817801976,-1.3575627991523747,0.4472135954999579,0.919932317974018,0.20214758404603386,0.24309948488629302,-0.0008364990821930666,0.5911765765008667,0.5648523433172471,0.3715885313146025,0.42163317013999835,0.4856171379154396,0.37855083179249766,-1.3134073613668065,-0.9089982023081471,-1.339917212351669,-0.11013612860212307,-0.6188929826302326,-0.27101081022260426,0.23040780653682147,-1.1033350359136163,-1.175620883032319,0.3218798636753962,0.3223335918401254,-0.12230676121273881,0.20944023336885978,0.18801446345450407,0.03661305602261388,-0.3022877290258081,False,False,False,False,False,False,False,False,False,False,True,False,False,True,False,False
-1.701177127547015,-0.24544608763299838,1.7213064066686583,-2.34238830667881,-0.7751726040599447,-0.24109683096481832,0.05699530701668827,-0.24945312222609223,0.2135650958799146,0.8483617600457184,-0.4891605829270457,-0.428577880791642,-0.25952297194749296,-0.02202475936171338,-0.6407610948828079,0.4472135954999579,0.014765321050009949,-0.26279822034283157,-0.2521032485899019,-0.18006139515691458,-2.3455655098947683,-1.9496001660683264,-0.2931465193273723,-1.6769331105630696,-3.2209555905071023,-2.41416414132604,-0.30127374996105827,-0.36384923947409203,-0.14678757572039824,-0.06716041965311119,-0.3545703888959381,-0.4189785938630411,0.23040780653682147,-1.9228172512499386,-0.017148642382772285,-0.23115746368618564,-0.2312213885070804,-0.1413624543610687,-0.25513942741063744,-0.2616478093890575,-0.46315236173121216,-0.012148860733831467,False,True,False,True,True,False,False,False,False,False,True,True,False,False,False,True
,-0.27054467783786884,0.8893974235771948,-0.6193562678888211,0.045284813379294735,-0.2546669937456779,1.7237088700503969,-0.2700487338837933,0.2802641048033716,0.06263884325791172,-0.3743208792441356,-0.34946165580019717,-0.2782210514156717,0.30391032255756517,1.406523334941091,0.4472135954999579,-0.5722790262717686,-0.26606629033853596,-0.2632835445959672,-0.1863944303539012,-2.446169481440212,-2.860406859159875,-3.297713392977935,-2.451918274741614,-2.6010283137640737,-2.185842917457784,0.38260031179958304,0.41118181612131166,0.27933015164791297,-0.9266745986333482,0.6146124547964777,-0.2370768651743974,0.23040780653682147,-1.0560492476595364,-0.017148642382772285,-0.24333253917660852,-0.24339608445486752,-0.018043666493973737,-0.26274232147894316,-0.27515501197989906,1.353258263453299,-0.012148860733831467,False,True,False,True,True,False,True,False,False,False,True,False,True,False,False,True
0.29091102501218286,,,-0.011227313021766296,2.983051695177862,-0.24733177062088893,-1.448232205272613,-0.2472403705603888,2.347933381430527,-0.9403250627075682,-1.6205387521939576,1.7191054815759932,-0.26500693770635364,0.014063728725805587,-0.7384602786255832,0.4472135954999579,-1.251254567277078,-0.25676486035076196,-0.2493609118336972,-0.18006139515691458,0.9087082223067228,1.2382232597520697,0.9440280757051995,1.0355149640618153,1.118535346694166,1.101982706245152,-1.8878615732457447,-1.4278749259694758,-1.9364820306673045,1.3940136846132916,0.9670425797755384,0.5501117437927265,0.23040780653682147,1.5439162632237382,-0.017148642382772285,-0.22496674733512315,-0.22503086514379886,-0.1323676873565201,-0.25117735585391476,-0.2593008477270072,-0.23890002001860927,-0.012148860733831467,False,True,False,True,True,False,False,True,False,False,True,True,False,False,False,True
0.53795022047903,-0.1952489072232575,0.6433090026479588,0.1914823386005853,-0.02088110738193426,-0.17750044647289803,-0.15158734915208494,-0.17745358725743468,0.01346806910954482,0.5946887757133079,-0.4729700673258485,0.12170403122296133,-0.19101320877608596,0.46969870420804916,-0.4668557600768848,0.4472135954999579,0.40766867055688655,-0.19052359543783087,-0.1832284062129146,-0.1610622895659547,0.22782766879563238,0.0986508668770296,0.04216248306462664,0.2369905308778519,0.2668595552808303,0.13407142450082926,0.7199781822681653,0.5294068923985763,0.7176226712267461,-0.19608754650014684,-1.411860763833119,-0.3739963876363483,0.23040780653682147,-0.9730586734045334,1.9842835271750119,-0.16883758575215663,-0.1690290405566836,-0.10429962537031862,-0.1877842109463517,-0.2014156190301456,0.07436204793996466,0.1739840389152379,False,False,False,False,False,False,False,False,False,False,False,True,False,False,False,False
0.5413956724016661,-0.24544608763299838,0.09260343319889593,0.4955468160341127,-0.3384775270358337,-0.21410320986559495,0.19707838984884954,-0.23192132056705742,-0.42007548889292357,-0.7037054247020985,0.7382311090911516,0.15300936229273757,-0.23714076766022918,0.5378098178667614,0.672780923222626,0.4472135954999579,0.15681660764842606,-0.22974043538628341,-0.22900433514340848,-0.17372835995992797,0.3501530020740101,-0.09621445338203992,0.2535120226637487,0.013615921993827006,0.39192291069767,0.031527852016298485,0.23670717862397928,0.2863886800508664,0.31585452827948185,-0.2820389643981706,-0.4426779201407033,0.2198476507072715,0.23040780653682147,-0.7464956010326113,-0.017148642382772285,-0.20268016847129822,-0.20274498103598515,-0.1112546957941951,-0.22879700570918388,-0.23928837380896623,-0.0016885473198925043,-1.1902630777511525,False,True,False,False,False,False,False,False,False,False,True,False,False,False,True,False
-0.9393253381306093,-0.20600544588248768,-0.05403046668984999,0.6982564676564643,-0.8016389723644367,-0.1508002342986662,-0.0016633705744734267,-0.1645175005963993,-0.38672598443119477,0.04212005954220011,0.6611943767189438,0.15304080248779167,-0.1620130906847945,0.6382849183147148,0.013187294912168872,0.4472135954999579,1.0339464315975053,-0.18197633544906555,-0.17774373270050522,-0.1578957719674614,-1.0228645851109845,-1.1967562573874886,-1.0829295633887739,-0.9462736661069293,-1.0432036810629204,-0.8088384588220451,0.5923216907395138,0.713312566607655,0.5593503724899455,-0.6258446359902652,-1.5880758263226495,-0.22997441155965645,0.23040780653682147,-1.0653206147574859,-0.017148642382772285,-0.12343899917769843,-0.12350628198598096,-0.13060647423674837,-0.18109152250594174,-0.17812129415837696,-0.27046519814499226,2.13861077338337,False,True,False,False,False,False,True,False,False,False,False,False,False,False,False,False
0.5069357249994573,-0.23110403608735813,-0.5018013174117164,0.2928371644117611,-0.5105089210150288,-0.14265813663015045,0.30934414023562473,-0.16792173392825072,-0.053230939813911575,-0.44494087908940855,0.8355248121457876,0.8893284215706972,-0.17570249751091663,0.12029158569335205,-0.40738895047529733,0.4472135954999579,0.255306169528389,-0.15331787548673484,-0.15032036513845823,-0.14712961213258413,0.38766231668074147,-0.07303866128922515,0.23836359005590557,0.3660807957357448,0.4045423222917609,0.30256623832469004,0.37348199097610757,0.3914776367417679,0.31585452827948185,0.8353294682761374,0.7908275172860081,0.0024336539449229936,0.23040780653682147,-0.28387983578260734,-0.4657449256837053,-0.11002578041706304,-0.11004388222814679,-0.11930309965095852,-0.15405306120668555,-0.18042930209863972,0.31176247234785476,0.06369478320919032,False,False,False,False,False,False,False,True,False,False,True,True,False,False,False,False
-0.7461889802105598,-0.2346895489737682,0.4026484335589191,-0.5180014420776453,-0.13997976475214674,-0.20581440773458343,-0.02323329781937758,-0.2220490439046883,-0.28667747104601016,0.295282325917969,0.25884123784826285,0.0391373242685113,-0.23114049364250522,-0.18640110433467583,-0.33072537355378195,0.4472135954999579,0.5130096482563888,-0.22496402539256163,-0.21930068200606875,-0.16422880716444802,0.9077685558564023,0.632087819631297,0.5258282125955924,0.8635992410222181,0.8434971887025307,0.8588688397037331,-1.2222241531320541,-1.0337913383785924,-1.2425188746674827,0.7923537593271256,-0.0021402639168774332,-0.3057339167835601,0.23040780653682147,0.06732402535571715,-0.017148642382772285,-0.19896573866066072,-0.19903066701801622,-0.10920707272132621,-0.22103348711830834,-0.22953046681720757,-0.08372961311955744,0.012617423496258289,False,True,False,False,False,False,False,True,False,False,True,True,False,False,True,False
2.6358782979873143,-0.27054467783786884,-1.2613613810458086,0.1914823386005853,-0.45757618440604575,-0.23222121098382367,-0.6079110531856948,-0.23855957556416768,0.01346806910954482,-0.2120378725747277,-0.012858205356943328,-0.5014209580995859,-0.2477661021089852,0.47836094088114284,0.5320496913286075,0.4472135954999579,0.14510020570673848,-0.2400474253727357,-0.23733681990264582,-0.17372835995992797,-0.6634462550909315,-0.5456364811215207,-0.44058183376131266,-0.8617932746654463,-0.7701550093934306,-0.6867307159766597,0.7199781822681653,0.5294068923985763,0.7176226712267461,-1.614285941817538,-0.7070005138749978,-0.1277779956586614,0.23040780653682147,-0.885968045670204,-0.017148642382772285,-0.21402981511491276,-0.21409427386866806,-0.10949464213006507,-0.2374171884204319,-0.24905601923027987,0.07837899765178755,-0.012148860733831467,False,True,False,True,True,True,False,False,False,False,False,False,False,False,True,False
0.14238071194583798,0.47882751542183455,0.3263137041998805,0.2928371644117611,1.6068005433442991,1.043740851573216,-0.03338424620265372,0.9810070155716035,0.8472056806527528,0.4537959561772428,-0.7976840360345095,1.810700634225369,0.7415915040221203,0.7158826112066378,-1.4720651927581354,0.4472135954999579,-1.3880005622481557,0.9181063031049627,1.145539226658886,6.095343181537133,0.5769325454488059,0.6488828951782487,0.5792171373350574,0.5153123097039212,0.5237193495427562,0.5320256054189372,-1.3589989654841825,-0.7842050662376999,-1.4373155500358539,1.3080622667152677,0.8789350485307733,-0.34440283090826096,0.23040780653682147,2.1725266777996803,-1.165362825344678,1.0152400949943943,1.016314756669037,-0.11340501312695536,1.4879043500097304,0.9410093580345494,0.8522835918543415,2.8913194499557187,False,False,False,False,False,False,False,True,False,False,True,False,False,True,False,False
-0.8149136735359791,-0.2346895489737682,1.612097160025325,-0.3152917904552937,0.30994849642421074,-0.22268542092159802,0.08465864644130806,-0.23855957556416768,0.4136621226502844,-0.6913250695869972,-0.8963332241162225,1.1962749085380695,-0.25029939029499654,0.7794750769504931,0.19569853018133102,0.4472135954999579,0.060870046191582816,-0.23451684538000522,-0.2319576208808597,-0.1832279127554079,0.20669957714658427,0.14177443813230894,0.18753915135408147,0.4135523482242726,0.1234928388008746,0.0758460466181248,0.7838064280324923,0.35206927798268023,0.8880697621740719,0.9642565951231731,0.8789350485307733,0.20682648574691306,0.23040780653682147,0.8846675950837846,-0.017148642382772285,-0.21237895742129612,-0.21244346763845964,-0.10002218260207925,-0.23313386781856954,-0.2450827397368477,0.08612442231905951,-0.9101928793517853,False,True,False,False,False,False,False,True,False,False,True,False,False,False,True,False
-1.9887228679708915,,,1.0023209450899917,-1.5559304690424471,-0.24513120368345226,-0.1897107038256297,-0.2615381505541648,-0.9203180558188483,3.2033775296653144,0.8708427275735153,-2.0272610037522445,-0.2676849852172799,0.2511716253221738,1.255511764472793,0.4472135954999579,0.41055014358669856,-0.26015862534630113,-0.25568938127109264,-0.18006139515691458,-0.15875286524912996,0.634214610649262,0.31892933295190085,0.26460866916842407,0.022242899401220616,0.13293936452218955,0.38260031179958304,0.41118181612131166,0.27933015164791297,-2.7746300834408575,-2.4691511387703002,-0.6139014875120432,0.23040780653682147,-0.21337150982741657,-0.017148642382772285,-0.23363375022661062,-0.23369759785239305,-0.11410139128574454,-0.2558354670084401,-0.26503678307447787,-0.17798289251402874,-0.012148860733831467,False,True,False,True,True,False,False,False,True,False,False,False,True,False,False,True
0.20489243399049326,-0.24903160051940845,-0.657728085591562,-0.3152917904552937,0.4158139696421772,-0.20750150905328488,-0.9533036081380453,-0.18426205392113754,0.8472056806527528,-0.20686379468269703,-0.33418346149791195,0.1568018463971536,-0.20972093886592572,0.8608978773149129,0.5896466631818469,0.4472135954999579,0.04648191746381092,-0.22420985539355293,-0.22425798306536188,-0.18006139515691458,-0.07948595280685308,-0.04006237139372812,-0.08490921125259357,-0.05214985794122881,-0.10597447221906311,0.07657174439721182,1.4312072064992318,1.5474561603416919,1.5211589571212762,0.44854808773503096,0.8789350485307733,-0.13014548019690841,0.23040780653682147,-0.5082000818981116,-0.017148642382772285,-0.18555251990002533,-0.1856178663975728,-0.1262184688530167,-0.2245672266148448,-0.21353996454251692,-0.6575338981710847,-0.4373630044778067,False,True,False,False,False,False,False,False,False,False,True,False,False,False,True,False
-0.5386764513304483,-0.27054467783786884,-1.0329327382340958,-1.0247755711335242,-0.2723116062746047,-0.2271599070277193,1.518414389240112,-0.25864455222209104,-1.0537160736657611,-0.2800838819160682,0.008001203115296725,0.35120136633891824,-0.26396467056696615,-0.15396928747642682,-0.2984573327478278,0.4472135954999579,-0.17682486026155014,-0.24834329536183145,-0.24946638632432047,-0.1832279127554079,-0.3157324369485117,-1.0120050408270458,0.0707283615645484,-0.161153304155034,-0.15778551718854858,-0.7030980283368592,0.38260031179958304,0.41118181612131166,0.27933015164791297,0.44854808773503096,0.9670425797755384,-0.09423863136682907,0.23040780653682147,1.8509647230695476,-0.017148642382772285,-0.22331588964150648,-0.22338005891359042,-0.10625141280904761,-0.2479113238949947,-0.25752845344339226,-0.0773488457280304,-0.012148860733831467,False,True,False,True,True,False,False,False,False,False,True,True,False,False,False,True
-0.12466427262577962,-0.25620262629222856,-1.1030273452419215,-0.41664661626646954,-1.5162309165857097,-0.14493205579883503,-0.4690109928008722,-0.18375141892135982,-0.720221029048478,-0.3175721938231249,2.6325214344312187,-1.7626182964080406,-0.17181570963695067,0.1308537114795022,-0.2996381506587071,0.4472135954999579,1.2598311520588596,-0.12692192552143025,-0.13028021192003925,-0.1528293438098721,0.4236014356950027,0.46828285605816,0.2730181258570204,0.24246870495538508,0.3830284081854823,0.2243004422905553,1.6226919437922103,1.3635504861326133,1.557683333752845,-1.1415531433784076,-0.795108045119763,-0.07411501279172966,0.23040780653682147,1.6886990250032716,-0.017148642382772285,-0.10672406502982971,-0.1067918689051207,-0.10546641496137792,-0.13311833176508323,-0.15297666756116604,0.13916741680357864,-2.358099569661799,False,True,False,False,False,False,True,False,False,False,False,True,False,False,False,False
-0.49055021369391355,-0.1952489072232575,0.033203721252798205,0.39419199022293694,0.25701575981522723,-0.1218261029557498,-0.04990115958534365,-0.1405176556068468,0.01346806910954482,-0.4079120050995138,-0.6881909677361809,0.3788044824016532,-0.15423951493686264,-0.07947366884669588,0.24503440397207202,0.4472135954999579,0.4412217561066012,-0.13672613550854337,-0.13302254867624397,-0.16739532476294133,0.5511350501205284,0.7200056585103372,0.5539828831826232,0.6346605687970515,0.6482456884753152,0.5351162193998195,0.7564514655620672,0.6410639088826603,0.8515453855425014,1.0502080130211968,0.5265049235517126,-0.021241191437546898,0.23040780653682147,0.5800037721543734,2.9134687185101953,-0.1058986361830214,-0.10630032389975372,-0.11150180824736651,-0.1399181032205397,-0.14853594342274792,-0.03585702333657079,-0.45967780802386105,False,False,False,False,False,False,False,True,False,False,True,False,False,False,False,False
1.0341648358498556,-0.23827506186017824,3.5891403974824967,-1.3288400485670517,0.21731620735849022,-0.2432240456710071,0.3477784575909776,-0.25404883722409166,0.3803126181885568,1.59187677916099,-0.7198942564250367,-0.47278348145891175,-0.2645750723870241,-3.5779332651772764,-0.6947987716663216,0.4472135954999579,0.29948773856513383,-0.2602843203461359,-0.25790434557418107,-0.18956094795239453,1.175573494195681,0.8452039332810698,0.9440280757051995,1.0355149640618153,1.118535346694166,1.101982706245152,0.38260031179958304,0.41118181612131166,0.27933015164791297,0.3196209608879953,0.35028986106218324,-0.5105213293419247,0.23040780653682147,-1.8701682314011767,-0.017148642382772285,-0.23115746368618564,-0.2312213885070804,-0.1275243512771478,-0.25781650278680146,-0.26528998225793265,-0.4444471589491688,-0.012148860733831467,False,True,False,True,True,False,False,False,False,False,True,True,False,False,False,True
-2.442902183428004,-0.25978813917863863,-0.10097087645130068,0.900966119278816,-1.039836287104861,-0.2363289359337055,0.11119229826315205,-0.24655952389401853,0.1802155914181864,-1.1944288514325583,0.5821244168061205,-1.0002132414522595,-0.2563551553872712,0.3220890732906997,0.6081330937131424,0.4472135954999579,0.4765750293724235,-0.25198845035704015,-0.2473568965118553,-0.18956094795239453,0.27013775028670073,1.2382232597520697,-0.11640729146559232,0.8175503866366073,0.18864443157959895,0.07453719883798915,0.8567529946202935,0.5097027130190326,0.8393705933319778,-1.528334523919514,-1.7642908888121789,1.2575950399722018,0.23040780653682147,-1.5435777165170577,-0.017148642382772285,-0.22723667666384606,-0.22730072371033544,-0.10453941412182206,-0.24892861253793702,-0.25823935884302845,-0.10989474920523462,-0.012148860733831467,False,True,False,True,True,True,False,False,False,False,False,False,False,False,True,False
-0.3278415957359231,-0.26695916495145877,1.0920387215052991,-1.6329045260005792,0.9186749674275172,-0.24879881524584674,1.3107508461583293,-0.26562323055238646,0.6471086538823824,0.10916649857084743,-0.7868401558178938,0.562725356012595,-0.27481920728017084,0.18454959651243275,1.406523334941091,0.4472135954999579,-0.36806210192013306,-0.2648093403401881,-0.25948646293352995,-0.1863944303539012,-1.1827707690090767,-0.7634333099491011,-0.4370040303776692,-1.2353717960892456,-1.3035061066274685,-1.0389270022125652,-0.5109951289009877,-0.40982565802636034,-0.4268077965624307,0.7923537593271256,0.9670425797755384,-0.2520709339166284,0.23040780653682147,1.1973356754636875,-0.017148642382772285,-0.2352846079202273,-0.2353484040826015,-0.1377964816432891,-0.2602794121328723,-0.27057794981847755,-0.017061210448032778,-0.012148860733831467,False,True,False,True,True,False,False,True,False,False,True,False,True,False,False,True
-1.265270341683192,,,1.3063854225235192,-0.5899080259285038,-0.2504859165645482,0.5628623008497651,-0.26528280721920133,0.1802155914181864,-1.6878977125609278,-0.2999198122023552,-0.5986244303538444,-0.2737914160732748,0.5121185246722781,1.406523334941091,0.4472135954999579,-0.17770791319655943,-0.2673232403368838,-0.26275617214285096,-0.1863944303539012,-0.12453936885309785,-0.9687314196620472,-0.5786483489502808,-0.21638414730351518,-0.2166926339831474,-0.07826238944307863,0.32789038685873145,0.34550121818949775,0.25498056722686596,-0.2390632554491587,0.26218232981741807,0.4873734035291813,-4.340130723132376,-1.1033856880020345,-0.017148642382772285,-0.2387926805191627,-0.23885636732179436,-0.1406705492068726,-0.26301002901655957,-0.2714933622509777,-0.5519599152585531,-0.012148860733831467,False,True,False,True,True,False,False,False,False,False,True,False,True,False,False,True
2.092844520722201,-0.25620262629222856,0.7577224649594864,-1.227485222755876,0.7466435734483222,-0.23669569708994495,1.0276010408438665,-0.25115523889201796,0.3803126181885568,-0.723805898654139,-0.8592079953190588,0.7330540639572154,-0.2622661611546309,0.09860506990200295,-0.11652642748216986,0.4472135954999579,0.11791170669694069,-0.25575930035208366,-0.2508375547024228,-0.18956094795239453,0.6121912535412057,0.28187623200594425,0.28420162502115287,0.49302534913683443,0.5399365550673257,0.590543164780248,0.7199781822681653,0.5294068923985763,0.7176226712267461,-1.0985774344293957,0.5265049235517126,0.2415495923078689,0.23040780653682147,-1.100163723526141,-0.017148642382772285,-0.22847481993405855,-0.22853882838299175,-0.11605500583876865,-0.25230172751190366,-0.2619107470020188,-0.09648565893093977,-1.535514792689615,False,True,False,False,False,False,True,False,False,False,True,True,False,False,False,True
-0.348636970013348,3.469145262687828,2.243661790620852,1.8131595515793981,-2.0852578351322792,1.559480389477128,-1.3582060145590367,1.5592160469865672,-1.2871626048978597,0.3953775790195644,3.5037217832230785,-2.5610405135547056,2.3047244083522975,0.5433598453165949,-1.5719610726353164,0.4472135954999579,2.2241933795914286,1.4839851923611596,1.5706014238706145,1.061846806972163,-0.1343340335628234,-0.43668207585403757,-0.336541589915047,-0.1930537514929783,-0.17592635542956847,-0.19385340396923761,-3.365029546648728,-3.851488989653407,-3.1539612517196205,-2.2589215760527153,-3.438333982462716,-0.330987085191528,0.23040780653682147,0.6389494732101952,-2.0635533344076324,2.3970079845515406,2.4012596303036458,-0.1362489340823054,1.5191725904033258,2.366705790752682,-0.6455478222778974,-0.8563440925201377,False,False,False,False,False,False,False,False,True,True,False,False,False,True,False,False
-0.25719301710827586,-0.27054467783786884,-0.2488459944920108,-2.4437431324899856,0.4025807854899312,-0.24667160053965792,2.365354881294445,-0.2661338655521642,0.1468660869564582,1.9312163232531807,-0.5382592627967226,0.2677427392258912,-0.2748674603884758,0.7434661755469799,1.406523334941091,0.4472135954999579,-0.875989620636967,-0.26543781533936206,-0.26022478436789276,-0.18956094795239453,-0.4089390576450204,-0.5549274172719041,-0.9117338168436697,-0.49023707791468335,-0.508773754756312,-0.33644100412488104,0.38260031179958304,0.41118181612131166,0.27933015164791297,0.9212808861741613,0.8789350485307733,-0.540114886070012,0.23040780653682147,0.8577867254933795,-0.017148642382772285,-0.24044353821277936,-0.2405071735520028,-0.09823369974951525,-0.26118961776076804,-0.2708895795826308,-0.1787976265969216,-0.012148860733831467,False,True,False,True,True,False,False,True,False,False,True,False,True,False,False,True
0.4240885057905654,-0.23827506186017824,0.21040098199946347,-0.2139369646441179,-0.5369752893195208,-0.19099725702250972,1.1024223027329554,-0.23175110890046485,-1.0870655781274898,-0.8447078325458833,-0.17370909523674388,0.42577910244830786,-0.22967118649461865,0.2225927051405236,0.23137048795377213,0.4472135954999579,-0.19505388398532805,-0.21767371540214417,-0.2171911921936036,-0.16739532476294133,0.1271742117747609,-0.05608098832538495,-0.17221967921142503,0.025994815987134788,0.04181955024572449,0.0637219829705417,-0.7754264327817688,-0.7645008868581561,-0.767701978457079,0.018790998244912583,0.4383973923069484,0.3942523450247997,0.23040780653682147,-0.035872891992001776,-0.017148642382772285,-0.19277502230959823,-0.19284014365473465,-0.10745910180546252,-0.21712495706910892,-0.22871243868752422,0.039962462461620975,-1.462418443393896,False,True,False,False,False,False,False,False,False,False,True,False,False,False,True,False
-0.27674173141206043,0.09876314946236775,0.9602437173838898,0.7996112934676401,-1.7279618630216425,0.05671322790161351,-0.6049040294527334,0.01931109932357739,-0.9203180558188483,0.2547695329007093,1.8266855858339595,-1.992079562800384,0.11582589427985049,0.47170786551581256,-0.2862717049028332,0.4472135954999579,1.8943825284167966,0.06237474422975423,0.025400136239889123,-0.12116416782493897,-0.12186823671012005,-0.13360064258081247,-0.26495539108794736,-0.14997784404842424,-0.10696153359128698,-0.024254162240309417,-2.3893692185368804,-2.9648009175739203,-2.2165022515093367,-1.8721401955116088,-2.11672101379124,-0.29508023636144864,0.23040780653682147,-0.49785752362867713,-0.021820040005513002,0.14853980584564666,0.1484655429788594,-0.12123377791304947,0.029219519045500585,0.0787103236784078,-0.3384570498116026,0.7444468591462766,False,False,False,False,False,True,False,False,False,False,False,True,False,False,False,False
-1.0257932852301153,-0.24903160051940845,0.39034545231055456,-1.1261303969447,0.20408302320624425,-0.22085161514040078,0.7737562747144152,-0.24145317389624138,-0.28667747104601016,-0.36270982166997207,-0.5836680112038012,0.4392951456311872,-0.24863465805847482,0.34565533680673144,0.5094722285054204,0.4472135954999579,0.009270103777773363,-0.2315001653839704,-0.23322331476833877,-0.18006139515691458,0.02971130981370413,0.26566696034922954,0.10526563839498387,-0.06785374426017311,-0.05827575491973966,-0.06826031236098115,0.7199781822681653,0.5294068923985763,0.7176226712267461,0.23366954298997153,0.35028986106218324,-0.048861844383761774,0.23040780653682147,-0.47180021261444377,-0.017148642382772285,-0.20969631366916902,-0.20976090751437096,-0.0999110455778693,-0.23222366219067378,-0.24828668325024827,0.3663286644118832,1.258343533163883,False,True,False,False,False,False,False,False,False,False,True,False,False,False,True,False
-0.05293173540990126,-0.27054467783786884,-0.15770079135405002,0.7996112934676401,-0.20614568551337573,-0.253273301351968,0.5666556537658219,-0.2668147122185345,-0.6535220201250215,0.15366403699089454,-0.5738783971193564,0.5895683032622723,-0.2749880931592382,-2.912995179749758,1.406523334941091,0.4472135954999579,-0.12033424029872719,-0.26669476533770986,-0.26275617214285096,-0.18956094795239453,1.175573494195681,1.2382232597520697,0.9440280757051995,1.0355149640618153,1.118535346694166,1.101982706245152,0.32789038685873145,0.34550121818949775,0.25498056722686596,-1.0556017254803838,0.702719986041243,-0.2658812603897358,0.23040780653682147,-2.036463085870915,-0.017148642382772285,-0.24333253917660852,-0.24339608445486752,-0.03720411691786419,-0.26301002901655957,-0.2731878490936561,-0.06837341985699025,-0.012148860733831467,False,True,False,True,True,False,True,False,False,False,True,False,True,False,False,True
-1.4871384683668594,-0.23110403608735813,-0.44183914927382767,0.4955468160341127,-0.8413385248211738,-0.1480862017424943,0.36348149944652147,-0.1738791422589907,-0.08658044427564036,0.5760048803137872,0.8502092332724548,-0.4231661937469422,-0.1819416244147502,0.3751945641877198,0.1188564149508441,0.4472135954999579,0.30602700923725956,-0.1638762554728567,-0.14905467125097913,-0.16739532476294133,-0.3729902562943552,-0.5643156407118125,-0.29962387322807543,-0.11479024036025956,-0.2900952193083343,-0.10297956422189268,1.0755926943836998,0.8184015232985583,0.9732933076477331,-0.2390632554491587,-0.26646285765117295,-0.37005058007260333,0.23040780653682147,-0.04364463510502775,-0.017148642382772285,-0.14469379198301296,-0.14476041219991437,-0.10343449667229775,-0.1596213779891066,-0.1835358613132482,0.2713508815973888,1.4947542546410504,False,True,False,False,False,False,False,False,False,False,True,False,False,False,False,False
0.34049641814209897,-0.223933010314538,-0.8402342745953184,-0.9234207453223485,-0.7487062357554533,-0.14559222588006604,-1.3371433590435018,-0.06579473397270812,0.4470116271120132,-0.229265623096852,0.253419297739955,-0.3648058328763143,-0.09666873141819403,0.3892348944686795,-1.1262194683294398,0.4472135954999579,1.4446501978052322,-0.12239690552737802,-0.1241626914638903,-0.1547292543689681,0.36480200395491974,0.21482607138907128,0.2135928904461186,0.13470195034876012,0.2858654989654993,0.16780346999007503,0.5923216907395138,0.713312566607655,0.5593503724899455,0.44854808773503096,-0.5307854513854685,-0.11949179977479696,0.23040780653682147,-0.471578704879345,1.394806771679494,-0.04502325873090697,-0.04532372078567088,-0.1296552560853732,-0.12824605458046476,-0.11146173991600296,-0.328695481136445,-0.5120272256719451,False,False,False,False,False,False,False,False,False,False,True,False,False,True,False,False
,-0.2741301907242789,-1.5295774418766945,-1.9369690034341065,1.2230382029291706,-0.25547386828940466,0.5060877206108283,-0.2674955588849047,2.714777930509539,-1.6878977125609278,-0.7984370832717745,0.5334045983380342,-0.2785202206871626,0.8246835163961473,1.406523334941091,0.4472135954999579,-0.7629121867986517,-0.2679517153360577,-0.2648656619553161,-0.18956094795239453,1.175573494195681,1.2382232597520697,0.9440280757051995,1.0355149640618153,1.118535346694166,1.101982706245152,0.8567529946202935,0.5097027130190326,0.8393705933319778,1.1361594309192202,1.0551501110203036,-0.2860048789648352,-4.340130723132376,-0.6608328395770999,-0.017148642382772285,-0.20195791823034093,-0.20202275331026898,-0.18348764942812854,-0.264616274242258,-0.27526213471143907,0.2068548398081983,-0.012148860733831467,False,True,True,True,True,False,False,True,False,False,True,False,True,False,False,True
0.24079601566072256,-0.27054467783786884,-0.7499787544894525,-2.6464527841123373,-1.2648004176930394,-0.24293063674601556,0.3590876966380551,-0.2671551355517196,-2.2209487298262522,-1.1416127535118008,0.9423822151136888,-1.2718710136772027,-0.2703123669644859,0.1280959490426004,-1.4005136144419412,0.4472135954999579,-0.317792045294277,-0.2580218103491098,-0.252947044514888,-0.18006139515691458,0.45122489906849733,-0.1279867798852324,0.37846254654745753,0.5705238655546989,0.6225935252997423,0.22522920659102946,-0.30127374996105827,-0.36384923947409203,-0.14678757572039824,-0.8836988896843365,0.4383973923069484,1.0563588542212077,0.23040780653682147,1.8466697738922215,-0.017148642382772285,-0.2313638208978877,-0.23142773928585647,-0.11400783791278282,-0.2535331821849391,-0.2648712297621468,0.13928661174691065,-0.012148860733831467,False,True,False,True,True,False,True,False,False,False,True,False,False,True,False,True
0.5486624896389427,-0.27054467783786884,-0.44997718729880354,-1.4301948743782276,-0.6296075783852412,-0.24953233755832563,0.28158335847171667,-0.2666445005519419,-0.8536190468953914,-1.6878977125609278,-0.04328131374244868,-1.029940052867334,-0.2733330115443775,0.2414416206437601,-1.02172009928604,0.4472135954999579,-0.9438359109995026,-0.264306560340849,-0.260330258858516,-0.18006139515691458,1.175573494195681,1.2382232597520697,0.9440280757051995,1.0355149640618153,1.118535346694166,1.101982706245152,0.32789038685873145,0.34550121818949775,0.25498056722686596,0.06176670719392399,0.1740747985726529,0.562343747240336,-4.340130723132376,0.6185097236006655,-0.017148642382772285,-0.23941175215426894,-0.23947541965812255,-0.09863731108946296,-0.2599581630877326,-0.2695067225040735,-0.18611523904364488,-0.012148860733831467,False,True,False,True,True,False,False,False,False,False,True,False,False,True,False,True
0.4876992819456504,-0.26695916495145877,-0.22585223189076803,0.6982564676564643,1.0377736247977296,-0.24469109029596492,-0.21411904519681768,-0.2574530705559431,0.5470601404971984,-0.285141603576387,-0.920882564051061,1.5238917851863798,-0.2683774173214563,0.37437092457182963,1.406523334941091,0.4472135954999579,0.425701953250772,-0.2619183553439881,-0.2518922996086554,-0.18956094795239453,-0.23288210744049867,-0.3556884531581299,-0.2931465193273723,-0.6597650825787381,-0.3279616323729262,-0.1766161474171002,-0.5109951289009877,-0.40982565802636034,-0.4268077965624307,1.1361594309192202,0.9670425797755384,-0.09147656607220758,0.23040780653682147,0.7358023490080283,-0.017148642382772285,-0.2313638208978877,-0.23142773928585647,-0.13575899712638237,-0.25546067645577714,-0.2642771855238431,-0.22312109844671843,-3.20461746707635,False,True,False,False,False,False,False,True,False,False,True,False,True,False,False,True
-0.06980676145952251,-0.27054467783786884,0.19300896893069214,-2.241033480867634,0.9186749674275172,-0.2530532446582243,0.850403715988657,-0.2668147122185345,1.3474482475786775,0.7346687064247341,-0.5688329806296809,1.305052136201206,-0.276623873530777,0.3035514424560505,1.406523334941091,0.4472135954999579,-2.3406236897578068,-0.26606629033853596,-0.26338901908659046,-0.1863944303539012,1.175573494195681,1.2382232597520697,0.9440280757051995,1.0355149640618153,1.118535346694166,1.101982706245152,-0.30127374996105827,-0.36384923947409203,-0.14678757572039824,1.3940136846132916,1.0551501110203036,-0.39964413680069066,0.23040780653682147,-0.2898982017889846,-0.017148642382772285,-0.23941175215426894,-0.23947541965812255,-0.12043232344663835,-0.26279586298646646,-0.27338261769609495,0.09715541283863423,-0.012148860733831467,False,True,False,True,True,False,False,True,False,False,True,False,True,False,False,True
-1.252313973022883,-0.25620262629222856,1.0364546615039112,-0.9234207453223485,-0.8545717089734197,-0.2128562219343808,3.3002943170527392,-0.2579637055557208,-0.6868715245867497,2.2490643247081668,0.01658594162011754,0.833622373562704,-0.26426142718304174,-0.5621252863456336,-0.9967735625769301,0.4472135954999579,0.20598177110413873,-0.24897177036100535,-0.23723134541202257,-0.17372835995992797,-0.7631242162917614,-2.1371191911165877,-0.4532514669198331,-0.831287534356485,-0.5662081936310346,-0.9287331201596035,0.38260031179958304,0.41118181612131166,0.27933015164791297,-0.5398932180922414,0.35028986106218324,-0.5630005699397329,0.23040780653682147,3.324940496427018,-0.017148642382772285,-0.21671245886703985,-0.21677683399275674,-0.12698836841122127,-0.24116509394706148,-0.25502567689968897,0.2894138850852529,-0.012148860733831467,False,True,False,True,True,False,True,False,False,False,True,False,False,True,False,True
0.34868791739015953,6.40568031665767,1.1139756349057428,1.3063854225235192,-0.3120111587313418,7.775495169885789,0.45546176414971534,5.936038841747938,-0.32002697550773834,1.5561746785783341,0.8085657210517011,0.9245164412283987,6.077680787171375,0.5254791757936433,-1.715119225651029,0.4472135954999579,1.1448686241704709,4.7694010980427395,6.1811023579944555,4.957930060158335,-0.932030079167203,-0.7171301690033584,-0.48958042609194496,-0.91499180579323,-0.9553246783475517,-0.9353369828089267,-1.1036859824268757,-0.8104773054104263,-1.1816449136148668,0.3196209608879953,-0.4426779201407033,-0.5073646832909287,0.23040780653682147,0.7231463418101569,0.4720161539018663,7.436251094316402,7.4328928190093295,-0.1367979593603707,5.5884342451876226,6.283658204094783,-0.2207150002137644,0.7250371462103047,False,False,False,False,False,False,False,False,False,False,True,False,False,True,False,False
1.5201571185827674,-0.25620262629222856,-0.060479640245325775,-0.720711093699997,0.25701575981522723,-0.22679314587147983,-0.18599091536599088,-0.23362343723298312,1.180700725270036,-0.28344780044495643,-0.5873579426663995,0.4353934270472229,-0.2505068786607079,-1.4405761398300354,-1.224577258024467,0.4472135954999579,0.2768486682943003,-0.2431898003686053,-0.23955178420573425,-0.1768948775584213,-1.2778652957512149,-0.24257213804837055,0.17777800394308713,-0.6969518706986004,-0.897228185425138,-0.9767715590637966,0.32789038685873145,0.34550121818949775,0.25498056722686596,1.1791351398682322,1.0551501110203036,-0.09266030834133107,0.23040780653682147,0.6821073050024892,-0.017148642382772285,-0.21423617232661485,-0.21430062464744415,-0.11705591615197389,-0.24014780530411917,-0.24599815216845383,-0.2827295299398944,-1.7148998708190555,False,True,False,False,False,False,False,True,False,False,True,False,False,True,True,False
-0.5651936122514245,-0.26695916495145877,-1.1262843852095346,-0.1125821388329421,0.01881844507480323,-0.19847918460979447,0.05995655383995038,-0.23345322556639056,-0.7535705335102068,1.302965297039389,-0.27265950221336277,1.4439531987361593,-0.23771256699364315,0.32671238550596843,-1.1800445253107092,0.4472135954999579,0.4656473907306503,-0.20636116541701363,-0.20284666146884056,-0.1610622895659547,0.3681785633214525,0.5072573786722462,0.3766613824418577,0.8022789831227408,0.5380938837564161,0.44232342505634714,0.38260031179958304,0.41118181612131166,0.27933015164791297,0.7064023414291017,0.1740747985726529,-0.4805331918574628,0.23040780653682147,2.7060122395761983,-0.017148642382772285,-0.18142537566598368,-0.18149085082205177,-0.10772436895723098,-0.20448916129361494,-0.22303493392066318,0.2821575539540552,-0.012148860733831467,False,True,False,True,True,False,False,True,False,False,True,False,False,True,True,False
-1.3280147865553182,-0.27054467783786884,-0.8280700375272428,0.5969016418452885,-0.12674658059990077,-0.24725841838964105,-0.3100058393849546,-0.2577934938891282,1.0473027074231231,-0.22797190839526746,-0.34465081809589526,-0.025465176393337445,-0.26890337620198057,0.4798866514846288,1.406523334941091,0.4472135954999579,-0.6316959298603542,-0.2641808653410142,-0.2598028864053997,-0.18956094795239453,1.175573494195681,0.816305453393486,0.9440280757051995,1.0355149640618153,1.118535346694166,1.101982706245152,0.7655697863855414,0.7658570449531075,0.7906714244898855,-0.45394180019421815,-0.26646285765117295,-0.12028096128754595,0.23040780653682147,-0.19142473980204194,-0.017148642382772285,-0.22930024878086688,-0.22936423149809593,-0.1535861120851988,-0.26044003665544213,-0.26613722567917947,-0.764686082222196,1.5586678431550498,False,True,False,False,False,False,True,False,False,False,True,False,True,False,False,True
-0.5307535528759324,1.4433304818661419,0.48949294108145663,1.6104498999570467,-1.9661591777620668,1.3970785494943005,-1.0623286651354815,1.3229622537560786,-1.2204635959744028,0.2148570026806029,2.6994673338240758,-2.050610300435059,1.9362033569501085,0.5822840112392489,-1.5196850955120378,0.4472135954999579,2.1250499281232873,1.447030862409733,1.4596422597349474,0.6603323754832108,-1.1111603481221302,-1.2997865989684922,-1.0863724319353771,-1.118721719106559,-1.2045265552136413,-1.1587765823859186,-2.2799493686551786,-2.6823743464671206,-2.240851835930383,-1.9580916134096327,-2.204828545036005,-0.2840319751829627,0.23040780653682147,0.10093076174294337,-2.081746026974811,2.1283308949154285,2.132179007485051,-0.13138304344801066,1.4131604055072322,1.858573983371273,-0.42794279165801985,-0.16176282757587948,False,False,False,False,False,True,False,False,False,False,False,False,False,True,False,False
4.481876331515111,-0.27054467783786884,0.16184500658074055,-0.720711093699997,0.6937108368393388,-0.25430023258943846,0.6399583274801569,-0.2671551355517196,1.0473027074231231,-0.47152033874012805,-0.9788672013204647,0.5845408616393729,-0.27664558742951423,-1.6156073423071244,1.406523334941091,0.4472135954999579,0.8892081786680208,-0.26543781533936206,-0.26275617214285096,-0.18956094795239453,-2.2047199497311425,-0.6744707957401622,0.9440280757051995,-0.5919538807131108,1.118535346694166,-0.4323359181495445,-0.5109951289009877,-0.40982565802636034,-0.4268077965624307,0.8783051772251493,0.4383973923069484,0.02058436873814991,0.23040780653682147,-2.397535502717559,-0.017148642382772285,-0.2423007531180981,-0.24236433056098727,-0.052106689469779005,-0.26247461394132676,-0.27459992146257767,0.981948122839984,-0.012148860733831467,False,True,False,True,True,False,False,True,False,False,True,False,True,False,False,True
0.04633743857961566,-0.25978813917863863,-0.05200502604175145,0.0901275127894095,1.5803341750398072,-0.23566876585247448,-0.7870095489672294,-0.23821915223098253,1.7142927966576895,0.41027664307883643,-0.922087439630685,1.024701102667661,-0.25786306502180173,0.6917331588487481,-0.49592075644049644,0.4472135954999579,-1.1286605816105144,-0.2478405153624923,-0.2359656515245435,0.15305625620458194,1.175573494195681,1.2382232597520697,0.9440280757051995,1.0355149640618153,1.118535346694166,1.101982706245152,-1.176632549014678,-0.6331396909945284,-1.1694701214043448,1.3940136846132916,0.9670425797755384,-0.334143731242524,0.23040780653682147,1.6689912447163802,-0.017148642382772285,-0.222077746371294,-0.22214195424093414,-0.1088906297106957,-0.21241330440706033,-0.25095501310494756,2.022517099190367,-0.012148860733831467,False,True,False,True,True,False,False,True,False,False,True,True,False,False,True,False
1.7996015754292782,,,-1.9369690034341065,0.30994849642421074,-0.25151284780201866,0.609250331066148,-0.26511259555260874,0.2135650958799146,1.4596810022596607,0.1877535786504484,-0.47211741851304356,-0.27382760590450356,0.6362686202025234,1.406523334941091,0.4472135954999579,-0.9229171256429662,-0.2648093403401881,-0.26201785070848815,-0.18956094795239453,-0.9820606189490986,-1.2035138323656758,-1.5829668418081482,-1.042104837778518,-1.0973749191107347,-0.8567219206416966,0.38260031179958304,0.41118181612131166,0.27933015164791297,-0.96965030758236,-0.5307854513854685,-0.49750016438156625,0.23040780653682147,-1.3463897911295546,-0.017148642382772285,-0.2423007531180981,-0.24236433056098727,-0.038268586385858123,-0.26183211585104743,-0.27173682300417923,-0.13856697008952445,0.6636900974893966,False,True,False,False,False,False,True,False,False,False,True,False,True,False,False,True
0.5948472247505189,,,-0.2139369646441179,1.2759709395381542,-0.23464183461500404,-0.5955195020938232,-0.24111275056305626,0.7471571672675675,-0.5109002854030024,-1.086778870420537,1.398300461188698,-0.25512952643632475,-0.146833092170076,0.370591575936275,0.4472135954999579,-1.079222717434323,-0.24985163535984883,-0.23976273318698074,-0.18956094795239453,0.10002558021896397,-0.3267082401961229,-0.13568793450504543,-0.887857307035833,0.013937653588388615,0.1255981270848885,-0.4836401664305626,0.30609285943041015,-0.7190028096149866,1.3940136846132916,1.0551501110203036,0.04899418319711378,0.23040780653682147,0.8965486436346646,-0.017148642382772285,-0.21629974444363567,-0.21636413243520464,-0.13029197189393196,-0.24416341836836514,-0.25011750811458233,-0.3155446132243557,-0.012148860733831467,False,True,False,True,True,False,False,True,False,False,True,False,False,False,True,False
0.0015259506618386038,-0.25620262629222856,-0.5111308351089302,-0.1125821388329421,0.09821754998827774,-0.2151301411030654,0.3202455341279754,-0.2184745989062443,0.947254194037938,-0.27227473884815456,-0.3551181746938785,0.08085140857969562,-0.23744476224255054,0.328553610128306,0.16007148900102372,0.4472135954999579,-0.30946522062796195,-0.2252154153922312,-0.22510177899034794,-0.1768948775584213,-0.8226295268448042,-0.4577616170390822,-0.22610750186255238,-1.1290987703678916,-1.0618985232296274,-0.8253633490289811,0.7199781822681653,0.5294068923985763,0.7176226712267461,0.5774752145820666,0.8789350485307733,-0.09818443893057405,0.23040780653682147,-0.9317134019054683,-0.017148642382772285,-0.2039183117415107,-0.2039830857086415,-0.10013304723162203,-0.22515618319760086,-0.2404569854252987,0.24854095933603187,0.43014904172479573,False,True,False,False,False,False,False,True,False,False,True,False,False,False,True,False
0.7946806897371339,0.08083558503031743,0.6977543132450892,0.1914823386005853,-0.6031412100807497,0.330830516074977,0.38610178196074024,0.03956628764809334,-1.1537645870509463,0.733527530317743,0.5750457727758296,-0.5895887505523759,0.12279605577450449,-0.031489528813072945,-1.4395493985324075,0.4472135954999579,1.0554965561547758,0.3011952439158435,0.3302214141411039,0.19042116386680305,-0.3986500151006044,-0.613146595097363,0.00409672753110176,-0.18310517336097393,-0.19176548823998227,-0.27105810819897375,-0.7845447536052443,-0.7250925280990667,-0.852925523930742,0.49152379668404284,-0.0021402639168774332,-0.39964413680069066,0.23040780653682147,2.5457870686672646,-0.5597490580235046,0.37615181035304396,0.376343426966275,-0.1152086042859873,0.31202576178346353,0.2204629126495719,0.30918209809661706,-0.20980453887780956,False,False,False,False,False,False,False,False,False,False,True,False,False,True,False,False
-0.7765766814086777,-0.27054467783786884,0.40610320104546505,-0.8220659195111727,1.2362713870814166,-0.2534200058144638,1.2461569222928237,-0.2697083105506082,-0.6201725156632933,-1.6878977125609278,-0.730662831917926,0.36437083912869694,-0.2771691336546232,-0.6984367662930038,1.406523334941091,0.4472135954999579,-3.0936529643697797,-0.26543781533936206,-0.2643382895021998,-0.1832279127554079,-0.2731236960586666,0.4184972359696751,0.09567978196856672,0.3380283163011245,0.374622614602513,0.44441758150456007,-1.176632549014678,-0.6331396909945284,-1.1694701214043448,-1.0126260165313719,0.35028986106218324,-0.0650396553951162,-4.340130723132376,-0.4896160176406856,-0.017148642382772285,-0.24188803869469394,-0.24195162900343517,-0.06594479255369987,-0.26274232147894316,-0.27398640036420346,0.42168063574666254,-0.012148860733831467,False,True,False,True,True,False,True,False,False,False,True,False,True,False,False,True
0.3575070056189716,1.228199708681538,0.33753178823256275,-0.720711093699997,0.032051629227048746,1.7213687638412205,-0.5857949099693952,1.798533650215722,-0.11992994873736856,0.648169952318683,-0.49029015378294316,1.114806770407016,1.7479245536549168,0.4999498882215628,-1.6684081585120285,0.4472135954999579,0.8857595742279617,1.4440141824136983,1.7547598844988224,6.8895057952392555,-0.6280058936713117,-0.1344052163130639,-0.35411562209311537,-0.6239415233956613,-0.768706349484647,-0.5419301056063085,-2.1340562354795747,-1.5986444805921913,-2.3504249658250913,1.1791351398682322,0.702719986041243,-0.38425548730208525,0.23040780653682147,1.0783157248067303,-1.9187977009596704,2.1471094011803182,2.1506713994523583,-0.1319420096799007,2.088318815375788,1.8954728951552058,0.1544843350795215,0.784959368302372,False,False,False,False,False,False,False,True,False,False,True,False,False,True,False,False
-0.6800400971721341,-0.001631211357114036,0.008192745421155912,1.407740248334695,-1.502997732433464,0.21882165895944955,-0.32106224758415985,0.06731078930268242,-1.1537645870509463,0.00891584352220044,1.868780926397072,-0.9182154028279337,0.18084213240997712,0.5266346372486225,-0.7316871843254035,0.4472135954999579,1.7423768600920897,0.24966029398358217,0.21187903566180874,-0.10026515167488309,-0.14025640056307678,-0.3063604310951464,-0.2333218290453419,-0.09773220057836758,-0.08174938061683377,-0.08511100701960782,-0.47452184560708716,-0.8564537239626945,-0.4268077965624307,-1.227504561276431,-1.5880758263226495,-0.218531569624796,0.23040780653682147,1.0154309701245332,-0.10776289400840107,0.33591215407113784,0.3358734240542235,-0.11721594640257454,0.2054246203046138,0.21409397935351798,-0.08564824247616439,-0.49266405875792546,False,False,False,False,False,True,False,False,False,False,False,True,False,False,False,False
-1.0630978473535573,-0.18807788145043736,0.5724799116237255,1.0023209450899917,-0.9207376297346487,-0.15058017760492254,0.6120805205883316,-0.16843236892802843,-0.053230939813911575,-0.24256303191289505,0.48347522872440757,-0.5280776099048045,-0.1775240523494295,0.672760371290684,-0.2807590265878198,0.4472135954999579,1.3503783356215957,-0.18071938545071772,-0.1722590591880958,-0.1610622895659547,0.6424664674081545,0.1656845370461382,0.2502853121355402,0.5792152879567022,0.5710294807855933,0.5104813674014006,-0.5930600163122645,-0.863021783755877,-0.47550696540452303,-0.19608754650014684,-0.09024779516164261,-0.11317850767280499,0.23040780653682147,-0.998268473101588,0.22262670425938977,-0.13870943284365256,-0.13879715861488162,-0.12111336498815056,-0.17803965657711482,-0.19030407025066867,0.03319843253231175,2.9980962999775165,False,False,False,False,False,False,False,False,False,False,True,True,False,False,False,False
1.1348217385496455,-0.26695916495145877,-1.097163066290143,-0.3152917904552937,0.36288123303319375,-0.22429917000905158,-0.25449792364443447,-0.21762354057328145,1.3807977520404062,-0.18106837299599615,-0.7863883274755348,1.0623578388082175,-0.24013004771972252,1.2365807227112326,0.3804628535144472,0.4472135954999579,-0.8019745480782794,-0.23703074537670088,-0.22584010042471073,-0.1832279127554079,0.042514239248149954,0.43681513594248134,0.6122717597188132,0.3536146101058457,0.3912463628056923,0.330537587834419,0.44642855756390876,0.3914776367417679,0.595874749121516,1.3080622667152677,0.9670425797755384,-0.14198290288814336,0.23040780653682147,-0.9119507859720665,-0.017148642382772285,-0.2078390987638503,-0.20790375050538648,-0.11616588666475111,-0.2310992905326849,-0.24264813220438133,0.05745584660317733,0.317638136161766,False,True,False,False,False,False,False,True,False,False,True,False,False,False,True,False
-0.11555462448877812,-0.24903160051940845,-0.7924554161756259,0.4955468160341127,-0.6560739466897327,-0.17794055986038537,0.06128436075970061,-0.18715565225321124,-0.053230939813911575,-0.455702919456069,0.3549300653232748,-0.2753313658522305,-0.19516297609031402,-0.8078240773701588,0.4801762215550812,0.4472135954999579,-0.036211766684995525,-0.19404305543320483,-0.2009481206376219,-0.16422880716444802,-0.8710885519318851,-0.9285004749852394,-0.37046993151692387,-0.6173830814127312,-0.8477964842251684,-0.7559812529828014,1.0755926943836998,0.8184015232985583,0.9732933076477331,-0.4109660912452063,-0.17835532640640778,0.00993068831603846,0.23040780653682147,-0.8830117143883988,-0.017148642382772285,-0.1694566573872629,-0.16952250565304072,-0.10750386116853719,-0.1985460539585309,-0.2040644720269326,-0.1371703891235906,-0.15295252512855334,False,True,False,False,False,False,True,False,False,False,True,False,False,False,True,False
-0.7592832336842541,-0.24544608763299838,-0.349198425982295,0.900966119278816,-1.0663026554093524,-0.19378464180992952,0.7680249728219314,-0.21694269390691118,-0.5534735067398363,-0.1595101923379451,0.653663904346294,-0.9722138206242003,-0.22017256212478384,0.5617251644594048,0.37357110047452585,0.4472135954999579,-1.1133371879947898,-0.22345568539454422,-0.2239415595934921,-0.17372835995992797,0.08905060150490972,0.5209629889424796,0.30776685540271914,0.25084248533105274,0.002666248556690724,0.19783065972685124,0.37348199097610757,0.3914776367417679,0.31585452827948185,-1.0126260165313719,-0.3545703888959381,-0.15184742179750582,0.23040780653682147,-1.252075619735475,-0.017148642382772285,-0.19607673769683157,-0.1961417561151515,-0.11143898599819348,-0.22354993797190248,-0.22795284113814498,-0.24120233905153654,-1.5961733783350953,False,True,False,False,False,False,True,False,False,False,True,False,False,False,True,False
2.2470866889335315,-0.27054467783786884,-0.5531452655098287,-2.849162435734689,-0.6428407625374868,-0.24887216747709462,0.7072109494117005,-0.2637509022198682,0.2135650958799146,1.063738446468312,-0.16602801341664106,-0.37552189914076695,-0.2726791819268451,0.31849607474056396,1.406523334941091,0.4472135954999579,0.06764614905996388,-0.2648093403401881,-0.25843171802729736,-0.18956094795239453,-0.19481573982869824,0.4628067507687377,0.1415364464948859,-0.28405436953947005,-0.2888671194251548,-0.14205942164243401,0.7199781822681653,0.5294068923985763,0.7176226712267461,-1.0556017254803838,0.26218232981741807,-0.45054505437300096,0.23040780653682147,-0.8017946389658694,-0.017148642382772285,-0.23961810936597103,-0.2396817704368986,-0.10210241674071896,-0.2600117045952559,-0.2702663200542913,-0.027693687479844787,-1.9179108184602252,False,True,False,False,False,False,True,False,False,False,True,False,True,False,False,True
1.0843323504200226,-0.2633736520650487,0.43456931833718493,-0.41664661626646954,0.9319081515797631,-0.24161029658355354,0.4322289737255958,-0.2610275155543871,-0.6535220201250215,0.6067494765721628,-0.8115401052001853,1.1957510715876225,-0.2681240885028552,0.21330332710045968,-0.06076228756686799,0.4472135954999579,-0.16570918150136113,-0.26078710034547503,-0.25474011085548337,-0.18956094795239453,0.8027470114096321,0.816305453393486,0.5073782186348756,0.6765144835967553,0.7356390875293463,0.7635300685110251,-0.5109951289009877,-0.40982565802636034,-0.4268077965624307,0.6634266324800899,0.7908275172860081,-0.37636387217459527,0.23040780653682147,0.8142098672900528,-0.017148642382772285,-0.23301467859150438,-0.2330785455160649,-0.1216925792632097,-0.25642442359119616,-0.26389738674922275,-0.40208637308916995,0.0734236619235062,False,True,False,False,False,False,False,True,False,False,True,True,False,False,False,True
,-0.2741301907242789,-1.5295774418766945,-0.5180014420776453,0.9848408881887462,-0.2561340383706357,1.097786636869251,-0.2708997922167562,-0.18662895766082496,0.6055364563489466,-1.0601209982213564,1.2237441528325967,-0.27907030612183936,1.0834957425660963,1.406523334941091,0.4472135954999579,-0.7006759230570648,-0.2679517153360577,-0.2643382895021998,-0.18956094795239453,1.175573494195681,1.2382232597520697,0.9440280757051995,1.0355149640618153,1.118535346694166,1.101982706245152,0.8567529946202935,0.5097027130190326,0.8393705933319778,-0.8407231807353246,0.4383973923069484,-0.3759692914182208,0.23040780653682147,-1.7700586295162553,-0.017148642382772285,-0.20195791823034093,-0.20202275331026898,-0.18348764942812854,-0.2643485667046416,-0.27608016284233056,1.31795483982174,-0.012148860733831467,False,True,True,True,True,False,True,False,False,False,True,False,True,False,False,True
0.5002253961453597,2.192702675125845,1.6402831711417447,1.2050305967123434,-1.7279618630216425,1.3999392865129683,-1.1332282826622004,0.9578582289150139,-1.8207546762855127,0.33017045348817936,3.1761462350128107,-1.675083192333085,1.7441125580988237,0.6225016216176913,-1.5627499786771397,0.4472135954999579,2.1805824011941786,1.7393974320254404,1.7469547721927012,1.061846806972163,-0.07595383625474389,0.24878463935037715,-0.23407036219433686,-0.1752317543693602,0.16054392180336735,-0.1323739725498896,-3.6841707754703603,-3.8908973484124947,-3.373107511509037,-1.6572616507665496,-2.9977963262388903,-0.31480927418017357,0.23040780653682147,1.271817752824536,-2.2641609046216957,1.7323314056591317,1.735820546662702,-0.10749813457207827,1.7174903342695536,1.9345239999354016,-0.2113678557700138,0.39462765078523276,False,False,False,False,False,True,False,False,False,True,False,False,False,True,False,False
-1.26267889535513,-0.2633736520650487,-0.4834975568724753,0.4955468160341127,-0.2723116062746047,-0.23288138106505468,-0.006129580764784191,-0.24809142889335167,-0.28667747104601016,-0.9662321551401402,0.29325549659127265,-0.05838909006619261,-0.25570132576973875,0.40662676704708983,0.4361233576408454,0.4472135954999579,1.0859092370431715,-0.2511085853581967,-0.24556383017125993,-0.17372835995992797,1.175573494195681,0.9865529892925543,0.9440280757051995,1.0355149640618153,1.118535346694166,1.101982706245152,0.7655697863855414,0.7658570449531075,0.7906714244898855,-0.6258446359902652,-0.795108045119763,0.5994343383395387,0.23040780653682147,-0.2299905131208691,-0.017148642382772285,-0.22476039012342106,-0.22482451436502282,-0.11116717602989179,-0.24630507866929632,-0.25395444958562186,-0.22672593662544988,2.0451772654157474,False,True,False,False,False,False,True,False,False,False,False,False,False,False,True,False
-0.14469611208084202,-0.2526171134058185,-0.391553920244173,-0.1125821388329421,-0.7619394199076992,-0.21050895053444835,0.11267471107977385,-0.2155810005741706,0.813856176191024,-0.5090997573163104,-0.03996790589848275,-0.12029129322907667,-0.2338595562954907,-0.36726114848308955,0.35278923538829615,0.4472135954999579,-0.7574858452971058,-0.23275711538231825,-0.22605104940595724,-0.1863944303539012,0.16953377874125972,-0.2418376165216875,-0.2342334433734566,0.06678350883863413,0.18864443157959895,0.2800263003194115,0.44642855756390876,0.3914776367417679,0.595874749121516,0.7064023414291017,0.7908275172860081,0.04741586017161579,0.23040780653682147,-0.36655931458291047,-0.017148642382772285,-0.20226745404789404,-0.20233227947843307,-0.11764185690495146,-0.22965366982955637,-0.23442889717311732,-0.2587551949503584,-1.5553487485257407,False,True,False,False,False,False,False,True,False,False,True,False,False,False,True,False
1.6437117145624778,-0.25978813917863863,-0.7929015665990347,-0.41664661626646954,0.8392758625140427,-0.21564360672180063,-0.4331444607704877,-0.22290010223765114,0.04681757357127302,0.35581203505644254,-0.6043768102285882,1.4770730714119251,-0.23264116531079002,-2.9376476974548984,-1.0395263226623108,0.4472135954999579,-1.1278047975090548,-0.23728213537637047,-0.23522733009018068,-0.1832279127554079,0.6528477038977111,0.6466683972286895,0.6379230212641435,0.4063388642776889,0.5816911070403934,0.5088182895977126,-0.4836401664305626,-0.5280507343036268,-0.5485557186676625,1.3510379756642796,0.9670425797755384,-0.32112256628216557,0.23040780653682147,-0.32892073094702734,-0.017148642382772285,-0.2028865256830003,-0.20295133181476124,-0.12517717063444447,-0.23597156771730335,-0.23311420910712674,-0.5835259899431497,-0.012148860733831467,False,True,False,True,True,False,False,True,False,False,True,False,False,True,True,False
-1.8815385475694106,-0.26695916495145877,-1.1815655266501839,-1.1261303969447,-0.35171071118807923,-0.09109151806288406,3.8500767952094774,-0.22766602890224313,-0.6201725156632933,-1.0961882698095926,0.6397325304568917,-0.2926970293644133,-0.2287399015043326,0.04192220164342137,0.24487716413678087,0.4472135954999579,0.6159174377154382,-0.2221987353961964,-0.21276126358742678,-0.14649630861288546,-3.1705180765673786,-3.9533748908697217,-4.051800765188263,-3.1494049225022884,-3.675568926785338,-2.8434080421983605,-0.30127374996105827,-0.36384923947409203,-0.14678757572039824,0.018790998244912583,0.9670425797755384,0.9119422973881414,0.23040780653682147,4.701212963643544,-0.017148642382772285,-0.14964636506386295,-0.14971283089053963,-0.14845781578172149,-0.21503683827570103,-0.20016909997511068,-0.643008245929565,0.8636663270304352,False,True,False,False,False,False,False,False,False,False,True,False,False,False,True,False
0.39096894338057403,0.6616886726287478,1.3232714178582679,0.900966119278816,-1.10600220786609,0.4512748797840117,-0.7091016479449522,0.5227972091044024,-0.28667747104601016,0.9672804319029815,1.7645591887595982,-0.9843172816719382,0.5507721745746715,0.606012533511648,-1.5434483826202126,0.4472135954999579,1.5972723126808954,0.48169326367859316,0.5534054362999172,0.06376045992707052,0.04460393801290198,-0.08648586738106916,-0.009461804861480967,0.08208546378141295,0.01577285197751058,0.039331897126102286,-1.368117286307658,-1.6183486599717352,-1.3642667967727145,-0.4109660912452063,-1.323753232588354,-0.43712930865626803,0.23040780653682147,0.11504358189051507,-1.476341036742049,0.5548571556870476,0.5557188714302169,-0.11363889973092184,0.4914968950014968,0.5252076067246313,-0.1174418663284195,0.47039447490656233,False,False,False,False,False,False,True,False,False,False,False,False,False,True,False,False
0.8512162449527837,-0.27054467783786884,-0.9292025778048115,-0.3152917904552937,0.12468391829276924,-0.24850540632085516,0.11308180156388084,-0.2579637055557208,0.1802155914181864,-1.2695358879359062,-0.308655160154629,0.5340275506781546,-0.2667971280244683,-5.123616298912264,-1.0347347321570983,0.4472135954999579,0.8719271992801925,-0.26392947534134464,-0.26054120783976253,-0.1863944303539012,0.25367528221564184,0.19493559311994557,-0.13568793450504543,0.14780468509367573,0.17173732403207526,0.2650816383935012,-0.5109951289009877,-0.40982565802636034,-0.4268077965624307,0.19069383404095966,0.702719986041243,1.6312630162588517,0.23040780653682147,-2.7113743260030465,-0.017148642382772285,-0.23466553628512105,-0.23472935174627332,-0.13433018197569432,-0.26044003665544213,-0.26833811088858806,-0.49458861102175605,-0.2807707808263695,False,True,False,False,False,False,False,False,False,False,True,False,False,True,False,True
-0.23784234468070403,-0.1558082654727468,3.0432426317579457,1.6104498999570467,-0.9604371821913862,-0.17368613044800776,1.8051660554151336,-0.2143895189080226,-0.5868230112015651,-0.046510070011853755,0.7027625842159709,-0.7294615654031774,-0.2167634800230372,0.7731976867508769,-0.05026579448007615,0.4472135954999579,0.9410384877394856,-0.23200294538330954,-0.21529265136238496,-0.1578957719674614,-1.286690615139514,-1.7546613234821893,-1.7261329207679936,-1.2476247822051776,-1.3165746756202206,-1.298839601710587,-1.741968440070141,-2.2685865794966933,-1.607762640983178,-1.3564316881234668,-2.3810436075255352,-0.1980133702933221,0.23040780653682147,-1.47812128971671,-0.017148642382772285,-0.19483859442661908,-0.19490365144249516,-0.12701100229177653,-0.22146181917849458,-0.22679396795157525,-0.200537160732314,-0.012148860733831467,False,True,False,True,True,True,False,False,False,False,False,False,False,False,True,False
,-0.2741301907242789,-1.5295774418766945,0.39419199022293694,-1.6617959422604134,-0.2542268803581906,1.172950475349703,-0.27107000388334873,-1.2204635959744028,-1.6878977125609278,2.256750863035992,-2.0629305476880933,-0.27833685887560367,-1.3304309101419287,1.406523334941091,0.4472135954999579,1.2425372300190838,-0.2679517153360577,-0.26222879968973467,-0.18956094795239453,-0.5145732277677278,-0.6744707957401622,-1.0354512763469206,-0.5919538807131108,-0.6172610281863377,-1.9666545425442459,0.32789038685873145,0.34550121818949775,0.25498056722686596,-2.12999444920568,-0.6188929826302326,-0.25601674148037334,-4.340130723132376,0.4720804965613482,-0.017148642382772285,-0.24250711032980019,-0.2425706813397633,-0.1025750654229022,-0.26327773655417597,-0.27466809047345764,0.5883018269206428,-0.012148860733831467,False,True,False,True,True,False,False,False,True,False,True,False,True,False,False,True
-0.5354389490345217,,,0.39419199022293694,-0.21937886966562126,-0.24278393228351977,-0.07551587510635964,-0.25660201222298024,-0.48677449781637994,-1.34655928814812,-0.004725295194481503,-0.7145101939465528,-0.2634097598214589,0.49837478629915544,1.406523334941091,0.4472135954999579,-0.8409924008628842,-0.26128988034481415,-0.25769339659293455,-0.1863944303539012,-0.3516675196266839,-0.49011474219875073,-0.48692085348911723,-0.14096853818512994,-0.13625721346042632,-0.007163287293192893,-0.5930600163122645,-0.7316605878922492,-0.47550696540452303,-0.4109660912452063,0.7908275172860081,2.185254398208647,0.23040780653682147,-1.2463606941235843,-0.017148642382772285,-0.2305383920510794,-0.23060233617075226,-0.135356717622647,-0.2578700442943247,-0.2631572660594059,-0.6682978755462373,-1.3167585779596602,False,True,False,False,False,False,True,False,False,False,True,False,True,False,False,True
0.5263797119604336,-0.24544608763299838,-0.09377188596461425,-0.1125821388329421,-0.02088110738193426,-0.19422475519741686,0.4152417049589886,-0.2254532772365397,-0.38672598443119477,-0.07248718442726805,0.024869461230032367,1.1080752394709823,-0.23126836437951342,0.12146614499540674,0.3151757336209782,0.4472135954999579,0.2548104124139823,-0.21842788540115288,-0.2197225799685618,-0.17372835995992797,0.5417684734593998,0.5209629889424796,0.30776685540271914,0.42521414727121526,0.46761170611397435,0.5266132220971382,-0.5930600163122645,-0.7316605878922492,-0.47550696540452303,0.9642565951231731,0.8789350485307733,-0.18814885138395965,0.23040780653682147,1.1366334269829927,-0.017148642382772285,-0.18452073384151493,-0.18458611250369253,-0.11960691310329373,-0.2192666173700401,-0.22370688560006446,-0.22183120833716602,-0.7380575618389995,False,True,False,False,False,False,False,True,False,False,True,False,False,False,True,False
-0.925482976187779,-0.23827506186017824,0.17915661534018004,0.6982564676564643,-0.5899080259285038,-0.1982591279160508,0.15944202229848176,-0.21404909557483745,0.2469146003416428,-0.24563280605289173,-0.06715291116374868,-0.1676672978375527,-0.2295553790346867,-0.9908608350674426,-1.1273477925568407,0.4472135954999579,0.20630413142983245,-0.22496402539256163,-0.21951163098731527,-0.17372835995992797,-0.022168277274456194,0.10867952619365669,0.008840980247490115,-0.21391977897405812,-0.11155657251249519,0.014670295256779906,0.38260031179958304,0.41118181612131166,0.27933015164791297,0.7064023414291017,0.6146124547964777,-0.11160018464730699,0.23040780653682147,0.4650320852862843,-0.017148642382772285,-0.19648945212023572,-0.1965544576727036,-0.11327110510070929,-0.2219436927462041,-0.22572274063706754,-0.2546831885796227,2.5572623305550364,False,True,False,False,False,False,False,True,False,False,True,False,False,True,True,False
-0.1618305978396754,-0.05182839176685493,0.1726483539666835,1.3063854225235192,-0.21937886966562126,0.09661684170046546,0.14575656335994228,0.0797362409639401,0.3136136092650998,0.7397917645820543,0.34047155836778714,-0.43372360401128035,0.05190500170824684,0.7011397909018737,-0.3804151971239357,0.4472135954999579,0.4600889777639098,0.050559414245284554,0.09184906533254147,-0.08506586720211519,-0.41311102328966715,-0.4841078802646421,-0.33809915074246844,-0.44283351262947646,-0.5267692740456602,-0.48566136797053816,1.0755926943836998,0.8184015232985583,0.9732933076477331,-0.06716041965311119,-0.795108045119763,-0.4008278790698142,0.23040780653682147,0.018739245982813502,0.49287350224679743,0.10210943321267804,0.10189076244709976,-0.11474129670803739,0.0609696330068054,0.04031169367281168,0.05352698101520763,0.09937294820573304,False,False,False,False,False,False,False,False,False,False,False,True,False,False,False,False
0.2069319747520516,0.10951968812159794,1.698884075623969,1.1036757709011675,0.5084462587078977,0.07043009514496887,-0.033377962068234804,0.07514052596594067,0.5470601404971984,2.5028268538810896,-0.27401498724043977,0.14086748797165377,0.017913099562805464,0.7679701541715866,-1.3167384550675318,0.4472135954999579,0.9422570269961466,-0.017567275665168292,-0.02058674167185124,-0.12433068542343227,-0.06216021633308099,0.09511485958415292,0.01094016564697189,-0.019325953847875617,-0.006517859246918819,-0.021634468185310275,0.601440011562988,0.680472267641748,0.6080495413320378,0.8783051772251493,-0.795108045119763,-0.5787838001947129,0.23040780653682147,0.7197875352915032,1.8947304684093056,0.11201457937437802,0.11138342100399595,-0.13233950830792263,-0.028444684557071564,0.030992016030184096,-0.45218541640180093,-0.5737985755371686,False,False,False,False,False,False,False,True,False,False,False,False,False,True,False,False
0.8319556427039395,-0.24544608763299838,-0.49363971905423837,1.1036757709011675,-0.24584523797011276,-0.1798477178728305,0.6291025120374106,-0.20230449057995006,0.01346806910954482,-0.8089055146271891,0.20801054933287647,0.254479023990357,-0.21036029255096667,-1.2441774943802322,0.4290636352180429,0.4472135954999579,0.2833639481015681,-0.1973111254289092,-0.20579994720629177,-0.16422880716444802,0.4407270933420219,-0.1755071290900254,0.2555135184696733,0.32791981415967053,0.36384127065916133,0.3014686413435679,0.23670717862397928,0.2863886800508664,0.31585452827948185,0.7923537593271256,0.1740747985726529,0.34453516972161297,0.23040780653682147,-0.6223572772561278,-0.017148642382772285,-0.17193294392768788,-0.1719987149983533,-0.10833795626315999,-0.20240104250020705,-0.21501046749249098,0.06082232548349456,0.14204037943496803,False,True,False,False,False,False,False,True,False,False,True,False,False,False,True,False
-0.024094900743312574,-0.09485454640377569,-0.4088692687389301,-0.2139369646441179,-1.5559304690424471,0.09228906005683997,-0.7677716560406823,0.024757872654539662,-1.320512109359588,-0.5893592664158676,1.7979944860941635,-1.3688073518530135,0.12980964506663295,0.47096481736843177,-0.9144021392369427,0.4472135954999579,1.605149483728128,0.11064162416631124,0.07623884072029934,-0.11293122206885635,0.30085696183969435,0.19883517324247646,0.17568502646127415,0.27746449582278615,0.39986174697365673,0.33438224435705566,-1.596075306894537,-1.8219585135603593,-1.632112225404225,-1.0556017254803838,-0.9713231076092933,0.1113379427042845,0.23040780653682147,0.3287619940540464,-0.8189838066708514,0.18712860443393614,0.18733401788777335,-0.11833664819151173,0.07628250415846337,0.12869768553795433,-0.3121899234816602,0.2925985270767865,False,False,False,False,False,False,True,False,False,False,False,False,False,True,False,False
0.8331472616216324,-0.2346895489737682,-0.2981491690272219,-0.1125821388329421,0.28348212811971923,-0.16385693146079056,0.07426082910805804,-0.19345348391713638,-0.32002697550773834,0.060500960190686126,-0.6358541847462645,1.1105830294794388,-0.20278455454708522,-0.5011896901798436,-1.0106628094674361,0.4472135954999579,0.10063949633835294,-0.1794624354523699,-0.1832284062129146,-0.1610622895659547,0.6310154811525815,0.8958555887212418,0.7314348278714443,0.6859393172127853,0.6214098932677742,0.7174875855734381,-0.5109951289009877,-0.40982565802636034,-0.4268077965624307,1.0931837219702087,0.7908275172860081,-0.23628770366164842,0.23040780653682147,1.110862471055371,-0.017148642382772285,-0.15480529535641502,-0.15487160035994096,-0.10775965789054316,-0.1830725582843031,-0.19324507615298198,-0.013575454786609825,0.08771958374526206,False,True,False,False,False,False,False,True,False,False,True,False,False,True,True,False
2.857757958943952,,,-1.1261303969447,1.8846974105414611,-0.25158620003326654,0.48745027574876876,-0.2640913255530533,1.414147256502134,-0.802206050789226,-1.384006614969026,1.3048473661165079,-0.2747178757527304,0.49691051482619353,1.406523334941091,0.4472135954999579,-0.5561159875732513,-0.26606629033853596,-0.26149047825537186,-0.18956094795239453,-2.7857078854060724,-3.2446534328078647,-3.6953766556669736,-2.7788651408794314,-2.9497374069320292,-3.213288424864947,0.38260031179958304,0.41118181612131166,0.27933015164791297,1.1791351398682322,1.0551501110203036,0.335854393081374,0.23040780653682147,-0.9655600369550312,-0.017148642382772285,-0.24168168148299185,-0.24174527822465913,-0.08373663937588385,-0.26209982338866383,-0.27215557549984704,-0.09820505430894086,-0.012148860733831467,False,True,False,True,True,False,False,True,False,False,True,False,True,False,False,True
-0.8624151651119604,-0.24544608763299838,2.006397275173869,-1.5315497001894034,-0.20614568551337573,-0.23302808552755047,1.2632646072436358,-0.2496233338926848,0.71380766280584,0.4415090504741876,-0.16512435673192308,-0.5141957760195942,-0.2611635776298622,0.38291525310963026,0.28679748434776825,0.4472135954999579,-0.08706180246011302,-0.2548794353532402,-0.2458802536431297,-0.1863944303539012,0.8874803029519258,0.9121958639295389,0.6066168225145062,0.7581055018842784,0.82266096461227,0.8404511225415174,0.5923216907395138,0.713312566607655,0.5593503724899455,-0.2820389643981706,-0.8832155763645282,-0.34164076561363943,0.23040780653682147,-0.8262507899691033,-0.017148642382772285,-0.23074474926278146,-0.23080868694952833,-0.10027824831326573,-0.24914277856803013,-0.26037207504136706,0.08952231042823011,-0.012148860733831467,False,True,False,True,True,False,False,False,False,False,False,False,False,False,False,True
-1.6179929334095549,-0.2633736520650487,0.5484382751864464,0.6982564676564643,-0.9339708138868945,-0.2298739395838912,2.5947289577251733,-0.25966582222164647,0.08016707803300122,0.2844817604455065,0.45380516757616723,-0.2504041389048921,-0.269072262081048,0.03226120570350666,-0.46891539654999437,0.4472135954999579,0.07174378771282207,-0.262546830343162,-0.25252514655239494,-0.18006139515691458,-1.0427440783813016,-0.5549274172719041,-0.16942905982412138,-0.795387486309982,-0.508773754756312,-0.6241257461988866,0.38260031179958304,0.41118181612131166,0.27933015164791297,0.36259666983700717,-0.4426779201407033,-0.3029718514889386,0.23040780653682147,2.0820088997472546,-0.017148642382772285,-0.2313638208978877,-0.23142773928585647,-0.13926724861244685,-0.255246510425684,-0.2631085739084549,-0.3308625074431579,-0.012148860733831467,False,True,False,True,True,False,False,False,False,False,True,True,False,False,False,True
-2.1044627394326074,-0.25620262629222856,3.224726377125826,-0.41664661626646954,0.15115028659726124,-0.24718506615839317,1.3554643612378035,-0.26272963222031276,0.5470601404971984,-0.3899431669002449,0.6360425989942933,1.539031616394651,-0.2721315091475836,0.13125669728225875,1.406523334941091,0.4472135954999579,-0.48600433506416235,-0.26292391534266635,-0.2598028864053997,-0.1832279127554079,1.175573494195681,1.2382232597520697,0.9440280757051995,1.0355149640618153,1.118535346694166,1.101982706245152,0.8567529946202935,0.5097027130190326,0.8393705933319778,0.23366954298997153,0.702719986041243,-0.032289452616032846,0.23040780653682147,-0.8163500864562724,-0.017148642382772285,-0.23817360888405645,-0.23823731498546621,-0.09871924722614407,-0.2593692065049765,-0.26980861383833415,0.016657481222441678,-0.012148860733831467,False,True,False,True,True,False,False,False,False,False,True,False,True,False,False,True
0.5833416471372069,-0.23110403608735813,-0.7504929680956445,0.4955468160341127,-1.2648004176930394,-0.1388438206052602,-0.735194728020331,-0.12332627728099711,0.2135650958799146,-0.1253100502720179,1.0631709919709922,-0.9949448290000005,-0.14113879603206125,0.5699818178142964,-0.11647203211557765,0.4472135954999579,1.0037541572959314,-0.15734011548144794,-0.15221890596967685,-0.15536255788866674,-0.13312354742064478,-0.13946753652085095,-0.08967362674698902,-0.16603766443348023,-0.16299499010236637,-0.030797550660898267,1.2670774316766784,0.8446737624712827,1.1924395674371497,-1.8291644865625971,-0.6188929826302326,-0.16644690978336224,0.23040780653682147,0.2988364197359341,0.343458117367102,-0.11250206695748804,-0.11260883524977926,-0.12039974299368901,-0.15742617618065216,-0.13957658770297912,-0.4084061971480302,2.447948586779516,False,False,False,False,False,True,False,False,False,False,True,True,False,False,False,False
0.5458948217452512,9.722279736586978,0.6825302247400229,0.900966119278816,0.11145073414052373,13.403004998992632,0.1483261917524667,10.699752754674224,-0.35337647996946653,1.0424645186179329,0.5175882685725114,0.5462536935341678,11.149963089251072,0.42924698540344436,-1.6986177668963225,0.4472135954999579,1.3713737331947773,12.046890198477055,12.386166641360706,10.751390658361702,-0.8313694663349568,-0.5513194682235715,-0.6755629120072175,-0.9806573771214228,-1.0146475096337715,-0.8863414165399837,-1.2951707197198554,-0.9943829796195048,-1.339917212351669,0.19069383404095966,-0.795108045119763,-0.4477829890783795,0.23040780653682147,0.9846912043796977,-0.06310798201961167,13.396672797119361,13.39669382693468,-0.11664182845824672,12.328025046187967,11.846288448504366,0.06613961384932605,0.6966245280729116,False,False,False,False,False,False,False,False,False,False,False,False,False,True,False,False
0.058958378178499526,-0.2024199329960776,-0.40574060617209273,0.7996112934676401,-0.07381384399091774,-0.09828003672517724,-0.2778471584395643,-0.0964328339593709,0.2469146003416428,-0.0018337022155514378,0.01244418181516013,-0.9561169997877317,-0.12164212762143511,0.6611348632649798,0.025187983665726,0.4472135954999579,-0.2702598886372389,-0.13245250551416074,-0.14947656921347216,-0.15346264732957077,0.15178642563123085,0.11011996453612796,0.09207362556586808,0.12752225045199161,0.150104850613111,0.09921336086498281,0.7017415406212143,0.5294068923985763,0.7297974634372696,0.23366954298997153,0.5265049235517126,-0.214585762061051,0.23040780653682147,0.41694937213728456,1.0615817861428902,-0.0819611996255798,-0.08217365964848025,-0.1209960464594491,-0.1452722539728677,-0.11828837943900569,-0.46730911829486343,0.2830779175197012,False,False,False,False,False,False,False,False,False,False,True,False,False,False,False,False
-1.1853212059130498,,,0.1914823386005853,-1.7676614154783798,-0.2405100131148352,1.8962885366841007,-0.26255942055372017,-1.0537160736657611,,1.4799826377971608,0.3757320402096285,-0.2686765865929472,-3.2675496939288746,0.0630338972301821,0.4472135954999579,1.1673533329047496,-0.2633010003421707,-0.2585371925179206,-0.16739532476294133,-1.0289657083652934,-0.009185906873302499,0.9440280757051995,-1.087270485644616,-1.1455468814108454,-0.8993024560088057,0.38260031179958304,0.41118181612131166,0.27933015164791297,-0.6258446359902652,-1.2356457013435889,,,-0.9172092349176374,-0.017148642382772285,-0.2305383920510794,-0.23060233617075226,-0.14598438079109824,-0.25754879524918506,-0.26697473067044586,-0.16772856909945627,-0.012148860733831467,False,True,False,True,True,False,True,False,False,False,False,False,False,False,False,True
-0.17526692863272295,-0.2633736520650487,0.4533151155909854,-0.011227313021766296,0.4158139696421772,-0.24747847508338472,0.6490569929198907,-0.25626158888979506,1.0806522118848507,-1.2355085882365486,-0.7670350134778248,0.9735529259369294,-0.2679262507588048,-0.8610152243817628,-0.23998092518118022,0.4472135954999579,-0.35208442297559106,-0.26166696534431855,-0.25790434557418107,-0.18956094795239453,0.25367528221564184,-0.3267082401961229,0.40417007060007376,0.14780468509367573,0.6451363353631179,0.2650816383935012,0.7199781822681653,0.5294068923985763,0.7176226712267461,1.3080622667152677,0.9670425797755384,1.4465992222755863,0.23040780653682147,-2.3236206478198778,-0.017148642382772285,-0.23920539494256687,-0.23926906887934649,-0.06971882066749648,-0.2584054593695575,-0.2684841873406533,-0.060077704029873155,-2.913817478311366,False,True,False,False,False,False,False,True,False,False,True,True,False,False,False,True
-0.7589308733308366,0.07725007214390738,0.06255279005304124,1.1036757709011675,-1.6617959422604134,0.2093592211284718,-0.6156351868879001,0.1619484759281519,-0.9870170647423047,-0.08097832598977939,1.6927184823245187,-1.075212969388786,0.3005219042833975,0.416826590679822,-0.7399536947666403,0.4472135954999579,1.4175938632058578,0.3001896839171653,0.2601863523672608,-0.0014698026018917293,0.10374502407909239,-0.00408228941694116,-0.13918513944777283,0.05337386100978679,0.10652995936186584,0.08974044978290723,-1.6507852318353886,-1.6446208991444613,-1.668636602035794,-0.7977474717863128,-1.323753232588354,-0.18459762457658915,0.23040780653682147,-0.3005929335486559,-2.845790241290648,0.42464575510303343,0.4261037768761985,-0.12090371550647071,0.2598227919482659,0.25710862523349376,-0.037902989023735886,0.5526080070037563,False,False,False,False,False,False,True,False,False,False,False,True,False,False,False,False
-2.410965571690247,-0.25978813917863863,2.387401135373652,-0.720711093699997,-1.0530694712571067,-0.24102347873357044,1.723017798578767,-0.26579344221897905,-0.9536675602805765,0.37965412975708945,0.8046498754179232,-1.4898260095420959,-0.2726960705147518,0.3494101589958535,-0.889630005603299,0.4472135954999579,0.6899963558907438,-0.2648093403401881,-0.2591700394616602,-0.18956094795239453,0.7228556222411908,0.7258944948880727,0.41381039211980364,0.5995858092113832,0.6535898891368825,0.6910045032822817,0.38260031179958304,0.41118181612131166,0.27933015164791297,0.2766452519389834,-0.7070005138749978,-0.327041277627783,0.23040780653682147,2.3693984532723484,-0.017148642382772285,-0.23982446657767312,-0.23988812121567463,-0.09915623995510998,-0.26038649514791884,-0.2671013302621123,-0.6501170283080584,-0.012148860733831467,False,True,False,True,True,False,False,False,False,False,True,False,False,True,False,True
-0.34818558209399053,-0.1844923685640273,-0.3995704168713216,1.407740248334695,0.01881844507480323,-0.07752135528202449,-0.06842318031795432,-0.038731078984489326,0.6804581583441112,-0.32101186103977186,-0.1786792070026928,0.46257455539928904,-0.07964744746361323,0.6677984007681834,0.152686393563839,0.4472135954999579,0.44961155411650816,-0.11309547553960402,-0.09737217084558285,-0.1578957719674614,-0.1118429541748889,-0.1626757066729098,-0.21582310713784375,-0.013439564797027544,-0.10194647939369245,0.045640293942158947,1.8141766810851914,1.869291090207579,1.789004385752785,0.19069383404095966,0.1740747985726529,-0.07253668976623166,0.23040780653682147,-0.8764186289710157,3.2755344048782336,-0.04646775921282155,-0.047071648336516995,-0.12529844025215844,-0.11095214765044545,-0.10514149876100336,-0.19278092520070275,1.0145460024758406,False,False,False,False,False,False,False,False,False,False,True,False,False,False,False,False
0.27558351144976767,1.1672459896125669,0.201010132643038,0.6982564676564643,1.3289036761471371,2.8190849044658886,0.23501261675332957,2.344062041644912,1.0139532029613942,0.777740555625349,-0.6310346824277686,1.8393533279824898,1.8297473494076673,0.6269464160783483,-1.5752311404279484,0.4472135954999579,-0.2526041184395272,2.1177393815281396,2.459329481862184,2.355052594196832,0.39986332958469034,0.6213117759881537,0.5989638836929813,0.37217430534488566,0.38034437770024127,0.37711793955519396,-1.1401592657207775,-0.5214826745104443,-1.291218043509575,1.3080622667152677,0.9670425797755384,-0.40714117117180615,0.23040780653682147,3.009111490285405,-2.0688420741879083,2.725528665581256,2.730329445147981,-0.12483166064146188,2.3496013720893925,2.4316805965601156,-0.0768538041993639,3.3128041449735273,False,False,False,False,False,False,False,True,False,False,True,False,False,True,False,False
-0.24436008610549123,-0.2418605747465883,-0.6111997946621284,-0.011227313021766296,-0.2723116062746047,-0.172879255904281,-0.12263035831212941,-0.18119824392247125,0.11351658249473001,-0.4920966498097734,0.11538573914928343,0.2044518244506282,-0.19252594372144702,0.3571030057267488,0.6604998479847531,0.4472135954999579,0.7548236823454141,-0.1880096954411352,-0.18913497768781706,-0.16739532476294133,-0.6106042915156575,-0.39191371936063224,-0.6080636889720392,-0.7399055938744719,-0.6567109457972659,-0.6241257461988866,0.44642855756390876,0.3914776367417679,0.595874749121516,0.8353294682761374,0.4383973923069484,0.03518385672400635,0.23040780653682147,-0.22432215545567166,-0.017148642382772285,-0.15707522468513793,-0.15714145892647755,-0.11350805452242468,-0.19024712029242258,-0.19533883862962842,-0.13387101988063457,0.44905746941430696,False,True,False,False,False,False,False,True,False,False,True,False,False,False,False,False
1.002958342517823,-0.223933010314538,0.7447066901595568,-0.41664661626646954,-0.39141026364481674,-0.197452253372324,-0.052361602807053494,-0.2174533289066889,-0.18662895766082496,-0.3251048932264343,0.0328517619450412,0.08114841058248969,-0.2265081952452274,0.376452380731975,-0.48424019457054973,0.4472135954999579,0.20187031289640706,-0.20937784541304844,-0.21086272275620815,-0.17372835995992797,0.3443537948694133,0.21916495149801019,0.21389224912859114,0.4352190786940091,0.4071433897759207,0.3473997762149724,-0.5109951289009877,-0.40982565802636034,-0.4268077965624307,0.9642565951231731,0.7908275172860081,-0.07016920522798467,0.23040780653682147,0.8588003182705484,-0.017148642382772285,-0.187203377593642,-0.1872686726277812,-0.10378836288214875,-0.2109141421964085,-0.2202692197635267,-0.04289462615554371,-0.02163750030946339,False,True,False,False,False,False,False,True,False,False,True,True,False,False,True,False
-0.7391377113413479,-0.17015031701838704,0.2297840301514099,1.3063854225235192,-1.0133699188003693,-0.13326905103042058,-0.3237535210466804,-0.14017723227366163,-0.48677449781637994,-0.13083033350672607,2.290487379265463,-0.676650074309841,-0.12853990945363164,0.7059027188782985,-0.7043282106404608,0.4472135954999579,1.517162452050404,-0.12692192552143025,-0.1351320384887091,-0.1547292543689681,-2.560907895268893,-1.6466252123746528,-1.223583611459314,-2.629652475617267,-2.718865730004482,-2.3851050764700763,-0.5930600163122645,-0.863021783755877,-0.47550696540452303,-1.7861887776135852,-1.9405059513017093,-0.16407942524511526,0.23040780653682147,-1.0995032679543184,1.6382169567522427,-0.10858127993514846,-0.10883399586986552,-0.10420134341315179,-0.13574186563372392,-0.15074656706339135,0.0619146653846744,2.7428901470393168,False,False,False,False,False,True,False,False,False,False,False,True,False,False,False,False
-0.6043804851779853,-0.2346895489737682,-0.4202825669551997,1.0023209450899917,-0.4708093685582917,-0.1585755708109425,0.22503156300583885,-0.1779642222572124,0.1802155914181864,0.8332138446273487,-0.10533240609308335,-0.035773312542406746,-0.1921302682333462,0.5703333404868552,0.1374475777406638,0.4472135954999579,0.8837777067175779,-0.21314869540809195,-0.2117065186811942,-0.16739532476294133,0.8322028283340274,0.8496398173269967,0.8770028154776985,0.8701964583848977,0.8834387722182425,0.7902701188963305,0.7655697863855414,0.7658570449531075,0.7906714244898855,0.14771812509194776,-1.0594306388540584,-0.4162165285684196,0.23040780653682147,0.24972343313750808,-0.017148642382772285,-0.1512972227574796,-0.15136363712074807,-0.13991081021402993,-0.21241330440706033,-0.19029433182321165,-0.7335742413137087,0.9688436316590833,False,True,False,False,False,False,False,False,False,False,False,False,False,False,False,False
0.9240672579145542,-0.25978813917863863,-0.878282715691733,0.0901275127894095,0.6937108368393388,-0.2151301411030654,-0.21801331428720047,-0.20400660724587577,0.9806036984996656,-0.09198505283923461,-0.6810370189821635,0.6783963311372084,-0.2267156836109388,-0.9309936049186144,0.5731547025924799,0.4472135954999579,-0.8877258620443206,-0.22974043538628341,-0.2252072534809712,-0.1578957719674614,-1.0131057141022668,-0.6194292401864335,-0.5512620823197926,-0.5451202448922535,-0.7546262089322863,-0.7193307687557572,1.5132720939105098,1.5737283995144165,1.5698581259633686,1.007232304072185,0.7908275172860081,-0.18025723625646967,0.23040780653682147,-1.507126341851729,-0.017148642382772285,-0.19298137952130032,-0.19304649443351068,-0.1257447819895074,-0.22553097375026385,-0.23482817280883492,-0.056551841972302494,-0.27403786015817877,False,True,False,False,False,False,False,True,False,False,True,False,False,False,True,False
1.368560223159852,-0.23827506186017824,-0.5095754791902743,-0.1125821388329421,-0.6163743942329952,-0.186156009760149,-0.4707354391917343,-0.17830464559039755,0.1802155914181864,1.2328727716047172,0.2569586197551004,-0.5815389687250779,-0.193650241144953,-2.281118364650887,-1.1060700004502508,0.4472135954999579,0.4853681177687387,-0.20560699541800492,-0.17795468168175174,-0.1768948775584213,-0.4426520906629044,-0.47099270473035565,-0.0035950183623045954,0.20446704332568405,0.06597797043683554,0.26953323981823674,0.32789038685873145,0.34550121818949775,0.25498056722686596,1.0502080130211968,0.7908275172860081,-0.47224699597359837,0.23040780653682147,-0.7734054686529075,-0.017148642382772285,-0.16780579969364623,-0.16787169942283228,-0.12134832189285963,-0.19287065416106328,-0.20170777193524,-0.04819300386813054,0.16861037511365423,False,True,False,False,False,False,False,True,False,False,True,False,False,True,True,False
2.315344928172091,,,-1.227485222755876,1.4083027810606121,-0.24241717112728034,2.269606123935529,-0.2608573038877945,0.7805066717292963,,-1.0818840633783144,1.9285323650539623,-0.26997218255093586,-0.8100718633703629,1.406523334941091,0.4472135954999579,-1.8731971919205623,-0.26229544034349245,-0.2528415700242647,-0.17056184236143465,-1.3596465887494407,0.28187623200594425,0.9440280757051995,-0.5919538807131108,-0.6172610281863377,-0.4323359181495445,-0.30127374996105827,-0.36384923947409203,-0.14678757572039824,1.3080622667152677,0.8789350485307733,,,-1.3788725059012157,-0.017148642382772285,-0.24085625263618352,-0.24091987510955493,-0.04103620700264227,-0.2544969293203581,-0.2686789559432147,0.7873674770519609,-0.012148860733831467,False,True,False,True,True,False,False,True,False,False,True,False,True,False,False,True
0.45745127341771885,-0.16656480413197697,-0.39165751091247486,0.39419199022293694,-0.6428407625374868,-0.04363262444549948,-0.476294679316434,-0.014050387328566527,0.4136621226502844,0.29424397019470505,-0.09584401090354455,-0.2005988016180279,-0.04100877098840252,0.5512670851786926,0.04332559173247676,0.4472135954999579,0.8964232502739202,-0.014047815669794345,-0.010461190572018499,-0.13699675581740553,0.24946570133901538,0.11156785720186006,0.07631109946317913,0.2775157760844465,0.28630420805281276,0.24024210898236578,-0.7024798661939676,-1.0994719363104064,-0.7068280174044631,0.6634266324800899,-0.09024779516164261,-0.3057339167835601,0.23040780653682147,0.026461534039167504,1.7497487495271018,0.058361704331836496,0.05785149750128942,-0.12115068593289183,-0.022876367774650484,-0.048152205633940175,0.11731528788104913,0.6054365663453586,False,False,False,False,False,False,False,True,False,False,True,False,False,False,False,False
0.7770315639779483,-0.2526171134058185,-0.45791776729900185,0.1914823386005853,-0.9339708138868945,-0.19994622923475225,0.158989887379101,-0.21507036557439288,0.4136621226502844,-0.3030969059276713,0.5650302445202053,-0.665170932637538,-0.23192219399704586,0.13577787815646059,-1.0274948182811918,0.4472135954999579,0.9435118990401833,-0.2292376553869443,-0.21951163098731527,-0.17056184236143465,-0.520524448619721,-0.1760927671964243,-0.8333213425106232,-0.4257686817748348,-0.531693601255618,-0.518776404030947,0.38260031179958304,0.41118181612131166,0.27933015164791297,-0.06716041965311119,-0.17835532640640778,-0.08200662791921963,0.23040780653682147,0.46479878112063666,-0.017148642382772285,-0.2016483824127878,-0.2017132271421049,-0.1121704931810114,-0.22349639646437922,-0.2280989175883132,-0.2340632729433262,1.8671598208602833,False,True,False,False,False,False,False,False,False,False,True,False,False,True,True,False
2.315987240955686,-0.2741301907242789,-1.5295774418766945,0.6982564676564643,-1.9926255460665585,-0.25576727721439624,-0.17303711272714134,-0.2700487338837933,-0.28667747104601016,-1.6878977125609278,1.4114553392060472,-1.87368332092431,-0.27803527694869756,0.015284539930283884,1.406523334941091,0.4472135954999579,-1.0569743929535407,-0.2692086653344056,-0.26644777931466496,-0.18956094795239453,-1.493079224693924,-1.7818199857619943,-2.1814656380613204,-1.5341726855828164,-1.622195771538221,-1.3206256480622744,0.32789038685873145,0.34550121818949775,0.25498056722686596,-2.0440430313076563,-0.0021402639168774332,-0.20669414693356106,-4.340130723132376,-0.6561003604385316,-0.017148642382772285,-0.2423007531180981,-0.24236433056098727,-0.13513530797330428,-0.26595481193033993,-0.27483364378559355,-0.8637066953755429,-0.012148860733831467,False,True,False,True,True,True,False,False,False,False,True,False,True,False,False,True
-0.606490953772917,-0.25978813917863863,0.1446186637865462,-0.1125821388329421,-0.5369752893195208,-0.232661324371311,1.083599836658984,-0.25030418055905507,0.2469146003416428,-0.2507027620373501,0.0749471025081538,0.33336097675044823,-0.259959662577653,-1.8930244919916708,-0.06397740417651147,0.4472135954999579,-0.14660216462800613,-0.253245400355388,-0.2506266057211763,-0.1863944303539012,-0.02028503549541696,0.42623050034498744,0.9440280757051995,-0.11599601101478993,-0.10962246572129167,0.01637990596587943,0.8567529946202935,0.5097027130190326,0.8393705933319778,-0.11013612860212307,0.8789350485307733,-0.10923270010906,0.23040780653682147,-0.7147815174780952,-0.017148642382772285,-0.22620489060533566,-0.2262689698164552,-0.11420517705887394,-0.25085610680877507,-0.2590671254038858,-0.22711298415486253,-0.012148860733831467,False,True,False,True,True,False,False,False,False,False,True,True,False,False,False,True
-0.7737912516012377,-0.26695916495145877,-1.0228380706908682,0.0901275127894095,-0.6560739466897327,-0.21204934739065404,0.6631243919648806,-0.2366872472316494,-0.053230939813911575,0.2397666072386336,0.08044434734018818,-0.4764428597524246,-0.24597108648004004,0.37992727354498185,0.2063829943025318,0.4472135954999579,0.160781323976348,-0.22571819539157034,-0.22541820246221772,-0.1832279127554079,0.6474026435821073,0.9991365028155439,0.6965931566986878,0.9337981612633878,0.7930735264040717,0.9101928781958174,-0.5930600163122645,-0.7316605878922492,-0.47550696540452303,0.018790998244912583,0.4383973923069484,-0.2911344287977037,0.23040780653682147,0.6562323136993287,-0.017148642382772285,-0.2028865256830003,-0.20295133181476124,-0.10324808096269998,-0.22606638882549662,-0.24144056686811508,0.25938437129842357,-0.6214818342311312,False,True,False,False,False,False,False,False,False,False,True,False,False,False,True,False
0.12980349086018553,-0.23110403608735813,-0.26647323691226915,-0.2139369646441179,0.32318168057645624,-0.18454226067269544,-0.5793415334827792,-0.16604940559573245,0.9806036984996656,0.07812749761881159,-0.2921634256585259,0.13474566228383653,-0.19646098470371792,0.4587249150294519,0.7208292817923677,0.4472135954999579,-0.16059473640589034,-0.21717093540280505,-0.19588534508770555,-0.18006139515691458,-1.2139442851319064,-0.9382906654632407,-0.9671933676554734,-0.8725519573984435,-0.8566812178250388,-0.7497811507829343,2.087726305789448,2.2896469169711886,2.2151221131210965,0.620450923531078,0.35028986106218324,-0.2422064150072659,0.23040780653682147,-0.1291177105002483,-0.017148642382772285,-0.1632659410362004,-0.16333198228975912,-0.1365708817595664,-0.20716623666977893,-0.19809481435563478,-0.4847532605555032,1.7998531661585313,False,True,False,False,False,False,False,True,False,False,True,False,False,False,True,False
0.9554585556767593,-0.27054467783786884,0.11498500112862144,-1.6329045260005792,4.9283297655579945,-0.2581145486143287,1.6347457651683261,-0.2702189455503859,-1.654007153976871,-0.5153535793898645,0.05160263815293929,-1.0960311248035668,-0.27645257499629433,-0.0008670427387050455,1.406523334941091,0.4472135954999579,-1.3708800011153737,-0.2679517153360577,-0.26644777931466496,-0.1863944303539012,1.175573494195681,-1.9496001660683264,0.9440280757051995,-1.6769331105630696,1.118535346694166,-1.4552150010793496,-0.30127374996105827,-0.36384923947409203,-0.14678757572039824,-1.3564316881234668,0.08596726732788773,0.05215082924810977,0.23040780653682147,-6.341088713726658,-0.017148642382772285,-0.24312618196490643,-0.2431897336760915,-0.08373663937588385,-0.2651516893174907,-0.2767910682418886,1.8778835591208023,-0.012148860733831467,False,True,False,True,True,True,False,False,False,False,True,False,True,False,False,True
1.7205221559430064,0.20632853605466966,0.4624505410252076,0.39419199022293694,0.4555135220989142,0.27119515207044276,-0.5860234286723763,0.4431381491390792,0.5470601404971984,1.7984150774593193,-0.4687530027971646,0.4014499189389737,0.3216615910318081,-0.13313452802895218,-1.4726560511960245,0.4472135954999579,0.3928143311114599,0.29113964392906083,0.39287326157131897,0.2030872342607763,-0.036992435973160646,-0.17011660489608135,0.09381117339206778,0.09068172976044128,0.037076308851682546,0.04466433386491206,0.29141710356483086,0.6082236099167534,0.31585452827948185,0.7923537593271256,0.6146124547964777,-0.5290666248915261,0.23040780653682147,0.23806613267504725,3.288951732761784,0.4273283988551605,0.4254339983640954,-0.1219365189896608,0.34061692680089484,0.3123060472131919,0.04963927788638077,0.893973800672346,False,False,False,False,False,False,False,True,False,False,True,False,False,True,False,False
0.3179935965419903,-0.27054467783786884,-0.8103975443096396,-0.5180014420776453,1.0642399931022213,-0.24865211078335095,-1.282035879942405,-0.2574530705559431,1.180700725270036,,-1.010043356943235,1.7827282625693746,-0.2693014643454967,-0.20160367712232455,-1.1899428032057597,0.4472135954999579,-2.014822442363376,-0.2636780853416751,-0.2577988710835578,-0.18956094795239453,-0.42899617855439365,-0.9407952844795935,-0.18352345394475236,-2.3636288256579756,0.7889537565269819,-2.685259467893661,-0.4836401664305626,0.30609285943041015,-0.7190028096149866,1.3510379756642796,1.0551501110203036,,,2.399065018241066,-0.017148642382772285,-0.2352846079202273,-0.2353484040826015,-0.12917427895253836,-0.2592085819824067,-0.2629430205959338,-0.8590348844775656,-0.012148860733831467,False,True,False,True,True,False,False,True,False,False,True,False,False,True,False,True
1.7629334865473658,-0.2418605747465883,-0.6981557462971352,0.1914823386005853,1.3818364127561202,-0.16128960336711443,-0.5845336007599321,-0.161453690597733,0.3803126181885568,0.30692289487976965,-0.47138866812759206,1.2256581739152586,-0.18421193316049939,0.4574372215043391,-0.47676485301668337,0.4472135954999579,-1.1164389243160415,-0.16840127546690892,-0.16171161012577004,-0.17056184236143465,0.5646770886667424,0.31644299204496484,0.34779935520757005,0.44727321293835215,0.49113906661688006,0.40876646028368674,-1.8878615732457447,-1.4278749259694758,-1.9364820306673045,1.0502080130211968,0.9670425797755384,-0.30889056283455607,0.23040780653682147,1.3002360561682123,-1.341561353219483,-0.1333441453393984,-0.1332897947246146,-0.11556891832848064,-0.16824156070035465,-0.1712557009149388,-0.14405301338859083,-0.012148860733831467,False,False,False,True,True,False,False,True,False,False,True,True,False,False,False,False
-1.022374468589134,0.001954301529296028,0.10825983510669511,1.0023209450899917,-1.4235986275199892,0.20759876757852244,-0.15160001612870658,0.09352338595793835,-0.6868715245867497,0.05157458905452292,0.9299569356988165,-0.6630646865570666,0.1514439261751696,0.32191271307509317,-0.5462641282087731,0.4472135954999579,1.493449132176563,0.1443278841220333,0.13931258611300745,-0.09013229535970449,-0.22441655912112277,-0.28144162656124755,-0.3610005729993422,-0.2942163422437728,-0.26058160780329725,-0.21215946641447464,1.3400239982644795,0.9234904799894598,1.289837905121336,-0.711796053888289,-1.323753232588354,-0.23352563836702694,0.23040780653682147,0.8074467553071273,0.4541141234822955,0.24944848236796516,0.24917973499985893,-0.12178382896746857,0.12457694394446159,0.17290041989303367,-0.2648058954964997,0.3272270800043551,False,False,False,False,False,False,True,False,False,False,False,True,False,False,False,False
-0.5853206982033807,-0.2526171134058185,-0.4122937443694023,-0.6193562678888211,-0.16644613305663825,-0.2221719553028628,-0.0018460990500382376,-0.22238946723787345,0.08016707803300122,-0.6401301497671386,-0.6034731535438702,0.07666091527118248,-0.23385714364007545,-4.15940694023561,0.93974610388243,0.4472135954999579,0.49367857701431284,-0.23351128538132693,-0.23132477393712014,-0.1832279127554079,-0.03809569444826297,0.32257185020791634,-0.0035950183623045954,-0.13314617447337754,-0.1279141778210962,0.00021135362129463928,0.7199781822681653,0.5294068923985763,0.7176226712267461,-0.19608754650014684,0.7908275172860081,0.1563201489309773,0.23040780653682147,-2.1979964976561,-0.017148642382772285,-0.2113471713627857,-0.21141171374457937,-0.10034236307658892,-0.23238428671324363,-0.24408941986335375,0.06930109349646651,-0.45468602678131415,False,True,False,False,False,False,False,False,False,False,True,False,True,False,True,False
0.09625360006221717,-0.25978813917863863,-0.5707324927621871,0.5969016418452885,0.05851799753154025,-0.22400576108406003,0.01201142008949503,-0.23924042223053796,-0.6201725156632933,-0.6842807019302015,0.07329039858617083,0.41445086906653483,-0.24426292644604386,-2.657029449768301,-0.5300360837677213,0.4472135954999579,-0.5837129008789942,-0.24281271536910096,-0.24282149341505524,-0.18956094795239453,0.5790511217380017,0.7319218921217667,0.4200482472208082,0.1739138109456752,0.6590598356963799,0.2896963756832513,-0.5930600163122645,-0.7316605878922492,-0.47550696540452303,0.7064023414291017,0.7908275172860081,0.1997240321321721,0.23040780653682147,-0.6112957291860481,-0.017148642382772285,-0.217125173290444,-0.21718953555030887,-0.10864522492694144,-0.2427177976652366,-0.24492692485479986,-0.4886501014219952,-0.872246914217467,False,True,False,False,False,False,False,True,False,False,True,True,False,False,True,False
0.11012345506054985,-0.14863723969992665,-0.5682339755963921,1.3063854225235192,-1.291266785997531,0.05906049930154598,-0.7780041226909007,-0.0017951473339014152,-0.6868715245867497,-0.34272856730210177,1.605440307525507,-0.5740754506181316,0.06367876013466134,0.5639500281840547,-0.20228140330855116,0.4472135954999579,1.1718562485180517,0.16167379409923346,0.1496490861940867,-0.08506586720211519,-0.23036250886870446,-0.22452577195264037,0.04104554480485925,-0.09992841601370978,-0.1274186701587912,-0.31842854263545345,0.3370087076822069,0.19443584294632615,0.46195203480576064,-0.45394180019421815,-0.9713231076092933,-0.06030468631862222,0.23040780653682147,1.653253325757104,-1.0817455021232707,0.3251815790626295,0.32559471772408716,-0.12848589497095209,0.13764107178014182,0.11368102626742409,0.058135961061271196,-0.23512500243152298,False,False,False,False,False,False,True,False,False,False,False,True,False,False,False,False
-0.5402867114624287,-0.12712416238146626,1.7031006271947422,1.1036757709011675,-1.833827336239609,-0.1472793271987675,-0.22920137595116055,-0.18868755725254438,-1.1871140915126746,1.6381324159903938,3.6284264057141598,-2.664683676721067,-0.16473939130402573,0.6056387366697898,0.09135178748998801,0.4472135954999579,2.007866461856209,-0.19278610543485697,-0.21360505951241285,-0.1547292543689681,-0.22625408107985728,-0.2469274186301358,-0.4183194783542028,-0.2856068040496018,-0.259891186299178,-0.1705992116351597,-1.741968440070141,-2.2685865794966933,-1.607762640983178,-1.9151159044606207,-3.6145490449522466,-0.5148617176620441,0.23040780653682147,-0.28602445444354946,-0.017148642382772285,-0.15459893814471293,-0.1546652495811649,-0.11986653870147464,-0.20363249717324247,-0.17035976534350267,-0.8025066538943935,1.4129283270732493,False,True,False,False,False,True,False,False,False,True,False,False,False,False,False,False
,-0.2741301907242789,-1.5295774418766945,-0.011227313021766296,-1.1457017603228272,-0.2578211396893372,1.4749522222401812,-0.2726019088826819,-0.32002697550773834,-1.6878977125609278,-0.6817147614957021,-0.5380051922228408,-0.28089427361576746,-0.34888884756305477,1.406523334941091,0.4472135954999579,-2.8502392806331844,-0.27109409033192733,-0.26750252422089754,-0.18956094795239453,1.175573494195681,1.2382232597520697,0.9440280757051995,1.0355149640618153,1.118535346694166,1.101982706245152,-1.8878615732457447,-1.4278749259694758,-1.9364820306673045,0.23366954298997153,0.9670425797755384,-0.6742723432373414,-4.340130723132376,-2.169345411073864,-0.017148642382772285,-0.20195791823034093,-0.20202275331026898,-0.1893210418288446,-0.26729334961842194,-0.27750197364141516,-0.3615617326045534,-0.012148860733831467,False,True,True,True,True,False,False,False,False,False,True,False,True,False,False,True
,-0.2741301907242789,-1.5295774418766945,-1.5315497001894034,-1.3441995226065142,-0.25789449192058506,-0.484829741591499,-0.2719210622163116,1.3474482475786775,-1.6878977125609278,-0.1175317713367761,-1.5944237303854598,-0.2799123228617612,-0.05074615382099459,1.406523334941091,0.4472135954999579,0.46400260269026294,-0.2673232403368838,-0.26539303440843237,-0.18956094795239453,-3.433917565704543,-1.36999590682826,-1.7552619498204327,-1.1837607333585498,-1.2484597099610786,-0.9902699633839902,0.7199781822681653,0.5294068923985763,0.7176226712267461,-1.0126260165313719,0.26218232981741807,-0.5136779753929207,-4.340130723132376,0.11997314755564538,-0.017148642382772285,-0.20195791823034093,-0.20202275331026898,-0.18232097094798533,-0.264616274242258,-0.27632362359558915,1.468601413550068,-0.012148860733831467,False,True,True,True,True,False,True,False,False,False,True,False,True,False,False,True
0.1386501537609665,-0.10561108506300589,1.8120110689861872,1.2050305967123434,-0.7884057882121908,-0.13568967466160095,0.653212355587474,-0.14307083060573536,-0.053230939813911575,0.8723639421792573,0.18014780155407206,-0.09411008795576362,-0.15425399086935412,0.9310747809410289,-0.44479607461303516,0.4472135954999579,1.2407564860280016,-0.1854957954444395,-0.16740723261942597,-0.1610622895659547,-0.09457684796119797,-0.48665113898842144,-0.18653628368330097,-0.08968894665432382,-0.02938610362760938,-0.28167136385026686,-1.741968440070141,-2.2685865794966933,-1.607762640983178,0.10474241614293588,-2.4691511387703002,-0.42252982067041156,0.23040780653682147,-1.7885654901784251,0.03797913772431744,-0.14263021986599211,-0.1427015382546523,-0.12227192941163473,-0.17761132451692857,-0.181792682318511,-0.13497389137583438,1.874375052661873,False,False,False,False,False,False,False,False,False,False,False,True,False,False,False,False
-0.3647579958700925,-0.25978813917863863,1.919567352619071,-0.8220659195111727,1.3553700444516292,-0.25011915540830876,0.4270867591017533,-0.26000624555483165,1.2473997341934924,1.8649427290834881,-0.5375815202831842,0.4815459477659793,-0.2712026368127128,0.6384275860292641,-0.3442148948263022,0.4472135954999579,0.0971492416715949,-0.26543781533936206,-0.259908360896023,-0.1863944303539012,0.07330389291519379,-0.009185906873302499,0.2985456782968976,-0.025877760791400466,0.5525147896679132,0.10134012511817311,0.32789038685873145,0.34550121818949775,0.25498056722686596,-0.3679903822961944,-0.5307854513854685,-0.5345907554807691,0.23040780653682147,-2.0202127467116253,-0.017148642382772285,-0.23672910840214187,-0.23679285953403387,-0.13513530797330428,-0.2607612857005818,-0.2704123965063422,-0.1807592989785047,-0.012148860733831467,False,True,False,True,True,False,True,False,False,False,True,True,False,False,False,True
,-0.2741301907242789,-1.5295774418766945,,-0.15321294890439224,-0.2581879008455766,1.9207471534808256,-0.2732827555490522,0.6804581583441112,-1.6878977125609278,1.7453564842093412,-2.6789802409082455,-0.28112588853563136,-0.006837969731354211,1.406523334941091,0.4472135954999579,1.9920132631939989,-0.27109409033192733,-0.26697515176778125,-0.18956094795239453,-3.8948666716945626,-4.499858906724645,-4.994409980451181,-5.474360415037916,-4.088853777947363,-5.035291791333659,-0.5109951289009877,-0.40982565802636034,-0.4268077965624307,-2.0440430313076563,-1.7642908888121789,-0.7121520958492933,-4.340130723132376,1.197246183491952,-0.017148642382772285,-0.20195791823034093,-0.20202275331026898,-0.1893210418288446,-0.26702564208080554,-0.2774143277702428,0.15674443140719974,-0.012148860733831467,False,True,True,True,True,False,False,False,True,False,False,False,True,False,False,True
-0.5646699421379023,,,-1.6329045260005792,0.032051629227048746,-0.2525397790394891,-0.31417673912770083,-0.26272963222031276,0.9806036984996656,-0.2693431865404598,0.5666116437184618,-0.17289268862920193,-0.27295422464418345,-1.4812874653330996,-1.0937716275970741,0.4472135954999579,-1.8239479813244421,-0.2658149003388664,-0.26127952927412534,-0.18956094795239453,-0.4426520906629044,-0.5930795593362402,-0.951218112429812,-0.5226998873184354,-0.5433973526595103,-0.36704576391998517,-1.176632549014678,-0.6331396909945284,-1.1694701214043448,0.7923537593271256,0.8789350485307733,-0.09976276195607205,0.23040780653682147,-1.5874460425962913,-0.017148642382772285,-0.2387926805191627,-0.23885636732179436,-0.123590376257576,-0.26188565735857067,-0.27126937835788056,-0.2781013190695669,-0.012148860733831467,False,True,False,True,True,False,False,True,False,False,True,False,False,True,False,True
-0.0536341725777011,-0.22751852320094806,0.05505611663506101,-0.41664661626646954,0.9980740723409922,-0.19906600245977757,-0.807012704799042,-0.18221951392202668,0.813856176191024,-0.4008744053667102,-0.26046013696967,0.4529020040786917,-0.20861353003032648,-0.0020614649586356767,-1.143609249161575,0.4472135954999579,0.36536053817830794,-0.21214313540941368,-0.20516710026255222,-0.17056184236143465,0.6616775314365314,0.7535879416374792,0.7434051684026178,0.7880957140115706,0.8546473842967897,0.8687248072662261,-1.8878615732457447,-1.4278749259694758,-1.9364820306673045,1.3080622667152677,0.9670425797755384,-0.02558157975766638,0.23040780653682147,0.23313425952303504,-0.017148642382772285,-0.16904394296385872,-0.1691098040954886,-0.12718118116045538,-0.20893310641804716,-0.20657698699894633,-0.3571867479248961,0.3058192648496886,False,True,False,False,False,False,False,True,False,False,True,False,False,True,True,False
-0.41681675396143153,-0.27054467783786884,-0.5089071884889906,-2.34238830667881,0.28348212811971923,-0.2455713170709396,1.3594028135511051,-0.26460196055283103,0.01346806910954482,1.8459709366095303,-0.6762175166636677,0.2211104479183726,-0.2729228601237852,0.5531947624546272,1.406523334941091,0.4472135954999579,0.4345056974760314,-0.2641808653410142,-0.259908360896023,-0.18956094795239453,0.18136954009956097,0.11310910946252474,-0.22037154314898552,0.07818034948833204,0.09747865558799032,0.19944233895415658,0.7199781822681653,0.5294068923985763,0.7176226712267461,0.5344995056330547,0.4383973923069484,-0.5330124324552711,0.23040780653682147,0.9873337922830653,-0.017148642382772285,-0.23796725167235436,-0.23803096420669015,-0.113845918613426,-0.2604935781629654,-0.26872764809388494,-0.44477570415339146,-0.10473137624792378,False,True,False,False,False,False,False,False,False,False,True,False,True,False,False,True
0.4558630885376516,-0.1952489072232575,0.12055945059327336,1.1036757709011675,0.5878453636213722,-0.13862376391151654,-0.08927397879546116,-0.12077310228210855,1.0473027074231231,1.8068260451529996,-0.779008464550338,0.22032189119866125,-0.16140510152015178,0.9171112248730034,-0.25680742844944165,0.4472135954999579,-0.5850735028077555,-0.13220111551449115,-0.13281159969499745,-0.16422880716444802,0.48819324842107814,0.41457510188459423,0.23368859530372466,0.49042970504628586,0.4956419107322661,0.4412713368885783,0.7655697863855414,0.7658570449531075,0.7906714244898855,0.7064023414291017,0.5265049235517126,-0.5298557864042751,0.23040780653682147,0.05045880220653434,1.3370996136924935,-0.11910549773195468,-0.11931265103044204,-0.10047468873958693,-0.1376158183970387,-0.1628319588536696,0.24294758468102984,-0.27884137384741364,False,False,False,False,False,False,False,True,False,False,True,True,False,False,False,False
0.4521503450489165,-0.25620262629222856,-0.07928078558182886,-0.5180014420776453,0.27024894396747323,-0.21491008440932172,0.7419944452790795,-0.2395808455637231,0.1468660869564582,-0.04947285889182026,-0.520336738549816,0.7452285313052531,-0.2511438196903336,0.4158275055088035,0.07652796063352836,0.4472135954999579,-0.5363726140773112,-0.23677935537703132,-0.23079740148400385,-0.1768948775584213,0.5321166203517479,0.5100402437017324,0.7933062976301674,0.7876770689184293,0.7220336366960818,0.8683301238500241,-0.5109951289009877,-0.40982565802636034,-0.4268077965624307,0.9642565951231731,0.9670425797755384,-0.1968296280241986,0.23040780653682147,1.3580534526340116,-0.017148642382772285,-0.21155352857448778,-0.21161806452335544,-0.10755853727672422,-0.2329732432959997,-0.2443718343370056,0.05218551395390577,-1.0681512096227026,False,True,False,False,False,False,False,True,False,False,True,False,False,False,True,False
-1.7020368265108843,-0.2418605747465883,0.04115327661775907,-1.3288400485670517,-0.5899080259285038,-0.2136630964781076,-0.2804467026021825,-0.2203469272387626,0.04681757357127302,-0.7321687099655676,1.0556405195983423,-0.41574247733959396,-0.2292393211752891,0.5469324148681911,0.40908332654670826,0.4472135954999579,0.8208605548246343,-0.24268702036926615,-0.23881346277137144,-0.18956094795239453,-0.3157324369485117,-0.34396851409261375,-0.47508395977334583,-0.22098671756588772,-0.22160156038269632,-0.08260152582428536,0.5923216907395138,0.713312566607655,0.5593503724899455,-0.5828689270412534,-0.0021402639168774332,0.25101953046085684,0.23040780653682147,-0.7195245861105122,-0.017148642382772285,-0.20206109683619197,-0.202125928699657,-0.1364606474235953,-0.24062967887182868,-0.2322572272551914,-0.80825435374583,-0.39600399532820096,False,True,False,False,False,False,True,False,False,False,True,False,False,False,True,False
-0.6181013350192092,-0.223933010314538,1.0682341842871657,0.2928371644117611,-1.0530694712571067,-0.2053742943470961,0.28267605285186764,-0.22647454723609514,-0.35337647996946653,0.2435285317592165,0.22337271297308212,-1.5650181784440476,-0.23303442814347558,0.6870580607227781,0.8192494384267045,0.4472135954999579,0.40129894969016106,-0.2244612453932225,-0.2284769626902922,-0.17372835995992797,0.2943472621559291,0.16425066174841474,0.2295101277719521,0.3827868177617117,0.3527428283645234,0.42507743077689586,-0.5930600163122645,-0.7316605878922492,-0.47550696540452303,0.06176670719392399,0.26218232981741807,-0.2919235903104527,0.23040780653682147,-0.06943866480091042,-0.017148642382772285,-0.19566402327342738,-0.19572905455759937,-0.11372027631556442,-0.22628055485558976,-0.2320819355125242,-0.20244628566149184,-1.1660563350576056,False,True,False,False,False,False,False,False,False,False,True,False,True,False,True,False
-0.5450211462223461,-0.25978813917863863,-0.6618391766263749,1.1036757709011675,-0.9869035504958777,-0.2165238334967753,0.46380084734323845,-0.23702767056483454,-0.7535705335102068,-0.9397664486734435,0.4827974862108691,0.030786952273940172,-0.23983570375906216,0.15739587828835747,0.45476028979408617,0.4472135954999579,0.5224455944641133,-0.229991825385953,-0.22457440653723165,-0.17056184236143465,-0.3551254238089264,-0.277496557807814,-0.5125699380689938,-0.16205645001784047,-0.35525402820438845,-0.11389243006762785,0.37348199097610757,0.3914776367417679,0.31585452827948185,0.018790998244912583,-0.0021402639168774332,0.548928001523603,0.23040780653682147,-0.8059863994575965,-0.017148642382772285,-0.2006165963542774,-0.20068147324822466,-0.11530908028215946,-0.22638763787063632,-0.24190801151485153,0.2707616702581833,-0.5730894538157969,False,True,False,False,False,False,False,False,False,False,True,False,False,False,True,False
-0.6414428342569641,,,0.5969016418452885,-0.6031412100807497,-0.19495827750989575,2.0518433642275116,-0.22170862057150315,0.947254194037938,-0.9438722357937835,-0.16226277723031615,-0.619566045589578,-0.23960408883919826,0.3784135434203935,1.406523334941091,0.4472135954999579,-0.3192683039590664,-0.2376592203758748,-0.2346999576370644,-0.17056184236143465,0.6315348497868567,0.868818828433822,0.5617251965534967,0.5116516020097988,0.5598026079987233,0.4105515664964577,0.23670717862397928,0.2863886800508664,0.31585452827948185,-0.2390632554491587,0.35028986106218324,0.556819616651093,0.23040780653682147,-0.4149537904868723,-0.017148642382772285,-0.20866452761065862,-0.20872915362049071,-0.11589958015057227,-0.23479365455179121,-0.2398921564762556,-0.277713519617991,-0.2537376783912558,False,True,False,False,False,False,False,False,False,False,True,False,True,False,True,False
0.4668546988657278,-0.2024199329960776,-0.6817476575904663,-0.1125821388329421,-0.3252443428835877,0.008080698584262698,0.2396551430691204,-0.04996504897959901,0.2469146003416428,-0.6642736773902068,0.46668227533339846,0.8874159987807083,-0.06093730471835821,0.4703549028784762,0.25065408936724,0.4472135954999579,0.8907438923001898,0.021146784283945133,0.004727136077730611,-0.11736434670674699,0.46432097715995324,0.2007894515985449,0.3886878584835993,0.5028334531473229,0.4854674668281444,0.5280480587159694,1.6226919437922103,1.3635504861326133,1.557683333752845,1.1361594309192202,0.7908275172860081,0.17960041355707268,0.23040780653682147,1.5706961268864044,1.1081502427951475,0.06702870722332398,0.06666907792568758,-0.11390215193948625,0.0014850181484417431,-0.0296589268138896,0.1541059192931787,0.06475975362553221,False,False,False,False,False,False,False,True,False,False,True,False,False,False,False,False
1.6625433413023811,-0.2418605747465883,-0.09348841402752793,0.1914823386005853,-0.36494389534032523,-0.20222014840343683,0.2364792707939732,-0.2079214755775049,0.5470601404971984,0.09653937453480016,-0.14230702544279406,0.9346564722428413,-0.2254972926262381,-0.22481934060901895,-0.05139626053702051,0.4472135954999579,-0.9757491987300242,-0.2267237553902486,-0.21930068200606875,-0.15852907548716005,-5.315993500196674,-3.6262408606174756,-3.1656176378978396,-5.553199736238085,-5.548364224646202,-5.268890474632496,0.44642855756390876,0.3914776367417679,0.595874749121516,1.1791351398682322,0.8789350485307733,-0.24812512635288336,0.23040780653682147,-0.6149771873031621,-0.017148642382772285,-0.189679664134067,-0.18974488197309386,-0.12515970838753274,-0.22130119465592474,-0.22834237834244675,-0.13923488928444894,-0.9983112369598734,False,True,False,False,False,False,False,True,False,False,True,True,False,False,True,False
-1.783876304416804,,,-0.6193562678888211,-1.0133699188003693,-0.24080342203982677,4.095109918548787,-0.26596365388557164,-0.38672598443119477,-0.01445015375607249,0.9595516921233304,0.4454355552662026,-0.27430289902130756,-0.17228594647337572,1.406523334941091,0.4472135954999579,1.3029925583232531,-0.26543781533936206,-0.2598028864053997,-0.1863944303539012,-0.635297993622257,-1.4941968195225663,-0.4698857471891654,-1.2894405284738095,-0.7412464835349452,-2.185842917457784,0.38260031179958304,0.41118181612131166,0.27933015164791297,-0.9266745986333482,-0.09024779516164261,-0.20985079298455706,0.23040780653682147,0.46068180741596587,-0.017148642382772285,-0.2387926805191627,-0.23885636732179436,-0.11932033302025184,-0.26070774419305853,-0.27062664196909136,-0.11591879333830184,-0.012148860733831467,False,True,False,True,True,False,True,False,False,False,True,False,True,False,False,True
-0.5468848354155952,-0.27054467783786884,-1.2232175766987914,-0.41664661626646954,0.17761665490175274,-0.22774672487770242,0.8339121530105076,-0.24179359722942653,0.2135650958799146,-0.8430267843481305,-0.0754364307736635,0.17790180867728664,-0.2520751046806197,-1.411206104970491,1.406523334941091,0.4472135954999579,-1.3003462116361098,-0.2560106903517532,-0.24893901387120418,-0.1768948775584213,-0.09203654727688126,-0.4012287878126973,-0.32849436489974476,-0.010715007579216783,-0.18331193446621752,-0.048756262050875486,-0.4836401664305626,0.30609285943041015,-0.7190028096149866,0.06176670719392399,0.6146124547964777,0.39188486048655274,0.23040780653682147,-1.2961240215039616,-0.017148642382772285,-0.22620489060533566,-0.2262689698164552,-0.12562161210310868,-0.25037423324106556,-0.25408104917742463,-0.5487489570769961,-0.012148860733831467,False,True,False,True,True,False,False,False,False,False,True,False,True,False,True,False
0.01979956577816636,-0.22034749742812793,1.0442250835471514,0.0901275127894095,-0.28554479042685027,-0.2178441736592373,0.6615052840137245,-0.21455973057461517,0.5470601404971984,-0.8580710984684657,0.4272226001007133,0.15783744470917072,-0.22883158241011206,0.838406706376648,-0.31665283128613725,0.4472135954999579,0.9992470854220437,-0.23175155538363998,-0.23332878925896203,-0.1832279127554079,0.4026405420782706,0.18857408295754757,0.2198283127592987,0.29124567529279627,0.16596416535730005,-0.02068945794609689,0.5923216907395138,0.713312566607655,0.5593503724899455,-0.8836988896843365,-1.0594306388540584,0.41398138284352465,0.23040780653682147,-3.241522696066482,-0.017148642382772285,-0.20577552664682947,-0.20584024271762597,-0.10924741051169229,-0.23265199425086003,-0.24660193483672907,0.21501567767650515,-0.012148860733831467,False,True,False,True,True,False,True,False,False,False,False,True,False,False,True,False
0.5255759936030169,0.6545176468559276,1.589186793521668,0.6982564676564643,-0.5369752893195208,0.321514782706495,-0.9264152305723826,0.5294354641015127,0.1802155914181864,2.4717256400892795,0.10875892346135158,-0.09785590960309161,0.4776277003505715,0.5650667009079985,-1.3804470130802382,0.4472135954999579,0.8648654384552035,0.5339823836098633,0.5002462930257954,-0.07049988624904595,-0.9067301079308281,-0.7126967066712916,-0.5467326354430074,-0.9100698966793614,-0.9184764849045801,-0.8051644993149191,-0.9942661325451738,-0.6988202889263422,-1.0964213681412054,0.3196209608879953,-1.2356457013435889,-0.5768108964128403,0.23040780653682147,-0.013700946464622598,-1.1947379696234635,0.6095418167880996,0.6102708205725352,-0.1135406351020611,0.4754344427445129,0.44387223827150035,0.04758740630898205,0.9668458974158378,False,False,False,False,False,False,False,False,False,False,False,False,False,True,False,False
0.9640160610068496,-0.25620262629222856,1.6125290994545263,-0.1125821388329421,-0.37817707949257073,-0.2418303532772972,0.08933096370623876,-0.2572828588893505,0.6471086538823824,0.04026668958741518,-0.30345913421750065,-0.46944324861160325,-0.26727242114127236,-0.2197971833212414,0.04611904798814668,0.4472135954999579,0.5078417448390866,-0.2555079103524141,-0.2546346363648601,-0.18006139515691458,-0.5529856532669036,-0.28323792075312515,-0.4056169370576067,-0.44400216755176325,-0.4594613577426655,-0.11849801770518312,-0.5109951289009877,-0.40982565802636034,-0.4268077965624307,0.9212808861741613,0.9670425797755384,-0.22957983080328195,0.23040780653682147,1.2762714622351943,-0.017148642382772285,-0.2268239622404419,-0.22688802215278334,-0.12138648297379578,-0.253319016154846,-0.26227106891722324,-0.17948820100024038,-0.012148860733831467,False,True,False,True,True,False,False,True,False,False,True,False,False,False,False,True
-0.2839696053401711,-0.26695916495145877,-1.0059516698370579,0.4955468160341127,-0.11351339644765476,-0.2206315584466571,0.742340779294509,-0.23975105723031567,-0.28667747104601016,-0.9661821766245056,0.27420340148846856,0.7637254239279526,-0.24700129034235133,-2.2825648698910075,0.3819214869912362,0.4472135954999579,0.07084056265388451,-0.24582939536513576,-0.23237951884335273,-0.1768948775584213,0.37497767852879776,0.48321244837354893,-0.30616940980139784,0.13612428668619223,0.43335256713606507,0.13293936452218955,0.23670717862397928,0.2863886800508664,0.31585452827948185,0.7064023414291017,0.702719986041243,0.5994343383395387,0.23040780653682147,-0.7972990400473396,-0.017148642382772285,-0.21052174251597736,-0.21058631062947517,-0.1308229688727336,-0.23763135445052502,-0.2480626993560771,-0.00316128723722034,0.7441743870497558,False,True,False,False,False,False,False,True,False,False,True,False,False,False,True,False
1.0998371894528298,,,-0.1125821388329421,1.143639098015696,-0.24139023988980987,-0.11735862784764782,-0.24298507889557452,1.0806522118848507,-0.6424971010310232,-0.9796202485577297,0.8151770766913886,-0.25777862208226804,0.7459979142262163,1.406523334941091,0.4472135954999579,-0.737120372837671,-0.2581475053489446,-0.2563222282148322,-0.1863944303539012,0.7794453562355056,-0.1066397480159106,0.4800876025679822,0.27263894307356595,0.7117080713315467,0.3827708510601354,0.7017415406212143,0.5294068923985763,0.7297974634372696,0.06176670719392399,0.7908275172860081,0.1586876334692243,0.23040780653682147,-2.054203060421678,-0.017148642382772285,-0.2303320348393773,-0.23039598539197623,-0.11969489821650835,-0.2558354670084401,-0.2607031816666179,-0.6228303499206884,-0.42018689549456323,False,True,False,False,False,False,False,False,False,False,True,False,True,False,True,False
-0.10168119222228214,-0.27054467783786884,-0.881555358068304,-1.1261303969447,-0.7222398674509617,-0.2355954136212266,0.8312230730542876,-0.2637509022198682,-1.4539101272065014,-0.7927642762105805,1.3806557072019094,-0.640165211679451,-0.2677766661230594,0.19558107570853134,1.406523334941091,0.4472135954999579,-0.3543042592067564,-0.2589016753479533,-0.2515758761367856,-0.1863944303539012,0.07330389291519379,-1.007113240173608,0.1694491988152346,-0.025877760791400466,0.21290245545216038,-0.09878839110722673,0.32789038685873145,0.34550121818949775,0.25498056722686596,-1.0985774344293957,0.08596726732788773,0.32362238963376455,0.23040780653682147,2.9577354478508195,-0.017148642382772285,-0.23239560695639813,-0.23245949317973674,-0.11349754678753708,-0.2537473482150322,-0.26022599858955736,-0.4304677415830655,-0.012148860733831467,False,True,False,True,True,False,True,False,False,False,True,False,True,False,False,True
-0.9369442038214933,,,-0.2139369646441179,-0.3120111587313418,-0.24219711443353667,3.1772915094822447,-0.2637509022198682,-0.18662895766082496,0.1097870651399778,0.6090082031764804,-1.0470740915524142,-0.2713280948943057,0.10049375563892737,1.406523334941091,0.4472135954999579,0.23452052016664113,-0.26543781533936206,-0.26001383538664624,-0.1832279127554079,-0.7378001533100825,-2.0097477778762562,-0.7366619401881256,-0.8069025960607595,-0.8465171531705733,-1.5034640144250933,0.32789038685873145,0.34550121818949775,0.25498056722686596,-1.3564316881234668,-0.6188929826302326,-0.2524655146730029,0.23040780653682147,-1.2820874236277335,-0.017148642382772285,-0.23817360888405645,-0.23823731498546621,-0.12493881096409942,-0.2605471196704887,-0.2696527989561084,-0.2912086711275587,-0.012148860733831467,False,True,False,True,True,True,False,False,False,False,True,False,True,False,False,True
0.38871363266905173,-0.223933010314538,-0.10075621564406145,-0.2139369646441179,0.20408302320624425,-0.16238988683583278,-0.056681519705975986,-0.1692834272609913,0.580409644958926,0.29672675708076385,-0.2102318862440956,0.640314827493143,-0.19320389989313194,0.21635652672394237,-0.5920471099125486,0.4472135954999579,-0.7783393408556925,-0.15105536548970874,-0.15453934476338851,-0.1610622895659547,0.4187913798837133,0.27473931388844086,0.22388166964145303,0.3978872450268655,0.38988948037305804,0.41497436696395035,-0.7754264327817688,-0.7645008868581561,-0.767701978457079,1.007232304072185,0.5265049235517126,-0.3061284975399346,0.23040780653682147,0.8570728701261839,-0.017148642382772285,-0.14799550737024628,-0.14806202466033122,-0.08980459555523924,-0.15640888753770985,-0.1854251167582133,0.3848814366530535,0.795313440495584,False,True,False,False,False,False,False,True,False,False,True,True,False,False,False,False
0.061872228212627695,-0.223933010314538,-0.6379815351667295,-1.4301948743782276,0.7201772051438302,-0.0555156859076576,0.25105029105158483,-0.09524135229322289,1.0139532029613942,-0.4393909211110423,-1.0323335551662787,1.354670620041511,-0.1409626721867481,0.28360104157266136,-1.44581971865287,0.4472135954999579,-1.114773290269883,-0.08896203557132551,-0.09146559937068043,-0.11736434670674699,-1.381777510909001,-0.8210302820485027,-0.15034945161750474,-1.5927446155213671,-1.558396017088579,-1.6437184208239284,-1.176632549014678,-0.6331396909945284,-1.1694701214043448,1.2650865577662558,1.0551501110203036,-0.0011175728624474902,0.23040780653682147,2.57063451588545,1.1575847247736153,-0.04151518613197156,-0.041780342488675216,-0.11732584587033894,-0.0942471973031822,-0.10419687103921904,-0.014276167394511019,2.7651844844643096,False,False,False,False,False,False,False,True,False,False,True,False,False,True,False,False
0.13192312288586333,-0.23110403608735813,-0.6596016929857594,-0.1125821388329421,-0.6957734991464702,-0.1530008012361029,-0.584391957179637,-0.170985543926917,-0.9536675602805765,-1.141017957114795,0.5698497468387013,-0.44654962500091555,-0.1554868577865463,-0.2944089457841701,0.19809061405573675,0.4472135954999579,0.561819274222636,-0.17342907546030026,-0.1787984776067378,-0.16422880716444802,-0.2546944729525671,0.1274219554009378,0.057203808469459445,-0.17968577733539318,-0.40796699625937416,-0.19641745709771363,-0.4836401664305626,-0.5280507343036268,-0.5485557186676625,-0.0241847107040993,0.6146124547964777,1.0543859504393351,0.23040780653682147,-0.2852081356533247,-0.012477244760031569,-0.13375685976280258,-0.1338242472870606,-0.11887526485381701,-0.17852153014482433,-0.1618289005527158,-0.4651236086970827,2.19082047437587,False,False,False,False,False,False,False,False,False,False,True,False,False,False,False,False
-0.0014669896933395008,-0.27054467783786884,0.21959699114583348,-0.720711093699997,1.5935673591920532,-0.25268648350198486,2.2464598145863564,-0.2676657705514973,0.813856176191024,-1.6878977125609278,-1.0208119324361242,0.847816672673207,-0.27668418991615823,0.29994114738235106,1.406523334941091,0.4472135954999579,-1.3350278875694646,-0.26669476533770986,-0.2638109170490835,-0.18956094795239453,1.175573494195681,1.2382232597520697,0.9440280757051995,1.0355149640618153,1.118535346694166,1.101982706245152,0.32789038685873145,0.34550121818949775,0.25498056722686596,-0.3679903822961944,0.7908275172860081,0.01427107663615794,-4.340130723132376,-1.884066803776349,-0.017148642382772285,-0.2435388963883106,-0.2436024352336436,-0.02443048330193724,-0.26354544409179237,-0.2743369838490754,0.22906120154204593,-0.012148860733831467,False,True,False,True,True,False,True,False,False,False,True,False,True,False,False,True
0.1476744687181509,-0.0446573659940348,-0.17607224110254246,0.39419199022293694,-1.238334049388548,0.36897367632387956,0.5835973164028638,0.02935358765253908,-1.4539101272065014,1.1513169447558866,2.7926192770737543,-1.2433377948518363,0.14731346010426352,0.08927895353916804,-1.3503898555776574,0.4472135954999579,1.3664119934051362,0.2843521139379825,0.2656710258796702,-0.034401585626222184,-0.20195584004319622,-0.29933504313711673,0.2368080615741791,-0.01837256474666688,-0.04426088508287619,-0.5596723726489942,-1.504892098659785,-1.684029257903549,-1.5955878487726545,-0.8836988896843365,-1.411860763833119,-0.4619878963078614,0.23040780653682147,1.9541316331828587,-0.8263712069844228,0.36892930794347106,0.36925126816897597,-0.11657958163117269,0.2530765620003327,0.22274170530588322,0.06822769254257526,0.34192326823750524,False,False,False,False,False,False,True,False,False,False,False,False,False,True,False,False
-0.7533899125349584,-0.26695916495145877,-1.2282654714307026,0.6982564676564643,0.20408302320624425,-0.20324707964090727,-0.3122888582382394,-0.20451724224565349,0.5137106360354696,0.1030935883117,-0.3819266563405119,0.5974176063504991,-0.22219678001817766,0.4993284106692357,0.02920466237959762,0.4472135954999579,-0.22269035410880975,-0.2106347954113963,-0.20516710026255222,-0.17056184236143465,-0.3934552216335513,-0.16358834443604733,-0.11986147832932856,-0.15725536191329278,-0.3232499158287366,-0.09748462227188448,0.23670717862397928,0.2863886800508664,0.31585452827948185,0.36259666983700717,0.6146124547964777,-0.25049261089113034,0.23040780653682147,-0.11283666965938571,-0.017148642382772285,-0.18183809008938784,-0.18190355237960387,-0.11263837897256344,-0.2082906083277678,-0.22212925991944898,0.11281535616497224,-1.5935925661690147,False,True,False,False,False,False,False,False,False,False,True,False,False,False,True,False
0.5929175398734643,-0.27054467783786884,-0.7621373819545515,-1.734259351811755,0.045284813379294735,-0.24564466930218748,1.3531781119242283,-0.2601764572214242,0.5137106360354696,-0.07443842897517083,-0.44759237543001856,-0.3584012061958345,-0.27013141780834227,0.1971785135797367,1.406523334941091,0.4472135954999579,0.17035578311239394,-0.2648093403401881,-0.2610685802928788,-0.18956094795239453,0.7599636445325457,0.7678886559425023,0.4572708579874628,0.6353177071499463,0.6917001725432206,0.7246912412300609,0.5923216907395138,0.713312566607655,0.5593503724899455,0.4055723787860191,0.6146124547964777,-0.18735968987121066,0.23040780653682147,-1.1659654182311854,-0.017148642382772285,-0.23899903773086478,-0.23906271810057045,-0.10990111999674268,-0.2613502422833379,-0.26853287949137755,-0.6500882094135151,-0.012148860733831467,False,True,False,True,True,False,False,False,False,False,True,False,True,False,False,True
1.4507967888048616,-0.25978813917863863,0.22103005771959877,-1.3288400485670517,-0.07381384399091774,-0.2405100131148352,0.023218701830149166,-0.2552403188902396,-0.6868715245867497,-0.7357955363110756,-0.6684611301198383,-0.4812058923259747,-0.26202007030227553,-2.955285617636344,-0.5818013268064121,0.4472135954999579,-0.299277552166539,-0.25915306534762284,-0.24767331998372508,-0.1863944303539012,-0.09203654727688126,-0.19629728186711057,0.6471061728973801,0.7913946373455752,-0.18331193446621752,0.8718349125859465,0.7199781822681653,0.5294068923985763,0.7176226712267461,-0.2390632554491587,0.7908275172860081,0.25496533802460186,0.23040780653682147,-0.5634607630895822,-0.017148642382772285,-0.23012567762767522,-0.23018963461320016,-0.12579009550104603,-0.2518733954517174,-0.26053762835396616,-0.19482620469545686,-0.8835419686484887,False,True,False,False,False,False,False,False,False,False,True,True,False,False,False,True
-0.0019507362991469516,-0.2526171134058185,-0.397353501774954,-0.720711093699997,-0.5634416576240122,-0.21036224607195259,0.10286300150244024,-0.21541078890757803,0.9139046895762092,-1.1662971944447065,0.07374222692852982,-0.43392180259395846,-0.2336472426189488,0.5465960886790887,0.11599249322615308,0.4472135954999579,0.09190572227622683,-0.23099738538463127,-0.22373061061224558,-0.17056184236143465,-2.291394140601052,-1.7043829794667549,-1.3399865612780193,-2.198557740298623,-2.2195346049991223,-2.4387525808195423,0.8567529946202935,0.5097027130190326,0.8393705933319778,-0.4109660912452063,0.4383973923069484,1.1455341051618444,0.23040780653682147,-0.3939072165832809,-0.017148642382772285,-0.20102931077768155,-0.20109417480577674,-0.11644752105630286,-0.22638763787063632,-0.23438020502353965,-0.11447096727800411,-0.012148860733831467,False,True,False,True,True,False,True,False,False,False,True,False,False,False,True,False
-0.6829363198115079,1.0417530385882148,0.7300588948669573,1.2050305967123434,-1.5294641007379555,1.1101246208525561,-0.7191910003211277,0.9270499172617586,-0.8869685513571195,0.3193985215402994,2.2828816021690868,-1.13096297423098,1.2293604619784002,0.4727360459372475,-1.0224258719773245,0.4472135954999579,1.9286796751258668,1.30926914259081,1.1480706144338442,0.20182062722137897,-0.29033012271001296,-0.4738927980321073,-0.3461887673183519,-0.1808435583945406,-0.23912693956812212,-0.24210174339840054,-1.0307394158390744,-1.5461000022467406,-0.9259742771938814,-1.227504561276431,-1.852398420056944,-0.3120472088855521,0.23040780653682147,0.8510227631520135,-1.1972091829313734,1.5026558290347138,1.5042155991231216,-0.11661472639829329,1.1575532485910953,1.3023538080278165,-0.20234827430418761,0.5388495284843465,False,False,False,False,False,True,False,False,False,False,False,False,False,True,False,False
-0.4918602499753778,-0.24544608763299838,-0.10083437611220271,0.39419199022293694,-1.0133699188003693,-0.16686437294195403,1.164076051014532,-0.2314106855672797,-1.0870655781274898,-0.8056795576258338,-0.1273966901449474,0.18373497666589333,-0.23197768507159658,-0.3877034218655611,-1.2082349804846215,0.4472135954999579,1.126248904543807,-0.20233892542230056,-0.1787984776067378,-0.11103131150976037,-0.26774486985724205,-0.5371734501726552,-0.23190025224654706,0.3708309061710628,-0.23487024263097941,-0.0373628069192291,0.38260031179958304,0.41118181612131166,0.27933015164791297,0.10474241614293588,-0.0021402639168774332,0.34058936215786795,0.23040780653682147,2.8585735135860744,-0.017148642382772285,-0.1630595838244983,-0.16312563151098308,-0.1220820525269789,-0.18633859024322316,-0.21502994435459,0.5600127301820779,0.44822152765130635,False,True,False,False,False,False,False,False,False,False,True,False,False,True,True,False
1.5521962235827549,-0.26695916495145877,-0.9258098899245402,0.2928371644117611,0.3496480488809482,-0.2349352435399956,-0.6741262591849113,-0.2361766122318717,1.0139532029613942,-0.6376887513393399,-0.7463262144530377,1.269420836175399,-0.2519086314569675,0.976376467512254,0.7282421731729258,0.4472135954999579,0.7026962645346888,-0.2423099353697618,-0.24092295258383659,-0.18006139515691458,0.2765592803853498,0.6277889867226214,0.5228622561196564,0.1698400466283369,0.19523940260878428,0.2858557783756259,0.7655697863855414,0.7658570449531075,0.7906714244898855,0.23366954298997153,0.7908275172860081,0.1543472451491048,0.23040780653682147,-0.27736341028869,-0.017148642382772285,-0.217125173290444,-0.21718953555030887,-0.10722187718116673,-0.24073676188687523,-0.25059469119084926,-0.04329550925494178,-1.8498698650005156,False,True,False,False,False,False,False,False,False,False,True,False,False,False,True,False
,-0.2741301907242789,-1.5295774418766945,-0.8220659195111727,0.6672444685348472,-0.2560606861393878,1.1073976675166632,-0.2707295805501636,0.04681757357127302,0.5087671172799756,-0.6265917037279052,0.6314157696288455,-0.2789496733510769,-0.08574507638468665,1.406523334941091,0.4472135954999579,-0.6081564277488193,-0.2673232403368838,-0.26539303440843237,-0.18956094795239453,1.175573494195681,1.2382232597520697,0.9440280757051995,1.0355149640618153,1.118535346694166,-0.9902699633839902,-0.5109951289009877,-0.40982565802636034,-0.4268077965624307,0.10474241614293588,-0.09024779516164261,-0.3562402535994959,0.23040780653682147,-1.1937251079571918,-0.017148642382772285,-0.24374525360001267,-0.24380878601241965,-0.03197853952953042,-0.264616274242258,-0.27580748679865297,0.7125333173656977,-0.012148860733831467,False,True,False,True,True,False,False,False,False,False,True,False,True,False,False,True
-0.04310041821390775,-0.10919659794941595,1.1087242985725454,1.0023209450899917,0.13791710244501523,-0.12167939849325403,-0.4387396555970316,-0.06477346397315269,1.280749238655221,1.045678241295148,-0.42605522444424,0.44227124825692515,-0.12558199391453653,1.0110426298595254,-0.2763803510202835,0.4472135954999579,0.8252303720610797,-0.11988300553068235,-0.1378743752449138,-0.1578957719674614,0.0515842948604093,-0.03376539784128624,0.06642639252937407,0.10352849507123564,-0.1320076081150718,0.16665300295034244,0.4646651992108597,0.7527209253667444,0.4254276581741901,1.3080622667152677,0.1740747985726529,-0.448177569834754,0.23040780653682147,-0.16612543272554822,-2.723851750061683,-0.08154848520217563,-0.08125513772910369,-0.1151464464957287,-0.13440332794564191,-0.13224354981109185,-0.177698934682413,0.2169882419613373,False,False,False,False,False,False,False,True,False,False,True,True,False,False,False,False
0.21809813507003203,-0.2024199329960776,-0.037056556029604275,1.1036757709011675,-0.07381384399091774,-0.11302383520600305,0.1886947513197305,-0.1398368089404765,0.3803126181885568,-0.352843490013201,-0.32040269705596275,0.8162953109172482,-0.15950151639752044,0.606653513138692,-0.08158678706833095,0.4472135954999579,0.5527298556046256,-0.14527339549730867,-0.16192255910701656,-0.17056184236143465,0.4210437076048791,0.12817760254676294,0.41381039211980364,0.38162123178618074,0.38237170556180095,0.348522667479889,0.44642855756390876,0.3914776367417679,0.595874749121516,1.2650865577662558,0.6146124547964777,-0.05438597497300475,0.23040780653682147,1.083678253883547,0.5765939388598823,-0.09516806117451308,-0.09530904494764679,-0.12189636667436674,-0.15849700633111774,-0.14710439419071503,-0.3347510123227619,-0.5090128030295002,False,False,False,False,False,False,False,True,False,False,True,True,False,False,False,False
0.7941620741578335,,,-0.720711093699997,0.7201772051438302,-0.23024070074013064,0.10199272657209642,-0.22698518223587286,1.647593787734232,-1.2997885081810032,-0.6976040582019932,0.7802968695461634,-0.24944531027799843,-0.22565961996532288,1.406523334941091,0.4472135954999579,0.0008433338228968848,-0.26116418534497937,-0.24946638632432047,-0.18006139515691458,-0.8436283417783134,-1.8085460321824745,-0.6325483993805713,-0.47673484745471395,-0.4943727892567499,-0.5273822046164758,2.087726305789448,2.2896469169711886,2.2151221131210965,0.19069383404095966,0.702719986041243,1.8226346831004832,0.23040780653682147,-1.7436428249189406,-0.017148642382772285,-0.22269681800640023,-0.22276100657726228,-0.15345548692334468,-0.2531048501247528,-0.25354543552039704,-0.7970757043602643,-0.4838320925938122,False,True,False,False,False,False,False,False,False,False,True,False,True,False,True,False
0.03386995171466595,-0.25620262629222856,-0.2587690081841533,-0.5180014420776453,0.25701575981522723,-0.22085161514040078,-0.1669795771708909,-0.23345322556639056,0.3136136092650998,0.4177020969173467,-1.0025128845705853,0.11813539292149454,-0.24601692693292979,0.26607164459629495,-0.7102726938615926,0.4472135954999579,-0.011907570615197843,-0.2308716903847965,-0.23259046782459925,-0.18006139515691458,0.5153599309287287,0.6405063674107377,0.9440280757051995,0.5269309500696427,0.4404898877564737,0.6225081361218017,0.7199781822681653,0.5294068923985763,0.7176226712267461,0.9212808861741613,0.702719986041243,-0.3361166350243965,0.23040780653682147,0.7547075560096155,-0.017148642382772285,-0.20969631366916902,-0.20976090751437096,-0.09849578503519558,-0.2316347056079177,-0.2410997218135853,-0.05555023726026644,0.005852517368027717,False,True,False,False,False,False,False,True,False,False,True,True,False,False,True,False
0.497743866093181,0.7656685463346397,1.4639120179267726,0.39419199022293694,0.4555135220989142,0.43249670858455197,-0.9518074206241198,0.6276475957254262,-0.08658044427564036,1.2509855583412048,0.05228038066647778,0.2786691196504556,0.594342318718651,0.4954800562896026,-1.5340998091279683,0.4472135954999579,1.0656927695583136,0.4133151837684707,0.4578455477952457,0.9275864607960465,0.5182464772653257,0.5745660696791342,0.4685303665823476,0.47702921407550686,0.489783482381834,0.5052599062136603,-1.7146134775997157,-1.5198277630740142,-1.8877828618252104,0.7064023414291017,0.08596726732788773,-0.47421989975547085,0.23040780653682147,0.21090811886935085,-1.0614301146371217,0.6144943898689496,0.6151347146892842,-0.125434182660299,0.4868923253544947,0.5764901798076818,-0.2391221825329627,0.26561191856302535,False,False,False,False,False,False,False,True,False,False,True,False,False,True,False,False
-1.059121702777085,-0.25978813917863863,-0.008741524044721729,-0.41664661626646954,-1.092769023713844,-0.21314963085937239,1.516802216946973,-0.2520062972249808,-0.7535705335102068,-0.3318611035040243,1.2383297793588275,-0.11046634992483796,-0.25865200334258814,0.19420964296859106,-1.2995305209386288,0.4472135954999579,0.7145394148306206,-0.24872038036133579,-0.2484116414180879,-0.1768948775584213,-0.1329271937759927,-0.24257213804837055,-0.5884720678190253,-0.22446091576393623,-0.2253070080520328,-0.23435932145346788,0.38260031179958304,0.41118181612131166,0.27933015164791297,-0.4109660912452063,0.1740747985726529,-0.0662233976642397,0.23040780653682147,2.7545634077796977,-0.017148642382772285,-0.224554032911719,-0.22461816358624676,-0.102828659619689,-0.24700111826709895,-0.24908523452074058,-0.5655404474727913,1.7243171074038106,False,True,False,False,False,False,True,False,False,False,True,False,False,True,True,False
-0.6707384101742033,,,0.7996112934676401,0.8392758625140427,-0.25686756068311456,-0.37387139773248473,-0.2695380988840156,-0.8869685513571195,-1.6878977125609278,0.4503411502847483,-1.169709999799248,-0.2766576507065905,-0.5107253510246587,1.406523334941091,0.4472135954999579,1.1184323357529973,-0.2673232403368838,-0.2619123762178649,-0.1832279127554079,0.42992052862358043,0.39438764703489904,0.0707283615645484,0.31751400313169265,0.3527428283645234,0.42507743077689586,0.38260031179958304,0.41118181612131166,0.27933015164791297,-1.0556017254803838,-1.411860763833119,0.01861146495627742,-4.340130723132376,-0.5099707387431666,-0.017148642382772285,-0.24044353821277936,-0.2405071735520028,-0.125909905917357,-0.26231398941875694,-0.2735384325783157,0.3714489550376528,-0.012148860733831467,False,True,False,True,True,False,True,False,False,False,False,False,True,False,False,True
1.1105898225610362,-0.22034749742812793,-0.8569310708685182,0.5969016418452885,-0.17967931720888375,-0.07671448073829769,-0.6125125635449851,-0.03856086731789675,0.5137106360354696,-0.4629784377476752,0.4736856146399628,-0.13603666036384524,-0.08185261451315069,0.4613041337967526,-0.6312281017415112,0.4472135954999579,1.2918984472543857,-0.0922301055670299,-0.06235463995866129,-0.11863095374614431,-0.7695522590984303,-1.0372231166093913,-0.8477420274454184,-0.7322529190557866,-0.6995617183746294,-0.564604765080131,1.2670774316766784,0.8446737624712827,1.1924395674371497,-0.4109660912452063,-0.17835532640640778,0.014665657392532437,0.23040780653682147,0.5009802788703753,1.8401704247250121,-0.031816397181973675,-0.03220999347328591,-0.12184946249850397,-0.08096890343740887,-0.07672475963717061,-0.15176330103760977,2.664646867695564,False,False,False,False,False,False,True,False,False,False,True,True,False,False,False,False
-0.28921638670975996,-0.2346895489737682,-0.12024210651724623,0.900966119278816,-0.20614568551337573,-0.18454226067269544,0.19954490856074797,-0.19021946225187752,0.7471571672675675,-0.267407820583462,0.3326398671002313,0.5107369586685003,-0.21106961324304985,0.5980018960602022,-0.15835069465349827,0.4472135954999579,0.8201518343809847,-0.21138896541040497,-0.20980797784997557,-0.1610622895659547,-0.852602572160413,-0.3507841094261036,-0.24365953552607786,-0.5418779162584982,-0.8041929454811606,-0.3851261143220159,-0.5930600163122645,-0.863021783755877,-0.47550696540452303,0.8783051772251493,0.4383973923069484,-0.10055192346882104,0.23040780653682147,-0.19273300819204872,-0.017148642382772285,-0.17358380162130455,-0.17364952122856175,-0.12236167435737731,-0.21016456109108259,-0.21229344548779522,-0.2538912114716427,2.273559838841503,False,True,False,False,False,False,False,True,False,False,True,True,False,False,True,False
0.38806113861166747,-0.24544608763299838,-0.2396799032281828,-0.011227313021766296,-0.39141026364481674,-0.2030270229471636,-0.06562733353161511,-0.2108150739095786,0.3136136092650998,-0.9020550555794132,-0.23319982698067762,-0.5462112209601641,-0.22586642890477118,0.4412529006771063,0.5489775307008142,0.4472135954999579,0.5765200554190357,-0.23376267538099652,-0.22626199838720376,-0.17056184236143465,0.33050013321396815,0.28187623200594425,0.06425947479313843,0.22178054167434408,0.3470702911917133,0.33482339404779604,0.7564514655620672,0.6410639088826603,0.8515453855425014,0.10474241614293588,0.35028986106218324,0.48303301520906183,0.23040780653682147,-0.2091113075872813,-0.017148642382772285,-0.19194959346278992,-0.19201474053963044,-0.13306487422945049,-0.22885054721670717,-0.22617070842236417,-0.500234322673686,-1.4698452840570386,False,True,False,False,False,False,False,False,False,False,True,False,False,False,True,False
-1.1312521611170765,-0.06975595619890525,-0.03764070268623822,1.0023209450899917,-1.675029126412659,0.05994072607652066,-0.5947289300428265,0.010460092660763698,-0.8202695424336631,-0.3705481188720058,2.5290527440310098,-1.9664047202128003,0.07574203721090571,0.3605257464640657,0.02613920169298756,0.4472135954999579,1.5643362021851404,0.1093846741679634,0.10703739198229059,-0.14649630861288546,-0.4727500919986263,-0.8081088083509766,-0.8856216892920395,-0.4806132173878998,-0.44797666557063964,-0.5060368127711256,-0.009487483609850826,-0.6856841693399791,0.12105785291111235,-1.7861887776135852,-1.7642908888121789,-0.0441268753072678,0.23040780653682147,0.37571963969795774,-1.153321091574736,0.15246059286798624,0.15275280393865118,-0.11233844130509074,0.0885435093812944,0.07710348269965747,-0.0038952204813362105,0.8940373364367222,False,False,False,False,False,True,False,False,False,False,False,False,False,False,False,False
-0.5431344026599124,-0.27054467783786884,-1.140224622580014,-0.720711093699997,-0.6296075783852412,-0.21542355002805696,1.9442826289729185,-0.25336799055772136,-0.8202695424336631,1.3191937375535892,0.5238385606418107,0.8289616020228688,-0.25883536515414707,-0.3230934309279905,0.14970193552523414,0.4472135954999579,0.06432955184524865,-0.2453266153657966,-0.23448900865581787,-0.17372835995992797,-0.24725410337555564,-0.5183325054959065,-1.0253518918976794,0.16365665436095114,-0.3427218056287066,-0.42450776190263606,0.38260031179958304,0.41118181612131166,0.27933015164791297,0.36259666983700717,0.7908275172860081,-0.48211151488296083,0.23040780653682147,1.462521401990035,-0.017148642382772285,-0.21547431559682734,-0.21553872932010043,-0.11980119374517573,-0.2382203110332811,-0.2525813309368368,0.29913301223201494,-0.012148860733831467,False,True,False,True,True,False,False,False,False,False,True,False,False,False,True,False
0.9794342861861419,-0.2418605747465883,0.5975552109028333,-2.34238830667881,-0.36494389534032523,-0.2080149746720201,0.8891029276931401,-0.24179359722942653,-0.9870170647423047,0.29941440381997086,-0.168738983470795,0.3065977085400888,-0.243886552201265,-2.081622257807937,-0.48649736955582823,0.4472135954999579,-0.5387806507371539,-0.23564810037851827,-0.2249963044997247,-0.16739532476294133,0.20048884690908772,0.4500251599613021,0.6177402704218764,0.3648547258303788,0.1171143611861716,0.09034405279809934,-0.30127374996105827,-0.36384923947409203,-0.14678757572039824,0.620450923531078,0.8789350485307733,-0.3069176590526836,0.23040780653682147,0.36148636066448436,-0.017148642382772285,-0.2076327415521482,-0.20769739972661042,-0.11361928962991762,-0.2287434642016606,-0.24053489286564872,0.06629885985538427,-0.012148860733831467,False,True,False,True,True,False,False,True,False,False,True,True,False,False,True,False
-0.4297429689415051,-0.1737358299047971,0.5094971592696826,0.7996112934676401,0.05851799753154025,-0.14551887364881816,0.21929402424377442,-0.12094331394870111,1.1473512208083072,-0.3125730407358157,-0.564615916100997,0.06653799744830177,-0.15394999628703276,-1.0454973132773517,0.7036411908309221,0.4472135954999579,0.18708929068405494,-0.17518880545798723,-0.17964227353172385,-0.17056184236143465,0.035636406540504394,0.4125999264460726,0.46339909634003107,0.2891038931668313,0.08829649109961368,0.356899921017511,1.5132720939105098,1.5737283995144165,1.5698581259633686,1.007232304072185,0.7908275172860081,-0.07687707808635115,0.23040780653682147,-1.2967892952844802,0.5298536536102684,-0.14366200592450254,-0.1437741784748028,-0.1133171337489782,-0.18023485838556927,-0.17464467460243807,-0.3113111498176659,0.22904757006973664,False,False,False,False,False,False,False,True,False,False,True,False,False,False,False,False
1.258834535581517,0.09159212368954762,1.7191811150875753,1.1036757709011675,0.8922085991230257,0.10776638085014469,0.3665457891006938,0.0562470309741653,0.4136621226502844,3.9892433537712644,-0.6875132252226425,0.8785398670770352,-0.0019309912276165172,-0.19893271510898725,-1.4539781759656518,0.4472135954999579,0.37572418124061746,0.03396767426709309,0.0538782487081687,0.018795910028465476,0.24987475955139846,0.23569221770961596,0.2562231182783704,0.30708367900353306,0.2496148999047429,0.27970358480864677,0.7473331447385905,1.225621230475803,0.7663218400688401,1.0502080130211968,-0.09024779516164261,-0.6427058827273816,0.23040780653682147,1.2241209237515431,1.6432672671367774,0.07982285434885311,0.07930935729880696,-0.1136548230618486,0.04340801853916968,0.02605463196000754,0.03522244015954698,0.885139924019915,False,False,False,False,False,False,False,True,False,False,True,False,False,True,False,False
0.07003780333959236,-0.26695916495145877,-0.41390444837076124,-1.734259351811755,1.3156704919948912,-0.2335415511462857,1.3920855683274471,-0.24519783056127795,3.0816224795885496,-0.8879444546652312,-1.134522065263137,2.307406799120718,-0.26610710857570713,-0.10291262414157885,-0.4646477094955315,0.4472135954999579,-1.401152586691623,-0.25990723534663157,-0.24798974345559485,-0.17372835995992797,-3.754021111530948,0.44126740329696995,0.9440280757051995,-2.355045129219294,-2.4977071009735647,-2.41416414132604,-0.30127374996105827,-0.36384923947409203,-0.14678757572039824,1.3940136846132916,0.9670425797755384,0.46014733133934094,0.23040780653682147,1.373504172384686,-0.017148642382772285,-0.2280621055106544,-0.22812612682543965,-0.1366622710722197,-0.25128443886896135,-0.26082978125777023,-0.09829352405083559,-0.012148860733831467,False,True,False,True,True,False,False,True,False,False,True,True,False,False,False,True
-0.718805634539818,-0.27054467783786884,-1.230733322766892,0.1914823386005853,-0.28554479042685027,-0.2270132025652235,0.7453222640858416,-0.24128296222964882,0.4470116271120132,-1.2731353822806766,0.3134371625499742,0.14028161994690455,-0.25152501924594295,0.34615176745258047,1.1936882287551875,0.4472135954999579,0.3903471746889456,-0.25462804535357064,-0.25642770270545545,-0.18006139515691458,-0.9568546129544249,-1.1749888663362722,-1.5534458731456189,-1.245983416463793,-1.0714881169401254,-1.048931253186676,0.7838064280324923,0.35206927798268023,0.8880697621740719,-1.1845288523274193,0.08596726732788773,1.6525703771030744,0.23040780653682147,-1.3450291897441506,-0.017148642382772285,-0.22022053146597526,-0.22028479723194966,-0.13628663814988648,-0.2538544312300787,-0.2537986347035681,-0.8451895266283652,-1.3643817730391985,False,True,False,False,False,False,True,False,False,False,True,False,True,False,True,False
-0.18905034286212025,0.03780943039339667,0.8329951094882815,1.2050305967123434,-1.436831811672235,-0.039891660651857105,-1.3808029755575906,0.002119720997727718,-0.9536675602805765,-0.0877282889529149,1.2054969198140741,-1.3443329290928059,0.05571940991975531,0.5970425324443371,-1.2848880034734818,0.4472135954999579,1.6983338226190097,0.0462857842509019,0.026454881146121698,-0.14522970157348813,0.08030687640490436,0.10810542518550943,-0.036908324930543475,0.1359610282586551,0.22527291743545275,0.07845376366927029,-1.6234302693649636,-1.9664558290103484,-1.632112225404225,-1.9580916134096327,-2.4691511387703002,-0.18183555928196768,0.23040780653682147,0.15200462354615288,-0.12299518041301881,0.11118915052756968,0.11114529368769033,-0.11768206058430221,0.020867043871868964,0.048900989039233934,-0.23984638591002064,0.7986597117274294,False,False,False,False,False,True,False,False,False,False,False,False,False,True,False,False
0.14748919657516288,-0.26695916495145877,0.4136469951284491,-0.8220659195111727,-1.635329573955922,-0.24579137376468327,0.4895574631370129,-0.2678359822180899,-1.7874051718237844,0.34944732315132393,0.8794274660783361,-0.02875639311878751,-0.27256096181149786,-0.8989707300312896,-1.3185221399699436,0.4472135954999579,0.14624793458929386,-0.26543781533936206,-0.26022478436789276,-0.1832279127554079,0.7794453562355056,0.34164792124008286,0.9440280757051995,1.0355149640618153,0.7117080713315467,1.101982706245152,0.32789038685873145,0.34550121818949775,0.25498056722686596,-0.8407231807353246,0.5265049235517126,-0.3195442432566675,0.23040780653682147,2.141342993032949,-0.017148642382772285,-0.23714182282554602,-0.23720556109158597,-0.1325607771669934,-0.26065420268553524,-0.26716949927294087,-0.689679767047898,-0.012148860733831467,False,True,False,True,True,False,True,False,False,False,True,False,False,True,False,True
-1.0896975797100996,-0.26695916495145877,0.6371290900353618,-0.41664661626646954,1.2759709395381542,-0.2531999491207201,0.13184491631886616,-0.2618785738873499,1.9143898234280587,0.6015022530400627,-0.9003996791974533,0.7449023890375502,-0.2735791023967329,0.29647947468737457,1.406523334941091,0.4472135954999579,-1.344418675591552,-0.26669476533770986,-0.26127952927412534,-0.1863944303539012,1.175573494195681,1.2382232597520697,0.9440280757051995,1.0355149640618153,1.118535346694166,1.101982706245152,-1.176632549014678,-0.6331396909945284,-1.1694701214043448,0.19069383404095966,0.4383973923069484,-0.3751801299054718,0.23040780653682147,-2.3414240089252134,-0.017148642382772285,-0.2410626098478856,-0.24112622588833094,-0.10745910180546252,-0.26199274037361725,-0.27243798997354013,0.030940354888711503,-0.012148860733831467,False,True,False,True,True,False,False,False,False,False,True,False,True,False,False,True
0.8916635192947249,-0.26695916495145877,-0.9074806991851384,1.0023209450899917,0.4158139696421772,-0.23845615063989428,-0.5671074364512575,-0.2360064005652791,1.1140017163465796,-0.8198534125988658,-0.6254621328720078,0.6449490847813838,-0.2528688683122366,0.8033362804091414,0.6436796145185689,0.4472135954999579,-0.4160855062854269,-0.24344119036827486,-0.24018463114947378,-0.1863944303539012,0.8484483222027611,0.6829249855768991,0.36934052188360944,0.878017979083601,0.782574758007615,0.8050178112010153,0.7655697863855414,0.7658570449531075,0.7906714244898855,-0.4969175091432296,0.9670425797755384,0.3595292384638439,0.23040780653682147,-1.6448006745857318,-0.017148642382772285,-0.22228410358299608,-0.22234830501971017,-0.09301934206571899,-0.2413792599771546,-0.255833966600485,0.352411146294443,0.7880218559426143,False,True,False,False,False,False,True,False,False,False,True,False,False,False,True,False
0.15312891790135816,-0.25620262629222856,-0.35915434934523377,-1.1261303969447,-0.25907842212235876,-0.2151301411030654,0.573714770150876,-0.24587867722764822,-1.4205606227447731,-0.7086335145874898,0.740264336631767,0.4853991267093947,-0.24332922880034252,-3.539100432025652,-1.2811012565419386,0.4472135954999579,-1.118384933372233,-0.23401406538066608,-0.22288681468725952,3.3886039383450495,-0.5145732277677278,-0.5549274172719041,0.4491582376921629,-0.08336986672094641,-0.508773754756312,-0.14465117607554656,-0.30127374996105827,-0.36384923947409203,-0.14678757572039824,0.44854808773503096,0.8789350485307733,0.22497720054013998,0.23040780653682147,-0.48904427081571933,-0.017148642382772285,-0.20804545597555235,-0.20811010128416255,-0.10926407177293046,0.07365897028982267,-0.2435830214958915,17.384368887709517,1.5540479350925287,False,True,False,False,False,False,False,False,False,False,True,False,False,True,True,False
0.39266440673877384,-0.27054467783786884,-0.991331174612278,-0.9234207453223485,0.16438347074950674,-0.24520455591470014,-0.4883047462378078,-0.2550701072236471,0.2135650958799146,0.20467726408203976,-0.4969922741946015,0.0558256240242594,-0.2652168387274803,0.5720679695632301,0.17058460163521671,0.4472135954999579,-0.2607873877542148,-0.26279822034283157,-0.2593809884429067,-0.18006139515691458,0.061191040153872965,0.2923855400031543,0.2914524651385698,0.49898677347667747,-0.025945779600671546,0.5961633795216282,-0.1462622959619791,-0.13396714671274337,-0.35375904329929125,1.1361594309192202,0.9670425797755384,-0.2812699098883412,0.23040780653682147,-0.48751608131712687,-0.017148642382772285,-0.22909389156916482,-0.22915788071931992,-0.14735334045227833,-0.2588337914297438,-0.2632449119303265,-0.7872997518978645,0.018497895606854827,False,True,False,False,False,False,False,True,False,False,True,False,False,False,False,True
,-0.2741301907242789,-1.5295774418766945,0.4955468160341127,-1.7676614154783798,-0.2567942084518667,0.5617391538127399,-0.2719210622163116,-0.053230939813911575,-1.6878977125609278,1.121607457582755,-2.337291024664379,-0.27984718116554946,0.46018203789741186,1.406523334941091,0.4472135954999579,0.6406487057650554,-0.2692086653344056,-0.26644777931466496,-0.18956094795239453,1.175573494195681,1.2382232597520697,0.9440280757051995,1.0355149640618153,1.118535346694166,1.101982706245152,0.38260031179958304,0.41118181612131166,0.27933015164791297,-2.516775829746787,-1.852398420056944,-0.5030242949708092,-4.340130723132376,-0.03606290564939645,-0.017148642382772285,-0.20195791823034093,-0.20202275331026898,-0.18582100638841495,-0.26595481193033993,-0.27629440830525465,0.004614179010317677,-0.012148860733831467,False,True,True,True,True,False,False,False,True,False,False,False,True,False,False,True
0.8364605518553481,-0.27054467783786884,-1.3105463799449788,0.5969016418452885,0.09821754998827774,-0.2215851374528797,-0.39145269098483143,-0.2343042838993534,-0.42007548889292357,-0.47400208440711095,0.0139502762896901,0.11415632117681553,-0.2404195663695524,0.6120444644017495,0.5846796554539949,0.4472135954999579,-0.241091259139519,-0.22722653538958776,-0.21740214117485013,-0.17372835995992797,0.2665304365659482,1.0096144084980174,0.8257324968973003,0.4519603982062598,0.2886725379863562,0.5518286178167707,0.23670717862397928,0.2863886800508664,0.31585452827948185,0.3196209608879953,0.4383973923069484,0.022162691763647904,0.23040780653682147,-0.058012862134397936,-0.017148642382772285,-0.20144202520108573,-0.20150687636332884,-0.10884291211385459,-0.22183660973115754,-0.23900595933471108,0.3324749022300986,0.4266843621849749,False,True,False,False,False,False,False,False,False,False,True,False,False,False,True,False
-0.23182457840310114,0.005539814415706092,1.2507624377292967,1.5090950741458709,-2.124957387589016,0.0035328602468935426,-0.5135766190742557,-0.11600717561751656,-1.7874051718237844,0.8230502449244591,3.8550183194071934,-2.4462341645601957,-0.016686791747278627,0.48098627688545204,-1.232703367107118,0.4472135954999579,2.3450600100245036,-0.04547156562849031,-0.04948675210262385,-0.13889666637650153,-0.5693148220013551,-0.6866394681579985,-0.7045839930947162,-0.5175929560530654,-0.6433632293123708,-0.45540837866676726,-0.7024798661939676,-1.0994719363104064,-0.7068280174044631,-2.430824411848763,-3.2621189199731857,-0.41463820554292163,0.23040780653682147,1.1166043678505682,-3.0864378150906773,0.040821341337159464,0.04146472795055563,-0.1261368659205241,-0.056232726961653684,0.006879663034456411,-0.514855178516157,0.5435409809633783,False,False,False,False,False,False,False,False,True,True,False,False,False,True,False,False
-0.624878653411801,-0.25620262629222856,0.29219535094889876,0.39419199022293694,-0.13997976475214674,-0.2361822314712097,-0.30791515238672357,-0.2472403705603888,0.08016707803300122,0.5645230972610339,-0.3057935806530221,-0.28952027973892563,-0.25671464104414327,-0.0031392400854252803,-0.45561661877726634,0.4472135954999579,-0.06165426087975384,-0.25450235035373586,-0.2491499628524507,-0.17372835995992797,0.25367528221564184,0.19493559311994557,0.40417007060007376,0.14780468509367573,0.17173732403207526,0.2650816383935012,0.7199781822681653,0.5294068923985763,0.7176226712267461,-0.5828689270412534,0.35028986106218324,-0.36768309553435635,0.23040780653682147,-0.037937065570552424,-0.017148642382772285,-0.22228410358299608,-0.22234830501971017,-0.1311403077786419,-0.24957111062821638,-0.25436346365084356,-0.4657434061607284,-0.6060519765163385,False,True,False,False,False,False,True,False,False,False,True,True,False,False,True,False
-0.5035957662854488,-0.2346895489737682,-0.7734642922849807,0.6982564676564643,-0.5766748417762577,-0.13517620904286573,-0.09423548766990532,-0.14834739227010504,-0.42007548889292357,-0.6337219669656087,0.1446792766788913,0.516853663689164,-0.15074357724016701,-0.9869257057164741,0.33381271603523216,0.4472135954999579,-1.0008081759122263,-0.18298189544774382,-0.1785875286254913,-0.16422880716444802,-0.47783090772505543,0.0947648570121489,-0.07798572019126394,-0.3354506388735872,-0.3908528053758464,-0.3572877245650253,0.7564514655620672,0.6410639088826603,0.8515453855425014,0.5344995056330547,0.5265049235517126,0.15040143758535982,0.23040780653682147,-0.6819638385193899,-1.1125460234305358,-0.12880428668195257,-0.12876701363447804,-0.1286221810506182,-0.182483601701547,-0.16318254233635687,-0.5149339250495331,-1.3977227411751088,False,False,False,False,False,False,False,False,False,False,True,False,False,False,False,False
-0.04848301507103425,-0.26695916495145877,-0.8200849546767631,0.2928371644117611,0.38934760133768526,-0.23816274171490273,0.2042307602818156,-0.2373680938980197,1.8810403189663312,1.7805201658144267,-0.30022103109726117,0.5439501041410014,-0.2564588995701269,0.5155545557526353,1.406523334941091,0.4472135954999579,0.3849210499824339,-0.2582732003487794,-0.25400178942112056,-0.1863944303539012,-0.730607019296892,-0.05608098832538495,-0.3954692301947361,-0.24932886076050878,-0.8391297377575367,-0.2823649247876617,2.087726305789448,2.2896469169711886,2.2151221131210965,-0.6258446359902652,0.4383973923069484,-0.5274883018660281,0.23040780653682147,-2.1254853901131527,-0.017148642382772285,-0.22393496127661275,-0.22399911124991861,-0.1406705492068726,-0.2547110953504512,-0.2599435841156751,-0.5580236958155749,-2.686709843321724,False,True,False,False,False,False,True,False,False,False,True,False,True,False,True,False
1.0187069912422557,-0.26695916495145877,-0.6215442765245822,1.1036757709011675,0.9583745198842547,-0.24307734120851135,-0.12597508565775492,-0.2443467722283151,2.0144383368132437,-0.4255078265649057,-0.6967004015172752,1.6909983525963563,-0.2619090881531741,0.537919552713536,1.406523334941091,0.4472135954999579,-0.10743430102320352,-0.26128988034481415,-0.2554784322898462,-0.1863944303539012,-0.19481573982869824,0.07509849627705248,-0.2597093681102907,0.04583796386083702,0.06298349710466027,0.16895111032944904,2.087726305789448,2.2896469169711886,2.2151221131210965,0.9212808861741613,0.8789350485307733,-0.010192930259060949,0.23040780653682147,-1.4403141318746746,-0.017148642382772285,-0.23115746368618564,-0.2312213885070804,-0.13305959251071614,-0.25674567263633585,-0.26235871478823525,-0.5946045171697223,1.4825163172976437,False,True,False,False,False,False,False,True,False,False,True,False,True,False,False,True
0.5754976460957346,-0.26695916495145877,-1.2704044350176824,0.4955468160341127,0.4819798904034062,-0.18879669008507302,0.32538769548095037,-0.1909003089182478,0.7805066717292963,-1.4213831130628716,-0.26038483224594355,0.44568007390394265,-0.21111545369593956,0.355007092007574,1.406523334941091,0.4472135954999579,0.3646102842971691,-0.21465703540610936,-0.22014447793105482,-0.1768948775584213,0.0018604928321960669,0.042789475069427985,0.39417270013516836,0.2443842756295532,0.27474544223835895,0.3561333749421685,1.5132720939105098,1.5737283995144165,1.5698581259633686,0.06176670719392399,0.08596726732788773,3.030051797606448,0.23040780653682147,-0.8670848603109054,-0.017148642382772285,-0.17379015883300664,-0.1738558720073378,-0.12586773265081555,-0.21814224571205124,-0.2175814130471826,-0.3621821082530721,-1.7865251819290904,False,True,False,False,False,False,False,False,False,False,True,False,True,False,True,False
0.6535674607564356,-0.21317647165530781,-0.5768499517949777,0.2928371644117611,-0.11351339644765476,-0.10832929240613812,-0.6842608803084929,-0.10068812562418517,0.08016707803300122,-0.019003665078972967,0.14392622944162634,0.4280556922875642,-0.11999428397282014,0.14955109599294242,-1.1190997577057242,0.4472135954999579,-0.11137125473881852,-0.10605655554885612,-0.09420793612688512,-0.13889666637650153,0.34690094410125494,0.38835409311352853,0.276787844676391,0.4121229142246367,0.3738627446003817,0.4907628252298961,-0.1462622959619791,-0.13396714671274337,-0.35375904329929125,0.6634266324800899,0.7908275172860081,-0.20827246995905904,0.23040780653682147,0.9721866343542471,-1.4907220005839827,-0.07040519577026315,-0.07026373735200318,-0.11342490180285152,-0.10474133277774501,-0.10675807816416757,-0.10502518316345343,0.26686266352295,False,False,False,False,False,False,False,True,False,False,True,False,False,True,False,False
-1.782640309809126,-0.26695916495145877,-0.294322297876559,-1.1261303969447,0.4819798904034062,-0.2405100131148352,1.8598593018711567,-0.2584743405554985,0.11351658249473001,-0.39477910889743467,-0.5033178709876274,0.2488831105415274,-0.2672386439654589,-1.1839891414672798,-0.18536669909735656,0.4472135954999579,0.6033568633439446,-0.2641808653410142,-0.2544236873836136,-0.18006139515691458,0.7530368137048231,0.28187623200594425,0.4491582376921629,0.6286477528680783,0.6845862529740344,0.33482339404779604,0.5923216907395138,0.713312566607655,0.5593503724899455,0.23366954298997153,0.7908275172860081,-0.02952738732141136,0.23040780653682147,-1.3710135559254821,-0.017148642382772285,-0.23569732234363144,-0.23576110564015357,-0.13070711498644957,-0.25690629715890567,-0.26647807073359925,-0.1365492273273297,-0.012148860733831467,False,True,False,True,True,False,False,False,False,False,True,True,False,False,False,True
-1.3504103529047486,,,-0.720711093699997,-0.45757618440604575,-0.24806529293336782,1.9743126308686911,-0.2674955588849047,-0.7535705335102068,-0.7451061172861799,-0.0423023523340042,0.01811814321232398,-0.2751473284166447,0.3643014800871145,1.406523334941091,0.4472135954999579,-1.2862573352909656,-0.2658149003388664,-0.2648656619553161,-0.1863944303539012,1.175573494195681,1.2382232597520697,0.9440280757051995,1.0355149640618153,1.118535346694166,1.101982706245152,0.32789038685873145,0.34550121818949775,0.25498056722686596,-0.3679903822961944,0.702719986041243,0.2656190184467133,0.23040780653682147,-0.0978230829381863,-0.017148642382772285,-0.24188803869469394,-0.24195162900343517,-0.07341736821901713,-0.2634383610767458,-0.2718828994560749,-0.5977395749481123,-0.012148860733831467,False,True,False,True,True,False,True,False,False,False,True,False,True,False,False,True
0.4909086330081394,-0.2346895489737682,0.9332787298487188,-0.5180014420776453,-0.6428407625374868,-0.21358974424685973,0.14379506448206358,-0.23413407223276084,-0.42007548889292357,-0.7505381572042206,0.16004144031909698,0.06927745991728962,-0.24160900548927008,-1.161597911590261,-0.740327465207641,0.4472135954999579,0.20253847252865845,-0.22735223038942254,-0.2169802432123571,-0.17372835995992797,0.3198030020623112,-0.09339918394506451,0.19232705593857155,0.10847574868368456,0.23965110624834327,-0.06332257810526587,0.7199781822681653,0.5294068923985763,0.7176226712267461,0.10474241614293588,0.6146124547964777,0.27193231054870526,0.23040780653682147,0.5552239955657686,-0.017148642382772285,-0.20495009780002113,-0.20501483960252176,-0.10211856754995936,-0.2216759852085877,-0.2374185952242773,0.2505041697720888,-0.2513922320029726,False,True,False,False,False,False,False,False,False,False,True,True,False,False,True,False
-0.8368687260987676,-0.27054467783786884,-0.3841761704092974,1.3063854225235192,-0.8810380772779112,-0.24865211078335095,1.2440618347031434,-0.2654530188857939,0.01346806910954482,-0.8990953903566737,0.745385057845169,-0.8245293588222189,-0.2738469071478255,0.6875857683376625,1.406523334941091,0.4472135954999579,0.6315122976047434,-0.26543781533936206,-0.26054120783976253,-0.18956094795239453,0.5572271325017482,0.5384571418890549,0.2198283127592987,-0.15531589796862644,0.4834878924695888,0.5406466241495288,0.7199781822681653,0.5294068923985763,0.7176226712267461,0.06176670719392399,-1.411860763833119,0.4782980461325678,0.23040780653682147,-0.2948228498290522,-0.017148642382772285,-0.24064989542448145,-0.24071352433077883,-0.09468546818953555,-0.2613502422833379,-0.27083114900192495,-0.23605872245810244,-0.012148860733831467,False,True,False,True,True,False,False,False,False,False,False,False,True,False,False,True
0.12573580276356489,-0.25620262629222856,-0.7897388724408055,0.2928371644117611,0.25701575981522723,-0.18146146696028406,0.47920891299979673,-0.1968577172489878,0.9806036984996656,0.610599123799875,-1.0421231692507233,1.026431595161231,-0.22169736034722112,0.40894071379729874,0.7600318074322252,0.4472135954999579,-0.27412866882213355,-0.21164035541007456,-0.2072765900750174,-0.16422880716444802,0.6259322838010744,0.07194639664705253,0.38076159341395066,0.5062568031593982,0.4834878924695888,0.6030172999379316,2.087726305789448,2.2896469169711886,2.2151221131210965,1.1791351398682322,0.9670425797755384,-0.37675845293096977,0.23040780653682147,0.8247949952571161,-0.017148642382772285,-0.17709187422023995,-0.17715748446775462,-0.11919248741434393,-0.20925435546318683,-0.21545843527875255,-0.138846266300185,-1.297884206509632,False,True,False,False,False,False,False,True,False,False,True,False,False,False,True,False
-1.3940129301067368,,,-0.3152917904552937,-0.7354730516032078,-0.2435174545959987,3.017129904291975,-0.26647428888534935,-0.18662895766082496,-0.8279546176175195,0.8566101347892071,-0.06466356950098695,-0.2745055620761885,-0.42269268114423203,1.406523334941091,0.4472135954999579,0.7395846412119551,-0.2648093403401881,-0.26201785070848815,-0.1832279127554079,-2.724765094950658,-4.830902108636772,-3.624001198261245,-3.1896445367961848,-2.8871485953377776,-3.7665283134688115,0.38260031179958304,0.41118181612131166,0.27933015164791297,-0.9266745986333482,-0.09024779516164261,0.37057749964232983,0.23040780653682147,1.3438335819702525,-0.017148642382772285,-0.23631639397873772,-0.23638015797648176,-0.13219103072140623,-0.2612967007758146,-0.27012024360252435,-0.3763730444008174,-0.012148860733831467,False,True,False,True,True,False,True,False,False,False,True,False,True,False,False,True
-0.2612865900796046,0.5828073891277263,2.3105637855879064,1.407740248334695,-0.5634416576240122,0.2633464633269186,-0.4651916139325605,0.29964971420154185,-0.053230939813911575,2.341314512683737,0.42940643708878173,0.25009315967245205,0.287109952830029,0.9002114839436216,-0.7432332807598654,0.4472135954999579,0.9963446891828923,0.27404512395153025,0.3346513427472807,-0.09836524111578711,-0.2916467422328575,-0.4414979666391607,-0.29481162645394554,-0.14730223133316167,-0.19557698287554548,-0.16801184826728977,-0.3559836749019086,-0.35728117968090956,-0.40245821214138533,0.3196209608879953,-1.852398420056944,-0.5689192812853504,0.23040780653682147,0.2354960658927605,2.062075410472986,0.39678753152325225,0.39561737456525325,-0.12092995058005145,0.27829461204379735,0.27833840291970613,-0.04655043157367158,0.045966054010789015,False,False,False,False,False,False,False,False,False,False,False,True,False,False,False,False
-1.0148285395748218,-0.2526171134058185,0.928618271695727,1.0023209450899917,-1.2780336018452851,-0.23808938948365485,-0.030167961707502293,-0.24689994722720365,1.0139532029613942,1.160387264429268,0.9752903793821686,-1.1958698524322873,-0.2597594121781874,0.5141283788590725,1.406523334941091,0.4472135954999579,0.7871026259787866,-0.2527426203560489,-0.24714594753060878,-0.1832279127554079,-0.762174339902504,-0.7719329132174768,-1.5145609284359836,-0.8303728834508477,-1.2032305050568282,-0.9502906130089023,-0.5930600163122645,-0.863021783755877,-0.47550696540452303,-0.4969175091432296,-1.4999682950778843,-0.4631716385769849,0.23040780653682147,-0.658438506079899,-0.017148642382772285,-0.22909389156916482,-0.22915788071931992,-0.09875122230387327,-0.24860736349279736,-0.25875549563994416,-0.027974091087766117,-0.012148860733831467,False,True,False,True,True,False,True,False,False,False,False,False,True,False,False,True
0.6490361888454811,-0.223933010314538,-0.719522350061621,-1.0247755711335242,1.6994328324100192,-0.035343822314487953,0.09721792294791352,-0.04332679398248874,2.047787841274973,-0.027222527853182805,-1.4546424458244815,2.1672106863354115,-0.1267569571017627,0.7134107827889349,-0.9916129054831897,0.4472135954999579,-1.6392342897464678,-0.06332025560502962,-0.01953199676561866,-0.1306637206204189,-0.5240153882256339,-0.23636768805759079,0.7117986545147186,-0.6283218995907682,-0.7724160114158832,-0.6723410660995509,-0.4836401664305626,0.30609285943041015,-0.7190028096149866,1.3080622667152677,1.0551501110203036,-0.20551040466443757,0.23040780653682147,3.2655292087173207,-3.191771539940169,-0.019641321691550792,-0.01912754574620171,-0.11538815713392697,-0.04793379329554534,-0.0747965504750649,0.1492915306330879,-0.012148860733831467,False,False,False,True,True,False,False,True,False,False,True,False,False,True,False,False
0.26530226742135077,-0.2633736520650487,-0.33171217158351624,0.2928371644117611,0.13791710244501523,-0.23676904932119283,0.1617178025809747,-0.2472403705603888,0.6137591494206548,1.3797609305787886,-0.46099661625333527,0.02813546926335258,-0.25928894437221384,-0.6769654664339343,-0.49935407999737247,0.4472135954999579,0.19557249124035167,-0.25085719535852713,-0.2480952179462181,-0.18956094795239453,-1.2199100487445933,-0.7949554606530814,-0.9263461152102028,-0.3100301438229685,-0.5215872122480538,-0.16654843990794577,0.7199781822681653,0.5294068923985763,0.7176226712267461,0.8783051772251493,-0.17835532640640778,-0.48881938774132727,0.23040780653682147,-0.6800688888384492,-0.017148642382772285,-0.22620489060533566,-0.2262689698164552,-0.10434552861158032,-0.24882152952289047,-0.2583951737252595,-0.08461323421328842,-0.39336242309112823,False,True,False,False,False,False,False,True,False,False,True,True,False,False,False,True
,-0.2741301907242789,-1.5295774418766945,0.4955468160341127,-1.1854013127795646,-0.25459364151443004,0.7701355896528234,-0.27226148554949675,-2.287647738749709,2.2711100561984248,1.0092528097828193,-1.3054020037916423,-0.27863602814709454,0.09288947536906983,1.406523334941091,0.4472135954999579,1.6347679482212345,-0.26606629033853596,-0.26644777931466496,-0.1863944303539012,-0.7023673079858881,-0.8869923574615255,-1.2553934265749385,-0.7727837523547728,-0.8101272920619531,-0.6028157653045142,0.32789038685873145,0.34550121818949775,0.25498056722686596,-1.1415531433784076,-0.7070005138749978,-0.5641843122088565,0.23040780653682147,1.6116646642836756,-0.017148642382772285,-0.2423007531180981,-0.24236433056098727,-0.06594479255369988,-0.2643485667046416,-0.27457070617205104,-0.06665150399130536,-0.012148860733831467,False,True,False,True,True,False,True,False,False,False,True,False,True,False,False,True
-0.48199866388296747,-0.25978813917863863,2.432006454402694,0.7996112934676401,-0.6825403149942242,-0.24945898532707775,0.07644699734649166,-0.26579344221897905,-0.8536190468953914,2.4903488844776396,0.721362850976416,0.06423430587848927,-0.27279016407594653,-0.005828539039945547,-1.145867031711034,0.4472135954999579,-2.3082394372133024,-0.26606629033853596,-0.2632835445959672,-0.1863944303539012,0.1614854610176312,-0.4832013901909498,-0.24365953552607786,0.05903365719685527,0.07705752176585923,0.18139153160833,0.32789038685873145,0.34550121818949775,0.25498056722686596,-0.3250146733471825,0.5265049235517126,-0.5779946386819639,0.23040780653682147,-0.03780119164510297,-0.017148642382772285,-0.24044353821277936,-0.2405071735520028,-0.1074591018054625,-0.26274232147894316,-0.26960410680558355,-0.803800184263993,-0.012148860733831467,False,True,False,True,True,False,False,False,False,False,True,False,False,True,False,True
0.47177434958222164,-0.27054467783786884,-1.02400299824235,-1.1261303969447,0.6275449160781097,-0.23750257163367172,0.5202079907304776,-0.2514956622252031,0.947254194037938,-0.6239818831217692,-1.1397933959239919,0.8403459747089007,-0.2640997792702201,-0.9052984726027811,-0.5557241078771388,0.4472135954999579,-0.020343135642499312,-0.2565134703510924,-0.25052113123055303,-0.18006139515691458,0.9245616047951708,1.2382232597520697,0.9440280757051995,0.7938116702833571,0.860743805870325,0.8741136036122726,0.38260031179958304,0.41118181612131166,0.27933015164791297,1.2650865577662558,1.0551501110203036,0.14172066094512087,0.23040780653682147,0.16683694488335224,-0.017148642382772285,-0.23115746368618564,-0.2312213885070804,-0.10676719665126647,-0.2516592294216243,-0.26096611927959074,-0.1261751621841658,-1.2503364335514582,False,True,False,False,False,False,False,True,False,False,True,True,False,False,False,True
0.2609059195843258,4.189833352856251,0.6848993470638234,1.2050305967123434,-0.9339708138868945,4.664040224812808,-0.5664881626189469,4.270347472473038,-0.6535220201250215,0.8166511727898419,1.282533652186282,-0.15282527994404896,4.841095967984303,0.6816213138463135,-1.6962627917180981,0.4472135954999579,1.7103572721889988,4.346814508598196,4.959074909633392,2.642572392140025,-0.8929135243885722,-0.7126680345567189,-0.4324161451397358,-0.8227987724735847,-0.8881847115886706,-0.8500662365190579,-1.1857508698381536,-1.1782886538285833,-1.2181692902464372,-0.5398932180922414,-1.323753232588354,-0.41384904403017264,0.23040780653682147,0.8045844498969562,0.26875502096993265,5.560257682732767,5.558663538662972,-0.1254165419234186,4.592348039224529,5.053636048086898,-0.18334977548995318,0.581679499942652,False,False,False,False,False,False,True,False,False,False,False,False,False,True,False,False
0.72090900362286,0.08083558503031743,1.152615328155895,0.6982564676564643,-0.7354730516032078,0.0419694294207877,-0.601757438397643,0.09590634929023434,0.3136136092650998,2.7627153954860213,-0.1550335237525723,-0.4044416320035107,0.054032963784496346,0.7430044414925424,-1.2327774279202368,0.4472135954999579,0.8304706267987156,0.1398028641279811,0.1443753616629238,-0.007802837798878356,0.04548076119652486,-0.07148937223106996,0.08292266476952875,0.10465872362933067,0.027836228213931467,0.10080272308749454,-0.19185390007935518,0.16816360377359987,-0.3050598744571989,0.06176670719392399,-0.8832155763645282,-0.5929887074241948,0.23040780653682147,0.4357866458446466,-0.9862101506408352,0.1590640236424529,0.15930709138384383,-0.1074653007295087,0.13217983801276728,0.057753222034552326,0.36385548454321914,-0.13821214298017848,False,False,False,False,False,False,False,False,False,False,False,False,False,True,False,False
,-0.2741301907242789,-1.5295774418766945,-2.747807609923513,-1.2251008652363022,-0.2574543785330977,0.8166639906935839,-0.27243169721608934,-1.6873566584385993,2.0201473651201187,-0.9174938514833685,-0.5251160518673588,-0.2801149859166421,0.050713788153337505,1.406523334941091,0.4472135954999579,-0.9475614799500349,-0.2685801903352316,-0.26592040686154866,-0.18956094795239453,1.175573494195681,1.2382232597520697,0.9440280757051995,1.0355149640618153,1.118535346694166,1.101982706245152,-0.30127374996105827,-0.36384923947409203,-0.14678757572039824,-0.8836988896843365,0.26218232981741807,-0.5468227589283785,0.23040780653682147,-1.8610379232874337,-0.017148642382772285,-0.20195791823034093,-0.20202275331026898,-0.18465432790827174,-0.2654193968551071,-0.27688845254316025,1.7595065692413523,-0.012148860733831467,False,True,True,True,True,False,True,False,False,False,True,False,True,False,False,True
1.2967535960531955,-0.25620262629222856,-0.0139191875921594,0.2928371644117611,0.6540112843826013,-0.22055820621540922,0.3878992258910947,-0.24094253889646366,0.1802155914181864,-0.40592405757919203,-0.5829149639665362,0.9939840570191688,-0.25241528909416977,-0.6773159379295214,-0.961308309900758,0.4472135954999579,-0.011999672854376036,-0.2415557653707531,-0.23860251379012493,-0.17056184236143465,0.0452205909717442,-0.22370850240760284,-0.0015830797336980453,-0.05291961365390055,0.2893332567831091,-0.21733585613245765,-0.5109951289009877,-0.40982565802636034,-0.4268077965624307,1.3510379756642796,0.9670425797755384,-0.022424933706670393,0.23040780653682147,1.3726172023081376,-0.017148642382772285,-0.2051564550117232,-0.2052211903812978,-0.13010327048824216,-0.23843447706337423,-0.24572547612547757,-0.19339382418915163,-1.3325387473442292,False,True,False,False,False,False,False,True,False,False,True,False,False,True,True,False
,-0.27054467783786884,0.9619183708591831,-1.734259351811755,0.6937108368393388,-0.2546669937456779,1.9207471534808256,-0.26936788721742305,1.2473997341934924,0.06263884325791172,-0.6184587935654434,-0.11514400678026215,-0.2782210514156717,1.0655739359970973,1.406523334941091,0.4472135954999579,0.21368316258499215,-0.2673232403368838,-0.2638109170490835,-0.18956094795239453,0.02320072922063207,-0.06588632353808549,-0.4056169370576067,-0.07412288464835914,-0.06496218163344748,0.05585637143058852,0.7199781822681653,0.5294068923985763,0.7176226712267461,-1.7432130686645733,-0.26646285765117295,-0.2370768651743974,0.23040780653682147,-1.0067082846588946,-0.017148642382772285,-0.2412689670595877,-0.24133257666710703,-0.11467898167533427,-0.26381315162940877,-0.27513553511967515,0.6368344727181996,-0.012148860733831467,False,True,False,True,True,True,False,False,False,False,True,False,True,False,False,True
-1.0486066817952708,-0.223933010314538,0.06908797752082542,0.1914823386005853,-0.13997976475214674,-0.1537343235485818,0.2665050624633079,-0.18885776891913694,0.11351658249473001,1.2372302734366127,-0.15510882847629878,0.7464681213217481,-0.20236957781566242,0.6460454968921685,-0.1476173024889409,0.4472135954999579,0.4536653410255575,-0.18147355544972643,-0.17373570205682143,-0.13699675581740553,0.29420863918408846,0.1821345174557477,0.27610559495141374,0.2367572488348549,0.21336545795280018,0.019487971242760308,0.7655697863855414,0.7658570449531075,0.7906714244898855,0.9212808861741613,0.35028986106218324,-0.47264157672997287,0.23040780653682147,1.829737735240948,-0.017148642382772285,-0.1560434386266275,-0.15610970503259727,-0.10844935138394493,-0.17707590944169577,-0.18651582093105112,-0.028979789522193652,-0.2832103654992473,False,True,False,False,False,False,False,True,False,False,True,True,False,False,True,False
0.17116229927266075,0.04139494327980673,1.2313008551356779,1.407740248334695,-0.7751726040599447,-0.03387677768953016,-0.9110620775181334,0.008928187661430559,-0.28667747104601016,1.0667647497118973,0.07208552300654686,-0.5642061514762128,0.0077341063658704695,0.3813387735275927,-1.2451183205218705,0.4472135954999579,0.5667045114084976,-0.08871064557165595,-0.1117167015703459,-0.1458630050931868,0.09064608299198502,0.20905182020148602,0.2526429023956181,0.06763701672870119,0.08623353784451851,0.07363196050547259,-1.1036859824268757,-0.9549746208604154,-1.1816449136148668,-0.06716041965311119,0.08596726732788773,-0.45093963512937546,0.23040780653682147,0.06229630492151892,-0.9302391327424698,0.051964630769071936,0.052113094708179035,-0.1402938202853103,-0.10682945157115292,-0.0004533748510773264,-0.833433542359165,0.31730523143814715,False,False,False,False,False,False,False,False,False,False,True,False,False,True,False,False
-0.38675766060237293,3.738058729168583,1.7552852677922872,1.3063854225235192,-1.5294641007379555,2.2750314053002914,-0.4472021728738443,2.396827658288609,-0.720221029048478,1.1323144363191944,2.0763207449873016,-0.7430275981793714,2.8558569354792587,0.10856113478104991,-1.565020855471563,0.4472135954999579,1.7989447198544042,2.347258451226455,2.319681256276991,1.9256728078411387,-1.315325760629113,-1.2326747052810938,-0.9190270943723182,-1.24887432442665,-1.4537553917959294,-1.4150151184327031,-2.58085395582986,-2.8203036021239294,-2.593920810035555,-1.270480270225443,-1.6761833575674148,-0.45962041176961443,0.23040780653682147,-0.9974652508585263,-2.3398050434174227,3.1450528769715906,3.151287460302334,-0.12744177314548535,2.3401780667652954,2.3653229335684918,-0.036331604641290025,0.6389148338445346,False,False,False,False,False,True,False,False,False,False,False,False,False,True,False,False
-0.18643096904507603,-0.26695916495145877,-1.019068043517035,-0.1125821388329421,0.5349126270123892,-0.23068081412761798,-0.19598619086825872,-0.22715539390246542,1.280749238655221,-0.4635924966975821,-0.5533202075420223,0.9891946651496861,-0.24590111947299784,0.8892473166323323,0.6910154472845433,0.4472135954999579,-0.2948131840529326,-0.24972594036001405,-0.23923536073386448,-0.17056184236143465,-0.3060486322008181,-0.6247904306624459,-0.4056169370576067,-0.7082016553398912,-0.4031043325842021,-0.5419301056063085,1.5132720939105098,1.5737283995144165,1.5698581259633686,0.5344995056330547,0.7908275172860081,0.015060238148906937,0.23040780653682147,-1.457069309543775,-0.017148642382772285,-0.22331588964150648,-0.22338005891359042,-0.11123312991925913,-0.24223592409752706,-0.24971823247917704,-0.20595686161614304,0.49444792063984544,False,True,False,False,False,False,False,True,False,False,True,False,False,False,True,False
0.4484816736112787,-0.25978813917863863,-0.8393344942778654,-0.6193562678888211,0.7201772051438302,-0.2207782629091529,-0.4242457890510875,-0.2067299939113569,1.1473512208083072,-0.6028422725321582,-0.4686776980734381,0.1207508224982111,-0.2297170269475084,-1.0467635429395146,0.719120841147194,0.4472135954999579,-0.19639042872592483,-0.24281271536910096,-0.23902441175261796,-0.1832279127554079,-0.21740457335657903,-0.3381729398294401,-0.3611231454280665,-0.037541417108465674,-0.12131920679190224,-0.07826238944307863,2.087726305789448,2.2896469169711886,2.2151221131210965,0.8783051772251493,0.8789350485307733,0.12278078463914495,0.23040780653682147,-1.6492183031923777,-0.017148642382772285,-0.2051564550117232,-0.2052211903812978,-0.1326192892307732,-0.24025488831916572,-0.23800290103200192,-0.6238101255425529,0.7085580332318726,False,True,False,False,False,False,False,True,False,False,True,False,False,False,True,False
-0.30618099103670504,-0.23110403608735813,-0.45476068274374953,0.5969016418452885,-0.6163743942329952,-0.1691382921106386,-0.5167877545744988,-0.1580494572658816,0.5470601404971984,-1.5026976373909038,0.24084340887762976,0.106642354784272,-0.1800766417787628,0.5360829440839302,0.7558618563912607,0.4472135954999579,0.9636829218643834,-0.19856807542725702,-0.18765833481909144,-0.1610622895659547,-0.008605737753216568,-0.22370850240760284,-0.25374605451742166,-0.05291961365390055,-0.04234757918133102,0.026982396159684598,0.7017415406212143,0.5294068923985763,0.7297974634372696,-0.3679903822961944,-0.0021402639168774332,4.722014080940296,0.23040780653682147,0.010780868635151914,2.083321874222827,-0.1391221472670567,-0.13937149014322053,-0.13441977766088894,-0.19345961074381934,-0.18115968435975383,-0.4670861658099539,-0.04615810419929061,False,False,False,False,False,False,True,False,False,False,True,False,False,False,False,False
0.6513189515239419,-0.26695916495145877,0.5156703403587078,-1.9369690034341065,-0.7222398674509617,-0.24571802153343536,0.805946368759081,-0.2668147122185345,-1.1871140915126746,1.1860163513686224,0.3434084425931206,-0.06311166847977646,-0.2730676194487001,0.1164877004033451,1.406523334941091,0.4472135954999579,-1.611890233065637,-0.2648093403401881,-0.26180690172724164,-0.1832279127554079,0.7228556222411908,0.2135657300240756,0.41381039211980364,0.5995858092113832,0.6535898891368825,1.101982706245152,0.32789038685873145,0.34550121818949775,0.25498056722686596,-0.11013612860212307,0.702719986041243,-0.46632828462798087,0.23040780653682147,1.876054167332417,-0.017148642382772285,-0.2377608944606523,-0.2378246134279141,-0.12198911004357944,-0.26118961776076804,-0.2680264811242188,-0.684978269607866,-0.43510383708235706,False,True,False,False,False,False,False,False,False,False,True,False,True,False,False,True
-0.7744601739961465,-0.23827506186017824,-0.13107499781219928,-0.6193562678888211,1.0907063614067127,-0.18336862497272918,0.03767528425275189,-0.20894274557706033,-0.25332796658428197,0.35622774177242433,-0.43358569681688985,1.104326165739481,-0.21728943890356145,0.5914033245563327,-0.7502616876167602,0.4472135954999579,-0.5408396013249395,-0.2043500454196571,-0.19862768184391025,-0.18006139515691458,0.390012341733816,0.4300426729243643,0.27490829472983347,0.34785207190339423,0.38510025871648684,0.3240183333126281,-1.176632549014678,-0.6331396909945284,-1.1694701214043448,1.1791351398682322,0.8789350485307733,-0.32151714703854006,0.23040780653682147,1.1154900450169065,-0.017148642382772285,-0.1634722982479025,-0.16353833306853516,-0.12373271103215348,-0.20309708209800967,-0.2087973490690686,-0.14070839550934014,2.91782913643706,False,True,False,False,False,False,False,True,False,False,True,True,False,False,True,False
-1.2385898882781545,-0.21317647165530781,-0.2327797175933853,-1.3288400485670517,0.24378257566298173,-0.13605643581784038,-0.5474162457858591,-0.15090056726899362,-0.053230939813911575,0.11726718297996307,-0.0517154427998165,0.7492584099829066,-0.16352100031932507,-0.09104919332643704,-1.41746865665242,0.4472135954999579,-0.9132413165069172,-0.13597196550953466,-0.1515860590259373,-0.1407965769355975,-0.5785605057532929,0.15203277131979254,0.24630036675731173,-0.6854377308046302,-0.44504102232352477,-0.5505145067125774,-1.176632549014678,-0.6331396909945284,-1.1694701214043448,1.2650865577662558,0.9670425797755384,-0.25483299921124986,0.23040780653682147,1.6734823038654096,-3.1901016050878557,-0.08650105828302561,-0.08615798659089816,-0.12106456286776665,-0.14677141618351952,-0.14373489736765044,-0.20481133679477573,1.8564708393070377,False,False,False,False,False,False,False,True,False,False,True,False,False,True,False,False
-0.8850859842372673,-0.24903160051940845,-1.0669841502228892,0.39419199022293694,-0.6296075783852412,-0.09989378581263081,0.5629268975212585,-0.1245177589471451,0.3136136092650998,-0.8282534474922516,0.2152398028106203,-0.5003544301082034,-0.14300136601263339,0.6687686211471278,0.6212867409714247,0.4472135954999579,0.2812603827625713,-0.15784289548078706,-0.15053131411970475,-0.15029612973107745,-0.595607659642689,-0.8054772378971727,-0.7236154880099535,-0.5696597869490698,-0.5221488980559011,-0.5689533299107267,0.7838064280324923,0.35206927798268023,0.8880697621740719,-0.4969175091432296,0.08596726732788773,0.37097208039870433,0.23040780653682147,-0.2690307413269369,0.2857481812896953,-0.1069304222415318,-0.1070324718194032,-0.12350630301796517,-0.15635534603018658,-0.15008435381206897,-0.26395143605393967,0.7027027432641989,False,False,False,False,False,False,True,False,False,False,True,False,False,False,False,False
-0.14579528689393734,-0.026729801561984484,1.2726653195383493,1.3063854225235192,0.25701575981522723,-0.033216607608299156,-0.27606711423680635,-0.04860335564685844,-0.18662895766082496,1.0302169189349861,-0.10917294700313478,0.3338476827077032,-0.0599987817618264,0.6473305657142312,-0.8998074157833607,0.4472135954999579,-0.2790387062949952,-0.02988538564897711,-0.03303273156539565,-0.014135872995864981,0.6916725655007546,0.5715581117796831,0.5251341049389997,0.5695591537320565,0.6215646003590755,0.5671994512694147,-1.2222241531320541,-1.0337913383785924,-1.2425188746674827,0.44854808773503096,0.1740747985726529,-0.44581008529650695,0.23040780653682147,0.542231720395738,-0.7134886753007522,0.011724974487165791,0.011799398790672098,-0.11379116199719892,-0.030693427873049305,-0.05370311081270349,0.10068274430973777,-0.6635986122223846,False,False,False,False,False,False,False,False,False,False,True,False,False,True,False,False
0.11826188654500164,-0.19883442010966756,-0.4533354696141515,0.6982564676564643,-0.21937886966562126,-0.1549813114797959,-0.22337112472833384,-0.08775203896314977,0.04681757357127302,-0.1729041742232615,-0.9059722287532143,-0.49349165349078394,-0.10770180463212713,-2.501223980931342,-0.303957874144016,0.4472135954999579,0.9464388139527117,-0.16010540547781318,-0.16318825299449566,-0.16422880716444802,-0.22620696240904078,-0.6200813913185877,-0.2755563592084251,0.032809040740774,-0.19770834989769373,-0.09783991472700534,1.5132720939105098,1.5737283995144165,1.5698581259633686,0.10474241614293588,0.1740747985726529,-0.14592871045188832,0.23040780653682147,-3.181596319689429,-0.017148642382772285,-0.10280327800749015,-0.1028712041083757,-0.1267447117518145,-0.1649219872339113,-0.17331050967142714,-0.046242817706652575,-1.1952330216614364,False,True,False,False,False,False,False,False,False,False,True,True,False,False,False,False
-0.2997363433252619,-0.24544608763299838,-0.9880379636914592,0.5969016418452885,-0.6693071308419787,-0.10099406928134916,0.4379901848598808,-0.15549628226699302,-0.5201240022781082,-1.597281197315166,1.0864401516024802,0.5865440628662892,-0.14319679110126854,0.37643633194598786,0.20079380816400766,0.4472135954999579,0.42745756672728646,-0.14954702549169133,-0.1431480997760767,-0.12686389950222693,0.3667916272438619,0.6045700143742829,0.5432745872529176,0.31663302035755503,0.2879088605550254,0.25481291363458525,-0.7754264327817688,-0.7645008868581561,-0.767701978457079,0.6634266324800899,0.1740747985726529,10.510908357710559,0.23040780653682147,0.15017592735300891,0.143525585013346,-0.08712012991813185,-0.08720930217939098,-0.1275934125405488,-0.1470926652286592,-0.14387123539160016,-0.2077071257735925,1.3228450753552001,False,False,False,False,False,False,False,True,False,False,True,False,False,False,False,False
1.2666782181665894,-0.26695916495145877,-0.9061845069240031,-1.1261303969447,-1.0663026554093524,-0.21806423035298098,0.4337471814314601,-0.2516658738917957,-1.2538131004361315,0.6790962413057721,0.16749660796802032,-1.0046081027546412,-0.2526227774598812,0.1225690544276505,-0.8602465786574144,0.4472135954999579,0.21031760453261023,-0.24369258036794442,-0.2343835341651946,-0.1610622895659547,-0.08416319298201907,-0.009185906873302499,0.02191036512191202,0.12574977133048787,0.14821439179201876,-0.04160881504282422,-0.30127374996105827,-0.36384923947409203,-0.14678757572039824,-0.11013612860212307,0.702719986041243,-0.38977961789132826,0.23040780653682147,2.0989376404164823,-0.017148642382772285,-0.20804545597555235,-0.20811010128416255,-0.1301114748971852,-0.2363998997774896,-0.24362197521710172,-0.18613576520099503,-2.670868546824216,False,True,False,False,False,False,False,False,False,False,True,True,False,False,True,False
-0.03897836842431417,-0.2024199329960776,0.5548855788742635,0.7996112934676401,-0.6428407625374868,-0.16943170103563016,0.3947570491644621,-0.18987903891869237,-0.32002697550773834,0.05857704764352084,0.5748951633283766,-0.25681047039168636,-0.19550557315927936,0.6822842896349242,-0.05539266303404162,0.4472135954999579,0.20473326922277713,-0.1955513954312222,-0.18618169195036585,-0.15219604029017345,0.6214270279781616,0.6894995553075776,0.4572708579874628,0.4352190786940091,0.5494217811595663,0.4731635978866643,0.23670717862397928,0.2863886800508664,0.31585452827948185,0.23366954298997153,-0.17835532640640778,-0.23589312290527392,0.23040780653682147,-0.8172922847088959,1.5020854197687605,-0.17544101652662328,-0.175593851607012,-0.10210601637457373,-0.1906754523526088,-0.20373336540188783,0.06189193130093387,-0.1290695397932198,False,False,False,False,False,False,False,False,False,False,True,True,False,False,True,False
-3.905446084145382e-05,0.027052891734166477,-0.39407936350425576,-0.1125821388329421,1.0377736247977296,0.7100615516265663,0.146837790402513,0.46305291413041,0.2802641048033716,-0.16927110056329922,0.1171177477949929,1.605587712624363,0.38813989834357554,0.5694487946175185,-1.6550406665758366,0.4472135954999579,-0.3144165948833415,0.5033128036501759,0.5015119869132744,0.06439376344676918,0.9449718879740994,0.8902689938686987,0.8048970848636112,0.8672953342959335,0.9391186872178123,0.8101745885956672,-1.4593004945424088,-1.0337913383785924,-1.5468886799305621,1.1791351398682322,0.9670425797755384,-0.14750703347738633,0.23040780653682147,3.0866366248503376,-1.3366705105199126,0.6896084149285077,0.690519549305473,-0.12281161166946589,0.4744171541015706,0.5873290525346431,-0.28903285939888784,2.334836260611139,False,False,False,False,False,False,False,True,False,False,True,False,False,True,False,False
0.9537984196337898,-0.22034749742812793,-0.17968744323422048,0.1914823386005853,-0.24584523797011276,-0.12490689666816117,0.7013412341380801,-0.16843236892802843,-0.01988143535218338,0.560146332876237,0.06432913646271753,0.37887369120157366,-0.18123712903349753,0.5656153183371299,-0.16838984983083755,0.4472135954999579,0.18228646917784072,-0.15784289548078706,-0.08893421159572223,-0.1610622895659547,0.4940627192104421,0.5698086704671524,0.5715454019319414,0.42302668914651526,0.5119398393434547,0.4420607172581797,-0.7754264327817688,-0.7645008868581561,-0.767701978457079,0.8783051772251493,0.702719986041243,-0.36689393402160736,0.23040780653682147,0.806011349159014,0.8683970500413076,-0.1335505025511005,-0.13369844319915059,-0.10761271558417108,-0.12599731126448702,-0.17346632455500263,0.6851280218876592,-0.750655783688965,False,False,False,False,False,False,False,True,False,False,True,True,False,False,False,False
-0.9251136125773084,-0.26695916495145877,-0.05025183812478611,-1.1261303969447,-0.28554479042685027,-0.2391163207211253,1.830724564165124,-0.25881476388868363,0.580409644958926,1.4698633439059128,-0.39118913735887123,-0.4286168985978923,-0.2698756763343259,0.22898987016488792,1.406523334941091,0.4472135954999579,0.2401932274057997,-0.2619183553439881,-0.2346999576370644,-0.1768948775584213,0.525517062671293,0.5025716999473652,0.9440280757051995,0.7225401862204914,0.45092135635551084,0.8069214323231025,0.38260031179958304,0.41118181612131166,0.27933015164791297,0.10474241614293588,0.26218232981741807,-0.49868390665068973,0.23040780653682147,0.42398012655208117,-0.017148642382772285,-0.23652275119043978,-0.23658650875525777,-0.10601512583148817,-0.24566258057901696,-0.26623460998014725,1.6742055031203367,0.10858757508685181,False,True,False,False,False,False,False,False,False,False,True,False,True,False,False,True
-0.050511752743847844,0.12386173966723821,1.6097299075691835,0.6982564676564643,-0.20614568551337573,0.0137288203903502,-0.46285688525729785,0.10628926095238117,0.6804581583441112,1.6146438151659546,-0.028145064273422504,-0.06145860074408253,0.03956909457007935,-0.3058834727038612,-1.401463598041116,0.4472135954999579,0.6726135334186375,0.049051074247267144,0.06843372841417826,-0.11736434670674699,0.1547918106336214,0.13984449521196918,0.17967466253655898,0.11704244770368728,0.15611359428517446,0.16012374869593243,0.8841079570907187,1.2978698882007993,0.6567487101741318,0.620450923531078,-0.4426779201407033,-0.5128888138801717,0.23040780653682147,-0.40349505495671756,2.0351613765228165,0.06888592212864272,0.06828719487339217,-0.10703692169222638,0.04571030336267071,0.013608918247181584,0.1361929515983624,0.18558213038354632,False,False,False,False,False,False,False,True,False,False,True,False,False,True,False,False
0.7129522074628458,-0.25978813917863863,-0.35807281789133777,1.2050305967123434,-0.17967931720888375,-0.23471518684625192,-0.5768487673789424,-0.23243195556683513,1.3474482475786775,-0.23622981688481723,-0.24539919222437037,0.24476855271114167,-0.25152501924594295,0.5341023574128524,-1.0486472364120558,0.4472135954999579,-0.553804735948468,-0.2385390853747183,-0.23744229439326908,-0.17056184236143465,0.8586709838275418,1.058908192049673,0.572875697195427,0.8829397598641658,0.955804436549119,0.8142979641711463,0.8567529946202935,0.5097027130190326,0.8393705933319778,1.007232304072185,0.4383973923069484,-0.11633515372380097,0.23040780653682147,-0.6231365434565315,-0.017148642382772285,-0.21341074347980651,-0.21347522153233991,-0.10724890277127637,-0.23656052430005944,-0.2513932424615561,0.31994243383519827,-2.1167404171148174,False,True,False,False,False,False,False,True,False,False,True,False,False,True,True,False
0.18768857747868262,-0.24903160051940845,-0.30389415042236384,1.1036757709011675,1.527401438430824,-0.21960462720918666,-0.8584770402587059,-0.2050278772454312,1.280749238655221,-0.0887473821232776,-1.1177291118721278,1.9089879607633609,-0.2307544687760654,-1.5792487658313368,-0.6499421431844841,0.4472135954999579,-0.9567947603032596,-0.21641676540379634,-0.09695027288308981,1.3810317809002888,1.175573494195681,1.2382232597520697,0.9440280757051995,1.0355149640618153,1.118535346694166,1.101982706245152,-1.8878615732457447,-1.4278749259694758,-1.9364820306673045,1.3510379756642796,0.8789350485307733,-0.18144097852559318,0.23040780653682147,-0.11997579415003741,-0.017148642382772285,-0.19772759539044824,-0.1977925623453599,-0.09681440712552337,-0.02464323752291871,-0.23021215692685587,7.969248935263981,-0.012148860733831467,False,True,False,True,True,False,False,True,False,False,True,True,False,False,True,False
-0.5798882561916173,1.1815880411582071,1.0414662808032404,1.407740248334695,-2.138190571741262,0.7013326361080674,-1.4784556516011704,0.7546254990034841,-1.320512109359588,0.33436136026795965,2.74668339560059,-2.299646285238208,1.2088625415704457,0.5249538446069137,-1.3598770992210494,0.4472135954999579,2.2044183570299736,1.2692981326433488,1.0423851748293398,0.35508007898845534,-0.4280212854039805,-0.5204923874538225,-0.5958294651664389,-0.4529913136264452,-0.5198967311468272,-0.4836074963543383,-2.3073043311256036,-2.748054944398935,-2.326075381404045,-2.0440430313076563,-2.6453662012598307,-0.31599301644929706,0.23040780653682147,0.448071546420653,-2.2779198704403765,1.420732015988987,1.4236802497528878,-0.11500946042261302,1.099835503481,1.2148247980144704,-0.17449954610977067,-0.11832882202484721,False,False,False,False,False,True,False,False,False,True,False,False,False,True,False,False
-0.6132785211593398,-0.1952489072232575,0.08143059996355827,-0.1125821388329421,-1.4500649958244807,-0.1472793271987675,-0.5405765155447576,-0.18290036058839695,-1.353861613821316,-0.38694940175277565,1.4681597961721005,-1.4054417306722615,-0.15629509735065467,0.2370270356626004,0.9621081678999711,0.4472135954999579,1.2946301554273987,-0.17443463545897853,-0.18871307972532403,-0.16422880716444802,0.5825395566646611,0.609047583603305,0.33629318691725835,0.5715435828759797,0.6236811170133194,0.6309199706853693,-0.5930600163122645,-0.7316605878922492,-0.47550696540452303,-1.0126260165313719,-0.8832155763645282,-0.03426235639790534,0.23040780653682147,-0.03034088845898377,-0.017148642382772285,-0.1333441453393984,-0.1334111193672315,-0.11986777446093444,-0.18398276391219884,-0.1590534479615944,-0.590020178174418,-0.4990892457550944,False,True,False,False,False,False,True,False,False,False,False,False,True,False,False,False
0.3808100298610863,-0.26695916495145877,-0.595810783829549,-1.6329045260005792,-0.7354730516032078,-0.23163439313384057,0.38376600666961397,-0.25881476388868363,-1.1871140915126746,-0.36772641517679977,1.7265303032777166,-0.551936362946965,-0.262780056758079,-0.2565311329415771,-1.1668972704423408,0.4472135954999579,0.4650228837565402,-0.2448238353664575,-0.2301645545402643,-0.14712961213258413,0.7017005814956665,-1.1749888663362722,0.6665309702773345,0.8073651260092574,0.6318634658865552,0.24161712247241926,-0.30127374996105827,-0.36384923947409203,-0.14678757572039824,-0.11013612860212307,0.9670425797755384,-0.04570519833276579,0.23040780653682147,2.015583668526787,-0.017148642382772285,-0.22372860406491066,-0.22379276047114252,-0.0917759183103522,-0.2335621998787558,-0.25581448974061793,1.0359826924083153,-0.14355078999231605,False,True,False,False,False,False,False,False,False,False,True,False,False,True,False,True
-1.4014622696768535,-0.1737358299047971,-0.033341502964942024,1.0023209450899917,-1.3309663384542685,-0.05874318408256474,0.3060401225390125,-0.11192209561929485,-0.18662895766082496,0.5825000049081396,1.2503032304313406,-1.0282651105818779,-0.1103074724805959,0.2670265774422218,0.5297844728838463,0.4472135954999579,0.8632837356862222,-0.09826346555909952,-0.09526268103311769,-0.17056184236143465,-0.7183654930634514,-1.130709744756668,-0.9628098322349182,-0.6922042551619016,-0.7924331394128175,-0.7078295636830702,0.8567529946202935,0.5097027130190326,0.8393705933319778,-0.4109660912452063,-0.6188929826302326,-0.3712343223417268,0.23040780653682147,0.2762008325937002,-0.9283356575276986,-0.06730983759473191,-0.06724647916210255,-0.11116115956112979,-0.10463424976269846,-0.10963091504901742,-0.07199854797350402,1.6916988816659326,False,False,False,False,False,False,True,False,False,False,True,False,False,False,False,False
-1.3791551026112323,-0.20600544588248768,0.030732878128354523,0.2928371644117611,-0.13997976475214674,-0.16488386269826102,0.13283743117722435,-0.14596442893780906,0.6471086538823824,0.11153475135857673,0.5160821740979814,-0.001822437350956964,-0.17012443819086123,0.41153626167215324,0.5955360710510842,0.4472135954999579,0.6030804084696338,-0.19957363542593531,-0.19989337573138935,-0.18006139515691458,-0.48505101428366343,-0.3904900189421985,-0.287744010178764,-0.6168278586900393,-0.7006398933552722,-0.5060368127711256,0.7838064280324923,0.35206927798268023,0.8880697621740719,-0.19608754650014684,-0.09024779516164261,-0.2528600954293774,0.23040780653682147,-1.7868670301590006,-0.017148642382772285,-0.15439258093301084,-0.15445889880238886,-0.12608444055084791,-0.2017050029024044,-0.19376121294965645,-0.43419690358137053,1.7491669157576328,False,True,False,False,False,False,False,False,False,False,True,False,False,False,False,False
-1.476900208343523,-0.2633736520650487,-0.24193758143951402,-2.34238830667881,-1.0001367346481234,-0.21336968755311606,1.849755352755079,-0.2606870922212019,-1.9875021985941543,-0.1922370094117261,0.911130754767192,-0.0982633213373893,-0.2608137425946511,-0.017957126295932102,-0.5634609450038949,0.4472135954999579,0.9920725012436402,-0.2516113653575358,-0.24229412096193895,-0.17372835995992797,-0.6192725822256416,-1.0468537091988386,-0.6325483993805713,-0.6927705348142158,-0.9552036852427296,-0.9347234323318916,-0.5109951289009877,-0.40982565802636034,-0.4268077965624307,-0.7977474717863128,0.4383973923069484,-0.13724793381164938,0.23040780653682147,3.5161632468658333,-0.017148642382772285,-0.21795060213725234,-0.21801493866541308,-0.13187928371826407,-0.2448594579661678,-0.25003960067284164,-0.3686345235078271,-0.012148860733831467,False,True,False,True,True,False,True,False,False,False,True,True,False,False,False,True
-2.4761807884589153,-0.21676198454171788,1.7927858376646506,0.39419199022293694,-0.04734747568642577,-0.20390724972213828,0.8224242946563343,-0.2302192039011317,-0.21997846212255318,0.3475507426048969,-0.03492248940880736,-0.1618429814338494,-0.23861248746353098,0.3992328979075325,-0.6815959772153494,0.4472135954999579,0.5482729217202966,-0.22345568539454422,-0.22457440653723165,-0.1768948775584213,-0.7023673079858881,-0.8869923574615255,0.11924501235014617,-0.5467464128027008,-0.6895858771396978,-0.709365669776369,0.8567529946202935,0.5097027130190326,0.8393705933319778,-0.5398932180922414,-0.3545703888959381,-0.31914966250029303,0.23040780653682147,-0.13898086690937467,-0.017148642382772285,-0.20123566798938364,-0.2013005255845528,-0.10233198895777938,-0.22413889455465857,-0.23768153283689647,0.14569437323791437,-0.4967293079798143,False,True,False,False,False,False,True,False,False,False,True,True,False,False,True,False
0.20927807276991311,-0.27054467783786884,-1.2658258770681496,-0.2139369646441179,2.255226566804343,-0.21307627862812448,-0.12698992544874896,-0.2266447589026877,1.4808462654255903,-0.769520622173705,-1.1413747951222482,1.816911839265146,-0.2476165174732398,0.37021861807880435,-0.9970146541272912,0.4472135954999579,-1.5263251067953085,-0.23250572538264866,-0.22141017181853392,-0.1768948775584213,0.6474026435821073,0.7899355904960763,0.7893812513261195,0.5269309500696427,0.7117080713315467,0.6225081361218017,-0.4836401664305626,0.30609285943041015,-0.7190028096149866,1.3510379756642796,1.0551501110203036,0.29442341366205166,0.23040780653682147,3.2605625948645676,-0.017148642382772285,-0.2099026708808711,-0.209967258293147,-0.10167082097264532,-0.22638763787063632,-0.23332845456965348,-0.15799235446757884,-0.012148860733831467,False,True,False,True,True,False,False,True,False,False,True,False,False,True,True,False
0.4061869997697423,-0.27054467783786884,-1.2137212668064052,-1.227485222755876,2.189060646043114,-0.23581547031497027,-1.1810410997256031,-0.22987878056794656,2.1811858591218853,0.5106223093681432,-1.5162417098327572,1.8488667375596082,-0.25324282990160013,0.01632403525488574,-0.5413021935113803,0.4472135954999579,-1.5372592933878884,-0.2423099353697618,-0.2354382790714272,-0.18006139515691458,1.175573494195681,1.0389842956382955,0.9440280757051995,1.0355149640618153,1.118535346694166,1.101982706245152,-1.176632549014678,-0.6331396909945284,-1.1694701214043448,1.3940136846132916,1.0551501110203036,-0.3566348343558704,0.23040780653682147,1.7126747227539227,-0.017148642382772285,-0.21341074347980651,-0.21347522153233991,-0.11670785930965268,-0.23795260349566472,-0.2455696612433598,-0.17291111107740964,-0.012148860733831467,False,True,False,True,True,False,False,True,False,False,True,True,False,False,True,False
-0.5685122521281676,-0.19166339433684743,-0.041576026161116254,0.6982564676564643,0.27024894396747323,-0.16532397608574834,-0.6527409609321022,-0.13677299894181022,-0.35337647996946653,0.31780675787828977,-0.03898894449003827,0.27719534928807943,-0.14090476845678213,-3.8220764815749515,0.3712386487619481,1.3416407864998738,-0.44867125077346853,-0.18926664543948302,-0.17922037556923084,-0.16739532476294133,0.21974545574240595,0.05352047852259005,-0.17542613595802908,0.11513312186414539,0.13689107723750701,0.06900338102429855,1.8141766810851914,1.869291090207579,1.789004385752785,0.49152379668404284,0.6146124547964777,-0.3116526281291776,0.23040780653682147,-0.044754581050616415,-0.017148642382772285,-0.20195791823034093,-0.20202275331026898,-0.03741950371419832,-0.18574963366046707,-0.1446728830598514,-0.764558782868516,0.4376351865144405,True,True,True,False,False,False,False,False,False,False,True,False,False,False,False,False
-0.6001289466988325,-0.24544608763299838,0.055140260679710465,-1.4301948743782276,-0.9339708138868945,-0.17170562020431474,1.423960012376245,-0.23651703556505682,-0.9870170647423047,0.006059519292726622,1.127481226033422,-1.0408286118345078,-0.2373193041609576,-0.04781148440836981,-1.2180477885365852,1.3416407864998738,1.4605385940035123,-0.20259031542197012,-0.19187731444402176,-0.15029612973107745,0.6103970425837112,-0.04096703213764057,0.8494669601613082,0.8800243101024269,0.7039343017386334,0.588914376431637,-0.30127374996105827,-0.36384923947409203,-0.14678757572039824,-0.8836988896843365,-0.0021402639168774332,-0.2173478273556725,0.23040780653682147,-0.044754581050616415,-0.017148642382772285,-0.20195791823034093,-0.20202275331026898,-0.06215308749323442,-0.19640439365759974,-0.23600863040630438,1.3510969409424054,2.3324050366883267,True,True,True,False,False,False,True,False,False,False,True,False,False,True,True,False
0.6738691064698464,-0.06975595619890525,0.9263527400402288,1.2050305967123434,0.5216794428601432,-0.04047847850184023,-0.1396016249280121,-0.015752503994492236,0.813856176191024,1.3211973033600468,-0.3323008434047495,0.9950297796401548,-0.07309950066662778,0.6562664485341456,-0.3825560537913119,1.3416407864998738,1.0194144774792273,-0.11485520553729099,-0.1292254670138067,-0.1357301487780082,-0.14229421411940696,-0.12678307059921806,0.028409873214126954,-0.08292177507866874,-0.02846666313877022,-0.11465761265813512,0.4646651992108597,0.7527209253667444,0.4254276581741901,1.3080622667152677,0.08596726732788773,-0.48250609563933533,0.23040780653682147,-0.044754581050616415,1.329125494121964,-0.20195791823034093,-0.2020709774423087,0.10103433203553233,-0.12599731126448702,-0.0804393651322023,-0.5638396652716136,-0.0673756493982515,True,False,True,False,False,False,False,True,False,False,True,True,False,False,False,False
0.6734284778274487,-0.24903160051940845,-0.4303020658185404,1.7118047257682223,0.7069440209915847,-0.20933531483448212,0.39931951746179095,-0.1973683522487655,1.2140502297317648,-0.20104884644956,0.03029140133834025,0.5338930260820386,-0.22267448579039692,0.3829204988135956,-0.8798794540044279,1.3416407864998738,0.9732683152020699,-0.23200294538330954,-0.22710579431218983,-0.15852907548716005,0.46807021523425363,0.4375606318716001,0.11540881205547435,0.5813376120316003,0.27082083803159407,0.6738007645536059,-0.1462622959619791,-0.13396714671274337,-0.35375904329929125,0.5344995056330547,-0.26646285765117295,-0.1329075454915299,0.23040780653682147,-0.044754581050616415,-0.017148642382772285,-0.20195791823034093,-0.20202275331026898,-0.11675364036393678,-0.2275120095286252,-0.2221352510360784,-0.5592497175347024,-0.012148860733831467,True,True,True,True,True,False,False,True,False,False,True,True,False,False,True,False
-0.9369442038214933,,,1.0023209450899917,-1.3177331543020228,-0.23640228816495337,0.5052106518169825,-0.25353820222431395,-0.42007548889292357,-1.3880419767344145,1.0733371296740695,-2.12242928569747,-0.2608644083583713,0.4707930896894997,1.0603947685119777,1.3416407864998738,0.18226704831294294,-0.25286831535588367,-0.2446145597556506,-0.1863944303539012,-0.29411930751163434,-0.21708743464419894,-0.5620975182475061,-0.3796753357424715,-0.3908528053758406,-0.2322074019241523,0.8567529946202935,0.5097027130190326,0.8393705933319778,-2.516775829746787,-0.7070005138749978,2.6015370961837427,0.23040780653682147,-0.044754581050616415,-0.017148642382772285,-0.20195791823034093,-0.20202275331026898,-0.15548736590469142,-0.2476436163573783,-0.2583134589522739,0.023945128852774233,-0.012148860733831467,True,True,True,True,True,False,False,False,True,False,True,False,True,False,False,True
,-0.2741301907242789,-1.5295774418766945,-0.2139369646441179,-1.2251008652363022,-0.25371341473945536,0.9301518724393749,-0.2703891572169785,-1.4872596316682294,-1.6878977125609278,0.7054735542701248,-2.1622127747713695,-0.2773717967095041,0.5607755385184786,1.406523334941091,1.3416407864998738,0.9728294424770859,-0.2673232403368838,-0.2630725956147207,-0.18956094795239453,1.175573494195681,0.09060682645672549,0.9440280757051995,1.0355149640618153,1.118535346694166,1.101982706245152,0.38260031179958304,0.41118181612131166,0.27933015164791297,-2.2159458671037036,-2.82158126374936,-0.09818443893057405,-4.340130723132376,-0.044754581050616415,-0.017148642382772285,-0.20195791823034093,-0.20202275331026898,-0.18232097094798533,-0.2634383610767458,-0.2739512944796357,0.07724656181973165,-0.012148860733831467,True,True,True,True,True,False,False,False,True,True,False,False,True,False,False,True
-0.06438000632938692,-0.23827506186017824,-0.8065602019000868,0.1914823386005853,0.17761665490175274,-0.129014621618043,-0.40100049564105605,-0.17473020059195354,-1.120415082589218,-0.22841052193091538,0.21629406894279127,0.09194293483858572,-0.16132307123603332,0.3140896269520393,0.17156668542532214,1.3416407864998738,0.7445007957656227,-0.13672613550854337,-0.12078750776394606,-0.1578957719674614,0.3903283357613527,0.3495822162711642,0.28712121108612976,0.3514019540900517,0.3888864280497038,0.4570257623624231,-0.4836401664305626,-0.5280507343036268,-0.5485557186676625,0.7493780503781137,0.6146124547964777,-0.11988638053117145,0.23040780653682147,-0.044754581050616415,-0.017148642382772285,-0.20195791823034093,-0.20202275331026898,0.060114817225774275,-0.1329041657349901,-0.16401561940420434,0.3467711677859381,2.960712023355316,True,True,True,False,False,False,False,True,False,False,True,False,False,False,False,False
0.002832010323126041,-0.25620262629222856,-0.90570582080333,0.900966119278816,-0.7884057882121908,-0.1825617504290024,0.11169991844666448,-0.20536830057861633,-0.48677449781637994,-0.14560471158168045,0.9877909635207673,-0.5345087891347451,-0.20851219850288605,0.338571500548963,0.34862455650444385,1.3416407864998738,0.2829707253732765,-0.18675274544278736,-0.1825955592691751,-0.030601764508030208,-0.1483012227469454,-0.4846995839680921,-0.373902041196344,-0.11178683251581326,-0.2410962785386132,-0.3401966796088729,-0.7754264327817688,-0.7645008868581561,-0.767701978457079,-0.7977474717863128,-0.5307854513854685,-0.1577661331431233,0.23040780653682147,-0.044754581050616415,-0.017148642382772285,-0.20195791823034093,-0.20202275331026898,-0.032752789793625475,-0.17482716612571803,-0.2087189846599291,0.654947309842337,-1.1065694647030027,True,True,True,False,False,False,True,False,False,False,True,False,False,False,True,False
-0.10683571867087957,-0.26695916495145877,-0.4127383988986839,-0.011227313021766296,0.29671531227196474,-0.23119427974635323,1.3762319245074246,-0.2618785738873499,-1.5873081450534146,0.9779888494872426,-0.5766646718972368,1.8410510261096569,-0.26531817025492077,0.20553100336151742,-0.8330347315626654,1.3416407864998738,-0.3718218772031741,-0.24872038036133579,-0.23786419235576212,-0.16929523532203733,-0.6851384932869776,-1.130709744756668,-0.14559358597487054,-0.08430304839800165,-0.7924331394128175,-0.7983201771794802,-0.5109951289009877,-0.40982565802636034,-0.4268077965624307,0.5344995056330547,0.702719986041243,-0.438707631681766,0.23040780653682147,-0.044754581050616415,-0.017148642382772285,-0.20195791823034093,-0.20202275331026898,-0.14778728793574622,-0.24100446942449164,-0.2625326118876013,1.3949976813558247,-0.012148860733831467,True,True,True,True,True,False,False,True,False,False,True,True,False,False,False,True
-0.05314096911433002,-0.25620262629222856,-0.7459271252461922,0.6982564676564643,-0.40464344779706274,-0.21931121828419511,-0.0739925327678305,-0.2160916355739483,-0.01988143535218338,0.1227080732601476,1.0556405195983423,-0.6806045609568101,-0.22977975598830486,0.3530273268649681,1.406523334941091,1.3416407864998738,0.9490535700596251,-0.24306410536877052,-0.23385616171207832,-0.16422880716444802,-1.080905113661238,-1.0149503658277934,-1.0769063413113673,-0.8816603766416391,-0.6536127847283416,-0.7054606994554137,-0.4836401664305626,-0.5280507343036268,-0.5485557186676625,-0.711796053888289,-0.9713231076092933,-0.25641132223674784,0.23040780653682147,-0.044754581050616415,-0.017148642382772285,-0.20195791823034093,-0.20202275331026898,-0.13728718161445733,-0.2361321922398732,-0.22886623987385693,-0.7093518828795293,-0.012148860733831467,True,True,True,True,True,False,True,False,False,False,False,False,True,False,True,False
-0.37010552876325803,-0.18807788145043736,-0.5497447241853902,0.6982564676564643,-0.5766748417762577,-0.001455091477962951,0.19957719044519742,-0.09626262229277832,-0.9870170647423047,-0.463630240889077,1.3386356713625234,0.8292749124474968,-0.035577883648677304,-0.08187001533044062,0.2703053645828098,1.3416407864998738,0.7662090684225723,0.011845354296171128,0.008735166721414403,-0.023002122271646257,-0.5755378447533673,-0.3030881433690753,-0.17256234928199898,-0.6693929201421596,-0.6199253357456366,-0.7172976273617663,0.37348199097610757,0.3914776367417679,0.31585452827948185,0.3196209608879953,-0.26646285765117295,0.015060238148906937,0.23040780653682147,-0.044754581050616415,-1.9573861938191426,-0.20195791823034093,-0.20195325314731422,0.33508848966674404,0.0075352084985723395,-0.04489425871280295,0.3436202286630373,0.013930423965994905,True,False,True,False,False,False,False,False,False,False,True,False,False,False,False,False
1.2725638829063683,-0.25620262629222856,3.7855666292860164,-0.3152917904552937,0.36288123303319375,-0.25158620003326654,-0.2703359465660175,-0.2644317488862385,0.2469146003416428,1.3066926010257043,-0.7247890634672591,-0.2511582560671817,-0.2734198671393265,0.5294941111805377,1.406523334941091,1.3416407864998738,0.18952973837508516,-0.26279822034283157,-0.2591700394616602,-0.18956094795239453,-0.8128344139965703,0.6756661846072957,0.9440280757051995,0.07818034948832661,-0.4130496899651106,0.19944233895415148,0.8567529946202935,0.5097027130190326,0.8393705933319778,-2.2159458671037036,-0.8832155763645282,-0.48092777261383735,0.23040780653682147,-0.044754581050616415,-0.017148642382772285,-0.20195791823034093,-0.20202275331026898,-0.17392088589095417,-0.2595298310275464,-0.270207539058148,0.076751263634567,-0.9319732314305709,True,True,True,False,False,False,False,False,True,False,False,False,True,False,False,True
1.3378087346221539,-0.25620262629222856,-0.9544637419292118,-0.1125821388329421,1.1171727297112042,-0.21461667548433017,-1.288106115064513,-0.1803471855895084,0.6471086538823824,0.163966379135624,-0.7230570548215497,1.438244198380682,-0.20719971395699066,-3.5966322537594673,-0.38585833588529117,1.3416407864998738,-1.0825916921208791,-0.21792510540181373,-0.21782403913734316,-0.17056184236143465,0.2817459008496447,0.31865880999618584,0.27785713991842176,0.2530780194584827,0.2840178587708441,0.2905642029594926,-0.1462622959619791,-0.13396714671274337,-0.35375904329929125,1.2650865577662558,0.9670425797755384,-0.2690379064407318,0.23040780653682147,-0.044754581050616415,2.4871758898536633,-0.20195791823034093,-0.20211245931712016,-0.09041627829900269,-0.21782099666691157,-0.20747563731604063,-0.58307481964361,1.943387217159533,True,False,True,False,False,False,False,True,False,False,True,True,False,False,True,False
0.5136851307606278,0.7549120076754094,1.3718165480445692,-0.2139369646441179,-0.36494389534032523,0.39758104651055654,-1.370654376550128,0.6421155873857947,0.04681757357127302,3.441165675778513,0.2895655651286742,-0.4804490136744306,0.6340763407523847,0.33395919503353094,-1.2594091380087433,1.3416407864998738,1.3299933810668443,0.5915506935341942,0.5882120182055922,0.19422098498499502,0.1919857061870739,0.22724241888857927,0.024568899898819878,0.18398294704129625,0.16862008548085888,0.22136737190222472,0.40995527427000816,1.1336683933712646,0.16975702175320473,0.5774752145820666,-0.4426779201407033,-0.6233714256650311,0.23040780653682147,-0.044754581050616415,0.7642089326913608,-0.20195791823034093,-0.20205074188246902,1.4130805820253696,0.566990420609321,0.5894848689017843,-0.0841564190464593,0.2837097316843601,True,False,True,False,False,False,False,True,False,False,True,False,False,True,False,False
0.6271816211711204,5.122066703322868,1.2473308566017212,0.4955468160341127,-0.21937886966562126,3.4950990676464393,-1.08906087011851,4.633579168981584,-0.11992994873736856,1.6258533194304063,0.6010259024614716,0.0585426742296973,4.611625898784567,0.4635222847279456,-1.5940784919066118,1.3416407864998738,0.8962501538499212,4.211315298776299,4.684208387069182,4.043439777713466,-0.5702879298960069,-0.4450294524180029,-0.3704423258717212,-0.5429535691900814,-0.6135427924672125,-0.5194321913658146,-1.769323402540566,-1.5329638826603773,-1.9486568228778263,0.6634266324800899,-0.09024779516164261,-0.5136779753929207,0.23040780653682147,-0.044754581050616415,0.17366008905707073,-0.20195791823034093,-0.20202958816300054,8.132954517188418,4.513534940150262,4.357510704809946,0.05154042087852315,0.014949340403877763,True,False,True,False,False,False,False,True,False,False,True,False,False,True,False,False
-1.3929962201632513,-0.2526171134058185,0.2992929946084744,1.0023209450899917,-1.092769023713844,-0.22804013380269397,1.3478414432279866,-0.24826164055994424,-0.6868715245867497,-0.3738906924098416,1.070400245448736,-1.5745895170339157,-0.2531318477524987,0.3102619255505486,1.406523334941091,1.3416407864998738,1.3347655590637957,-0.2582732003487794,-0.2521032485899019,-0.18006139515691458,-2.4768622185218665,-2.89514101270997,-2.075516698611603,-2.481472793714519,-2.632550039700155,-2.6037868526742556,-1.741968440070141,-2.2685865794966933,-1.607762640983178,-1.7002373597155613,-1.7642908888121789,-0.0421539715253953,0.23040780653682147,-0.044754581050616415,-0.017148642382772285,-0.20195791823034093,-0.20202275331026898,-0.16552080083392304,-0.2532119331397994,-0.25098822322219577,-0.9151492498734489,-0.012148860733831467,True,True,True,True,True,True,False,False,False,False,False,False,True,False,True,False
,-0.2741301907242789,-1.5295774418766945,-1.0247755711335242,-1.3838990750632516,-0.25774778745808924,0.08039039366631581,-0.2726019088826819,-1.0870655781274898,-1.6878977125609278,1.1078266931408058,-1.728489576074798,-0.28032006162693823,-0.4907941865872889,1.406523334941091,1.3416407864998738,0.6554532526692834,-0.27109409033192733,-0.2648656619553161,-0.1863944303539012,1.175573494195681,1.2382232597520697,0.9440280757051995,1.0355149640618153,1.118535346694166,1.101982706245152,0.32789038685873145,0.34550121818949775,0.25498056722686596,-2.645702956593822,-1.411860763833119,-0.5803621232202109,-4.340130723132376,-0.044754581050616415,-0.017148642382772285,-0.20195791823034093,-0.20202275331026898,-0.1893210418288446,-0.2656871043927235,-0.2767442548734439,1.0062611486464008,-0.012148860733831467,True,True,True,True,True,False,False,False,True,False,False,False,True,False,False,True
-1.6236246581641767,-0.2346895489737682,0.6817374008526579,-0.41664661626646954,-0.35171071118807923,-0.21637712903427953,0.20928624392767167,-0.2254532772365397,0.1802155914181864,-0.42175553332077315,0.07592606391659827,0.3701997498060556,-0.23716730686979692,0.4589804855831864,0.8160800224684276,1.3416407864998738,-0.029837674209494867,-0.2408015953717444,-0.2349109066183109,-0.18006139515691458,-1.500492148913058,-0.993253138322204,-0.8704946636759205,-1.405688303100582,-1.3405095177198896,-1.327355115713125,0.44642855756390876,0.3914776367417679,0.595874749121516,-0.2390632554491587,0.08596726732788773,-0.012560414797307939,0.23040780653682147,-0.044754581050616415,-0.017148642382772285,-0.20195791823034093,-0.20202275331026898,-0.13308713908594175,-0.23704239786776896,-0.23586463981317024,-0.5430066036647021,-1.2882643098041977,True,True,True,False,False,False,False,False,False,False,True,False,False,False,True,False
1.9760160537516314,-0.048242878880444866,0.9907562178414877,0.6982564676564643,0.15115028659726124,-0.10576196431246199,-1.185623229777787,-0.018816313993158515,0.346963113726828,3.5136428532013566,-0.15804571270163223,-0.0013694672554165686,-0.05844261901899087,0.13348137566842197,-0.6232534882481348,1.3416407864998738,-0.26081719533516295,-0.12616775552242154,-0.08408238502705238,-0.11293122206885635,-0.3585990219587056,-0.3243407190161762,-0.4035751140428447,-0.2017060563608838,-0.2995131290024706,-0.16887878672928183,1.4312072064992318,1.5474561603416919,1.5211589571212762,0.7493780503781137,-0.17835532640640778,-0.6265280717160272,0.23040780653682147,-0.044754581050616415,3.9849876902415557,-0.20195791823034093,-0.20216611159496906,0.08059712834026002,-0.10597278745078045,-0.06655455793712442,-0.47064915148023884,0.24401123751830853,True,False,True,False,False,False,False,True,False,False,True,True,False,False,False,False
0.17396069720781998,0.6007349535597767,0.8684575236124654,0.900966119278816,-1.4103654433677433,0.3844509971171843,-1.434073643949099,0.45522317746715174,-1.120415082589218,0.2317083525068534,2.0431866665476424,-0.6877036043084168,0.6342500519422826,0.08486370818841169,-1.0286171915291908,1.3416407864998738,1.5700675743572403,0.7084470433805432,0.7044449068724222,0.22461955393053082,0.23968421008960727,0.17910226922109368,0.14021980723448488,0.17939158693964247,0.21076652882187313,0.2712605634227503,-1.1401592657207775,-1.395034627003569,-1.108596160351729,-0.711796053888289,-1.6761833575674148,-0.2887669442594567,0.23040780653682147,-0.044754581050616415,-1.6860113854618353,-0.20195791823034093,-0.20196297391237655,1.6265984348082987,0.6783567562577426,0.5896494295796519,0.16692899521811294,0.2634993126292681,True,False,True,False,False,False,True,False,False,False,False,False,False,True,False,False
-0.19163222200221494,0.45372892521696406,1.7348816458721243,1.8131595515793981,0.13791710244501523,0.10952683440009403,-0.9844148143579303,0.30526669919909666,0.01346806910954482,0.32177926895693726,-0.3417892385942883,-0.23408093666746696,0.2900678683691241,0.22324266743689966,-1.3575627991523747,1.3416407864998738,0.8581915940309406,0.1988795140503295,0.24774036247371636,0.13659036469241673,0.17570580153546558,0.15698954740106247,-0.1879704144034857,0.05133135065716592,0.057432830060374085,0.06319117482980507,-1.3134073613668065,-0.9089982023081471,-1.339917212351669,-0.11013612860212307,-0.6188929826302326,-0.3128363703983011,0.23040780653682147,-0.044754581050616415,-1.175620883032319,-0.20195791823034093,-0.20198125632478692,0.6822990330895204,0.2220224876368305,0.2635975875996976,-0.19774804554101078,-0.3019064125521592,True,False,True,False,False,False,False,False,False,False,True,False,False,True,False,False
-2.0180624633170323,-0.2418605747465883,2.1142048690201065,-2.5450979583011613,-0.21937886966562126,-0.23933637741486896,0.4282529915640209,-0.24911269889290708,0.2802641048033716,0.7911954488265953,-0.28885001781455993,-0.3027207385889957,-0.25900907634404496,-0.19666980250325472,-0.6407610948828079,1.3416407864998738,0.09586384776890035,-0.26229544034349245,-0.2554784322898462,-0.1863944303539012,-1.5132962907461158,-0.9352927123982028,-1.3053802788994917,-1.5536400162619404,-1.642958886070282,-1.6876875199270334,-0.30127374996105827,-0.36384923947409203,-0.14678757572039824,-0.06716041965311119,-0.3545703888959381,-0.4095086557100531,0.23040780653682147,-0.044754581050616415,-0.017148642382772285,-0.20195791823034093,-0.20202275331026898,-0.17298754310683961,-0.2571740046965221,-0.2565558594900492,-1.0028163639936107,-0.012148860733831467,True,True,True,True,True,False,False,False,False,False,True,True,False,False,True,False
,-0.27054467783786884,0.9853758606398277,-0.41664661626646954,0.24378257566298173,-0.25488705043942156,1.4067736440042526,-0.2703891572169785,0.1468660869564582,0.16744639359145524,-0.38614372086919585,-0.6074147272795684,-0.27842371447055264,-0.03384061811369926,1.406523334941091,1.3416407864998738,-0.5223799773072156,-0.26669476533770986,-0.2638109170490835,-0.18956094795239453,1.175573494195681,1.2382232597520697,0.9440280757051995,1.0355149640618153,1.118535346694166,1.101982706245152,0.38260031179958304,0.41118181612131166,0.27933015164791297,-0.9266745986333482,0.6146124547964777,-0.27022164870985527,0.23040780653682147,-0.044754581050616415,-0.017148642382772285,-0.20195791823034093,-0.20202275331026898,-0.1811542924678421,-0.26354544409179237,-0.27494780080672276,0.6478281985468136,-0.012148860733831467,True,True,True,True,True,False,True,False,False,False,True,False,True,False,False,True
0.3018960822748435,,,0.0901275127894095,3.0624508000913373,-0.24608478268967482,-1.181924736399576,-0.24502761889468538,2.9815739662033645,-1.3157147348584752,-1.624529902551462,1.8479675059636733,-0.2649345580438962,-0.08206120517036572,-0.7384602786255832,1.3416407864998738,-1.4534927945576095,-0.2524912303563793,-0.249677335305567,-0.1768948775584213,0.49951480541031634,0.4731456375551757,0.15223633488435015,0.3845274261518437,0.42421679674196344,0.4882552564872723,-1.8878615732457447,-1.4278749259694758,-1.9364820306673045,1.3940136846132916,0.9670425797755384,1.9358793601799642,0.23040780653682147,-0.044754581050616415,-0.017148642382772285,-0.20195791823034093,-0.20202275331026898,-0.1547873588166055,-0.24924986158307672,-0.26216920705731034,0.30786671950565886,-0.012148860733831467,True,True,True,True,True,False,False,True,False,False,True,True,False,False,False,True
0.24009085130952107,-0.19883442010966756,0.5572730259011209,0.4955468160341127,-0.02088110738193426,-0.20192673947844528,-1.0977453967377917,-0.17728337559084212,0.01346806910954482,0.6975932378812009,-0.4691295264157971,-0.19232627727503399,-0.18966453439896183,0.3948370837123315,-0.4668557600768848,1.3416407864998738,0.2522282442582821,-0.20309309542130924,-0.1802751204754634,-0.1547292543689681,0.18707025084551754,-0.012046937071985845,-0.07749223211986493,0.08366965347097101,0.10333333844983003,0.09904507332659644,0.7199781822681653,0.5294068923985763,0.7176226712267461,-0.19608754650014684,-1.411860763833119,-0.3933308446986987,0.23040780653682147,-0.044754581050616415,1.9842835271750119,-0.20195791823034093,-0.20209444549137548,-0.06287877215130329,-0.19110378441279505,-0.19086415111129565,-0.24719133211583869,0.8298660536468204,True,False,True,False,False,False,False,False,False,False,False,True,False,False,False,False
0.9626938463310931,-0.24903160051940845,-0.11561231419386014,0.7996112934676401,-0.23261205381786723,-0.22129172852788812,-0.32994114693331555,-0.23243195556683513,-0.5201240022781082,-0.39005119337935096,0.18346120939803798,0.01031735256654638,-0.2382578271174894,0.4604160803791652,0.672780923222626,1.3416407864998738,-0.03490258713772796,-0.229991825385953,-0.2182459370998362,-0.1610622895659547,0.5084103144732811,0.7348827188330612,0.42311245674411513,0.607233689121045,0.5475496970624176,0.4963306176682966,0.23670717862397928,0.2863886800508664,0.31585452827948185,-0.2820389643981706,-0.4426779201407033,-0.032289452616032846,0.23040780653682147,-0.044754581050616415,-0.017148642382772285,-0.20195791823034093,-0.20202275331026898,-0.11302026922747849,-0.22237202480639034,-0.23689771517978342,0.18942184983716534,-1.1406234532489943,True,True,True,False,False,False,False,False,False,False,True,False,False,False,True,False
-0.7480627156379863,-0.19883442010966756,0.05208826268688721,1.2050305967123434,-0.8148721565166822,-0.1411177397739448,0.29247102545386605,-0.17592168225810156,-0.9536675602805765,0.30446509725152837,1.3161195589683004,0.016481286720387445,-0.15887422598955572,0.5734837683112703,0.013187294912168872,1.3416407864998738,0.7249572369743307,-0.1787082654533612,-0.17943132455047733,-0.13319693469921356,-0.9582790806278709,-1.2340967117759767,-1.198093868399309,-0.8235175840778856,-0.916416315239895,-0.696767584878894,0.5923216907395138,0.713312566607655,0.5593503724899455,-0.6258446359902652,-1.5880758263226495,-0.3081014013218071,0.23040780653682147,-0.044754581050616415,-0.017148642382772285,-0.20195791823034093,-0.20202275331026898,-0.017819305247792332,-0.17846798863730104,-0.16169577095926543,-0.46594238989345516,2.3004992091852157,True,True,True,False,False,False,True,False,False,False,False,False,False,False,False,False
0.5498484879933936,-0.2346895489737682,-0.5941970880399357,0.5969016418452885,-0.40464344779706274,-0.152267278923624,0.06295157987684374,-0.17302808392602784,-0.35337647996946653,-0.5752702707975069,0.37880166274457483,1.2639873031756963,-0.1689181104832368,0.02704642364866711,-0.40738895047529733,1.3416407864998738,-0.17618240501988305,-0.13295528551349986,-0.1448356916260488,-0.11736434670674699,0.33380120103030836,0.34164792124008286,0.5380801617101344,0.5587174509441594,0.4574410242299094,0.29286936916200834,0.37348199097610757,0.3914776367417679,0.31585452827948185,0.8353294682761374,0.7908275172860081,0.09950052001304956,0.23040780653682147,-0.044754581050616415,-0.4657449256837053,-0.20195791823034093,-0.2020066843939823,0.06702096456131147,-0.14007872774310956,-0.1712105779309706,0.3711504306659567,-0.2460626744312236,True,False,True,False,False,False,False,True,False,False,True,True,False,False,False,False
-0.8259136466684992,-0.23827506186017824,0.2511640969630394,-0.1125821388329421,-0.04734747568642577,-0.20772156574702855,-0.0969755535910249,-0.23004899223453915,-0.9870170647423047,0.42335904015574327,1.1769564295217312,-0.10778176851719402,-0.2342142166415323,-0.26541485119106606,-0.33072537355378195,1.3416407864998738,0.4767736561606657,-0.22081609039801378,-0.2119174676624407,-0.166128717723544,0.6560611821167661,0.5327213540377155,0.4572708579874628,0.5352683929219831,0.5849913790054886,0.630368374976292,-1.2222241531320541,-1.0337913383785924,-1.2425188746674827,0.7923537593271256,-0.0021402639168774332,-0.33730037729351997,0.23040780653682147,-0.044754581050616415,-0.017148642382772285,-0.20195791823034093,-0.20202275331026898,-0.0959867634173876,-0.21567933636598038,-0.2330671082894212,0.2968509225482976,-0.24752546524349336,True,True,True,False,False,False,False,True,False,False,True,True,False,False,True,False
2.711034350117313,-0.26695916495145877,-0.9994946428374147,0.2928371644117611,-0.44434300025379975,-0.23200115429008,-0.5070445889354726,-0.24094253889646366,-0.35337647996946653,-0.028143486125658836,0.1261543146421727,-0.8118429213488159,-0.24775403883190897,0.4785442937490174,0.5320496913286075,1.3416407864998738,-0.13762246414783616,-0.239293255373727,-0.2396572586963575,-0.1768948775584213,-0.7533983080451758,-0.9447427818423365,-1.3151603152238622,-0.9545963950379662,-0.7210314636411593,-0.8993024560088057,0.7199781822681653,0.5294068923985763,0.7176226712267461,-1.614285941817538,-0.7070005138749978,-0.20511582390806307,0.23040780653682147,-0.044754581050616415,-0.017148642382772285,-0.20195791823034093,-0.20202275331026898,-0.13028711073359803,-0.23854156007842078,-0.24589369890321164,-0.1906366436325147,-0.012148860733831467,True,True,True,True,True,True,False,False,False,False,False,False,False,False,True,False
0.2291824025144762,0.5110971313995251,0.4012116272498359,0.5969016418452885,1.342136860299383,0.9680413489253941,-0.17372190920396183,1.0092621522259704,0.9806036984996656,0.6257639590282255,-0.6473758074764188,1.8140452426589069,0.7388145376391687,0.6058265809301795,-1.4720651927581354,1.3416407864998738,-1.7081894269816393,1.090057062878947,1.2031282985391847,12.06359555117733,0.8684542188095932,0.8570298372037904,0.6771580575504628,0.5776104825307681,0.8539942813548164,0.8276760354125734,-1.3589989654841825,-0.7842050662376999,-1.4373155500358539,1.3080622667152677,0.8789350485307733,-0.3799150989819658,0.23040780653682147,-0.044754581050616415,-1.165362825344678,-0.20195791823034093,-0.20198162377292767,2.3351133690660624,2.094957962308675,0.6887058153960595,2.8187825532277686,3.028828139071682,True,False,True,False,False,False,False,True,False,False,True,False,False,True,False,False
-1.1426878717508928,-0.23110403608735813,1.9066263725254968,-0.011227313021766296,0.4687467062511602,-0.22539945347776993,-0.1138244687756563,-0.23719788223142713,0.580409644958926,-0.4499231123667372,-0.30187773501924414,1.2946093834970391,-0.25137060929936705,0.6990085346831808,0.19569853018133102,1.3416407864998738,-0.527959475066784,-0.23904186537405742,-0.23406711069332484,-0.17056184236143465,0.5683351509752933,0.551027790712943,0.41063543593067003,0.5969754549907224,0.33898607653824525,0.6885435559591512,0.7838064280324923,0.35206927798268023,0.8880697621740719,0.9642565951231731,0.8789350485307733,0.005984880752293477,0.23040780653682147,-0.044754581050616415,-0.017148642382772285,-0.20195791823034093,-0.20202275331026898,-0.12982043934154075,-0.23506136208940762,-0.24931976079381607,0.2571883405993022,-1.242955312401666,True,True,True,False,False,False,False,True,False,False,True,False,False,False,True,False
-2.023336684078696,,,1.407740248334695,-1.2515672335407937,-0.24381086352099024,0.2375723973470917,-0.26272963222031276,-1.320512109359588,2.8422931663957494,0.8671527961109169,-1.9213637458541204,-0.2679455520021268,0.25841878458647544,1.255511764472793,1.3416407864998738,0.2804506762868759,-0.2602843203461359,-0.25843171802729736,-0.1832279127554079,-0.03167416434961385,0.21356573002408835,0.23707116425801047,-0.1269627822059918,-0.12131920679191091,-0.2679446369644061,0.38260031179958304,0.41118181612131166,0.27933015164791297,-2.7746300834408575,-2.4691511387703002,-0.5969345149879398,0.23040780653682147,-0.044754581050616415,-0.017148642382772285,-0.20195791823034093,-0.20202275331026898,-0.16925417197038134,-0.25754879524918506,-0.26502159214034854,-0.4356712384620735,-0.012148860733831467,True,True,True,True,True,False,False,False,True,False,False,False,True,False,False,True
0.6146631394726689,-0.24903160051940845,-0.6534386091820922,0.39419199022293694,0.9848408881887462,-0.20500753319085663,-0.7706191724347171,-0.1849429005875078,0.813856176191024,-0.13846455176991807,-0.9139545294682231,0.08024058718026002,-0.21290323135863898,0.8024559496599628,0.5896466631818469,1.3416407864998738,-0.3055344252571297,-0.22496402539256163,-0.21487075339989192,-0.1610622895659547,-0.18899255611472351,-0.46857171894496874,-0.5700212870542183,-0.20929123449124906,-0.20912760293115343,-0.1367731236485864,1.4312072064992318,1.5474561603416919,1.5211589571212762,0.44854808773503096,0.8789350485307733,-0.16092277919411926,0.23040780653682147,-0.044754581050616415,-0.017148642382772285,-0.20195791823034093,-0.20202275331026898,-0.10368684138633279,-0.2185170362647142,-0.2128787129060265,-0.4892194148742094,-0.9360073142010893,True,True,True,False,False,False,False,False,False,False,True,False,False,False,True,False
-0.15404763766564628,-0.26695916495145877,-0.5182916802953758,-1.0247755711335242,-0.19291250136112975,-0.2299472918151391,1.209047138571331,-0.26000624555483165,-1.353861613821316,-0.2758838644693754,0.5424388274022558,0.23418436180084445,-0.26401774898610164,-0.15051973478482988,-0.2984573327478278,1.3416407864998738,-0.4571167638917356,-0.24444675036695312,-0.2438762383212878,-0.1648621106841467,0.5993871117081508,0.2601410722844454,0.6066168225144963,0.4806960397067226,0.2309122004484487,0.5789195388378651,0.38260031179958304,0.41118181612131166,0.27933015164791297,0.44854808773503096,0.9670425797755384,-0.09621153514870157,0.23040780653682147,-0.044754581050616415,-0.017148642382772285,-0.20195791823034093,-0.20202275331026898,-0.13985387427077237,-0.2418611335448641,-0.26130069236856474,1.0494892931750934,-0.012148860733831467,True,True,True,True,True,False,False,False,False,False,True,True,False,False,False,True
-0.4091172719346589,-0.24903160051940845,-0.955369505823173,-0.2139369646441179,-1.291266785997531,-0.15520136817353958,-0.9015114831919314,-0.16894300392780615,-0.15327945319909678,-0.3028727835216223,2.615653176316483,-1.9312560654679123,-0.16391426315201063,0.1320224889611419,-0.2996381506587071,1.3416407864998738,1.1669535173735002,-0.13622335550920425,-0.11509188527029014,-0.1426964874946935,0.20316031169618323,-0.05874051760225596,0.008520710694264898,-0.001160395966054816,0.15552502912347185,-0.001465619518160354,1.6226919437922103,1.3635504861326133,1.557683333752845,-1.1415531433784076,-0.795108045119763,-0.08240120867559413,0.23040780653682147,-0.044754581050616415,-0.017148642382772285,-0.20195791823034093,-0.20202275331026898,0.0610481600098888,-0.12851376211808116,-0.16647031618239588,0.47470034855950477,-2.152715893587897,True,True,True,False,False,False,True,False,False,False,False,True,False,False,False,False
-0.309073883660156,-0.1952489072232575,0.02643554827471754,0.5969016418452885,0.3496480488809482,-0.10480838530623941,0.4449397123645074,-0.14409210060529076,-0.11992994873736856,-0.10865679237492344,-0.47959688301378034,0.3873621893352641,-0.15852921626517513,-0.21072565482479366,0.24503440397207202,1.3416407864998738,0.09881429090360018,-0.14451922549829999,-0.12585028331386244,-0.15852907548716005,0.5830345766459052,0.5197655594419599,0.49790167749645153,0.6687231543045228,0.6403944420943557,0.6409186788811365,0.7564514655620672,0.6410639088826603,0.8515453855425014,1.0502080130211968,0.5265049235517126,-0.1735493633981032,0.23040780653682147,-0.044754581050616415,2.9134687185101953,-0.20195791823034093,-0.20212772931384615,0.046212010179670866,-0.13884727307007413,-0.1613689351685006,0.19457262891038177,-0.28481983458068116,True,False,True,False,False,False,False,True,False,False,True,False,False,False,False,False
0.6301616323646365,-0.23827506186017824,3.7059472903973902,-0.9234207453223485,0.20408302320624425,-0.2460114304584269,-0.2036542428815238,-0.25711264722275795,-0.42007548889292357,1.7900460188334357,-0.9243465813424798,0.22403533438999235,-0.2655570231410304,-3.7250428039145516,-0.6947987716663216,1.3416407864998738,0.047450465192984306,-0.26141557534464893,-0.25484558534610663,-0.1863944303539012,1.175573494195681,1.2382232597520697,0.9440280757051995,1.0355149640618153,1.118535346694166,1.101982706245152,0.38260031179958304,0.41118181612131166,0.27933015164791297,0.3196209608879953,0.35028986106218324,-0.5286720441351516,0.23040780653682147,-0.044754581050616415,-0.017148642382772285,-0.20195791823034093,-0.20202275331026898,-0.17135419323463913,-0.25647796509871945,-0.2627588828196692,-0.524801080562256,-0.012148860733831467,True,True,True,True,True,False,False,False,False,False,True,True,False,False,False,True
-2.4492953148896555,-0.25978813917863863,-0.1116683893277512,1.1036757709011675,-0.9736703663436319,-0.2385295028711422,-0.1861949835242784,-0.24707015889379624,0.04681757357127302,-0.4197267179517293,0.44732896133568834,-0.931715185736966,-0.2570475874914476,0.23524398395592677,0.6081330937131424,1.3416407864998738,0.2562600358469378,-0.2526169253562141,-0.25041565673992977,-0.18006139515691458,0.22782766879563238,0.1656845370461382,-0.1659603460062771,0.12291561185157028,0.1451915850789239,0.24161712247241926,0.8567529946202935,0.5097027130190326,0.8393705933319778,-1.528334523919514,-1.7642908888121789,-0.013744157066431433,0.23040780653682147,-0.044754581050616415,-0.017148642382772285,-0.20195791823034093,-0.20202275331026898,-0.15502069451263414,-0.24994590118087934,-0.2546976951691277,-0.47562450576558524,-0.012148860733831467,True,True,True,True,True,True,False,False,False,False,False,False,False,False,True,False
-0.9369442038214933,-0.27054467783786884,-0.23867802813655514,-1.3288400485670517,1.1833386504724333,-0.24791858847087206,1.7100092883259954,-0.2647721722194236,1.3474482475786775,0.3812976940681161,-0.9607940676261051,0.7618682262920283,-0.27573842899338064,0.21450414789454542,1.406523334941091,1.3416407864998738,-0.7037468463568659,-0.2648093403401881,-0.2590645649710369,-0.1832279127554079,-1.2621381240207796,-0.9687314196620472,-1.3399865612780193,-1.3117958697481797,-1.3850171170757972,-0.6683849372871926,-0.5109951289009877,-0.40982565802636034,-0.4268077965624307,0.7923537593271256,0.9670425797755384,-0.3274358583841575,0.23040780653682147,-0.044754581050616415,-0.017148642382772285,-0.20195791823034093,-0.20202275331026898,-0.17765425702741247,-0.2597975385651628,-0.2724039669946863,0.7670635658081146,-0.012148860733831467,True,True,True,True,True,False,False,True,False,False,True,False,True,False,False,True
-0.903125202467464,,,1.3063854225235192,-0.0076479232296887455,-0.2498990987145651,1.0811158182060472,-0.26528280721920133,0.1802155914181864,-1.6878977125609278,-0.6224499439229478,-0.28176148501784476,-0.2737962413841053,0.7063215440646249,1.406523334941091,1.3416407864998738,-0.45215271036780325,-0.2648093403401881,-0.26096310580225557,-0.1863944303539012,-1.1291720357544281,-2.2394022956883646,-2.6550252916623047,-1.1837607333585443,-1.2484597099610726,-0.9902699633839851,0.32789038685873145,0.34550121818949775,0.25498056722686596,-0.2390632554491587,0.26218232981741807,0.4865842420164323,-4.340130723132376,-0.044754581050616415,-0.017148642382772285,-0.20195791823034093,-0.20202275331026898,-0.17765425702741247,-0.2610289932381982,-0.2705640871935278,-0.21411889358035185,-0.012148860733831467,True,True,True,True,True,False,False,False,False,False,True,False,True,False,False,True
1.6236072238370205,-0.25620262629222856,0.7789013340110204,-1.227485222755876,1.2362713870814166,-0.24439768137097334,-0.5035257413208526,-0.25064460389224025,0.5470601404971984,-0.0052554084031422475,-0.9623754668243616,0.42957328621345087,-0.26314678038119677,0.12967403651122666,-0.11652642748216986,1.3416407864998738,-0.17718631244734787,-0.2563877753512576,-0.25843171802729736,-0.1832279127554079,-1.5734603306845725,-1.181449942979077,-1.5601325503848424,-1.0233311648703287,-1.0773516335763598,-0.839022782446942,0.7199781822681653,0.5294068923985763,0.7176226712267461,-1.0985774344293957,0.5265049235517126,-0.21340201979192752,0.23040780653682147,-0.044754581050616415,-0.017148642382772285,-0.20195791823034093,-0.20202275331026898,-0.16202076539349342,-0.25588900851596336,-0.2604756034142564,-0.6460981693176434,-0.19365753491199258,True,True,True,False,False,False,True,False,False,False,True,True,False,False,False,True
-0.4617689655279619,3.4906583400062883,2.133173928472377,2.1172240290129256,-1.9264596253053294,1.4872284416979569,-1.5309600036560127,1.586620125307971,-1.353861613821316,0.6231340999477208,3.545817123786191,-2.523024092685276,2.3949408322946986,0.45008898786054485,-1.5719610726353164,1.3416407864998738,2.1394165466283632,1.7838934619669538,1.988280406738715,1.829410672846942,-0.3463233278437714,-0.629466229728586,-0.6234329496754453,-0.3887043779267437,-0.3832034174558537,-0.39206873253195174,-3.365029546648728,-3.851488989653407,-3.1539612517196205,-2.2589215760527153,-3.438333982462716,-0.3795205182255913,0.23040780653682147,-0.044754581050616415,-2.0635533344076324,-0.20195791823034093,-0.20194945019361615,3.619145531826544,1.9238393042642732,2.257593034711102,-0.27590519181822726,-0.8876030164715956,True,False,True,False,False,False,False,False,True,True,False,False,False,True,False,False
-0.21479993234965003,-0.27054467783786884,-0.22970415926806015,-2.6464527841123373,0.6143117319258642,-0.24667160053965792,2.2245518737654573,-0.26630407721875676,0.1468660869564582,2.2938195648494557,-0.7002397235324207,0.34949802784036194,-0.275499576107271,0.8491257887575384,1.406523334941091,1.3416407864998738,-0.7644171403638422,-0.26543781533936206,-0.26096310580225557,-0.18956094795239453,-1.2778652957512149,-1.5382681111237646,-1.9294096934027312,-1.3269398106114763,-1.401169068454965,-1.12525400658587,0.38260031179958304,0.41118181612131166,0.27933015164791297,0.9212808861741613,0.8789350485307733,-0.5657626352343544,0.23040780653682147,-0.044754581050616415,-0.017148642382772285,-0.20195791823034093,-0.20202275331026898,-0.17882093550755568,-0.26156440831343103,-0.2721776960626183,0.0842426394207348,-0.012148860733831467,True,True,True,True,True,False,False,True,False,False,True,False,True,False,False,True
0.3634949727954334,-0.23827506186017824,0.200980214760496,0.4955468160341127,-0.08704702814316326,-0.19972617254100858,0.4357741851968928,-0.23328301389979797,-1.2538131004361315,-0.6784753849735145,0.5249681314977082,0.15518092086152788,-0.23203558880156255,0.2340133832465184,0.23137048795377213,1.3416407864998738,-0.2858388795467541,-0.21415425540677022,-0.21149556969994768,-0.13319693469921356,0.5971962889610558,0.36551114317766314,0.3795377661846327,0.20012221104046338,0.42553679398521715,0.40191337192057225,-0.7754264327817688,-0.7645008868581561,-0.767701978457079,0.018790998244912583,0.4383973923069484,0.19380532078655463,0.23040780653682147,-0.044754581050616415,-0.017148642382772285,-0.20195791823034093,-0.20202275331026898,-0.08361997152786953,-0.2098433120459429,-0.2310032431211652,0.4401666988471256,-2.09997793399855,True,True,True,False,False,False,False,False,False,False,True,False,False,False,True,False
-0.3432941247807776,0.11310520100800801,0.9210415679419465,1.0023209450899917,-1.701495494717151,0.011968366840400849,-1.1538067357891468,0.03173655098483507,-0.9536675602805765,0.5583403383893977,2.895786748579057,-1.908305284461923,0.14037225047459254,0.3938861480229485,-0.2862717049028332,1.3416407864998738,1.7679115772506482,0.10661938417159815,0.07919212645775055,-0.07049988624904595,-0.6597032697384121,-0.628807710857413,-0.8395613289162797,-0.7505020585059781,-0.6861047042020126,-0.6083955831744347,-2.3893692185368804,-2.9648009175739203,-2.2165022515093367,-1.8721401955116088,-2.11672101379124,-0.36649935326523286,0.23040780653682147,-0.044754581050616415,-0.021820040005513002,-0.20195791823034093,-0.20202258597875034,0.5118500571428701,0.07965561913242998,0.12178742344730219,-0.26703192086965777,0.2955963629785409,True,False,True,False,False,True,False,False,False,False,False,True,False,False,False,False
-1.006797329100577,-0.24903160051940845,0.3742877768031597,-0.9234207453223485,0.29671531227196474,-0.22686649810272774,0.02936956846816462,-0.24043190389668598,-0.15327945319909678,0.012823018103846751,-0.448571336838463,0.33838364701800827,-0.24857434167309359,0.25305332905049444,0.5094722285054204,1.3416407864998738,-0.13767197501753706,-0.23451684538000522,-0.23385616171207832,-0.18006139515691458,0.733383944844784,0.9046138314685391,0.7713990624448426,0.7516541190429312,0.8157801650289604,0.834368992687936,0.7199781822681653,0.5294068923985763,0.7176226712267461,0.23366954298997153,0.35028986106218324,-0.2197153118939195,0.23040780653682147,-0.044754581050616415,-0.017148642382772285,-0.20195791823034093,-0.20202275331026898,-0.12142035428450962,-0.23382990741637216,-0.24667079099314193,0.14648776295381116,-0.012148860733831467,True,True,True,True,True,False,False,False,False,False,True,False,False,False,True,False
-0.08954763648827474,-0.27054467783786884,-0.2067137624286031,0.39419199022293694,0.4158139696421772,-0.2528331879644807,0.7683256226294156,-0.2668147122185345,-0.38672598443119477,-0.12965297503685355,-0.4872026601101567,0.33307407237308073,-0.2737479882758003,-1.1347054620950638,1.406523334941091,1.3416407864998738,-0.05452911239306061,-0.2673232403368838,-0.26201785070848815,-0.18956094795239453,0.270137750286712,-0.8110917997038994,-0.11640729146557914,-0.7082016553398967,-0.7412464835349509,-0.5419301056063136,0.32789038685873145,0.34550121818949775,0.25498056722686596,-1.0556017254803838,0.702719986041243,-0.16447400600148976,0.23040780653682147,-0.044754581050616415,-0.017148642382772285,-0.20195791823034093,-0.20202275331026898,-0.18232097094798533,-0.262902946001513,-0.2705183758941201,-0.7054607401962589,-0.012148860733831467,True,True,True,True,True,False,True,False,False,False,True,False,True,False,False,True
-1.535106486635519,-0.22751852320094806,-0.3550656967223275,0.6982564676564643,-0.41787663194930824,-0.1473526794300154,0.4229519002343132,-0.172177025593065,-0.053230939813911575,0.28392132427799927,0.22796630112039853,-0.5526049077562164,-0.1798884546563734,0.4103083025568247,0.1188564149508441,1.3416407864998738,0.22271103045383991,-0.1731776854606307,-0.15053131411970475,-0.1338302382189122,-0.7639391375656168,-0.016002350406776705,-0.02948635973027065,-0.5652740635856578,-0.7310837412932617,-0.49102570159634273,1.0755926943836998,0.8184015232985583,0.9732933076477331,-0.2390632554491587,-0.26646285765117295,-0.3029718514889386,0.23040780653682147,-0.044754581050616415,-0.017148642382772285,-0.20195791823034093,-0.20202275331026898,-0.00755253462253206,-0.16149533075242142,-0.18160304185130294,0.18846660501467474,1.4742349227498979,True,True,True,False,False,False,False,False,False,False,True,False,False,False,False,False
0.5071306553580028,-0.22751852320094806,-0.8960296296421596,-0.9234207453223485,-0.6031412100807497,-0.15116699545490567,-1.4262214989165585,-0.07856060896715093,0.08016707803300122,-0.23544213465403355,0.3528215330589329,-0.24183811207247868,-0.07858587908090373,0.3285705468499346,-1.1262194683294398,1.3416407864998738,1.343470934249704,-0.13220111551449115,-0.13386634460123,-0.15979568252655738,0.2726183961604329,0.3735807415158494,0.21189187700098783,0.1326041666181883,0.29819322431913253,0.2822782356781202,0.5923216907395138,0.713312566607655,0.5593503724899455,0.44854808773503096,-0.5307854513854685,-0.11672973448017547,0.23040780653682147,-0.044754581050616415,1.394806771679494,-0.20195791823034093,-0.2020733301745759,0.06881258315783756,-0.13777644291960853,-0.08563673987485364,-0.6457755894356716,-0.4622767748954027,True,False,True,False,False,False,False,False,False,False,True,False,False,True,False,False
,-0.2741301907242789,-1.5295774418766945,-1.5315497001894034,1.527401438430824,-0.2560606861393878,0.17760089239515836,-0.26851682888446016,1.5141957698873192,-1.6878977125609278,-0.7863883274755348,0.3952249141713021,-0.27847679288968813,0.8652046367133908,1.406523334941091,1.3416407864998738,-0.9244744058668559,-0.2692086653344056,-0.2648656619553161,-0.18956094795239453,1.175573494195681,1.2382232597520697,0.9440280757051995,1.0355149640618153,1.118535346694166,1.101982706245152,0.8567529946202935,0.5097027130190326,0.8393705933319778,1.1361594309192202,1.0551501110203036,-0.27890242535009424,-4.340130723132376,-0.044754581050616415,-0.017148642382772285,-0.20195791823034093,-0.20202275331026898,-0.18582100638841495,-0.2651516893174907,-0.27499808323607117,-0.30756234486221123,-0.012148860733831467,True,True,True,True,True,False,False,True,False,False,True,False,True,False,False,True
0.7334174485383043,-0.26695916495145877,0.04009119178751552,-2.4437431324899856,-0.6031412100807497,-0.23808938948365485,1.641914699707441,-0.26562323055238646,-1.5206091361299576,-1.1316909769392478,0.6417657579975072,-0.4252142192069258,-0.27051744267478206,0.005967668394722561,-1.4005136144419412,1.3416407864998738,-0.6676790621481109,-0.25990723534663157,-0.24609120262437623,-0.16169559308565337,-2.2815448007294856,-0.39191371936063224,-0.40561693705761326,-0.6289418090034572,-1.5443340920429804,-0.4672067959767034,-0.30127374996105827,-0.36384923947409203,-0.14678757572039824,-0.8836988896843365,0.4383973923069484,1.0228194899293754,0.23040780653682147,-0.044754581050616415,-0.017148642382772285,-0.20195791823034093,-0.20202275331026898,-0.1685541648822954,-0.24930340309059998,-0.26745800439877704,1.4240255785731875,-0.012148860733831467,True,True,True,True,True,False,True,False,False,False,True,False,False,True,False,True
0.843516322004862,-0.26695916495145877,0.5995062308181082,-2.0383238292452823,-0.06058065983867175,-0.24571802153343536,1.6873547163467988,-0.26562323055238646,-0.15327945319909678,-0.8394468128610298,-0.1411021498631701,-0.5588298421763689,-0.27440664320416325,0.10991946644995555,-1.02172009928604,1.3416407864998738,-0.7910595567008798,-0.2641808653410142,-0.2561112792335857,-0.17372835995992797,1.175573494195681,1.2382232597520697,0.9440280757051995,1.0355149640618153,1.118535346694166,1.101982706245152,0.32789038685873145,0.34550121818949775,0.25498056722686596,0.06176670719392399,0.1740747985726529,0.38675531065368424,0.23040780653682147,-0.044754581050616415,-0.017148642382772285,-0.20195791823034093,-0.20202275331026898,-0.17648757854726924,-0.25722754620404537,-0.27114233513103475,0.9928281394745957,-0.012148860733831467,True,True,True,True,True,False,False,False,False,False,True,False,False,True,False,True
1.0528566997966906,-0.26695916495145877,-0.1860405055920299,0.900966119278816,1.8846974105414611,-0.24454438583346913,0.015580579688089988,-0.2584743405554985,0.2802641048033716,-0.15849240069142712,-0.9266057230542748,1.492570375702486,-0.26948965146788606,0.14812942576322471,1.406523334941091,1.3416407864998738,-0.14096807404766434,-0.25613638535158806,-0.25748244761168804,-0.1832279127554079,0.7666670292045354,0.7754746979394349,0.46512178085388217,0.6417725016162703,0.6985846108359816,0.730776587439985,-0.5109951289009877,-0.40982565802636034,-0.4268077965624307,1.1361594309192202,0.9670425797755384,-0.15224200255388032,0.23040780653682147,-0.044754581050616415,-0.017148642382772285,-0.20195791823034093,-0.20202275331026898,-0.16155409400143614,-0.2553000519332073,-0.2664843537213938,0.13411490631568723,-1.71642981308161,True,True,True,False,False,False,False,True,False,False,True,False,True,False,False,True
-0.41583380600302944,-0.27054467783786884,0.21064369082158602,-2.0383238292452823,0.9848408881887462,-0.2512194388770271,2.1820539945925095,-0.2666445005519419,1.6142442832725044,0.6860627778366576,-0.5132580945195252,1.5370693836658247,-0.276517716692506,0.016244768459098474,1.406523334941091,1.3416407864998738,-2.298559768998327,-0.26543781533936206,-0.2632835445959672,-0.1863944303539012,0.49037887718348716,0.4628067507687313,0.1415364464948793,0.3757302972611685,0.41483411363450134,0.47996164230135513,-0.30127374996105827,-0.36384923947409203,-0.14678757572039824,1.3940136846132916,1.0551501110203036,-0.39096336016045174,0.23040780653682147,-0.044754581050616415,-0.017148642382772285,-0.20195791823034093,-0.20202275331026898,-0.17882093550755568,-0.26247461394132676,-0.27314220448012,0.12361310617179082,-0.012148860733831467,True,True,True,True,True,False,False,True,False,False,True,False,True,False,False,True
-1.4142456806693091,-0.25620262629222856,1.0413941039116077,-0.8220659195111727,-0.8016389723644367,-0.21498343664056963,2.91621680218083,-0.25915518722186875,-0.9870170647423047,2.3045066374426635,1.1945024301500053,-0.3330373540349453,-0.2645051053799819,-0.676876517032569,-0.9967735625769301,1.3416407864998738,0.07535368262307811,-0.25588499535191844,-0.24450908526502735,-0.1667620212432427,-0.48686590445685723,-2.054118966914899,-0.5162435774480074,0.10172136460078773,-0.5888053499096132,-1.1617660838453892,0.38260031179958304,0.41118181612131166,0.27933015164791297,-0.5398932180922414,0.35028986106218324,-0.5665517967471034,0.23040780653682147,-0.044754581050616415,-0.017148642382772285,-0.20195791823034093,-0.20202275331026898,-0.16108742260937886,-0.24721528429719208,-0.26176237649258216,0.49453954352177365,-0.012148860733831467,True,True,True,True,True,False,True,False,False,False,True,False,False,True,False,True
0.3480412785333478,6.463048522840231,1.136302976673361,1.7118047257682223,-0.28554479042685027,5.638451264709773,-0.5750587414168589,6.08446341501666,-0.25332796658428197,1.9025476575270257,0.6413139296551482,0.9298821226868806,5.957438866586202,0.4701855664362662,-1.715119225651029,1.3416407864998738,0.9245409406119168,5.669628686859461,6.776400383072122,8.328371391994617,-0.43368715116596096,-0.3736529023510674,-0.1822332754109046,-0.3744024786983201,-0.429172560080403,-0.45436887053373015,-1.1036859824268757,-0.8104773054104263,-1.1816449136148668,0.3196209608879953,-0.4426779201407033,-0.537747401531765,0.23040780653682147,-0.044754581050616415,0.4720161539018663,-0.20195791823034093,-0.2020402754085442,10.843212330141629,6.559034693569636,5.632430843199273,0.2937002580821275,0.7671441094218795,True,False,True,False,False,False,False,False,False,False,True,False,False,True,False,False
2.0132512528111834,-0.25620262629222856,-0.08833505875965571,-0.6193562678888211,0.7069440209915847,-0.2284802471901813,-0.3536173191421498,-0.2343042838993534,1.0473027074231231,-0.42967764865840263,-0.8589067764241528,0.8761790229634739,-0.25186037834866254,-1.6561514907580426,-1.224577258024467,1.3416407864998738,-0.21914028820392176,-0.2423099353697618,-0.2403955801307203,-0.18006139515691458,-2.9598918893318236,-2.4243823784245566,-1.7935497516009313,-2.254049722185387,-2.574648429647344,-2.162525005232937,0.32789038685873145,0.34550121818949775,0.25498056722686596,1.1791351398682322,1.0551501110203036,-0.007430864964439462,0.23040780653682147,-0.044754581050616415,-0.017148642382772285,-0.20195791823034093,-0.20202275331026898,-0.13588716743828547,-0.24046905434925886,-0.24978373048280383,-0.0798628902869882,-1.856191974191579,True,True,True,False,False,False,False,True,False,False,True,False,False,True,True,False
-0.906832067888599,-0.26695916495145877,-1.120349051286719,-0.41664661626646954,0.21731620735849022,-0.18820987223508992,0.7627903128750589,-0.23992126889690826,-1.3872111182830442,1.0104441686870291,-0.3061701042716546,1.1918636894162231,-0.2375871089120502,0.25953331932335977,-1.1800445253107092,1.3416407864998738,0.47062728817504307,-0.2051042154186658,-0.19588534508770555,-0.11673104318704833,0.7572203451948392,0.95415978616411,0.748040021046574,0.9549471994689985,1.118535346694166,0.9500699711565683,0.38260031179958304,0.41118181612131166,0.27933015164791297,0.7064023414291017,0.1740747985726529,-0.4430480200018855,0.23040780653682147,-0.044754581050616415,-0.017148642382772285,-0.20195791823034093,-0.20202275331026898,-0.06681980141380726,-0.1966721011952161,-0.23626232811801687,1.3586847106502251,-0.012148860733831467,True,True,True,True,True,False,False,True,False,False,True,False,False,True,True,False
-1.4762822828645774,-0.27054467783786884,-0.8304309324333442,0.1914823386005853,0.11145073414052373,-0.24674495277090583,-0.0966880663881332,-0.25915518722186875,0.5137106360354696,-0.23961455979521984,-0.35421451800916054,0.36324477317317583,-0.2687996320191249,0.6209579615253322,1.406523334941091,1.3416407864998738,-0.5894221999483926,-0.2594044553472924,-0.2577988710835578,-0.18956094795239453,0.418791379883702,0.8100081727015673,0.9440280757051995,0.6711562674704116,0.34131308928498033,0.758478536604546,0.7655697863855414,0.7658570449531075,0.7906714244898855,-0.45394180019421815,-0.26646285765117295,-0.11475683069830298,0.23040780653682147,-0.044754581050616415,-0.017148642382772285,-0.20195791823034093,-0.20202275331026898,-0.16762082209818083,-0.2573881707266152,-0.2658306821398642,-0.3094423556577133,1.7690842843355024,True,True,True,False,False,False,True,False,False,False,True,False,True,False,False,True
-0.5497662690150157,1.4935276622758826,0.4759064826720374,1.7118047257682223,-1.9661591777620668,1.271206120672922,-1.3170299856305754,1.370451308735406,-1.2538131004361315,0.36878328199701593,3.2376701942973596,-2.0938010861081944,1.9900610637847091,0.5333883997725217,-1.5196850955120378,1.3416407864998738,2.033832359972326,1.7300960020376663,1.7311335985992127,1.3683657105063156,-0.7921420390170125,-1.0041383890445192,-0.9388913079541393,-0.7771942370289653,-0.834588379187644,-0.7666427403753863,-2.2799493686551786,-2.6823743464671206,-2.240851835930383,-1.9580916134096327,-2.204828545036005,-0.32427921233316154,0.23040780653682147,-0.044754581050616415,-2.081746026974811,-0.20195791823034093,-0.20194879852336212,3.5193889594162675,1.7314111262256062,1.8740409492062473,-0.14928955197505758,-0.22060847190809185,True,False,True,False,False,True,False,False,False,False,False,False,False,True,False,False
2.6557518720200686,-0.27054467783786884,0.21796235283844073,-0.3152917904552937,0.6540112843826013,-0.25459364151443004,0.7932779880324888,-0.26800619388468244,0.4136621226502844,-0.19189340711673797,-0.9294673025558817,-0.23286455920023816,-0.27761064959561377,-1.729667168109222,1.406523334941091,1.3416407864998738,0.5757388382762144,-0.26606629033853596,-0.26201785070848815,-0.18956094795239453,-2.2815448007294856,-1.3699959068282535,0.9440280757051995,-2.293398582068727,-2.431957238288695,-2.036396298198556,-0.5109951289009877,-0.40982565802636034,-0.4268077965624307,0.8783051772251493,0.4383973923069484,-0.13724793381164938,0.23040780653682147,-0.044754581050616415,-0.017148642382772285,-0.20195791823034093,-0.20202275331026898,-0.17998761398769889,-0.26236753092628023,-0.2741775654117036,0.721267643439514,-0.012148860733831467,True,True,True,True,True,False,False,True,False,False,True,False,True,False,False,True
-0.16113378011379287,-0.26695916495145877,-0.7759785163391104,0.1914823386005853,1.8582310422369692,-0.23603552700871394,-0.6683791455067135,-0.23362343723298312,2.714777930509539,0.7698364013167758,-0.9936269271708584,1.5905589747020072,-0.2613662406847431,0.7037658550712524,-0.49592075644049644,1.3416407864998738,-1.480575668434154,-0.2445724453667879,-0.24577477915250645,0.13912357877121137,1.175573494195681,1.2382232597520697,0.9440280757051995,1.0355149640618153,1.118535346694166,1.101982706245152,-1.176632549014678,-0.6331396909945284,-1.1694701214043448,1.3940136846132916,0.9670425797755384,-0.40595742890268266,0.23040780653682147,-0.044754581050616415,-0.017148642382772285,-0.20195791823034093,-0.20202275331026898,-0.14008720996680102,-0.2171784985766322,-0.2587888564661136,3.1552080702355068,-0.012148860733831467,True,True,True,True,True,False,False,True,False,False,True,True,False,False,False,True
2.5934654563970407,,,-1.734259351811755,0.29671531227196474,-0.251952961189506,0.3460438570938665,-0.2668147122185345,-0.8202695424336631,1.4982071492804427,-0.8042355469987149,-0.49783568610171025,-0.2739241121211135,0.6647160451560118,1.406523334941091,1.3416407864998738,-1.1481977845339455,-0.2673232403368838,-0.26222879968973467,-0.18956094795239453,-0.06111922919218181,-0.16130897597395663,-0.5043714501865989,-0.15531589796862103,-0.15155956175498575,-0.02068945794609178,0.38260031179958304,0.41118181612131166,0.27933015164791297,-0.96965030758236,-0.5307854513854685,-0.5014459719453113,0.23040780653682147,-0.044754581050616415,-0.017148642382772285,-0.20195791823034093,-0.20202275331026898,-0.18232097094798533,-0.26301002901655957,-0.2706852221369581,-0.7053178098455284,0.6244619467175008,True,True,True,False,False,False,True,False,False,False,True,False,True,False,False,True
0.6735214011784929,,,-0.1125821388329421,2.758087564589683,-0.23456848238375613,-0.5928226153442271,-0.23992126889690826,0.9806036984996656,-0.35382249624914847,-1.2885955300075527,1.7101107037475327,-0.2582708037869788,-0.15185128805011852,0.370591575936275,1.3416407864998738,-1.1753478865157736,-0.25412526535423147,-0.24535288119001342,-0.1863944303539012,0.668529477606656,0.8556844486536259,0.7460801404999823,0.7100211951068321,0.7713760717180677,0.7951189813662147,-0.4836401664305626,0.30609285943041015,-0.7190028096149866,1.3940136846132916,1.0551501110203036,-0.053991394216630254,0.23040780653682147,-0.044754581050616415,-0.017148642382772285,-0.20195791823034093,-0.20202275331026898,-0.15782072286497784,-0.24855382198527406,-0.255856476609112,-0.2756752874013238,-0.012148860733831467,True,True,True,True,True,False,False,True,False,False,True,False,False,False,True,False
0.11340334765982711,-0.2633736520650487,-0.9194399987578008,0.0901275127894095,0.4025807854899312,-0.22327223877158114,-0.39005748440589394,-0.21813417557305917,0.9806036984996656,-0.08503595672786717,-0.5652936586145355,-0.06653602960802818,-0.23870899368014095,0.3132048484262071,0.16007148900102372,1.3416407864998738,-0.6296984208718551,-0.23413976038050086,-0.22837148819966893,-0.1768948775584213,-2.9515289664126563,-1.1637646238893422,-1.403726504635695,-3.0520812042101078,-3.120037196618706,-2.9657457398245235,0.7199781822681653,0.5294068923985763,0.7176226712267461,0.5774752145820666,0.8789350485307733,-0.18301930155109117,0.23040780653682147,-0.044754581050616415,-0.017148642382772285,-0.20195791823034093,-0.20202275331026898,-0.1207203471964237,-0.2306174169649754,-0.2373251158292451,-0.18366177596436156,-0.31100444762509466,True,True,True,False,False,False,False,True,False,False,True,False,False,False,True,False
0.8019561843506618,0.08800661080313756,0.7227245259617677,0.39419199022293694,-0.06058065983867175,0.43403710544075763,1.0398299345650859,0.12024661761297199,-0.21997846212255318,0.8490440188450853,0.2527415552264165,-0.5709712784610254,0.10684840347970943,-0.07404960296382367,-1.4395493985324075,1.3416407864998738,0.9424468021114448,0.2750506839502085,0.34330025097838784,0.20942026945776293,-0.4782775323608996,-0.8891451285486579,-0.10265772430615654,-0.3591757193656495,-0.45338722131958487,-0.6791448702908355,-0.7845447536052443,-0.7250925280990667,-0.852925523930742,0.49152379668404284,-0.0021402639168774332,-0.4189785938630411,0.23040780653682147,-0.044754581050616415,-0.5597490580235046,-0.20195791823034093,-0.2020033171245924,0.824074961688907,0.3091345203772064,0.09002949818382786,1.1009989670187679,-0.39373961164938415,True,False,True,False,False,False,False,False,False,False,True,False,False,True,False,False
-0.7765766814086777,-0.27054467783786884,0.41516270985273684,-0.9234207453223485,1.342136860299383,-0.25268648350198486,1.78769148825636,-0.26987852221720077,-0.8869685513571195,-1.6878977125609278,-0.5617543365993901,0.7191099755322303,-0.27833927153101895,-0.7129863031964896,1.406523334941091,1.3416407864998738,-3.232767739605551,-0.26669476533770986,-0.2643382895021998,-0.18956094795239453,0.5084103144732811,0.4832124483735553,0.16265464726357123,0.3930930516506586,0.43335256713607084,0.4963306176682966,-1.176632549014678,-0.6331396909945284,-1.1694701214043448,-1.0126260165313719,0.35028986106218324,-0.25641132223674784,-4.340130723132376,-0.044754581050616415,-0.017148642382772285,-0.20195791823034093,-0.20202275331026898,-0.1811542924678421,-0.26381315162940877,-0.27486780603275934,0.42453380822152087,-0.012148860733831467,True,True,True,True,True,False,True,False,False,False,True,False,True,False,False,True
0.3197132016746348,1.278396889091279,0.3952201972972538,-0.2139369646441179,0.6540112843826013,1.34287125060211,-1.1378957268439798,1.8770012285148971,0.04681757357127302,0.780350110933877,-0.3049652286920306,1.0022751767031601,1.8122483596808672,0.3966208288764995,-1.6684081585120285,1.3416407864998738,0.6444636973426827,1.8879689218301547,2.079199417655963,5.026326840285791,0.20010698489723433,0.39554426526263464,0.3684402868276943,0.20377545263385946,0.3665381899635731,0.22997177863488724,-2.1340562354795747,-1.5986444805921913,-2.3504249658250913,1.1791351398682322,0.702719986041243,-0.40753575192818065,0.23040780653682147,-0.044754581050616415,-1.9187977009596704,-0.20195791823034093,-0.20195463540411052,3.8124969133086424,2.284601981956131,1.7055948108890064,0.5516394380429301,0.703873107609651,True,False,True,False,False,False,False,True,False,False,True,False,False,True,False,False
-0.6809516456597096,0.009125327302116156,0.011093658107141835,1.5090950741458709,-1.3309663384542685,0.30295666820077893,0.16841271544707015,0.065098037636979,-1.2871626048978597,0.2000625811384408,2.459847702926358,-1.0189705877854789,0.20718350423366433,0.48377742489269343,-0.7316871843254035,1.3416407864998738,1.6109064111501796,0.232314384006382,0.23023159703025559,-0.04516774546109945,-0.29095381532334724,-0.3684397468614122,-0.4263807064847298,-0.278979102871787,-0.26743129724888626,-0.20100787939465659,-0.47452184560708716,-0.8564537239626945,-0.4268077965624307,-1.227504561276431,-1.5880758263226495,-0.27969158686284323,0.23040780653682147,-0.044754581050616415,-0.10776289400840107,-0.20195791823034093,-0.2020195074678981,0.7451194893826583,0.2120102257299772,0.18507928860715345,0.060193729995074594,-0.6174072355445724,True,False,True,False,False,True,False,False,False,False,False,True,False,False,False,False
-1.1323724212920807,-0.1844923685640273,0.6334196465736767,1.1036757709011675,-0.2723116062746047,-0.174859766147974,-0.4052806925801172,-0.17455998892536098,-0.38672598443119477,-0.1876858408317462,-0.23109129471633566,-0.6494536138007151,-0.1771525034154812,0.6633126534430509,-0.2807590265878198,1.3416407864998738,1.0093998388291263,-0.17644575545633506,-0.18997877361280313,-0.15219604029017345,-0.1651678958233749,-0.0721560811500603,-0.4121056150035847,-0.13814045284318763,-0.13324088519082125,-0.05982105982295007,-0.5930600163122645,-0.863021783755877,-0.47550696540452303,-0.19608754650014684,-0.09024779516164261,-0.13922083759352186,0.23040780653682147,-0.044754581050616415,0.22262670425938977,-0.20195791823034093,-0.20203134216870636,-0.013584774837814109,-0.18446463747990838,-0.1790112111748884,-0.3218772171140799,2.9754663291297834,True,False,True,False,False,False,False,False,False,False,True,True,False,False,False,False
1.0289474992826433,-0.26695916495145877,-1.0966125772513688,-0.2139369646441179,0.6672444685348472,-0.22884700834642074,-0.6550035457074082,-0.22017671557217003,1.1140017163465796,-0.485080134763253,-0.6671809498164879,1.3627899683604985,-0.24003836681394308,1.2760980540545395,0.3804628535144472,1.3416407864998738,-1.1967771933304137,-0.24029881537240527,-0.22373061061224558,-0.18006139515691458,-0.9729181015205242,-0.706889339053598,-0.06248684906706915,-0.8953802755016643,-0.20537714262147644,-0.7183953226977158,0.44642855756390876,0.3914776367417679,0.595874749121516,1.3080622667152677,0.9670425797755384,0.030054306891137868,0.23040780653682147,-0.044754581050616415,-0.017148642382772285,-0.20195791823034093,-0.20202275331026898,-0.1321537963018272,-0.2311528320402082,-0.23858446212792622,-0.1533415787274648,0.32981988001588197,True,True,True,False,False,False,False,True,False,False,True,False,False,False,True,False
0.2903091626791229,-0.24903160051940845,-0.800645062547987,0.4955468160341127,-0.6031412100807497,-0.18586260083515743,-0.31858852529311826,-0.1909003089182478,-0.35337647996946653,-0.6201705006950895,0.13263052088265156,-0.519208529198304,-0.19358027413791076,-0.9094404472270589,0.4801762215550812,1.3416407864998738,-0.18553820147854344,-0.20259031542197012,-0.19166636546277524,-0.15662916492806406,-0.6449302887702335,-0.8982966958509644,-1.1881238859466956,-0.7174767437409726,-0.8203861358851283,-0.611883842280846,1.0755926943836998,0.8184015232985583,0.9732933076477331,-0.4109660912452063,-0.17835532640640778,0.13816943413775037,0.23040780653682147,-0.044754581050616415,-0.017148642382772285,-0.20195791823034093,-0.20202275331026898,-0.06215308749323442,-0.19683272571778596,-0.19457362305822754,-0.3050575248982486,0.7622169811944044,True,True,True,False,False,False,True,False,False,False,True,False,False,False,False,False
-0.2959100109798233,-0.2526171134058185,-0.6512587174653703,1.3063854225235192,-0.9207376297346487,-0.19803907122230713,0.4472742741766127,-0.22068735057194772,-0.8536190468953914,0.21005906517967682,0.7288180186253393,-0.6420909481599346,-0.22224744578189787,0.480214646465712,0.37357110047452585,1.3416407864998738,-1.226551420830585,-0.23816200037521393,-0.23375068722145506,-0.1768948775584213,0.42992052862358604,0.3943876470349054,0.17989082583213184,0.49701424336422667,0.4484668931557306,0.42507743077690097,0.37348199097610757,0.3914776367417679,0.31585452827948185,-1.0126260165313719,-0.3545703888959381,-0.2824536521574647,0.23040780653682147,-0.044754581050616415,-0.017148642382772285,-0.20195791823034093,-0.20202275331026898,-0.12818708946934024,-0.23506136208940762,-0.22173070603632059,-0.8315129570416303,-0.7746246767704356,True,True,True,False,False,False,True,False,False,False,True,False,False,False,True,False
2.9454209841297256,-0.26695916495145877,0.447026750654173,-2.4437431324899856,-0.11351339644765476,-0.24945898532707775,0.5667771941220061,-0.26511259555260874,-0.42007548889292357,1.1216518323742655,-0.2764247383996877,-0.37102760276077335,-0.2728673690492345,0.16565302749890995,1.406523334941091,1.3416407864998738,-0.24432442435381935,-0.2641808653410142,-0.2590645649710369,-0.1863944303539012,0.45122489906850294,0.41849723596968147,0.9440280757051995,-1.056944979220238,0.3746226146025188,0.4444175815045652,0.7199781822681653,0.5294068923985763,0.7176226712267461,-1.0556017254803838,0.26218232981741807,-0.45804208874411645,0.23040780653682147,-0.044754581050616415,-0.017148642382772285,-0.20195791823034093,-0.20202275331026898,-0.17648757854726924,-0.2597975385651628,-0.26968414467993024,-0.11160731591121172,-0.012148860733831467,True,True,True,True,True,False,True,False,False,False,True,False,True,False,False,True
1.0084312197621361,-0.2633736520650487,0.4484209239806335,-0.6193562678888211,1.0642399931022213,-0.2427105800522719,0.3659873968191462,-0.2611977272209796,-0.6535220201250215,0.7448570350806718,-0.8417372994145111,1.2373030105294744,-0.26890096354656534,0.22106374313073962,-0.06076228756686799,1.3416407864998738,-0.15045739905869884,-0.26003293034646635,-0.25220872308052517,-0.18006139515691458,0.45122489906850294,0.41849723596968147,0.09567978196857331,0.33802831630112995,0.3746226146025188,0.4444175815045652,-0.5109951289009877,-0.40982565802636034,-0.4268077965624307,0.6634266324800899,0.7908275172860081,-0.4016170405825632,0.23040780653682147,-0.044754581050616415,-0.017148642382772285,-0.20195791823034093,-0.20202275331026898,-0.16878750057832406,-0.2540150557526486,-0.2659266758686203,0.24408278640997647,0.09501508605592063,True,True,True,False,False,False,False,True,False,False,True,True,False,False,False,True
,-0.2741301907242789,-1.5295774418766945,-0.41664661626646954,1.2362713870814166,-0.25650079952687516,0.7396514651031519,-0.2714104272165339,-0.7535705335102068,0.7223315619012753,-0.9350398521116426,1.0661583908982233,-0.279203002169678,1.1925516734002974,1.406523334941091,1.3416407864998738,-0.641500275128381,-0.2679517153360577,-0.26275617214285096,-0.18956094795239453,-3.8948666716945626,-0.6744707957401718,-1.0354512763469306,-3.846891570262979,-4.088853777947363,-3.5009731669389526,0.8567529946202935,0.5097027130190326,0.8393705933319778,-0.8407231807353246,0.4383973923069484,-0.3976712330188182,0.23040780653682147,-0.044754581050616415,-0.017148642382772285,-0.20195791823034093,-0.20202275331026898,-0.18348764942812854,-0.26354544409179237,-0.27568603829215654,1.430563910340554,-0.012148860733831467,True,True,True,True,True,False,True,False,False,False,True,False,True,False,False,True
0.43709489277018343,2.2249722911035357,1.5745988339941528,1.6104498999570467,-1.7941277837828715,1.675230210386298,-0.8075648633445892,1.0945381971888484,-1.5873081450534146,0.4526891402997506,3.240908297417599,-1.5996617536654607,1.7895211456692228,0.571607682236506,-1.5627499786771397,1.3416407864998738,2.108680467680223,1.7921893319560496,1.818888374797763,1.4063639216882353,-0.019884636434132304,-0.18669111752591033,-0.13297659407762544,-0.027062350886100327,-0.03656352442470333,-0.03462888632402301,-3.6841707754703603,-3.8908973484124947,-3.373107511509037,-1.6572616507665496,-2.9977963262388903,-0.34400825015188646,0.23040780653682147,-0.044754581050616415,-2.2641609046216957,-0.20195791823034093,-0.20194226434216744,3.633897356362302,1.8056196556528716,1.684064788867997,0.10102419302963737,0.38160603855412323,True,False,True,False,False,True,False,False,False,True,False,False,False,True,False,False
-1.7195942659811743,-0.2633736520650487,-0.49277808403702666,0.5969016418452885,-0.0076479232296887455,-0.2405833653460831,-1.053957029446725,-0.2520062972249808,-0.9870170647423047,-0.6928488937043161,-0.23704036789072905,-0.13324378141444543,-0.2565626437529826,0.3812486734541908,0.4361233576408454,1.3416407864998738,0.8856212872966006,-0.2543766553539011,-0.24661857507749252,-0.17056184236143465,0.3749776785288006,0.3322102860978518,0.006379961575244922,0.2646086691684268,0.2963160112244512,0.37520019995292503,0.7655697863855414,0.7658570449531075,0.7906714244898855,-0.6258446359902652,-0.795108045119763,0.20840480877241105,0.23040780653682147,-0.044754581050616415,-0.017148642382772285,-0.20195791823034093,-0.20202275331026898,-0.1582873942570351,-0.247964865402518,-0.2542382966100807,-0.3420213206960404,1.309118245357339,True,True,True,False,False,False,True,False,False,False,False,False,False,False,True,False
-0.3713252672369475,-0.2526171134058185,-0.40054386997453445,0.0901275127894095,-0.16644613305663825,-0.2130029263968766,-0.06389917933171009,-0.2167724822403186,0.6804581583441112,-0.37149849158337084,-0.49970324424875545,0.1205064723416754,-0.23410082183701558,-0.408816920103383,0.35278923538829615,1.3416407864998738,-0.843177129493771,-0.23803630537537915,-0.22921528412465497,-0.18006139515691458,-0.8231477330224666,-0.9046290015877847,-0.7808294509792272,-0.5852008979547167,-0.61005855360178,-0.4259694508284123,0.44642855756390876,0.3914776367417679,0.595874749121516,0.7064023414291017,0.7908275172860081,-0.043732294550893294,0.23040780653682147,-0.044754581050616415,-0.017148642382772285,-0.20195791823034093,-0.20202275331026898,-0.1279537537733116,-0.2329732432959997,-0.2329596867358132,-0.45827793692360846,-2.039264732881651,True,True,True,False,False,False,False,True,False,False,True,False,False,False,True,False
1.343141810387672,-0.25978813917863863,-0.7955403238392454,0.1914823386005853,1.4877018859740871,-0.22026479729041767,-0.6868264454917277,-0.22443200723698428,-0.15327945319909678,0.7123957288712002,-0.5421751084305005,1.6277618435037546,-0.2373289547826186,-3.0468714245245083,-1.0395263226623108,1.3416407864998738,-1.2533102625248056,-0.23564810037851827,-0.2249963044997247,-0.1610622895659547,0.5690615126298619,0.826399180818332,0.5178243874643087,0.568299027762792,0.620220597924642,0.6615084600074387,-0.4836401664305626,-0.5280507343036268,-0.5485557186676625,1.3510379756642796,0.9670425797755384,-0.3960929099933202,0.23040780653682147,-0.044754581050616415,-0.017148642382772285,-0.20195791823034093,-0.20202275331026898,-0.1235203755487674,-0.2282080491264278,-0.2360177726661859,-0.12703155807588495,-0.012148860733831467,True,True,True,True,True,False,False,True,False,False,True,False,False,True,True,False
-1.9526678605224916,-0.26695916495145877,-1.189539764268242,-1.1261303969447,-0.28554479042685027,-0.11515104991219186,2.636026971194844,-0.22596391223631743,-0.5201240022781082,-1.212346669897117,0.2770649809900755,-0.02266659517849339,-0.22898357970127273,-0.06747067664560476,0.24487716413678087,1.3416407864998738,0.4167848431057733,-0.22395846539388337,-0.20790943701875692,-0.14206318397499482,-3.4789321268363795,-3.8050130193778564,-4.159317128804191,-3.1603031513735558,-3.5599783199759587,-2.853682497272439,-0.30127374996105827,-0.36384923947409203,-0.14678757572039824,0.018790998244912583,0.9670425797755384,1.336116610490727,0.23040780653682147,-0.044754581050616415,-0.017148642382772285,-0.20195791823034093,-0.20202275331026898,-0.10182015581810365,-0.21294871948229313,-0.22811200343363047,0.1793670036457651,1.307581512703085,True,True,True,False,False,False,False,False,False,False,True,False,False,False,True,False
0.4021989024657078,0.676030724174388,1.3422318759193075,1.2050305967123434,-0.8016389723644367,0.2835183269200882,-1.398544237281337,0.5386268940975115,-0.28667747104601016,1.00267042706769,1.7014538302767925,-0.8456259739718458,0.5748335870309486,0.562103226747418,-1.5434483826202126,1.3416407864998738,1.4215920492493126,0.4960224936597585,0.5692266098934059,0.18725464626830973,-0.00749815942927325,-0.12698276736300784,-0.0924437511087945,-0.03192280478744286,-0.03430387711495171,-0.03120870842813565,-1.368117286307658,-1.6183486599717352,-1.3642667967727145,-0.4109660912452063,-1.323753232588354,-0.4422588584891365,0.23040780653682147,-0.044754581050616415,-1.476341036742049,-0.20195791823034093,-0.20197048439653972,1.233037807895641,0.5160724469546821,0.5333628210540251,-0.07671729103187555,0.590919423699715,True,False,True,False,False,False,True,False,False,False,False,False,False,True,False,False
0.5891830198859287,-0.27054467783786884,-0.9285271816064242,-0.011227313021766296,0.5613789953168807,-0.2489455197083425,0.17269025902690277,-0.25660201222298024,0.6471086538823824,-0.7999400977756863,-0.8391016340840837,0.7865822520376885,-0.2676632713185427,-5.1834792046120475,-1.0347347321570983,1.3416407864998738,0.6593618313526597,-0.2615412703444837,-0.25748244761168804,-0.17056184236143465,-0.09203654727688126,-0.19629728186711057,-0.5405814383338972,-0.1850866695193847,-0.18331193446621752,-0.048756262050875486,-0.5109951289009877,-0.40982565802636034,-0.4268077965624307,0.19069383404095966,0.702719986041243,0.3330923277867525,0.23040780653682147,-0.044754581050616415,-0.017148642382772285,-0.20195791823034093,-0.20202275331026898,-0.17158752893066775,-0.25653150660624274,-0.2647541810388137,-0.317533749324336,2.055582945846501,True,True,True,False,False,False,False,False,False,False,True,False,False,True,False,True
0.041932209164982345,-0.15222275258633672,3.1867059840442944,1.914514377390574,-1.0133699188003693,-0.1884299289288336,0.9377710092621404,-0.21490015390780032,-0.6535220201250215,0.31466670145068154,1.2471404320348278,-0.8547890214466847,-0.21595041514809832,0.7781446430047312,-0.05026579448007615,1.3416407864998738,0.7125304746207938,-0.23049460538529212,-0.22415250857473862,-0.1578957719674614,-0.7176103339776273,-1.2768452223075266,-0.9840362282416782,-0.6289418090034572,-0.7412464835349509,-0.8408233441247621,-1.741968440070141,-2.2685865794966933,-1.607762640983178,-1.3564316881234668,-2.3810436075255352,-0.3108634666164286,0.23040780653682147,-0.044754581050616415,-0.017148642382772285,-0.20195791823034093,-0.20202275331026898,-0.11395361201159306,-0.2253168077201707,-0.21576538146362045,-0.6342813583877148,-0.012148860733831467,True,True,True,True,True,True,False,False,False,False,False,False,False,False,True,False
,-0.2741301907242789,-1.5295774418766945,0.900966119278816,-1.6088632056514303,-0.2518796089582581,3.250308913001841,-0.2707295805501636,-0.5534735067398363,-1.6878977125609278,4.6632639191637,-2.407934068462958,-0.2790365289460259,-1.0797528233797382,1.406523334941091,1.3416407864998738,0.516445526897406,-0.26543781533936206,-0.2643382895021998,-0.18956094795239453,-0.8526025721604158,-1.0570096068386157,-1.431347146757352,-0.917447649668102,-0.9644203031624449,-0.7391996430284894,0.32789038685873145,0.34550121818949775,0.25498056722686596,-2.12999444920568,-0.6188929826302326,-0.3704451608289778,-4.340130723132376,-0.044754581050616415,-0.017148642382772285,-0.20195791823034093,-0.20202275331026898,-0.17882093550755568,-0.26327773655417597,-0.2755283343092001,1.4261253561381637,-0.012148860733831467,True,True,True,True,True,False,False,False,True,False,True,False,True,False,False,True
0.0291697570249072,,,0.900966119278816,0.24378257566298173,-0.2441042724459818,-0.25747073651306107,-0.25575095389001734,-0.28667747104601016,-1.3244958559335749,0.29400854382853764,-0.763596988891946,-0.2645268192787191,0.3951203833103589,1.406523334941091,1.3416407864998738,-0.8865071776981907,-0.2609127953453098,-0.25199777409927865,-0.1832279127554079,0.902969184201582,0.6212251773352191,0.6247572124709858,0.7730199890981168,0.8385681894553745,0.854511960375039,-0.5930600163122645,-0.7316605878922492,-0.47550696540452303,-0.4109660912452063,0.7908275172860081,2.0025635080072544,0.23040780653682147,-0.044754581050616415,-0.017148642382772285,-0.20195791823034093,-0.20202275331026898,-0.17042085045052455,-0.2545504708278814,-0.2617829465773156,-0.38023359909663346,-1.0905079715453654,True,True,True,False,False,False,True,False,False,False,True,False,True,False,False,True
0.5974364119684182,-0.24903160051940845,-0.2799044963060016,0.5969016418452885,0.08498436583603222,-0.19363793734743373,0.475735515880248,-0.227325605569058,-0.6201725156632933,0.167540884222577,-0.5172492448770296,1.294764967802542,-0.23442170500724369,0.11369384589884614,0.3151757336209782,1.3416407864998738,0.15184623726353286,-0.21943344539983115,-0.21908973302482224,-0.16422880716444802,0.7599636445325457,0.41513770308532516,0.4572708579874628,0.7353670213779122,0.6917001725432206,0.7246912412300609,-0.5930600163122645,-0.7316605878922492,-0.47550696540452303,0.9642565951231731,0.8789350485307733,-0.27022164870985527,0.23040780653682147,-0.044754581050616415,-0.017148642382772285,-0.20195791823034093,-0.20202275331026898,-0.09342007076107252,-0.21857057777223748,-0.23326366687687417,0.18058108258667213,-0.9081141418400339,True,True,True,False,False,False,False,True,False,False,True,False,False,False,True,False
-0.7396666960164334,-0.24544608763299838,-0.14819961980575072,0.900966119278816,0.15115028659726124,-0.19275771057245905,0.6602008321911771,-0.21490015390780032,0.2469146003416428,-0.07878603922584707,-0.7156018871726263,0.07793060880637726,-0.231070526635463,-1.2479541323671868,-1.1273477925568407,1.3416407864998738,-0.009133720288686798,-0.22546680539190078,-0.22204301876227345,-0.17056184236143465,0.17242885705912242,0.10299117645631724,-0.124036322884081,0.1573842924206623,0.18195456888093847,0.27411294488110166,0.38260031179958304,0.41118181612131166,0.27933015164791297,0.7064023414291017,0.6146124547964777,-0.18538678608933815,0.23040780653682147,-0.044754581050616415,-0.017148642382772285,-0.20195791823034093,-0.20202275331026898,-0.10462018417044736,-0.22317514741923952,-0.23008901713301189,-0.1491194298135063,1.8087470310271205,True,True,True,False,False,False,False,True,False,False,True,False,False,True,True,False
-0.10399472667153338,-0.05182839176685493,0.1467308662940164,1.407740248334695,-1.0133699188003693,0.05972066938277699,-0.2839660555066467,0.057098089307128154,-0.11992994873736856,0.7781002968160108,0.5757235152893682,-0.4516200589545811,0.05436108492097019,0.6504262946205677,-0.3804151971239357,1.3416407864998738,0.27072285439930044,0.03396767426709309,0.06969942230165736,-0.01856899763375562,-0.424592858925554,-0.4624158016625454,-0.5063588260453967,-0.3713255576289196,-0.3247860078305193,-0.2495987384055073,1.0755926943836998,0.8184015232985583,0.9732933076477331,-0.06716041965311119,-0.795108045119763,-0.40714117117180615,0.23040780653682147,-0.044754581050616415,0.49287350224679743,-0.20195791823034093,-0.20204102252794084,0.37722011107128706,0.04828029572378813,0.04030703225314153,-0.024514288938765783,-0.2294811247314072,True,False,True,False,False,False,False,False,False,False,False,True,False,False,False,False
0.5293176585555661,0.12386173966723821,1.8119179495767745,1.0023209450899917,-0.11351339644765476,0.04710408560813997,-0.23008114119096568,0.08024687596371781,0.6137591494206548,2.671438487041483,0.19392856599602126,0.35627924353046453,0.017845545211178496,0.6871650019562652,-1.3167384550675318,1.3416407864998738,0.7097577887718246,0.0025439243083971233,-0.008562649740799861,-0.10026515167488309,0.04310472575682389,0.02498968673287252,-0.06398553120639823,-0.01133813442354801,0.0020016451629277787,0.0465103946454587,0.601440011562988,0.680472267641748,0.6080495413320378,0.8783051772251493,-0.795108045119763,-0.5882537383477008,0.23040780653682147,-0.044754581050616415,1.8947304684093056,-0.20195791823034093,-0.20209123766139986,0.3194434502742512,-0.011739734209808322,0.005715006426391975,-0.20178748840828734,-0.46844371852581046,True,False,True,False,False,False,False,True,False,False,False,False,False,True,False,False
0.820619046979299,-0.24544608763299838,-0.5193159937989099,1.2050305967123434,-0.10028021229540925,-0.1895302123975519,0.11884867089989372,-0.20128322058039463,0.01346806910954482,-0.9143833497407282,-0.1877157738498726,0.36713132161254697,-0.20873657545650418,-1.3201583236829197,0.4290636352180429,1.3416407864998738,0.02584968369231693,-0.20711533541602234,-0.19757293693767766,-0.1629622001250507,0.06960500163572571,-0.013371843674062587,-0.2516305933195769,-0.029439481344602416,-0.01730456304308303,-0.05647934237500848,0.23670717862397928,0.2863886800508664,0.31585452827948185,0.7923537593271256,0.1740747985726529,0.5039457952969102,0.23040780653682147,-0.044754581050616415,-0.017148642382772285,-0.20195791823034093,-0.20202275331026898,-0.07055317255026554,-0.2022939594851605,-0.20893154220217472,-0.11443134370926109,0.4090098112278405,True,True,True,False,False,False,False,True,False,False,True,False,False,False,True,False
0.006479448784380781,-0.09126903351736564,-0.41165499757712903,0.1914823386005853,-1.3177331543020228,0.012848593615375523,-1.4337009775172498,0.033438667650760784,-1.2871626048978597,-0.349879920218928,1.8910711246201155,-1.443399919159863,0.14531819407585272,0.4046537210610043,-0.9144021392369427,1.3416407864998738,1.4456869115994115,0.14307093412368546,0.11104542262597437,-0.07176649328844328,-0.5167018760321737,-0.5142766462562495,-0.6078937084918372,-0.5632579564979427,-0.5702589852897048,-0.41977537525463143,-1.596075306894537,-1.8219585135603593,-1.632112225404225,-1.0556017254803838,-0.9713231076092933,-0.05635887875487724,0.23040780653682147,-0.044754581050616415,-0.8189838066708514,-0.20195791823034093,-0.2019940312218115,0.5790183996880583,0.11124510857116496,0.1264728316365878,-0.13377838879684928,0.19885580627577226,True,False,True,False,False,False,True,False,False,False,False,False,False,True,False,False
0.3829820452013858,-0.23827506186017824,-0.38781306300581836,-0.1125821388329421,0.7466435734483222,-0.17860072994161638,-0.4006727562918935,-0.19430454225009922,-0.32002697550773834,0.25105784720053004,-0.5768152813446898,1.089365533623826,-0.20407291253882812,-0.6564726826443985,-1.0106628094674361,1.3416407864998738,0.177846779121893,-0.18449023544576124,-0.17563424288804008,-0.14839621917198145,0.7005908088663864,0.4991260251941749,0.6658810941522071,0.5781466704482534,0.6917001725432206,0.6707924605136218,-0.5109951289009877,-0.40982565802636034,-0.4268077965624307,1.0931837219702087,0.7908275172860081,-0.29389649409232516,0.23040780653682147,-0.044754581050616415,-0.017148642382772285,-0.20195791823034093,-0.20202275331026898,-0.028552747265109882,-0.18028839989309256,-0.20451354511442404,0.35977510721036743,0.5904251003859805,True,True,True,False,False,False,False,True,False,False,True,False,False,True,True,False
1.6926350314693392,,,-1.1261303969447,2.625755723067225,-0.2528331879644807,0.07441210374780162,-0.26528280721920133,0.6804581583441112,-0.7729425886660646,-1.5261819333646551,1.5416143222465173,-0.27494466536176376,0.2943633657830704,1.406523334941091,1.3416407864998738,-1.1523532394013325,-0.26543781533936206,-0.2638109170490835,-0.1863944303539012,-2.552691333664794,-2.980954803833752,-3.422470494998023,-2.5544898405887704,-2.7104272449540185,-2.2825436710961027,0.38260031179958304,0.41118181612131166,0.27933015164791297,1.1791351398682322,1.0551501110203036,0.2987638019821712,0.23040780653682147,-0.044754581050616415,-0.017148642382772285,-0.20195791823034093,-0.20202275331026898,-0.17882093550755568,-0.26274232147894316,-0.2716520161194302,-0.4367101005501378,-0.012148860733831467,True,True,True,True,True,False,False,True,False,False,True,False,True,False,False,True
-0.020942107569596552,-0.24544608763299838,1.9667276588172062,-1.3288400485670517,0.045284813379294735,-0.2361822314712097,0.7602858697448842,-0.24945312222609223,0.71380766280584,0.8427113244265453,-0.09591931562727106,-0.6009254094644909,-0.26195492860606384,0.4028898595235725,0.28679748434776825,1.3416407864998738,-0.1928439049833569,-0.2610384903451446,-0.25590033025233916,-0.1863944303539012,-0.18258012166777815,-0.5549274172719041,-0.3815161332582804,-0.49023707791468335,-0.043828297199034166,-0.33644100412488104,0.5923216907395138,0.713312566607655,0.5593503724899455,-0.2820389643981706,-0.8832155763645282,-0.4177948515939176,0.23040780653682147,-0.044754581050616415,-0.017148642382772285,-0.20195791823034093,-0.20202275331026898,-0.1706541861465532,-0.25685275565138244,-0.2593465343188871,-0.8259352332590444,-0.012148860733831467,True,True,True,True,True,False,False,False,False,False,False,False,False,False,False,True
-1.1413341833546746,-0.2633736520650487,0.5956744980115322,0.6982564676564643,-0.7619394199076992,-0.22958053065889966,2.992761510848624,-0.2637509022198682,-1.2871626048978597,-0.17420465684883818,0.20025416278904712,-0.35322285245996915,-0.26936178073087785,-0.06197369603293646,-0.46891539654999437,1.3416407864998738,0.07767201307449506,-0.2592787603474576,-0.25009923326806,-0.1768948775584213,-0.5529856532669036,-1.0439685110057162,-0.40561693705761326,-0.6289418090034572,-0.06496218163345326,-0.4672067959767034,0.38260031179958304,0.41118181612131166,0.27933015164791297,0.36259666983700717,-0.4426779201407033,-0.14513954893913933,0.23040780653682147,-0.044754581050616415,-0.017148642382772285,-0.20195791823034093,-0.20202275331026898,-0.16738748640215217,-0.2523552690194269,-0.2663632187779635,0.6018344777606077,-0.012148860733831467,True,True,True,True,True,False,False,False,False,False,True,True,False,False,False,True
-2.95291873544085,-0.25620262629222856,3.132271518679586,-0.1125821388329421,0.5084462587078977,-0.2455713170709396,1.9223279735183765,-0.2637509022198682,0.08016707803300122,0.5106223093681432,-0.7045320927848311,1.145474362044239,-0.27323891798318284,0.11966526597054697,1.406523334941091,1.3416407864998738,-0.7114864429563635,-0.26292391534266635,-0.2601193098772695,-0.1832279127554079,-0.15875286524911872,-0.27179836300495913,0.16265464726357123,0.3930930516506586,0.43335256713607084,-0.10932147090855872,0.8567529946202935,0.5097027130190326,0.8393705933319778,0.23366954298997153,0.702719986041243,-0.3566348343558704,0.23040780653682147,-0.044754581050616415,-0.017148642382772285,-0.20195791823034093,-0.20202275331026898,-0.17415422158698282,-0.2595298310275464,-0.2700361216853693,0.03354771903313554,-0.012148860733831467,True,True,True,True,True,False,False,False,False,False,True,False,True,False,False,True
0.6690808891014071,-0.23827506186017824,-0.8881683320306979,0.7996112934676401,-0.9736703663436319,-0.13422263003664314,-0.6446608634606771,-0.11719865728366456,0.3803126181885568,-0.18015600478089497,0.9149712956772433,-1.0444920966000761,-0.14435245304517275,0.5213270283770358,-0.11647203211557765,1.3416407864998738,0.86775535074968,-0.14451922549829999,-0.12331889553890425,-0.1610622895659547,-1.6761573778439507,-0.8541552805577325,-0.8176840793968132,-1.589759254023828,-1.6814822914010932,-1.486824367053697,1.2670774316766784,0.8446737624712827,1.1924395674371497,-1.8291644865625971,-0.6188929826302326,-0.14277206440089235,0.23040780653682147,-0.044754581050616415,0.343458117367102,-0.20195791823034093,-0.20203567040309953,0.045717258865288664,-0.13777644291960853,-0.14793895540252897,-0.012496279730504356,1.9318474395073901,True,False,True,False,False,True,False,False,False,False,True,True,False,False,False,False
0.5702797054545349,9.722279736586978,0.6708921684311561,1.3063854225235192,0.07175118168378623,11.600300563844497,-0.3210657318644656,11.561023787632633,-0.01988143535218338,1.2944668669433474,0.6405608824178832,0.6127926279832795,11.125298512940983,0.397139760679234,-1.6986177668963225,1.3416407864998738,1.1827233513424582,12.622321907720695,12.842027389834426,16.194001106652006,-0.5120748793770469,-0.38049363635328415,-0.520633438917569,-0.6081991061064931,-0.6985890949793147,-0.5867896573323347,-1.2951707197198554,-0.9943829796195048,-1.339917212351669,0.19069383404095966,-0.795108045119763,-0.4793494495883393,0.23040780653682147,-0.044754581050616415,-0.06310798201961167,-0.20195791823034093,-0.20202110702649737,23.74466023933922,13.264680178800221,10.528065298460652,0.4842754985428514,0.6639724607212997,True,False,True,False,False,False,False,False,False,False,False,False,False,True,False,False
0.33110666797763305,-0.19883442010966756,-0.34658023728633175,0.6982564676564643,-0.3252443428835877,-0.11177684727478893,-0.483494361330115,-0.09302860062751947,0.346963113726828,0.04370297284206591,0.1214101170474033,-0.6714112855870951,-0.11497354805368723,0.6219971686613075,0.025187983665726,1.3416407864998738,-0.535378251418711,-0.1327038955138303,-0.13407729358247653,-0.11419782910825367,-0.1729478265198073,-0.3556884531581299,-0.03869216999443951,0.0544167243038789,-0.08174938061682799,0.09542616187274096,0.7017415406212143,0.5294068923985763,0.7297974634372696,0.23366954298997153,0.5265049235517126,-0.23076357307240544,0.23040780653682147,-0.044754581050616415,1.0615817861428902,-0.20195791823034093,-0.2020613939089479,0.0678081059394752,-0.1342427034230721,-0.12010763075817293,-0.3132843415566035,-0.07039788218395956,True,False,True,False,False,False,False,False,False,False,True,False,False,False,False,False
-0.8935962312702656,,,0.900966119278816,-1.8867600728485923,-0.24293063674601556,1.1642174478253677,-0.2635806905532756,-1.353861613821316,,1.2274105944184852,-0.12612890862159887,-0.2687875687420486,-3.4918786626602354,0.0630338972301821,1.3416407864998738,1.0503045015044792,-0.2620440503438229,-0.2590645649710369,-0.17056184236143465,-1.4470679709199623,-3.7083992975554447,-0.07984055466658915,-2.3316619561621827,-1.5749417867411077,-2.866082701672181,0.38260031179958304,0.41118181612131166,0.27933015164791297,-0.6258446359902652,-1.2356457013435889,,,-0.044754581050616415,-0.017148642382772285,-0.20195791823034093,-0.20202275331026898,-0.17252087171478234,-0.25754879524918506,-0.2658192543150123,-0.3364938469094939,-0.012148860733831467,True,True,True,True,True,False,True,False,False,False,False,False,False,False,False,True
0.6208263603507906,-0.2633736520650487,0.4202322950494912,-0.011227313021766296,0.6540112843826013,-0.24806529293336782,0.23162497032335597,-0.25915518722186875,0.11351658249473001,-1.2068318530625566,-0.8650064590459992,0.563860755179915,-0.26875379156623513,-0.9868548546995104,-0.23998092518118022,1.3416407864998738,-0.8415159528831477,-0.26543781533936206,-0.2586426670085439,-0.1832279127554079,-1.3596465887494407,-1.6308178234862878,-1.431347146757352,-0.917447649668102,-2.005898128090752,-0.7391996430284894,0.7199781822681653,0.5294068923985763,0.7176226712267461,1.3080622667152677,0.9670425797755384,1.3112580228391335,0.23040780653682147,-0.044754581050616415,-0.017148642382772285,-0.20195791823034093,-0.20202275331026898,-0.17882093550755568,-0.2598510800726861,-0.2657872564054269,-0.7054683569744906,-2.490161261426653,True,True,True,False,False,False,False,True,False,False,True,True,False,False,False,True
-0.8543567557298821,0.0951776365759577,0.06631571172977059,1.407740248334695,-1.304499970149777,0.19703604627882634,-0.8170492072522262,0.17982070092037183,-0.9870170647423047,0.054961935012614725,1.8301496031253783,-1.2811034754078798,0.33437628507016964,0.39328605427474705,-0.7399536947666403,1.3416407864998738,1.2773342014405753,0.38993591379920095,0.3506834653220159,0.14862313156669132,0.19661806700287063,0.0889502166648924,-0.13822064979424925,0.04881425701674629,0.1131390342859326,0.04717325858297079,-1.6507852318353886,-1.6446208991444613,-1.668636602035794,-0.7977474717863128,-1.323753232588354,-0.23431479987977594,0.23040780653682147,-0.044754581050616415,-2.845790241290648,-0.20195791823034093,-0.20192143012336375,1.0349729731685966,0.3566793790578787,0.3055719882807847,0.12684620266919222,0.7175287570175513,True,False,True,False,False,False,True,False,False,False,False,True,False,False,False,False
-2.536768142630967,-0.25978813917863863,2.4309578326195944,-0.3152917904552937,-1.0001367346481234,-0.2411701831960662,1.7647085888594074,-0.2654530188857939,-0.6868715245867497,1.4952849679444302,0.7797240118644523,-1.1711180754297374,-0.27391687415486776,0.42566371885934073,-0.889630005603299,1.3416407864998738,0.5248671536129166,-0.264306560340849,-0.2617014272366184,-0.18956094795239453,-0.3766020667911303,-0.5183325054959065,-0.8738611251590009,-0.4590992811396544,-0.4755633649307938,-0.30708541819896357,0.38260031179958304,0.41118181612131166,0.27933015164791297,0.2766452519389834,-0.7070005138749978,-0.5010513911889367,0.23040780653682147,-0.044754581050616415,-0.017148642382772285,-0.20195791823034093,-0.20202275331026898,-0.1767209142432979,-0.26145732529838445,-0.27067836544204693,-0.29954543784808924,-0.012148860733831467,True,True,True,True,True,False,False,False,False,False,True,False,False,True,False,True
-0.35933738540265986,-0.17732134279120718,-0.32453561950873605,1.407740248334695,0.032051629227048746,-0.1028278750625464,-0.5747034860979479,-0.0406034073170076,0.580409644958926,-0.28785762353540717,-0.3527837282583571,0.5839368806356056,-0.07994902939051933,0.6154505391365762,0.152686393563839,1.3416407864998738,0.22263970535068062,-0.11762049553365624,-0.1117167015703459,-0.1547292543689681,-0.4650138193380707,-0.7344237944461929,-0.40698159328891864,-0.3220803816806675,-0.4610569054721194,-0.3408042711937524,1.8141766810851914,1.869291090207579,1.789004385752785,0.19069383404095966,0.1740747985726529,-0.0902928238030841,0.23040780653682147,-0.044754581050616415,3.2755344048782336,-0.20195791823034093,-0.2021406986660702,0.09634975730965249,-0.11989357940683315,-0.08692808408312015,-0.45360752097159796,0.8430133901314382,True,False,True,False,False,False,False,False,False,False,True,False,False,False,False,False
0.4333780908045188,1.1815880411582071,0.20526333361992577,0.900966119278816,2.003796067911673,2.77037902291729,0.22508798286033385,2.529762969897407,1.3807977520404062,0.9880176113198259,-0.8112388863052793,1.847761427944396,1.8421870007286905,0.5579791010757148,-1.5752311404279484,1.3416407864998738,-0.5063779410412875,2.421669891128647,2.5504594417606787,2.8338300550890207,0.028758703159427343,0.5142990995401254,0.5128981361050785,-0.0068021135051119916,-0.0698290801354876,0.03753309450967634,-1.1401592657207775,-0.5214826745104443,-1.291218043509575,1.3080622667152677,0.9670425797755384,-0.4398913739508895,0.23040780653682147,-0.044754581050616415,-2.0688420741879083,-0.20195791823034093,-0.20194926074862976,4.801102770189107,2.5658019794683957,1.7339563866064915,0.7899280697014301,3.0428827417643642,True,False,True,False,False,False,False,True,False,False,True,False,False,True,False,False
-0.09276377317104827,-0.2418605747465883,-0.6200596016034318,0.1914823386005853,-0.15321294890439224,-0.17251249474804153,-0.1019796927381545,-0.18255993725521183,-0.01988143535218338,-0.4031822674480475,-0.19110448641756503,0.07485343782036552,-0.19381671436860515,0.2511093403678707,0.6604998479847531,1.3416407864998738,0.5410775849443409,-0.19102637543717,-0.1815408143629425,-0.16422880716444802,-0.580930027475305,-0.7495650196278557,-0.4960088663188615,-0.6558498861661745,-0.6252785634051929,-0.6520305017811246,0.44642855756390876,0.3914776367417679,0.595874749121516,0.8353294682761374,0.4383973923069484,-0.024397837488542885,0.23040780653682147,-0.044754581050616415,-0.017148642382772285,-0.20195791823034093,-0.20202275331026898,-0.040686203458599295,-0.18740942039368874,-0.19479760842532512,-0.07908779137226149,-0.05884356854415351,True,True,True,False,False,False,False,True,False,False,True,False,False,False,True,False
0.9747213425877703,-0.223933010314538,0.7546289559046359,-0.1125821388329421,0.045284813379294735,-0.19657202659734932,0.010142795312902322,-0.21626184724054087,-0.08658044427564036,0.1398285782174722,-0.29781127993801326,0.24013102452058296,-0.23026711238218514,0.3792881837457878,-0.48424019457054973,1.3416407864998738,0.1488957234649941,-0.20786950541503105,-0.2047452023000592,-0.16739532476294133,-0.4829817002543992,-0.28120659741466214,-0.6284555217193877,-0.4094340102710683,-0.4225922758632962,-0.33195993337606494,-0.5109951289009877,-0.40982565802636034,-0.4268077965624307,0.9642565951231731,0.7908275172860081,-0.2619354528259908,0.23040780653682147,-0.044754581050616415,-0.017148642382772285,-0.20195791823034093,-0.20202275331026898,-0.07195318672643741,-0.20663082159454613,-0.2293279239978743,0.4864034614736291,-0.025737269889045084,True,True,True,False,False,False,False,True,False,False,True,True,False,False,True,False
-0.8130134617347197,-0.17732134279120718,0.05987027790961243,1.407740248334695,-0.8413385248211738,-0.14500540803008294,-0.6590675376089163,-0.14153892560640222,-0.6535220201250215,0.21710733740800664,1.0450978582766326,-0.569912690036095,-0.12686311394003366,0.6469592043034078,-0.7043282106404608,1.3416407864998738,1.3454413395184373,-0.1505525854903696,-0.13154590580751835,-0.12116416782493897,-1.5592120180191733,-1.4802559007507439,-1.3066918872695226,-1.597852991769342,-1.8039789579515908,-1.4477596141775295,-0.5930600163122645,-0.863021783755877,-0.47550696540452303,-1.7861887776135852,-1.9405059513017093,-0.2848211366957117,0.23040780653682147,-0.044754581050616415,1.6382169567522427,-0.20195791823034093,-0.20208204923452552,0.03475104514188154,-0.14114955789357517,-0.13137089493222123,-0.27840220168959334,2.923184580347593,True,False,True,False,False,True,False,False,False,False,False,True,False,False,False,False
-0.6228372577378233,-0.23827506186017824,-0.5234607424515827,1.1036757709011675,-0.24584523797011276,-0.1642970448482779,0.007813489037440313,-0.18596417058706324,-0.28667747104601016,0.830436132438092,0.12404578237783075,-0.014089623242556389,-0.192031349361321,0.5314604227387679,0.1374475777406638,1.3416407864998738,0.654586165015969,-0.1847416254454308,-0.18006417149421688,-0.16422880716444802,0.07558130944676657,0.05266909312464982,-0.09887943415697639,-0.07412288464836457,0.09642384495667193,0.055856371430583404,0.7655697863855414,0.7658570449531075,0.7906714244898855,0.14771812509194776,-1.0594306388540584,-0.4158219478120451,0.23040780653682147,-0.044754581050616415,-0.017148642382772285,-0.20195791823034093,-0.20202275331026898,-0.029019418657167187,-0.18398276391219884,-0.19310629034724155,-0.03773620470092452,0.42223812744393957,True,True,True,False,False,False,False,False,False,False,False,False,False,False,False,False
1.1849253956032215,-0.25978813917863863,-0.8744891281853979,0.39419199022293694,0.8392758625140427,-0.22539945347776993,-0.9276130900007896,-0.2079214755775049,0.6471086538823824,0.18471423104799461,-0.7101046423405919,0.7271660847402233,-0.22814880092759662,-1.0195280612875794,0.5731547025924799,1.3416407864998738,-1.1080287869849683,-0.23627657537769217,-0.2341725851839481,-0.16422880716444802,-1.8666906053384655,-1.1845225438714324,-0.3756248256628839,-1.45993726459308,-1.6587388531146505,-1.5575029093723305,1.5132720939105098,1.5737283995144165,1.5698581259633686,1.007232304072185,0.7908275172860081,-0.2753511985427238,0.23040780653682147,-0.044754581050616415,-0.017148642382772285,-0.20195791823034093,-0.20202275331026898,-0.12468705402891062,-0.23340157535618594,-0.22732119795387784,-0.6423997569542274,-0.07785683835917509,True,True,True,False,False,False,False,True,False,False,True,False,False,False,True,False
1.3473345694723367,-0.23827506186017824,-0.5061139801801563,-0.2139369646441179,-0.40464344779706274,-0.19004367801628716,-0.5685257999284345,-0.17455998892536098,0.3803126181885568,1.363025416374712,0.060940423895025096,-0.31992605746659414,-0.19946956600653326,-2.408787106760501,-1.1060700004502508,1.3416407864998738,0.16037554224113548,-0.2010819754239527,-0.18512694704413327,-0.17056184236143465,0.2860225878991469,-0.1459632277752094,-0.09780316221697262,0.23248757354787017,0.20495830728337147,0.042091551235657026,0.32789038685873145,0.34550121818949775,0.25498056722686596,1.0502080130211968,0.7908275172860081,-0.4872410647158293,0.23040780653682147,-0.044754581050616415,-0.017148642382772285,-0.20195791823034093,-0.20202275331026898,-0.05935305914089072,-0.1940485673265754,-0.2001526871509329,-0.11608260741428716,0.45994104662944485,True,True,True,False,False,False,False,True,False,False,True,False,False,True,True,False
1.970303278318908,,,-1.734259351811755,1.6332669116487901,-0.2433707501335029,2.255197992411258,-0.25949561055505393,1.0473027074231231,-1.6878977125609278,-1.2145709865844048,2.004537795371467,-0.27387827166822376,-0.9686209386940848,1.406523334941091,1.3416407864998738,-2.141529941102721,-0.26216974534365767,-0.2521032485899019,-0.1768948775584213,1.175573494195681,1.2382232597520697,0.9440280757051995,1.0355149640618153,1.118535346694166,1.101982706245152,-0.30127374996105827,-0.36384923947409203,-0.14678757572039824,1.3080622667152677,0.8789350485307733,0.47316849629969937,-4.340130723132376,-0.044754581050616415,-0.017148642382772285,-0.20195791823034093,-0.20202275331026898,-0.17275420741081096,-0.25460401233540464,-0.2706417964025208,1.4796958831589033,-0.012148860733831467,True,True,True,True,True,False,False,True,False,False,True,False,True,False,False,True
0.46213964609441244,-0.17015031701838704,-0.4429569561603059,0.4955468160341127,-0.6428407625374868,-0.05881653631381263,-0.7035743659013907,-0.025114145657083642,0.08016707803300122,0.20030258213539467,0.2479973576316471,-0.2573741460164458,-0.03235457601390481,0.5004241975271626,0.04332559173247676,1.3416407864998738,0.624190585875921,0.01611898429055378,0.007680421815181826,-0.0730331003278406,-0.2237362918454591,-0.4617767327511805,-0.5261209560542942,-0.2128276157371384,-0.255167141543254,-0.11227107523604787,-0.7024798661939676,-1.0994719363104064,-0.7068280174044631,0.6634266324800899,-0.09024779516164261,-0.27969158686284323,0.23040780653682147,-0.044754581050616415,1.7497487495271018,-0.20195791823034093,-0.20208604435242575,0.3446197632435527,0.004590425584791961,-0.041840743912371005,0.2893172422026817,0.6022364921901504,True,False,True,False,False,False,False,True,False,False,True,False,False,False,False,False
0.5906028162586763,-0.25620262629222856,-0.625254841906863,0.5969016418452885,-0.6560739466897327,-0.20471412426586508,-0.0028349335181821833,-0.22051713890535515,-0.01988143535218338,-0.03678196018738477,0.12148542177112981,-0.7449240323824806,-0.23236129728262114,0.05136738872985799,-1.0274948182811918,1.3416407864998738,0.7143116402220798,-0.23351128538132693,-0.2209882738560409,-0.17372835995992797,-0.09840644698277229,-0.05933300904920016,-0.3988348013150903,-0.06854681505685918,-0.1898538806027006,-0.1701910275494505,0.38260031179958304,0.41118181612131166,0.27933015164791297,-0.06716041965311119,-0.17835532640640778,-0.20156459710069258,0.23040780653682147,-0.044754581050616415,-0.017148642382772285,-0.20195791823034093,-0.20202275331026898,-0.11955366871628048,-0.22633409636311302,-0.2313117943921669,-0.2337358211630415,2.4504720944289584,True,True,True,False,False,False,False,False,False,False,True,False,False,True,True,False
2.7809780570997233,-0.2741301907242789,-1.5295774418766945,0.6982564676564643,-1.3309663384542685,-0.2550337549019173,0.6295959582532478,-0.270559368883571,-0.6201725156632933,-1.6878977125609278,1.1245443418080885,-1.4155915421234786,-0.27806422881368054,0.14595705702518,1.406523334941091,1.3416407864998738,-0.9577322256087181,-0.26606629033853596,-0.2638109170490835,-0.18956094795239453,-0.3609235257710584,-0.5005895179681458,-0.8554986079785509,-0.4440021675517578,-0.4594613577426597,-0.29285240684093944,0.32789038685873145,0.34550121818949775,0.25498056722686596,-2.0440430313076563,-0.0021402639168774332,-0.21142911601005504,-4.340130723132376,-0.044754581050616415,-0.017148642382772285,-0.20195791823034093,-0.20202275331026898,-0.17998761398769889,-0.26327773655417597,-0.27460725162613564,0.5444345907867242,-0.012148860733831467,True,True,True,True,True,True,False,False,False,False,True,False,True,False,False,True
-0.6218004196037595,-0.25620262629222856,0.5352055957380873,-0.3152917904552937,-0.24584523797011276,-0.23794268502115906,0.13032704599516143,-0.24979354555927738,0.3136136092650998,0.10483476691107581,-0.23997725211606247,0.3860288260769935,-0.2607896160404986,-1.8543214697092516,-0.06397740417651147,1.3416407864998738,-0.42658564774900487,-0.2563877753512576,-0.2491499628524507,-0.18006139515691458,0.3833172182753303,0.34164792124008286,0.016147129430764906,0.27263894307356595,0.3048807959689271,0.3827708510601354,0.8567529946202935,0.5097027130190326,0.8393705933319778,-0.11013612860212307,0.8789350485307733,-0.25088719164750484,0.23040780653682147,-0.044754581050616415,-0.017148642382772285,-0.20195791823034093,-0.20202275331026898,-0.16202076539349342,-0.25090964831629836,-0.258242606438192,-0.304525618999019,-0.012148860733831467,True,True,True,True,True,False,False,False,False,False,True,True,False,False,False,True
-0.6851805272795174,-0.26695916495145877,-1.0260448937258466,0.1914823386005853,-0.5766748417762577,-0.21630377680303164,0.29243516972093686,-0.2366872472316494,-0.053230939813911575,0.2057286350437499,0.42421041115165337,-0.618195331107013,-0.2453269074841686,0.32141913492972796,0.2063829943025318,1.3416407864998738,-0.045963298634038155,-0.22785501038876166,-0.2239415595934921,-0.18956094795239453,0.6361649659094868,0.7295280322275358,0.52286225611964,0.689244997088425,0.6568873746514752,0.6939192423103889,-0.5930600163122645,-0.7316605878922492,-0.47550696540452303,0.018790998244912583,0.4383973923069484,-0.2812699098883412,0.23040780653682147,-0.044754581050616415,-0.017148642382772285,-0.20195791823034093,-0.20202275331026898,-0.10905356239499156,-0.22676242842329927,-0.24359442054300615,0.3588240550429264,-0.4901946172496833,True,True,True,False,False,False,False,False,False,False,True,False,False,False,True,False
0.2743920073477818,-0.23110403608735813,-0.2609747040745677,0.1914823386005853,1.2892041236904002,-0.1884299289288336,-0.6223124232267943,-0.15532607060040046,1.5475452743490479,0.4434832018417565,-0.37612819261357155,0.3410013438871504,-0.20225135770031522,0.37591042102694466,0.7208292817923677,1.3416407864998738,-0.6433682797572149,-0.20937784541304844,-0.1979948349001707,-0.16739532476294133,-1.4625996885644725,-1.3832355980291726,-1.3921594844578429,-1.1330666184428553,-1.5248093866264067,-1.23454311770617,2.087726305789448,2.2896469169711886,2.2151221131210965,0.620450923531078,0.35028986106218324,-0.3420353463700139,0.23040780653682147,-0.044754581050616415,-0.017148642382772285,-0.20195791823034093,-0.20202275331026898,-0.07475321507878112,-0.20384666320333558,-0.20278794356178473,-0.30600511018284043,0.8955586563291997,True,True,True,False,False,False,False,True,False,False,True,False,False,False,True,False
0.9554585556767593,-0.27054467783786884,0.15498820187562903,-1.8356141776229309,4.584266977599604,-0.25789449192058506,4.510303202655951,-0.26800619388468244,0.2469146003416428,-0.3523166331608859,0.0840589740790601,-1.1382773192861793,-0.27710640461382674,0.19130292750539285,1.406523334941091,1.3416407864998738,-1.4850689855717587,-0.2673232403368838,-0.26592040686154866,-0.18956094795239453,-1.1291720357544281,-1.3699959068282535,-1.755261949820426,-1.1837607333585443,-1.2484597099610726,-0.9902699633839851,-0.30127374996105827,-0.36384923947409203,-0.14678757572039824,-1.3564316881234668,0.08596726732788773,-0.054780555729379246,0.23040780653682147,-0.044754581050616415,-0.017148642382772285,-0.20195791823034093,-0.20202275331026898,-0.18232097094798533,-0.2648839817798744,-0.2736998823328935,-0.6741146859700773,-0.012148860733831467,True,True,True,True,True,True,False,False,False,False,True,False,True,False,False,True
1.7957923177452875,0.18840097162261935,0.3991461714338374,0.7996112934676401,0.6010785477736182,0.2857922460887728,-0.44356797137420306,0.5102015457765522,1.0806522118848507,1.944204490003735,0.040834062660050026,0.6376409266323687,0.3302916594521533,-0.2103129716078993,-1.4726560511960245,1.3416407864998738,0.06997889163548898,0.3841539438068009,0.43738349661433373,0.31581526076713823,-0.17285872699415578,-0.24037075737770763,-0.115356314887613,-0.04516305972332565,-0.0770825725743715,-0.07650781298764771,0.29141710356483086,0.6082236099167534,0.31585452827948185,0.7923537593271256,0.6146124547964777,-0.540904047582761,0.23040780653682147,-0.044754581050616415,3.288951732761784,-0.20195791823034093,-0.2021411792806597,1.0303396289740563,0.4123625468820895,0.30170252678592596,0.3289870606880171,1.145687317271644,True,False,True,False,False,False,False,True,False,False,True,False,False,True,False,False
-0.07184011342621563,-0.27054467783786884,-0.8081780113985494,-0.011227313021766296,1.9376301471504442,-0.24608478268967482,-0.6376445160092428,-0.25660201222298024,1.5808947788107754,,-1.3237628359878273,1.9330247225034567,-0.270225511369537,-0.3510718377467721,-1.1899428032057597,1.3416407864998738,-2.0847983947815805,-0.26304961034250113,-0.25948646293352995,-0.18956094795239453,0.7599636445325457,0.7678886559425023,0.4572708579874628,0.6353177071499463,0.6917001725432206,0.7246912412300609,-0.4836401664305626,0.30609285943041015,-0.7190028096149866,1.3510379756642796,1.0551501110203036,,,-0.044754581050616415,-0.017148642382772285,-0.20195791823034093,-0.20202275331026898,-0.17438755728301147,-0.2597975385651628,-0.2671814510373607,-0.5353208371759307,-0.012148860733831467,True,True,True,True,True,False,False,True,False,False,True,False,False,True,False,True
1.880435778347292,-0.23827506186017824,-0.6050901890735051,0.4955468160341127,0.9054417832752717,-0.16591079393573147,-0.6650307450825615,-0.14766654560373477,1.0806522118848507,0.9924097336859896,-0.8419632135856906,1.3410349342542656,-0.18808424510197383,0.4477105390356845,-0.47676485301668337,1.3416407864998738,-1.4685659278223178,-0.17342907546030026,-0.15918022235081186,-0.16739532476294133,-1.3129860964252975,-0.4045814504866651,-0.5132573368485153,-1.2109911100140114,-1.437238456810879,-1.0159417752812776,-1.8878615732457447,-1.4278749259694758,-1.9364820306673045,1.0502080130211968,0.9670425797755384,-0.4406805354636385,0.23040780653682147,-0.044754581050616415,-1.341561353219483,-0.20195791823034093,-0.2019753122641175,-0.008215483637015667,-0.16883051728311071,-0.18936710605569465,0.21528955214074696,2.9077420757506656,True,False,True,False,False,False,False,True,False,False,True,True,False,False,False,False
-0.9974904838057813,0.005539814415706092,0.09480987703637381,1.1036757709011675,-1.2780336018452851,0.22021535135315945,-0.09641457767241357,0.10373608595349261,-0.6868715245867497,0.20239751491574678,1.5959519123359682,-0.8587980835071601,0.17003343614966218,0.26685553489096364,-0.5462641282087731,1.3416407864998738,1.3584322329917369,0.11642359415871129,0.1494381372128402,-0.054033994736880725,-0.390830342766845,-0.4627082395963883,-0.519372730990483,-0.35073974836255006,-0.35999120833798653,-0.24602579947305125,1.3400239982644795,0.9234904799894598,1.289837905121336,-0.711796053888289,-1.323753232588354,-0.2804807483755922,0.23040780653682147,-0.044754581050616415,0.4541141234822955,-0.20195791823034093,-0.20203963414993623,0.5303291034904843,0.12088257992535528,0.14988615919319315,-0.19006816982704486,0.22204165159161826,True,False,True,False,False,False,True,False,False,False,False,True,False,False,False,False
-0.38752370495087757,-0.25978813917863863,-0.7769261652686306,-0.2139369646441179,-0.06058065983867175,-0.2314143364400969,-0.8894859549235886,-0.227325605569058,-0.38672598443119477,-0.5090404078289943,-0.2066925642289502,0.12736363490370478,-0.23386196895090594,-4.2814503596882245,0.93974610388243,1.3416407864998738,0.35281588047456763,-0.23828769537504874,-0.22953170759652475,-0.17372835995992797,0.5048803505594067,0.6310187976910416,0.31562193219658774,0.38969399391303416,0.429727261424124,0.49312610926312866,0.7199781822681653,0.5294068923985763,0.7176226712267461,-0.19608754650014684,0.7908275172860081,0.04741586017161579,0.23040780653682147,-0.044754581050616415,-0.017148642382772285,-0.20195791823034093,-0.20202275331026898,-0.1284204251653689,-0.2327055357583833,-0.23273341580374524,-0.4542575339381661,0.2426024802943373,True,True,True,False,False,False,False,False,False,False,True,False,True,False,True,False
0.14840443762717678,-0.25978813917863863,-0.5683293388469949,0.6982564676564643,0.33641486472870225,-0.22804013380269397,-0.4760449366120746,-0.23889999889735283,-0.5868230112015651,-0.8057480177800626,-0.49420599941672105,0.36758465109055,-0.24621235202156494,-2.58037469397207,-0.5300360837677213,1.3416407864998738,-0.6824889156692735,-0.2462064803646401,-0.23702039643077605,-0.1768948775584213,-2.7944139983282743,-2.860406859159872,-2.074134123165488,-2.518984298564754,-2.8871485953377802,-2.5652074125004263,-0.5930600163122645,-0.7316605878922492,-0.47550696540452303,0.7064023414291017,0.7908275172860081,0.34058936215786795,0.23040780653682147,-0.044754581050616415,-0.017148642382772285,-0.20195791823034093,-0.20202275331026898,-0.1431205740151734,-0.24014780530411917,-0.2444332228871368,-0.36100280846092087,-0.0036736918466724285,True,True,True,False,False,False,False,True,False,False,True,True,False,False,True,False
0.08129295660306393,-0.14863723969992665,-0.6155233026629897,1.407740248334695,-1.3838990750632516,0.09199565113184842,-0.6289020357784117,0.0005878159983945788,-0.8536190468953914,-0.3019637992685173,1.4027199912537736,-0.5879752669314795,0.09883114953483743,0.5415535174327227,-0.20228140330855116,1.3416407864998738,0.9357892002998437,0.3062230439092349,0.24499802571751167,0.006129839634492222,0.09879793331486687,-0.2578284405067877,0.04502147342752612,0.22451808388591132,0.18786235343400923,-0.12714974937802093,0.3370087076822069,0.19443584294632615,0.46195203480576064,-0.45394180019421815,-0.9713231076092933,-0.08279578943196862,0.23040780653682147,-0.044754581050616415,-1.0817455021232707,-0.20195791823034093,-0.20198461898224387,0.8814619413882114,0.2553253053163104,0.0824345657872445,0.8732864207618661,0.2725469353050842,True,False,True,False,False,False,True,False,False,False,False,True,False,False,False,False
-0.3296403863020382,-0.12712416238146626,1.6303496861907125,1.5090950741458709,-1.7544282313261341,-0.1515337566111451,-0.38119080810946615,-0.1939641189169141,-1.5539586405916859,1.7614687200811754,3.5995093918031844,-2.7159750579172455,-0.16892534844948254,0.46877233061177975,0.09135178748998801,1.3416407864998738,1.7760325453094983,-0.17971382545203946,-0.17668898779427264,-0.14902952269168013,-1.339639214926876,-1.3170669947668725,-1.6000603812727288,-1.4139449094156753,-1.4939653979117877,-1.2591727867636051,-1.741968440070141,-2.2685865794966933,-1.607762640983178,-1.9151159044606207,-3.6145490449522466,-0.5259099788405301,0.23040780653682147,-0.044754581050616415,-0.017148642382772285,-0.20195791823034093,-0.20202275331026898,-0.019685990816021504,-0.178842779189964,-0.17121743462588176,-0.33894444160639664,-0.012148860733831467,True,True,True,True,True,True,False,False,False,True,False,False,False,False,False,False
,-0.2741301907242789,-1.5295774418766945,-0.2139369646441179,0.12468391829276924,-0.257234321839354,6.723662666669832,-0.2732827555490522,-1.353861613821316,-1.6878977125609278,-0.9528870716348228,-0.5832620051903098,-0.2809883671769622,-0.28762462381265286,1.406523334941091,1.3416407864998738,-2.9754923304849186,-0.2692086653344056,-0.26697515176778125,-0.18956094795239453,1.175573494195681,1.2382232597520697,0.9440280757051995,1.0355149640618153,1.118535346694166,1.101982706245152,-1.8878615732457447,-1.4278749259694758,-1.9364820306673045,0.23366954298997153,0.9670425797755384,-0.6896609927359468,-4.340130723132376,-0.044754581050616415,-0.017148642382772285,-0.20195791823034093,-0.20202275331026898,-0.18582100638841495,-0.26622251946795633,-0.2773773563702401,2.0805510095668334,-0.012148860733831467,True,True,True,True,True,False,False,False,False,False,True,False,True,False,False,True
,-0.2741301907242789,-1.5295774418766945,-1.3288400485670517,-0.8810380772779112,-0.2573076740706019,0.23913306976814191,-0.27226148554949675,-0.28667747104601016,-1.6878977125609278,-0.06617394975530419,-1.6250686972464106,-0.2800015911121254,-0.5787398185285887,1.406523334941091,1.3416407864998738,0.1517966071160515,-0.27109409033192733,-0.26697515176778125,-0.18956094795239453,1.175573494195681,1.2382232597520697,0.9440280757051995,1.0355149640618153,1.118535346694166,1.101982706245152,0.7199781822681653,0.5294068923985763,0.7176226712267461,-1.0126260165313719,0.26218232981741807,-0.5282774633787771,-4.340130723132376,-0.044754581050616415,-0.017148642382772285,-0.20195791823034093,-0.20202275331026898,-0.1893210418288446,-0.26702564208080554,-0.27644256029735337,-1.0501612186978577,-0.012148860733831467,True,True,True,True,True,False,True,False,False,False,True,False,True,False,False,True
0.19390639176365143,-0.11278211083582602,1.6535371670814154,1.5090950741458709,-0.3120111587313418,-0.15050682537367466,0.19018570705999766,-0.14307083060573536,-0.08658044427564036,1.3479548114727147,0.4368616047377051,-0.18180264293447607,-0.15354949548810146,0.8494486071027443,-0.44479607461303516,1.3416407864998738,1.0863134798577367,-0.18775830544146563,-0.1785875286254913,-0.15979568252655738,-0.9331161778191631,-1.3108302546563002,-1.0766124727033988,-0.9488279563159344,-0.948670165923454,-0.8993024560088057,-1.741968440070141,-2.2685865794966933,-1.607762640983178,0.10474241614293588,-2.4691511387703002,-0.4856627416903313,0.23040780653682147,-0.044754581050616415,0.03797913772431744,-0.20195791823034093,-0.20202472801161314,-0.03461248862249547,-0.18414338843476868,-0.1566515290696297,-0.6198778895946234,1.5123581231952794,True,False,True,False,False,False,False,False,False,False,False,True,False,False,False,False
0.2345055170663078,-0.25978813917863863,1.8732754129617195,-0.8220659195111727,1.2759709395381542,-0.2504125643333003,0.2541124644944409,-0.2615381505541648,0.6137591494206548,1.293829380564237,-0.47906974994769486,0.34539986406907064,-0.2712774291305855,0.5514751990141342,-0.3442148948263022,1.3416407864998738,-0.22235128852776925,-0.2624211353433272,-0.260330258858516,-0.1863944303539012,0.6361649659094868,1.2382232597520697,0.31227934632686344,1.0355149640618153,1.118535346694166,1.101982706245152,0.32789038685873145,0.34550121818949775,0.25498056722686596,-0.3679903822961944,-0.5307854513854685,-0.4793494495883393,0.23040780653682147,-0.044754581050616415,-0.017148642382772285,-0.20195791823034093,-0.20202275331026898,-0.17322087880286827,-0.2596904555501162,-0.2681779573644477,-0.3710498162381083,-0.012148860733831467,True,True,True,True,True,False,True,False,False,False,True,True,False,False,False,True
,-0.2741301907242789,-1.5295774418766945,,-1.0530694712571067,-0.25774778745808924,3.6219595947553,-0.272942332215867,2.7481274349712668,-1.6878977125609278,1.4953448014373665,-2.902388588219748,-0.2811862049210126,-0.48229095321505,1.406523334941091,1.3416407864998738,1.7656960364085428,-0.27172256533110123,-0.26592040686154866,-0.18956094795239453,-5.162476713167124,-5.934379448343825,-13.902067064685754,-11.170501371750174,-5.390701059107746,-10.405406976715112,-0.5109951289009877,-0.40982565802636034,-0.4268077965624307,-2.0440430313076563,-1.7642908888121789,-0.7220166147586558,-4.340130723132376,-0.044754581050616415,-0.017148642382772285,-0.20195791823034093,-0.20202275331026898,-0.1904877203089878,-0.26675793454318913,-0.2775647726978115,1.5887003065744965,-0.012148860733831467,True,True,True,True,True,False,False,False,True,False,False,False,True,False,False,True
-1.0761989151614748,,,-1.0247755711335242,0.29671531227196474,-0.25136614333952284,0.270509893671972,-0.2637509022198682,0.4136621226502844,-0.024608547363583404,-0.33629199376225394,0.25126839420620817,-0.2742570585684178,-1.6489237016796472,-1.0937716275970741,1.3416407864998738,-2.465576671438659,-0.26543781533936206,-0.2613850037647486,-0.18956094795239453,1.175573494195681,1.2382232597520697,0.9440280757051995,1.0355149640618153,1.118535346694166,1.101982706245152,-1.176632549014678,-0.6331396909945284,-1.1694701214043448,0.7923537593271256,0.8789350485307733,-0.20629956617718656,0.23040780653682147,-0.044754581050616415,-0.017148642382772285,-0.20195791823034093,-0.20202275331026898,-0.17882093550755568,-0.26177857434352414,-0.27100063010287095,-0.3123088458202348,-0.012148860733831467,True,True,True,True,True,False,False,True,False,False,True,False,False,True,False,True
0.12727705469108283,-0.22751852320094806,0.07291971032740159,0.39419199022293694,1.2627377553859083,-0.19708549221608454,-0.6991665131628072,-0.18051739725610097,0.9806036984996656,-0.328382130267269,-0.4372756282794883,0.7492079426586407,-0.20789697137199759,0.04672562827776513,-1.143609249161575,1.3416407864998738,0.09150347917303567,-0.19982502542560487,-0.18892402870657055,-0.18006139515691458,-0.16758946365604063,-0.09179578545776236,-0.33411256552051166,-0.25783776026263505,-0.2609054810254457,-0.04113547418136764,-1.8878615732457447,-1.4278749259694758,-1.9364820306673045,1.3080622667152677,0.9670425797755384,-0.06819630144611219,0.23040780653682147,-0.044754581050616415,-0.017148642382772285,-0.20195791823034093,-0.20202275331026898,-0.05701970218060427,-0.1962437691350299,-0.20813616559248138,0.03380038110114877,0.5858959909037315,True,True,True,False,False,False,False,True,False,False,True,False,False,True,True,False
-0.9884079014993226,-0.27054467783786884,-0.5141727358163958,-2.4437431324899856,0.8128094942095512,-0.24659824830841004,1.0053592457527296,-0.26562323055238646,-0.5534735067398363,2.9728859865300055,-0.7134933549082844,0.02594728052655542,-0.2737238617216478,0.464686756734018,1.406523334941091,1.3416407864998738,0.22811979975139654,-0.2648093403401881,-0.2585371925179206,-0.18956094795239453,-0.4426520906629044,-0.5930795593362402,-0.951218112429812,-0.5226998873184354,-0.5433973526595103,-0.36704576391998517,0.7199781822681653,0.5294068923985763,0.7176226712267461,0.5344995056330547,0.4383973923069484,-0.6032478070899318,0.23040780653682147,-0.044754581050616415,-0.017148642382772285,-0.20195791823034093,-0.20202275331026898,-0.17765425702741247,-0.2600652461027792,-0.2704955202444163,0.016715517243571964,-0.21932736626090307,True,True,True,False,False,False,False,False,False,False,True,False,True,False,False,True
0.31746982859283146,-0.2024199329960776,-0.030835880302043307,1.2050305967123434,0.36288123303319375,-0.14126444423644055,-0.1544107072078015,-0.1204326789489234,1.0473027074231231,1.9492403460634637,-0.3197249545424243,0.004915068125555243,-0.16093945902500875,0.829908775975886,-0.25680742844944165,1.3416407864998738,-0.8247455476763994,-0.1442678354986304,-0.13449919154496956,-0.16422880716444802,0.22534107929871053,0.11985642070862806,-0.07984055466658915,0.19372073400581705,0.18167373506450132,0.2738647080710962,0.7655697863855414,0.7658570449531075,0.7906714244898855,0.7064023414291017,0.5265049235517126,-0.5412986283391356,0.23040780653682147,-0.044754581050616415,1.3370996136924935,-0.20195791823034093,-0.20207126307878098,0.0463754846069102,-0.14361246723964602,-0.16365221457391343,0.1561830399996002,0.2799370055507693,True,False,True,False,False,False,False,True,False,False,True,True,False,False,False,False
0.4189694467027257,-0.25978813917863863,-0.352634868765784,-0.6193562678888211,0.5084462587078977,-0.2192378660529472,0.40325876257094134,-0.2402616922300934,0.08016707803300122,-0.07335425961257538,-0.4557252855924804,0.6748745498695072,-0.25069024047226685,0.3114074826185048,0.07652796063352836,1.3416407864998738,-0.7132292986875333,-0.23715644037653566,-0.23375068722145506,-0.17372835995992797,0.2366030931048908,0.17561545114526575,0.39417270013516836,0.5834402849576709,0.6363696870051393,0.24958347047031376,-0.5109951289009877,-0.40982565802636034,-0.4268077965624307,0.9642565951231731,0.9670425797755384,-0.18775427062758515,0.23040780653682147,-0.044754581050616415,-0.017148642382772285,-0.20195791823034093,-0.20202275331026898,-0.12632040390111113,-0.23436532249160497,-0.248675231472168,0.2547692909319398,-0.9015322039239775,True,True,True,False,False,False,False,True,False,False,True,False,False,False,True,False
-1.6338172013523578,-0.2418605747465883,0.015129580462067643,-1.4301948743782276,-0.40464344779706274,-0.21542355002805696,-0.4460909752235224,-0.222559678904466,-0.21997846212255318,-0.5180938076923954,0.7054735542701248,-0.5605905405858098,-0.22812226171802888,0.4356044500442883,0.40908332654670826,1.3416407864998738,0.508872126204269,-0.24897177036100535,-0.24798974345559485,-0.17372835995992797,-0.7208509772987013,-0.23018359387386214,-0.8094477282779842,-0.7905819680675369,-1.034125511917492,-0.8914233805668613,0.5923216907395138,0.713312566607655,0.5593503724899455,-0.5828689270412534,-0.0021402639168774332,0.05412373302998226,0.23040780653682147,-0.044754581050616415,-0.017148642382772285,-0.20195791823034093,-0.20202275331026898,-0.1482539593278035,-0.246626327714436,-0.22729605673920364,-1.1525413910578506,-1.141413903927463,True,True,True,False,False,False,True,False,False,False,True,False,False,False,True,False
-0.7009872093166041,-0.223933010314538,1.0602670521662116,0.900966119278816,-0.8678048931256654,-0.21601036787804007,-0.5043463111372976,-0.23175110890046485,-0.8536190468953914,0.33939799724199493,-0.04606758852032912,-1.7142752233640846,-0.23224307716727396,0.6407849128608609,0.8192494384267045,1.3416407864998738,0.24690030981913616,-0.22772931538892688,-0.21740214117485013,-0.17372835995992797,0.20048884690909616,0.04278947506942161,0.0875225868364871,0.09659063053781673,0.2005661099785122,0.2905642029594926,-0.5930600163122645,-0.7316605878922492,-0.47550696540452303,0.06176670719392399,0.26218232981741807,-0.31717675871842055,0.23040780653682147,-0.044754581050616415,-0.017148642382772285,-0.20195791823034093,-0.20202275331026898,-0.10882022669896292,-0.22205077576125065,-0.23119980170861812,-0.0591407513634218,-0.3574872866293686,True,True,True,False,False,False,False,False,False,False,True,False,True,False,True,False
-0.7004814376782402,-0.25978813917863863,-0.6697199208614889,1.3063854225235192,-0.5766748417762577,-0.2243725222402995,-0.2430651771360594,-0.2390702105639454,-0.9870170647423047,-1.0998377426699972,0.33407065685103476,0.12430663211746432,-0.23909019323575026,0.015148012681167602,0.45476028979408617,1.3416407864998738,0.3995423766091443,-0.22395846539388337,-0.23237951884335273,-0.18006139515691458,0.3533399537810467,-0.4676930600112768,0.30203477233694204,0.24377336390103754,0.27409386702256666,0.23115321672383587,0.37348199097610757,0.3914776367417679,0.31585452827948185,0.018790998244912583,-0.0021402639168774332,0.9229905585666274,0.23040780653682147,-0.044754581050616415,-0.017148642382772285,-0.20195791823034093,-0.20202275331026898,-0.10182015581810365,-0.22858283967909077,-0.23768623509456563,-0.06921994484311442,0.20980668454092744,True,True,True,False,False,False,False,False,False,False,True,False,False,False,True,False
-0.58635230006842,,,0.4955468160341127,0.17761665490175274,-0.207428156822037,0.9547007723886342,-0.22272989057105858,0.813856176191024,-0.8723555829682933,-0.25985769917985807,-0.17501322576756834,-0.24330510224619004,0.29332756623750844,1.406523334941091,1.3416407864998738,-0.4030918873061659,-0.24344119036827486,-0.23512185559955742,-0.17372835995992797,-0.6352979936222627,-0.33817293982944646,-0.6874109507113897,-0.5740696076936143,-0.5981863427480991,-0.5419301056063136,0.23670717862397928,0.2863886800508664,0.31585452827948185,-0.2390632554491587,0.35028986106218324,0.43568332444412206,0.23040780653682147,-0.044754581050616415,-0.017148642382772285,-0.20195791823034093,-0.20202275331026898,-0.13798718870254323,-0.23773843746557158,-0.24167911709782505,-0.35302121713092005,-0.012148860733831467,True,True,True,False,False,False,False,False,False,False,True,False,True,False,True,False
0.3874190062813589,-0.20600544588248768,-0.7534189370082592,0.0901275127894095,-0.06058065983867175,-0.01685906004001977,-0.3144054207768639,-0.028518378988935063,0.580409644958926,-0.6213043882685505,0.16124631589872096,1.197858279304701,-0.046282835726136555,0.4029018273920464,0.25065408936724,1.3416407864998738,0.6874289112777502,0.03798991426180617,0.0291972179023264,-0.0477009595398941,0.419772302909388,0.21555793520177677,0.25127444634152624,0.35520556362122546,0.47731439161840666,0.32637121756863324,1.6226919437922103,1.3635504861326133,1.557683333752845,1.1361594309192202,0.7908275172860081,0.13935317640687386,0.23040780653682147,-0.044754581050616415,1.1081502427951475,-0.20195791823034093,-0.20206306201155907,0.38497795393599793,0.02697077572952284,-0.05503531048639314,0.6194225742734848,-0.3074440086182983,True,False,True,False,False,False,False,True,False,False,True,False,False,False,False,False
1.7262028166175918,-0.2418605747465883,-0.08752017043391612,0.2928371644117611,0.27024894396747323,-0.2116092340031667,-0.30761778187115835,-0.20826189891069005,0.5137106360354696,-0.040324708092528375,-0.35029867237538265,1.0054584030048594,-0.22844314488825698,-0.2910213285415284,-0.05139626053702051,1.3416407864998738,-1.1371316909533413,-0.22194734539652683,-0.21740214117485013,-0.17372835995992797,-3.644915395911241,-2.4996119543260744,-2.0879209318394314,-3.6062095580075315,-3.6487927251607553,-3.2740668915002997,0.44642855756390876,0.3914776367417679,0.595874749121516,1.1791351398682322,0.8789350485307733,-0.2003808548315691,0.23040780653682147,-0.044754581050616415,-0.017148642382772285,-0.20195791823034093,-0.20202275331026898,-0.09808678468164536,-0.2195878664151798,-0.22760003688026462,-0.09970545957675182,-1.0348566513131483,True,True,True,False,False,False,False,True,False,False,True,True,False,False,True,False
-2.160329553787914,,,-0.011227313021766296,-0.45757618440604575,-0.24293063674601556,3.5982028480094956,-0.2666445005519419,-0.6535220201250215,-0.7997886004001687,0.6940272362636971,0.4755619398496351,-0.2747371769960524,-0.19024529160629905,1.406523334941091,1.3416407864998738,1.0974650066548446,-0.26543781533936206,-0.26286164663347417,-0.1863944303539012,-0.7258415680131596,-0.19629728186711057,-0.5405814383338972,-0.795387486309982,-0.8342355750464064,-0.6241257461988866,0.38260031179958304,0.41118181612131166,0.27933015164791297,-0.9266745986333482,-0.09024779516164261,0.332697747030378,0.23040780653682147,-0.044754581050616415,-0.017148642382772285,-0.20195791823034093,-0.20202275331026898,-0.17882093550755568,-0.26226044791123365,-0.2714554575319772,-0.34074177255213084,-0.012148860733831467,True,True,True,True,True,False,True,False,False,False,True,False,True,False,False,True
-0.646691922593279,-0.27054467783786884,-1.2261259688554127,-0.2139369646441179,0.33641486472870225,-0.2290670650401644,0.5809062385279883,-0.23872978723076024,0.6804581583441112,-0.5439019843127739,-0.1598530260710682,0.17095280570278504,-0.2543598893588604,-1.507070997629273,1.406523334941091,1.3416407864998738,-1.5840795522750217,-0.2571419453502663,-0.24756784549310182,-0.17372835995992797,0.616333770016609,0.3943876470349054,0.2890532900997153,0.8560147238292866,0.7356390875293463,0.9327563873780899,-0.4836401664305626,0.30609285943041015,-0.7190028096149866,0.06176670719392399,0.6146124547964777,0.07385277084870717,0.23040780653682147,-0.044754581050616415,-0.017148642382772285,-0.20195791823034093,-0.20202275331026898,-0.16342077956966528,-0.24989235967335605,-0.25215157579212083,-0.6178528473011422,-0.012148860733831467,True,True,True,True,True,False,False,False,False,False,True,False,True,False,True,False
-0.006945571039631965,-0.22034749742812793,1.025119149782251,0.39419199022293694,0.08498436583603222,-0.22349229546532481,0.11004947129650526,-0.2203469272387626,-0.08658044427564036,-0.26663237267681805,0.45214846365418426,0.21443426460136097,-0.2287833293018071,0.7780915345037605,-0.31665283128613725,1.3416407864998738,0.847371952998562,-0.23627657537769217,-0.2301645545402643,-0.17056184236143465,0.0967564376232898,0.22083280470300196,0.10169643653408036,0.5161100136017326,0.010580213791714246,0.6123065495234404,0.5923216907395138,0.713312566607655,0.5593503724899455,-0.8836988896843365,-1.0594306388540584,-0.10094650422519554,0.23040780653682147,-0.044754581050616415,-0.017148642382772285,-0.20195791823034093,-0.20202275331026898,-0.12468705402891062,-0.23190241314553411,-0.22792230154108864,-0.5680450704404604,2.082795266606946,True,True,True,False,False,False,True,False,False,False,False,True,False,False,True,False
0.40398292245369133,0.6509321339695175,1.535662579733302,1.1036757709011675,-0.6428407625374868,0.24632874567740817,-1.2805124462077797,0.5073079474444785,-0.01988143535218338,2.7325921467110827,0.1684755693764648,-0.052473008302071744,0.4768532379622766,0.5381621330291141,-1.3804470130802382,1.3416407864998738,0.7091912840763186,0.5985896135249421,0.5591010587935731,-0.026168639870139572,-1.1113011735423601,-0.8455207164432739,-0.6982900220170375,-1.0845271599148338,-1.169539481915449,-1.0335318433453033,-0.9942661325451738,-0.6988202889263422,-1.0964213681412054,0.3196209608879953,-1.2356457013435889,-0.5914103843986969,0.23040780653682147,-0.044754581050616415,-1.1947379696234635,-0.20195791823034093,-0.20198057154233215,1.423583230097882,0.5365788443360983,0.4405437420417935,0.22362143821695962,0.7033894993867318,True,False,True,False,False,False,False,False,False,False,False,False,False,True,False,False
1.3305957100452794,-0.25620262629222856,1.573937274816441,-0.1125821388329421,0.09821754998827774,-0.24102347873357044,0.25441869834224995,-0.2584743405554985,0.1468660869564582,-0.3149821613722669,-0.35082580544146813,-0.677537163130243,-0.26808548601621124,-0.5233013680678661,0.04611904798814668,1.3416407864998738,0.05841984289764868,-0.25513082535290976,-0.2516813506274089,-0.1832279127554079,-1.9934516094857218,-1.8997904250398845,-1.8396147631181043,-1.2531130989029327,-1.7292555808441705,-1.0556528593098975,-0.5109951289009877,-0.40982565802636034,-0.4268077965624307,0.9212808861741613,0.9670425797755384,-0.07569333581722765,0.23040780653682147,-0.044754581050616415,-0.017148642382772285,-0.20195791823034093,-0.20202275331026898,-0.159687408433207,-0.2519269369592407,-0.26515415490863076,0.4272610388230655,-0.012148860733831467,True,True,True,True,True,False,False,True,False,False,True,False,False,False,False,True
-0.005944804180123815,-0.26695916495145877,-1.0111416745110442,0.39419199022293694,0.12468391829276924,-0.2320745065213279,-0.5405556704454794,-0.2407723272298711,-0.45342499335465175,-0.9288810238463097,-0.5106977339128242,0.8538489869145078,-0.24871186303176276,-2.283646204511727,0.3819214869912362,1.3416407864998738,-0.3052228769037353,-0.2415557653707531,-0.2343835341651946,-0.1610622895659547,0.15638954125291948,0.3731857472178909,0.19799314402725893,0.29947377798269986,0.20266288758635828,0.17676544530362426,0.23670717862397928,0.2863886800508664,0.31585452827948185,0.7064023414291017,0.702719986041243,0.5295935444612526,0.23040780653682147,-0.044754581050616415,-0.017148642382772285,-0.20195791823034093,-0.20202275331026898,-0.1344871532621136,-0.23548969414959384,-0.24680106819645375,0.05155643579020773,0.6563288279448583,True,True,True,False,False,False,False,True,False,False,True,False,False,False,True,False
0.7619931736256126,,,-0.3152917904552937,1.5671009908875613,-0.2440309202147339,-0.6447472003909245,-0.24332550222875968,1.0473027074231231,-0.878240553184273,-0.8927185973773506,1.0644382306688251,-0.2585386085380714,0.8412476083970483,1.406523334941091,1.3416407864998738,-1.0716698564212466,-0.2580218103491098,-0.25769339659293455,-0.18006139515691458,0.21283169054563505,0.14871398763623814,0.19232705593856825,0.4174888204763975,0.45937216635979466,0.5193300640699481,0.7017415406212143,0.5294068923985763,0.7297974634372696,0.06176670719392399,0.7908275172860081,0.44475868184073547,0.23040780653682147,-0.044754581050616415,-0.017148642382772285,-0.20195791823034093,-0.20202275331026898,-0.16505412944186576,-0.25594255002348665,-0.2561101743208245,-0.9129043516096704,0.7649817126280243,True,True,True,False,False,False,False,False,False,False,True,False,True,False,True,False
-0.33726884390126755,-0.27054467783786884,-0.886569221208824,-1.3288400485670517,-0.3120111587313418,-0.23031405297137855,1.7554865953558543,-0.26272963222031276,-1.0870655781274898,0.3102199150830428,1.0898288641701726,-0.8931173716653276,-0.26923632264928493,0.20830432138966395,1.406523334941091,1.3416407864998738,-0.8765128217108654,-0.2619183553439881,-0.2585371925179206,-0.1832279127554079,-0.7533983080451758,-0.9447427818423365,-0.34693671911140433,-0.29122594200470303,-0.5795263243845925,-0.6491418107270648,0.32789038685873145,0.34550121818949775,0.25498056722686596,-1.0985774344293957,0.08596726732788773,-0.3096797243473051,0.23040780653682147,-0.044754581050616415,-0.017148642382772285,-0.20195791823034093,-0.20202275331026898,-0.17228753601875368,-0.258298376354511,-0.2662443693995036,-0.40152407918844135,-0.012148860733831467,True,True,True,True,True,False,True,False,False,False,True,False,True,False,False,True
,,,0.6982564676564643,-0.21937886966562126,-0.24395756798348603,2.395985738881292,-0.26511259555260874,-0.9203180558188483,0.29261029746489764,0.12479882961509574,-0.9848103472800666,-0.27229556971582053,0.07399575110467138,1.406523334941091,1.3416407864998738,0.014181458688475394,-0.2641808653410142,-0.2615959527459951,-0.18006139515691458,0.1614854610176312,0.09060682645672549,-0.24365953552607786,0.05903365719685527,0.07705752176585923,0.18139153160833,0.32789038685873145,0.34550121818949775,0.25498056722686596,-1.3564316881234668,-0.6188929826302326,-0.3053393360271856,0.23040780653682147,-0.044754581050616415,-0.017148642382772285,-0.20195791823034093,-0.20202275331026898,-0.17648757854726924,-0.2605471196704887,-0.26914246578194945,-0.38623999977756124,-0.012148860733831467,True,True,True,True,True,True,False,False,False,False,True,False,True,False,False,True
0.39116739189741717,-0.223933010314538,-0.10394658384364187,0.39419199022293694,1.2230382029291706,-0.16305005691706376,-0.08892908231005373,-0.16502813559617702,0.813856176191024,0.3175318760422992,-0.3749233170339476,0.8277756454100091,-0.19412312160634176,0.229364700367165,-0.5920471099125486,1.3416407864998738,-1.0618949110715328,-0.17166934546261328,-0.16023496725704445,-0.1509294332507761,0.5767026084606138,0.5604970196170257,0.47643452797635144,0.4588527749683365,0.5547432170577811,0.5130218169597826,-0.7754264327817688,-0.7645008868581561,-0.767701978457079,1.007232304072185,0.5265049235517126,-0.3116526281291776,0.23040780653682147,-0.044754581050616415,-0.017148642382772285,-0.20195791823034093,-0.20202275331026898,-0.00475250627018836,-0.16722427205741233,-0.19508787517656376,0.40363348915275543,1.5388795414073249,True,True,True,False,False,False,False,True,False,False,True,True,False,False,True,False
0.20855657423246945,-0.22751852320094806,-0.6967884990649623,-1.1261303969447,0.7334103892960762,-0.06402454473241279,0.19125509308552166,-0.07549679896848466,1.7142927966576895,-0.43246603334318545,-0.9953589358165679,1.6605330684396444,-0.14173954723045823,0.2106767092294548,-1.44581971865287,1.3416407864998738,-1.3482348277691814,-0.060554965608664364,-0.05033054802760991,-0.05720051233537404,-1.9510363595320515,-1.6417892999040258,-0.3333606075024304,-2.185192979230833,-2.0925220007186325,-2.198415864393546,-1.176632549014678,-0.6331396909945284,-1.1694701214043448,1.2650865577662558,1.0551501110203036,-0.005852541938941469,0.23040780653682147,-0.044754581050616415,1.1575847247736153,-0.20195791823034093,-0.20206483277645873,0.20189102496100217,-0.056179185454130406,-0.145463688539604,1.1558742403579652,3.407711097807544,True,False,True,False,False,False,False,True,False,False,True,False,False,True,False,False
0.17845807129313485,-0.22751852320094806,-0.601036315989054,0.0901275127894095,-0.37817707949257073,-0.15798875296095938,-0.7453296201986195,-0.16877279226121358,-0.9203180558188483,-1.1370516933506014,0.5929682970227362,-0.4203214894794911,-0.15639642887809513,-0.41394512987916143,0.19809061405573675,1.3416407864998738,0.20177963631896528,-0.18750691544179604,-0.1775327837192587,-0.15346264732957077,-1.3073740097196418,-0.7434855297012285,-0.9232127563852124,-1.1036837752042066,-1.4046325796785308,-0.8910497336902371,-0.4836401664305626,-0.5280507343036268,-0.5485557186676625,-0.0241847107040993,0.6146124547964777,1.0409702047226024,0.23040780653682147,-0.044754581050616415,-0.012477244760031569,-0.20195791823034093,-0.20202292064178762,-0.034152210181825425,-0.18296547526925655,-0.15934849573468185,-0.5698176943947737,2.319365483340281,True,False,True,False,False,False,False,False,False,False,True,False,False,False,False,False
-0.0014669896933395008,-0.27054467783786884,0.23112659513048514,-1.1261303969447,1.3818364127561202,-0.25297989242697644,2.0724710311490577,-0.26800619388468244,0.6137591494206548,-1.6878977125609278,-1.0185527907243295,-0.06520126520655445,-0.27702678698512356,0.07970260916071999,1.406523334941091,1.3416407864998738,-1.1847477333987968,-0.2664433753380403,-0.26275617214285096,-0.18956094795239453,1.175573494195681,1.2382232597520697,0.9440280757051995,1.0355149640618153,1.118535346694166,1.101982706245152,0.32789038685873145,0.34550121818949775,0.25498056722686596,-0.3679903822961944,0.7908275172860081,-0.041759390769020806,-4.340130723132376,-0.044754581050616415,-0.017148642382772285,-0.20195791823034093,-0.20202275331026898,-0.18068762107578482,-0.262902946001513,-0.27362445868887086,0.1611642816412447,-0.012148860733831467,True,True,True,True,True,False,True,False,False,False,True,False,True,False,False,True
0.1536104009917978,-0.04107185310762474,-0.16289191794863164,0.6982564676564643,-1.2648004176930394,0.3023698503507958,0.07753937549615122,0.07803412429801439,-0.9536675602805765,1.504523704803309,2.244400888344846,-0.8517765404800425,0.12344264742579118,0.045807117452847414,-1.3503898555776574,1.3416407864998738,1.2072892983051833,0.31954671389172196,0.2644053319921911,0.04919447897400128,-0.11287916380333758,-0.36998362547122343,-0.021300980508566488,0.07764372694652864,0.009338111624781643,-0.25688692746764424,-1.504892098659785,-1.684029257903549,-1.5955878487726545,-0.8836988896843365,-1.411860763833119,-0.5022351334580603,0.23040780653682147,-0.044754581050616415,-0.8263712069844228,-0.20195791823034093,-0.20199376660188123,0.9064016920664711,0.2744931650096445,0.10574961405012337,0.7984746990098781,0.3013170019370405,True,False,True,False,False,False,True,False,False,False,False,False,False,True,False,False
-1.0041433548674623,-0.26695916495145877,-1.2268630706865429,0.7996112934676401,0.032051629227048746,-0.20192673947844528,-0.11686528033959499,-0.20843211057728261,0.1802155914181864,0.3857481247025199,-0.12897808934320384,0.3799697834541906,-0.2212365431629086,0.3801597890088159,0.02920466237959762,1.3416407864998738,-0.48646371754848017,-0.21691954540313546,-0.20432330433756615,-0.17056184236143465,0.16880739627523791,-0.10825811505293906,-0.020700128363530544,0.06608406374462006,0.08457721725270978,0.0218667071225253,0.23670717862397928,0.2863886800508664,0.31585452827948185,0.36259666983700717,0.6146124547964777,-0.328619600653281,0.23040780653682147,-0.044754581050616415,-0.017148642382772285,-0.20195791823034093,-0.20202275331026898,-0.08875335684049968,-0.21053935164374554,-0.22077305431373004,-0.013181831130664803,-1.7502987947101665,True,True,True,False,False,False,False,False,False,False,True,False,False,False,True,False
0.16365662884210888,-0.27054467783786884,-0.7569047442979427,-1.8356141776229309,0.005585260922557242,-0.24637819161466637,1.09534934271183,-0.26289984388690535,-0.5201240022781082,0.05521469094324652,-0.006381999116464468,-0.5614882584237074,-0.27099997375783186,-0.09348820075046482,1.406523334941091,1.3416407864998738,-0.11760302376314277,-0.26455795034051854,-0.260330258858516,-0.1863944303539012,-1.5901211417444532,-2.9349274067764526,-1.755261949820426,-1.6276158728426195,-2.195257732623172,-1.4087204973098155,0.5923216907395138,0.713312566607655,0.5593503724899455,0.4055723787860191,0.6146124547964777,-0.23470938063615043,0.23040780653682147,-0.044754581050616415,-0.017148642382772285,-0.20195791823034093,-0.20202275331026898,-0.17718758563535517,-0.260600661178012,-0.2679151173928537,-0.5862487390615919,-0.012148860733831467,True,True,True,True,True,False,False,False,False,False,True,False,True,False,False,True
1.4113044452663606,-0.25978813917863863,0.29423874232652264,-0.720711093699997,0.3761144171854397,-0.24161029658355354,-0.2267758251475292,-0.2552403188902396,-0.5534735067398363,-0.5399164579956798,-0.7949730659803557,-0.5902152106388093,-0.25992588540183953,-2.9545643298703577,-0.5818013268064121,1.3416407864998738,-0.6569240293925058,-0.25751903034977064,-0.2554784322898462,-0.18956094795239453,0.4580583763810239,-0.11509800592640393,0.10368306775854194,0.3446083790158537,0.13600909676180223,0.45062102607758997,0.7199781822681653,0.5294068923985763,0.7176226712267461,-0.2390632554491587,0.7908275172860081,0.07109070555408568,0.23040780653682147,-0.044754581050616415,-0.017148642382772285,-0.20195791823034093,-0.20202275331026898,-0.1641207866577512,-0.25540713494825384,-0.2574243741787949,-0.7953235536063903,-0.012148860733831467,True,True,True,True,True,False,False,False,False,False,True,True,False,False,False,True
-0.06371452263886543,-0.2526171134058185,-0.40552108370894024,-0.1125821388329421,-0.16644613305663825,-0.20845508805950744,0.2700197317095572,-0.21932565723920716,0.4803611315737408,-1.050177059158215,-0.0033698101674045316,-0.5100012143163651,-0.23256878564833255,0.36652686384704175,0.11599249322615308,1.3416407864998738,-0.11650462252202587,-0.2315001653839704,-0.22309776366850603,-0.16739532476294133,-2.7784394792049674,-2.9732131927079055,-2.3248369093350107,-2.6598844770555754,-2.8228371559014866,-2.5930506781916307,0.8567529946202935,0.5097027130190326,0.8393705933319778,-0.4109660912452063,0.4383973923069484,0.7868601976174254,0.23040780653682147,-0.044754581050616415,-0.017148642382772285,-0.20195791823034093,-0.20202275331026898,-0.1158202975798222,-0.22601284731797336,-0.23150835297961986,-0.21292838553323834,-0.012148860733831467,True,True,True,True,True,False,True,False,False,False,True,False,False,False,True,False
-0.6475057977555632,1.059680603020265,0.6915119470526856,1.407740248334695,-1.0266031029526153,1.1398322745079514,-0.7306926493016376,0.9781134172395298,-0.8202695424336631,0.43020817923584137,2.469863231181982,-1.1481365729201105,1.2837296517610337,0.430982213301301,-1.0224258719773245,1.3416407864998738,1.824772295678305,1.3882056024870542,1.2505918193196506,0.2474184806396827,-0.41612179813386857,-0.6931121929265169,-0.5500032575526375,-0.3726587247251978,-0.4187775125183469,-0.38469275143557286,-1.0307394158390744,-1.5461000022467406,-0.9259742771938814,-1.227504561276431,-1.852398420056944,-0.33887870031901796,0.23040780653682147,-0.044754581050616415,-1.1972091829313734,-0.20195791823034093,-0.20198048302238392,2.887989775907472,1.2470746491700186,1.204916662911895,0.032013489801553795,0.49378419019006453,True,False,True,False,False,True,False,False,False,False,False,False,False,True,False,False
-0.5246501500599552,-0.24544608763299838,-0.08105005436066061,0.1914823386005853,-0.907504445582403,-0.1494798941362042,2.223440358056722,-0.23685745889824197,-1.5539586405916859,-0.9483255297806455,0.512091023740477,0.038593316324974564,-0.23085821295892112,-0.49031738319483453,-1.2082349804846215,1.3416407864998738,1.1041502846732583,-0.19530000543155265,-0.16403204891948173,-0.03186837154742753,-0.6940578354098674,-0.8775887485358062,-0.36978565353293674,0.17137221462379698,-0.34076249059475855,-0.2558213861395438,0.38260031179958304,0.41118181612131166,0.27933015164791297,0.10474241614293588,-0.0021402639168774332,0.5651058125349574,0.23040780653682147,-0.044754581050616415,-0.017148642382772285,-0.20195791823034093,-0.20202275331026898,-0.04861961712357315,-0.1691517663282504,-0.22988788741561822,2.0363147438877416,0.14369863949178044,True,True,True,False,False,False,False,False,False,False,True,False,False,True,True,False
1.3079245845578673,-0.2633736520650487,-0.62429186006254,0.4955468160341127,0.9054417832752717,-0.23530200469623505,-0.626723338517984,-0.23413407223276084,1.3140987431169486,-0.3896196080724641,-0.7587514938679099,1.4599627621870295,-0.25278442537270285,0.9249599655681653,0.7282421731729258,1.3416407864998738,0.5228364865589823,-0.2453266153657966,-0.24092295258383659,-0.17372835995992797,0.769938280924461,0.5496533997748632,0.4689530312126886,0.6449224413158312,0.7019442167228434,0.7337462363904231,0.7655697863855414,0.7658570449531075,0.7906714244898855,0.23366954298997153,0.7908275172860081,-0.03268403337240735,0.23040780653682147,-0.044754581050616415,-0.017148642382772285,-0.20195791823034093,-0.20202275331026898,-0.14148722414297288,-0.24148634299220115,-0.25065910186646057,-0.0921988837186666,-1.9863719417180372,True,True,True,False,False,False,False,False,False,False,True,False,False,False,True,False
,-0.2741301907242789,-1.5295774418766945,-0.3152917904552937,0.9848408881887462,-0.25686756068311456,0.0036321035511833297,-0.2708997922167562,-0.5534735067398363,0.7516970634938573,-0.5420244989830475,0.684823054656787,-0.2792343666900763,-0.08174029504802614,1.406523334941091,1.3416407864998738,-0.621375494175619,-0.2673232403368838,-0.26592040686154866,-0.18956094795239453,1.175573494195681,1.2382232597520697,0.9440280757051995,1.0355149640618153,1.118535346694166,1.101982706245152,-0.5109951289009877,-0.40982565802636034,-0.4268077965624307,0.10474241614293588,-0.09024779516164261,-0.4028007828516867,0.23040780653682147,-0.044754581050616415,-0.017148642382772285,-0.20195791823034093,-0.20202275331026898,-0.18232097094798533,-0.2648839817798744,-0.2757157506367715,0.39656381434696325,-0.012148860733831467,True,True,True,True,True,False,False,False,False,False,True,False,True,False,False,True
0.04627919077343912,-0.10919659794941595,1.1270998620298875,1.407740248334695,0.4290471537944227,-0.11947883155581734,-0.33197776661255857,-0.06749685063863382,1.2140502297317648,1.1297762045173536,-0.6071630850064687,0.697561330753258,-0.1257870696248327,1.000572609088104,-0.2763803510202835,1.3416407864998738,0.635356010125958,-0.13672613550854337,-0.13407729358247653,-0.12306407838403495,-0.013972585778571679,-0.10795437461197123,-0.18793225757974025,0.10485096191779346,0.01139249761349282,0.08960238223105335,0.4646651992108597,0.7527209253667444,0.4254276581741901,1.3080622667152677,0.1740747985726529,-0.45922583101323994,0.23040780653682147,-0.044754581050616415,-2.723851750061683,-0.20195791823034093,-0.20192579801378244,0.05956451876900089,-0.13670561276914295,-0.13035153295543034,-0.2311538969631272,0.2328368531038583,True,False,True,False,False,False,False,True,False,False,True,True,False,False,False,False
0.14985010313602964,-0.21317647165530781,-0.275474405848584,1.1036757709011675,-0.02088110738193426,-0.12652064575561475,-0.1824755126007891,-0.14460273560506848,0.1468660869564582,-0.3278682886534003,-0.30255547753278267,0.46886065628819723,-0.15251205365954446,0.5253061620831029,-0.08158678706833095,1.3416407864998738,0.33657510119507716,-0.13949142550490862,-0.14821087532599306,-0.16422880716444802,-0.14559753494473307,-0.5397740312688886,-0.3105715136236151,-0.06474566339165834,-0.23831956606454058,-0.22703976418124808,0.44642855756390876,0.3914776367417679,0.595874749121516,1.2650865577662558,0.6146124547964777,-0.06859088220248669,0.23040780653682147,-0.044754581050616415,0.5765939388598823,-0.20195791823034093,-0.20204402143082412,0.05509999015547232,-0.14853828593178775,-0.15566873613236493,-0.06115323096949897,-0.9073116758695546,True,False,True,False,False,False,False,True,False,False,True,True,False,False,False,False
0.8931101987620284,,,-0.41664661626646954,0.6407781002303558,-0.23610887923996182,-0.4589002132628539,-0.22528306556994715,1.9477393278897874,-1.262597984929603,-0.8285589727623739,0.7783219045046081,-0.25227535508008536,-0.3939004054723919,1.406523334941091,1.3416407864998738,-0.29455477588941253,-0.25839889534861415,-0.25178682511803213,-0.18956094795239453,-1.4930792246939213,-2.385828634864802,-1.5563668953080183,-1.2772039206183528,-1.3481226597149816,-1.0783648126315313,2.087726305789448,2.2896469169711886,2.2151221131210965,0.19069383404095966,0.702719986041243,1.5914103598650273,0.23040780653682147,-0.044754581050616415,-0.017148642382772285,-0.20195791823034093,-0.20202275331026898,-0.1657541365299517,-0.253907972737602,-0.25017684765770976,-0.994467608624312,-0.4491769579879033,True,True,True,False,False,False,False,False,False,False,True,False,True,False,True,False
-0.05314096911433002,-0.2526171134058185,-0.01704560631780604,-0.3152917904552937,0.33641486472870225,-0.22429917000905158,-0.4396470208909933,-0.234474495565946,0.2135650958799146,0.630360941247537,-0.8050638989597064,0.06435113561124452,-0.24659113892175902,0.10016755839490932,-0.7102726938615926,1.3416407864998738,-0.13215993899954534,-0.23451684538000522,-0.2321685698621062,-0.1863944303539012,0.7599636445325457,0.6111104546726466,0.4572708579874628,0.5019186215126566,0.6917001725432206,0.5989274195583638,0.7199781822681653,0.5294068923985763,0.7176226712267461,0.9212808861741613,0.702719986041243,-0.3807042604947148,0.23040780653682147,-0.044754581050616415,-0.017148642382772285,-0.20195791823034093,-0.20202275331026898,-0.12142035428450962,-0.2335086583712325,-0.24479205658748696,0.046204183899953274,1.0106186250855278,True,True,True,False,False,False,False,True,False,False,True,True,False,False,True,False
0.5491206981799555,0.7979381623123302,1.5495553224652456,0.900966119278816,0.32318168057645624,0.2868925295574911,-1.497427075737215,0.6622005640437181,0.08016707803300122,1.614947851136065,0.324130433319137,0.4116930497177292,0.57004929134251,0.4409049902540043,-1.5340998091279683,1.3416407864998738,0.8961323234340544,0.5194017636290283,0.5806178548807177,1.436762490633771,0.2602829943800801,0.30142460501801577,0.2582779948907475,0.24489431475517218,0.24073017171477154,0.2955184438874388,-1.7146134775997157,-1.5198277630740142,-1.8877828618252104,0.7064023414291017,0.08596726732788773,-0.5128888138801717,0.23040780653682147,-0.044754581050616415,-1.0614301146371217,-0.20195791823034093,-0.20198534668836407,1.2768812486502403,0.637451044509957,0.5288305457177553,0.22861483673998623,0.19129935607454848,True,False,True,False,False,False,False,True,False,False,True,False,False,True,False,False
-0.9320559115291869,-0.25978813917863863,0.02897034087309474,-0.1125821388329421,-0.7487062357554533,-0.2053742943470961,2.61641722097914,-0.2523467205581659,-0.720221029048478,-0.09126244680068366,0.44288598263582496,-0.6226033941466288,-0.25820807474618235,0.1900340557863825,-1.2995305209386288,1.3416407864998738,0.3910402371604655,-0.2582732003487794,-0.25252514655239494,-0.16739532476294133,-0.6794655908861146,-1.0943304664579743,-0.745771371168567,-0.7507313289838405,-0.7866070159795632,-0.7691375674069209,0.38260031179958304,0.41118181612131166,0.27933015164791297,-0.4109660912452063,0.1740747985726529,-0.1806518170128442,0.23040780653682147,-0.044754581050616415,-0.017148642382772285,-0.20195791823034093,-0.20202275331026898,-0.16552080083392304,-0.2523552690194269,-0.255797051919882,-0.6133231452875962,-0.012148860733831467,True,True,True,True,True,False,True,False,False,False,True,False,False,True,True,False
,,,0.4955468160341127,1.0774731772544672,-0.2569409129143625,-0.34839729510493445,-0.2695380988840156,-0.9203180558188483,-1.6878977125609278,0.5900314127974028,-1.5703661629809345,-0.2776661406701645,-0.6353068679326318,1.406523334941091,1.3416407864998738,0.8069562488356368,-0.2673232403368838,-0.2632835445959672,-0.18956094795239453,0.5859874283944887,0.5710044031850086,0.2535120226637586,0.4677932740240473,0.5130249833637546,0.031527852016288264,0.38260031179958304,0.41118181612131166,0.27933015164791297,-1.0556017254803838,-1.411860763833119,-0.14632329120826285,-4.340130723132376,-0.044754581050616415,-0.017148642382772285,-0.20195791823034093,-0.20202275331026898,-0.18232097094798533,-0.26354544409179237,-0.2742301334060224,0.16920280689153458,-0.012148860733831467,True,True,True,True,True,False,True,False,False,False,False,False,True,False,False,True
1.1033258691887144,-0.223933010314538,-0.8978501327948448,0.6982564676564643,-0.5105089210150288,-0.10576196431246199,-1.089132445404185,-0.031922612320786484,0.6804581583441112,-0.6435086453630869,0.818957772925958,-0.4645075714670214,-0.0773554248191268,0.44691328088436894,-0.6312281017415112,1.3416407864998738,0.9778501829252393,-0.06206330560668177,-0.03978309896528414,-0.12306407838403495,-0.5428208052935851,-0.8662729851488594,-0.7928409936441635,-0.5738205231111667,-0.5737452416294523,-0.5007178067019563,1.2670774316766784,0.8446737624712827,1.1924395674371497,-0.4109660912452063,-0.17835532640640778,0.15947679498197329,0.23040780653682147,-0.044754581050616415,1.8401704247250121,-0.20195791823034093,-0.20208928329662423,0.19930485692172994,-0.057035849574502875,-0.08447110173995824,0.16304168868602487,2.6273672583865992,True,False,True,False,False,False,True,False,False,False,True,True,False,False,False,False
-0.41087084978145905,-0.23110403608735813,0.0010098357963356358,1.0023209450899917,-0.02088110738193426,-0.19862588907229023,-0.5073728236514748,-0.19600665891602492,0.3136136092650998,-0.1452702199536048,0.1918200337316793,0.927033393982725,-0.21259923677631765,0.5958827708356204,-0.15835069465349827,1.3416407864998738,0.4459095605552474,-0.20761811541536146,-0.2129722125686733,-0.17056184236143465,0.26261335352292253,0.20505057049725967,0.03927989540436122,0.29165801284889253,0.25304130935762625,0.2731956376662966,-0.5930600163122645,-0.863021783755877,-0.47550696540452303,0.8783051772251493,0.4383973923069484,-0.1581607138994978,0.23040780653682147,-0.044754581050616415,-0.017148642382772285,-0.20195791823034093,-0.20202275331026898,-0.0714865153343801,-0.2109676837039318,-0.21259073171975823,-0.27011348335526275,1.7709630551959252,True,True,True,False,False,False,False,True,False,False,True,True,False,False,True,False
1.0131270858156503,-0.2526171134058185,-0.5618622145619937,-0.1125821388329421,-0.41787663194930824,-0.20471412426586508,-0.07652983279446225,-0.21064486224298604,0.346963113726828,-0.3103201029607226,-0.05939652461991934,-0.6270496997731354,-0.22710170847737862,0.3654244538569057,0.5489775307008142,1.3416407864998738,0.18988987375965352,-0.22496402539256163,-0.22088279936541763,-0.16739532476294133,-0.46005236576891256,-0.4970838470453259,-0.7321439562744229,-0.5394548857203755,-0.561267596738584,-0.38284176897552596,0.7564514655620672,0.6410639088826603,0.8515453855425014,0.10474241614293588,0.35028986106218324,-0.07806082035547464,0.23040780653682147,-0.044754581050616415,-0.017148642382772285,-0.20195791823034093,-0.20202275331026898,-0.10368684138633279,-0.22210431726877394,-0.22632926275673154,-0.24068847586036513,-1.8651279139251025,True,True,True,False,False,False,False,False,False,False,True,False,False,False,True,False
-1.2116651332400408,-0.05899941753967506,-0.015493990134467865,1.1036757709011675,-1.7147286788693967,0.07923236289471562,-0.5120224629337085,0.011821785993504265,-0.9536675602805765,-0.2266680418076947,2.3028373539566087,-2.0544323918766194,0.09640884349792755,0.2905450874901323,0.02613920169298756,1.3416407864998738,1.3644405420106616,0.1038540941752329,0.09986512661990907,-0.1344635417386109,-0.7603679115552108,-1.1061293763570956,-1.0200467677706462,-0.7098978777323081,-0.7557194938869255,-0.6778567486095933,-0.009487483609850826,-0.6856841693399791,0.12105785291111235,-1.7861887776135852,-1.7642908888121789,-0.12107012280029494,0.23040780653682147,-0.044754581050616415,-1.153321091574736,-0.20195791823034093,-0.20198205511313064,0.5060758640287205,0.0835641491816294,0.08013985855697972,-0.047781247099200785,1.4288840082203906,True,False,True,False,False,True,False,False,False,False,False,False,False,False,False,False
-0.18867470099104056,-0.27054467783786884,-1.1368304388056156,-0.41664661626646954,0.05851799753154025,-0.21777082142798942,1.8581843498609099,-0.25660201222298024,-1.4539101272065014,0.4342241612109,0.12043115563895883,0.4827626222805658,-0.25813328242830963,-0.3489169893961959,0.14970193552523414,1.3416407864998738,-0.48756369283960704,-0.24293841036893574,-0.23111382495587363,-0.14966282621137877,0.2911943954938982,-0.09621445338205266,-0.26437501711731887,0.32586285151460803,0.05889221086594884,0.031527852016288264,0.38260031179958304,0.41118181612131166,0.27933015164791297,0.36259666983700717,0.7908275172860081,-0.33966786183176695,0.23040780653682147,-0.044754581050616415,-0.017148642382772285,-0.20195791823034093,-0.20202275331026898,-0.13705384591842867,-0.2334551168637092,-0.2557261994058001,1.0335066733276002,-0.012148860733831467,True,True,True,True,True,False,False,False,False,False,True,False,False,False,True,False
0.7550214481729894,-0.24544608763299838,0.37383788664443346,-1.8356141776229309,0.8525090466662882,-0.20581440773458343,1.1588714768344908,-0.2373680938980197,-0.42007548889292357,0.550468461872172,-0.4323808212372659,0.2716455386770524,-0.24533414545041435,-2.1867197604383515,-0.48649736955582823,1.3416407864998738,-0.9475291547456055,-0.2360251853780226,-0.22309776366850603,-0.16169559308565337,0.7281817148524201,0.5631547695783344,0.9440280757051995,0.8919147718757924,0.8122183393623155,0.6958395409641978,-0.30127374996105827,-0.36384923947409203,-0.14678757572039824,0.620450923531078,0.8789350485307733,-0.3649210302397348,0.23040780653682147,-0.044754581050616415,-0.017148642382772285,-0.20195791823034093,-0.20202275331026898,-0.12422038263685334,-0.2274584680211019,-0.24360127723791733,0.31981733595981293,-0.012148860733831467,True,True,True,True,True,False,False,True,False,False,True,True,False,False,True,False
-0.07018238783228407,-0.17732134279120718,0.3757503872859354,1.0023209450899917,0.29671531227196474,-0.15109364322365776,-0.08324413077248743,-0.11821992728321998,1.0806522118848507,-0.23337297204580537,-0.31671276559336436,0.38658453390808334,-0.15659426662214554,-1.045745976906542,0.7036411908309221,1.3416407864998738,-0.11119592982854862,-0.1925347154351874,-0.17964227353172385,-0.16422880716444802,-8.217680499324999,-6.680113189261167,-6.464987268459664,-7.501774344540143,-8.429985354444366,-7.033676540308987,1.5132720939105098,1.5737283995144165,1.5698581259633686,1.007232304072185,0.7908275172860081,-0.11751889599292446,0.23040780653682147,-0.044754581050616415,0.5298536536102684,-0.20195791823034093,-0.20204234717323694,-0.043420823790936695,-0.18708817134854908,-0.1595359120622533,-0.6357046417070378,0.3915388401345614,True,False,True,False,False,False,False,True,False,False,True,False,False,False,False,False
1.2636631468937034,0.0844210979167275,1.694220999656255,1.3063854225235192,0.7731099417528137,-0.008056792290273016,-0.8078691110246699,0.04960877597705503,0.3803126181885568,4.677505041414283,-0.6874379204989159,0.7319827590238569,-0.000620919337136379,-0.24586969800356032,-1.4539781759656518,1.3416407864998738,0.12990649643801488,0.02441485427964951,0.057042483426866436,0.04476135433611064,0.05678361579358872,0.07961799299886571,0.07872694345926261,0.18180524532059303,0.16464225142261296,0.15341353171304095,0.7473331447385905,1.225621230475803,0.7663218400688401,1.0502080130211968,-0.09024779516164261,-0.6624349205461065,0.23040780653682147,-0.044754581050616415,1.6432672671367774,-0.20195791823034093,-0.20208223013886603,0.3599943475115942,0.043140311001553286,-0.011778707856920922,0.3179653334292946,1.1386651781134063,True,False,True,False,False,False,False,True,False,False,True,False,False,True,False,False
0.20502414354501164,-0.2633736520650487,0.19433246125964712,-2.0383238292452823,1.6597332799532822,-0.22752666818395875,2.6848262022444143,-0.2407723272298711,4.5823501803663245,-0.8399994398854693,-1.1477756966390007,2.494207972402275,-0.2669949657685187,-0.0934377300257383,-0.4646477094955315,1.3416407864998738,-2.2425735561328657,-0.2548794353532402,-0.24830616692746463,-0.15029612973107745,0.39550577636641254,1.2382232597520697,0.9440280757051995,0.2843754972426159,0.31739855828777686,0.039762120125746724,-0.30127374996105827,-0.36384923947409203,-0.14678757572039824,1.3940136846132916,0.9670425797755384,0.38754447216643323,0.23040780653682147,-0.044754581050616415,-0.017148642382772285,-0.20195791823034093,-0.20202275331026898,-0.15922073704114972,-0.24732236731223864,-0.2641210795420176,0.8937178879953818,-0.012148860733831467,True,True,True,True,True,False,False,True,False,False,True,True,False,False,False,True
-0.5975753146654933,-0.27054467783786884,-1.2316379647402582,0.2928371644117611,-0.2987779745790962,-0.23200115429008,0.13990345527920195,-0.24349571389535224,-0.01988143535218338,-1.0636158134637872,0.17028288274590075,0.08985960190775548,-0.25162876342879864,0.2679826382845704,1.1936882287551875,1.3416407864998738,0.05746674959865882,-0.2517370603573706,-0.24598572813375297,-0.1768948775584213,-0.6210391630095233,-0.7949554606530654,-1.1601428890746204,-0.6944716032186238,-0.7266025321158245,-0.7102046454021305,0.7838064280324923,0.35206927798268023,0.8880697621740719,-1.1845288523274193,0.08596726732788773,0.8215833041783813,0.23040780653682147,-0.044754581050616415,-0.017148642382772285,-0.20195791823034093,-0.20202275331026898,-0.15338734464043363,-0.24705465977462224,-0.24956431624564704,-0.5456859374382822,0.090711446588469,True,True,True,False,False,False,True,False,False,False,True,False,True,False,True,False
-0.08756019935075728,0.04139494327980673,0.8228103143238958,1.3063854225235192,-1.5426972848902012,-0.04223893205178958,-1.4463566131888417,0.00041760433180200777,-1.020366569204033,0.12160880622095421,1.283889137213359,-1.4006677698286072,0.0652614620870646,0.5333189648249108,-1.2848880034734818,1.3416407864998738,1.6098030650030073,0.06086640423173683,0.036158534283461406,-0.12813050654162425,-0.17696327462119857,-0.3280026417676251,-0.5295297546065617,-0.17600030500141275,-0.20592466639703846,-0.24007018481969647,-1.6234302693649636,-1.9664558290103484,-1.632112225404225,-1.9580916134096327,-2.4691511387703002,-0.25601674148037334,0.23040780653682147,-0.044754581050616415,-0.12299518041301881,-0.20195791823034093,-0.20201896184069568,0.4268654016988763,0.03344929813983968,0.05063321478933278,-0.17397763004533584,0.6218065856137751,True,False,True,False,False,True,False,False,False,False,False,False,False,True,False,False
0.5122331589179844,-0.27054467783786884,-0.5539092934352469,-1.4301948743782276,-0.5899080259285038,-0.2405100131148352,2.1055848023406094,-0.26630407721875676,-0.9870170647423047,0.7126995045365419,0.7627804490259901,0.4353934270472229,-0.2739603019523422,-0.9501320597489971,-1.3185221399699436,1.3416407864998738,-0.039700855890356976,-0.2648093403401881,-0.25822076904605085,-0.1768948775584213,0.8081502937688528,-0.009185906873302499,0.5137064774329994,0.6817173891107442,0.7411883086766652,0.4348876521604985,0.32789038685873145,0.34550121818949775,0.25498056722686596,-0.8407231807353246,0.5265049235517126,-0.3960929099933202,0.23040780653682147,-0.044754581050616415,-0.017148642382772285,-0.20195791823034093,-0.20202275331026898,-0.17765425702741247,-0.2588337914297438,-0.27071950561151387,0.4010731229921606,-0.012148860733831467,True,True,True,True,True,False,True,False,False,False,True,False,False,True,False,True
-1.1869914152621948,-0.26695916495145877,0.6631726067882375,-0.3152917904552937,0.9583745198842547,-0.2520263134207539,0.7684096239977171,-0.2615381505541648,2.114486850198429,1.0754224863265243,-0.6119072826012381,0.34415962394447586,-0.2749905058146535,-0.03130202815774783,1.406523334941091,1.3416407864998738,-1.441311831589257,-0.2673232403368838,-0.26222879968973467,-0.18006139515691458,0.20048884690909616,0.13474592004500968,0.9440280757051995,1.0355149640618153,0.11711436118618028,1.101982706245152,-1.176632549014678,-0.6331396909945284,-1.1694701214043448,0.19069383404095966,0.4383973923069484,-0.45212337739849895,0.23040780653682147,-0.044754581050616415,-0.017148642382772285,-0.20195791823034093,-0.20202275331026898,-0.18232097094798533,-0.26220690640371036,-0.27169544185386746,-0.26398844388925236,-0.012148860733831467,True,True,True,True,True,False,False,False,False,False,True,False,True,False,False,True
0.333456951182191,-0.26695916495145877,-0.9060285599612525,0.900966119278816,0.7598767576005677,-0.24139023988980987,-0.9113096259327971,-0.23872978723076024,0.71380766280584,-0.3362503625177297,-0.6701178340418213,0.7949991921907004,-0.2539304366949461,0.764901997315578,0.6436796145185689,1.3416407864998738,-0.8375721270080303,-0.243943970367614,-0.24313791688692502,-0.1578957719674614,0.4762024368315079,0.44676365058286593,-0.07984055466658915,0.3620795800170145,0.22070963554907586,0.4670922409783775,0.7655697863855414,0.7658570449531075,0.7906714244898855,-0.4969175091432296,0.9670425797755384,-0.0638559131259927,0.23040780653682147,-0.044754581050616415,-0.017148642382772285,-0.20195791823034093,-0.20202275331026898,-0.13892053148665778,-0.24068322037935197,-0.2517447452273926,0.0445507445344312,0.8944593649416877,True,True,True,False,False,False,True,False,False,False,True,False,False,False,True,False
-0.09146917061151906,-0.25620262629222856,-0.3571730375738848,-0.5180014420776453,0.5084462587078977,-0.22305218207783747,-0.1231813877241956,-0.2424744438957968,-1.020366569204033,-0.43012641408003854,-0.659499867996385,0.39587279342309245,-0.24685653101743638,-3.447284500447608,-1.2811012565419386,1.3416407864998738,-1.3240376347485376,-0.23175155538363998,-0.21318316154991981,1.2702036649530228,-2.389579747445897,-2.348078094295878,0.016147129430764906,-2.143135123389224,-2.5429101315694096,-2.254339284618259,-0.30127374996105827,-0.36384923947409203,-0.14678757572039824,0.44854808773503096,0.8789350485307733,-0.007036284208064963,0.23040780653682147,-0.044754581050616415,-0.017148642382772285,-0.20195791823034093,-0.20202275331026898,-0.1162869689718795,-0.0995478065479869,-0.2450434687342291,7.988582433534339,0.9167289288105476,True,True,True,False,False,False,False,False,False,False,True,False,False,True,True,False
0.33432060237741124,-0.27054467783786884,-0.9857743019036196,-0.720711093699997,0.7731099417528137,-0.24593807822717903,-0.6062980687729609,-0.2550701072236471,0.2802641048033716,0.23857337017785646,-0.6278718840312557,0.15637204915635533,-0.26550877003272544,0.5509032114659532,0.17058460163521671,1.3416407864998738,-0.4247874364211519,-0.25839889534861415,-0.25663865168670197,-0.18956094795239453,-0.8642587564498172,-0.7404257631709334,-0.762419641581115,-0.3674754193648484,-0.377840838547651,-0.48524345692177906,-0.1462622959619791,-0.13396714671274337,-0.35375904329929125,1.1361594309192202,0.9670425797755384,-0.2907398480413292,0.23040780653682147,-0.044754581050616415,-0.017148642382772285,-0.20195791823034093,-0.20202275331026898,-0.1657541365299517,-0.25637088208367287,-0.2627131715202615,-0.5154898272390984,0.6160622858817926,True,True,True,False,False,False,False,True,False,False,True,False,False,False,False,True
,-0.2741301907242789,-1.5295774418766945,1.2050305967123434,-1.7676614154783798,-0.25716096960810614,0.2865963322266028,-0.27226148554949675,-0.720221029048478,1.5781594987526624,1.3698871317090202,-1.788706229766719,-0.27988578365219346,0.4337315744208717,1.406523334941091,1.3416407864998738,0.6897393180616632,-0.2704656153327534,-0.26539303440843237,-0.18956094795239453,1.175573494195681,1.2382232597520697,0.9440280757051995,1.0355149640618153,1.118535346694166,1.101982706245152,0.38260031179958304,0.41118181612131166,0.27933015164791297,-2.516775829746787,-1.852398420056944,-0.5093375870728012,0.23040780653682147,-0.044754581050616415,-0.017148642382772285,-0.20195791823034093,-0.20202275331026898,-0.1881543633487014,-0.26595481193033993,-0.276332853178775,0.046275199643989844,-0.012148860733831467,True,True,True,True,True,False,False,False,True,False,False,False,True,False,False,True
0.39998424508451474,-0.27054467783786884,-1.311580790733871,0.7996112934676401,0.32318168057645624,-0.22195189860911912,-0.35522904359441965,-0.23243195556683513,-0.21997846212255318,-0.45990033385507256,-0.3175411175543558,0.06595503359256931,-0.24089485948635642,0.5704635974641853,0.5846796554539949,1.3416407864998738,-0.19759216029071666,-0.23351128538132693,-0.22056637589354786,-0.16739532476294133,0.17745535130389672,0.3345882729053412,0.24263775411192737,0.3627424101194233,0.19596640728916942,0.2864983980038723,0.23670717862397928,0.2863886800508664,0.31585452827948185,0.3196209608879953,0.4383973923069484,0.012692753610659947,0.23040780653682147,-0.044754581050616415,-0.017148642382772285,-0.20195791823034093,-0.20202275331026898,-0.11955366871628048,-0.2255845152577871,-0.23939583769241227,0.1661651350568368,0.5588364225605232,True,True,True,False,False,False,False,False,False,False,True,False,False,False,True,False
-0.24554111658814926,0.005539814415706092,1.1249375470691587,1.6104498999570467,-2.0587914668277874,-0.04231228428303747,-1.1773795084350522,-0.12213479561484912,-2.0542012075176106,0.8618950049824128,4.944752976453351,-2.4969584947738923,-0.001021420136067692,0.37809506514264185,-1.232703367107118,1.3416407864998738,2.218322132606135,0.006817554302779774,0.015063636158809866,-0.10469827631277373,-0.5925663643869201,-0.7627335523648809,-0.8465340020556356,-0.6286508709204203,-0.6564006423026881,-0.4910696672742562,-0.7024798661939676,-1.0994719363104064,-0.7068280174044631,-2.430824411848763,-3.2621189199731857,-0.4209514976449136,0.23040780653682147,-0.044754581050616415,-3.0864378150906773,-0.20195791823034093,-0.20191281002136574,0.32529702005406563,0.0016991841785348617,-0.012158111642004536,0.015972761987647785,0.28292929261892463,True,False,True,False,False,False,False,False,True,True,False,False,False,True,False,False
-0.3315504511090885,-0.24903160051940845,0.9873100517461729,0.39419199022293694,0.08498436583603222,-0.23148768867134478,0.2876377763765718,-0.24979354555927738,-0.38672598443119477,1.1918693040980237,-0.5152913220601406,-0.15946500310533088,-0.25781963722432727,-0.1341590057298326,-0.45561661877726634,1.3416407864998738,-0.1979070784005557,-0.2499773303596836,-0.2359656515245435,-0.18956094795239453,0.4407270933420219,0.4066171486684872,0.5137064774329994,0.32791981415967053,0.36384127065916133,0.268113888639332,0.7199781822681653,0.5294068923985763,0.7176226712267461,-0.5828689270412534,0.35028986106218324,-0.46711744614072986,0.23040780653682147,-0.044754581050616415,-0.017148642382772285,-0.20195791823034093,-0.20202275331026898,-0.15012064489603266,-0.24228946560505035,-0.2554290759596503,0.23256898120238623,-0.7029170740788914,True,True,True,False,False,False,True,False,False,False,True,True,False,False,True,False
-0.3128453450306748,-0.2346895489737682,-0.7723229250660006,0.900966119278816,0.17761665490175274,-0.14331830671138146,-0.23253806696864407,-0.14953887393625304,-0.48677449781637994,-0.4540622184975004,-0.13906892232255463,0.34561431013513844,-0.15455798545167548,-0.9507696793350131,0.33381271603523216,1.3416407864998738,-1.2230954337267526,-0.16563598547054367,-0.1498984671759652,-0.14839621917198145,-0.13826416875092734,0.19193188582637258,0.20314808789298225,-0.04217553775651784,-0.08086330005627794,-0.0023733093940288643,0.7564514655620672,0.6410639088826603,0.8515453855425014,0.5344995056330547,0.5265049235517126,0.008746946046914965,0.23040780653682147,-0.044754581050616415,-1.1125460234305358,-0.20195791823034093,-0.20198351569401593,0.006272366177191639,-0.1591930459289204,-0.15760689522724985,-0.2036508528732034,-1.3592946301452837,True,False,True,False,False,False,False,False,False,False,True,False,False,False,False,False
0.14849595763954102,-0.26695916495145877,-0.8177214419559393,0.1914823386005853,0.6804776526870931,-0.2405833653460831,-0.17192952104449793,-0.23685745889824197,1.9477393278897874,1.9422115966928033,-0.662662666392898,-0.14209530266001869,-0.25758802230446337,0.2643598101872643,1.406523334941091,1.3416407864998738,0.17933491046890784,-0.25978154034679674,-0.2536853659492508,-0.1863944303539012,-2.4461694814402093,-1.6549274124210638,-1.8006281687368257,-1.4262026162700137,-2.8198261761439665,-1.7990399029044943,2.087726305789448,2.2896469169711886,2.2151221131210965,-0.6258446359902652,0.4383973923069484,-0.540904047582761,0.23040780653682147,-0.044754581050616415,-0.017148642382772285,-0.20195791823034093,-0.20202275331026898,-0.16832082918626678,-0.25519296891816073,-0.25520966172249354,-0.8903582485309488,-1.5347888135916632,True,True,True,False,False,False,True,False,False,False,True,False,True,False,True,False
0.9181913547925509,-0.26695916495145877,-0.6227552028204727,1.1036757709011675,1.2627377553859083,-0.24527790814594802,-0.5684837112429002,-0.24162338556283397,2.6814284260478103,-0.37355906413422435,-0.8808957557522903,1.7950859770429233,-0.2626956138185452,0.45191587906130426,1.406523334941091,1.3416407864998738,-0.5210539955660838,-0.25990723534663157,-0.25474011085548337,-0.1832279127554079,0.82828307187443,0.4521846068100539,0.13054341047829798,0.7011035576012115,0.7618648587050189,0.47144080580897313,2.087726305789448,2.2896469169711886,2.2151221131210965,0.9212808861741613,0.8789350485307733,-0.0421539715253953,0.23040780653682147,-0.044754581050616415,-0.017148642382772285,-0.20195791823034093,-0.20202275331026898,-0.1685541648822954,-0.2555142179633004,-0.26004820276479473,-0.6367770318667684,1.0825008329253718,True,True,True,False,False,False,False,True,False,False,True,False,True,False,False,True
0.9205589181013804,-0.26695916495145877,-1.274313954318868,0.5969016418452885,0.6937108368393388,-0.19268435834121117,0.10577163942727297,-0.1937939072503215,0.5137106360354696,-1.4077793255337971,-0.20563829809677922,0.30024952203366057,-0.21454866235183873,0.2065889185784218,1.406523334941091,1.3416407864998738,0.10135321035987442,-0.21842788540115288,-0.21529265136238496,-0.16739532476294133,0.5521587197009753,0.2975540521329381,0.33558155355803354,0.5352683929219831,0.5849913790054886,0.5360455087225128,1.5132720939105098,1.5737283995144165,1.5698581259633686,0.06176670719392399,0.08596726732788773,2.8430205190849356,0.23040780653682147,-0.044754581050616415,-0.017148642382772285,-0.20195791823034093,-0.20202275331026898,-0.0915533851928434,-0.2164824589788296,-0.21443746821582782,-0.39044521541785815,-1.3148884551605753,True,True,True,False,False,False,False,False,False,False,True,False,True,False,True,False
0.6292042209091823,-0.20959095876889774,-0.5259061553758654,0.5969016418452885,0.21731620735849022,-0.10605537323745354,-0.6165165136952856,-0.08945415562907548,0.4136621226502844,0.14210468311700009,0.24054218998272375,0.5411188340442783,-0.1136490002307156,0.05222691367184663,-1.1190997577057242,1.3416407864998738,-0.21726614780106565,-0.09273288556636904,-0.08745756872699663,-0.14206318397499482,0.4496886348158494,0.3863340727884008,0.3142891514044214,0.41421190561115273,0.3730448569522736,0.4674288743109678,-0.1462622959619791,-0.13396714671274337,-0.35375904329929125,0.6634266324800899,0.7908275172860081,-0.2627246143387398,0.23040780653682147,-0.044754581050616415,-1.4907220005839827,-0.20195791823034093,-0.20196996926408609,0.14138468935784865,-0.09590698403640388,-0.11885285558943252,0.14518073636827217,0.012266220132289235,True,False,True,False,False,False,False,True,False,False,True,False,False,True,False,False
-1.9798938251362022,-0.26695916495145877,-0.2910492815264559,-1.0247755711335242,0.6407781002303558,-0.24425097690847758,0.7993279648704802,-0.25932539888846134,-0.21997846212255318,0.09898936301997367,-0.7226052264791907,0.7708483288342999,-0.26775012691349165,-1.1433752234876582,-0.18536669909735656,1.3416407864998738,0.35517514699072017,-0.2648093403401881,-0.2568496006679485,-0.17056184236143465,1.175573494195681,1.2382232597520697,0.9440280757051995,1.0355149640618153,1.118535346694166,1.101982706245152,0.5923216907395138,0.713312566607655,0.5593503724899455,0.23366954298997153,0.7908275172860081,-0.24891428786563236,0.23040780653682147,-0.044754581050616415,-0.017148642382772285,-0.20195791823034093,-0.20202275331026898,-0.17765425702741247,-0.25760233675670835,-0.2648364613777475,-0.4648678363675647,-0.012148860733831467,True,True,True,True,True,False,False,False,False,False,True,True,False,False,False,True
-0.9515573525181295,,,-0.6193562678888211,-0.11351339644765476,-0.24740512285213684,2.655784538144288,-0.2673253472183122,-0.45342499335465175,-0.6162435429510047,-0.1976559973817704,0.6846540834464448,-0.2759483300145073,0.17482934397044556,1.406523334941091,1.3416407864998738,-1.2481459932311976,-0.26606629033853596,-0.26286164663347417,-0.1832279127554079,1.175573494195681,1.2382232597520697,0.9440280757051995,1.0355149640618153,1.118535346694166,1.101982706245152,0.32789038685873145,0.34550121818949775,0.25498056722686596,-0.3679903822961944,0.702719986041243,0.1346182073303799,0.23040780653682147,-0.044754581050616415,-0.017148642382772285,-0.20195791823034093,-0.20202275331026898,-0.17998761398769889,-0.26226044791123365,-0.2726028111471096,-0.004154423132281128,-0.012148860733831467,True,True,True,True,True,False,True,False,False,False,True,False,True,False,False,True
0.4158506639677535,-0.2346895489737682,0.9393393449046794,-0.011227313021766296,-0.23261205381786723,-0.21263616524063714,0.21473523529213295,-0.23328301389979797,-0.28667747104601016,-0.604841673462313,-0.39954796169251255,-0.019169184511053716,-0.24121815531199978,-1.25744384234,-0.740327465207641,1.3416407864998738,0.014106389154271898,-0.22873487538760515,-0.21782403913734316,-0.16422880716444802,0.49951480541031634,0.09060682645672549,0.15223633488435015,0.2760295031668449,0.42421679674196344,0.4882552564872723,0.7199781822681653,0.5294068923985763,0.7176226712267461,0.10474241614293588,0.6146124547964777,0.12435910766464295,0.23040780653682147,-0.044754581050616415,-0.017148642382772285,-0.20195791823034093,-0.20202275331026898,-0.11068691226719207,-0.22189015123868083,-0.2397021033984436,0.3714194540736114,0.5984465902519627,True,True,True,False,False,False,False,False,False,False,True,True,False,False,True,False
-1.475569100476432,,,0.39419199022293694,-0.48404255271053725,-0.24938563309582984,0.8625056759395103,-0.26596365388557164,-0.25332796658428197,0.7433423216302656,0.4757941469043047,-0.6654566855796642,-0.27405922082436746,0.43291810401085956,1.406523334941091,1.3416407864998738,0.46555523316417685,-0.26392947534134464,-0.25969741191477647,-0.1863944303539012,-0.5145732277677363,0.6006585745879861,0.28420162502115287,-0.5919538807131189,-0.6172610281863464,-0.43233591814955213,0.7199781822681653,0.5294068923985763,0.7176226712267461,0.06176670719392399,-1.411860763833119,-0.4012224598261887,0.23040780653682147,-0.044754581050616415,-0.017148642382772285,-0.20195791823034093,-0.20202275331026898,-0.17602090715521196,-0.2600117045952559,-0.27081321377529954,0.11695361889723367,-0.012148860733831467,True,True,True,True,True,False,False,False,False,False,False,False,True,False,False,True
0.10228121614182396,-0.25620262629222856,-0.7790787569175327,0.4955468160341127,0.8922085991230257,-0.18366203389772076,0.5261023382964558,-0.1973683522487655,0.947254194037938,1.0305196533812524,-0.8877484856114016,0.854106002050098,-0.22405211203250402,0.34008537933769606,0.7600318074322252,1.3416407864998738,-0.5031806923285412,-0.22144456539718768,-0.2117065186811942,-0.15346264732957077,-0.18899255611472351,-0.3060198162119176,-0.6541351405408508,-0.2784471344108622,-0.28288665568811405,-0.1367731236485864,2.087726305789448,2.2896469169711886,2.2151221131210965,1.1791351398682322,0.9670425797755384,-0.44581008529650695,0.23040780653682147,-0.044754581050616415,-0.017148642382772285,-0.20195791823034093,-0.20202275331026898,-0.0971534418975308,-0.21476913073808462,-0.22344030863416722,-0.0692893570145532,-0.9309566228178954,True,True,True,False,False,False,False,True,False,False,True,False,False,False,True,False
-2.131272899304608,,,0.0901275127894095,-0.6957734991464702,-0.23926302518362108,4.888133977429824,-0.26800619388468244,-1.0870655781274898,-0.757573414194104,0.5666116437184618,-0.05466242955385085,-0.2750580601662805,-0.44421225207716286,1.406523334941091,1.3416407864998738,0.4755744786798112,-0.26543781533936206,-0.26275617214285096,-0.1832279127554079,-1.721820886313031,-1.220954811595092,-0.7526685117680529,-1.405688303100582,-1.4851592156265983,-1.5282777927171949,0.38260031179958304,0.41118181612131166,0.27933015164791297,-0.9266745986333482,-0.09024779516164261,0.28021850643256974,0.23040780653682147,-0.044754581050616415,-0.017148642382772285,-0.20195791823034093,-0.20202275331026898,-0.17882093550755568,-0.26193919886609396,-0.27175943767303823,-0.16490120670236663,-0.012148860733831467,True,True,True,True,True,False,True,False,False,False,True,False,True,False,False,True
-0.25886098548870035,0.5720508504684962,2.2132345561284987,1.5090950741458709,-0.6163743942329952,0.23327204851528383,-0.6362104386707405,0.28654341587391385,-0.21997846212255318,2.636138297022055,0.5926670781278303,0.3036054974353057,0.29043941730307243,0.8485795250809397,-0.7432332807598654,1.3416407864998738,0.8289730964089179,0.280581263942939,0.28971920974177295,0.0675602810452625,-0.5995199434296746,-0.8103814651945599,-0.6512195823610726,-0.5383630522023262,-0.5962028399295584,-0.4934959326401552,-0.3559836749019086,-0.35728117968090956,-0.40245821214138533,0.3196209608879953,-1.852398420056944,-0.5862808345658284,0.23040780653682147,-0.044754581050616415,2.062075410472986,-0.20195791823034093,-0.20209723203086996,0.8365255461020574,0.27229796320119004,0.26394956460513647,-0.0171875781830899,-0.0710078630056809,True,False,True,False,False,False,False,False,False,False,False,True,False,False,False,False
-1.1781783754623418,-0.2526171134058185,0.9256597670858475,1.407740248334695,-0.9869035504958777,-0.23845615063989428,-0.07205599860296741,-0.25098502722542537,0.04681757357127302,1.0611229041500987,0.9975805776052121,-1.1179086183552298,-0.2589632358911552,0.4256603570829347,1.406523334941091,1.3416407864998738,0.5406318874584471,-0.257896115349275,-0.25273609553364146,-0.1768948775584213,-0.022168277274456194,-0.34313796722969964,-0.45875256748134813,0.07441131557267855,-0.11155657251249519,0.014670295256779906,-0.5930600163122645,-0.863021783755877,-0.47550696540452303,-0.4969175091432296,-1.4999682950778843,-0.45015047361662647,0.23040780653682147,-0.044754581050616415,-0.017148642382772285,-0.20195791823034093,-0.20202275331026898,-0.16482079374583714,-0.2531048501247528,-0.25651243375561195,-0.6363609545654415,-0.012148860733831467,True,True,True,True,True,False,True,False,False,False,False,False,True,False,True,False
0.74059503835295,-0.21676198454171788,-0.5985134905436936,-0.2139369646441179,2.400791592479047,-0.045099669070457274,0.015141974263343929,-0.016943985660640235,2.8815254528181806,0.16441254150957074,-1.6188820482719746,2.219931702875456,-0.12245519249637399,0.6241243043958452,-0.9916129054831897,1.3416407864998738,-1.9118033912738122,-0.05401882561725561,-0.044845874515200515,-0.1053315798324724,-0.19613978739781782,0.018534296829483057,0.6284589036389143,-0.1673967907718294,-0.2399139901688454,-0.14326139471286944,-0.4836401664305626,0.30609285943041015,-0.7190028096149866,1.3080622667152677,1.0551501110203036,-0.2694324871971063,0.23040780653682147,-0.044754581050616415,-3.191771539940169,-0.20195791823034093,-0.2019090369209862,0.21260923754172328,-0.05468002324347857,-0.1271951677313312,0.7971270738567182,-0.012148860733831467,True,False,True,True,True,False,False,True,False,False,True,False,False,True,False,False
0.28883626562385795,-0.2633736520650487,-0.32760556823108467,-0.011227313021766296,0.6540112843826013,-0.23720916270868017,0.1523374118093627,-0.24689994722720365,0.6804581583441112,0.5822844725594651,-0.6753891647026762,0.16974260602670135,-0.2596773818940689,-0.7515912892854637,-0.49935407999737247,1.3416407864998738,0.14475700006975945,-0.2553822153525793,-0.24777879447434834,-0.17372835995992797,-0.4426520906629044,-1.2035138323656822,-0.635343747740644,-0.2629974120883941,-0.266408569433898,-0.36704576391998517,0.7199781822681653,0.5294068923985763,0.7176226712267461,0.8783051772251493,-0.17835532640640778,-0.3712343223417268,0.23040780653682147,-0.044754581050616415,-0.017148642382772285,-0.20195791823034093,-0.20202275331026898,-0.16015407982526428,-0.24924986158307672,-0.2571889609868454,-0.23307907577796044,0.43877885261344024,True,True,True,False,False,False,False,True,False,False,True,True,False,False,False,True
,-0.2741301907242789,-1.5295774418766945,2.1172240290129256,-0.8413385248211738,-0.2536400625082074,1.5459254583298072,-0.27226148554949675,-2.454395261058351,0.19700295888443214,1.0677645801183087,-1.56113043306775,-0.27847679288968813,0.16150275417604476,1.406523334941091,1.3416407864998738,1.4295312948030636,-0.26606629033853596,-0.26275617214285096,-0.18956094795239453,-2.5803081101674628,-1.9496001660683295,-3.454814928855083,-1.6769331105630723,-1.7744586114400185,-1.4552150010793523,0.32789038685873145,0.34550121818949775,0.25498056722686596,-1.1415531433784076,-0.7070005138749978,-0.27890242535009424,0.23040780653682147,-0.044754581050616415,-0.017148642382772285,-0.20195791823034093,-0.20202275331026898,-0.17998761398769889,-0.26274232147894316,-0.27499808323607117,1.1880632925820949,-0.012148860733831467,True,True,True,True,True,False,True,False,False,False,True,False,True,False,False,True
-0.9452133208901793,-0.25978813917863863,2.4722796640396436,-1.3288400485670517,-0.20614568551337573,-0.24652489607716216,1.3442596793243786,-0.26511259555260874,-0.45342499335465175,1.4492492886447728,0.36690351639578805,-0.36383930046393054,-0.2738010666949358,0.07911696140235787,-1.145867031711034,1.3416407864998738,-2.4623150078631793,-0.2641808653410142,-0.26075215682100905,-0.1832279127554079,0.668529477606656,0.6644150431043976,0.3501842700895609,0.5472743106293353,0.5977964342300127,0.6416871189267409,0.32789038685873145,0.34550121818949775,0.25498056722686596,-0.3250146733471825,0.5265049235517126,-0.49631642211244276,0.23040780653682147,-0.044754581050616415,-0.017148642382772285,-0.20195791823034093,-0.20202275331026898,-0.17648757854726924,-0.26038649514791884,-0.2705686583234686,-0.04711088890634037,-0.012148860733831467,True,True,True,True,True,False,False,False,False,False,True,False,False,True,False,True
1.0649590962619038,-0.27054467783786884,-1.0200766501322347,-1.0247755711335242,0.9186749674275172,-0.23750257163367172,0.7414300143269128,-0.2518360855583882,0.8805551851144815,-0.5735793310185348,-0.7171832863708828,0.890726074521709,-0.2649007808680827,-1.0271883831961746,-0.5557241078771388,1.3416407864998738,0.010491178077911487,-0.25852459034844893,-0.2523141975711484,-0.18956094795239453,-0.5608786174105684,-0.333854046131962,-0.27619892213515446,-0.6365420682411982,-0.30814660526241733,-0.4743720448452964,0.38260031179958304,0.41118181612131166,0.27933015164791297,1.2650865577662558,1.0551501110203036,0.09792219698755156,0.23040780653682147,-0.044754581050616415,-0.017148642382772285,-0.20195791823034093,-0.20202275331026898,-0.16598747222598034,-0.2542292217827417,-0.262137209147725,-0.30578861329066004,-1.3268944177332416,True,True,True,False,False,False,False,True,False,False,True,True,False,False,False,True
0.29871190048124985,4.186247839969841,0.6614119394006365,1.3063854225235192,-0.9472039980391402,4.831796777676731,-0.44277740350131384,4.363283042432582,-0.6201725156632933,1.0014779709212196,1.2324560109081606,-0.15971748071573447,4.848647579434032,0.6361401880341747,-1.6962627917180981,1.3416407864998738,1.5411501320584986,4.711832788118408,5.072143563581524,3.9623769271920377,-0.9003109390850764,-0.946016284825177,-0.6854666571804483,-0.8270749110004161,-0.866947213955475,-0.8918387081122424,-1.1857508698381536,-1.1782886538285833,-1.2181692902464372,-0.5398932180922414,-1.323753232588354,-0.441864277732762,0.23040780653682147,-0.044754581050616415,0.26875502096993265,-0.20195791823034093,-0.20203299450531115,9.062957003730876,4.916809574815603,4.582046893065361,0.12075152188089529,0.5027517539506728,True,False,True,False,False,False,True,False,False,False,False,False,False,True,False,False
0.837959198145,0.08083558503031743,1.1301481202873929,0.7996112934676401,-0.24584523797011276,-0.04289910213302058,-1.4671843217483902,0.07428946763297782,-0.01988143535218338,2.9978278688793836,-0.09132572747995465,-0.43095091972466815,0.0639875800278132,0.7028712438874015,-1.2327774279202368,1.3416407864998738,0.5363840736818394,0.126479194145494,0.1466958004566355,0.05616081769068657,0.17373021224151564,0.34066375511657976,0.1617969376824034,0.07082432061673974,0.1325039262763129,0.19250734162041036,-0.19185390007935518,0.16816360377359987,-0.3050598744571989,0.06176670719392399,-0.8832155763645282,-0.6044315493590553,0.23040780653682147,-0.044754581050616415,-0.9862101506408352,-0.20195791823034093,-0.2019880411005773,0.548137792062491,0.13309004364066304,0.049426436484970436,0.4286078818545872,-0.2519003904595449,True,False,True,False,False,False,False,False,False,False,False,False,False,True,False,False
,-0.2741301907242789,-1.5295774418766945,-2.747807609923513,-0.13997976475214674,-0.25738102630184984,1.691267778824674,-0.2726019088826819,-1.954152694132426,1.9074721031456525,-0.8049885942359799,-0.27336504326424155,-0.28006190749750665,0.03723022348487331,1.406523334941091,1.3416407864998738,-1.4367433221672437,-0.2698371403335795,-0.26644777931466496,-0.18956094795239453,1.175573494195681,1.2382232597520697,0.9440280757051995,1.0355149640618153,1.118535346694166,1.101982706245152,-0.30127374996105827,-0.36384923947409203,-0.14678757572039824,-0.8836988896843365,0.26218232981741807,-0.5381419822881396,0.23040780653682147,-0.044754581050616415,-0.017148642382772285,-0.20195791823034093,-0.20202275331026898,-0.18698768486855818,-0.26622251946795633,-0.27649969942161295,-0.06747265536455345,-0.012148860733831467,True,True,True,True,True,False,True,False,False,False,True,False,True,False,False,True
1.091938697125212,-0.25620262629222856,0.005239476440721481,0.2928371644117611,1.1304059138634501,-0.21879775266545987,0.6799474399653332,-0.23753830556461225,0.7471571672675675,-0.8020553343280151,-0.9644839990887035,1.4737430080077303,-0.25345031826731157,-0.9596196084806703,-0.961308309900758,1.3416407864998738,-0.2557457091074221,-0.2423099353697618,-0.23501638110893416,-0.16739532476294133,-0.8939939204533951,-0.7135053683012309,-0.26789805820427076,-0.9573040295401388,-1.006929602139108,-0.9333379179519038,-0.5109951289009877,-0.40982565802636034,-0.4268077965624307,1.3510379756642796,0.9670425797755384,0.335854393081374,0.23040780653682147,-0.044754581050616415,-0.017148642382772285,-0.20195791823034093,-0.20202275331026898,-0.13588716743828547,-0.236667607315106,-0.25128991779828636,0.3033274779210348,-0.4364481208907213,True,True,True,False,False,False,False,True,False,False,True,False,False,True,True,False
,-0.27054467783786884,0.9853758606398277,-1.8356141776229309,0.25701575981522723,-0.25518045936441314,0.9581440153248446,-0.26919767555083046,1.1473512208083072,0.05327125553841155,-0.661156571918368,-0.7531141321482198,-0.27820175017234977,0.661490843085244,1.406523334941091,1.3416407864998738,-0.09313209066750741,-0.26606629033853596,-0.26275617214285096,-0.1863944303539012,-2.4461694814402093,-2.860406859159872,-3.297713392977932,-2.4519182747416113,-2.601028313764071,-2.185842917457782,0.7199781822681653,0.5294068923985763,0.7176226712267461,-1.7432130686645733,-0.26646285765117295,-0.23392021912340144,0.23040780653682147,-0.044754581050616415,-0.017148642382772285,-0.20195791823034093,-0.20202275331026898,-0.17998761398769889,-0.26247461394132676,-0.27473752882944746,1.1008045690299748,-0.012148860733831467,True,True,True,True,True,True,False,False,False,False,True,False,True,False,False,True
-1.012747732999006,-0.23110403608735813,-0.1666174422721835,-0.011227313021766296,-0.24584523797011276,-0.15036012091117887,0.44234110644809627,-0.19430454225009922,-0.21997846212255318,1.6511622315039767,-0.41566317256998325,0.7014537955144703,-0.2065748362044412,0.5914325563232429,-0.1476173024889409,1.3416407864998738,0.16090866374235113,-0.17795409545435248,-0.17120431428186325,-0.13889666637650153,0.3354420826933974,0.23154217791404944,0.48099196996201193,0.5120600724675403,0.40797542715243407,0.47389905883211353,0.7655697863855414,0.7658570449531075,0.7906714244898855,0.9212808861741613,0.35028986106218324,-0.5160454599311677,0.23040780653682147,-0.044754581050616415,-0.017148642382772285,-0.20195791823034093,-0.20202275331026898,-0.016419291071620525,-0.17445237557305507,-0.2068836759887114,0.5976714845679078,-0.94301183705333,True,True,True,False,False,False,False,True,False,False,True,True,False,False,True,False
0.25624631318802754,0.027052891734166477,1.0880192539857712,1.407740248334695,-0.7884057882121908,-0.01641894665253243,-0.702719946365755,-0.0017951473339014152,-0.48677449781637994,1.2331765472700593,0.4305360079446792,-0.6717574074320701,0.006288925772136394,0.3142531579726765,-1.2451183205218705,1.3416407864998738,0.45961673075719256,0.03220794426940611,0.023712544389916997,-0.13826336285680285,0.47000939774036266,0.5486371676391213,0.41817018331943545,0.44876149061355003,0.47625775067576426,0.4760272902207474,-1.1036859824268757,-0.9549746208604154,-1.1816449136148668,-0.06716041965311119,0.08596726732788773,-0.47224699597359837,0.23040780653682147,-0.044754581050616415,-0.9302391327424698,-0.20195791823034093,-0.20199004600707024,0.37329943442333907,0.014067272416412454,-0.005232849781743503,0.05438718953153684,-0.11603503581513333,True,False,True,False,False,False,False,False,False,False,True,False,False,True,False,False
-0.46712639511856063,3.7129601389637124,1.6680974525675794,1.7118047257682223,-1.1457017603228272,1.63796727691237,-1.2777804504313581,2.41742326994631,-0.7869200379719349,1.427413102493504,2.2204539861998196,-0.780143782740348,2.8670781958155813,0.0517815782558212,-1.565020855471563,1.3416407864998738,1.66347714795179,2.5712469409320398,2.5082696455113753,3.0934844981654726,-1.6004986813858244,-1.0554897969666832,-0.7882060683677411,-1.3160170044461896,-1.6072953026442258,-1.4229537070788127,-2.58085395582986,-2.8203036021239294,-2.593920810035555,-1.270480270225443,-1.6761833575674148,-0.4939489375741958,0.23040780653682147,-0.044754581050616415,-2.3398050434174227,-0.20195791823034093,-0.20193955473582623,5.077151233027128,2.6300517884963313,2.704859814895329,-0.06595928426500482,0.5958929085359351,True,False,True,False,False,True,False,False,False,False,False,False,False,True,False,False
0.20706505933178454,-0.26695916495145877,-1.0270262002732267,0.1914823386005853,0.6407781002303558,-0.2347885390774998,-0.701659386852905,-0.22579370056972486,1.414147256502134,-0.1818313262737314,-0.6373602792207945,1.0155521460874035,-0.24844888359150064,0.717697630563232,0.6910154472845433,1.3416407864998738,-0.7177340459468647,-0.2523655353565445,-0.2521032485899019,-0.1832279127554079,-1.8350003543016522,-1.6308178234862878,-1.2828861953534423,-0.947962690507634,-1.4851592156265983,-1.1994952303469004,1.5132720939105098,1.5737283995144165,1.5698581259633686,0.5344995056330547,0.7908275172860081,-0.14198290288814336,0.23040780653682147,-0.044754581050616415,-0.017148642382772285,-0.20195791823034093,-0.20202275331026898,-0.15455402312057684,-0.25096318982382165,-0.24655194161468202,-0.9237178502330015,1.3171444887448485,True,True,True,False,False,False,False,True,False,False,True,False,False,False,True,False
0.2840997388713046,-0.25978813917863863,-0.836745101543849,-0.3152917904552937,0.11145073414052373,-0.2257662146340094,-0.8045159906449966,-0.20179385558017235,1.5808947788107754,-0.2617123522392637,-0.6082926558623661,0.3229376218782457,-0.23336978724619517,-1.0641672298631994,0.719120841147194,1.3416407864998738,-0.47548988981612017,-0.2445724453667879,-0.23575470254329697,-0.1832279127554079,-0.5374130483348092,-0.7003180127062828,-0.9284523924522221,-0.3940184806729184,-0.6407177359550017,-0.34939977629037994,2.087726305789448,2.2896469169711886,2.2151221131210965,0.8783051772251493,0.8789350485307733,-0.10370856951981702,0.23040780653682147,-0.044754581050616415,-0.017148642382772285,-0.20195791823034093,-0.20202275331026898,-0.14008720996680102,-0.23934468269126996,-0.2322671605497871,-0.7531353391931852,0.890684422737393,True,True,True,False,False,False,False,True,False,False,True,False,False,False,True,False
-0.09541247236931875,-0.22751852320094806,-0.3765972228143265,0.39419199022293694,-0.3384775270358337,-0.17075204119809217,-0.5683206407618945,-0.15532607060040046,0.6137591494206548,-1.3140219729461204,-0.2559418535460801,0.2332406849810412,-0.18102240270154038,0.5093089824563398,0.7558618563912607,1.3416407864998738,0.7088053838231095,-0.1854957954444395,-0.19483060018147297,-0.16422880716444802,-0.12055129258607607,-0.16989506330970253,-0.39181688580237206,-0.16262160877862658,-0.2658421302043989,-0.12170699419233925,0.7017415406212143,0.5294068923985763,0.7297974634372696,-0.3679903822961944,-0.0021402639168774332,1.9232527759759803,0.23040780653682147,-0.044754581050616415,2.083321874222827,-0.20195791823034093,-0.20209799308855164,-0.030145596451847913,-0.19179982401059767,-0.18267725738738305,-0.4091467867473218,-0.5982326941062116,True,False,True,False,False,False,True,False,False,False,True,False,False,False,False,False
0.19535218414245775,-0.26695916495145877,0.5348637839300437,-2.0383238292452823,-0.20614568551337573,-0.244617738064717,1.2507285557906438,-0.2678359822180899,-1.6873566584385993,1.5011347970166036,-0.42869088977466746,-0.12788916671585276,-0.27393135008735925,0.27702624858039804,1.406523334941091,1.3416407864998738,-2.2621861903013825,-0.26455795034051854,-0.2577988710835578,-0.1768948775584213,1.175573494195681,1.2382232597520697,0.9440280757051995,1.0355149640618153,1.118535346694166,1.101982706245152,0.32789038685873145,0.34550121818949775,0.25498056722686596,-0.11013612860212307,0.702719986041243,-0.5018405527016857,0.23040780653682147,-0.044754581050616415,-0.017148642382772285,-0.20195791823034093,-0.20202275331026898,-0.17718758563535517,-0.2585125423846041,-0.27069207883186924,0.47670841648717777,-0.42535412873957595,True,True,True,False,False,False,False,False,False,False,True,False,True,False,False,True
-0.7806484132848566,-0.24544608763299838,-0.41081729686595103,-0.1125821388329421,1.143639098015696,-0.18292851158524184,0.11029175738510132,-0.2016236439135798,0.2802641048033716,0.943676255761137,-0.496615750575969,0.8838884290222347,-0.22214611425445743,0.5304774210613167,-0.7502616876167602,1.3416407864998738,-0.8391621954841496,-0.19454583543254395,-0.1982057838814172,-0.1768948775584213,0.3577605642133842,0.004227094918368445,0.38530406504532544,-0.08008867953390317,0.2786338749777911,-0.0735033366378873,-1.176632549014678,-0.6331396909945284,-1.1694701214043448,1.1791351398682322,0.8789350485307733,-0.4335780818488975,0.23040780653682147,-0.044754581050616415,-0.017148642382772285,-0.20195791823034093,-0.20202275331026898,-0.04721960294740131,-0.19843897094348434,-0.2216347123075645,0.43611561440694036,2.799608478228227,True,True,True,False,False,False,False,True,False,False,True,True,False,False,True,False
-1.1977915970507123,-0.21317647165530781,-0.23285937395565362,-0.720711093699997,0.7069440209915847,-0.11515104991219186,0.033284660461630915,-0.14766654560373477,0.04681757357127302,0.2822837469766577,-0.33892765909268135,0.5767512659520964,-0.1670531278472494,-0.1501743780299281,-1.41746865665242,1.3416407864998738,-0.8839817873863577,-0.11611215553563883,-0.11762327304524833,-0.11926425726584297,-0.8466109146527213,-0.6688202963147853,0.15457545376417145,-0.6953233937490392,-0.6890517202050348,-0.8697413753255875,-1.176632549014678,-0.6331396909945284,-1.1694701214043448,1.2650865577662558,0.9670425797755384,-0.30257727073256413,0.23040780653682147,-0.044754581050616415,-3.1901016050878557,-0.20195791823034093,-0.2019090967387875,0.09763855547015683,-0.11925108131655379,-0.16944383620886438,0.7084964151555547,1.8688230959788497,True,False,True,False,False,False,False,True,False,False,True,False,False,True,False,False
-0.7383265583565504,-0.2526171134058185,-1.1395679250582154,0.2928371644117611,-0.44434300025379975,-0.12967479169927398,-0.23829151178496696,-0.1328581306101811,-0.053230939813911575,-0.6258628453820606,0.368710829765224,-0.5852082114754419,-0.1339732094487721,0.5500153453536145,0.6212867409714247,1.3416407864998738,-0.06709768561004889,-0.17493741545831767,-0.16044591623829096,-0.15346264732957077,-0.2648924620231372,-0.5549274172719041,-0.6586753769506448,-0.3515323468259095,-0.2868679681948855,-0.3691324520878373,0.7838064280324923,0.35206927798268023,0.8880697621740719,-0.4969175091432296,0.08596726732788773,0.14329898397061885,0.23040780653682147,-0.044754581050616415,0.2857481812896953,-0.20195791823034093,-0.20203360320779218,-0.01077497547648977,-0.16893760029815727,-0.13810645489994053,-0.5858416010066733,0.665235475093314,True,False,True,False,False,False,True,False,False,False,True,False,False,False,False,False
-0.2869594014590102,-0.030315314448394547,1.236499087227363,1.5090950741458709,-0.07381384399091774,-0.04179881866430224,-0.355368651914226,-0.03362472898671219,0.11351658249473001,1.2023426664759402,0.158836564739473,0.3565823043878474,-0.0623438828254483,0.5934753935881183,-0.8998074157833607,1.3416407864998738,-0.38698226537613256,-0.008265845677394287,-0.008773598722046376,0.1726886653152405,0.5389262984785201,0.5177465751720335,0.384802967277916,0.5976309699519669,0.5113958074982886,0.6272383785176434,-1.2222241531320541,-1.0337913383785924,-1.2425188746674827,0.44854808773503096,0.1740747985726529,-0.46830118840985335,0.23040780653682147,-0.044754581050616415,-0.7134886753007522,-0.20195791823034093,-0.2019978101038436,0.2983071566566073,0.006625002870676586,-0.070250316494234,0.6171351757681404,-0.43368557832060095,True,False,True,False,False,False,False,False,False,False,True,False,False,True,False,False
0.35815597539081495,-0.19883442010966756,-0.44130025341453855,0.900966119278816,0.30994849642421074,-0.1847623173664391,-1.1641414894506759,-0.08843288562952006,0.04681757357127302,-0.15231432730563169,-0.9052191815159493,-0.2999076687257351,-0.09367703870328542,-2.504862715629232,-0.303957874144016,1.3416407864998738,0.8078883975120026,-0.1638762554728567,-0.15348459985715596,-0.12623059598252825,-0.19840941788996141,-0.5173088716000743,-0.4575263606254145,-0.3728715362241812,-0.3380769958629079,-0.30626428292830843,1.5132720939105098,1.5737283995144165,1.5698581259633686,0.10474241614293588,0.1740747985726529,-0.1550040678485018,0.23040780653682147,-0.044754581050616415,-0.017148642382772285,-0.20195791823034093,-0.20202275331026898,0.009714306883587476,-0.15838992331607119,-0.0999329487646005,-0.766222322859965,-1.2233191186354242,True,True,True,False,False,False,False,False,False,False,True,True,False,False,False,False
-0.38132355890894365,-0.24903160051940845,-1.0739250989726503,0.900966119278816,-0.6296075783852412,-0.08573680518178811,0.7401551283579776,-0.15566649393358561,-0.6535220201250215,-1.5572684497590215,0.7834892480507771,0.5607020437754244,-0.1375777166391539,0.351278455879339,0.20079380816400766,1.3416407864998738,-0.03999304541950419,-0.13949142550490862,-0.13555393645120214,-0.10849809743096571,0.1982106117518848,-0.0354164734612194,-0.06189893147082358,0.23699053087785732,0.1451915850789239,0.26850354696532125,-0.7754264327817688,-0.7645008868581561,-0.767701978457079,0.6634266324800899,0.1740747985726529,7.038992282371349,0.23040780653682147,-0.044754581050616415,0.143525585013346,-0.20195791823034093,-0.20202850873180403,0.05501350396962522,-0.13740165236694557,-0.141521088965693,-0.09903889154140948,1.1693919494069258,True,False,True,False,False,False,False,True,False,False,True,False,False,False,False,False
0.9970025980671121,-0.26695916495145877,-0.9112862538444904,-1.227485222755876,-0.3252443428835877,-0.2143966187905865,0.753616555097315,-0.24877227555972195,-0.7869200379719349,0.6374977170973032,0.2581634953347244,-0.34428997633106506,-0.2548014052998509,0.07061683331749512,-0.8602465786574144,1.3416407864998738,-0.08249659982791459,-0.2415557653707531,-0.23586017703392023,-0.16422880716444802,-0.3999870093295358,-0.706889339053598,-0.7334967989152483,-0.7574591869614145,-0.20537714262147644,-0.32831431649567144,-0.30127374996105827,-0.36384923947409203,-0.14678757572039824,-0.11013612860212307,0.702719986041243,-0.38228258352021277,0.23040780653682147,-0.044754581050616415,-0.017148642382772285,-0.20195791823034093,-0.20202275331026898,-0.1344871532621136,-0.23650698279253615,-0.252569834181701,0.42932417932557815,-1.1726252888338902,True,True,True,False,False,False,False,False,False,False,True,True,False,False,True,False
0.021448300545361728,-0.1952489072232575,0.7704469143781622,1.407740248334695,-0.35171071118807923,-0.17999442233532628,-0.01324306163670317,-0.19804919891513578,-0.7535705335102068,0.3428436514683271,0.8711439464684213,-0.03579685117484072,-0.1952160545094495,0.6860468718609487,-0.05539266303404162,1.3416407864998738,0.0178851647916061,-0.1950486154318831,-0.18871307972532403,-0.1477629156522828,-0.06111922919218181,-0.2390607668476253,-0.18250488887731142,-0.2214731680814235,-0.22212039000216136,-0.3325428368881086,0.23670717862397928,0.2863886800508664,0.31585452827948185,0.23366954298997153,-0.17835532640640778,-0.31796592023116954,0.23040780653682147,-0.044754581050616415,1.5020854197687605,-0.20195791823034093,-0.2020771729429618,-0.04797691057032859,-0.19137149195041145,-0.19612323610814733,-0.14317543764756505,0.030425205501799047,True,False,True,False,False,False,False,False,False,False,True,True,False,False,True,False
-0.01559659342249404,0.01988186596134635,-0.4252227573099597,0.2928371644117611,0.8657422308185342,0.6322348342725554,-0.09596725044880651,0.48313789078833336,0.4136621226502844,0.10935105465201925,-0.3138511860917574,1.6124927175264632,0.3646502852207125,0.48360418234349556,-1.6550406665758366,1.3416407864998738,-0.6256751181456601,0.6234772234922293,0.6352536410235652,0.27021740734883454,0.883382851972972,0.7387089956276863,0.7984067403408937,0.831981587201783,0.9014543875992529,0.689996709748785,-1.4593004945424088,-1.0337913383785924,-1.5468886799305621,1.1791351398682322,0.9670425797755384,-0.2524655146730029,0.23040780653682147,-0.044754581050616415,-1.3366705105199126,-0.20195791823034093,-0.20197548745625538,1.4695481188534822,0.6108944567784104,0.334251257529153,0.8420137600106052,2.7985230732065003,True,False,True,False,False,False,False,True,False,False,True,False,False,True,False,False
0.8041537200548344,-0.21317647165530781,-0.004436340746917082,0.39419199022293694,0.032051629227048746,-0.13554297019910516,0.3883279158839676,-0.1720068139264724,-0.18662895766082496,0.4958148725875342,0.112147636029044,0.4633737777436683,-0.18115027343854856,0.4841704292575908,-0.16838984983083755,1.3416407864998738,-0.21313611356930812,-0.15960262547847404,-0.06994880328353585,-0.14142988045529617,0.2765592803853498,0.32257185020791634,0.1543421639822778,0.2564075383716912,0.2875689970173294,0.2450494319821504,-0.7754264327817688,-0.7645008868581561,-0.767701978457079,0.8783051772251493,0.702719986041243,-0.3534781883048744,0.23040780653682147,-0.044754581050616415,0.8683970500413076,-0.20195791823034093,-0.20205447394668374,0.017797687908528505,-0.11544963428240095,-0.18279839233081338,1.1616399317015411,-0.3277364375286825,True,False,True,False,False,False,False,True,False,False,True,True,False,False,False,False
-0.8608753343041395,-0.27054467783786884,-0.7734642922849807,-0.3152917904552937,-0.06058065983867175,-0.24080342203982677,1.5891381928498414,-0.25966582222164647,0.3803126181885568,0.9537175122226292,-0.43305856375080437,-0.4414774478695619,-0.2699215167872156,0.2297632038013761,1.406523334941091,1.3416407864998738,-0.008527262513936564,-0.2641808653410142,-0.20558899822504526,-0.1832279127554079,0.8027470114096321,-0.027530159323678336,0.9440280757051995,0.6765144835967553,0.7356390875293463,0.42507743077690097,0.38260031179958304,0.41118181612131166,0.27933015164791297,0.10474241614293588,0.26218232981741807,-0.43515640487439555,0.23040780653682147,-0.044754581050616415,-0.017148642382772285,-0.20195791823034093,-0.20202275331026898,-0.17648757854726924,-0.23238428671324363,-0.2668934698510924,4.197710125341442,-0.8526799028674791,True,True,True,False,False,False,False,False,False,False,True,False,True,False,False,True
-0.2277470689380833,0.12027622678082814,1.5586765369052609,0.900966119278816,-0.41787663194930824,-0.010550768152701263,-0.7587331866809917,0.10509777928623318,0.6137591494206548,1.974448520191457,-0.1419305018241616,-0.291412140912301,0.03200300718785889,-0.37705989719684757,-1.401463598041116,1.3416407864998738,0.4732340141267684,0.028688484274032162,0.0566205854643734,-0.09203220591880049,0.32993637513459684,0.41521614448022537,0.4092121066717736,0.41666423589522694,0.4237536089167774,0.31895819146066345,0.8841079570907187,1.2978698882007993,0.6567487101741318,0.620450923531078,-0.4426779201407033,-0.543271532121008,0.23040780653682147,-0.044754581050616415,2.0351613765228165,-0.20195791823034093,-0.20209626795832952,0.3681167184507768,0.033181590602223275,0.019126701672600513,0.014537459603784837,0.14784636691585712,True,False,True,False,False,False,False,True,False,False,True,False,False,True,False,False
1.059568914679988,-0.25978813917863863,-0.33781990730448064,1.2050305967123434,-0.19291250136112975,-0.23236791544631946,-0.20079952290834546,-0.23413407223276084,1.1473512208083072,-0.2566405741214228,-0.520788566892175,-0.14769442372045147,-0.2510931539266134,0.49525123961280165,-1.0486472364120558,1.3416407864998738,-0.8205954574154358,-0.2355224053786835,-0.23406711069332484,-0.16739532476294133,0.6784715171476196,0.11310910946251837,0.5558948694204701,0.5568476567750723,0.6080070011410768,0.04901894440565183,0.8567529946202935,0.5097027130190326,0.8393705933319778,1.007232304072185,0.4383973923069484,-0.10607605405806401,0.23040780653682147,-0.044754581050616415,-0.017148642382772285,-0.20195791823034093,-0.20202275331026898,-0.12328703985273876,-0.2332944923411394,-0.249056920822222,0.35605063641735235,-1.7365211617601501,True,True,True,False,False,False,False,True,False,False,True,False,False,True,True,False
-0.09101485843582764,-0.24544608763299838,-0.11575554605653035,1.0023209450899917,2.241993382652097,-0.22070491067790501,-0.8495658117602628,-0.20451724224565349,1.3474482475786775,0.23402168098833834,-1.3513996695954522,1.8626179577884723,-0.2327931626019507,-1.7064095465107783,-0.6499421431844841,1.3416407864998738,-1.3384031135460315,-0.2081208954147006,-0.11909991591397394,1.2265057220938151,0.40440388721617515,1.1291342451802713,0.8311300138010882,0.3857650450452073,0.22753720749694725,0.48942203871114537,-1.8878615732457447,-1.4278749259694758,-1.9364820306673045,1.3510379756642796,0.8789350485307733,-0.2895561057722057,0.23040780653682147,-0.044754581050616415,-0.017148642382772285,-0.20195791823034093,-0.20202275331026898,-0.07241985811849468,-0.045417342441951204,-0.2317209105218655,7.41558983463971,-0.012148860733831467,True,True,True,True,True,False,False,True,False,False,True,True,False,False,True,False
-0.6215109771763807,1.2317852215679481,1.0125865487853758,1.8131595515793981,-2.005858730218804,0.7037532597392477,-1.5513673486159258,0.7655190456654086,-1.4205606227447731,0.4373663000766599,3.134201503897151,-2.4526468751040746,1.2695914910276753,0.419696888171228,-1.3598770992210494,1.3416407864998738,2.1197849719470003,1.2856384826218705,1.0742384709975636,0.48047417588879054,-0.3687842481813622,-0.5709281669181624,-0.5255675408094082,-0.4167177945118908,-0.3962851660659223,-0.38761157990127787,-2.3073043311256036,-2.748054944398935,-2.326075381404045,-2.0440430313076563,-2.6453662012598307,-0.34045702334451594,0.23040780653682147,-0.044754581050616415,-2.2779198704403765,-0.20195791823034093,-0.20194177148995673,2.695237126670342,1.133566653220666,1.1915232521854497,-0.10107283889662635,-0.38811077674093325,True,False,True,False,False,True,False,False,False,True,False,False,False,True,False,False
-0.5039681006872552,-0.1952489072232575,0.051918852676992616,0.2928371644117611,-1.1986344969318103,-0.1373767759803024,-0.2813399699177936,-0.18204930225543411,-1.3872111182830442,-0.31672333997164276,1.7893344428656162,-1.4213158235476928,-0.1581431913987353,0.1708153565633135,0.9621081678999711,1.3416407864998738,1.0925326765641823,-0.16563598547054367,-0.16297730401324914,-0.16042898604625605,0.5428230575205263,0.37894306843275877,0.30176772021407733,0.4668486455880432,0.5120174785994764,0.4892764336083356,-0.5930600163122645,-0.7316605878922492,-0.47550696540452303,-1.0126260165313719,-0.8832155763645282,-0.07490417430447865,0.23040780653682147,-0.044754581050616415,-0.017148642382772285,-0.20195791823034093,-0.20202275331026898,0.006447607139186469,-0.16684948150474938,-0.1610032447732393,-0.28051280622288133,0.08991315800102763,True,True,True,False,False,False,True,False,False,False,False,False,True,False,False,False
1.269352388590655,-0.26695916495145877,-0.581248628475726,-1.3288400485670517,-0.11351339644765476,-0.2284068949589334,0.9878827216729774,-0.2577934938891282,-0.9536675602805765,-0.28369118540390637,0.5605872658203419,-0.001217720528321176,-0.2639188301140764,-0.3889485716463277,-1.1668972704423408,1.3416407864998738,0.13181178587726142,-0.248594685361501,-0.2389189372619947,-0.1445963980537895,-0.3379907344282713,-1.5451748060761898,0.5008610565890503,0.6711562674704116,-0.047298039419612595,0.07147019732333428,-0.30127374996105827,-0.36384923947409203,-0.14678757572039824,-0.11013612860212307,0.9670425797755384,-0.09226572758495658,0.23040780653682147,-0.044754581050616415,-0.017148642382772285,-0.20195791823034093,-0.20202275331026898,-0.14755395223971757,-0.23939822419879325,-0.261206984204779,1.3175385069769876,-2.101773957935771,True,True,True,False,False,False,False,False,False,False,True,False,False,True,False,True
-1.4621484938686333,-0.1737358299047971,-0.05649495226425332,1.0023209450899917,-1.1589349444750732,-0.09072475690664461,-0.3161268960112162,-0.11634759895070171,-0.45342499335465175,0.8892335133393332,1.704541323949579,-0.838363741799474,-0.10878749956898912,0.1883819602991234,0.5297844728838463,1.3416407864998738,0.5784708439781302,-0.1163635455353084,-0.09631742593935028,-0.1578957719674614,-0.9679070424051504,-0.7692690433884732,-0.7007288203147858,-0.7437877087970729,-0.8171559459932848,-0.6761270698390883,0.8567529946202935,0.5097027130190326,0.8393705933319778,-0.4109660912452063,-0.6188929826302326,-0.4252918859650331,0.23040780653682147,-0.044754581050616415,-0.9283356575276986,-0.20195791823034093,-0.2019901141903901,0.09770169280932758,-0.11180881177081793,-0.11424744217411038,-0.10432209941470841,1.6454616659545573,True,False,True,False,False,False,True,False,False,False,True,False,False,False,False,False
-1.305261030081955,-0.21317647165530781,-0.15618956431214345,0.39419199022293694,-0.12674658059990077,-0.1692849965731344,-0.04419574263399484,-0.15413458893425247,0.2135650958799146,0.014367926907448848,-0.11655280992833161,-0.040388958023773555,-0.17112810284360475,0.3199444243415968,0.5955360710510842,1.3416407864998738,0.4464807377451058,-0.19530000543155265,-0.17943132455047733,-0.14966282621137877,-0.5919002019752115,-0.5744606490477632,-0.5438158817196022,-0.40048695779842175,-0.46977506169323263,-0.35211010772368223,0.7838064280324923,0.35206927798268023,0.8880697621740719,-0.19608754650014684,-0.09024779516164261,-0.2205044734066685,0.23040780653682147,-0.044754581050616415,-0.017148642382772285,-0.20195791823034093,-0.20202275331026898,-0.04861961712357315,-0.18692754682597923,-0.17330415544384162,-0.4575751811267362,2.452888200800134,True,True,True,False,False,False,False,False,False,False,True,False,False,False,False,False
-1.5795989104344652,-0.26695916495145877,-0.6700658463783817,-1.8356141776229309,-0.45757618440604575,-0.20126656939721427,3.287753950137234,-0.2542190488906842,-0.5201240022781082,0.365248863844478,0.8873344620696184,0.2139327088490261,-0.2634556002743486,-0.033300782628389994,-0.5634609450038949,1.3416407864998738,0.4936698631966212,-0.25060580535885757,-0.23659849846828301,-0.15662916492806406,-1.0679841013309765,-0.7929562682042899,-0.36978565353293674,-1.1248419095332276,-0.9552036852427296,-0.9347234323318865,-0.5109951289009877,-0.40982565802636034,-0.4268077965624307,-0.7977474717863128,0.4383973923069484,-0.32349005082041254,0.23040780653682147,-0.044754581050616415,-0.017148642382772285,-0.20195791823034093,-0.20202275331026898,-0.15128732337617587,-0.2400942637965959,-0.2607681557304654,1.1561379123539246,-1.4751815148140832,True,True,True,False,False,False,True,False,False,False,True,True,False,False,False,True
-2.2908094529913483,-0.21676198454171788,1.8124557235154686,0.1914823386005853,-0.17967931720888375,-0.21571695895304852,-0.03252203397475418,-0.2314106855672797,-0.35337647996946653,0.3392852852770481,-0.09923272347123699,-0.3343438696076169,-0.23843636361821782,0.2621154756247214,-0.6815959772153494,1.3416407864998738,0.2740226872695775,-0.22069039539817897,-0.22162112079978044,-0.16422880716444802,-0.1646309549383035,-0.40483991567077854,0.028409873214126954,-0.039904977419417474,-0.14316686412206184,0.0881157738257452,0.8567529946202935,0.5097027130190326,0.8393705933319778,-0.5398932180922414,-0.3545703888959381,-0.31717675871842055,0.23040780653682147,-0.044754581050616415,-0.017148642382772285,-0.20195791823034093,-0.20202275331026898,-0.09575342772135895,-0.22039098902802898,-0.2370668469875918,0.2927770696839858,2.0668239289501984,True,True,True,False,False,False,True,False,False,False,True,True,False,False,True,False
0.0015762364572924335,-0.27054467783786884,-1.2656953603055598,-0.011227313021766296,2.930118958568879,-0.21072900722819202,0.12266181446541478,-0.22221925557128086,2.1478363546601567,-0.7520882721032015,-1.3222567415132973,2.0021382696789787,-0.24825345850286548,0.33733968021511834,-0.9970146541272912,1.3416407864998738,-1.7152591313248269,-0.23376267538099652,-0.22056637589354786,-0.17056184236143465,0.3098885878241722,0.5384571418890549,0.7991881231160194,0.5591826192496396,0.6104973833145042,0.765181056987778,-0.4836401664305626,0.30609285943041015,-0.7190028096149866,1.3510379756642796,1.0551501110203036,0.27390521433057774,0.23040780653682147,-0.044754581050616415,-0.017148642382772285,-0.20195791823034093,-0.20202275331026898,-0.12002034010833777,-0.22595930581045007,-0.24636681085208095,0.6113825851127158,-0.012148860733831467,True,True,True,True,True,False,False,True,False,False,True,False,False,True,True,False
0.18614600623178998,-0.27054467783786884,-1.2137212668064052,-0.9234207453223485,2.1625942777386222,-0.23119427974635323,-0.6451307112045651,-0.22766602890224313,2.614729417124354,1.31540890621334,-1.5050966107212356,1.7690141577499257,-0.25880641328916404,-0.08286278059782506,-0.5413021935113803,1.3416407864998738,-2.07599394634864,-0.2415557653707531,-0.2363875494870365,-0.18956094795239453,0.7731576080139113,1.2382232597520697,0.9440280757051995,0.8417686730171784,0.9118929211131509,0.9193257271505426,-1.176632549014678,-0.6331396909945284,-1.1694701214043448,1.3940136846132916,1.0551501110203036,-0.48171693412658634,0.23040780653682147,-0.044754581050616415,-0.017148642382772285,-0.20195791823034093,-0.20202275331026898,-0.1344871532621136,-0.23891635063108374,-0.2563638720325371,0.6303280625638796,-0.012148860733831467,True,True,True,True,True,False,False,True,False,False,True,True,False,False,True,False
