county_name,% Low Birthweight,# Primary Care Physicians,Primary Care Physicians Rate,% Vaccinated Flu,% Children in Poverty,Infant Mortality Rate,# Uninsured Children,% Uninsured Children,# Food Insecure,% Food Insecure,Segregation index_b,Other Primary Care Provider Rate,Other Primary Care Provider Ratio (str),Median Household Income,% Enrolled in Free or Reduced Lunch,Population,% Female,% Rural,year,% Broadband Access,% Less Than 18 Years of Age,mmr_dose_variance,mmr_doses_0_24_months,mmr_doses_2_8_years,mmr_doses_9_17_years,live_births,Estimated hesitant,Estimated hesitant or unsure,Estimated strongly hesitant,Social Vulnerability Index (SVI),SVI Category,CVAC level of concern for vaccination rollout,CVAC Level Of Concern,other_pc_provider_ratio_numerator,other_pc_provider_ratio_denominator,pop_tertiles,rural_pop_quartiles,%_pop_youth_imputed,%_pop_youth_imputed_yes_no,imr_imputed,imr_imputed_yes_no,live_births_imputed,live_births_imputed_yes_no,pop_0_24mos,mmr_coverage_0_24_months,mmr_doses_<18yrs,mmr_coverage_<18yrs,#_pop_youth_imputed,mmr_dose_rate_0_24_months,mmr_dose_rate_<18yrs
Anderson,7.3070408904,20.0,34.637429999999995,43.0,22.6,,1385,11.824468539,10520,18.2,35.304894231,53.3958,1873:1,45969,59.215550156,58057,38.773963519,67.063532793,2020,,,0.0,358.0,404.0,12.5,543.0,0.1398,0.2105,0.0948,0.79,High Vulnerability,0.95,Very High Concern,1873.0,1.0,large,rural,23.690508852090353,1.0,6.019602497975,1.0,543.0,0.0,539.7313558435995,0.6632929440248035,774.5,0.0005631089660012872,1375399.8724258097,66.32929440248036,0.05631089660012872
Andrews,6.292749658,9.0,50.78434,24.0,14.0,,795,13.915631017,1480,8.4,25.861752745,66.19594,1511:1,84946,39.719626168,18128,48.84157105,16.502096578,2020,,,0.0,294.0,329.0,21.0,287.0,0.1166,0.1765,0.0789,0.47,Moderate Vulnerability,0.88,Very High Concern,1511.0,1.0,medium,very urban,23.690508852090353,1.0,6.019602497975,1.0,287.0,0.0,285.27237408308116,1.0305940101805198,644.0,0.0014995521910901757,429461.5444706939,103.05940101805197,0.14995521910901757
Angelina,9.0500485909,52.0,59.22214,48.0,26.7,5.9509640562,2795,11.982851018,16570,18.9,40.085463665,78.07835,1281:1,46653,66.865877485,87092,51.21480733,43.082366228,2020,,,0.0,774.0,906.0,25.0,1167.0,0.125,0.1935,0.0836,0.98,Very High Vulnerability,0.89,Very High Concern,1281.0,1.0,large,urban,23.690508852090353,1.0,5.9509640562,0.0,1167.0,0.0,1160.0552249464147,0.6672096149868664,1705.0,0.0008263646491398724,2063253.7969462532,66.72096149868663,0.08263646491398724
Aransas,9.2635212888,9.0,35.19474,42.0,34.7,,644,12.978637646,4100,16.5,59.778522614,46.23403,2163:1,46912,96.309383589,23792,50.609448554,27.260557907,2020,,,0.0,153.0,192.0,0.0,171.0,0.1183,0.18,0.0772,0.8,Very High Vulnerability,0.85,Very High Concern,2163.0,1.0,medium,urban,23.690508852090353,1.0,6.019602497975,1.0,171.0,0.0,169.97064797284628,0.9001554199195767,345.0,0.0006120878443553065,563644.5866089336,90.01554199195768,0.06120878443553065
Archer,7.9777365492,,,46.0,14.3,,298,14.5153434,1230,14.0,,,,61190,29.387113672,8786,50.762576827,88.988292467,2020,,,0.0,94.0,77.0,5.0,69.0,0.1293,0.1898,0.087,0.09,Very Low Vulnerability,0.8,Very High Concern,,,small,very rural,23.690508852090353,1.0,6.019602497975,1.0,69.0,0.0,68.58464742763972,1.3705691218894835,176.0,0.0008455651589157503,208144.81077446585,137.05691218894836,0.08455651589157503
Armstrong,8.6092715232,0.0,0.0,26.0,15.3,,66,14.798206278,250,13.1,,52.85412,1892:1,57210,42.741935484,1892,51.479915433,100.0,2020,,,0.0,25.0,20.0,0.0,22.0,0.1241,0.1883,0.0824,0.16,Very Low Vulnerability,0.56,Moderate Concern,1892.0,1.0,small,very rural,23.690508852090353,1.0,6.019602497975,1.0,22.0,0.0,21.86756874504455,1.143245519951334,45.0,0.001003961347060951,44822.44274815495,114.3245519951334,0.1003961347060951
Atascosa,7.9890962466,8.0,16.33286,36.0,23.9,4.9250535332,1448,10.409028826,4210,8.8,,43.72888,2287:1,50594,62.907510263,50310,50.141125025,60.711184342,2020,,,0.0,548.0,497.0,15.0,678.0,0.1146,0.174,0.0756,0.85,Very High Vulnerability,0.95,Very High Concern,2287.0,1.0,large,rural,23.690508852090353,1.0,4.9250535332,0.0,678.0,0.0,674.6608137044904,0.8122600110579873,1060.0,0.0008893591116224645,1191869.5003486658,81.22600110579873,0.08893591116224644
Austin,7.949790795,6.0,20.14369,40.0,16.9,,987,13.109310665,4300,14.7,23.413953827,50.01834,1999:1,59942,54.045365244,29989,50.135049518,66.344089805,2020,,,0.0,249.0,282.0,12.5,338.0,0.1114,0.1704,0.0738,0.49,Moderate Vulnerability,0.82,Very High Concern,1999.0,1.0,medium,rural,23.690508852090353,1.0,6.019602497975,1.0,338.0,0.0,335.96537435568445,0.7411478057151962,543.5,0.0007650030649056284,710454.6699653376,74.11478057151962,0.07650030649056284
Bailey,7.4576271186,3.0,42.39084,41.0,26.1,,348,15.256466462,800,11.2,,85.38494,1171:1,45051,83.136710618,7027,50.206346947,28.750872296,2020,,,0.0,114.0,104.5,5.0,114.0,0.1143,0.1758,0.0766,0.8,Very High Vulnerability,0.96,Very High Concern,1171.0,1.0,small,urban,23.690508852090353,1.0,6.019602497975,1.0,114.0,0.0,113.31376531523085,1.006056057557174,223.5,0.0013425583958410826,166473.2057036389,100.60560575571739,0.13425583958410825
Bandera,9.21386306,6.0,26.84444,39.0,22.8,,538,13.963145601,3090,14.5,,43.81353,2282:1,53008,51.017274472,22824,50.372415002,100.0,2020,,,0.0,135.0,95.5,0.0,164.0,0.1146,0.174,0.0756,0.51,Moderate Vulnerability,0.77,High Concern,2282.0,1.0,medium,very rural,23.690508852090353,1.0,6.019602497975,1.0,164.0,0.0,163.0127851903321,0.8281559010379177,230.5,0.000426289643670759,540712.1740401102,82.81559010379176,0.0426289643670759
Bastrop,7.5768107883,23.0,27.13512,41.0,19.2,5.1450621695,2863,12.629025143,10040,12.5,31.748427654,34.492270000000005,2899:1,61883,69.318550217,86976,49.071008094,63.85244907,2020,,,0.0,950.0,1000.0,27.5,1143.0,0.124,0.188,0.0827,0.75,High Vulnerability,0.85,Very High Concern,2899.0,1.0,large,rural,23.690508852090353,1.0,5.1450621695,0.0,1143.0,0.0,1137.1191939402615,0.8354445207350076,1977.5,0.0009597158610125537,2060505.6979194107,83.54445207350076,0.09597158610125536
Baylor,8.6956521739,5.0,139.6258,18.0,28.6,,105,12.758201701,590,16.2,,55.83473000000001,1791:1,41180,56.994818653,3582,51.312116136,100.0,2020,,,0.0,32.0,41.5,0.0,45.0,0.1293,0.1898,0.087,0.16,Very Low Vulnerability,0.78,High Concern,1791.0,1.0,small,very rural,23.690508852090353,1.0,6.019602497975,1.0,45.0,0.0,44.72911788759112,0.7154176409295461,73.5,0.000866138549816924,84859.40270818764,71.54176409295461,0.0866138549816924
Bee,10.115384615,7.0,21.49679,29.0,32.0,7.6716532413,661,9.3059270731,4540,13.9,21.546270543,55.23675,1810:1,41806,70.382165605,32587,39.181268604,42.97730768,2020,,,0.0,238.0,278.0,17.5,347.0,0.1183,0.18,0.0772,0.97,Very High Vulnerability,0.99,Very High Concern,1810.0,1.0,medium,urban,23.690508852090353,1.0,7.6716532413,0.0,347.0,0.0,344.3379363252689,0.6911814670782604,533.5,0.0006910598380534003,772002.6119630684,69.11814670782604,0.06910598380534003
Bell,8.7590060964,284.0,81.64837999999999,39.0,19.1,6.8502693665,6377,6.3900356728,62960,18.7,41.201303726,168.4278,594:1,54292,55.844724212,355642,50.3123928,15.186229794,2020,,,0.0,2925.0,2860.0,49.0,6102.0,0.1244,0.1993,0.0815,0.81,Very High Vulnerability,0.83,Very High Concern,594.0,1.0,large,very urban,23.690508852090353,1.0,6.8502693665,0.0,6102.0,0.0,6060.199656325617,0.4826573654131831,5834.0,0.0006924349682259619,8425339.949175118,48.26573654131831,0.06924349682259619
Bexar,8.9450781336,1450.0,74.0333,38.0,23.7,6.3072376596,41735,7.9588622078,216220,11.4,44.536756467,97.63103,1024:1,54210,61.712693731,1986049,50.629818298,4.5390847652,2020,,,0.0,16266.0,16997.0,586.0,25247.0,0.1005,0.1587,0.0641,0.83,Very High Vulnerability,0.87,Very High Concern,1024.0,1.0,large,very urban,23.690508852090353,1.0,6.3072376596,0.0,25247.0,0.0,25087.76117080808,0.6483639528156457,33849.0,0.0007194183226045763,47050511.41518519,64.83639528156458,0.07194183226045762
Blanco,6.3694267516,5.0,43.00705,44.0,17.2,,422,18.158347676,1450,13.1,,25.63664,3901:1,64832,39.408284024,11702,49.820543497,100.0,2020,,,0.0,57.5,56.0,5.0,82.0,0.1008,0.1475,0.0669,0.28,Low Vulnerability,0.68,High Concern,3901.0,1.0,medium,very rural,23.690508852090353,1.0,6.019602497975,1.0,82.0,0.0,81.50639259516605,0.7054661379211892,118.5,0.00042744856896970954,277226.3345871613,70.54661379211892,0.042744856896970954
Borden,,0.0,0.0,18.0,14.5,,23,14.743589744,80,12.9,,0.0,648:0,66101,24.892703863,648,47.99382716,100.0,2020,,,0.0,12.5,12.5,2.5,,0.1235,0.1873,0.0822,0.06,Very Low Vulnerability,0.72,High Concern,648.0,0.0,small,very rural,23.690508852090353,1.0,6.019602497975,1.0,1533.4742547425474,1.0,1524.2433492881187,0.008200790251660268,27.5,0.0017913617588333774,15351.44973615455,0.8200790251660268,0.17913617588333774
Bosque,7.037896365,10.0,54.56728,30.0,24.0,,570,13.90583069,2790,15.5,47.765226152,42.80135,2336:1,48460,62.348942598,18691,50.521641432,81.215681968,2020,,,0.0,122.0,133.0,2.5,181.0,0.1248,0.188,0.085,0.62,High Vulnerability,0.89,Very High Concern,2336.0,1.0,medium,rural,23.690508852090353,1.0,6.019602497975,1.0,181.0,0.0,179.91045194786653,0.6781151327180952,257.5,0.0005815275666537368,442799.3009544208,67.81151327180952,0.05815275666537368
Bowie,9.8661613171,63.0,67.01272,43.0,25.5,8.4053510122,1868,8.1426267382,20180,21.5,45.089203319,148.42458,674:1,47339,60.490387295,94324,49.670285399,35.424836601,2020,,,0.0,582.0,666.0,15.0,1088.0,0.1356,0.2056,0.0926,0.85,Very High Vulnerability,0.86,Very High Concern,674.0,1.0,large,urban,23.690508852090353,1.0,8.4053510122,0.0,1088.0,0.0,1078.8549780987264,0.5394608282066442,1263.0,0.0005652059848304097,2234583.5569645707,53.94608282066442,0.05652059848304097
Brazoria,8.3679990354,234.0,64.55938,41.0,13.1,4.5152091255,9325,9.1593980827,48610,14.0,39.686637624,60.23771,1660:1,74225,44.17376277,370200,49.486493787,22.52862699,2020,,,0.0,3787.0,3424.0,77.0,4495.0,0.1074,0.1608,0.071,0.51,Moderate Vulnerability,0.69,High Concern,1660.0,1.0,large,very urban,23.690508852090353,1.0,4.5152091255,0.0,4495.0,0.0,4474.704134980878,0.8463129372946092,7288.0,0.0008309933731102323,8770226.377043849,84.63129372946092,0.08309933731102323
Brazos,7.6380852183,190.0,85.2668,53.0,20.2,4.5098750713,5110,10.659824353,43590,20.3,33.582402407,59.53483,1680:1,50113,56.573967418,226758,49.450074529,12.063576784,2020,,,0.0,1783.0,2041.0,39.0,2636.0,0.1055,0.1682,0.0691,0.65,High Vulnerability,0.81,Very High Concern,1680.0,1.0,large,very urban,23.690508852090353,1.0,4.5098750713,0.0,2636.0,0.0,2624.111969312053,0.6794679574848469,3863.0,0.0007190973713095694,5372012.406282305,67.94679574848469,0.07190973713095694
Brewster,6.338028169,6.0,64.26047,21.0,21.2,,224,11.826821542,1130,12.3,,75.53685,1324:1,45670,51.791277259,9267,49.455055574,34.867850953,2020,,,0.0,33.5,39.5,5.0,75.0,0.1166,0.1765,0.0789,0.66,High Vulnerability,0.84,Very High Concern,1324.0,1.0,small,urban,23.690508852090353,1.0,6.019602497975,1.0,75.0,0.0,74.54852981265188,0.449371705708871,78.0,0.00035528841829158886,219539.9455323213,44.937170570887105,0.035528841829158886
Briscoe,,0.0,0.0,29.0,24.3,,79,25.079365079,210,13.4,,65.96306,1516:1,44409,54.411764706,1516,50.593667546,100.0,2020,,,0.0,20.0,18.5,2.5,12.0,0.1241,0.1883,0.0824,0.46,Moderate Vulnerability,0.95,Very High Concern,1516.0,1.0,small,very rural,23.690508852090353,1.0,6.019602497975,1.0,12.0,0.0,11.9277647700243,1.6767600959286233,41.0,0.0011415902904457946,35914.81141976897,167.67600959286233,0.11415902904457946
Brooks,8.4158415842,,,39.0,48.6,,130,6.2560153994,1070,14.7,,28.11358,3557:1,30116,79.924480806,7114,49.465842002,31.759656652,2020,,,0.0,77.5,90.0,2.5,95.0,0.0992,0.1603,0.0642,1.0,Very High Vulnerability,0.99,Very High Concern,3557.0,1.0,small,urban,23.690508852090353,1.0,6.019602497975,1.0,95.0,0.0,94.42813776269237,0.8207299416913788,170.0,0.0010086968658628815,168534.27997377078,82.07299416913789,0.10086968658628816
Brown,9.1098748261,19.0,49.93036,41.0,21.2,8.7138375741,917,10.482395976,5980,15.8,47.635153175,81.74243,1223:1,47097,62.892263196,37924,50.522096825,40.40046187,2020,,,0.0,310.0,357.0,15.0,384.0,0.1278,0.1901,0.086,0.63,High Vulnerability,0.72,High Concern,1223.0,1.0,large,urban,23.690508852090353,1.0,8.7138375741,0.0,384.0,0.0,380.6538863715456,0.8143881124004017,682.0,0.0007590945050404996,898438.8577066746,81.43881124004017,0.07590945050404996
Burleson,8.2162921348,7.0,38.86514,41.0,23.7,,500,11.930326891,2840,16.1,17.476375419,43.50427,2299:1,53626,61.390374332,18389,50.812986024,76.65677547,2020,,,0.0,180.0,161.5,5.0,205.0,0.1225,0.1864,0.0827,0.61,High Vulnerability,0.83,Very High Concern,2299.0,1.0,medium,rural,23.690508852090353,1.0,6.019602497975,1.0,205.0,0.0,203.76598148791513,0.8833662944404455,346.5,0.000795372803769795,435644.7672810895,88.33662944404455,0.0795372803769795
Burnet,6.6547831254,22.0,47.00453,45.0,18.6,,1477,13.95107207,6100,13.5,56.658653402,58.89529,1698:1,56696,60.123772366,47542,50.999116571,55.67251462,2020,,,0.0,290.0,347.0,5.0,499.0,0.1264,0.1929,0.0847,0.53,Moderate Vulnerability,0.7,High Concern,1698.0,1.0,large,rural,23.690508852090353,1.0,6.019602497975,1.0,499.0,0.0,495.99621835351047,0.5846818771374358,642.0,0.0005700109403458196,1126294.1718460796,58.46818771374358,0.05700109403458196
Caldwell,8.6456908345,12.0,28.34333,45.0,20.7,,1156,11.133583743,5070,12.5,45.185992619,50.87058,1966:1,52588,73.376539209,43247,49.541008625,42.292334367,2020,,,0.0,412.0,438.0,20.0,629.0,0.124,0.188,0.0827,0.87,Very High Vulnerability,0.97,Very High Concern,1966.0,1.0,large,urban,23.690508852090353,1.0,6.019602497975,1.0,629.0,0.0,625.2136700287738,0.6589747149659073,870.0,0.0008491587268564335,1024543.4363263515,65.89747149659073,0.08491587268564335
Calhoun,7.2342519685,11.0,50.58867,29.0,24.0,,651,11.57744976,2720,12.5,23.870296008,60.29405,1659:1,52085,72.562068083,21561,48.620193869,44.731303494,2020,,,0.0,232.0,228.0,12.5,261.0,0.1065,0.1663,0.0699,0.86,Very High Vulnerability,0.88,Very High Concern,1659.0,1.0,medium,urban,23.690508852090353,1.0,6.019602497975,1.0,261.0,0.0,259.4288837480285,0.8942720511619325,472.5,0.0009250357646079891,510791.06135992013,89.42720511619325,0.0925035764607989
Callahan,11.263467189,1.0,7.17051,40.0,20.2,,360,10.895883777,2240,16.4,,57.16736,1749:1,50330,52.479174931,13994,50.478776619,72.179562906,2020,,,0.0,117.0,108.0,2.5,123.0,0.1278,0.1901,0.086,0.3,Low Vulnerability,0.8,High Concern,1749.0,1.0,medium,rural,23.690508852090353,1.0,6.019602497975,1.0,123.0,0.0,122.25958889274908,0.9569801523104826,227.5,0.0006862227980490769,331524.9808761524,95.69801523104826,0.06862227980490769
Cameron,8.1357393607,207.0,48.85244,42.0,40.2,5.0892108729,16938,12.753077589,47770,11.4,67.081450135,66.52387,1503:1,38106,87.033089872,423908,51.321277258,8.4208064596,2020,,,0.0,4505.0,5083.0,388.0,6019.0,0.105,0.1701,0.0683,0.98,Very High Vulnerability,0.98,Very High Concern,1503.0,1.0,large,very urban,23.690508852090353,1.0,5.0892108729,0.0,6019.0,0.0,5988.368039756015,0.75229177132933,9976.0,0.0009933686245100274,10042596.226471918,75.229177132933,0.09933686245100273
Camp,7.4581430746,11.0,85.56981999999999,35.0,30.5,,403,11.484753491,2320,18.3,21.808815883,15.34566,6517:1,43714,74.57337884,13033,51.43865572,61.478912991,2020,,,0.0,108.5,151.5,5.0,162.0,0.1285,0.1874,0.0874,0.9,Very High Vulnerability,0.98,Very High Concern,6517.0,1.0,medium,rural,23.690508852090353,1.0,6.019602497975,1.0,162.0,0.0,161.02482439532804,0.6738091496602061,265.0,0.0008582762392719671,308758.4018692936,67.38091496602061,0.08582762392719671
Carson,5.6265984655,,,44.0,12.2,,203,12.979539642,770,12.7,,116.56953,858:1,64799,32.747603834,6005,49.87510408,95.195729537,2020,,,0.0,33.5,60.5,0.0,38.0,0.1241,0.1883,0.0824,0.03,Very Low Vulnerability,0.6,High Concern,858.0,1.0,small,very rural,23.690508852090353,1.0,6.019602497975,1.0,38.0,0.0,37.77125510507695,0.8869178402148771,94.0,0.0006607549917738775,142261.50565680256,88.6917840214877,0.06607549917738775
Cass,7.810552555,8.0,26.656,35.0,32.0,,624,8.8888888889,6340,21.0,30.701785208,49.80245,2008:1,44154,62.828467153,30119,51.588698164,74.011948529,2020,,,0.0,161.5,208.0,10.0,317.0,0.1356,0.2056,0.0926,0.78,High Vulnerability,0.98,Very High Concern,2008.0,1.0,medium,rural,23.690508852090353,1.0,6.019602497975,1.0,317.0,0.0,315.0917860081419,0.5125490640236076,379.5,0.0005318594041034427,713534.4361161094,51.25490640236075,0.05318594041034427
Castro,6.9135802469,1.0,12.75022,35.0,24.2,,412,17.614365113,750,9.5,,39.13894,2555:1,45689,74.154025671,7665,48.532289628,45.757876457,2020,,,0.0,87.0,99.5,2.5,112.0,0.1241,0.1883,0.0824,0.78,High Vulnerability,0.99,Very High Concern,2555.0,1.0,small,urban,23.690508852090353,1.0,6.019602497975,1.0,112.0,0.0,111.3258045202268,0.7814899732810191,189.0,0.0010408191061037368,181587.75035127255,78.14899732810191,0.10408191061037368
Chambers,8.2658475286,4.0,9.65228,28.0,10.9,,1286,10.478285668,5950,15.1,24.700513178,54.176280000000006,1846:1,89513,36.772457104,42454,49.3451736,45.720310007,2020,,,0.0,631.0,557.0,23.5,552.0,0.1377,0.2028,0.0929,0.41,Moderate Vulnerability,0.79,High Concern,1846.0,1.0,large,urban,23.690508852090353,1.0,6.019602497975,1.0,552.0,0.0,548.6771794211178,1.1500387179684364,1211.5,0.001204565481779775,1005756.8628066438,115.00387179684364,0.1204565481779775
Cherokee,7.2273073989,21.0,40.19908,43.0,24.6,8.0521472393,1528,11.150029189,9110,17.7,34.805617504,43.73289,2287:1,43483,63.046594982,52592,48.999847886,63.048480677,2020,,,0.0,452.0,527.0,12.5,739.0,0.1282,0.1918,0.0871,0.92,Very High Vulnerability,0.94,Very High Concern,2287.0,1.0,large,rural,23.690508852090353,1.0,8.0521472393,0.0,739.0,0.0,733.0494631901573,0.6166023204395261,991.5,0.0007957903028157578,1245931.241549136,61.66023204395261,0.07957903028157579
Childress,9.8619329389,10.0,141.50276,23.0,25.4,,174,11.584553928,1280,18.1,16.197996918,109.72432,911:1,42291,54.398563734,7291,39.185296941,33.148700469,2020,,,0.0,45.5,45.5,0.0,58.0,0.1241,0.1883,0.0824,0.75,High Vulnerability,0.92,Very High Concern,911.0,1.0,small,urban,23.690508852090353,1.0,6.019602497975,1.0,58.0,0.0,57.65086305511745,0.7892336313595073,91.0,0.0005268414119269665,172727.50004059076,78.92336313595074,0.05268414119269665
Clay,5.0243111831,4.0,38.38403,45.0,16.9,,296,13.016710642,1670,16.1,,19.12777,5228:1,58356,46.344271733,10456,50.181713849,74.600074405,2020,,,0.0,59.0,79.0,2.5,92.0,0.1293,0.1898,0.087,0.32,Low Vulnerability,0.68,High Concern,5228.0,1.0,medium,rural,23.690508852090353,1.0,6.019602497975,1.0,92.0,0.0,91.4461965701863,0.6451881238681877,140.5,0.0005672001807443348,247707.96055745674,64.51881238681877,0.05672001807443348
Cochran,8.4175084175,1.0,35.07541,21.0,31.8,,146,18.741976893,380,13.1,,35.260929999999995,2836:1,42873,77.793493635,2836,49.823695346,100.0,2020,,,0.0,33.5,39.5,5.0,41.0,0.1143,0.1758,0.0766,0.86,Very High Vulnerability,0.99,Very High Concern,2836.0,1.0,small,very rural,23.690508852090353,1.0,6.019602497975,1.0,41.0,0.0,40.753196297583024,0.8220214128820813,78.0,0.0011609512596291094,67186.28310452824,82.20214128820813,0.11609512596291094
Coke,6.0344827586,,,46.0,21.4,,113,15.311653117,510,15.6,,0.0,3370:0,44804,53.537284895,3370,50.56379822,100.0,2020,,,0.0,28.5,27.5,0.0,37.0,0.1235,0.1873,0.0822,0.62,High Vulnerability,0.91,Very High Concern,3370.0,0.0,small,very rural,23.690508852090353,1.0,6.019602497975,1.0,37.0,0.0,36.777274707574925,0.774935071361607,56.0,0.0007014290316109587,79837.0148315445,77.4935071361607,0.07014290316109587
Coleman,11.265164645,5.0,59.31198,25.0,30.6,,265,14.33207139,1500,17.8,52.707060421,59.545080000000006,1679:1,39484,64.323507181,8397,49.505775872,51.545812254,2020,,,0.0,46.0,55.0,0.0,74.0,0.1278,0.1901,0.086,0.42,Moderate Vulnerability,0.94,Very High Concern,1679.0,1.0,small,urban,23.690508852090353,1.0,6.019602497975,1.0,74.0,0.0,73.55454941514985,0.6253861979409461,101.0,0.0005077183166807491,198929.2028310027,62.53861979409461,0.05077183166807491
Collin,7.7723144254,918.0,94.67792,55.0,6.7,4.2660106258,22472,8.253147449,130090,14.2,24.937604784,71.92985,1390:1,96936,23.07329027,1005146,50.773121517,5.2427266371,2020,,,0.0,6287.0,5579.0,235.0,11422.0,0.083,0.1234,0.0542,0.15,Very Low Vulnerability,0.49,Moderate Concern,1390.0,1.0,large,very urban,23.690508852090353,1.0,4.2660106258,0.0,11422.0,0.0,11373.273626632112,0.5527871927109983,12101.0,0.0005081801804669705,23812420.21064321,55.27871927109983,0.05081801804669705
Collingsworth,7.6923076923,,,14.0,26.7,,188,22.70531401,400,13.3,,168.80486,592:1,39536,61.054421769,2962,51.080351114,100.0,2020,,,0.0,34.5,22.5,0.0,23.0,0.1241,0.1883,0.0824,0.89,Very High Vulnerability,0.98,Very High Concern,592.0,1.0,small,very rural,23.690508852090353,1.0,6.019602497975,1.0,23.0,0.0,22.861549142546576,1.509084086335761,57.0,0.0008122980532106024,70171.28721989163,150.9084086335761,0.08122980532106024
Colorado,8.6714841579,10.0,47.09872,31.0,21.9,11.160714286,727,14.218658322,2850,13.6,26.476277405,28.27921,3536:1,48258,64.609286523,21217,49.733704105,62.613777906,2020,,,0.0,137.0,125.0,2.5,221.0,0.1114,0.1704,0.0738,0.68,High Vulnerability,0.93,Very High Concern,3536.0,1.0,medium,rural,23.690508852090353,1.0,11.160714286,0.0,221.0,0.0,218.533482142794,0.6269062235071217,264.5,0.0005262199522972668,502641.526314801,62.69062235071217,0.05262199522972669
Comal,7.8039215686,98.0,69.49911,44.0,10.2,5.4650047939,3235,9.5261933508,15260,11.8,46.330893613,64.70179999999999,1546:1,76523,31.555606095,148373,50.57523943,46.145549082,2020,,,0.0,1404.0,1296.0,24.5,1662.0,0.0937,0.1369,0.0619,0.24,Low Vulnerability,0.64,High Concern,1546.0,1.0,large,urban,23.690508852090353,1.0,5.4650047939,0.0,1662.0,0.0,1652.9171620325383,0.8494073582450721,2724.5,0.0007750996579353425,3515031.8699112018,84.94073582450721,0.07750996579353425
Comanche,6.7619047619,6.0,44.20541,25.0,25.0,,520,16.326530612,1970,14.6,44.809687706,59.11039,1692:1,52251,63.597246127,13534,50.214275159,71.461285244,2020,,,0.0,155.0,148.5,5.0,143.0,0.1278,0.1901,0.086,0.73,High Vulnerability,0.92,Very High Concern,1692.0,1.0,medium,rural,23.690508852090353,1.0,6.019602497975,1.0,143.0,0.0,142.13919684278957,1.0904803421074265,308.5,0.0009621761932502998,320627.34680419083,109.04803421074266,0.09621761932502998
Concho,8.0459770115,1.0,36.8053,40.0,25.7,,88,15.384615385,350,9.1,,46.77268,2138:1,40987,65.384615385,4276,29.373246024,100.0,2020,,,0.0,22.5,27.5,5.0,23.0,0.1235,0.1873,0.0822,0.43,Moderate Vulnerability,0.96,Very High Concern,2138.0,1.0,small,very rural,23.690508852090353,1.0,6.019602497975,1.0,23.0,0.0,22.861549142546576,0.9841852736972354,55.0,0.0005429384563723239,101300.61585153836,98.41852736972353,0.05429384563723239
Cooke,6.2695109261,13.0,32.585539999999995,41.0,24.9,5.3547523427,1254,12.844412578,6080,15.6,48.717654389,73.93898,1352:1,52047,56.768115942,40574,50.061615813,59.03426386,2020,,,0.0,415.0,476.0,10.0,485.0,0.1317,0.1945,0.0881,0.62,High Vulnerability,0.85,Very High Concern,1352.0,1.0,large,rural,23.690508852090353,1.0,5.3547523427,0.0,485.0,0.0,482.4029451137905,0.8602766716154867,901.0,0.0009373517121769425,961218.706164714,86.02766716154868,0.09373517121769426
Coryell,8.2834185537,17.0,22.69299,35.0,20.1,7.491759065,1629,9.1434665469,13890,18.3,38.683900773,50.79671,1969:1,48099,52.832172427,74808,50.348893167,19.423515679,2020,,,0.0,548.0,481.0,10.0,913.0,0.1264,0.1929,0.0847,0.78,High Vulnerability,0.82,Very High Concern,1969.0,1.0,large,very urban,23.690508852090353,1.0,7.491759065,0.0,913.0,0.0,906.160023973655,0.6047496970755047,1039.0,0.0005862638483454689,1772239.5862071752,60.47496970755047,0.058626384834546894
Cottle,,0.0,0.0,19.0,40.1,,62,19.74522293,270,18.1,,0.0,1389:0,38304,66.822429907,1389,51.475881929,100.0,2020,,,0.0,15.0,15.0,0.0,,0.1293,0.1898,0.087,0.94,Very High Vulnerability,1.0,Very High Concern,1389.0,0.0,small,very rural,23.690508852090353,1.0,6.019602497975,1.0,1533.4742547425474,1.0,1524.2433492881187,0.00984094830199232,30.0,0.0009116846021786991,32906.1167955535,0.984094830199232,0.09116846021786991
Crane,7.7519379845,1.0,21.09705,18.0,13.6,,171,11.468812877,410,8.4,,20.85941,4794:1,61987,53.027681661,4794,49.624530663,10.697142857,2020,,,0.0,70.5,77.0,7.5,59.0,0.1166,0.1765,0.0789,0.47,Moderate Vulnerability,0.93,Very High Concern,4794.0,1.0,small,very urban,23.690508852090353,1.0,6.019602497975,1.0,59.0,0.0,58.644843452619476,1.2021517297928943,155.0,0.0013647694091646712,113572.29943692115,120.21517297928943,0.13647694091646712
Crockett,8.3832335329,1.0,28.05836,23.0,23.4,,133,14.074074074,380,9.9,,28.579590000000003,3499:1,49117,51.055408971,3499,50.071448985,22.748050551,2020,,,0.0,39.0,27.5,5.0,36.0,0.1235,0.1873,0.0822,0.69,High Vulnerability,0.9,Very High Concern,3499.0,1.0,small,very urban,23.690508852090353,1.0,6.019602497975,1.0,36.0,0.0,35.7832943100729,1.0898940623536053,71.5,0.0008625568137417759,82893.09047346415,108.98940623536053,0.08625568137417759
Crosby,7.9696394687,2.0,33.90405,39.0,37.1,,206,12.653562654,750,12.7,25.530704223,51.9121,1926:1,37911,81.381118881,5779,50.562381035,100.0,2020,,,0.0,46.0,54.5,0.0,78.0,0.1143,0.1758,0.0766,0.94,Very High Vulnerability,0.99,Very High Concern,1926.0,1.0,small,very rural,23.690508852090353,1.0,6.019602497975,1.0,78.0,0.0,77.53047100515795,0.5933151108670514,100.5,0.0007340725396483498,136907.45065623015,59.331511086705135,0.07340725396483498
Culberson,8.4112149533,,,14.0,32.7,,78,14.338235294,240,10.6,,90.7441,1102:1,42164,75.703324808,2204,50.589836661,100.0,2020,,,0.0,22.5,22.5,2.5,30.0,0.1166,0.1765,0.0789,1.0,Very High Vulnerability,1.0,Very High Concern,1102.0,1.0,small,very rural,23.690508852090353,1.0,6.019602497975,1.0,30.0,0.0,29.81941192506075,0.7545420431678805,47.5,0.0009097197646740036,52213.88151000714,75.45420431678805,0.09097197646740036
Dallam,6.7049808429,5.0,69.36737000000001,27.0,18.1,,529,22.491496599,900,12.4,,152.77778,655:1,50587,66.017699115,7200,47.861111111,23.541697747,2020,,,0.0,110.5,119.5,7.5,186.0,0.1241,0.1883,0.0824,0.55,Moderate Vulnerability,0.92,Very High Concern,655.0,1.0,small,very urban,23.690508852090353,1.0,6.019602497975,1.0,186.0,0.0,184.88035393537666,0.5976838406455254,237.5,0.0013923766398204888,170571.66373505053,59.768384064552535,0.13923766398204887
Dallas,8.5024997727,1818.0,69.4384,51.0,20.7,6.469842706,95584,13.459653708,438830,17.2,49.092138416,106.11227999999998,942:1,59838,71.613253358,2637772,50.648198555,0.6883041916,2020,,,0.0,21399.0,19984.0,890.0,36101.0,0.1078,0.1697,0.0704,0.75,High Vulnerability,0.83,Very High Concern,942.0,1.0,large,very urban,23.690508852090353,1.0,6.469842706,0.0,36101.0,0.0,35867.432208470695,0.5966136598690293,42273.0,0.0006764744942321689,62490160.91579608,59.66136598690292,0.06764744942321689
Dawson,9.3486590038,3.0,23.41372,23.0,29.9,,426,12.36574746,1590,12.1,28.303645402,55.47191,1803:1,43726,68.489378442,12619,45.146208099,16.294368539,2020,,,0.0,105.5,114.5,0.0,186.0,0.1235,0.1873,0.0822,0.95,Very High Vulnerability,1.0,Very High Concern,1803.0,1.0,medium,very urban,23.690508852090353,1.0,6.019602497975,1.0,186.0,0.0,184.88035393537666,0.5706393229692572,220.0,0.0007359077072503549,298950.5312045282,57.06393229692572,0.07359077072503549
DeWitt,8.5047248471,11.0,54.38544,29.0,25.2,,513,10.924190801,2930,14.3,34.082606888,64.39788,1553:1,49208,72.827041264,20187,47.481052162,49.624322038,2020,,,0.0,190.0,190.5,7.5,246.0,0.1134,0.1709,0.0762,0.82,Very High Vulnerability,0.97,Very High Concern,1553.0,1.0,medium,urban,23.690508852090353,1.0,6.019602497975,1.0,246.0,0.0,244.51917778549816,0.7770351664059474,388.0,0.0008113076171486116,478240.302197148,77.70351664059474,0.08113076171486115
Deaf Smith,7.7872340426,2.0,10.61797,35.0,25.3,,799,13.072643979,1650,8.7,24.945547092,106.60981,938:1,44230,79.064381658,18760,50.058635394,17.711129465,2020,,,0.0,257.0,243.0,12.5,323.0,0.1241,0.1883,0.0824,0.84,Very High Vulnerability,0.9,Very High Concern,938.0,1.0,medium,very urban,23.690508852090353,1.0,6.019602497975,1.0,323.0,0.0,321.05566839315406,0.8004842315547793,512.5,0.0011531522390164075,444433.94606521504,80.04842315547793,0.11531522390164076
Delta,6.5934065934,1.0,18.87505,42.0,26.0,,158,12.30529595,1000,19.3,55.546591441,37.390170000000005,2675:1,44410,63.476347635,5349,50.252383623,100.0,2020,,,0.0,31.0,42.0,0.0,66.0,0.1283,0.1937,0.0866,0.57,Moderate Vulnerability,0.85,Very High Concern,2675.0,1.0,small,very rural,23.690508852090353,1.0,6.019602497975,1.0,66.0,0.0,65.60270623513365,0.47254148157988474,73.0,0.0005760708145267872,126720.5318498313,47.254148157988475,0.05760708145267872
Denton,7.4274277199,530.0,63.38121,52.0,8.1,4.2800322804,19390,8.7155860209,111860,14.3,39.098873179,64.72160000000001,1545:1,88384,32.209285683,859064,50.792374026,6.9058305439,2020,,,0.0,6149.0,5576.0,158.5,9965.0,0.0949,0.1412,0.0617,0.22,Low Vulnerability,0.63,High Concern,1545.0,1.0,large,very urban,23.690508852090353,1.0,4.2800322804,0.0,9965.0,0.0,9922.349478325814,0.6197120967601227,11883.5,0.0005839080485395307,20351663.296512146,61.97120967601227,0.05839080485395307
Dickens,15.942028986,1.0,45.26935,26.0,27.5,,82,18.850574713,340,15.4,,44.46421,2249:1,39627,64.985994398,2249,44.642063139,100.0,2020,,,0.0,20.0,20.0,0.0,12.0,0.1143,0.1758,0.0766,0.88,Very High Vulnerability,0.93,Very High Concern,2249.0,1.0,small,very rural,23.690508852090353,1.0,6.019602497975,1.0,12.0,0.0,11.9277647700243,1.6767600959286233,40.0,0.0007507513931680528,53279.9544083512,167.67600959286233,0.07507513931680529
Dimmit,8.3832335329,4.0,38.39509,33.0,35.8,,278,8.8366179275,1130,10.4,,67.90842,1473:1,37177,76.97874265,10308,50.805199845,39.475790316,2020,,,0.0,37.5,36.5,2.5,155.0,0.107,0.1724,0.0705,1.0,Very High Vulnerability,0.99,Very High Concern,1473.0,1.0,medium,urban,23.690508852090353,1.0,6.019602497975,1.0,155.0,0.0,154.06696161281388,0.24340065908641306,76.5,0.00031326554876667085,244201.76524734736,24.340065908641307,0.031326554876667086
Donley,9.3220338983,1.0,30.20236,21.0,27.8,,102,14.592274678,580,16.9,36.610617453,120.51823,830:1,40945,55.208333333,3319,50.888821934,100.0,2020,,,0.0,20.0,20.0,0.0,34.0,0.1241,0.1883,0.0824,0.45,Moderate Vulnerability,0.82,Very High Concern,830.0,1.0,small,very rural,23.690508852090353,1.0,6.019602497975,1.0,34.0,0.0,33.79533351506885,0.5917976809159847,40.0,0.0005087194586426486,78628.79888008788,59.179768091598476,0.05087194586426486
Duval,8.7108013937,,,34.0,36.1,,265,9.0722355358,1190,10.4,,53.51409,1869:1,35156,73.712121212,11212,48.448091331,67.042946868,2020,,,0.0,86.0,99.0,0.0,114.0,0.1146,0.1867,0.0742,1.0,Very High Vulnerability,1.0,Very High Concern,1869.0,1.0,medium,rural,23.690508852090353,1.0,6.019602497975,1.0,114.0,0.0,113.31376531523085,0.7589545697361137,185.0,0.0006964889814450273,265617.98524963704,75.89545697361137,0.06964889814450273
Eastland,7.9285714286,6.0,32.58921,40.0,26.1,,539,13.295510607,3110,17.0,25.324460201,38.20544,2617:1,44773,62.262156448,18322,50.065495033,60.345477049,2020,,,0.0,169.0,156.5,7.5,207.0,0.1278,0.1901,0.086,0.81,Very High Vulnerability,0.98,Very High Concern,2617.0,1.0,medium,rural,23.690508852090353,1.0,6.019602497975,1.0,207.0,0.0,205.75394228291918,0.8213694382954706,333.0,0.0007671794579156731,434057.5031879995,82.13694382954706,0.07671794579156732
Ector,9.0494408476,93.0,59.20286,39.0,17.9,5.7334212796,6063,12.377258344,15320,9.8,44.405288975,79.56873,1257:1,60431,49.171444954,162124,49.122276776,9.4552614308,2020,,,0.0,2508.0,2287.0,73.0,2743.0,0.1113,0.171,0.0731,0.79,High Vulnerability,0.88,Very High Concern,1257.0,1.0,large,very urban,23.690508852090353,1.0,5.7334212796,0.0,2743.0,0.0,2727.273225430057,0.9195998320280211,4868.0,0.001267444263586474,3840800.0571362963,91.9599832028021,0.1267444263586474
Edwards,,0.0,0.0,30.0,37.3,,74,16.517857143,130,6.2,,0.0,1928:0,37812,71.428571429,1928,47.147302905,100.0,2020,,,0.0,27.0,22.5,2.5,18.0,0.107,0.1724,0.0705,0.44,Moderate Vulnerability,0.92,Very High Concern,1928.0,0.0,small,very rural,23.690508852090353,1.0,6.019602497975,1.0,18.0,0.0,17.89164715503645,1.5090840863357613,52.0,0.0011384708756252261,45675.3010668302,150.90840863357613,0.11384708756252261
El Paso,8.5598896769,405.0,48.19076,32.0,28.9,4.4313780191,21020,8.8337514867,79860,9.6,45.811145406,78.02483,1282:1,43948,73.780691097,840758,50.733266885,2.1743664811,2020,,,0.0,8325.0,8638.0,536.0,11097.0,0.0965,0.1577,0.0608,0.95,Very High Vulnerability,0.96,Very High Concern,1282.0,1.0,large,very urban,23.690508852090353,1.0,4.4313780191,0.0,11097.0,0.0,11047.824998122047,0.7535419868992418,17499.0,0.000878552732080111,19917984.841465782,75.35419868992417,0.0878552732080111
Ellis,7.2184403855,70.0,40.31794,50.0,14.0,5.8301132127,5436,11.113837095,22320,13.6,38.855231083,55.17288,1812:1,76792,47.272012579,179436,50.67154863,31.975135352,2020,,,0.0,1699.0,1677.0,27.0,2381.0,0.1147,0.169,0.0766,0.39,Low Vulnerability,0.7,High Concern,1812.0,1.0,large,urban,23.690508852090353,1.0,5.8301132127,0.0,2381.0,0.0,2367.118500440561,0.717750294158821,3403.0,0.0008005306798313238,4250930.146383685,71.7750294158821,0.08005306798313237
Erath,6.8255369226,23.0,54.80235,47.0,20.1,6.6996795805,1345,15.199457566,7250,17.7,57.179918858,42.40682,2358:1,47087,52.61574461,42446,51.034255289,46.320929005,2020,,,0.0,318.0,293.5,15.0,430.0,0.1134,0.1689,0.0762,0.63,High Vulnerability,0.87,Very High Concern,2358.0,1.0,large,urban,23.690508852090353,1.0,6.6996795805,0.0,430.0,0.0,427.119137780385,0.7445229489190166,626.5,0.0006230313733017814,1005567.3387358271,74.45229489190166,0.06230313733017814
Falls,9.6153846154,2.0,11.46986,34.0,27.7,,520,13.666228647,3520,20.4,41.663952769,40.38073,2476:1,37428,82.107728337,17335,52.523795789,67.356990932,2020,,,0.0,138.5,122.5,7.5,178.0,0.1248,0.188,0.085,0.98,Very High Vulnerability,0.99,Very High Concern,2476.0,1.0,medium,rural,23.690508852090353,1.0,6.019602497975,1.0,178.0,0.0,176.92851075536046,0.782802044784655,268.5,0.0006538017142321665,410674.97095098626,78.28020447846549,0.06538017142321666
Fannin,7.4153450493,7.0,20.32166,43.0,19.5,,1046,13.748685594,5670,16.8,32.001559303,42.50978,2352:1,53111,58.028933092,35286,46.916624157,70.529264337,2020,,,0.0,244.0,265.0,10.0,403.0,0.1317,0.1945,0.0881,0.58,Moderate Vulnerability,0.86,Very High Concern,2352.0,1.0,medium,rural,23.690508852090353,1.0,6.019602497975,1.0,403.0,0.0,400.5741001933161,0.6091257519701003,519.0,0.0006208555088412822,835943.2953548603,60.912575197010035,0.06208555088412822
Fayette,6.5398335315,9.0,35.61254,44.0,19.4,,791,14.640014807,3250,13.0,15.158394916,47.33915,2112:1,55776,54.740141029,25349,50.861966941,67.137737232,2020,,,0.0,152.0,156.0,0.0,230.0,0.124,0.188,0.0827,0.44,Moderate Vulnerability,0.84,Very High Concern,2112.0,1.0,medium,rural,23.690508852090353,1.0,6.019602497975,1.0,230.0,0.0,228.61549142546576,0.6648718293421324,308.0,0.0005128796836525749,600530.7088916383,66.48718293421324,0.051287968365257494
Fisher,10.0,1.0,25.7732,9.0,21.3,,141,16.49122807,560,14.5,18.142915096,104.1938,960:1,45261,52.142857143,3839,50.429799427,100.0,2020,,,0.0,34.5,37.5,2.5,38.0,0.1278,0.1901,0.086,0.43,Moderate Vulnerability,0.91,Very High Concern,960.0,1.0,small,very rural,23.690508852090353,1.0,6.019602497975,1.0,38.0,0.0,37.77125510507695,0.9133929996242763,74.5,0.0008191506336350861,90947.86348317486,91.33929996242763,0.08191506336350861
Floyd,9.5149253731,4.0,68.31768,37.0,33.3,,203,12.476951444,690,11.5,28.410323282,34.26418,2919:1,39891,76.661129568,5837,49.597395923,53.319888303,2020,,,0.0,49.5,69.0,5.0,68.0,0.1143,0.1758,0.0766,0.83,Very High Vulnerability,0.97,Very High Concern,2919.0,1.0,small,urban,23.690508852090353,1.0,6.019602497975,1.0,68.0,0.0,67.5906670301377,0.7323496301335312,123.5,0.0008931057288826299,138281.50016965138,73.23496301335311,0.08931057288826298
Foard,,0.0,0.0,27.0,31.0,,50,19.083969466,170,11.9,,83.33333,1200:1,37648,74.88372093,1200,51.416666667,100.0,2020,,,0.0,20.0,15.0,0.0,12.0,0.1293,0.1898,0.087,0.48,Moderate Vulnerability,0.93,Very High Concern,1200.0,1.0,small,very rural,23.690508852090353,1.0,6.019602497975,1.0,12.0,0.0,11.9277647700243,1.6767600959286233,35.0,0.0012311540815254849,28428.610622508422,167.67600959286233,0.12311540815254848
Fort Bend,8.7697102478,650.0,84.98643,46.0,10.4,4.110311453,18829,8.3750328036,98800,13.9,46.231436954,67.01715,1492:1,92310,33.722314837,787858,50.930370701,5.5357676703,2020,,,0.0,7625.0,7767.0,283.5,8816.0,0.0795,0.1228,0.0524,0.29,Low Vulnerability,0.54,Moderate Concern,1492.0,1.0,large,very urban,23.690508852090353,1.0,4.110311453,0.0,8816.0,0.0,8779.763494230352,0.8684744190445212,15675.5,0.0008398448511549501,18664756.923190203,86.84744190445211,0.08398448511549501
Franklin,7.0603337612,3.0,27.86291,49.0,23.9,,343,12.78896346,1800,17.0,67.527341819,18.577,5383:1,48222,54.523076923,10766,50.306520528,69.12776992,2020,,,0.0,70.5,77.5,7.5,122.0,0.1283,0.1937,0.0866,0.53,Moderate Vulnerability,0.79,High Concern,5383.0,1.0,medium,rural,23.690508852090353,1.0,6.019602497975,1.0,122.0,0.0,121.26560849524705,0.5813684594900063,155.5,0.0006096795510009168,255052.01830160475,58.13684594900062,0.060967955100091675
Freestone,8.1686429513,6.0,30.57325,37.0,19.3,,616,13.190578158,3820,19.4,23.238191236,55.53312,1801:1,49317,54.266487214,19808,48.096728595,66.476584578,2020,,,0.0,136.0,159.5,7.5,166.0,0.1248,0.188,0.085,0.84,Very High Vulnerability,0.97,Very High Concern,1801.0,1.0,medium,rural,23.690508852090353,1.0,6.019602497975,1.0,166.0,0.0,165.00074598533615,0.8242386977576848,303.0,0.0006456952804677277,469261.59934220574,82.42386977576848,0.06456952804677277
Frio,10.49382716,4.0,20.40816,35.0,33.9,,504,10.601598654,1680,8.8,56.040756914,60.55713,1651:1,41038,75.711226675,19816,40.689341946,22.181564733,2020,,,0.0,141.0,164.0,5.0,225.0,0.1146,0.174,0.0756,0.99,Very High Vulnerability,0.99,Very High Concern,1651.0,1.0,medium,very urban,23.690508852090353,1.0,6.019602497975,1.0,225.0,0.0,223.64558943795564,0.6304617960691624,310.0,0.0006603456345917879,469451.12341302243,63.04617960691624,0.06603456345917878
Gaines,5.806010929,5.0,24.22715,31.0,22.0,,2038,26.682377586,2070,10.4,56.763308927,19.13784,5225:1,56321,55.731775181,20901,49.294292139,63.043478261,2020,,,0.0,204.0,248.0,12.5,470.0,0.1166,0.1765,0.0789,0.68,High Vulnerability,0.99,Very High Concern,5225.0,1.0,medium,rural,23.690508852090353,1.0,6.019602497975,1.0,470.0,0.0,467.1707868259517,0.4366711398758798,464.5,0.0009380894762961516,495155.32551754045,43.66711398758798,0.09380894762961517
Galveston,8.540460387,245.0,73.12647,44.0,16.6,4.8056832428,6352,7.3784964223,53270,16.6,43.736549665,88.78629,1126:1,71959,46.062483038,337890,50.832519459,6.1498271595,2020,,,0.0,3054.0,2914.0,69.0,3888.0,0.1049,0.1574,0.0689,0.58,Moderate Vulnerability,0.73,High Concern,1126.0,1.0,large,very urban,23.690508852090353,1.0,4.8056832428,0.0,3888.0,0.0,3869.3155035519935,0.7892868899412462,6037.0,0.000754173812120024,8004786.03603281,78.92868899412461,0.07541738121200241
Garza,9.4562647754,1.0,15.31863,33.0,26.4,,154,13.774597496,710,10.5,,,,46490,75.274177468,6578,33.794466403,22.334004024,2020,,,0.0,33.5,49.0,5.0,48.0,0.1143,0.1758,0.0766,0.72,High Vulnerability,0.96,Very High Concern,,,small,very urban,23.690508852090353,1.0,6.019602497975,1.0,48.0,0.0,47.7110590800972,0.702143290170111,87.5,0.0005614871153202273,155836.16722905033,70.2143290170111,0.05614871153202273
Gillespie,7.4200913242,31.0,116.34016,51.0,15.7,,1009,17.814265537,3380,13.0,,55.9618,1787:1,61433,48.050248626,26804,51.298313685,53.653822925,2020,,,0.0,149.0,146.5,15.0,263.0,0.1008,0.1475,0.0669,0.36,Low Vulnerability,0.61,High Concern,1787.0,1.0,medium,rural,23.690508852090353,1.0,6.019602497975,1.0,263.0,0.0,261.4168445430326,0.5699709223422773,310.5,0.0004889760704973624,635000.3992714299,56.99709223422773,0.04889760704973624
Glasscock,,0.0,0.0,43.0,13.3,,72,19.512195122,150,10.2,,0.0,1388:0,83330,36.102236422,1388,44.884726225,100.0,2020,,,0.0,22.5,22.5,0.0,18.0,0.1235,0.1873,0.0822,0.18,Very Low Vulnerability,0.81,Very High Concern,1388.0,0.0,small,very rural,23.690508852090353,1.0,6.019602497975,1.0,18.0,0.0,17.89164715503645,1.2575700719464677,45.0,0.001368512153198357,32882.42628670141,125.75700719464677,0.13685121531983568
Goliad,6.6929133858,,,38.0,22.6,,194,11.533888228,1000,13.3,9.2780697563,13.18565,7584:1,55008,53.765846383,7584,50.474683544,100.0,2020,,,0.0,57.0,77.5,5.0,52.0,0.1134,0.1709,0.0762,0.58,Moderate Vulnerability,0.97,Very High Concern,7584.0,1.0,small,very rural,23.690508852090353,1.0,6.019602497975,1.0,52.0,0.0,51.6869806701053,1.1027922169376716,139.5,0.0007764285459891733,179668.81913425325,110.27922169376716,0.07764285459891733
Gonzales,8.6348287506,8.0,38.29034,39.0,25.3,,842,14.427690199,2520,12.3,37.569345181,52.81859,1893:1,49829,78.431372549,20826,49.50062422,65.279951532,2020,,,0.0,181.0,173.0,7.5,290.0,0.1134,0.1709,0.0762,0.9,Very High Vulnerability,0.98,Very High Concern,1893.0,1.0,medium,rural,23.690508852090353,1.0,6.019602497975,1.0,290.0,0.0,288.25431527558726,0.6279177462684431,361.5,0.0007327031328500848,493378.53735363367,62.79177462684431,0.07327031328500848
Gray,6.6788655078,9.0,40.1714,45.0,21.9,,773,13.081739719,3470,15.1,76.775759576,63.94154,1564:1,49121,60.178527151,21895,46.951358758,19.387619259,2020,,,0.0,191.0,234.5,0.0,268.0,0.1241,0.1883,0.0824,0.84,Very High Vulnerability,0.95,Very High Concern,1564.0,1.0,medium,very urban,23.690508852090353,1.0,6.019602497975,1.0,268.0,0.0,266.3867465305427,0.7170026380351501,425.5,0.0008203141930994193,518703.6913165183,71.70026380351501,0.08203141930994193
Grayson,7.7920891568,62.0,47.27772,50.0,16.6,6.468305304,3866,11.914080557,21380,17.0,49.616861019,74.63188,1340:1,51403,53.677607836,133991,51.214633819,43.150475277,2020,,,0.0,1294.0,1254.0,17.5,1586.0,0.1317,0.1945,0.0881,0.66,High Vulnerability,0.79,High Concern,1340.0,1.0,large,urban,23.690508852090353,1.0,6.468305304,0.0,1586.0,0.0,1575.741267787856,0.8212008065363512,2565.5,0.0008082058721181396,3174314.9716004385,82.12008065363511,0.08082058721181397
Gregg,7.9222011385,107.0,86.73308,48.0,20.9,7.5084278272,3764,11.507536152,24920,20.2,29.629653129,134.9964,741:1,50610,59.709385422,123707,51.407761889,13.36235932,2020,,,0.0,989.0,1062.0,22.5,1574.0,0.1265,0.1924,0.0851,0.88,Very High Vulnerability,0.79,High Concern,741.0,1.0,large,very urban,23.690508852090353,1.0,7.5084278272,0.0,1574.0,0.0,1562.1817345999873,0.6330889537978395,2073.5,0.0007075145500835988,2930681.7785655414,63.30889537978395,0.07075145500835989
Grimes,9.1192170819,6.0,21.366,47.0,25.3,,888,13.571756075,4810,17.6,32.246160684,38.787020000000005,2578:1,49498,66.841644794,28360,45.585331453,68.903172455,2020,,,0.0,246.0,267.0,10.0,347.0,0.1225,0.1864,0.0827,0.86,Very High Vulnerability,0.9,Very High Concern,2578.0,1.0,medium,rural,23.690508852090353,1.0,6.019602497975,1.0,347.0,0.0,344.9111979332027,0.713227060977132,523.0,0.0007784327035718258,671862.8310452824,71.3227060977132,0.07784327035718258
Guadalupe,7.9980919065,56.0,35.07475,39.0,12.0,5.5054655709,3565,8.2467787828,17330,11.5,40.498684741,32.37748,3089:1,73864,40.711264071,163694,50.506432734,26.16225586,2020,,,0.0,1556.0,1513.0,17.5,1905.0,0.1024,0.1543,0.0667,0.43,Moderate Vulnerability,0.77,High Concern,3089.0,1.0,large,very urban,23.690508852090353,1.0,5.5054655709,0.0,1905.0,0.0,1894.5120880874356,0.8213196473033998,3086.5,0.0007959011478130956,3877994.1560340784,82.13196473033997,0.07959011478130956
Hale,9.6685922773,10.0,29.2963,39.0,26.2,,1204,12.527312454,4510,13.1,38.311899757,62.07508000000001,1611:1,42782,73.134942403,33830,47.803724505,23.099826317,2020,,,0.0,348.0,300.5,5.0,432.0,0.1143,0.1758,0.0766,0.93,Very High Vulnerability,0.97,Very High Concern,1611.0,1.0,medium,very urban,23.690508852090353,1.0,6.019602497975,1.0,432.0,0.0,429.3995317208748,0.8104340463655013,653.5,0.0008153971797916347,801449.9144662167,81.04340463655014,0.08153971797916347
Hall,13.089005236,1.0,32.56268,25.0,38.8,,92,12.568306011,570,18.4,,33.0251,3028:1,32597,71.769383698,3028,50.495376486,100.0,2020,,,0.0,22.5,17.5,2.5,24.0,0.1241,0.1883,0.0824,0.95,Very High Vulnerability,1.0,Very High Concern,3028.0,1.0,small,very rural,23.690508852090353,1.0,6.019602497975,1.0,24.0,0.0,23.8555295400486,0.9431775539598507,42.5,0.0005924595032817487,71734.8608041296,94.31775539598507,0.05924595032817487
Hamilton,5.9390048154,8.0,94.98931,19.0,23.4,,304,16.033755274,1350,16.4,,82.50825,1212:1,49210,53.117913832,8484,50.282885431,64.377128097,2020,,,0.0,44.5,60.0,5.0,72.0,0.1264,0.1929,0.0847,0.61,High Vulnerability,0.78,High Concern,1212.0,1.0,small,rural,23.690508852090353,1.0,6.019602497975,1.0,72.0,0.0,71.5665886201458,0.6217985355735313,109.5,0.0005448024729320694,200990.27710113456,62.17985355735313,0.05448024729320694
Hansford,5.4511278195,2.0,36.71746,29.0,17.2,,301,18.421052632,640,11.7,,54.91488,1821:1,57240,58.51285615,5463,49.020684606,40.334936754,2020,,,0.0,60.0,54.0,2.5,73.0,0.1241,0.1883,0.0824,0.76,High Vulnerability,0.83,Very High Concern,1821.0,1.0,small,urban,23.690508852090353,1.0,6.019602497975,1.0,73.0,0.0,72.56056901764782,0.8268953897730198,116.5,0.000900161295976898,129421.2498589696,82.68953897730198,0.0900161295976898
Hardeman,6.4981949458,4.0,100.15023,35.0,27.1,,176,18.803418803,630,15.7,,25.4972,3922:1,42469,78.8,3922,49.413564508,100.0,2020,,,0.0,34.5,35.5,2.5,42.0,0.1293,0.1898,0.087,0.73,High Vulnerability,0.96,Very High Concern,3922.0,1.0,small,very rural,23.690508852090353,1.0,6.019602497975,1.0,42.0,0.0,41.74717669508505,0.8264031901362501,72.5,0.0007802899766352238,92914.17571789837,82.640319013625,0.07802899766352238
Hardin,8.6876155268,11.0,19.2513,42.0,17.1,5.6074766355,1302,8.7300522999,9750,17.4,59.605043734,45.44898,2200:1,60909,46.208349291,57207,50.726309717,51.547542784,2020,,,0.0,460.0,528.0,12.5,698.0,0.1338,0.1949,0.0899,0.25,Low Vulnerability,0.81,Very High Concern,2200.0,1.0,large,urban,23.690508852090353,1.0,5.6074766355,0.0,698.0,0.0,694.085981308421,0.6627420987999993,1000.5,0.00073823312845306,1355262.9399015328,66.27420987999993,0.073823312845306
Harris,8.7174646209,2742.0,58.92998,44.0,24.8,6.1092895288,143373,11.117659238,739120,16.3,48.310296049,90.38826,1106:1,60241,64.185133746,4698619,50.328681683,1.2132803285,2020,,,0.0,47893.0,44814.0,2048.0,63815.0,0.1057,0.1669,0.0691,0.72,High Vulnerability,0.79,High Concern,1106.0,1.0,large,very urban,23.690508852090353,1.0,6.1092895288,0.0,63815.0,0.0,63425.13568871963,0.755110721954954,94755.0,0.0008512507671718421,111312675.01209992,75.5110721954954,0.08512507671718421
Harrison,7.8001752848,19.0,28.50242,46.0,22.8,7.1599045346,1787,10.207345633,13210,19.8,37.916954314,59.94665,1668:1,50131,54.971772676,66726,51.05356233,56.054303607,2020,,,0.0,542.0,525.0,20.0,765.0,0.1276,0.1901,0.0861,0.73,High Vulnerability,0.94,Very High Concern,1668.0,1.0,large,rural,23.690508852090353,1.0,7.1599045346,0.0,765.0,0.0,759.522673031031,0.7136060834590202,1087.0,0.0006876383093083623,1580772.893664581,71.36060834590202,0.06876383093083623
Hartley,6.2222222222,,,32.0,10.3,,202,15.768930523,770,13.3,,,,72451,58.992805755,5619,40.11389927,57.258330584,2020,,,0.0,37.5,42.5,5.0,56.0,0.1241,0.1883,0.0824,0.53,Moderate Vulnerability,0.74,High Concern,,,small,rural,23.690508852090353,1.0,6.019602497975,1.0,56.0,0.0,55.6629022601134,0.6736982528284647,85.0,0.0006385361722502705,133116.9692398957,67.36982528284648,0.06385361722502704
Haskell,6.8535825545,3.0,52.21023,37.0,33.9,,153,13.796212804,910,15.6,6.6226940725,,,40880,74.832962138,5813,46.533631516,47.61824038,2020,,,0.0,37.0,49.0,0.0,47.0,0.1278,0.1901,0.086,0.98,Very High Vulnerability,0.99,Very High Concern,,,small,urban,23.690508852090353,1.0,6.019602497975,1.0,47.0,0.0,46.71707868259517,0.7920015772258605,86.0,0.0006244874847677866,137712.92795720123,79.20015772258606,0.062448748476778664
Hays,7.2379467498,93.0,43.35968,46.0,12.1,3.4828559419,5562,10.668661526,25740,13.2,39.409104333,58.39259,1713:1,68180,44.292760965,222631,50.25131271,31.712145226,2020,,,0.0,1994.0,1750.0,65.5,2802.0,0.1018,0.157,0.0664,0.49,Moderate Vulnerability,0.73,High Concern,1713.0,1.0,large,urban,23.690508852090353,1.0,3.4828559419,0.0,2802.0,0.0,2792.241037650796,0.7141217298624111,3809.5,0.0007222839289208987,5274241.676249728,71.4121729862411,0.07222839289208988
Hemphill,5.2132701422,4.0,99.40358,34.0,13.4,,241,18.229954614,440,10.6,,52.28758,1913:1,66849,35.913978495,3825,49.803921569,26.95035461,2020,,,0.0,27.5,39.0,0.0,30.0,0.1241,0.1883,0.0824,0.74,High Vulnerability,0.8,Very High Concern,1913.0,1.0,small,very urban,23.690508852090353,1.0,6.019602497975,1.0,30.0,0.0,29.81941192506075,0.9222180527607429,66.5,0.0007338643936936223,90616.1963592456,92.22180527607429,0.07338643936936223
Henderson,7.6455534229,25.0,30.83983,52.0,29.9,7.786429366,2069,11.567059876,14200,17.8,46.582010106,46.1731,2166:1,43337,62.315654484,82299,51.094180974,60.110528192,2020,,,0.0,588.0,611.0,7.5,955.0,0.1398,0.2105,0.0948,0.72,High Vulnerability,0.9,Very High Concern,2166.0,1.0,large,rural,23.690508852090353,1.0,7.786429366,0.0,955.0,0.0,947.56395995547,0.6205385861526779,1206.5,0.0006188115041261036,1949705.188018184,62.053858615267785,0.061881150412610365
Hidalgo,8.2134098376,387.0,44.96544,46.0,40.4,4.709081414,35069,12.1821504,95430,11.4,76.266544469,81.06806999999999,1234:1,38785,85.385181964,865939,50.980149872,5.1386929524,2020,,,0.0,10118.0,9779.0,439.5,13383.0,0.1074,0.1741,0.0695,0.98,Very High Vulnerability,0.99,Very High Concern,1234.0,1.0,large,very urban,23.690508852090353,1.0,4.709081414,0.0,13383.0,0.0,13319.978363436438,0.7596108434961185,20336.5,0.0009913214927785782,20514535.54487027,75.96108434961185,0.09913214927785782
Hill,7.5719872023,8.0,22.31396,38.0,20.2,,1097,12.66743649,5790,16.5,45.731384765,30.25802,3305:1,48670,63.067926226,36354,50.173295923,76.266066289,2020,,,0.0,189.0,179.0,10.0,387.0,0.1248,0.188,0.085,0.87,Very High Vulnerability,0.93,Very High Concern,3305.0,1.0,medium,rural,23.690508852090353,1.0,6.019602497975,1.0,387.0,0.0,384.6704138332837,0.4913297025279222,378.0,0.0004388996230557926,861244.7588088927,49.13297025279222,0.04388996230557926
Hockley,9.3538183461,13.0,56.30631,31.0,28.1,,719,11.478288633,2770,11.9,46.58581355,43.5161,2298:1,46764,63.325879244,22980,50.139251523,39.847394811,2020,,,0.0,262.0,267.0,12.5,283.0,0.1143,0.1758,0.0766,0.9,Very High Vulnerability,0.97,Very High Concern,2298.0,1.0,medium,urban,23.690508852090353,1.0,6.019602497975,1.0,283.0,0.0,281.29645249307305,0.9314017211306701,541.5,0.000994658612675942,544407.8934210363,93.14017211306701,0.09946586126759419
Hood,7.2357531331,31.0,53.19788,49.0,16.8,6.5313739212,1538,11.870031643,8480,15.3,74.872232212,42.94894,2328:1,60917,48.281948694,60537,51.102631449,32.845531632,2020,,,0.0,573.0,611.0,17.5,591.0,0.1134,0.1689,0.0762,0.26,Low Vulnerability,0.66,High Concern,2328.0,1.0,large,urban,23.690508852090353,1.0,6.5313739212,0.0,591.0,0.0,587.1399580125708,0.9759172275373088,1201.5,0.0008377771113974897,1434152.3343789936,97.59172275373088,0.08377771113974897
Hopkins,7.3348087259,9.0,24.66024,44.0,21.1,,1290,13.773222293,6240,17.4,44.81549393,92.3662,1083:1,52079,61.647266834,36810,50.763379516,59.62572168,2020,,,0.0,251.0,288.0,12.5,445.0,0.1283,0.1937,0.0866,0.71,High Vulnerability,0.76,High Concern,1083.0,1.0,large,rural,23.690508852090353,1.0,6.019602497975,1.0,445.0,0.0,442.32127688840114,0.567460832464833,551.5,0.0006324195840831808,872047.6308454459,56.7460832464833,0.06324195840831807
Houston,8.8943792464,4.0,17.37544,39.0,40.8,,546,11.762171478,5160,22.6,45.425761125,34.5289,2896:1,39533,62.833983789,23169,46.544952307,73.487274566,2020,,,0.0,143.5,172.0,10.0,187.0,0.1365,0.206,0.093,0.91,Very High Vulnerability,0.97,Very High Concern,2896.0,1.0,medium,rural,23.690508852090353,1.0,6.019602497975,1.0,187.0,0.0,185.87433433287868,0.7720269746494892,325.5,0.0005930199641686914,548885.3995940814,77.20269746494893,0.05930199641686914
Howard,9.8015267176,11.0,30.52164,38.0,25.1,7.9214195184,932,11.639815162,4770,13.1,47.378925877,101.48386,985:1,50423,58.507670851,36459,42.494308675,20.064549297,2020,,,0.0,219.0,249.0,7.5,427.0,0.1235,0.1873,0.0822,0.92,Very High Vulnerability,0.97,Very High Concern,985.0,1.0,medium,very urban,23.690508852090353,1.0,7.9214195184,0.0,427.0,0.0,423.6175538656432,0.5169757438084335,475.5,0.000550517817602114,863732.2622383622,51.69757438084335,0.0550517817602114
Hudspeth,11.387900356,,,23.0,25.0,,146,14.092664093,500,13.4,,,,42671,91.680814941,4795,47.00729927,100.0,2020,,,0.0,53.0,56.5,0.0,43.0,0.1166,0.1765,0.0789,0.98,Very High Vulnerability,0.98,Very High Concern,,,small,very rural,23.690508852090353,1.0,6.019602497975,1.0,43.0,0.0,42.74115709258707,1.2400225825704705,109.5,0.0009639424776549901,113595.98994577324,124.00225825704705,0.09639424776549901
Hunt,8.631632394,27.0,28.76257,38.0,20.1,7.63062597,2633,11.310623309,16200,17.9,52.351984246,78.76219,1270:1,53360,54.563701669,96493,50.6772512,56.631332072,2020,,,0.0,1051.0,947.0,27.5,1211.0,0.1122,0.1653,0.0743,0.83,Very High Vulnerability,0.87,Very High Concern,1270.0,1.0,large,rural,23.690508852090353,1.0,7.63062597,0.0,1211.0,0.0,1201.75931195033,0.8745511597445721,2025.5,0.0008860577926617456,2285968.2706647543,87.45511597445721,0.08860577926617456
Hutchinson,9.2692496322,7.0,32.74854,38.0,18.9,,734,12.827682628,3460,15.9,43.164571689,37.73941,2650:1,54351,49.167253108,21198,49.698084725,22.564334086,2020,,,0.0,203.0,197.0,7.5,231.0,0.1241,0.1883,0.0824,0.66,High Vulnerability,0.86,Very High Concern,2650.0,1.0,medium,very urban,23.690508852090353,1.0,6.019602497975,1.0,231.0,0.0,229.60947182296778,0.8841098687623651,407.5,0.0008114435942285149,502191.4066466113,88.4109868762365,0.08114435942285149
Irion,10.377358491,0.0,0.0,38.0,10.2,,50,13.736263736,210,13.4,,0.0,1522:0,56775,26.353790614,1522,48.685939553,100.0,2020,,,0.0,20.0,25.0,0.0,12.0,0.1235,0.1873,0.0822,0.2,Low Vulnerability,0.88,Very High Concern,1522.0,0.0,small,very rural,23.690508852090353,1.0,6.019602497975,1.0,12.0,0.0,11.9277647700243,1.6767600959286233,45.0,0.0012480255378707749,36056.954472881516,167.67600959286233,0.12480255378707748
Jack,7.3282442748,4.0,45.28986,34.0,21.9,,322,16.035856574,1410,15.9,,22.61676,4422:1,48780,61.412051126,8843,43.593803008,53.217602831,2020,,,0.0,65.5,87.0,10.0,80.0,0.1293,0.1898,0.087,0.65,High Vulnerability,0.98,Very High Concern,4422.0,1.0,small,urban,23.690508852090353,1.0,6.019602497975,1.0,80.0,0.0,79.518431800162,0.8237083971249362,162.5,0.0007756742084860327,209495.169779035,82.37083971249362,0.07756742084860327
Jackson,6.9896193772,1.0,6.75447,38.0,19.4,,504,12.804878049,2060,14.0,41.783387714,60.50827,1653:1,54088,55.189107413,14874,50.248756219,61.818827709,2020,,,0.0,162.0,180.0,2.5,201.0,0.1134,0.1709,0.0762,0.68,High Vulnerability,0.93,Very High Concern,1653.0,1.0,medium,rural,23.690508852090353,1.0,6.019602497975,1.0,201.0,0.0,199.790059897907,0.8108511508669761,344.5,0.0009776582287455299,352372.62866599194,81.08511508669761,0.09776582287455299
Jasper,8.0478882607,14.0,39.36897,38.0,29.9,,864,9.779286927,7520,21.2,59.808008805,64.11686,1560:1,47551,64.394925179,35872,50.485057984,78.185382246,2020,,,0.0,227.0,293.0,7.5,352.0,0.1428,0.2169,0.0983,0.82,Very High Vulnerability,0.92,Very High Concern,1560.0,1.0,medium,rural,23.690508852090353,1.0,6.019602497975,1.0,352.0,0.0,349.8810999207128,0.6487918325723822,527.5,0.0006207153479081431,849825.9335421851,64.87918325723821,0.062071534790814314
Jeff Davis,,1.0,43.85965,24.0,34.4,,26,20.3125,220,9.8,,44.40497,2252:1,51343,54.44015444,2252,48.756660746,100.0,2020,,,0.0,7.5,12.5,0.0,17.0,0.1166,0.1765,0.0789,0.36,Low Vulnerability,0.89,Very High Concern,2252.0,1.0,small,very rural,23.690508852090353,1.0,6.019602497975,1.0,17.0,0.0,16.897666757534424,0.44384826068698857,20.0,0.0003748756401498558,53351.02593490748,44.38482606869886,0.03748756401498558
Jefferson,10.120481928,145.0,56.57455,42.0,27.8,9.0358982746,6681,10.590976824,58010,22.8,50.850819321,117.25444,853:1,48121,68.061438213,255001,48.714710923,8.4020089348,2020,,,0.0,2116.0,2388.0,52.5,3192.0,0.1231,0.1913,0.0827,0.86,Very High Vulnerability,0.95,Very High Concern,853.0,1.0,large,very urban,23.690508852090353,1.0,9.0358982746,0.0,3192.0,0.0,3163.157412707477,0.6689518490288564,4556.5,0.0007542496233308941,6041103.447791892,66.89518490288565,0.0754249623330894
Jim Hogg,8.9500860585,1.0,19.22338,30.0,38.6,,139,8.7202007528,470,8.9,,,,36176,83.753258036,5248,48.666158537,17.396226415,2020,,,0.0,31.0,34.5,0.0,56.0,0.1146,0.1867,0.0742,0.99,Very High Vulnerability,1.0,Very High Concern,,,small,very urban,23.690508852090353,1.0,6.019602497975,1.0,56.0,0.0,55.6629022601134,0.5569238890048642,65.5,0.0005268331381092286,124327.79045577017,55.69238890048642,0.05268331381092286
Jim Wells,10.120705664,11.0,26.91395,37.0,33.3,4.5861041046,1261,10.577084382,4420,10.7,,71.04013,1408:1,41919,68.442174389,40822,50.409093136,40.085214751,2020,,,0.0,396.0,425.0,5.0,540.0,0.0992,0.1603,0.0642,0.92,Very High Vulnerability,0.99,Very High Concern,1408.0,1.0,large,urban,23.690508852090353,1.0,4.5861041046,0.0,540.0,0.0,537.523503783516,0.7367119711280314,826.0,0.0008541052272990478,967093.9523600324,73.67119711280314,0.08541052272990478
Johnson,6.758821895,77.0,46.02483,46.0,15.5,6.7567567568,4649,10.179326049,22440,14.0,42.106967902,53.10427000000001,1883:1,62635,51.386599152,171361,50.135094917,37.874170167,2020,,,0.0,1325.0,1143.0,23.5,2123.0,0.1346,0.1961,0.0907,0.51,Moderate Vulnerability,0.73,High Concern,1883.0,1.0,large,urban,23.690508852090353,1.0,6.7567567568,0.0,2123.0,0.0,2108.6554054053136,0.6283625084513589,2491.5,0.0006137259891515396,4059629.287403055,62.836250845135886,0.06137259891515396
Jones,7.0886075949,6.0,30.02552,30.0,24.0,,444,12.144420131,3350,16.8,46.309382665,35.32321,2831:1,43903,61.744966443,19817,37.260937579,85.14998515,2020,,,0.0,160.0,133.0,0.0,147.0,0.1278,0.1901,0.086,0.63,High Vulnerability,0.97,Very High Concern,2831.0,1.0,medium,very rural,23.690508852090353,1.0,6.019602497975,1.0,147.0,0.0,146.1151184327977,1.0950270014227743,293.0,0.0006241016372153209,469474.8139218745,109.50270014227743,0.062410163721532096
Karnes,8.1214109926,4.0,26.338320000000003,43.0,25.3,,397,12.204119275,1790,11.9,52.322555233,19.16933,5217:1,48743,70.358934774,15650,41.156549521,38.390447922,2020,,,0.0,148.0,174.0,35.5,175.0,0.1134,0.1709,0.0762,0.84,Very High Vulnerability,0.97,Very High Concern,5217.0,1.0,medium,urban,23.690508852090353,1.0,6.019602497975,1.0,175.0,0.0,173.94656956285436,0.8508359801054958,357.5,0.0009642448214959981,370756.463535214,85.08359801054958,0.09642448214959981
Kaufman,8.2398348443,39.0,31.73751,50.0,15.3,5.6159086724,3831,10.795806797,16950,14.8,36.9588973,42.76096,2339:1,67434,48.385723409,128622,50.739375846,48.817610063,2020,,,0.0,1789.0,1574.0,30.0,2028.0,0.1236,0.185,0.0839,0.57,Moderate Vulnerability,0.77,High Concern,2339.0,1.0,large,urban,23.690508852090353,1.0,5.6159086724,0.0,2028.0,0.0,2016.6109372123728,0.8871319534113968,3393.0,0.001113510232272898,3047120.6295735654,88.71319534113968,0.1113510232272898
Kendall,7.1287908625,38.0,86.31263,47.0,10.5,,1355,12.362010765,4560,11.3,34.701562339,105.1686,951:1,90937,23.858383132,45641,51.030871366,58.159233762,2020,,,0.0,332.0,263.0,10.0,385.0,0.1008,0.1475,0.0669,0.23,Low Vulnerability,0.47,Moderate Concern,951.0,1.0,large,rural,23.690508852090353,1.0,6.019602497975,1.0,385.0,0.0,382.6824530382796,0.8675600288544981,605.0,0.0005595331660990914,1081258.5145182558,86.75600288544982,0.05595331660990914
Kenedy,,0.0,0.0,44.0,20.3,,16,13.223140496,70,11.6,,0.0,442:0,42153,76.923076923,442,48.416289593,100.0,2020,,,0.0,2.5,5.0,0.0,,0.0992,0.1603,0.0642,0.73,High Vulnerability,0.99,Very High Concern,442.0,0.0,small,very rural,23.690508852090353,1.0,6.019602497975,1.0,1533.4742547425474,1.0,1524.2433492881187,0.0016401580503320535,7.5,0.0007162499504673151,10471.204912623936,0.16401580503320534,0.0716249950467315
Kent,,0.0,0.0,20.0,20.3,,24,15.094339623,100,14.9,,0.0,726:0,47625,36.184210526,726,50.275482094,100.0,2020,,,0.0,5.0,12.5,0.0,,0.1278,0.1901,0.086,0.44,Moderate Vulnerability,0.91,Very High Concern,726.0,0.0,small,very rural,23.690508852090353,1.0,6.019602497975,1.0,1533.4742547425474,1.0,1524.2433492881187,0.003280316100664107,17.5,0.001017482712004533,17199.309426617598,0.3280316100664107,0.1017482712004533
Kerr,8.1704668838,44.0,85.07347,49.0,23.3,5.731441048,1384,13.452566096,7110,14.0,50.668821992,87.77788,1139:1,53704,59.460610362,52405,51.87672932,41.102267003,2020,,,0.0,367.0,367.0,20.0,485.0,0.1008,0.1475,0.0669,0.7,High Vulnerability,0.6,High Concern,1139.0,1.0,large,urban,23.690508852090353,1.0,5.731441048,0.0,485.0,0.0,482.22025109172,0.7610630187536345,754.0,0.0006073292968033359,1241501.116393795,76.10630187536344,0.06073292968033359
Kimble,6.862745098,3.0,68.02721,24.0,35.9,,105,12.589928058,710,16.1,,114.62632,872:1,42503,61.463414634,4362,51.077487391,44.302148904,2020,,,0.0,34.5,32.0,5.0,54.0,0.1235,0.1873,0.0822,0.59,Moderate Vulnerability,0.82,Very High Concern,872.0,1.0,small,urban,23.690508852090353,1.0,6.019602497975,1.0,54.0,0.0,53.67494146510935,0.642758036772639,71.5,0.0006919042391752577,103337.99961281812,64.2758036772639,0.06919042391752578
King,,0.0,0.0,,15.7,,18,20.454545455,40,15.5,,0.0,277:0,57925,0.0,277,49.458483755,100.0,2020,,,0.0,10.0,7.5,0.0,,0.1143,0.1758,0.0766,0.2,Very Low Vulnerability,0.68,High Concern,277.0,0.0,small,very rural,23.690508852090353,1.0,6.019602497975,1.0,1533.4742547425474,1.0,1524.2433492881187,0.006560632201328214,17.5,0.0026667597433765013,6562.270952029028,0.6560632201328214,0.2666759743376501
Kinney,8.0,,,25.0,26.6,,100,13.192612137,320,8.7,,26.54632,3767:1,43192,59.487179487,3767,44.942925405,20.455808783,2020,,,0.0,25.0,22.5,0.0,25.0,0.107,0.1724,0.0705,0.86,Very High Vulnerability,0.98,Very High Concern,3767.0,1.0,small,very urban,23.690508852090353,1.0,6.019602497975,1.0,25.0,0.0,24.849509937550625,1.006056057557174,47.5,0.0005322597189650926,89242.14684582436,100.60560575571739,0.053225971896509267
Kleberg,7.773512476,14.0,45.03345,37.0,33.3,,714,9.1129546905,4100,13.0,35.094348084,44.97414,2224:1,42605,67.918708038,31129,48.796941758,18.870278532,2020,,,0.0,312.0,282.0,12.5,376.0,0.0992,0.1603,0.0642,0.98,Very High Vulnerability,0.99,Very High Concern,2224.0,1.0,medium,very urban,23.690508852090353,1.0,6.019602497975,1.0,376.0,0.0,373.7366294607614,0.8348124732921232,606.5,0.0008224154238668103,737461.8500567207,83.48124732921232,0.08224154238668104
Knox,8.2595870206,1.0,26.95418,13.0,31.5,,186,18.1640625,500,13.2,46.549184776,164.24856,609:1,39726,64.52991453,3653,50.479058308,100.0,2020,,,0.0,41.5,35.0,0.0,43.0,0.1278,0.1901,0.086,0.8,High Vulnerability,0.93,Very High Concern,609.0,1.0,small,very rural,23.690508852090353,1.0,6.019602497975,1.0,43.0,0.0,42.74115709258707,0.9709610788051797,76.5,0.0008839696897582379,86541.42883668606,97.09610788051796,0.08839696897582379
La Salle,9.1988130564,,,24.0,35.5,,116,7.4694140373,370,5.0,,119.50604,837:1,40072,87.391304348,7531,40.817952463,46.354923032,2020,,,0.0,33.5,62.0,0.0,79.0,0.107,0.1724,0.0705,0.82,Very High Vulnerability,0.97,Very High Concern,837.0,1.0,small,urban,23.690508852090353,1.0,6.019602497975,1.0,79.0,0.0,78.52445140265998,0.42661870795145984,95.5,0.0005352742293484856,178413.22216509245,42.66187079514599,0.05352742293484856
Lamar,8.8082901554,25.0,50.41644,48.0,22.2,6.5416484954,1451,11.858450474,9970,20.2,40.132093431,98.53604,1015:1,45767,62.569508804,49728,51.797779923,47.082923302,2020,,,0.0,532.0,597.0,12.5,632.0,0.1283,0.1937,0.0866,0.84,Very High Vulnerability,0.94,Very High Concern,1015.0,1.0,large,urban,23.690508852090353,1.0,6.5416484954,0.0,632.0,0.0,627.8656781509072,0.847314988719823,1141.5,0.0009689481412447192,1178081.6241967492,84.7314988719823,0.09689481412447193
Lamb,8.6722947045,3.0,22.71007,36.0,27.8,,557,14.677206851,1730,13.0,28.880957249,68.39945,1462:1,42700,70.252951096,13158,50.425596595,57.687629677,2020,,,0.0,129.5,168.0,10.0,181.0,0.1143,0.1758,0.0766,0.9,Very High Vulnerability,0.99,Very High Concern,1462.0,1.0,medium,rural,23.690508852090353,1.0,6.019602497975,1.0,181.0,0.0,179.91045194786653,0.719802538417978,307.5,0.0009864631100751392,311719.7154758049,71.9802538417978,0.09864631100751392
Lampasas,5.8561425843,9.0,42.80211,26.0,20.2,,643,12.793473936,2960,14.5,50.561469143,32.97376,3033:1,55151,50.709606987,21229,50.723067502,68.267520455,2020,,,0.0,118.0,129.5,7.5,203.0,0.1264,0.1929,0.0847,0.54,Moderate Vulnerability,0.88,Very High Concern,3033.0,1.0,medium,rural,23.690508852090353,1.0,6.019602497975,1.0,203.0,0.0,201.77802069291107,0.5848010580874213,255.0,0.0005070330329088892,502925.8124210261,58.48010580874213,0.05070330329088892
Lavaca,7.3981191223,14.0,69.78367,35.0,22.2,,611,12.26661313,2920,14.7,26.126186752,54.69915,1828:1,51128,42.534864643,20110,51.158627548,81.316513523,2020,,,0.0,194.0,209.0,5.0,227.0,0.1134,0.1709,0.0762,0.69,High Vulnerability,0.91,Very High Concern,1828.0,1.0,medium,very rural,23.690508852090353,1.0,6.019602497975,1.0,227.0,0.0,225.63355023295966,0.8598012121854263,408.0,0.000856394172501069,476416.133015537,85.98012121854262,0.0856394172501069
Lee,7.5799721836,4.0,23.27882,48.0,17.8,,501,13.208542051,2490,14.8,43.737213003,34.99767,2857:1,55834,63.832982878,17144,49.784181055,69.720683843,2020,,,0.0,150.5,154.5,7.5,209.0,0.124,0.188,0.0827,0.68,High Vulnerability,0.88,Very High Concern,2857.0,1.0,medium,rural,23.690508852090353,1.0,6.019602497975,1.0,209.0,0.0,207.7419030779232,0.7244566347481086,312.5,0.0007694200062863423,406150.08376023703,72.44566347481086,0.07694200062863422
Leon,7.1967100754,,,43.0,24.4,,688,16.966707768,3050,18.0,23.450372137,28.95194,3454:1,47065,51.46875,17270,50.277938622,100.0,2020,,,0.0,124.5,160.0,12.5,199.0,0.1225,0.1864,0.0827,0.62,High Vulnerability,0.92,Very High Concern,3454.0,1.0,medium,very rural,23.690508852090353,1.0,6.019602497975,1.0,199.0,0.0,197.802099102903,0.6294169807330059,297.0,0.0007259216058494214,409135.0878756004,62.941698073300586,0.07259216058494214
Liberty,8.748403576,20.0,23.90686,35.0,23.2,7.02172761,2977,13.224645729,14210,17.8,30.846808228,39.38695,2539:1,52577,66.212406015,86323,50.425726631,63.227264915,2020,,,0.0,1049.0,1044.0,25.0,1259.0,0.1377,0.2028,0.0929,0.94,Very High Vulnerability,0.97,Very High Concern,2539.0,1.0,large,rural,23.690508852090353,1.0,7.02172761,0.0,1259.0,0.0,1250.15964493901,0.8390928344604951,2118.0,0.0010356786930168164,2045035.7956389955,83.90928344604951,0.10356786930168164
Limestone,10.062590274,8.0,34.00349,43.0,33.0,,616,11.298606016,4500,19.2,26.097624129,63.77822,1568:1,43226,74.536340852,23519,48.369403461,53.617858365,2020,,,0.0,159.0,212.0,7.5,273.0,0.1248,0.188,0.085,0.95,Very High Vulnerability,0.98,Very High Concern,1568.0,1.0,medium,urban,23.690508852090353,1.0,6.019602497975,1.0,273.0,0.0,271.35664851805285,0.5859447368190134,378.5,0.0006793172496751869,557177.077692313,58.594473681901334,0.06793172496751869
Lipscomb,6.309148265,,,29.0,17.5,,256,27.497314715,420,12.0,,29.80626,3355:1,57332,62.532299742,3355,48.315946349,100.0,2020,,,0.0,32.0,45.0,5.0,27.0,0.1241,0.1883,0.0824,0.46,Moderate Vulnerability,0.87,Very High Concern,3355.0,1.0,small,very rural,23.690508852090353,1.0,6.019602497975,1.0,27.0,0.0,26.837470732554674,1.1923627348825767,82.0,0.0010316845784297016,79481.65719876313,119.23627348825767,0.10316845784297017
Live Oak,7.5081610446,1.0,8.214229999999999,34.0,25.6,,384,15.0,1500,12.5,,32.87851,3042:1,48814,61.417322835,12166,45.199736972,100.0,2020,,,0.0,78.0,93.0,2.5,122.0,0.1146,0.1867,0.0742,0.69,High Vulnerability,0.95,Very High Concern,3042.0,1.0,medium,very rural,23.690508852090353,1.0,6.019602497975,1.0,122.0,0.0,121.26560849524705,0.6432161679463899,173.5,0.0006019733678720696,288218.73069453123,64.321616794639,0.06019733678720696
Llano,8.1244598099,17.0,80.15087,39.0,23.4,,457,13.42143906,3150,15.6,,27.71875,3608:1,54019,58.899176955,21646,51.575348794,45.179006269,2020,,,0.0,106.5,126.0,7.5,174.0,0.1264,0.1929,0.0847,0.47,Moderate Vulnerability,0.76,High Concern,3608.0,1.0,medium,urban,23.690508852090353,1.0,6.019602497975,1.0,174.0,0.0,172.95258916535235,0.6157756904013738,240.0,0.0004680143813826898,512804.7546123478,61.577569040137384,0.04680143813826898
Loving,,0.0,0.0,,9.6,,9,17.647058824,10,17.7,,0.0,152:0,78637,,152,44.078947368,100.0,2020,,,0.0,0.0,2.5,0.0,0.0,0.1166,0.1765,0.0789,0.76,High Vulnerability,0.83,Very High Concern,152.0,0.0,small,very rural,23.690508852090353,1.0,6.019602497975,1.0,0.0,0.0,0.0,,2.5,0.000694259820409108,3600.9573455177338,,0.0694259820409108
Lubbock,8.8743528753,251.0,82.23442,45.0,20.3,5.0405662006,7177,9.4384534456,47350,15.9,43.908668797,144.43158,692:1,50377,54.949407797,307412,50.729314405,11.335540166,2020,,,0.0,3247.0,3136.0,38.0,3980.0,0.109,0.1714,0.0711,0.75,High Vulnerability,0.74,High Concern,692.0,1.0,large,very urban,23.690508852090353,1.0,5.0405662006,0.0,3980.0,0.0,3959.938546521612,0.8199622195784192,6421.0,0.0008816728437936399,7282746.7072388,81.99622195784193,0.08816728437936398
Lynn,8.8122605364,3.0,51.20328,31.0,26.8,,195,12.081784387,720,12.5,,68.06193999999999,1469:1,43436,57.998683344,5877,49.004594181,56.720202874,2020,,,0.0,60.0,68.0,0.0,68.0,0.1143,0.1758,0.0766,0.89,Very High Vulnerability,0.99,Very High Concern,1469.0,1.0,small,rural,23.690508852090353,1.0,6.019602497975,1.0,68.0,0.0,67.5906670301377,0.8876965213739771,128.0,0.0009193479030716083,139229.120523735,88.76965213739771,0.09193479030716083
Madison,7.3646850044,3.0,21.09408,42.0,23.4,,397,12.785829308,2440,17.4,46.613383608,27.7354,3606:1,45445,69.34710439,14422,42.566911663,67.403395785,2020,,,0.0,107.0,120.0,0.0,176.0,0.1225,0.1864,0.0827,0.84,Very High Vulnerability,0.96,Very High Concern,3606.0,1.0,medium,rural,23.690508852090353,1.0,6.019602497975,1.0,176.0,0.0,174.9405499603564,0.6116363531739637,227.0,0.000664394420840268,341664.51866484707,61.16363531739637,0.0664394420840268
Marion,9.8613251156,,,37.0,34.0,,220,11.311053985,2290,22.6,35.431635318,30.21757,3309:1,38011,74.29245283,9928,51.228847703,100.0,2020,,,0.0,48.0,29.5,0.0,91.0,0.1276,0.1901,0.0861,0.69,High Vulnerability,0.97,Very High Concern,3309.0,1.0,medium,very rural,23.690508852090353,1.0,6.019602497975,1.0,91.0,0.0,90.45221617268427,0.5306669314587291,77.5,0.00032950768269215524,235199.37188355302,53.06669314587291,0.03295076826921552
Martin,8.2335329341,2.0,35.54924,35.0,19.6,,324,17.792421746,460,8.2,,34.76447,2877:1,56484,51.265822785,5753,49.40031288,100.0,2020,,,0.0,31.0,52.5,2.5,86.0,0.1235,0.1873,0.0822,0.42,Moderate Vulnerability,0.89,Very High Concern,2877.0,1.0,small,very rural,23.690508852090353,1.0,6.019602497975,1.0,86.0,0.0,85.48231418517415,0.36264811377060924,86.0,0.0006310004778298529,136291.4974260758,36.26481137706092,0.0631000477829853
Mason,6.8965517241,,,42.0,23.4,,234,25.490196078,570,13.8,,46.72897,2140:1,49560,46.153846154,4280,49.929906542,100.0,2020,,,0.0,27.5,44.5,7.5,33.0,0.1235,0.1873,0.0822,0.36,Low Vulnerability,0.81,Very High Concern,2140.0,1.0,small,very rural,23.690508852090353,1.0,6.019602497975,1.0,33.0,0.0,32.801353117566826,0.8383800479643116,79.5,0.0007840594083947347,101395.3778869467,83.83800479643116,0.07840594083947347
Matagorda,8.5486018642,14.0,38.00217,38.0,27.8,,1164,12.019826518,6200,16.9,43.297337313,54.71657,1828:1,48830,65.86013986,36552,49.619719851,36.417633916,2020,,,0.0,441.0,418.0,17.5,495.0,0.1114,0.1704,0.0738,0.91,Very High Vulnerability,0.94,Very High Concern,1828.0,1.0,large,urban,23.690508852090353,1.0,6.019602497975,1.0,495.0,0.0,492.02029676350236,0.896304487641846,876.5,0.0010122001242445244,865935.4795616065,89.6304487641846,0.10122001242445244
Maverick,7.9604578564,15.0,25.76611,26.0,35.0,5.4275880328,2420,12.774493243,5740,10.0,55.092817391,46.16568,2166:1,35594,76.292689617,58485,50.110284688,9.2557779498,2020,,,0.0,739.0,655.0,27.5,1026.0,0.107,0.1724,0.0705,0.97,Very High Vulnerability,1.0,Very High Concern,2166.0,1.0,large,very urban,23.690508852090353,1.0,5.4275880328,0.0,1026.0,0.0,1020.4312946783472,0.7242035831848357,1421.5,0.001025954216473661,1385539.4102145042,72.42035831848357,0.1025954216473661
McCulloch,7.654723127,4.0,50.2702,23.0,28.2,,243,13.015532941,1130,13.8,38.048048048,37.56104,2662:1,42719,66.575716235,7987,49.768373607,35.325365206,2020,,,0.0,56.0,56.5,2.5,76.0,0.1235,0.1873,0.0822,0.74,High Vulnerability,0.93,Very High Concern,2662.0,1.0,small,urban,23.690508852090353,1.0,6.019602497975,1.0,76.0,0.0,75.5425102101539,0.7413044634631808,115.0,0.0006077707104420288,189216.09420164564,74.13044634631808,0.06077707104420288
McLennan,8.2675546785,187.0,74.42519,49.0,23.4,6.8851099129,6105,9.5728666855,44960,18.3,41.276867876,72.26824,1384:1,48858,61.807808723,254607,51.115248206,23.351893949,2020,,,0.0,2327.0,2328.0,35.5,3199.0,0.1128,0.178,0.0742,0.84,Very High Vulnerability,0.88,Very High Concern,1384.0,1.0,large,very urban,23.690508852090353,1.0,6.8851099129,0.0,3199.0,0.0,3176.974533388633,0.7324578700723701,4690.5,0.0007776325152405016,6031769.387304168,73.24578700723701,0.07776325152405017
McMullen,,0.0,0.0,28.0,15.9,,31,18.235294118,40,7.0,,133.51135,749:1,64633,21.789883268,749,45.126835781,100.0,2020,,,0.0,10.0,12.5,0.0,12.0,0.1146,0.1867,0.0742,0.76,High Vulnerability,0.83,Very High Concern,749.0,1.0,small,very rural,23.690508852090353,1.0,6.019602497975,1.0,12.0,0.0,11.9277647700243,0.8383800479643116,22.5,0.0012680206065683042,17744.191130215673,83.83800479643116,0.12680206065683042
Medina,8.1729567608,14.0,27.96309,37.0,17.9,6.1823802164,1368,11.133718564,4440,9.1,52.730520001,19.63826,5092:1,59304,58.636085091,50921,48.398499637,61.555014563,2020,,,0.0,378.0,352.0,12.5,597.0,0.1146,0.174,0.0756,0.67,High Vulnerability,0.95,Very High Concern,5092.0,1.0,large,rural,23.690508852090353,1.0,6.1823802164,0.0,597.0,0.0,593.3091190108092,0.6371046523441575,742.5,0.0006154958726762784,1206344.4012572928,63.71046523441575,0.061549587267627846
Menard,,1.0,47.08098,27.0,40.8,,71,18.34625323,270,12.7,,46.75082,2139:1,35881,72.063492063,2139,50.350631136,100.0,2020,,,0.0,17.5,27.5,0.0,14.0,0.1235,0.1873,0.0822,0.59,Moderate Vulnerability,0.97,Very High Concern,2139.0,1.0,small,very rural,23.690508852090353,1.0,6.019602497975,1.0,14.0,0.0,13.91572556502835,1.2575700719464675,45.0,0.0008880293916032349,50673.998434621266,125.75700719464675,0.08880293916032349
Midland,8.2433114589,59.0,35.74696,42.0,13.5,5.9576691926,7145,14.548675449,16420,10.3,42.694441943,87.49667000000001,1143:1,80189,46.301894397,172578,49.528329219,12.291776258,2020,,,0.0,1985.0,1850.0,36.0,2919.0,0.1034,0.1564,0.067,0.47,Moderate Vulnerability,0.72,High Concern,1143.0,1.0,large,very urban,23.690508852090353,1.0,5.9576691926,0.0,2919.0,0.0,2901.6095636268005,0.6841030664094223,3871.0,0.0009468111213483894,4088460.636676049,68.41030664094222,0.09468111213483894
Milam,7.4387947269,2.0,7.98308,40.0,25.4,,754,11.91906418,4120,16.8,22.632995263,67.64554,1478:1,46720,65.911474722,25131,50.718236441,56.182089914,2020,,,0.0,209.0,217.0,12.5,295.0,0.1225,0.1864,0.0827,0.76,High Vulnerability,0.95,Very High Concern,1478.0,1.0,medium,rural,23.690508852090353,1.0,6.019602497975,1.0,295.0,0.0,293.2242172630974,0.7127651390828792,438.5,0.0007365215160544008,595366.1779618827,71.27651390828792,0.07365215160544007
Mills,9.3425605536,2.0,40.64215,18.0,24.6,,203,19.670542636,690,14.2,,60.96322,1640:1,47068,59.022118743,4921,50.091444828,100.0,2020,,,0.0,39.0,40.0,2.5,28.0,0.1264,0.1929,0.0847,0.77,High Vulnerability,0.95,Very High Concern,1640.0,1.0,small,very rural,23.690508852090353,1.0,6.019602497975,1.0,28.0,0.0,27.8314511300567,1.4012923658832068,81.5,0.0006990847921339589,116580.99406113663,140.12923658832068,0.0699084792133959
Mitchell,9.9270072993,4.0,47.23666,26.0,26.7,,247,13.251072961,1080,12.3,21.92063978,24.55494,4073:1,48529,55.808980756,8145,41.669736034,36.74359247,2020,,,0.0,42.0,83.0,0.0,72.0,0.1278,0.1901,0.086,0.62,High Vulnerability,0.97,Very High Concern,4073.0,1.0,small,urban,23.690508852090353,1.0,6.019602497975,1.0,72.0,0.0,71.5665886201458,0.5868660335750182,125.0,0.000647805357287811,192959.19460027592,58.68660335750182,0.0647805357287811
Montague,8.141025641,6.0,30.70782,26.0,20.9,,712,15.371329879,3270,16.9,,15.30925,6532:1,50542,54.915354915,19596,50.918554807,58.943151275,2020,,,0.0,153.0,159.0,2.5,210.0,0.1293,0.1898,0.087,0.58,Moderate Vulnerability,0.93,Very High Concern,6532.0,1.0,medium,rural,23.690508852090353,1.0,6.019602497975,1.0,210.0,0.0,208.73588347542525,0.7329836990773696,314.5,0.0006774524689699326,464239.2114655626,73.29836990773696,0.06774524689699327
Montgomery,7.1694504913,354.0,62.00366,47.0,12.9,5.0282714055,17341,10.888552609,73710,13.8,38.267285974,66.67513000000001,1500:1,77598,42.256969762,590925,50.457672293,22.725597153,2020,,,0.0,5665.0,5400.0,87.5,7433.0,0.1086,0.1585,0.0725,0.39,Low Vulnerability,0.67,High Concern,1500.0,1.0,large,very urban,23.690508852090353,1.0,5.0282714055,0.0,7433.0,0.0,7395.624858642918,0.76599342290592,11152.5,0.0007966461817395518,13999313.943421492,76.599342290592,0.07966461817395518
Moore,7.4931880109,10.0,45.25501,40.0,16.8,,1274,17.411507448,2480,11.3,50.009511128,27.92646,3581:1,53785,64.498255695,21485,48.056783803,16.814280497,2020,,,0.0,227.0,260.0,18.5,368.0,0.1241,0.1883,0.0824,0.7,High Vulnerability,0.88,Very High Concern,3581.0,1.0,medium,very urban,23.690508852090353,1.0,6.019602497975,1.0,368.0,0.0,365.7847862807452,0.6205834920257568,505.5,0.0009931421468178585,508990.5826871612,62.05834920257568,0.09931421468178585
Morris,10.309278351,2.0,16.042350000000003,43.0,31.1,,291,9.8310810811,2770,22.1,15.76101116,32.417539999999995,3085:1,41418,74.700052165,12339,51.908582543,78.421215401,2020,,,0.0,127.0,133.5,5.0,135.0,0.1283,0.1937,0.0866,0.73,High Vulnerability,0.97,Very High Concern,3085.0,1.0,medium,rural,23.690508852090353,1.0,6.019602497975,1.0,135.0,0.0,134.18735366277338,0.9464379208130452,265.5,0.000908259966364534,292317.18872594286,94.64379208130453,0.0908259966364534
Motley,,0.0,0.0,26.0,30.3,,39,16.455696203,170,15.6,,81.03728,1234:1,41009,76.162790698,1234,48.622366288,100.0,2020,,,0.0,15.0,12.5,0.0,12.0,0.1143,0.1758,0.0766,0.7,High Vulnerability,0.87,Very High Concern,1234.0,1.0,small,very rural,23.690508852090353,1.0,6.019602497975,1.0,12.0,0.0,11.9277647700243,1.2575700719464675,27.5,0.0009406826740065061,29234.087923479496,125.75700719464675,0.09406826740065061
Nacogdoches,7.9009433962,46.0,70.14334000000001,48.0,25.5,3.9473684211,1854,11.841348917,14130,21.6,47.871475508,85.22165,1173:1,45357,65.008960573,65711,52.094778652,46.460231852,2020,,,0.0,492.0,505.0,12.5,790.0,0.125,0.1935,0.0836,0.98,Very High Vulnerability,0.9,Very High Concern,1173.0,1.0,large,urban,23.690508852090353,1.0,3.9473684211,0.0,790.0,0.0,786.881578947331,0.6252529137334545,1009.5,0.0006484759256919247,1556727.0271797092,62.525291373345446,0.06484759256919247
Navarro,8.4238573478,22.0,45.17361,47.0,27.7,6.6417600664,1598,12.168748096,8270,17.1,31.799995591,48.42127,2065:1,46259,69.656887121,49565,50.947240997,52.657379281,2020,,,0.0,431.0,336.0,12.5,645.0,0.1248,0.188,0.085,0.97,Very High Vulnerability,0.95,Very High Concern,2065.0,1.0,large,urban,23.690508852090353,1.0,6.6417600664,0.0,645.0,0.0,640.716064757172,0.6726848657421235,779.5,0.0006638448950780007,1174220.0712538583,67.26848657421235,0.06638448950780007
Newton,8.9343379978,,,34.0,29.2,,305,10.353021045,3050,21.5,39.14630123,14.549690000000002,6873:1,43367,76.827956989,13746,48.595955187,100.0,2020,,,0.0,39.5,55.5,2.5,127.0,0.1428,0.2169,0.0983,0.72,High Vulnerability,0.96,Very High Concern,6873.0,1.0,medium,very rural,23.690508852090353,1.0,6.019602497975,1.0,127.0,0.0,126.23551048275718,0.31290719900400293,97.5,0.00029940144153827965,325649.734680834,31.290719900400294,0.029940144153827966
Nolan,8.217270195,4.0,27.08192,33.0,26.5,,400,10.062893082,2150,14.3,47.316498841,67.79200999999999,1475:1,42522,61.59083875,14751,50.037285608,32.656414301,2020,,,0.0,167.0,143.5,2.5,202.0,0.1278,0.1901,0.086,0.89,Very High Vulnerability,0.96,Very High Concern,1475.0,1.0,medium,urban,23.690508852090353,1.0,6.019602497975,1.0,202.0,0.0,200.78404029540906,0.83173941392103,313.0,0.0008956709434149202,349458.6960771848,83.173941392103,0.08956709434149202
Nueces,8.6236470101,299.0,82.77481,40.0,22.6,4.9626325584,8894,9.5181019445,41660,11.6,38.909542732,94.12999,1062:1,53034,72.641777385,362265,50.551667978,6.447241956,2020,,,0.0,3343.0,3396.0,179.0,4391.0,0.1011,0.1589,0.0646,0.84,Very High Vulnerability,0.89,Very High Concern,1062.0,1.0,large,very urban,23.690508852090353,1.0,4.9626325584,0.0,4391.0,0.0,4369.209080436066,0.7651270375155299,6918.0,0.0008060830546850641,8582242.189302512,76.51270375155299,0.0806083054685064
Ochiltree,6.5853658537,4.0,39.71012,33.0,15.7,,640,18.979833926,1030,9.8,65.179531284,20.10656,4974:1,49845,58.138489209,9947,49.431989545,13.90981121,2020,,,0.0,81.0,147.0,7.5,125.0,0.1241,0.1883,0.0824,0.58,Moderate Vulnerability,0.9,Very High Concern,4974.0,1.0,medium,very urban,23.690508852090353,1.0,6.019602497975,1.0,125.0,0.0,124.24754968775312,0.6519243252970488,235.5,0.0009993656190354651,235649.49155174274,65.19243252970487,0.09993656190354651
Oldham,7.2289156627,,,40.0,25.4,,33,10.3125,300,14.6,,46.92633,2131:1,56590,47.222222222,2131,47.958704833,100.0,2020,,,0.0,20.0,17.5,0.0,26.0,0.1241,0.1883,0.0824,0.43,Moderate Vulnerability,0.72,High Concern,2131.0,1.0,small,very rural,23.690508852090353,1.0,6.019602497975,1.0,26.0,0.0,25.84349033505265,0.7738892750439801,37.5,0.0007428026234316125,50484.47436380454,77.38892750439801,0.07428026234316125
Orange,9.4620133552,18.0,21.16477,43.0,20.1,8.5382948898,1773,8.0048760666,15950,19.0,74.836052417,34.70062,2882:1,56556,66.346282205,83572,50.415210836,35.171132862,2020,,,0.0,753.0,762.0,22.5,1038.0,0.1338,0.1949,0.0899,0.58,Moderate Vulnerability,0.86,Very High Concern,2882.0,1.0,large,urban,23.690508852090353,1.0,8.5382948898,0.0,1038.0,0.0,1029.1372499043875,0.7316808327265948,1537.5,0.0007765688030900711,1979863.205786895,73.16808327265947,0.07765688030900711
Palo Pinto,7.8571428571,12.0,42.002100000000006,44.0,25.0,7.7639751553,915,13.093875215,4690,16.7,59.888198181,51.94805,1925:1,46067,67.854799913,28875,50.701298701,50.215218242,2020,,,0.0,206.0,192.5,7.5,344.0,0.1134,0.1689,0.0762,0.88,Very High Vulnerability,0.93,Very High Concern,1925.0,1.0,medium,urban,23.690508852090353,1.0,7.7639751553,0.0,344.0,0.0,341.3291925465768,0.6035229464643281,406.0,0.0005935122013795585,684063.4431041089,60.35229464643281,0.059351220137955844
Panola,7.7704418487,8.0,34.41896,38.0,25.9,9.9502487562,666,11.688311688,4510,19.1,31.072430937,25.92017,3858:1,51192,50.373038333,23148,50.509763262,72.718103883,2020,,,0.0,146.0,168.5,7.5,264.0,0.1282,0.1918,0.0871,0.7,High Vulnerability,0.92,Very High Concern,3858.0,1.0,medium,rural,23.690508852090353,1.0,9.9502487562,0.0,264.0,0.0,261.3731343283632,0.5585883965280843,322.0,0.0005871756117177013,548387.8989081875,55.858839652808435,0.058717561171770134
Parker,6.7543512658,59.0,44.20701,46.0,11.5,5.8893990817,3831,10.972675717,17560,13.9,61.997470481,35.41204,2824:1,73718,33.621517771,138371,50.226564815,56.084565584,2020,,,0.0,1292.0,1252.0,7.5,1636.0,0.1198,0.1716,0.0811,0.26,Low Vulnerability,0.68,High Concern,2824.0,1.0,large,rural,23.690508852090353,1.0,5.8893990817,0.0,1636.0,0.0,1626.3649431023389,0.7944096467890363,2551.5,0.0007783521045005775,3278079.400372594,79.44096467890363,0.07783521045005776
Parmer,6.945681211,2.0,20.32107,31.0,19.2,,544,18.440677966,910,9.3,,111.51663,897:1,50539,74.488926746,9864,48.063665856,60.015580874,2020,,,0.0,101.5,157.0,0.0,169.0,0.1241,0.1883,0.0824,0.76,High Vulnerability,0.97,Very High Concern,897.0,1.0,medium,rural,23.690508852090353,1.0,6.019602497975,1.0,169.0,0.0,167.98268717784222,0.604228933976646,258.5,0.001106198575162801,233683.17931701924,60.4228933976646,0.11061985751628009
Pecos,9.5693779904,7.0,44.77421,16.0,24.3,,537,13.716475096,1290,8.2,,82.94519,1206:1,47008,62.484510533,15673,43.137880431,39.77558522,2020,,,0.0,168.0,220.5,15.0,217.0,0.1166,0.1765,0.0789,0.82,Very High Vulnerability,0.98,Very High Concern,1206.0,1.0,medium,urban,23.690508852090353,1.0,6.019602497975,1.0,217.0,0.0,215.69374625793944,0.7788821090765218,403.5,0.0010867183897232543,371301.3452388121,77.88821090765218,0.10867183897232544
Polk,7.0808844109,29.0,58.98865,45.0,24.7,6.4715813168,1422,13.665193158,8880,18.9,46.391874528,49.96901999999999,2001:1,46017,75.7077495,50031,46.159381184,77.638561645,2020,,,0.0,370.0,397.0,10.0,497.0,0.1365,0.206,0.093,0.91,Very High Vulnerability,0.97,Very High Concern,2001.0,1.0,large,rural,23.690508852090353,1.0,6.4715813168,0.0,497.0,0.0,493.7836240855504,0.7493160606231358,777.0,0.000655552452116466,1185259.8483789326,74.93160606231358,0.0655552452116466
Potter,9.6320023838,90.0,74.71484000000001,47.0,27.7,7.9912822376,4229,12.466100696,20070,16.6,47.738630094,189.72319,527:1,41912,73.617192207,119648,48.50812383,8.9962254177,2020,,,0.0,1223.0,1289.0,39.0,1582.0,0.1281,0.2007,0.0864,0.92,Very High Vulnerability,0.87,Very High Concern,527.0,1.0,large,very urban,23.690508852090353,1.0,7.9912822376,0.0,1582.0,0.0,1569.3577915001167,0.7792996642473476,2551.0,0.0008999753740414296,2834522.0031349068,77.92996642473476,0.08999753740414296
Presidio,7.9852579853,2.0,27.948570000000004,12.0,35.2,,285,14.630390144,970,13.5,,43.17789,2316:1,37738,89.677010766,6948,48.805411629,40.470708621,2020,,,0.0,74.0,91.0,7.5,74.0,0.1166,0.1765,0.0789,1.0,Very High Vulnerability,0.99,Very High Concern,2316.0,1.0,small,urban,23.690508852090353,1.0,6.019602497975,1.0,74.0,0.0,73.55454941514985,1.006056057557174,172.5,0.0010479845993740249,164601.65550432377,100.60560575571739,0.10479845993740249
Rains,7.0175438596,2.0,17.00391,38.0,23.7,,325,13.638271087,1810,16.1,1.6706594322,8.22436,12159:1,47572,61.231671554,12159,50.2919648,93.228880337,2020,,,0.0,77.5,60.0,0.0,117.0,0.1285,0.1874,0.0874,0.4,Moderate Vulnerability,0.89,Very High Concern,12159.0,1.0,medium,very rural,23.690508852090353,1.0,6.019602497975,1.0,117.0,0.0,116.29570650773692,0.6664046535100939,137.5,0.0004773428817024544,288052.8971325666,66.6404653510094,0.047734288170245436
Randall,7.7036013473,80.0,59.505210000000005,49.0,11.4,5.7708871662,2627,7.7235174786,17490,13.4,56.75468584,49.90057,2004:1,69600,39.792006346,136271,50.815654101,14.375647132,2020,,,0.0,1385.0,1288.0,30.5,1602.0,0.1021,0.1521,0.0667,0.22,Low Vulnerability,0.6,High Concern,2004.0,1.0,large,very urban,23.690508852090353,1.0,5.7708871662,0.0,1602.0,0.0,1592.7550387597475,0.8695624664785094,2703.5,0.000837430051941662,3228329.3317832043,86.95624664785095,0.0837430051941662
Reagan,7.7951002227,2.0,53.90836,19.0,13.5,,160,14.047410009,320,8.5,,53.46164,1871:1,65273,63.562281723,3741,46.511627907,13.305613306,2020,,,0.0,41.5,60.0,2.5,56.0,0.1235,0.1873,0.0822,0.48,Moderate Vulnerability,0.94,Very High Concern,1871.0,1.0,small,very urban,23.690508852090353,1.0,6.019602497975,1.0,56.0,0.0,55.6629022601134,0.7455593997968344,104.0,0.0011734679755174744,88626.19361567001,74.55593997968344,0.11734679755174744
Real,6.8273092369,1.0,29.16302,35.0,35.6,,85,14.166666667,580,17.4,,86.25647000000001,1159:1,39506,69.636963696,3478,50.172512938,100.0,2020,,,0.0,22.5,25.0,0.0,27.0,0.107,0.1724,0.0705,0.72,High Vulnerability,0.93,Very High Concern,1159.0,1.0,small,very rural,23.690508852090353,1.0,6.019602497975,1.0,27.0,0.0,26.837470732554674,0.8383800479643118,47.5,0.0005764871654230891,82395.58978757025,83.83800479643118,0.05764871654230891
Red River,9.8765432099,2.0,16.35457,49.0,28.6,,287,11.493792551,2480,20.1,49.590776375,24.64066,4058:1,42233,66.209829868,12175,51.441478439,75.730948678,2020,,,0.0,114.0,141.5,5.0,110.0,0.1283,0.1937,0.0866,0.56,Moderate Vulnerability,0.99,Very High Concern,4058.0,1.0,medium,rural,23.690508852090353,1.0,6.019602497975,1.0,110.0,0.0,109.33784372522275,1.0426399141956166,260.5,0.0009031593215250609,288431.94527420006,104.26399141956166,0.09031593215250609
Reeves,8.5629188384,6.0,39.26445,28.0,21.9,,413,11.666666667,1040,7.1,50.891703119,38.22874,2616:1,45341,65.110477548,15695,38.630136986,14.496118407,2020,,,0.0,164.0,205.0,15.0,214.0,0.1166,0.1765,0.0789,0.78,High Vulnerability,0.98,Very High Concern,2616.0,1.0,medium,very urban,23.690508852090353,1.0,6.019602497975,1.0,214.0,0.0,212.71180506543334,0.770996231025124,384.0,0.0010327507409401417,371822.5364335581,77.09962310251241,0.10327507409401418
Refugio,8.6294416244,2.0,27.68549,28.0,25.5,,191,10.790960452,940,12.9,32.78357649,42.66212,2344:1,44821,70.542635659,7032,50.938566553,60.679940404,2020,,,0.0,41.5,63.5,2.5,58.0,0.1183,0.18,0.0772,0.94,Very High Vulnerability,0.99,Very High Concern,2344.0,1.0,small,rural,23.690508852090353,1.0,6.019602497975,1.0,58.0,0.0,57.65086305511745,0.7198504549762539,107.5,0.0006452904132812756,166591.65824789935,71.98504549762539,0.06452904132812756
Roberts,,0.0,0.0,49.0,10.2,,28,10.9375,120,13.1,,0.0,903:0,67470,21.00456621,903,50.387596899,100.0,2020,,,0.0,17.5,17.5,0.0,,0.1241,0.1883,0.0824,0.09,Very Low Vulnerability,0.67,High Concern,903.0,0.0,small,very rural,23.690508852090353,1.0,6.019602497975,1.0,1533.4742547425474,1.0,1524.2433492881187,0.011481106352324374,35.0,0.0016360851581734017,21392.52949343759,1.1481106352324375,0.16360851581734018
Robertson,9.6556380824,1.0,5.81294,41.0,25.6,,494,11.488372093,2930,17.5,39.476494824,40.49988,2469:1,44917,62.297972377,17284,50.948854432,73.853928528,2020,,,0.0,174.0,175.0,7.5,220.0,0.1225,0.1864,0.0827,0.75,High Vulnerability,0.93,Very High Concern,2469.0,1.0,medium,rural,23.690508852090353,1.0,6.019602497975,1.0,220.0,0.0,218.6756874504455,0.7956988818861286,356.5,0.0008706445533054558,409466.7549995297,79.56988818861286,0.08706445533054558
Rockwall,7.7940348903,76.0,78.52213,51.0,6.9,4.1637751561,2413,8.5670666761,10770,11.9,35.593721911,81.46478,1228:1,102858,25.523799291,100657,50.584658792,16.035845131,2020,,,0.0,946.0,857.0,22.5,1134.0,0.1122,0.1653,0.0743,0.11,Very Low Vulnerability,0.51,Moderate Concern,1228.0,1.0,large,very urban,23.690508852090353,1.0,4.1637751561,0.0,1134.0,0.0,1129.2782789729827,0.8377031752176582,1825.5,0.000765532205123688,2384615.5495248586,83.77031752176582,0.07655322051236879
Runnels,6.9199457259,7.0,68.18625,37.0,23.9,,301,12.215909091,1420,13.8,48.220703638,68.39945,1462:1,42205,55.605832076,10234,49.159663866,40.758023045,2020,,,0.0,120.0,104.0,7.5,101.0,0.1278,0.1901,0.086,0.54,Moderate Vulnerability,0.92,Very High Concern,1462.0,1.0,medium,urban,23.690508852090353,1.0,6.019602497975,1.0,101.0,0.0,100.39202014770453,1.1953141277907018,231.5,0.0009548412960936366,242448.66759229268,119.53141277907018,0.09548412960936366
Rusk,7.1994408201,11.0,20.82032,41.0,20.8,4.7978067169,1389,11.029061458,9620,18.2,20.628924531,31.2213,3203:1,49788,65.211913975,54450,46.073461892,65.872867054,2020,,,0.0,392.0,385.0,7.5,618.0,0.1282,0.1918,0.0871,0.8,High Vulnerability,0.94,Very High Concern,3203.0,1.0,large,rural,23.690508852090353,1.0,4.7978067169,0.0,618.0,0.0,615.0349554489558,0.6373621475121728,784.5,0.0006081639524324236,1289948.2069963198,63.73621475121728,0.06081639524324236
Sabine,7.7598828697,2.0,19.11863,40.0,28.5,,300,14.713094654,2210,21.2,5.7895152467,113.32515,882:1,40641,68.575772935,10589,50.769666635,100.0,2020,,,0.0,50.0,66.5,2.5,113.0,0.1428,0.2169,0.0983,0.53,Moderate Vulnerability,0.93,Very High Concern,882.0,1.0,medium,very rural,23.690508852090353,1.0,6.019602497975,1.0,113.0,0.0,112.31978491772882,0.4451575475916699,119.0,0.0004743704459933873,250858.79823478474,44.515754759166995,0.04743704459933873
San Augustine,9.4637223975,2.0,24.23361,45.0,34.3,,182,10.84624553,1970,23.5,50.749616957,48.59086,2058:1,38826,84.385665529,8232,50.777453839,100.0,2020,,,0.0,45.5,59.5,2.5,86.0,0.1428,0.2169,0.0983,0.89,Very High Vulnerability,0.98,Very High Concern,2058.0,1.0,small,very rural,23.690508852090353,1.0,6.019602497975,1.0,86.0,0.0,85.48231418517415,0.532273844405249,107.5,0.0005512247553685531,195020.2688704078,53.22738444052491,0.05512247553685531
San Jacinto,8.3540527101,3.0,10.61196,38.0,28.4,,866,13.680884676,5010,18.3,8.0306156533,13.92806,7180:1,47028,58.551704706,28719,50.384762701,100.0,2020,,,0.0,201.0,200.5,10.0,289.0,0.1365,0.206,0.093,0.69,High Vulnerability,0.89,Very High Concern,7180.0,1.0,medium,very rural,23.690508852090353,1.0,6.019602497975,1.0,289.0,0.0,287.26033487808525,0.699713728612429,411.5,0.0006048199902078608,680367.7237231828,69.9713728612429,0.06048199902078608
San Patricio,8.9127594716,18.0,26.77974,39.0,26.1,5.6279620853,2008,10.641229465,8280,12.4,42.279739861,50.82744,1967:1,53559,73.393985693,66893,49.692792968,19.650021604,2020,,,0.0,780.0,878.0,20.0,896.0,0.1183,0.18,0.0772,0.83,Very High Vulnerability,0.97,Very High Concern,1967.0,1.0,large,very urban,23.690508852090353,1.0,5.6279620853,0.0,896.0,0.0,890.9573459715712,0.8754627856504461,1678.0,0.0010588559804718906,1584729.20864288,87.54627856504462,0.10588559804718906
San Saba,6.0869565217,2.0,33.56268,23.0,28.0,,217,17.685411573,870,14.9,,49.55401,2018:1,43827,68.52886406,6054,45.3584407,49.355733159,2020,,,0.0,32.0,49.5,0.0,40.0,0.1264,0.1929,0.0847,0.73,High Vulnerability,0.97,Very High Concern,2018.0,1.0,small,urban,23.690508852090353,1.0,6.019602497975,1.0,40.0,0.0,39.759215900081,0.8048448460457391,81.5,0.0005682517776827242,143422.340590555,80.48448460457391,0.056825177768272415
Schleicher,5.8823529412,,,24.0,23.8,,167,19.928400955,260,8.5,,34.54231,2895:1,47317,60.0,2895,50.397236615,100.0,2020,,,0.0,25.0,32.0,0.0,23.0,0.1235,0.1873,0.0822,0.59,Moderate Vulnerability,0.96,Very High Concern,2895.0,1.0,small,very rural,23.690508852090353,1.0,6.019602497975,1.0,23.0,0.0,22.861549142546576,1.0935391929969283,57.0,0.0008310973518514005,68584.02312680158,109.35391929969282,0.08310973518514005
Scurry,8.7729697688,9.0,52.78592,31.0,21.3,,531,11.807871915,2130,12.3,31.499128051,35.57453,2811:1,53059,55.96759115,16866,45.760702004,31.700254122,2020,,,0.0,180.0,215.5,10.0,231.0,0.1278,0.1901,0.086,0.7,High Vulnerability,0.95,Very High Concern,2811.0,1.0,medium,urban,23.690508852090353,1.0,6.019602497975,1.0,231.0,0.0,229.60947182296778,0.7839397851094863,405.5,0.0010148558826215055,399564.1222993559,78.39397851094863,0.10148558826215054
Shackelford,7.8189300412,1.0,30.04808,45.0,20.5,,143,17.228915663,540,16.2,,30.74085,3253:1,57126,48.037676609,3253,51.675376575,100.0,2020,,,0.0,40.0,22.5,0.0,37.0,0.1278,0.1901,0.086,0.69,High Vulnerability,0.72,High Concern,3253.0,1.0,small,very rural,23.690508852090353,1.0,6.019602497975,1.0,37.0,0.0,36.777274707574925,1.08762817033208,62.5,0.0008110013272531849,77065.22529584992,108.76281703320801,0.08110013272531849
Shelby,8.2526152654,5.0,19.59785,42.0,30.1,,910,13.102951764,5280,20.6,30.947739802,78.6844,1271:1,41961,74.401170232,25418,50.283263829,79.432568375,2020,,,0.0,191.0,195.0,12.5,295.0,0.1428,0.2169,0.0983,0.95,Very High Vulnerability,0.99,Very High Concern,1271.0,1.0,medium,rural,23.690508852090353,1.0,6.019602497975,1.0,295.0,0.0,293.2242172630974,0.6513786677743059,398.5,0.0006617783593016051,602165.3540024325,65.13786677743059,0.06617783593016051
Sherman,7.2463768116,,,36.0,15.9,,223,25.140924464,320,10.5,,32.47808,3079:1,57052,60.997442455,3079,47.905164014,100.0,2020,,,0.0,25.0,22.5,2.5,54.0,0.1241,0.1883,0.0824,0.46,Moderate Vulnerability,0.87,Very High Concern,3079.0,1.0,small,very rural,23.690508852090353,1.0,6.019602497975,1.0,54.0,0.0,53.67494146510935,0.4657666933135065,50.0,0.00068546601300542,72943.0767555862,46.57666933135065,0.068546601300542
Smith,7.7370970747,232.0,101.87637,52.0,22.2,8.0059579222,6206,10.704060161,40500,18.2,38.798301938,138.56251,722:1,56848,62.402349161,230221,51.695544716,31.60780873,2020,,,0.0,1596.0,1854.0,41.5,2894.0,0.116,0.1766,0.0768,0.75,High Vulnerability,0.67,High Concern,722.0,1.0,large,urban,23.690508852090353,1.0,8.0059579222,0.0,2894.0,0.0,2870.830757773153,0.5559366380893821,3491.5,0.0006401661721036341,5454052.638437093,55.59366380893821,0.06401661721036342
Somervell,7.003257329,6.0,67.83493,45.0,14.2,,322,15.333333333,1480,17.1,,88.73114,1127:1,63929,44.123408423,9016,50.732031943,100.0,2020,,,0.0,77.0,80.0,2.5,65.0,0.1134,0.1689,0.0762,0.56,Moderate Vulnerability,0.71,High Concern,1127.0,1.0,small,very rural,23.690508852090353,1.0,6.019602497975,1.0,65.0,0.0,64.60872583763162,1.1917894835677292,159.5,0.000746745123602414,213593.62781044663,119.17894835677292,0.0746745123602414
Starr,8.7623707328,13.0,20.16942,25.0,45.3,3.928844265,2336,10.825841134,8190,12.9,,52.69275,1898:1,30490,89.321107188,64525,51.290197598,23.705878494,2020,,,0.0,635.0,564.0,20.0,1115.0,0.1146,0.1867,0.0742,0.98,Very High Vulnerability,1.0,Very High Concern,1898.0,1.0,large,very urban,23.690508852090353,1.0,3.928844265,0.0,1115.0,0.0,1110.619338644525,0.5717530551691968,1219.0,0.0007974460355146861,1528630.08368113,57.175305516919686,0.0797446035514686
Stephens,8.3682008368,3.0,32.13023,32.0,30.4,,328,15.746519443,1560,16.6,35.002988643,106.01081,943:1,43115,63.091272485,9433,47.100604262,39.366562825,2020,,,0.0,64.5,94.5,7.5,111.0,0.1278,0.1901,0.086,0.88,Very High Vulnerability,0.86,Very High Concern,943.0,1.0,small,urban,23.690508852090353,1.0,6.019602497975,1.0,111.0,0.0,110.33182412272477,0.584600141553493,166.5,0.0007450578833844464,223472.5700017683,58.460014155349306,0.07450578833844464
Sterling,,0.0,0.0,38.0,17.3,,67,18.108108108,130,11.5,,152.5553,656:1,59064,39.735099338,1311,49.046529367,100.0,2020,,,0.0,22.5,22.5,0.0,18.0,0.1235,0.1873,0.0822,0.41,Moderate Vulnerability,0.8,Very High Concern,656.0,1.0,small,very rural,23.690508852090353,1.0,6.019602497975,1.0,18.0,0.0,17.89164715503645,1.2575700719464677,45.0,0.0014488900599842255,31058.25710509045,125.75700719464677,0.14488900599842255
Stonewall,,1.0,72.04611,12.0,17.8,,62,19.076923077,160,14.3,,440.52863,227:1,46915,44.49339207,1362,51.174743025,100.0,2020,,,0.0,17.5,20.0,0.0,,0.1278,0.1901,0.086,0.32,Low Vulnerability,0.79,High Concern,227.0,1.0,small,very rural,23.690508852090353,1.0,6.019602497975,1.0,1533.4742547425474,1.0,1524.2433492881187,0.011481106352324374,37.5,0.0011621970561914584,32266.47305654706,1.1481106352324375,0.11621970561914584
Sutton,8.0428954424,3.0,79.63897,41.0,22.6,,127,13.10629515,310,8.0,,133.04949000000002,752:1,54774,58.384332925,3758,48.908994146,18.798449612,2020,,,0.0,30.0,41.0,5.0,35.0,0.1235,0.1873,0.0822,0.6,High Vulnerability,0.94,Very High Concern,752.0,1.0,small,very urban,23.690508852090353,1.0,6.019602497975,1.0,35.0,0.0,34.789313912570876,0.8623337636204349,76.0,0.0008536550766754673,89028.93226615555,86.23337636204349,0.08536550766754673
Swisher,7.9147640791,1.0,13.30672,23.0,29.2,,225,11.491317671,1140,15.1,33.296664058,40.2037,2487:1,43084,71.809169765,7462,46.730099169,37.573211103,2020,,,0.0,55.5,71.0,0.0,78.0,0.1241,0.1883,0.0824,0.97,Very High Vulnerability,1.0,Very High Concern,2487.0,1.0,small,urban,23.690508852090353,1.0,6.019602497975,1.0,78.0,0.0,77.53047100515795,0.7158475794156816,126.5,0.0007155844452868575,176778.57705429822,71.58475794156816,0.07155844452868575
Tarrant,8.344893005,1196.0,58.21439,49.0,16.8,6.5634381737,63361,11.141512204,316980,16.0,47.514770115,80.53023999999999,1242:1,66059,54.704259724,2084931,51.072865241,1.2882013273,2020,,,0.0,15975.0,15465.0,549.0,26640.0,0.1069,0.1641,0.0701,0.55,Moderate Vulnerability,0.73,High Concern,1242.0,1.0,large,very urban,23.690508852090353,1.0,6.5634381737,0.0,26640.0,0.0,26465.15000705263,0.603624011038776,31989.0,0.0006476413778777672,49393076.31149759,60.3624011038776,0.06476413778777672
Taylor,8.8202790441,97.0,71.17177,44.0,22.1,5.5920592758,2928,8.3908869466,22660,16.7,38.819381445,143.12699999999998,699:1,48040,60.007380982,137640,51.158093577,16.033488966,2020,,,0.0,1610.0,1421.0,30.5,1933.0,0.1178,0.1846,0.0776,0.69,High Vulnerability,0.78,High Concern,699.0,1.0,large,very urban,23.690508852090353,1.0,5.5920592758,0.0,1933.0,0.0,1922.1905494198786,0.8375860553918036,3061.5,0.0009388910750006905,3260761.638401716,83.75860553918037,0.09388910750006906
Terrell,,0.0,0.0,16.0,22.8,,45,24.590163934,90,12.2,,121.50668,823:1,41413,49.305555556,823,48.845686513,100.0,2020,,,0.0,0.0,12.5,0.0,,0.1166,0.1765,0.0789,0.47,Moderate Vulnerability,0.91,Very High Concern,823.0,1.0,small,very rural,23.690508852090353,1.0,6.019602497975,1.0,1533.4742547425474,1.0,1524.2433492881187,0.0,12.5,0.0006411147794786416,19497.28878527036,0.0,0.06411147794786416
Terry,9.941089838,4.0,31.458910000000003,41.0,32.6,,487,13.683618994,1460,11.4,22.639019793,48.8321,2048:1,41268,77.688057799,12287,47.774070155,24.669986562,2020,,,0.0,122.0,152.0,7.5,165.0,0.1143,0.1758,0.0766,0.99,Very High Vulnerability,0.99,Very High Concern,2048.0,1.0,medium,very urban,23.690508852090353,1.0,6.019602497975,1.0,165.0,0.0,164.00676558783414,0.7438717516483346,281.5,0.0009670705361980928,291085.28226563416,74.38717516483347,0.09670705361980927
Throckmorton,,1.0,65.48787999999999,18.0,24.3,,74,21.958456973,260,16.8,,66.00659999999999,1515:1,42701,62.0,1515,53.267326733,100.0,2020,,,0.0,12.5,17.5,0.0,18.0,0.1278,0.1901,0.086,0.27,Low Vulnerability,0.85,Very High Concern,1515.0,1.0,small,very rural,23.690508852090353,1.0,6.019602497975,1.0,18.0,0.0,17.89164715503645,0.6986500399702598,30.0,0.000835861328334134,35891.120910916885,69.86500399702598,0.0835861328334134
Titus,6.7123678949,18.0,54.704600000000006,41.0,29.7,,1392,14.288647095,4990,15.3,31.023090181,96.87282,1032:1,45604,68.670796959,33033,51.000514637,50.556689553,2020,,,0.0,376.0,479.0,15.0,426.0,0.1283,0.1937,0.0866,0.89,Very High Vulnerability,0.92,Very High Concern,1032.0,1.0,medium,urban,23.690508852090353,1.0,6.019602497975,1.0,426.0,0.0,423.43564933586265,0.8879743606607922,870.0,0.0011117236539327393,782568.5789111006,88.79743606607921,0.11117236539327394
Tom Green,8.1738183798,78.0,66.09105,48.0,23.7,4.9827867367,3289,11.286116258,15270,13.1,43.541154689,94.76347,1055:1,51393,52.343710325,118189,50.279636853,15.64087676,2020,,,0.0,1182.0,1164.0,12.5,1481.0,0.1078,0.1675,0.0704,0.66,High Vulnerability,0.89,Very High Concern,1055.0,1.0,large,very urban,23.690508852090353,1.0,4.9827867367,0.0,1481.0,0.0,1473.6204928429472,0.8021061092328152,2358.5,0.0008423341987430368,2799957.550719707,80.21061092328152,0.08423341987430367
Travis,7.6838142128,1043.0,85.025,49.0,15.2,3.9928704982,25454,9.0035088712,171740,14.6,44.997651997,92.89341,1077:1,76255,48.171145926,1248743,49.447884793,5.463522171,2020,,,0.0,9168.0,8513.0,402.0,15161.0,0.0916,0.1391,0.0588,0.38,Low Vulnerability,0.69,High Concern,1077.0,1.0,large,very urban,23.690508852090353,1.0,3.9928704982,0.0,15161.0,0.0,15100.46409037679,0.6071336579544316,18083.0,0.0006112558470505464,29583357.095485862,60.71336579544317,0.061125584705054636
Trinity,7.3422957601,2.0,13.63605,37.0,30.3,,336,11.129513084,2800,19.3,46.539367438,61.05834,1638:1,40486,68.199398367,14740,51.797829037,77.236887213,2020,,,0.0,66.0,101.5,5.0,126.0,0.1365,0.206,0.093,0.8,Very High Vulnerability,0.97,Very High Concern,1638.0,1.0,medium,rural,23.690508852090353,1.0,6.019602497975,1.0,126.0,0.0,125.24153008525515,0.5269817444347102,172.5,0.0004939889414145675,349198.1004798118,52.698174443471025,0.04939889414145675
Tyler,8.8315217391,5.0,23.21371,31.0,26.4,,397,9.2627158189,4150,19.3,39.321490009,36.87316,2712:1,44041,63.814904493,21696,46.105272861,78.131030047,2020,,,0.0,136.0,147.0,10.0,201.0,0.1428,0.2169,0.0983,0.88,Very High Vulnerability,0.98,Very High Concern,2712.0,1.0,medium,rural,23.690508852090353,1.0,6.019602497975,1.0,201.0,0.0,199.790059897907,0.6807145464068441,293.0,0.0005700507994421097,513989.2800549523,68.07145464068441,0.05700507994421097
Upshur,7.4209245742,12.0,29.06906,43.0,21.1,9.9099099099,1064,10.385553929,7270,17.9,31.22438478,12.11827,8252:1,48554,59.480025365,41260,50.588948134,79.299905874,2020,,,0.0,260.0,327.0,0.0,489.0,0.1276,0.1901,0.0861,0.59,Moderate Vulnerability,0.88,Very High Concern,8252.0,1.0,large,rural,23.690508852090353,1.0,9.9099099099,0.0,489.0,0.0,484.1540540540589,0.5370191529388068,587.0,0.0006005296967152909,977470.3952372479,53.701915293880674,0.06005296967152909
Upton,9.4488188976,2.0,54.60005,20.0,20.2,,193,17.232142857,430,12.1,30.057789124,108.96214,918:1,53867,57.341040462,3671,48.760555707,100.0,2020,,,0.0,34.5,40.0,7.5,40.0,0.1235,0.1873,0.0822,0.65,High Vulnerability,0.96,Very High Concern,918.0,1.0,small,very rural,23.690508852090353,1.0,6.019602497975,1.0,40.0,0.0,39.759215900081,0.8677233496430625,82.0,0.000942877079986829,86967.85799602368,86.77233496430625,0.0942877079986829
Uvalde,7.1071428571,12.0,44.22822,32.0,35.0,,882,11.54752553,2430,9.0,,59.5992,1678:1,39725,65.834238147,26846,50.797139239,31.384207536,2020,,,0.15625,277.5,258.5,5.0,386.0,0.107,0.1724,0.0705,0.95,Very High Vulnerability,0.98,Very High Concern,1678.0,1.0,medium,urban,23.690508852090353,1.0,6.019602497975,1.0,386.0,0.0,383.67643343578163,0.7232656890469321,541.0,0.0008506350823494266,635995.4006432176,72.32656890469322,0.08506350823494266
Val Verde,6.4690026954,14.0,28.45239,25.0,28.9,3.2976092333,1588,10.958525982,4580,9.3,59.153051434,65.03008,1538:1,44276,72.558181328,49208,48.878231182,10.157736451,2020,,,3.267857142857143,397.0,470.5,12.5,732.0,0.107,0.1724,0.0705,0.97,Very High Vulnerability,0.99,Very High Concern,1538.0,1.0,large,very urban,23.690508852090353,1.0,3.2976092333,0.0,732.0,0.0,729.5861500412244,0.5441441013889422,880.0,0.0007548707005196088,1165762.5595936622,54.41441013889422,0.07548707005196088
Van Zandt,6.7780654272,10.0,18.12185,40.0,20.8,6.679389313,1884,14.12505623,8690,16.2,40.080845273,26.77663,3735:1,51152,53.309147956,56019,51.154072725,75.018543525,2020,,,0.2105263157894736,415.0,484.5,7.5,575.0,0.1285,0.1874,0.0874,0.56,Moderate Vulnerability,0.89,Very High Concern,3735.0,1.0,large,rural,23.690508852090353,1.0,6.679389313,0.0,575.0,0.0,571.159351145025,0.7265923234348411,907.0,0.0006834355192408381,1327118.6153852495,72.65923234348412,0.06834355192408381
Victoria,8.0605655756,72.0,78.18948,48.0,21.4,5.5011552426,2923,12.01446833,11820,12.9,32.859626713,94.52926,1058:1,51646,67.742143641,92035,51.003422611,26.626571267,2020,,,0.9836956521739132,1011.5,1135.0,38.75,1166.0,0.1065,0.1663,0.0699,0.78,High Vulnerability,0.9,Very High Concern,1058.0,1.0,large,very urban,23.690508852090353,1.0,5.5011552426,0.0,1166.0,0.0,1159.5856529871285,0.8722943384081587,2185.25,0.001002244595762258,2180355.9822021355,87.22943384081587,0.10022445957622579
Walker,7.9144871503,20.0,27.683580000000003,42.0,28.3,,1234,10.977671026,15950,22.5,18.26365771,49.668870000000005,2013:1,43681,49.175824176,72480,41.799116998,45.582882657,2020,,,0.6176470588235294,369.0,302.5,15.0,640.0,0.1365,0.206,0.093,0.7,High Vulnerability,0.9,Very High Concern,2013.0,1.0,large,urban,23.690508852090353,1.0,6.019602497975,1.0,640.0,0.0,636.147454401296,0.5800541956853081,686.5,0.00039980476677731566,1717088.0815995089,58.00541956853081,0.039980476677731566
Waller,7.7939835916,6.0,11.69431,43.0,19.9,5.730002292,1762,13.705662726,8770,18.1,38.100103891,1.88232,53126:1,59807,71.279861204,53126,50.152467718,61.641013772,2020,,,1.826086956521739,491.0,435.0,17.5,689.0,0.1114,0.1704,0.0738,0.83,Very High Vulnerability,0.9,Very High Concern,53126.0,1.0,large,rural,23.690508852090353,1.0,5.730002292,0.0,689.0,0.0,685.052028420812,0.71673388243497,943.5,0.000749653197037315,1258581.973276152,71.673388243497,0.0749653197037315
Ward,9.9845201238,3.0,26.15063,19.0,17.7,,466,13.641686183,1160,10.1,20.527967891,76.79181,1302:1,53621,51.606425703,11720,49.675767918,27.88515669,2020,,,0.475,119.0,132.75,7.5,183.0,0.1166,0.1765,0.0789,0.65,High Vulnerability,0.96,Very High Concern,1302.0,1.0,medium,urban,23.690508852090353,1.0,6.019602497975,1.0,183.0,0.0,181.89841274287056,0.6542113161164138,259.25,0.0009337202212642084,277652.76374649897,65.42113161164139,0.09337202212642084
Washington,7.9422382671,21.0,59.92638,41.0,19.5,,993,12.750385208,5850,16.9,28.88573044,59.815430000000006,1672:1,54332,54.079211535,35108,50.922866583,53.490717124,2020,,,0.2631578947368421,253.5,293.0,15.0,365.0,0.1225,0.1864,0.0827,0.73,High Vulnerability,0.86,Very High Concern,1672.0,1.0,medium,urban,23.690508852090353,1.0,6.019602497975,1.0,365.0,0.0,362.8028450882391,0.6987266043582018,561.5,0.0006751018246812869,831726.3847791881,69.87266043582018,0.06751018246812869
Webb,8.0857228767,89.0,32.3879,35.0,34.6,4.9619847939,10498,11.269994632,25250,9.4,69.444092382,50.37875,1985:1,44919,82.325494588,275910,50.866949368,2.5996388392,2020,,,26.947916666666668,3143.5,2826.0,54.75,4344.0,0.1039,0.1663,0.0674,0.95,Very High Vulnerability,0.99,Very High Concern,1985.0,1.0,large,very urban,23.690508852090353,1.0,4.9619847939,0.0,4344.0,0.0,4322.445138055298,0.7272504102653077,6024.25,0.0009216396620798586,6536448.297380249,72.72504102653076,0.09216396620798586
Wharton,9.4440213252,16.0,38.12429,36.0,26.0,8.0561330561,1539,13.646036531,6250,15.1,38.523797679,67.27696,1486:1,48040,65.348309236,41619,50.743650736,49.895833333,2020,,,0.7619047619047619,793.5,753.0,15.0,543.0,0.1114,0.1704,0.0738,0.88,Very High Vulnerability,0.96,Very High Concern,1486.0,1.0,large,urban,23.690508852090353,1.0,8.0561330561,0.0,543.0,0.0,538.6255197505377,1.4731942154681168,1561.5,0.0015837110920921787,985975.2879151484,147.31942154681167,0.15837110920921788
Wheeler,6.8311195446,2.0,37.32736,36.0,20.9,,257,18.085855032,910,16.3,54.530271399,57.79233000000001,1730:1,48018,50.900900901,5191,49.662878058,100.0,2020,,,0.1470588235294117,307.5,156.5,5.0,45.0,0.1241,0.1883,0.0824,0.7,High Vulnerability,0.91,Very High Concern,1730.0,1.0,small,very rural,23.690508852090353,1.0,6.019602497975,1.0,45.0,0.0,44.72911788759112,6.874716393307357,469.0,0.0038137078849797335,122977.43145120102,687.4716393307357,0.38137078849797335
Wichita,8.2245649264,95.0,71.9697,44.0,22.4,7.7178423237,2833,9.252727154,24410,18.5,42.662719612,112.82409,886:1,47477,61.217079783,132064,48.254634117,10.666920152,2020,,,1.06,1181.5,1244.0,25.0,1534.0,0.1296,0.2018,0.0855,0.82,Very High Vulnerability,0.83,Very High Concern,886.0,1.0,large,very urban,23.690508852090353,1.0,7.7178423237,0.0,1534.0,0.0,1522.1608298754443,0.7761991878983511,2450.5,0.0007832418247719375,3128663.3610424604,77.61991878983511,0.07832418247719375
Wilbarger,8.5237258348,6.0,47.00721,49.0,23.6,,374,12.790697674,2140,16.5,24.839368965,54.60218,1831:1,44735,60.43814433,12820,50.483619345,21.891392686,2020,,,0.2647058823529412,116.5,160.5,10.0,134.0,0.1293,0.1898,0.087,0.91,Very High Vulnerability,0.93,Very High Concern,1831.0,1.0,medium,very urban,23.690508852090353,1.0,6.019602497975,1.0,134.0,0.0,133.19337326527136,0.8746681395926177,287.0,0.0009449731795796234,303712.3234837983,87.46681395926177,0.09449731795796235
Willacy,8.6486486486,8.0,37.06449,53.0,44.5,,461,8.884178069,3070,14.1,,60.42296,1655:1,33171,82.95059151,21515,44.722286777,34.57576579,2020,,,0.1842105263157894,168.0,237.5,59.0,226.0,0.0992,0.1603,0.0642,0.99,Very High Vulnerability,0.98,Very High Concern,1655.0,1.0,medium,urban,23.690508852090353,1.0,6.019602497975,1.0,226.0,0.0,224.63956983545765,0.7478646799540055,464.5,0.0009113180638654829,509701.2979527239,74.78646799540056,0.09113180638654829
Williamson,7.3943110355,376.0,68.67015,52.0,7.9,4.4526161889,10395,6.8602993585,63750,12.5,34.644574855,67.75845,1476:1,87817,29.369333598,566719,50.755665506,11.98994982,2020,,,22.264705882352946,4511.5,4164.0,83.0,6863.0,0.0946,0.1402,0.061,0.2,Low Vulnerability,0.58,Moderate Concern,1476.0,1.0,large,very urban,23.690508852090353,1.0,4.4526161889,0.0,6863.0,0.0,6832.441695095579,0.6603056712856279,8758.5,0.000652360372482364,13425861.486147793,66.0305671285628,0.0652360372482364
Wilson,7.1641791045,24.0,48.67759,37.0,14.6,,1446,11.342955758,4530,9.6,34.935734138,43.80376,2283:1,71207,40.26446281,50224,49.874561962,85.861410131,2020,,,1.1458333333333333,388.0,422.5,10.0,512.0,0.1134,0.1709,0.0762,0.44,Moderate Vulnerability,0.78,High Concern,2283.0,1.0,large,very rural,23.690508852090353,1.0,6.019602497975,1.0,512.0,0.0,508.9179635210368,0.762401856117546,820.5,0.000689593085075998,1189832.116587386,76.2401856117546,0.06895930850759979
Winkler,7.4324324324,2.0,26.40613,17.0,20.1,,288,12.462137603,820,10.5,32.160107343,38.8601,2573:1,56781,60.259179266,7720,48.691709845,18.129395218,2020,,,0.5083333333333333,109.25,86.25,7.5,98.0,0.1166,0.1765,0.0789,0.65,High Vulnerability,0.99,Very High Concern,2573.0,1.0,small,very urban,23.690508852090353,1.0,6.019602497975,1.0,98.0,0.0,97.41007895519844,1.1215471866134823,203.0,0.0011099523843804888,182890.72833813753,112.15471866134823,0.11099523843804888
Wise,6.3923585599,27.0,40.79721,48.0,14.1,6.7877453678,2900,16.815493448,9150,14.5,59.833848709,70.27304,1423:1,66387,46.325243976,68305,49.990483859,72.107497421,2020,,,0.8653846153846154,579.5,624.5,22.5,771.0,0.1293,0.1898,0.087,0.58,Moderate Vulnerability,0.81,Very High Concern,1423.0,1.0,large,rural,23.690508852090353,1.0,6.7877453678,0.0,771.0,0.0,765.7666483214261,0.7567579513553824,1226.5,0.0007579501928071397,1618180.2071420315,75.67579513553824,0.07579501928071397
Wood,6.2521830248,21.0,47.38909,40.0,24.9,,1194,13.405186932,7220,16.7,61.570877077,68.69197000000001,1456:1,48384,58.102893891,45129,50.395532806,74.199313697,2020,,,0.1842105263157894,240.5,274.0,20.0,362.0,0.1285,0.1874,0.0874,0.63,High Vulnerability,0.87,Very High Concern,1456.0,1.0,large,rural,23.690508852090353,1.0,6.019602497975,1.0,362.0,0.0,359.82090389573307,0.6683880713881225,534.5,0.0004999396826813585,1069128.9739859856,66.83880713881226,0.049993968268135854
Yoakum,6.3506261181,3.0,35.01401,17.0,16.3,,498,16.739495798,610,7.2,,46.56035,2148:1,61560,56.434253627,8591,48.958212082,37.327071963,2020,,,0.0384615384615384,85.5,64.5,10.0,143.0,0.1143,0.1758,0.0766,0.49,Moderate Vulnerability,0.93,Very High Concern,2148.0,1.0,small,urban,23.690508852090353,1.0,6.019602497975,1.0,143.0,0.0,142.13919684278957,0.6015230274205481,160.0,0.000786143584325434,203525.1615483082,60.15230274205481,0.0786143584325434
Young,4.7433398311,12.0,66.74454,38.0,20.4,,719,15.977777778,2820,15.5,49.227356402,55.417010000000005,1805:1,49301,56.629417095,18045,50.473815461,33.568733154,2020,,,0.6111111111111112,180.0,182.0,7.5,196.0,0.1293,0.1898,0.087,0.55,Moderate Vulnerability,0.84,Very High Concern,1805.0,1.0,medium,urban,23.690508852090353,1.0,6.019602497975,1.0,196.0,0.0,194.8201579103969,0.923929032450466,369.5,0.0008643371250419981,427495.23223597044,92.3929032450466,0.0864337125041998
Zapata,8.5869565217,1.0,6.982270000000001,32.0,49.1,,595,12.329050974,1620,11.2,,21.14165,4730:1,33160,83.300198807,14190,50.084566596,23.534027679,2020,,,0.2,151.0,131.0,12.5,207.0,0.1146,0.1867,0.0742,0.99,Very High Vulnerability,1.0,Very High Concern,4730.0,1.0,medium,very urban,23.690508852090353,1.0,6.019602497975,1.0,207.0,0.0,205.75394228291918,0.7338863028557163,294.5,0.000876049234694667,336168.3206111621,73.38863028557164,0.0876049234694667
Zavala,8.8482074752,2.0,16.7392,26.0,44.5,,277,7.7940348903,1730,14.3,,75.1064,1331:1,30076,79.671618452,11983,49.420011683,38.032028775,2020,,,0.0,66.5,40.5,2.5,145.0,0.107,0.1724,0.0705,1.0,Very High Vulnerability,1.0,Very High Concern,1331.0,1.0,medium,urban,23.690508852090353,1.0,6.019602497975,1.0,145.0,0.0,144.12715763779363,0.46139812294863497,109.5,0.0003857217875620193,283883.3675745987,46.139812294863496,0.038572178756201926
Anderson,,19.0,32.72646,44.0,23.8,,1293,11.28370713,8800,15.2,42.574682123,60.62181,1650:1,48461,62.569370646,57735,38.557201005,67.063532793,2021,67.943874798,19.017926734,0.0,384.0,449.0,12.5,561.0,0.1398,0.2105,0.0948,0.79,High Vulnerability,0.95,Very High Concern,1650.0,1.0,large,rural,19.017926734,0.0,6.019602497975,1.0,561.0,0.0,557.623002998636,0.6886373014295095,845.5,0.0007700364298812688,1097999.99998749,68.86373014295096,0.07700364298812688
Andrews,,9.0,49.64695,24.0,12.7,,784,13.452299245,1800,10.1,,58.80781,1700:1,74918,40.912248206,18705,48.847901631,16.502096578,2021,86.183384174,31.02379043,0.0,255.0,375.0,23.5,273.0,0.1166,0.1765,0.0789,0.47,Moderate Vulnerability,0.88,Very High Concern,1700.0,1.0,medium,very urban,31.02379043,0.0,6.019602497975,1.0,273.0,0.0,271.35664851805285,0.9397226911248329,653.5,0.0011261416508835328,580299.99999315,93.97226911248329,0.11261416508835329
Angelina,,51.0,58.55877,49.0,22.6,6.5789473684,2670,11.637029289,15640,17.9,38.343168513,88.79663000000001,1126:1,51750,67.965116279,86715,51.158392435,43.082366228,2021,82.274850975,25.436199043,0.0,930.0,1066.0,20.0,1114.0,0.125,0.1935,0.0836,0.98,Very High Vulnerability,0.89,Very High Concern,1126.0,1.0,large,urban,25.436199043,0.0,6.5789473684,0.0,1114.0,0.0,1106.6710526316024,0.8403581152579275,2016.0,0.0009139955569603469,2205700.000013745,84.03581152579275,0.0913995556960347
Aransas,,9.0,37.82784,49.0,32.1,,668,15.455807497,4560,18.4,61.813483728,55.29562,1808:1,53085,67.161541181,23510,50.518928116,27.260557907,2021,81.755341433,17.732879626,0.0,144.0,206.0,15.0,223.0,0.1183,0.18,0.0772,0.8,Very High Vulnerability,0.85,Very High Concern,1808.0,1.0,medium,urban,17.732879626,0.0,6.019602497975,1.0,223.0,0.0,221.65762864295158,0.6496505483777267,365.0,0.0008755097145446003,416900.00000725995,64.96505483777267,0.08755097145446003
Archer,,,,47.0,12.8,,233,11.626746507,1160,13.2,,,,63731,33.231083845,8553,51.058108266,88.988292467,2021,75.405561993,21.547994856,0.0,65.5,117.5,0.0,80.0,0.1293,0.1898,0.087,0.09,Very Low Vulnerability,0.8,Very High Concern,,,small,very rural,21.547994856,0.0,6.019602497975,1.0,80.0,0.0,79.518431800162,0.8237083971249362,183.0,0.0009929462832157124,184300.00000336798,82.37083971249362,0.09929462832157124
Armstrong,,0.0,0.0,27.0,16.7,,60,12.987012987,230,12.1,,52.99417,1887:1,64424,40.668523677,1887,51.086380498,100.0,2021,81.556195965,22.575516693,0.0,27.5,25.0,0.0,22.0,0.1241,0.1883,0.0824,0.16,Very Low Vulnerability,0.56,Moderate Concern,1887.0,1.0,small,very rural,22.575516693,0.0,6.019602497975,1.0,22.0,0.0,21.86756874504455,1.2575700719464675,52.5,0.0012323943662061222,42599.999999691005,125.75700719464675,0.12323943662061222
Atascosa,,11.0,21.86444,36.0,19.0,4.4369321783,1607,11.280359399,6170,12.6,,46.91807,2131:1,57309,66.194084576,51153,50.200379254,60.711184342,2021,80.219992281,27.189021172,0.0,572.0,664.0,20.0,601.0,0.1146,0.174,0.0756,0.85,Very High Vulnerability,0.95,Very High Concern,2131.0,1.0,large,rural,27.189021172,0.0,4.4369321783,0.0,601.0,0.0,598.3334037608417,0.9559887454129714,1256.0,0.0009030773655376623,1390800.000011316,95.59887454129714,0.09030773655376623
Austin,,5.0,16.67278,41.0,17.0,,894,12.0209762,3890,13.1,19.282058084,56.60629,1767:1,68311,55.517490083,30032,50.283031433,66.344089805,2021,74.250066366,23.841236015,0.0,271.0,304.0,12.5,365.0,0.1114,0.1704,0.0738,0.49,Moderate Vulnerability,0.82,Very High Concern,1767.0,1.0,medium,rural,23.841236015,0.0,6.019602497975,1.0,365.0,0.0,362.8028450882391,0.7469621687616279,587.5,0.0008205307262541412,716000.00000248,74.6962168761628,0.08205307262541413
Bailey,,2.0,28.46165,42.0,25.8,,397,17.581930912,920,13.0,,85.71428999999999,1167:1,46174,85.815102329,7000,49.771428571,28.750872296,2021,70.545277507,30.771428571,0.0,99.0,148.5,21.0,106.0,0.1143,0.1758,0.0766,0.8,Very High Vulnerability,0.96,Very High Concern,1167.0,1.0,small,urban,30.771428571,0.0,6.019602497975,1.0,106.0,0.0,105.36192213521466,0.9396183933788701,268.5,0.001246518105866943,215399.999997,93.96183933788701,0.1246518105866943
Bandera,,5.0,21.90676,42.0,23.6,,579,14.884318766,3390,15.6,,47.59432,2101:1,59604,54.409448819,23112,50.36344756,100.0,2021,81.819264198,16.471962617,0.0,99.5,134.5,2.5,187.0,0.1146,0.174,0.0756,0.51,Moderate Vulnerability,0.77,High Concern,2101.0,1.0,medium,very rural,16.471962617,0.0,6.019602497975,1.0,187.0,0.0,185.87433433287868,0.5353079022830953,236.5,0.0006212240609336762,380700.000004104,53.530790228309534,0.06212240609336762
Bastrop,,24.0,27.59382,43.0,23.8,4.5567522784,3089,13.420515271,10220,12.4,34.598673152,39.44862,2535:1,62627,70.670550244,88723,49.154108856,63.85244907,2021,80.403582183,25.367717503,0.0,1131.0,1324.0,47.0,1283.0,0.124,0.188,0.0827,0.75,High Vulnerability,0.85,Very High Concern,2535.0,1.0,large,rural,25.367717503,0.0,4.5567522784,0.0,1283.0,0.0,1277.1536868268129,0.8855629605627628,2502.0,0.001111654152032366,2250700.0000186693,88.55629605627628,0.1111654152032366
Baylor,,5.0,139.58682000000002,21.0,24.5,,104,12.220916569,580,16.1,,56.996300000000005,1755:1,41539,58.075601375,3509,51.439156455,100.0,2021,74.705882353,22.855514392,0.0,31.0,37.5,2.5,32.0,0.1293,0.1898,0.087,0.16,Very Low Vulnerability,0.78,High Concern,1755.0,1.0,small,very rural,22.855514392,0.0,6.019602497975,1.0,32.0,0.0,31.8073727200648,0.9746168057585123,71.0,0.0008852867830255272,80200.000001528,97.46168057585123,0.08852867830255272
Bee,,7.0,21.48096,31.0,27.8,7.7730275942,651,9.2616303884,5630,17.2,37.6674511,55.27407,1809:1,44171,80.326331583,32565,39.121756487,42.97730768,2021,62.933849317,20.951942269,0.0,236.0,259.0,10.0,296.0,0.1183,0.18,0.0772,0.97,Very High Vulnerability,0.99,Very High Concern,1809.0,1.0,medium,urban,20.951942269,0.0,7.7730275942,0.0,296.0,0.0,293.6991838321168,0.8035432612400497,505.0,0.0007401436318443683,682299.999989985,80.35432612400497,0.07401436318443684
Bell,,280.0,78.73086,38.0,18.4,6.3845100179,6828,6.7389780993,55500,16.2,41.270733444,178.54978,560:1,54831,58.75884078,362924,50.321279386,15.186229794,2021,84.993764722,27.551773925,0.0,3310.0,3747.0,92.5,6122.0,0.1244,0.1993,0.0815,0.81,Very High Vulnerability,0.83,Very High Concern,560.0,1.0,large,very urban,27.551773925,0.0,6.3845100179,0.0,6122.0,0.0,6082.914029670416,0.544147095266336,7149.5,0.0007150072005791424,9999199.9999567,54.4147095266336,0.07150072005791425
Bexar,,1507.0,75.8793,40.0,22.4,6.2724667882,44973,8.540323132,271790,14.1,43.283748495,105.96171,944:1,58956,63.057328341,2003554,50.598286844,4.5390847652,2021,81.274823378,25.277082624,0.0,16677.0,20731.0,1589.0,25569.0,0.1005,0.1587,0.0641,0.83,Very High Vulnerability,0.87,Very High Concern,944.0,1.0,large,very urban,25.277082624,0.0,6.2724667882,0.0,25569.0,0.0,25408.619296692515,0.6563520750681197,38997.0,0.0007700221151621678,50643999.999645695,65.63520750681197,0.07700221151621678
Blanco,,3.0,25.63664,44.0,14.7,,406,17.893345086,1480,13.1,,41.90764,2386:1,68404,42.925948224,11931,50.12991367,100.0,2021,85.263642643,17.768837482,0.0,50.5,57.0,5.0,86.0,0.1008,0.1475,0.0669,0.28,Low Vulnerability,0.68,High Concern,2386.0,1.0,medium,very rural,17.768837482,0.0,6.019602497975,1.0,86.0,0.0,85.48231418517415,0.5907654756585732,112.5,0.0005306603773641426,211999.99999774198,59.07654756585732,0.05306603773641426
Borden,,0.0,0.0,19.0,15.4,,13,9.4890510949,90,13.3,,0.0,654:0,71926,24.299065421,654,48.470948012,100.0,2021,79.735682819,19.877675841,0.0,2.5,5.0,0.0,,0.1235,0.1873,0.0822,0.06,Very Low Vulnerability,0.72,High Concern,654.0,0.0,small,very rural,19.877675841,0.0,6.019602497975,1.0,1533.4742547425474,1.0,1524.2433492881187,0.0016401580503320535,7.5,0.0005769230769224556,13000.000000013999,0.16401580503320534,0.057692307692245565
Bosque,,11.0,58.85185,31.0,19.7,,652,15.542312277,2820,15.6,36.30021194,42.81509,2336:1,55179,65.042868277,18685,50.56462403,81.215681968,2021,74.70531133,21.032914102,0.0,131.5,142.0,5.0,190.0,0.1248,0.188,0.085,0.62,High Vulnerability,0.89,Very High Concern,2336.0,1.0,medium,rural,21.032914102,0.0,6.019602497975,1.0,190.0,0.0,188.85627552538475,0.696296692467202,278.5,0.0007086513994985413,392999.99999587,69.6296692467202,0.07086513994985413
Bowie,,66.0,69.97159,46.0,23.3,8.5714285714,2031,8.8296669855,16460,17.5,45.387928283,169.44608,590:1,51207,62.333314735,93245,49.9458416,35.424836601,2021,72.399929569,23.573381951,0.0,487.0,635.0,26.0,1060.0,0.1356,0.2056,0.0926,0.85,Very High Vulnerability,0.86,Very High Concern,590.0,1.0,large,urban,23.573381951,0.0,8.5714285714,0.0,1060.0,0.0,1050.914285714316,0.46340601381108987,1148.0,0.0005222692325140053,2198100.000020995,46.34060138110899,0.052226923251400534
Brazoria,,233.0,62.93895,45.0,11.1,4.4955193665,11001,10.702298839,43600,12.3,43.197193302,64.92743,1540:1,83704,48.140862508,374264,49.486725947,22.52862699,2021,87.128362532,26.10991172,0.0,3675.0,4297.0,147.0,4669.0,0.1074,0.1608,0.071,0.51,Moderate Vulnerability,0.69,High Concern,1540.0,1.0,large,very urban,26.10991172,0.0,4.4955193665,0.0,4669.0,0.0,4648.010420077811,0.7906608780662926,8119.0,0.0008308432255445698,9771999.99997408,79.06608780662926,0.08308432255445698
Brazos,,196.0,86.43576,55.0,19.4,4.9220247656,5375,11.078819359,33200,15.1,34.174423233,66.31444,1508:1,54471,57.73401551,229211,49.642469166,12.063576784,2021,81.893164761,20.629899961,0.0,1831.0,2426.0,93.5,2732.0,0.1055,0.1682,0.0691,0.65,High Vulnerability,0.81,Very High Concern,1508.0,1.0,large,very urban,20.629899961,0.0,4.9220247656,0.0,2732.0,0.0,2718.553028340381,0.673520060455759,4350.5,0.0009200397580755599,4728599.999960771,67.35200604557589,0.09200397580755598
Brewster,,7.0,75.53685,13.0,19.8,,211,11.580680571,1410,15.2,,86.92818,1150:1,48581,51.817413356,9203,49.049223079,34.867850953,2021,76.54109589,18.254916875,0.0,36.5,75.5,5.0,83.0,0.1166,0.1765,0.0789,0.66,High Vulnerability,0.84,Very High Concern,1150.0,1.0,small,urban,18.254916875,0.0,6.019602497975,1.0,83.0,0.0,82.50037299266808,0.44242224217875725,117.0,0.0006964285714259806,168000.000000625,44.24222421787572,0.06964285714259806
Briscoe,,0.0,0.0,30.0,24.6,,61,20.132013201,220,14.3,,64.68305,1546:1,44259,58.980582524,1546,50.258732212,100.0,2021,70.930232558,19.534282018,0.0,22.5,20.0,2.5,10.0,0.1241,0.1883,0.0824,0.46,Moderate Vulnerability,0.95,Very High Concern,1546.0,1.0,small,very rural,19.534282018,0.0,6.019602497975,1.0,10.0,0.0,9.93980397502025,2.2636261295036415,45.0,0.0014900662251740493,30199.999999828,226.36261295036414,0.14900662251740493
Brooks,,,,40.0,44.4,,149,7.3003429691,1550,21.6,,28.19681,3547:1,31410,81.18622449,7093,49.020160722,31.759656652,2021,60.70754717,27.491893416,0.0,64.5,90.5,5.0,97.0,0.0992,0.1603,0.0642,1.0,Very High Vulnerability,0.99,Very High Concern,3547.0,1.0,small,urban,27.491893416,0.0,6.019602497975,1.0,97.0,0.0,96.41609855769643,0.6689754197158528,160.0,0.0008205128205141333,194999.999999688,66.89754197158528,0.08205128205141334
Brown,,22.0,58.010760000000005,44.0,21.8,7.8459343795,850,9.8733883146,5590,14.8,44.611196504,79.23093,1262:1,56040,62.861759953,37864,50.528206212,40.40046187,2021,75.848428066,21.579864779,0.0,294.0,382.0,17.5,431.0,0.1278,0.1901,0.086,0.63,High Vulnerability,0.72,High Concern,1262.0,1.0,large,urban,21.579864779,0.0,7.8459343795,0.0,431.0,0.0,427.6184022824355,0.6875288772203434,693.5,0.0008487333251826488,817099.999992056,68.75288772203434,0.08487333251826487
Burleson,,7.0,38.06624,40.0,21.8,,559,13.146754468,2540,14.2,13.293232691,43.37689,2305:1,61745,62.624821683,18443,50.637098086,76.65677547,2021,73.054331865,21.775199263,0.0,162.0,220.0,12.5,201.0,0.1225,0.1864,0.0827,0.61,High Vulnerability,0.83,Very High Concern,2305.0,1.0,medium,rural,21.775199263,0.0,6.019602497975,1.0,201.0,0.0,199.790059897907,0.8108511508669761,394.5,0.0009823207171131068,401600.000007509,81.08511508669761,0.09823207171131068
Burnet,,21.0,44.17147,47.0,16.3,,1426,13.431289441,6400,14.0,54.484326387,62.29883,1605:1,62827,62.722527105,48155,50.993666286,55.67251462,2021,78.605984591,21.065309937,0.0,360.0,411.0,26.0,499.0,0.1264,0.1929,0.0847,0.53,Moderate Vulnerability,0.7,High Concern,1605.0,1.0,large,rural,21.065309937,0.0,6.019602497975,1.0,499.0,0.0,495.99621835351047,0.7258119854119893,797.0,0.0007856861198612425,1014400.0000162349,72.58119854119893,0.07856861198612425
Caldwell,,12.0,27.74759,42.0,20.5,,1266,11.829564567,6020,14.6,41.477267721,48.09454,2079:1,55301,72.300351582,43664,49.548827409,42.292334367,2021,69.762258544,23.24798461,0.0,506.0,538.0,30.5,633.0,0.124,0.188,0.0827,0.87,Very High Vulnerability,0.97,Very High Concern,2079.0,1.0,large,urban,23.24798461,0.0,6.019602497975,1.0,633.0,0.0,629.1895916187818,0.8042091076207426,1074.5,0.0010585164023133818,1015100.00001104,80.42091076207426,0.10585164023133818
Calhoun,,11.0,51.01804,31.0,22.6,,611,11.227489893,3170,14.5,16.139395589,65.75857,1521:1,55909,67.264690588,21290,48.661343354,44.731303494,2021,78.818253759,23.936120244,0.0,231.0,252.0,12.5,218.0,0.1065,0.1663,0.0699,0.86,Very High Vulnerability,0.88,Very High Concern,1521.0,1.0,medium,urban,23.936120244,0.0,6.019602497975,1.0,218.0,0.0,216.68772665544145,1.0660502261270972,495.5,0.000972331240198381,509599.99999476003,106.60502261270972,0.09723312401983811
Callahan,,1.0,7.145919999999999,40.0,18.7,,361,11.056661562,2140,15.5,,57.37646,1743:1,50812,53.989678444,13943,50.405221258,72.179562906,2021,71.380659586,21.896292046,0.0,114.0,137.0,0.0,135.0,0.1278,0.1901,0.086,0.3,Low Vulnerability,0.8,High Concern,1743.0,1.0,medium,rural,21.896292046,0.0,6.019602497975,1.0,135.0,0.0,134.18735366277338,0.8495584486038359,251.0,0.000822142155264185,305299.999997378,84.95584486038359,0.0822142155264185
Cameron,,208.0,49.06725,42.0,36.3,5.0773942895,18505,14.075454476,75130,17.8,70.459128341,75.14835000000001,1331:1,40893,84.894811994,423163,51.249045876,8.4208064596,2021,57.488062277,29.905261093,0.0,4857.0,6117.0,3715.0,5738.0,0.105,0.1701,0.0683,0.98,Very High Vulnerability,0.98,Very High Concern,1331.0,1.0,large,very urban,29.905261093,0.0,5.0773942895,0.0,5738.0,0.0,5708.865911566849,0.8507819372949598,14689.0,0.0011607453298447523,12654799.99989716,85.07819372949598,0.11607453298447523
Camp,,11.0,84.40114,35.0,26.1,,405,11.3988179,2250,17.5,24.782628792,15.274169999999998,6547:1,47091,77.886247878,13094,51.412860852,61.478912991,2021,65.363735071,26.332671453,0.0,143.0,155.0,10.0,189.0,0.1285,0.1874,0.0874,0.9,Very High Vulnerability,0.98,Very High Concern,6547.0,1.0,medium,rural,26.332671453,0.0,6.019602497975,1.0,189.0,0.0,187.86229512788273,0.7611958530723592,308.0,0.0008932714617024761,344800.000005582,76.11958530723591,0.08932714617024762
Carson,,,,45.0,11.0,,186,12.117263844,670,11.2,,101.24873,988:1,69760,33.278553821,5926,49.679379008,95.195729537,2021,76.311188811,23.388457644,0.0,33.5,53.0,0.0,64.0,0.1241,0.1883,0.0824,0.03,Very Low Vulnerability,0.6,High Concern,988.0,1.0,small,very rural,23.388457644,0.0,6.019602497975,1.0,64.0,0.0,63.6147454401296,0.5266074676275833,86.5,0.0006240981241055809,138599.999998344,52.66074676275833,0.06240981241055808
Cass,,7.0,23.24114,37.0,23.6,,698,9.9189995737,5650,18.8,32.835286643,46.62626,2145:1,44529,64.090497738,30026,51.66855392,74.011948529,2021,69.331322272,22.190768001,0.0,154.0,180.5,0.0,346.0,0.1356,0.2056,0.0926,0.78,High Vulnerability,0.98,Very High Concern,2145.0,1.0,medium,rural,22.190768001,0.0,6.019602497975,1.0,346.0,0.0,343.9172175357007,0.44778217590695024,334.5,0.0005020261143643869,666299.999998026,44.77821759069502,0.05020261143643869
Castro,,1.0,13.04631,28.0,22.7,,357,15.923282783,1010,12.9,20.097843236,39.84064,2510:1,51736,68.76841485,7530,48.698539177,45.757876457,2021,68.641390205,28.671978752,0.0,78.0,112.0,7.5,110.0,0.1241,0.1883,0.0824,0.78,High Vulnerability,0.99,Very High Concern,2510.0,1.0,small,urban,28.671978752,0.0,6.019602497975,1.0,110.0,0.0,109.33784372522275,0.7133852044496325,197.5,0.0009147753589516358,215900.00000256,71.33852044496325,0.09147753589516358
Chambers,,6.0,14.13294,33.0,11.9,,1245,9.8966613672,5610,13.9,16.40757393,61.59181,1624:1,93351,33.73650108,43837,49.533499099,45.720310007,2021,84.291705167,27.784748044,0.0,520.0,641.0,20.5,588.0,0.1377,0.2028,0.0929,0.41,Moderate Vulnerability,0.79,High Concern,1624.0,1.0,large,urban,27.784748044,0.0,6.019602497975,1.0,588.0,0.0,584.4604737311907,0.8897094386560042,1181.5,0.0009700328407186509,1218000.000004828,88.97094386560042,0.09700328407186508
Cherokee,,20.0,38.0286,43.0,22.7,7.9135302065,1755,12.790612929,8350,16.1,37.108729714,45.58751,2194:1,46576,66.433566434,52646,49.048360749,63.048480677,2021,72.907707575,25.314363864,0.0,525.0,632.0,30.5,676.0,0.1282,0.1918,0.0871,0.92,Very High Vulnerability,0.94,Very High Concern,2194.0,1.0,large,rural,25.314363864,0.0,7.9135302065,0.0,676.0,0.0,670.650453580406,0.7828221053116107,1187.5,0.0008910482479283623,1332699.999984144,78.28221053116107,0.08910482479283623
Childress,,10.0,137.1554,26.0,25.9,,180,12.203389831,1140,15.7,16.616654164,123.18641999999998,812:1,44095,59.124087591,7306,38.748973446,33.148700469,2021,73.24470295,18.998083767,0.0,41.5,68.0,2.5,67.0,0.1241,0.1883,0.0824,0.75,High Vulnerability,0.92,Very High Concern,812.0,1.0,small,urban,18.998083767,0.0,6.019602497975,1.0,67.0,0.0,66.59668663263568,0.6231541252033241,112.0,0.0008069164265030737,138800.000001702,62.315412520332416,0.08069164265030737
Clay,,4.0,38.25555,49.0,16.0,,291,13.197278912,1600,15.4,,19.10037,5236:1,59983,50.455373406,10471,50.052526024,74.600074405,2021,75.322777101,19.749785121,0.0,96.0,104.0,0.0,101.0,0.1293,0.1898,0.087,0.32,Low Vulnerability,0.68,High Concern,5236.0,1.0,medium,rural,19.749785121,0.0,6.019602497975,1.0,101.0,0.0,100.39202014770453,0.9562513022325614,200.0,0.0009671179883852731,206800.000001991,95.62513022325614,0.09671179883852732
Cochran,,1.0,35.260929999999995,22.0,30.1,,121,15.67357513,480,16.5,,35.05082,2853:1,43742,71.018651363,2853,49.281458114,100.0,2021,66.032064128,26.813880126,0.0,30.0,37.5,5.0,48.0,0.1143,0.1758,0.0766,0.86,Very High Vulnerability,0.99,Very High Concern,2853.0,1.0,small,very rural,26.813880126,0.0,6.019602497975,1.0,48.0,0.0,47.7110590800972,0.6287850359732338,72.5,0.0009477124183071202,76499.99999947801,62.87850359732337,0.09477124183071202
Coke,,,,48.0,17.9,,92,12.185430464,520,15.8,,0.0,3387:0,48435,53.281853282,3387,49.95571302,100.0,2021,68.734793187,20.932979037,0.0,30.0,27.5,0.0,35.0,0.1235,0.1873,0.0822,0.62,High Vulnerability,0.91,Very High Concern,3387.0,0.0,small,very rural,20.932979037,0.0,6.019602497975,1.0,35.0,0.0,34.789313912570876,0.8623337636204349,57.5,0.0008110014104564641,70899.99999831899,86.23337636204349,0.0811001410456464
Coleman,,5.0,59.545080000000006,26.0,30.4,,263,14.270211612,1430,17.0,15.063375584,61.16208,1635:1,44834,67.420109119,8175,49.100917431,51.545812254,2021,70.931931055,20.318042813,0.0,69.0,59.0,5.0,89.0,0.1278,0.1901,0.086,0.42,Moderate Vulnerability,0.94,Very High Concern,1635.0,1.0,small,urban,20.318042813,0.0,6.019602497975,1.0,89.0,0.0,88.46425537768023,0.7799760446229775,133.0,0.0008007224563695526,166099.999996275,77.99760446229776,0.08007224563695527
Collin,,1019.0,101.37830999999998,57.0,6.8,4.3008808411,23223,8.3576256181,105240,11.1,26.62046639,76.15513,1313:1,96847,25.5217787,1034730,50.754689629,5.2427266371,2021,92.76328324,25.636542866,0.0,6771.0,7952.0,758.0,12190.0,0.083,0.1234,0.0542,0.15,Very Low Vulnerability,0.49,Moderate Concern,1313.0,1.0,large,very urban,25.636542866,0.0,4.3008808411,0.0,12190.0,0.0,12137.572262546992,0.557854557199493,15481.0,0.0005835962739767544,26526899.99973618,55.7854557199493,0.05835962739767544
Collingsworth,,1.0,33.76097,12.0,35.8,,166,20.570012392,430,14.5,,102.73973,973:1,40314,66.211604096,2920,51.02739726,100.0,2021,69.371980676,25.0,0.0,18.5,30.0,2.5,33.0,0.1241,0.1883,0.0824,0.89,Very High Vulnerability,0.98,Very High Concern,973.0,1.0,small,very rural,25.0,0.0,6.019602497975,1.0,33.0,0.0,32.801353117566826,0.5640011231759915,51.0,0.0006986301369863014,73000.0,56.40011231759915,0.06986301369863014
Colorado,,10.0,47.13202,34.0,20.9,12.311135982,740,14.6883684,2730,13.0,19.804990809,32.56874,3070:1,55607,67.532104969,21493,49.644070162,62.613777906,2021,71.758389262,22.984227423,0.0,196.0,228.0,10.0,269.0,0.1114,0.1704,0.0738,0.68,High Vulnerability,0.93,Very High Concern,3070.0,1.0,medium,rural,22.984227423,0.0,12.311135982,0.0,269.0,0.0,265.688304420842,0.7377065408552652,434.0,0.000878542510116942,494000.000002539,73.77065408552652,0.0878542510116942
Comal,,96.0,64.70179999999999,45.0,9.4,5.3933420123,3700,10.416666667,16480,12.2,42.16777542,66.57746999999999,1502:1,87976,33.464007072,156209,50.495169933,46.145549082,2021,89.193451048,22.484619964,0.0,1405.0,1535.0,38.5,1773.0,0.0937,0.1369,0.0619,0.24,Low Vulnerability,0.64,High Concern,1502.0,1.0,large,urban,22.484619964,0.0,5.3933420123,0.0,1773.0,0.0,1763.437604612192,0.7967392757902437,2978.5,0.0008480198160854452,3512299.999956476,79.67392757902438,0.08480198160854452
Comanche,,6.0,44.33279,28.0,22.1,,529,16.938840858,2130,15.8,39.098941336,73.34067,1364:1,54122,67.012448133,13635,50.172350568,71.461285244,2021,72.553307818,22.141547488,0.0,137.0,170.0,10.0,176.0,0.1278,0.1901,0.086,0.73,High Vulnerability,0.92,Very High Concern,1364.0,1.0,medium,rural,22.141547488,0.0,6.019602497975,1.0,176.0,0.0,174.9405499603564,0.7831231811666639,317.0,0.0010500165617793177,301899.99999888,78.31231811666639,0.10500165617793177
Concho,,1.0,23.38634,45.0,27.0,,78,14.800759013,440,10.3,,110.05136,909:1,43321,70.0,2726,46.845194424,100.0,2021,75.109649123,18.231841526,0.0,25.0,31.0,0.0,25.0,0.1235,0.1873,0.0822,0.43,Moderate Vulnerability,0.96,Very High Concern,909.0,1.0,small,very rural,18.231841526,0.0,6.019602497975,1.0,25.0,0.0,24.849509937550625,1.006056057557174,56.0,0.0011267605633830929,49699.999999876,100.60560575571739,0.1126760563383093
Cooke,,13.0,32.04022,43.0,18.4,,1123,11.456845542,5860,14.8,59.170678606,77.5626,1289:1,61186,57.587768969,41257,50.127251133,59.03426386,2021,76.216533125,23.620234142,0.0,429.0,572.0,20.0,541.0,0.1317,0.1945,0.0881,0.62,High Vulnerability,0.85,Very High Concern,1289.0,1.0,large,rural,23.620234142,0.0,6.019602497975,1.0,541.0,0.0,537.7433950485955,0.7977782785434893,1021.0,0.0010477167778385566,974499.999996494,79.77782785434893,0.10477167778385565
Coryell,,16.0,21.38809,31.0,15.7,7.1537290715,1359,7.7737101018,12530,16.6,36.554900422,50.03226,1999:1,53083,56.05972087,75951,50.196837435,19.423515679,2021,85.745004928,22.582981133,0.0,540.0,613.0,28.0,970.0,0.1264,0.1929,0.0847,0.78,High Vulnerability,0.82,Very High Concern,1999.0,1.0,large,very urban,22.582981133,0.0,7.1537290715,0.0,970.0,0.0,963.060882800645,0.5607122141952688,1181.0,0.0006885494402854675,1715200.0000324831,56.071221419526886,0.06885494402854675
Cottle,,0.0,0.0,18.0,32.5,,58,17.901234568,350,21.8,,0.0,1398:0,40449,64.215686275,1398,51.287553648,100.0,2021,65.629420085,22.961373391,0.0,12.5,17.5,0.0,11.0,0.1293,0.1898,0.087,0.94,Very High Vulnerability,1.0,Very High Concern,1398.0,0.0,small,very rural,22.961373391,0.0,6.019602497975,1.0,11.0,0.0,10.933784372522275,1.143245519951334,30.0,0.0009345794392343437,32100.000000617998,114.3245519951334,0.09345794392343437
Crane,,1.0,20.85941,22.0,13.6,,194,13.07277628,420,8.6,,20.84636,4797:1,68626,52.736750652,4797,49.593495935,10.697142857,2021,66.220971147,28.913904524,0.0,64.5,89.0,10.0,62.0,0.1166,0.1765,0.0789,0.47,Moderate Vulnerability,0.93,Very High Concern,4797.0,1.0,small,very urban,28.913904524,0.0,6.019602497975,1.0,62.0,0.0,61.62678464512555,1.0466228340715762,163.5,0.001178803172300511,138700.000001628,104.66228340715762,0.1178803172300511
Crockett,,1.0,28.579590000000003,22.0,19.3,,116,13.019079686,480,13.2,,28.868360000000003,3464:1,54165,53.281853282,3464,49.826789838,22.748050551,2021,69.497784343,24.826789838,0.0,27.5,42.0,7.5,53.0,0.1235,0.1873,0.0822,0.69,High Vulnerability,0.9,Very High Concern,3464.0,1.0,small,very urban,24.826789838,0.0,6.019602497975,1.0,53.0,0.0,52.68096106760733,0.5220102185438167,77.0,0.0008953488372214623,85999.999998832,52.201021854381665,0.08953488372214623
Crosby,,2.0,34.60806,42.0,33.6,,175,11.075949367,980,16.8,23.549883087,52.29214,1912:1,38871,81.439722463,5737,50.374760328,100.0,2021,68.898592916,26.05891581,0.0,46.0,61.5,2.5,67.0,0.1143,0.1758,0.0766,0.94,Very High Vulnerability,0.99,Very High Concern,1912.0,1.0,small,very rural,26.05891581,0.0,6.019602497975,1.0,67.0,0.0,66.59668663263568,0.6907250544422389,110.0,0.000735785953167562,149500.00000196998,69.07250544422389,0.0735785953167562
Culberson,,,,15.0,30.6,,76,14.757281553,430,19.3,,92.12345,1086:1,44462,77.777777778,2171,50.115154307,100.0,2021,55.517241379,22.385997236,0.0,22.5,40.0,0.0,31.0,0.1166,0.1765,0.0789,1.0,Very High Vulnerability,1.0,Very High Concern,1086.0,1.0,small,very rural,22.385997236,0.0,6.019602497975,1.0,31.0,0.0,30.813392322562773,0.7302019772592393,62.5,0.0012860082304697157,48599.999999356005,73.02019772592394,0.12860082304697157
Dallam,,4.0,55.55556,28.0,17.4,,477,20.358514725,940,13.0,,164.67682,607:1,55793,64.022140221,7287,47.358309318,23.541697747,2021,74.534686971,31.906134212,0.0,95.5,156.0,17.5,178.0,0.1241,0.1883,0.0824,0.55,Moderate Vulnerability,0.92,Very High Concern,607.0,1.0,small,very urban,31.906134212,0.0,6.019602497975,1.0,178.0,0.0,176.92851075536046,0.5397660308803939,269.0,0.0011569892472976754,232500.000002844,53.97660308803939,0.11569892472976753
Dallas,,1834.0,69.52837,52.0,20.9,6.433806928,102076,14.385350269,391670,15.1,49.080078898,113.8297,879:1,61807,72.919592161,2635516,50.667155881,0.6883041916,2021,81.096278199,25.814906834,0.0,22083.0,30076.0,2952.0,35541.0,0.1078,0.1697,0.0704,0.75,High Vulnerability,0.83,Very High Concern,879.0,1.0,large,very urban,25.814906834,0.0,6.433806928,0.0,35541.0,0.0,35312.336067971955,0.625362195168649,55111.0,0.0008100318068833344,68035599.99951634,62.5362195168649,0.08100318068833344
Dawson,,5.0,39.62279,26.0,28.9,,469,14.050329539,2220,17.1,13.960449451,54.99686,1818:1,48165,68.341307815,12728,45.301697046,16.294368539,2021,68.833873207,25.699245757,0.0,108.5,165.5,12.5,178.0,0.1235,0.1873,0.0822,0.95,Very High Vulnerability,1.0,Very High Concern,1818.0,1.0,medium,very urban,25.699245757,0.0,6.019602497975,1.0,178.0,0.0,176.92851075536046,0.6132420350840078,286.5,0.0008758789361182981,327099.999995096,61.32420350840078,0.08758789361182981
DeWitt,,10.0,49.53683,32.0,24.3,,506,10.818901005,3060,15.0,30.03957812,59.523810000000005,1680:1,52544,63.708785129,20160,47.495039683,49.624322038,2021,62.712826334,22.46031746,0.0,188.0,208.0,12.5,208.0,0.1134,0.1709,0.0762,0.82,Very High Vulnerability,0.97,Very High Concern,1680.0,1.0,medium,urban,22.46031746,0.0,6.019602497975,1.0,208.0,0.0,206.7479226804212,0.9093198981766766,408.5,0.0009021643109668151,452799.99999359995,90.93198981766766,0.09021643109668151
Deaf Smith,,2.0,10.66098,39.0,24.8,,941,15.659843568,2420,12.8,20.387828162,107.83997,927:1,46178,80.587544066,18546,50.145583953,17.711129465,2021,79.121236778,30.84223013,0.0,243.0,287.0,15.0,311.0,0.1241,0.1883,0.0824,0.84,Very High Vulnerability,0.9,Very High Concern,927.0,1.0,medium,very urban,30.84223013,0.0,6.019602497975,1.0,311.0,0.0,309.1279036231298,0.7860823858083386,545.0,0.0009527972028122276,571999.99999098,78.60823858083386,0.09527972028122277
Delta,,1.0,18.69508,44.0,25.5,,147,11.307692308,1000,19.2,58.056320136,56.27462,1777:1,51348,70.011025358,5331,50.234477584,100.0,2021,70.285142571,23.466516601,0.0,31.0,51.5,0.0,62.0,0.1283,0.1937,0.0866,0.57,Moderate Vulnerability,0.85,Very High Concern,1777.0,1.0,small,very rural,23.466516601,0.0,6.019602497975,1.0,62.0,0.0,61.62678464512555,0.5030280287785871,82.5,0.0006594724220627139,125099.999999931,50.30280287785871,0.06594724220627139
Denton,,464.0,54.01227,53.0,7.1,4.1793258876,17611,7.8588258394,92570,11.5,38.71477225,67.85339,1474:1,90910,33.383062029,887207,50.831880271,6.9058305439,2021,91.795444287,24.289032886,0.0,6433.0,7551.0,438.0,10782.0,0.0949,0.1412,0.0617,0.22,Low Vulnerability,0.63,High Concern,1474.0,1.0,large,very urban,24.289032886,0.0,4.1793258876,0.0,10782.0,0.0,10736.938508279896,0.5991465812195095,14422.0,0.0006692529722501725,21549399.999689404,59.91465812195095,0.06692529722501725
Dickens,,1.0,44.46421,32.0,26.2,,68,15.384615385,380,17.3,,45.2284,2211:1,41973,67.346938776,2211,44.504748982,100.0,2021,77.278106509,18.181818182,0.0,17.5,17.5,0.0,19.0,0.1143,0.1758,0.0766,0.88,Very High Vulnerability,0.93,Very High Concern,2211.0,1.0,small,very rural,18.181818182,0.0,6.019602497975,1.0,19.0,0.0,18.885627552538477,0.926630579328976,35.0,0.0008706467661604477,40200.000000402004,92.6630579328976,0.08706467661604476
Dimmit,,4.0,38.80481,41.0,34.8,,298,9.7545008183,1960,18.3,,69.14263,1446:1,40315,77.51239297,10124,51.274199921,39.475790316,2021,59.18043202,28.654681944,0.0,123.0,406.0,1293.0,131.0,0.107,0.1724,0.0705,1.0,Very High Vulnerability,0.99,Very High Concern,1446.0,1.0,medium,urban,28.654681944,0.0,6.019602497975,1.0,131.0,0.0,130.21143207276526,0.9446175196910872,1822.0,0.0062805928989774825,290100.000001056,94.46175196910872,0.6280592898977483
Donley,,,,18.0,24.5,,91,13.541666667,520,15.4,44.845609402,152.53203,656:1,41093,58.289703316,3278,50.823672971,100.0,2021,63.146067416,19.371568029,0.0,29.5,32.0,0.0,34.0,0.1241,0.1883,0.0824,0.45,Moderate Vulnerability,0.82,Very High Concern,656.0,1.0,small,very rural,19.371568029,0.0,6.019602497975,1.0,34.0,0.0,33.79533351506885,0.8729015793510776,61.5,0.0009685039370221804,63499.999999062,87.29015793510776,0.09685039370221804
Duval,,,,34.0,33.5,,281,9.7909407666,2160,19.0,,44.81491,2231:1,37100,78.638941399,11157,48.8482567,67.042946868,2021,64.027342637,25.625168056,0.0,67.5,92.5,0.0,143.0,0.1146,0.1867,0.0742,1.0,Very High Vulnerability,1.0,Very High Concern,2231.0,1.0,medium,rural,25.625168056,0.0,6.019602497975,1.0,143.0,0.0,142.13919684278957,0.4748866005951696,160.0,0.0005596362364447597,285900.000000792,47.48866005951696,0.05596362364447597
Eastland,,6.0,32.74752,40.0,24.2,,545,13.49343897,3370,18.4,42.842566473,43.57298,2295:1,46991,62.257495591,18360,50.0,60.345477049,2021,66.805298829,21.149237473,0.0,167.0,222.0,10.0,212.0,0.1278,0.1901,0.086,0.81,Very High Vulnerability,0.98,Very High Concern,2295.0,1.0,medium,rural,21.149237473,0.0,6.019602497975,1.0,212.0,0.0,210.7238442704293,0.7925064226983399,399.0,0.0010275560133803812,388300.00000428,79.25064226983399,0.10275560133803813
Ector,,94.0,57.98031,41.0,17.0,5.3865336658,6773,13.373482081,18580,11.7,37.037137093,84.82581,1179:1,65564,54.063192905,166223,48.946896639,9.4552614308,2021,82.17780316,30.278601638,0.0,2415.0,2835.0,106.0,2773.0,0.1113,0.171,0.0731,0.79,High Vulnerability,0.88,Very High Concern,1179.0,1.0,large,very urban,30.278601638,0.0,5.3865336658,0.0,2773.0,0.0,2758.0631421447365,0.8756144712923569,5356.0,0.0010641764355100384,5033000.000073275,87.56144712923569,0.10641764355100385
Edwards,,1.0,51.86722,32.0,34.5,,73,16.404494382,260,12.8,,0.0,1932:0,40424,69.174757282,1932,46.997929607,100.0,2021,45.88086185,21.739130435,0.0,17.5,22.5,2.5,20.0,0.107,0.1724,0.0705,0.44,Moderate Vulnerability,0.92,Very High Concern,1932.0,0.0,small,very rural,21.739130435,0.0,6.019602497975,1.0,20.0,0.0,19.8796079500405,0.8802990503625272,42.5,0.001011904761894643,42000.00000042,88.02990503625271,0.10119047618946429
El Paso,,407.0,48.4087,33.0,26.2,4.5448543006,24362,10.351919367,125910,15.0,47.643653088,84.12393,1189:1,48629,76.784561912,839238,50.573377278,2.1743664811,2021,78.495397115,26.74080535,0.0,8262.0,11305.0,2756.0,10878.0,0.0965,0.1577,0.0608,0.95,Very High Vulnerability,0.96,Very High Concern,1189.0,1.0,large,very urban,26.74080535,0.0,4.5448543006,0.0,10878.0,0.0,10828.561074918072,0.7629822598624915,22323.0,0.0009947018746041295,22441900.0003233,76.29822598624915,0.09947018746041296
Ellis,,76.0,42.35493,52.0,12.8,6.4900307775,6757,13.477341631,20710,12.3,40.864046097,57.89229,1727:1,78341,49.000509944,184826,50.61463214,31.975135352,2021,87.793812274,26.515749949,0.0,1945.0,2222.0,44.5,2591.0,0.1147,0.169,0.0766,0.39,Low Vulnerability,0.7,High Concern,1727.0,1.0,large,urban,26.515749949,0.0,6.4900307775,0.0,2591.0,0.0,2574.1843302554976,0.755579146815392,4211.5,0.000859349493947216,4900800.000073874,75.5579146815392,0.0859349493947216
Erath,,23.0,54.1865,50.0,18.9,6.9868995633,1144,12.782122905,6110,14.7,71.791061207,53.86669,1856:1,53044,52.236820223,42698,50.997704811,46.320929005,2021,80.787054064,20.677783503,0.0,386.0,452.0,5.0,474.0,0.1134,0.1689,0.0762,0.63,High Vulnerability,0.87,Very High Concern,1856.0,1.0,large,urban,20.677783503,0.0,6.9868995633,0.0,474.0,0.0,470.6882096069958,0.8200757786609807,843.0,0.000954808019016205,882900.000011094,82.00757786609807,0.0954808019016205
Falls,,2.0,11.53735,34.0,28.1,,444,11.970881639,3400,19.6,41.575384311,46.25079,2162:1,41484,78.619153675,17297,52.616060589,67.356990932,2021,61.261781112,20.963172805,0.0,142.0,214.0,10.0,164.0,0.1248,0.188,0.085,0.98,Very High Vulnerability,0.99,Very High Concern,2162.0,1.0,medium,rural,20.963172805,0.0,6.019602497975,1.0,164.0,0.0,163.0127851903321,0.8710973181287727,366.0,0.0010093767236399316,362600.000008085,87.10973181287727,0.10093767236399316
Fannin,,6.0,17.00391,44.0,16.1,,968,12.260924636,5080,14.9,32.616133047,42.23686,2368:1,56123,57.521015918,35514,46.849129921,70.529264337,2021,72.119168072,21.157853241,0.0,284.0,297.0,7.5,345.0,0.1317,0.1945,0.0881,0.58,Moderate Vulnerability,0.86,Very High Concern,2368.0,1.0,medium,rural,21.157853241,0.0,6.019602497975,1.0,345.0,0.0,342.9232371381986,0.8281736821630071,588.5,0.0007832046845878566,751400.000000874,82.81736821630071,0.07832046845878565
Fayette,,8.0,31.55943,46.0,15.3,,774,14.499812664,3350,13.4,16.640111385,47.34475,2112:1,62195,53.529723992,25346,50.737789,67.137737232,2021,63.437328955,20.022883295,0.0,178.0,239.0,20.0,244.0,0.124,0.188,0.0827,0.44,Moderate Vulnerability,0.84,Very High Concern,2112.0,1.0,medium,rural,20.022883295,0.0,6.019602497975,1.0,244.0,0.0,242.5312169904941,0.733926140349086,437.0,0.0008610837438507294,507499.99999507,73.3926140349086,0.08610837438507293
Fisher,,1.0,26.048450000000003,11.0,22.2,,134,15.783274441,610,15.7,13.980318968,104.43864,958:1,51053,54.693140794,3830,49.973890339,100.0,2021,70.206121174,21.35770235,0.0,30.0,43.0,0.0,29.0,0.1278,0.1901,0.086,0.43,Moderate Vulnerability,0.91,Very High Concern,958.0,1.0,small,very rural,21.35770235,0.0,6.019602497975,1.0,29.0,0.0,28.825431527558724,1.0407476457488007,73.0,0.0008924205378918556,81800.0000005,104.07476457488008,0.08924205378918557
Floyd,,4.0,68.52835,35.0,30.3,,188,11.655300682,890,15.1,27.429287969,35.01401,2856:1,45022,80.337552743,5712,49.737394958,53.319888303,2021,73.844121532,26.418067227,0.0,42.5,88.0,5.0,59.0,0.1143,0.1758,0.0766,0.83,Very High Vulnerability,0.97,Very High Concern,2856.0,1.0,small,urban,26.418067227,0.0,6.019602497975,1.0,59.0,0.0,58.644843452619476,0.7247013973928796,135.5,0.0008979456593733576,150900.00000062402,72.47013973928796,0.08979456593733576
Foard,,0.0,0.0,34.0,26.2,,41,16.078431373,190,13.3,,86.58009,1155:1,38615,70.33492823,1155,52.640692641,100.0,2021,69.981238274,20.0,0.0,7.5,15.0,0.0,,0.1293,0.1898,0.087,0.48,Moderate Vulnerability,0.93,Very High Concern,1155.0,1.0,small,very rural,20.0,0.0,6.019602497975,1.0,1533.4742547425474,1.0,1524.2433492881187,0.00492047415099616,22.5,0.000974025974025974,23100.0,0.492047415099616,0.09740259740259741
Fort Bend,,677.0,85.92918999999999,50.0,7.4,4.2025063869,18645,8.1316946373,81310,11.0,44.868418509,71.08643,1407:1,101361,37.491583522,811688,50.931392358,5.5357676703,2021,92.608971637,27.308399286,0.0,7611.0,8907.0,660.0,9128.0,0.0795,0.1228,0.0524,0.29,Low Vulnerability,0.54,Moderate Concern,1407.0,1.0,large,very urban,27.308399286,0.0,4.2025063869,0.0,9128.0,0.0,9089.639521700377,0.8373269348943585,17178.0,0.0007749741720511031,22165899.99965477,83.73269348943585,0.0774974172051103
Franklin,,3.0,27.8655,44.0,22.8,,281,10.782808903,1540,14.4,64.711445951,18.64802,5363:1,50630,59.839605182,10725,50.237762238,69.12776992,2021,80.933165195,23.142191142,0.0,92.5,93.0,0.0,99.0,0.1283,0.1937,0.0866,0.53,Moderate Vulnerability,0.79,High Concern,5363.0,1.0,medium,rural,23.142191142,0.0,6.019602497975,1.0,99.0,0.0,98.40405935270047,0.9400018719599859,185.5,0.0007473811442446903,248199.99999795,94.00018719599859,0.07473811442446902
Freestone,,6.0,30.29079,37.0,19.5,,608,12.969283276,3600,18.3,27.925882756,55.78942000000001,1792:1,52511,58.287444934,19717,48.034690876,66.476584578,2021,66.987274342,22.680935234,0.0,132.5,190.5,7.5,216.0,0.1248,0.188,0.085,0.84,Very High Vulnerability,0.97,Very High Concern,1792.0,1.0,medium,rural,22.680935234,0.0,6.019602497975,1.0,216.0,0.0,214.6997658604374,0.6171408686403961,330.5,0.0007390429337958692,447200.000008778,61.71408686403961,0.07390429337958691
Frio,,4.0,20.18571,34.0,35.9,,483,10.153458062,2780,14.3,,68.94514000000001,1450:1,40360,81.108633323,20306,40.825371811,22.181564733,2021,63.099955967,23.259135231,0.0,169.0,183.0,7.5,222.0,0.1146,0.174,0.0756,0.99,Very High Vulnerability,0.99,Very High Concern,1450.0,1.0,medium,very urban,23.259135231,0.0,6.019602497975,1.0,222.0,0.0,220.66364824544954,0.7658715032755065,359.5,0.000761168748675583,472300.000000686,76.58715032755065,0.0761168748675583
Gaines,,4.0,19.13784,26.0,19.5,,1887,24.386146291,2550,12.5,59.332915898,18.61158,5373:1,67171,58.092643052,21492,49.390470873,63.043478261,2021,76.892635926,36.115764005,0.0,220.0,255.0,17.5,452.0,0.1166,0.1765,0.0789,0.68,High Vulnerability,0.99,Very High Concern,5373.0,1.0,medium,rural,36.115764005,0.0,6.019602497975,1.0,452.0,0.0,449.2791396709153,0.48967330235083695,492.5,0.0006345014171642368,776199.99999546,48.96733023508369,0.06345014171642369
Galveston,,256.0,75.7643,47.0,16.1,4.9890102222,9010,10.510107667,49100,15.0,42.371129395,91.77556,1090:1,73214,47.352184268,342139,50.914102163,6.1498271595,2021,85.776280901,24.052797255,0.0,3075.0,3891.0,176.0,3869.0,0.1049,0.1574,0.0689,0.58,Moderate Vulnerability,0.73,High Concern,1090.0,1.0,large,very urban,24.052797255,0.0,4.9890102222,0.0,3869.0,0.0,3849.6975194503084,0.7987640546987894,7142.0,0.0008678639998025753,8229400.000028445,79.87640546987895,0.08678639998025753
Garza,,1.0,15.20219,36.0,24.4,,142,12.885662432,910,14.5,,32.107879999999994,3115:1,48975,72.652218782,6229,34.981537968,22.334004024,2021,78.872326636,16.728206775,0.0,33.5,52.5,0.0,51.0,0.1143,0.1758,0.0766,0.72,High Vulnerability,0.96,Very High Concern,3115.0,1.0,small,very urban,16.728206775,0.0,6.019602497975,1.0,51.0,0.0,50.69300027260328,0.6608407436895163,86.0,0.0008253358925027124,104200.000001475,66.08407436895163,0.08253358925027124
Gillespie,,32.0,119.38517,53.0,13.6,,950,16.958229204,3420,13.1,,55.58026,1799:1,62143,49.892588614,26988,51.27093523,53.653822925,2021,79.193940527,19.738402253,0.0,169.0,250.0,22.5,236.0,0.1008,0.1475,0.0669,0.36,Low Vulnerability,0.61,High Concern,1799.0,1.0,medium,rural,19.738402253,0.0,6.019602497975,1.0,236.0,0.0,234.5793738104779,0.7204384479964508,441.5,0.0008287966960704235,532700.000003964,72.04384479964509,0.08287966960704235
Glasscock,,0.0,0.0,48.0,10.7,,66,17.054263566,140,9.9,,0.0,1409:0,93759,35.409836066,1409,44.854506742,100.0,2021,73.200992556,25.408090845,0.0,22.5,20.0,0.0,12.0,0.1235,0.1873,0.0822,0.18,Very Low Vulnerability,0.81,Very High Concern,1409.0,0.0,small,very rural,25.408090845,0.0,6.019602497975,1.0,12.0,0.0,11.9277647700243,1.8863551079197014,42.5,0.0011871508379687646,35800.000000605,188.63551079197015,0.11871508379687645
Goliad,,,,41.0,22.5,,196,11.632047478,1120,14.9,4.9295774648,13.05824,7658:1,56758,52.105263158,7658,50.822669104,100.0,2021,66.960029336,20.723426482,0.0,40.5,63.0,0.0,66.0,0.1134,0.1709,0.0762,0.58,Moderate Vulnerability,0.97,Very High Concern,7658.0,1.0,small,very rural,20.723426482,0.0,6.019602497975,1.0,66.0,0.0,65.60270623513365,0.6173525807737205,103.5,0.0006521739130469466,158699.99999915602,61.735258077372045,0.06521739130469466
Gonzales,,8.0,38.41352,39.0,23.7,,841,14.512510785,3000,14.5,31.839773913,52.79071,1894:1,48425,77.28114868,20837,49.34971445,65.279951532,2021,75.434546442,26.707299515,0.0,257.0,231.0,13.5,282.0,0.1134,0.1709,0.0762,0.9,Very High Vulnerability,0.98,Very High Concern,1894.0,1.0,medium,rural,26.707299515,0.0,6.019602497975,1.0,282.0,0.0,280.30247209557103,0.9168666907524601,501.5,0.0009011680143851885,556499.999994055,91.686669075246,0.09011680143851886
Gray,,10.0,45.67253,46.0,19.0,,749,12.825342466,3550,15.7,76.582129981,73.1061,1368:1,52543,59.398496241,21886,46.20762131,19.387619259,2021,73.072044647,25.322123732,0.0,199.0,265.0,17.5,239.0,0.1241,0.1883,0.0824,0.84,Very High Vulnerability,0.95,Very High Concern,1368.0,1.0,medium,very urban,25.322123732,0.0,6.019602497975,1.0,239.0,0.0,237.56131500298397,0.8376784747024169,481.5,0.0008688199206085493,554199.999998552,83.76784747024169,0.08688199206085492
Grayson,,62.0,46.27176,52.0,17.1,6.5705420697,4372,13.200084539,20230,15.7,44.640238428,80.75647000000001,1238:1,57439,54.736842105,136212,51.099756262,43.150475277,2021,75.71511124,23.663847532,0.0,1099.0,1502.0,46.5,1770.0,0.1317,0.1945,0.0881,0.66,High Vulnerability,0.79,High Concern,1238.0,1.0,large,urban,23.663847532,0.0,6.5705420697,0.0,1770.0,0.0,1758.370140536631,0.6250106133311613,2647.5,0.0008213631991984482,3223300.000028784,62.50106133311613,0.08213631991984482
Gregg,,104.0,84.06962,50.0,24.2,6.9596496716,3750,11.483693156,21240,17.2,28.068824846,147.64613,677:1,53137,63.376313276,123945,51.378433983,13.36235932,2021,79.13550374,25.71382468,0.0,971.0,1131.0,56.5,1704.0,0.1265,0.1924,0.0851,0.88,Very High Vulnerability,0.79,High Concern,677.0,1.0,large,very urban,25.71382468,0.0,6.9596496716,0.0,1704.0,0.0,1692.1407569595935,0.5738293318722931,2158.5,0.0006772614602696274,3187099.9999626,57.38293318722931,0.06772614602696274
Grimes,,7.0,24.68265,48.0,20.5,,951,14.466078491,4510,16.3,35.697997195,38.08864,2625:1,51651,65.557476232,28880,45.592105263,68.903172455,2021,73.010764621,22.09833795,0.0,234.0,311.0,7.5,396.0,0.1225,0.1864,0.0827,0.86,Very High Vulnerability,0.9,Very High Concern,2625.0,1.0,medium,rural,22.09833795,0.0,6.019602497975,1.0,396.0,0.0,393.6162374108019,0.5944876703746937,552.5,0.0008657160764704838,638199.9999960001,59.44876703746937,0.08657160764704838
Guadalupe,,51.0,31.15569,40.0,11.2,5.2058684335,3465,8.0210190051,17950,11.6,40.604939109,39.5572,2528:1,78801,42.854100106,166847,50.526530294,26.16225586,2021,86.124561079,24.734637123,0.0,1637.0,1697.0,53.0,1845.0,0.1024,0.1543,0.0667,0.43,Moderate Vulnerability,0.77,High Concern,2528.0,1.0,large,very urban,24.734637123,0.0,5.2058684335,0.0,1845.0,0.0,1835.3951727401925,0.8919060180135517,3387.0,0.0008207128837504636,4126900.000061181,89.19060180135517,0.08207128837504636
Hale,,10.0,29.55956,35.0,23.9,,1068,11.350834308,5100,14.9,32.793294307,59.86948,1670:1,49187,72.396121884,33406,47.883613722,23.099826317,2021,77.215768773,26.78860085,0.0,337.0,470.0,20.0,405.0,0.1143,0.1758,0.0766,0.93,Very High Vulnerability,0.97,Very High Concern,1670.0,1.0,medium,very urban,26.78860085,0.0,6.019602497975,1.0,405.0,0.0,402.5620609883201,0.8371380034488091,827.0,0.0009241256006308282,894899.9999951001,83.71380034488091,0.09241256006308282
Hall,,1.0,33.0251,27.0,40.5,,104,14.710042433,590,19.3,,33.73819,2964:1,35940,75.409836066,2964,51.079622132,100.0,2021,59.905288082,22.132253711,0.0,27.5,25.5,0.0,29.0,0.1241,0.1883,0.0824,0.95,Very High Vulnerability,1.0,Very High Concern,2964.0,1.0,small,very rural,22.132253711,0.0,6.019602497975,1.0,29.0,0.0,28.825431527558724,0.954018675269734,53.0,0.000807926829275633,65599.999999404,95.4018675269734,0.08079268292756331
Hamilton,,8.0,94.29514,21.0,21.9,,285,14.683153014,1390,16.8,,82.73254,1209:1,52505,52.23796034,8461,49.994090533,64.377128097,2021,72.432251589,21.735019501,0.0,61.5,95.0,0.0,88.0,0.1264,0.1929,0.0847,0.61,High Vulnerability,0.78,High Concern,1209.0,1.0,small,rural,21.735019501,0.0,6.019602497975,1.0,88.0,0.0,87.4702749801782,0.7030959947700705,156.5,0.0008510059815211268,183899.999997961,70.30959947700704,0.08510059815211268
Hansford,,3.0,54.91488,41.0,16.8,,332,19.86834231,770,13.9,,55.56585,1800:1,58703,58.627858628,5399,49.56473421,40.334936754,2021,75.734494015,29.69068346,0.0,60.0,73.0,0.0,69.0,0.1241,0.1883,0.0824,0.76,High Vulnerability,0.83,Very High Concern,1800.0,1.0,small,urban,29.69068346,0.0,6.019602497975,1.0,69.0,0.0,68.58464742763972,0.8748313543975427,133.0,0.0008296943231413099,160300.00000054,87.48313543975426,0.082969432314131
Hardeman,,5.0,127.48598,34.0,32.9,,149,17.146144994,640,16.2,,25.42588,3933:1,40057,80.142857143,3933,49.504195271,100.0,2021,66.917293233,21.510297483,0.0,40.0,35.0,0.0,44.0,0.1293,0.1898,0.087,0.73,High Vulnerability,0.96,Very High Concern,3933.0,1.0,small,very rural,21.510297483,0.0,6.019602497975,1.0,44.0,0.0,43.7351374900891,0.9145964159610673,75.0,0.0008865248226883395,84600.00000063899,91.45964159610674,0.08865248226883395
Hardin,,11.0,19.22842,45.0,16.2,5.2159399124,1302,8.8391038697,8800,15.6,55.512551643,52.08152,1920:1,62616,47.505443529,57602,50.826360196,51.547542784,2021,81.33423834,24.396722336,0.0,469.0,600.0,20.0,694.0,0.1338,0.1949,0.0899,0.25,Low Vulnerability,0.81,Very High Concern,1920.0,1.0,large,urban,24.396722336,0.0,5.2159399124,0.0,694.0,0.0,690.3801377007944,0.6793358823472715,1089.0,0.0007749235038791284,1405299.999998272,67.93358823472715,0.07749235038791284
Harris,,2749.0,58.50655,47.0,21.3,6.1115510758,159305,12.314372269,682650,14.8,47.128118906,97.85024,1022:1,61638,67.918119156,4713325,50.365336572,1.2132803285,2021,83.600520255,26.43314433,0.0,48021.0,59893.0,7296.0,63132.0,0.1057,0.1669,0.0691,0.72,High Vulnerability,0.79,High Concern,1022.0,1.0,large,very urban,26.43314433,0.0,6.1115510758,0.0,63132.0,0.0,62746.16555748259,0.7653216666444315,115210.0,0.0009247279031748027,124587999.99919726,76.53216666444315,0.09247279031748028
Harrison,,20.0,29.97332,47.0,26.8,6.6619915849,1999,11.526264199,10550,15.8,38.999759777,60.10247,1664:1,55171,53.231960818,66553,50.996949799,56.054303607,2021,68.096342092,24.921491142,0.0,559.0,512.0,25.0,803.0,0.1276,0.1901,0.0861,0.73,High Vulnerability,0.94,Very High Concern,1664.0,1.0,large,rural,24.921491142,0.0,6.6619915849,0.0,803.0,0.0,797.6504207573253,0.7008082556632518,1096.0,0.0006607982636063511,1658599.999973526,70.08082556632517,0.06607982636063511
Hartley,,,,33.0,8.3,,237,18.990384615,680,11.7,,,,72796,58.033707865,5576,39.831420373,57.258330584,2021,83.075089392,20.87517934,0.0,41.5,51.5,15.0,67.0,0.1241,0.1883,0.0824,0.53,Moderate Vulnerability,0.74,High Concern,,,small,rural,20.87517934,0.0,6.019602497975,1.0,67.0,0.0,66.59668663263568,0.6231541252033241,108.0,0.0009278350515476672,116399.99999983999,62.315412520332416,0.09278350515476672
Haskell,,3.0,51.60846,40.0,29.0,,167,14.649122807,1050,18.2,5.1782942604,17.67409,5658:1,38613,75.512528474,5658,46.995404737,47.61824038,2021,63.513513514,16.896429834,0.0,40.0,47.0,0.0,45.0,0.1278,0.1901,0.086,0.98,Very High Vulnerability,0.99,Very High Concern,5658.0,1.0,small,urban,16.896429834,0.0,6.019602497975,1.0,45.0,0.0,44.72911788759112,0.8942720511619325,87.0,0.0009100418409968353,95600.000000772,89.42720511619325,0.09100418409968353
Hays,,95.0,42.671510000000005,48.0,11.3,3.7878787879,5921,11.040668295,24660,12.1,35.030227758,62.12232,1610:1,72890,47.700671071,230191,50.346451425,31.712145226,2021,84.835981862,22.856671199,0.0,2258.0,2425.0,115.5,2921.0,0.1018,0.157,0.0664,0.49,Moderate Vulnerability,0.73,High Concern,1610.0,1.0,large,urban,22.856671199,0.0,3.7878787879,0.0,2921.0,0.0,2909.935606060544,0.7759621880625973,4798.5,0.0009120196145566321,5261399.999969009,77.59621880625973,0.0912019614556632
Hemphill,,4.0,104.57516,31.0,11.7,,232,18.58974359,550,13.5,,52.36973,1910:1,71299,42.273730684,3819,50.117831893,26.95035461,2021,78.1201849,30.191149516,0.0,22.5,37.0,7.5,34.0,0.1241,0.1883,0.0824,0.74,High Vulnerability,0.8,Very High Concern,1910.0,1.0,small,very urban,30.191149516,0.0,6.019602497975,1.0,34.0,0.0,33.79533351506885,0.6657723910304829,67.0,0.0005810928013796004,115300.000001604,66.57723910304829,0.058109280137960045
Henderson,,25.0,30.37704,52.0,30.3,7.9693975135,2247,12.282044274,13340,16.6,41.185002057,49.55461,2018:1,49896,66.960838389,82737,51.03279065,60.110528192,2021,74.974802484,21.274641333,0.0,706.0,782.0,20.0,945.0,0.1398,0.2105,0.0948,0.72,High Vulnerability,0.9,Very High Concern,2018.0,1.0,large,rural,21.274641333,0.0,7.9693975135,0.0,945.0,0.0,937.4689193497425,0.7530916336828569,1508.0,0.0008567208271940996,1760199.9999684212,75.3091633682857,0.08567208271940996
Hidalgo,,399.0,46.07715,45.0,37.4,4.5097281278,38973,13.555401744,154400,18.2,73.620250649,88.29214,1133:1,41656,86.283288134,868707,50.95929928,5.1386929524,2021,68.444901299,32.131892571,0.0,9957.0,12292.0,1721.0,13260.0,0.1074,0.1741,0.0695,0.98,Very High Vulnerability,0.99,Very High Concern,1133.0,1.0,large,very urban,32.131892571,0.0,4.5097281278,0.0,13260.0,0.0,13200.201005025372,0.7543066954972374,23970.0,0.0008587335024389353,27913199.9996757,75.43066954972375,0.08587335024389353
Hill,,9.0,24.75656,38.0,18.1,,1132,12.906168054,5740,16.2,42.424784301,35.47164,2819:1,53210,65.250037543,36649,50.317880433,76.266066289,2021,77.84020936,23.138421239,0.0,226.0,246.0,12.5,431.0,0.1248,0.188,0.085,0.87,Very High Vulnerability,0.93,Very High Concern,2819.0,1.0,large,rural,23.138421239,0.0,6.019602497975,1.0,431.0,0.0,428.4055513233728,0.5275375150995855,484.5,0.0005713443396306518,847999.999988111,52.75375150995855,0.05713443396306518
Hockley,,14.0,60.922540000000005,32.0,19.7,,766,12.433046583,3290,14.2,38.280762643,43.4386,2302:1,51149,61.96369637,23021,50.149863168,39.847394811,2021,75.840940353,25.680900048,0.0,261.0,311.0,10.0,281.0,0.1143,0.1758,0.0766,0.9,Very High Vulnerability,0.97,Very High Concern,2302.0,1.0,medium,urban,25.680900048,0.0,6.019602497975,1.0,281.0,0.0,279.308491698069,0.934450644207909,582.0,0.000984438430302892,591200.0000050081,93.4450644207909,0.0984438430302892
Hood,,29.0,47.90459,52.0,14.8,7.5325268204,1383,10.330918055,7740,13.6,70.459891896,47.045080000000006,2126:1,74534,51.187904968,61643,51.26291712,32.845531632,2021,85.15258216,21.077819055,0.0,590.0,716.0,17.5,650.0,0.1134,0.1689,0.0762,0.26,Low Vulnerability,0.66,High Concern,2126.0,1.0,large,urban,21.077819055,0.0,7.5325268204,0.0,650.0,0.0,645.10385756674,0.9145814167433666,1323.5,0.0010186254136785177,1299300.000007365,91.45814167433666,0.10186254136785176
Hopkins,,10.0,27.16653,48.0,20.2,6.287331028,1275,13.62761864,5960,16.4,49.157028235,94.38033,1060:1,50332,63.06345733,37084,50.763132348,59.62572168,2021,78.687425507,24.164059972,0.0,272.0,300.0,15.0,461.0,0.1283,0.1937,0.0866,0.71,High Vulnerability,0.76,High Concern,1060.0,1.0,large,rural,24.164059972,0.0,6.287331028,0.0,461.0,0.0,458.101540396092,0.5937548251089015,587.0,0.0006550608191038059,896100.000001648,59.37548251089015,0.06550608191038058
Houston,,4.0,17.26445,40.0,28.8,,549,11.68333688,4580,20.0,43.299238163,47.89272,2088:1,43601,67.927382753,22968,46.473354232,73.487274566,2021,63.536112458,19.766631836,0.0,126.0,202.0,20.0,240.0,0.1365,0.206,0.093,0.91,Very High Vulnerability,0.97,Very High Concern,2088.0,1.0,medium,rural,19.766631836,0.0,6.019602497975,1.0,240.0,0.0,238.555295400486,0.5281794302175165,348.0,0.0007665198237729323,454000.000009248,52.817943021751645,0.07665198237729323
Howard,,10.0,27.42807,37.0,18.6,7.6093849081,868,10.791993037,5590,15.2,41.228787457,111.82631,894:1,61112,58.323474734,36664,42.856753218,20.064549297,2021,73.590021692,21.852498364,0.0,208.0,323.0,5.0,352.0,0.1235,0.1873,0.0822,0.92,Very High Vulnerability,0.97,Very High Concern,894.0,1.0,large,very urban,21.852498364,0.0,7.6093849081,0.0,352.0,0.0,349.3214965123488,0.5954400232355784,536.0,0.0006689965052273608,801200.000017696,59.54400232355784,0.06689965052273608
Hudspeth,,,,25.0,41.2,,165,16.003879728,790,19.2,,,,39309,87.972508591,4886,46.909537454,100.0,2021,54.192229039,20.814572247,0.0,51.0,79.0,5.0,32.0,0.1166,0.1765,0.0789,0.98,Very High Vulnerability,0.98,Very High Concern,,,small,very rural,20.814572247,0.0,6.019602497975,1.0,32.0,0.0,31.8073727200648,1.6034018417317462,135.0,0.0013274336283336987,101699.999998842,160.3401841731746,0.13274336283336988
Hunt,,27.0,27.9813,41.0,20.3,7.358538442,2677,11.141168637,15300,16.6,52.814313515,82.1551,1217:1,57513,59.808059201,98594,50.773880764,56.631332072,2021,78.052969357,23.831064771,0.0,1061.0,1229.0,44.5,1301.0,0.1122,0.1653,0.0743,0.83,Very High Vulnerability,0.87,Very High Concern,1217.0,1.0,large,rural,23.831064771,0.0,7.358538442,0.0,1301.0,0.0,1291.426541486958,0.8215720878543791,2334.5,0.0009935733741778308,2349600.000031974,82.1572087854379,0.09935733741778309
Hutchinson,,5.0,23.58713,40.0,16.3,,620,10.913571554,3480,16.1,44.040500657,52.53606,1903:1,57936,50.910380705,20938,49.45553539,22.564334086,2021,79.203348247,25.346260388,0.0,174.0,257.5,10.0,229.0,0.1241,0.1883,0.0824,0.66,High Vulnerability,0.86,Very High Concern,1903.0,1.0,medium,very urban,25.346260388,0.0,6.019602497975,1.0,229.0,0.0,227.62151102796372,0.7644268734277218,441.5,0.0008319201055148273,530700.000003944,76.44268734277217,0.08319201055148273
Irion,,0.0,0.0,47.0,9.0,,35,9.8870056497,210,13.9,,0.0,1536:0,68630,28.947368421,1536,49.153645833,100.0,2021,67.595307918,22.526041667,0.0,12.5,31.0,0.0,21.0,0.1235,0.1873,0.0822,0.2,Low Vulnerability,0.88,Very High Concern,1536.0,0.0,small,very rural,22.526041667,0.0,6.019602497975,1.0,21.0,0.0,20.873588347542526,0.5988428914030798,43.5,0.0012572254335074075,34600.000000512,59.88428914030798,0.12572254335074076
Jack,,4.0,45.23352,33.0,19.4,,291,14.528207688,1300,14.7,,22.38388,4468:1,55358,61.861313869,8935,43.514269726,53.217602831,2021,68.907828283,21.712367096,0.0,65.5,94.5,0.0,90.0,0.1293,0.1898,0.087,0.65,High Vulnerability,0.98,Very High Concern,4468.0,1.0,small,urban,21.712367096,0.0,6.019602497975,1.0,90.0,0.0,89.45823577518225,0.7321852418888323,160.0,0.0008247422680295037,194000.00000276,73.21852418888322,0.08247422680295037
Jackson,,1.0,6.72314,38.0,18.4,,470,11.886697016,2240,15.1,41.016724824,67.75068,1476:1,55800,54.76988723,14760,50.237127371,61.818827709,2021,72.828960748,25.379403794,0.0,169.0,222.0,12.5,229.0,0.1134,0.1709,0.0762,0.68,High Vulnerability,0.93,Very High Concern,1476.0,1.0,medium,rural,25.379403794,0.0,6.019602497975,1.0,229.0,0.0,227.62151102796372,0.7424605839614079,403.5,0.0010771489588910922,374599.99999944004,74.2460583961408,0.10771489588910922
Jasper,,13.0,36.23996,40.0,28.2,,865,9.742088073,6540,18.4,62.299099408,67.55045,1480:1,47252,64.079452512,35529,50.524923302,78.185382246,2021,65.282931354,23.752427594,0.0,230.0,357.0,10.0,394.0,0.1428,0.2169,0.0983,0.82,Very High Vulnerability,0.92,Very High Concern,1480.0,1.0,medium,rural,23.752427594,0.0,6.019602497975,1.0,394.0,0.0,391.62827661579786,0.5872916072034264,597.0,0.0007074297902702177,843899.999987226,58.72916072034264,0.07074297902702177
Jeff Davis,,1.0,44.40497,21.0,39.0,,20,18.691588785,260,11.7,,43.97537,2274:1,53362,50.751879699,2274,48.812664908,100.0,2021,61.19544592,6.8161829376,0.0,15.0,15.0,0.0,13.0,0.1166,0.1765,0.0789,0.36,Low Vulnerability,0.89,Very High Concern,2274.0,1.0,small,very rural,6.8161829376,0.0,6.019602497975,1.0,13.0,0.0,12.921745167526325,1.1608339125659701,30.0,0.0019354838709549553,15500.0000001024,116.08339125659701,0.19354838709549552
Jefferson,,134.0,52.54881,45.0,24.4,8.8331963846,6328,10.077556416,47160,18.5,49.712983165,129.19126,774:1,55173,71.318875652,251565,48.868483295,8.4020089348,2021,72.827676689,24.061773299,0.0,2166.0,3164.0,189.5,3112.0,0.1231,0.1913,0.0827,0.86,Very High Vulnerability,0.95,Very High Concern,774.0,1.0,large,very urban,24.061773299,0.0,8.8331963846,0.0,3112.0,0.0,3084.511092851125,0.7022182559239519,5519.5,0.0009118468222949891,6053099.999962934,70.22182559239519,0.09118468222949891
Jim Hogg,,1.0,19.05488,29.0,35.0,,154,9.3617021277,990,18.7,,,,38788,87.975778547,5200,48.730769231,17.396226415,2021,56.396063961,30.557692308,0.0,38.0,42.0,0.0,75.0,0.1146,0.1867,0.0742,0.99,Very High Vulnerability,1.0,Very High Concern,,,small,very urban,30.557692308,0.0,6.019602497975,1.0,75.0,0.0,74.54852981265188,0.5097350691623015,80.0,0.0005034612964077687,158900.0000016,50.97350691623015,0.05034612964077687
Jim Wells,,10.0,24.49659,37.0,29.0,,1208,10.309806264,6660,16.2,,74.10701,1349:1,44444,77.504678727,40482,50.382886221,40.085214751,2021,59.282359282,27.340546416,0.0,360.0,393.0,22.5,490.0,0.0992,0.1603,0.0642,0.92,Very High Vulnerability,0.99,Very High Concern,1349.0,1.0,large,urban,27.340546416,0.0,6.019602497975,1.0,490.0,0.0,487.05039477599223,0.7391432259603729,775.5,0.000700668594137363,1106800.0000125119,73.91432259603728,0.0700668594137363
Johnson,,75.0,43.76725,48.0,15.9,6.6380860185,5430,11.65211047,20920,12.8,36.433905967,58.58364,1707:1,66538,52.365001444,175817,50.006540892,37.874170167,2021,85.581922876,25.933214649,0.0,1368.0,1458.0,51.5,2359.0,0.1346,0.1961,0.0907,0.51,Moderate Vulnerability,0.73,High Concern,1707.0,1.0,large,urban,25.933214649,0.0,6.6380860185,0.0,2359.0,0.0,2343.3407550823586,0.5837819348436675,2877.5,0.000631099901312825,4559499.999943233,58.37819348436675,0.0631099901312825
Jones,,7.0,35.32321,31.0,22.0,,383,10.776589758,3360,16.9,43.326724822,44.81402,2231:1,51094,63.049962714,20083,37.250410795,85.14998515,2021,76.843398876,17.338047105,0.0,137.0,183.5,2.5,152.0,0.1278,0.1901,0.086,0.63,High Vulnerability,0.97,Very High Concern,2231.0,1.0,medium,very rural,17.338047105,0.0,6.019602497975,1.0,152.0,0.0,151.0850204203078,0.9067742097719266,323.0,0.000927627800088995,348200.00000971503,90.67742097719265,0.09276278000889951
Karnes,,4.0,25.55911,41.0,27.0,,459,13.208633094,2200,14.3,36.32232263,38.45907,2600:1,54843,63.558978516,15601,41.439651304,38.390447922,2021,68.262494162,21.27427729,0.0,119.0,149.0,10.0,148.0,0.1134,0.1709,0.0762,0.84,Very High Vulnerability,0.97,Very High Concern,2600.0,1.0,medium,urban,21.27427729,0.0,6.019602497975,1.0,148.0,0.0,147.1090988302997,0.8089234516844845,278.0,0.0008376016872519419,331900.00000129,80.89234516844846,0.08376016872519419
Kaufman,,37.0,28.76646,52.0,13.8,5.5312695156,3697,9.9510120586,16390,13.8,35.54399762,51.41237,1945:1,75009,51.315701148,136154,50.702880562,48.817610063,2021,81.057477312,27.913979758,0.0,1879.0,1979.0,58.0,2284.0,0.1236,0.185,0.0839,0.57,Moderate Vulnerability,0.77,High Concern,1945.0,1.0,large,urban,27.913979758,0.0,5.5312695156,0.0,2284.0,0.0,2271.3665804263696,0.8272552815526957,3916.0,0.0010303636268037038,3800599.999970732,82.72552815526957,0.10303636268037039
Kendall,,38.0,83.25846999999999,51.0,10.9,,1273,11.398638968,4720,11.2,,124.39122,804:1,94899,25.409379525,47431,50.98142565,58.159233762,2021,88.353329124,23.124117139,0.0,372.0,352.0,12.5,437.0,0.1008,0.1475,0.0669,0.23,Low Vulnerability,0.47,Moderate Concern,804.0,1.0,large,rural,23.124117139,0.0,6.019602497975,1.0,437.0,0.0,434.3694337083849,0.8564138521996997,736.5,0.0006714989058959074,1096800.0000199089,85.64138521996996,0.06714989058959074
Kenedy,,0.0,0.0,50.0,21.4,,21,16.030534351,90,14.3,,0.0,404:0,46132,60.9375,404,47.524752475,100.0,2021,48.223350254,24.752475248,0.0,5.0,12.5,0.0,,0.0992,0.1603,0.0642,0.73,High Vulnerability,0.99,Very High Concern,404.0,0.0,small,very rural,24.752475248,0.0,6.019602497975,1.0,1533.4742547425474,1.0,1524.2433492881187,0.003280316100664107,17.5,0.0017499999999664,10000.000000192,0.3280316100664107,0.17499999999664
Kent,,0.0,0.0,23.0,14.1,,18,12.0,130,17.4,,0.0,762:0,52591,34.210526316,762,49.081364829,100.0,2021,73.626373626,21.653543307,0.0,12.5,15.0,0.0,,0.1278,0.1901,0.086,0.44,Moderate Vulnerability,0.91,Very High Concern,762.0,0.0,small,very rural,21.653543307,0.0,6.019602497975,1.0,1533.4742547425474,1.0,1524.2433492881187,0.008200790251660268,27.5,0.0016666666666733333,16499.999999934,0.8200790251660268,0.16666666666733332
Kerr,,44.0,83.96145,51.0,20.4,6.0240963855,1358,13.122040777,7760,15.1,62.929335439,91.25475,1096:1,57789,61.231729814,52600,51.851711027,41.102267003,2021,83.063121992,18.942965779,0.0,310.0,433.0,22.5,501.0,0.1008,0.1475,0.0669,0.7,High Vulnerability,0.6,High Concern,1096.0,1.0,large,urban,18.942965779,0.0,6.0240963855,0.0,501.0,0.0,497.9819277108645,0.6225125506562368,765.5,0.0007682657567431747,996399.9999754,62.25125506562368,0.07682657567431747
Kimble,,4.0,91.70105,30.0,32.6,,98,12.265331665,790,18.0,,115.28706,867:1,44757,64.958677686,4337,50.979940051,44.302148904,2021,70.330902973,18.030896933,0.0,37.0,36.5,5.0,35.0,0.1235,0.1873,0.0822,0.59,Moderate Vulnerability,0.82,Very High Concern,867.0,1.0,small,urban,18.030896933,0.0,6.019602497975,1.0,35.0,0.0,34.789313912570876,1.0635449751318697,78.5,0.001003836317155819,78199.999998421,106.35449751318697,0.10038363171558191
King,,0.0,0.0,,16.7,,12,16.438356164,30,14.7,,0.0,272:0,71256,23.58490566,272,50.0,100.0,2021,88.311688312,26.470588235,0.0,0.0,2.5,0.0,,0.1143,0.1758,0.0766,0.2,Very Low Vulnerability,0.68,High Concern,272.0,0.0,small,very rural,26.470588235,0.0,6.019602497975,1.0,1533.4742547425474,1.0,1524.2433492881187,0.0,2.5,0.00034722222222608026,7199.99999992,0.0,0.034722222222608026
Kinney,,,,28.0,24.7,,78,10.41388518,620,16.9,,27.27025,3667:1,47076,56.964285714,3667,45.132260704,20.455808783,2021,48.167539267,19.170984456,0.0,20.0,30.5,0.0,25.0,0.107,0.1724,0.0705,0.86,Very High Vulnerability,0.98,Very High Concern,3667.0,1.0,small,very urban,19.170984456,0.0,6.019602497975,1.0,25.0,0.0,24.849509937550625,0.8048448460457392,50.5,0.0007183499288746915,70300.000000152,80.48448460457392,0.07183499288746915
Kleberg,,13.0,41.7617,38.0,31.0,,731,9.3406593407,5360,17.1,34.077345885,48.89179000000001,2045:1,47169,69.791477788,30680,49.178617992,18.870278532,2021,73.436786855,23.921121252,0.0,263.0,297.0,10.0,348.0,0.0992,0.1603,0.0642,0.98,Very High Vulnerability,0.99,Very High Concern,2045.0,1.0,medium,very urban,23.921121252,0.0,6.019602497975,1.0,348.0,0.0,345.9051783307047,0.7603239745331517,570.0,0.0007766725711829637,733900.0000113599,76.03239745331517,0.07766725711829638
Knox,,,,15.0,30.8,,178,17.997977755,570,15.3,44.454078886,163.75546,611:1,40808,64.073550212,3664,51.091703057,100.0,2021,75.2,26.06441048,0.0,27.5,41.5,2.5,41.0,0.1278,0.1901,0.086,0.8,High Vulnerability,0.93,Very High Concern,611.0,1.0,small,very rural,26.06441048,0.0,6.019602497975,1.0,41.0,0.0,40.753196297583024,0.674793697142007,71.5,0.0007486910994864746,95499.99999872,67.4793697142007,0.07486910994864746
La Salle,,,,24.0,27.4,,110,7.3089700997,890,12.0,,132.97872,752:1,41683,88.789903489,7520,41.156914894,46.354923032,2021,56.280299691,19.707446809,0.0,38.0,56.5,2.5,73.0,0.107,0.1724,0.0705,0.82,Very High Vulnerability,0.97,Very High Concern,752.0,1.0,small,urban,19.707446809,0.0,6.019602497975,1.0,73.0,0.0,72.56056901764782,0.5237004135229125,97.0,0.0006545209176625598,148200.00000368,52.37004135229125,0.06545209176625598
Lamar,,25.0,50.27349,49.0,27.3,7.0252469813,1380,11.305915124,8970,18.1,39.066746966,112.31673,890:1,47061,64.312617702,49859,51.866262861,47.082923302,2021,65.816197646,23.612587497,0.0,525.0,687.0,10.0,670.0,0.1283,0.1937,0.0866,0.84,Very High Vulnerability,0.94,Very High Concern,890.0,1.0,large,urban,23.612587497,0.0,7.0252469813,0.0,670.0,0.0,665.293084522529,0.7891258938559157,1222.0,0.001037968232384767,1177300.000012923,78.91258938559157,0.10379682323847671
Lamb,,4.0,30.39976,35.0,26.1,,554,14.663843303,2250,16.9,17.939155213,62.04917,1612:1,42719,71.428571429,12893,50.399441557,57.687629677,2021,67.322335025,27.534320949,0.0,143.0,176.0,10.0,165.0,0.1143,0.1758,0.0766,0.9,Very High Vulnerability,0.99,Very High Concern,1612.0,1.0,medium,rural,27.534320949,0.0,6.019602497975,1.0,165.0,0.0,164.00676558783414,0.871915249882884,329.0,0.0009267605633921416,354999.999995457,87.1915249882884,0.09267605633921416
Lampasas,,10.0,47.10537,24.0,19.2,,553,11.260435756,3050,14.8,45.989359577,32.667539999999995,3061:1,58817,54.224395545,21428,50.87735673,68.267520455,2021,76.713206097,21.602576069,0.0,117.0,134.5,5.0,207.0,0.1264,0.1929,0.0847,0.54,Moderate Vulnerability,0.88,Very High Concern,3061.0,1.0,medium,rural,21.602576069,0.0,6.019602497975,1.0,207.0,0.0,205.75394228291918,0.5686403803584027,256.5,0.0005541153596810986,462900.000006532,56.86403803584027,0.05541153596810986
Lavaca,,13.0,64.64446,39.0,14.5,,578,11.59943809,2900,14.5,37.328895092,64.50332,1550:1,52632,41.813705375,20154,51.061823956,81.316513523,2021,75.811397904,23.255929344,0.0,185.0,256.0,10.0,236.0,0.1134,0.1709,0.0762,0.69,High Vulnerability,0.91,Very High Concern,1550.0,1.0,medium,very rural,23.255929344,0.0,6.019602497975,1.0,236.0,0.0,234.5793738104779,0.7886456383393101,451.0,0.0009622359718390983,468699.99999897595,78.86456383393102,0.09622359718390983
Lee,,5.0,29.16472,47.0,16.1,,449,12.086137281,2390,14.1,38.783603036,34.8048,2873:1,59250,60.036663611,17239,49.66065317,69.720683843,2021,77.402253148,21.735599513,0.0,189.0,174.0,12.5,185.0,0.124,0.188,0.0827,0.68,High Vulnerability,0.88,Very High Concern,2873.0,1.0,medium,rural,21.735599513,0.0,6.019602497975,1.0,185.0,0.0,183.88637353787462,1.0278086209638158,375.5,0.001002135041354105,374700.000004607,102.78086209638158,0.1002135041354105
Leon,,,,43.0,22.2,,798,19.791666667,2920,17.1,31.462717089,34.474830000000004,2901:1,50522,57.854649318,17404,50.275798667,100.0,2021,70.805525376,22.351183636,0.0,127.5,179.0,10.0,177.0,0.1225,0.1864,0.0827,0.62,High Vulnerability,0.92,Very High Concern,2901.0,1.0,medium,very rural,22.351183636,0.0,6.019602497975,1.0,177.0,0.0,175.93453035785842,0.7247013973928796,316.5,0.0008136246786612648,389000.00000094395,72.47013973928796,0.08136246786612647
Liberty,,20.0,23.1688,37.0,19.0,6.8947573826,2784,11.792113177,13680,16.7,33.789892982,37.40691,2673:1,53274,70.740679734,88219,50.607012095,63.227264915,2021,79.194730771,27.044060803,0.0,1117.0,1202.0,46.5,1356.0,0.1377,0.2028,0.0929,0.94,Very High Vulnerability,0.97,Very High Concern,2673.0,1.0,large,rural,27.044060803,0.0,6.8947573826,0.0,1356.0,0.0,1346.6507089891943,0.8294652745093999,2365.5,0.000991491323673389,2385799.999979857,82.94652745093998,0.09914913236733891
Limestone,,8.0,34.01505,41.0,26.0,,682,12.643678161,4170,17.7,28.04293872,68.26812000000001,1465:1,43644,70.730452675,23437,48.653837949,53.617858365,2021,63.793720902,22.020736442,0.0,184.0,240.5,17.5,240.0,0.1248,0.188,0.085,0.95,Very High Vulnerability,0.98,Very High Concern,1465.0,1.0,medium,urban,22.020736442,0.0,6.019602497975,1.0,240.0,0.0,238.555295400486,0.7713096441271668,442.0,0.0008564231738182056,516099.999991154,77.13096441271668,0.08564231738182056
Lipscomb,,,,33.0,17.2,,215,23.652365237,460,13.1,,61.86205,1617:1,65388,63.648468708,3233,48.871017631,100.0,2021,82.718120805,25.332508506,0.0,25.0,37.0,0.0,38.0,0.1241,0.1883,0.0824,0.46,Moderate Vulnerability,0.87,Very High Concern,1617.0,1.0,small,very rural,25.332508506,0.0,6.019602497975,1.0,38.0,0.0,37.77125510507695,0.6618789852349829,62.0,0.0007570207570216997,81899.999999898,66.18789852349829,0.07570207570216997
Live Oak,,1.0,8.21963,32.0,23.0,,382,15.1047845,1840,15.2,,40.9601,2441:1,54163,61.042765085,12207,45.072499386,100.0,2021,58.875266525,19.832882772,0.0,82.5,100.0,5.0,92.0,0.1146,0.1867,0.0742,0.69,High Vulnerability,0.95,Very High Concern,2441.0,1.0,medium,very rural,19.832882772,0.0,6.019602497975,1.0,92.0,0.0,91.4461965701863,0.9021698342224659,187.5,0.0007744733581235057,242099.99999780403,90.21698342224659,0.07744733581235057
Llano,,17.0,78.53645,43.0,20.7,,457,13.057142857,3420,16.6,66.084699175,27.52925,3633:1,55617,64.42159383,21795,51.557696719,45.179006269,2021,81.020972574,15.122734572,0.0,128.5,149.5,10.0,219.0,0.1264,0.1929,0.0847,0.47,Moderate Vulnerability,0.76,High Concern,3633.0,1.0,medium,urban,15.122734572,0.0,6.019602497975,1.0,219.0,0.0,217.68170705294347,0.5903114310324058,288.0,0.0008737864077756327,329599.99999674,59.03114310324058,0.08737864077756327
Loving,,0.0,0.0,,10.2,,8,13.333333333,20,18.8,,0.0,169:0,88487,,169,42.01183432,100.0,2021,73.333333333,28.99408284,0.0,0.0,2.5,0.0,0.0,0.1166,0.1765,0.0789,0.76,High Vulnerability,0.83,Very High Concern,169.0,0.0,small,very rural,28.99408284,0.0,6.019602497975,1.0,0.0,0.0,0.0,,2.5,0.000510204081636818,4899.99999996,,0.051020408163681794
Lubbock,,252.0,81.97468,46.0,22.5,5.1417454141,6626,8.7078799348,46080,15.3,44.906062064,154.87702,646:1,54733,60.363303966,310569,50.732365432,11.335540166,2021,79.79433949,23.674288161,0.0,3392.0,3724.0,54.5,4005.0,0.109,0.1714,0.0711,0.75,High Vulnerability,0.74,High Concern,646.0,1.0,large,very urban,23.674288161,0.0,5.1417454141,0.0,4005.0,0.0,3984.4073096165293,0.8513185867853594,7170.5,0.000975246514807652,7352499.999873609,85.13185867853595,0.09752465148076521
Lynn,,3.0,51.04645,33.0,23.4,,213,13.059472716,950,16.4,,50.4117,1984:1,45737,54.731965586,5951,48.731305663,56.720202874,2021,71.634168988,27.255923374,0.0,51.5,77.0,7.5,85.0,0.1143,0.1758,0.0766,0.89,Very High Vulnerability,0.99,Very High Concern,1984.0,1.0,small,rural,27.255923374,0.0,6.019602497975,1.0,85.0,0.0,84.48833378767212,0.6095516113434644,136.0,0.0008384710234347214,162199.999998674,60.95516113434643,0.08384710234347215
Madison,,3.0,20.80155,43.0,22.2,,380,12.117346939,2210,15.6,51.067263319,28.00336,3571:1,46274,69.685902118,14284,42.411089331,67.403395785,2021,69.126259077,21.240548866,0.0,109.0,122.0,10.0,180.0,0.1225,0.1864,0.0827,0.84,Very High Vulnerability,0.96,Very High Concern,3571.0,1.0,medium,rural,21.240548866,0.0,6.019602497975,1.0,180.0,0.0,178.9164715503645,0.6092228348540666,241.0,0.0007943309162770462,303400.000001944,60.92228348540666,0.07943309162770462
Marion,,,,37.0,32.9,,202,10.97826087,1970,19.5,36.795174384,10.14816,9854:1,37876,74.16918429,9854,50.92348285,100.0,2021,62.863202545,18.084026791,0.0,44.5,48.5,7.5,85.0,0.1276,0.1901,0.0861,0.69,High Vulnerability,0.97,Very High Concern,9854.0,1.0,medium,very rural,18.084026791,0.0,6.019602497975,1.0,85.0,0.0,84.48833378767212,0.5266999360152265,100.5,0.0005639730639777669,178199.999998514,52.66999360152265,0.056397306397776695
Martin,,1.0,17.38224,32.0,17.9,,266,14.156466205,580,10.3,,34.656040000000004,2886:1,68745,53.141167775,5771,49.818055796,100.0,2021,62.92798111,31.346387108,0.0,34.5,50.5,5.0,72.0,0.1235,0.1873,0.0822,0.42,Moderate Vulnerability,0.89,Very High Concern,2886.0,1.0,small,very rural,31.346387108,0.0,6.019602497975,1.0,72.0,0.0,71.5665886201458,0.48206852757947927,90.0,0.0004975124378102082,180900.000000268,48.20685275794793,0.04975124378102082
Mason,,,,41.0,20.4,,214,23.010752688,630,15.2,,70.19186,1425:1,54914,46.993006993,4274,48.85353299,100.0,2021,73.231132075,20.191857745,0.0,30.0,41.0,0.0,31.0,0.1235,0.1873,0.0822,0.36,Low Vulnerability,0.81,Very High Concern,1425.0,1.0,small,very rural,20.191857745,0.0,6.019602497975,1.0,31.0,0.0,30.813392322562773,0.9736026363456524,71.0,0.0008227114715903548,86300.00000213001,97.36026363456524,0.08227114715903548
Matagorda,,14.0,38.3016,41.0,24.1,,1253,13.053443067,6600,18.0,42.729500918,60.03875,1666:1,49276,70.199862164,36643,49.717544961,36.417633916,2021,63.388214905,25.557405234,0.0,391.0,529.0,12.5,522.0,0.1114,0.1704,0.0738,0.91,Very High Vulnerability,0.94,Very High Concern,1666.0,1.0,large,urban,25.557405234,0.0,6.019602497975,1.0,522.0,0.0,518.857767496057,0.7535783879403354,932.5,0.0009957287773737244,936499.9999894621,75.35783879403354,0.09957287773737244
Maverick,,17.0,29.06728,26.0,40.3,5.6833201163,2229,11.845671467,10520,18.1,48.426122658,47.682300000000005,2097:1,40017,81.168875764,58722,49.862061919,9.2557779498,2021,61.347169348,30.95092129,0.0,684.0,833.0,35.5,930.0,0.107,0.1724,0.0705,0.97,Very High Vulnerability,1.0,Very High Concern,2097.0,1.0,large,very urban,30.95092129,0.0,5.6833201163,0.0,930.0,0.0,924.714512291841,0.7396877532556003,1552.5,0.0008541953232502687,1817499.99999138,73.96877532556003,0.08541953232502686
McCulloch,,4.0,50.08138,33.0,26.4,,220,11.879049676,1300,16.1,,37.57515,2661:1,43262,63.285714286,7984,49.611723447,35.325365206,2021,76.296531976,22.131763527,0.0,40.5,69.0,7.5,66.0,0.1235,0.1873,0.0822,0.74,High Vulnerability,0.93,Very High Concern,2661.0,1.0,small,urban,22.131763527,0.0,6.019602497975,1.0,66.0,0.0,65.60270623513365,0.6173525807737205,117.0,0.0006621392190168989,176699.999999568,61.735258077372045,0.06621392190168988
McLennan,,187.0,73.44653,50.0,22.6,6.9395679293,6791,10.551912738,40000,16.1,40.641278953,83.78049,1194:1,51078,59.557719434,256623,51.188708728,23.351893949,2021,77.682279521,24.515339623,0.0,2448.0,2786.0,75.5,3349.0,0.1128,0.178,0.0742,0.84,Very High Vulnerability,0.88,Very High Concern,1194.0,1.0,large,very urban,24.515339623,0.0,6.9395679293,0.0,3349.0,0.0,3325.7593870047745,0.7360724920646479,5309.5,0.0008439566378335266,6291200.000073128,73.60724920646479,0.08439566378335267
McMullen,,0.0,0.0,26.0,13.8,,16,10.95890411,90,13.3,,134.5895,743:1,68349,24.567474048,743,47.240915209,100.0,2021,76.296296296,19.784656797,0.0,20.0,17.5,2.5,,0.1146,0.1867,0.0742,0.76,High Vulnerability,0.83,Very High Concern,743.0,1.0,small,very rural,19.784656797,0.0,6.019602497975,1.0,1533.4742547425474,1.0,1524.2433492881187,0.013121264402656428,40.0,0.0027210884353424964,14700.000000171,1.3121264402656427,0.27210884353424963
Medina,,14.0,27.49357,38.0,19.4,6.3211125158,1470,11.890317884,6000,12.2,54.399904646,19.38586,5158:1,60695,56.590493601,51584,48.377403846,61.555014563,2021,73.644943247,22.892757444,0.0,376.0,436.0,18.5,597.0,0.1146,0.174,0.0756,0.67,High Vulnerability,0.95,Very High Concern,5158.0,1.0,large,rural,22.892757444,0.0,6.3211125158,0.0,597.0,0.0,593.2262958280674,0.6338222068783255,830.5,0.000703277161492185,1180899.999991296,63.38222068783254,0.0703277161492185
Menard,,1.0,46.75082,31.0,35.4,,82,20.918367347,330,15.7,,0.0,2138:0,38425,72.786885246,2138,50.140318054,100.0,2021,66.07495069,18.054256314,0.0,20.0,22.5,2.5,17.0,0.1235,0.1873,0.0822,0.59,Moderate Vulnerability,0.97,Very High Concern,2138.0,0.0,small,very rural,18.054256314,0.0,6.019602497975,1.0,17.0,0.0,16.897666757534424,1.1835953618319695,45.0,0.001165803108828465,38599.999999332,118.35953618319695,0.11658031088284651
Midland,,62.0,35.92578,44.0,12.3,5.3863579159,6101,11.862034103,17200,10.5,41.204751849,98.39848,1016:1,85811,46.12061913,176832,49.23939106,12.291776258,2021,84.06786203,28.560441549,0.0,2231.0,2484.0,211.5,2805.0,0.1034,0.1564,0.067,0.47,Moderate Vulnerability,0.72,High Concern,1016.0,1.0,large,very urban,28.560441549,0.0,5.3863579159,0.0,2805.0,0.0,2789.8912660459005,0.7996727425015333,4926.5,0.0009754672897210229,5050399.999992768,79.96727425015334,0.09754672897210229
Milam,,3.0,11.93745,40.0,25.1,,682,10.837438424,4180,16.9,27.859175028,68.48487,1460:1,48989,70.107296137,24823,50.630463683,56.182089914,2021,68.530559168,23.760222374,0.0,265.0,295.0,12.5,288.0,0.1225,0.1864,0.0827,0.76,High Vulnerability,0.95,Very High Concern,1460.0,1.0,medium,rural,23.760222374,0.0,6.019602497975,1.0,288.0,0.0,286.2663544805832,0.9257113029605942,572.5,0.0009706680230754473,589799.999989802,92.57113029605942,0.09706680230754473
Mills,,2.0,40.64215,19.0,24.9,,181,18.009950249,850,17.4,,61.56372,1624:1,46876,54.885404101,4873,50.01026062,100.0,2021,71.508379888,20.418633285,0.0,33.5,23.5,0.0,42.0,0.1264,0.1929,0.0847,0.77,High Vulnerability,0.95,Very High Concern,1624.0,1.0,small,very rural,20.418633285,0.0,6.019602497975,1.0,42.0,0.0,41.74717669508505,0.8024494744801268,57.0,0.0005728643216206779,99499.99999780499,80.24494744801268,0.05728643216206779
Mitchell,,4.0,49.10988,26.0,23.4,,225,12.369433755,1130,13.2,32.578726242,23.4055,4273:1,44457,56.632653061,8545,39.426565243,36.74359247,2021,66.246851385,20.631948508,0.0,61.0,91.5,10.0,69.0,0.1278,0.1901,0.086,0.62,High Vulnerability,0.97,Very High Concern,4273.0,1.0,small,urban,20.631948508,0.0,6.019602497975,1.0,69.0,0.0,68.58464742763972,0.889411876970835,162.5,0.0009217243335179087,176300.00000086002,88.9411876970835,0.09217243335179087
Montague,,6.0,30.61849,30.0,18.0,,667,14.459137221,3190,16.4,,15.13775,6606:1,53649,55.228662977,19818,50.877989706,58.943151275,2021,72.205128205,22.449288526,0.0,142.0,201.0,5.0,193.0,0.1293,0.1898,0.087,0.58,Moderate Vulnerability,0.93,Very High Concern,6606.0,1.0,medium,rural,22.449288526,0.0,6.019602497975,1.0,193.0,0.0,191.83821671789082,0.7402070475291126,348.0,0.0007821982467824967,444900.000008268,74.02070475291126,0.07821982467824967
Montgomery,,353.0,59.73685,50.0,13.2,5.013574302,17720,10.807448113,69390,12.5,36.927662488,72.9349,1371:1,88833,46.036977634,607391,50.514742563,22.725597153,2021,89.879636948,26.085338769,0.0,5672.0,6330.0,238.0,8063.0,0.1086,0.1585,0.0725,0.39,Low Vulnerability,0.67,High Concern,1371.0,1.0,large,very urban,26.085338769,0.0,5.013574302,0.0,8063.0,0.0,8022.575550402974,0.7070048719846702,12240.0,0.0007725321888294179,15844000.000241678,70.70048719846702,0.07725321888294179
Moore,,10.0,46.5441,36.0,15.1,,1073,15.153226945,2740,12.6,29.476659232,33.42884,2991:1,55099,63.756177924,20940,48.132760267,16.814280497,2021,84.360611911,31.757402101,0.0,285.0,442.0,48.0,414.0,0.1241,0.1883,0.0824,0.7,High Vulnerability,0.88,Very High Concern,2991.0,1.0,medium,very urban,31.757402101,0.0,6.019602497975,1.0,414.0,0.0,411.50788456583837,0.6925748222313879,775.0,0.0011654135338434542,664999.99999494,69.2574822231388,0.11654135338434542
Morris,,2.0,16.208769999999998,42.0,29.0,,289,10.041695622,2320,18.7,15.629255706,40.36164,2478:1,43304,78.582677165,12388,51.993865031,78.421215401,2021,77.975376197,23.062641266,0.0,123.0,153.0,2.5,116.0,0.1283,0.1937,0.0866,0.73,High Vulnerability,0.97,Very High Concern,2478.0,1.0,medium,rural,23.062641266,0.0,6.019602497975,1.0,116.0,0.0,115.3017261102349,1.0667663368925209,278.5,0.0009747987399260512,285700.000003208,106.67663368925209,0.09747987399260512
Motley,,0.0,0.0,34.0,30.9,,35,13.725490196,170,15.1,,83.33333,1200:1,40217,70.987654321,1200,49.0,100.0,2021,69.529652352,19.75,0.0,17.5,10.0,0.0,14.0,0.1143,0.1758,0.0766,0.7,High Vulnerability,0.87,Very High Concern,1200.0,1.0,small,very rural,19.75,0.0,6.019602497975,1.0,14.0,0.0,13.91572556502835,1.2575700719464675,27.5,0.001160337552742616,23700.0,125.75700719464675,0.1160337552742616
Nacogdoches,,46.0,70.0035,48.0,26.3,3.8805466509,1804,11.552254098,12430,19.0,46.061693652,98.15349,1019:1,46207,66.822640151,65204,51.889454635,46.460231852,2021,78.860967294,23.006257285,0.0,522.0,595.0,22.0,845.0,0.125,0.1935,0.0836,0.98,Very High Vulnerability,0.9,Very High Concern,1019.0,1.0,large,urban,23.006257285,0.0,3.8805466509,0.0,845.0,0.0,841.7209380799895,0.6201580314619592,1139.0,0.0007592827144800624,1500100.00001114,62.01580314619592,0.07592827144800623
Navarro,,20.0,40.35105,46.0,21.1,6.4395513087,1562,11.584958837,8100,16.7,36.196830879,51.882740000000005,1927:1,48649,72.200924015,50113,50.910941273,52.657379281,2021,76.052601223,26.406321713,0.0,556.0,664.0,17.5,737.0,0.1248,0.188,0.085,0.97,Very High Vulnerability,0.95,Very High Concern,1927.0,1.0,large,urban,26.406321713,0.0,6.4395513087,0.0,737.0,0.0,732.2540506854881,0.7592993162407355,1237.5,0.0009351620947605701,1323300.000003569,75.92993162407356,0.093516209476057
Newton,,,,37.0,28.3,,347,12.044429018,2820,20.0,35.20103925,14.71129,6798:1,45890,67.721518987,13595,48.716439868,100.0,2021,69.91533396,19.610150791,0.0,49.0,84.5,5.0,106.0,0.1428,0.2169,0.0983,0.72,High Vulnerability,0.96,Very High Concern,6798.0,1.0,medium,very rural,19.610150791,0.0,6.019602497975,1.0,106.0,0.0,105.36192213521466,0.4650636492481276,138.5,0.0005195048762119521,266600.00000364496,46.50636492481276,0.05195048762119521
Nolan,,5.0,33.89601,37.0,23.6,,417,10.498489426,2350,15.7,42.354382475,74.75873,1338:1,46389,61.507191995,14714,50.101943727,32.656414301,2021,72.831514703,26.022835395,0.0,136.5,197.0,10.0,176.0,0.1278,0.1901,0.086,0.89,Very High Vulnerability,0.96,Very High Concern,1338.0,1.0,medium,urban,26.022835395,0.0,6.019602497975,1.0,176.0,0.0,174.9405499603564,0.7802650673667855,343.5,0.0008971010707709033,382900.00000203,78.02650673667854,0.08971010707709033
Nueces,,287.0,79.22377,42.0,23.1,4.9287410926,9671,10.431565436,52610,14.6,39.87273332,104.05913,961:1,56079,63.567242199,362294,50.588748365,6.447241956,2021,81.289445427,24.305950416,0.0,3524.0,4121.0,1020.0,4320.0,0.1011,0.1589,0.0646,0.84,Very High Vulnerability,0.89,Very High Concern,961.0,1.0,large,very urban,24.305950416,0.0,4.9287410926,0.0,4320.0,0.0,4298.707838479968,0.8197812301768556,8665.0,0.000983999364061132,8805900.000014305,81.97812301768556,0.0983999364061132
Ochiltree,,4.0,40.21313,27.0,16.2,,573,17.52293578,1200,11.6,,50.83367,1967:1,62567,58.266309205,9836,49.827165514,13.90981121,2021,75.59575079,31.018706791,0.0,95.5,151.5,7.5,133.0,0.1241,0.1883,0.0824,0.58,Moderate Vulnerability,0.9,Very High Concern,1967.0,1.0,medium,very urban,31.018706791,0.0,6.019602497975,1.0,133.0,0.0,132.19939286776932,0.72239363531361,254.5,0.0008341527368177856,305099.999996276,72.239363531361,0.08341527368177856
Oldham,,,,43.0,29.5,,31,9.872611465,280,13.5,,0.0,2112:0,59404,47.250509165,2112,47.585227273,100.0,2021,79.292929293,23.390151515,0.0,27.5,25.0,2.5,23.0,0.1241,0.1883,0.0824,0.43,Moderate Vulnerability,0.72,High Concern,2112.0,0.0,small,very rural,23.390151515,0.0,6.019602497975,1.0,23.0,0.0,22.861549142546576,1.202893112296621,55.0,0.0011133603238938517,49399.999999679996,120.2893112296621,0.11133603238938516
Orange,,16.0,19.14517,47.0,18.7,8.3279948751,2050,9.5109956389,14130,16.8,73.898354282,38.37114,2606:1,62976,50.525141132,83396,50.412489808,35.171132862,2021,80.74714457,24.763777639,0.0,725.0,1072.0,38.0,1046.0,0.1338,0.1949,0.0899,0.58,Moderate Vulnerability,0.86,Very High Concern,2606.0,1.0,large,urban,24.763777639,0.0,8.3279948751,0.0,1046.0,0.0,1037.2889173606454,0.6989373817323177,1835.0,0.0008885337981870784,2065199.999982044,69.89373817323177,0.08885337981870785
Palo Pinto,,11.0,38.09524,46.0,26.2,7.8709169618,1008,14.507772021,4770,16.8,67.193196484,54.81517,1824:1,50159,70.299427565,29189,50.878755696,50.215218242,2021,75.631399317,22.998389804,0.0,233.0,270.0,10.0,339.0,0.1134,0.1689,0.0762,0.88,Very High Vulnerability,0.93,Very High Concern,1824.0,1.0,medium,urban,22.998389804,0.0,7.8709169618,0.0,339.0,0.0,336.3317591499498,0.6927683564254767,513.0,0.0007641888872462979,671299.9999889559,69.27683564254767,0.07641888872462979
Panola,,8.0,34.56022,40.0,21.5,,676,12.043470515,3940,16.8,30.83385354,25.86876,3866:1,56882,52.659574468,23194,50.379408468,72.718103883,2021,73.312492764,23.286194706,0.0,178.0,207.0,5.0,254.0,0.1282,0.1918,0.0871,0.7,High Vulnerability,0.92,Very High Concern,3866.0,1.0,medium,rural,23.286194706,0.0,6.019602497975,1.0,254.0,0.0,252.47102096551436,0.7050314104140826,390.0,0.000722088502114577,540100.000010964,70.50314104140826,0.0722088502114577
Parker,,58.0,41.9163,50.0,10.4,5.7634072482,4202,11.621539398,16090,12.4,56.658467308,42.69377,2342:1,82501,35.465883455,142878,50.180573636,56.084565584,2021,85.073311795,24.728789597,0.0,1501.0,1635.0,39.0,1802.0,0.1198,0.1716,0.0811,0.26,Low Vulnerability,0.68,High Concern,2342.0,1.0,large,rural,24.728789597,0.0,5.7634072482,0.0,1802.0,0.0,1791.6143401387435,0.8377919099954078,3175.0,0.0008986188157941545,3533200.0000401656,83.77919099954077,0.08986188157941545
Parmer,,2.0,20.27575,31.0,17.8,,570,19.580900034,1230,12.5,,124.93493,800:1,50607,70.161290323,9605,48.276939094,60.015580874,2021,66.031845145,28.214471629,0.0,131.5,190.0,23.5,144.0,0.1241,0.1883,0.0824,0.76,High Vulnerability,0.97,Very High Concern,800.0,1.0,medium,rural,28.214471629,0.0,6.019602497975,1.0,144.0,0.0,143.1331772402916,0.9187248025608916,345.0,0.0012730627306435367,270999.99999654497,91.87248025608916,0.12730627306435366
Pecos,,7.0,44.6628,18.0,23.1,,547,13.837591703,1860,11.8,38.606569634,75.83896999999999,1319:1,52763,62.932138284,15823,43.297731151,39.77558522,2021,63.29467354,24.527586425,0.0,173.0,214.0,20.0,181.0,0.1166,0.1765,0.0789,0.82,Very High Vulnerability,0.98,Very High Concern,1319.0,1.0,medium,urban,24.527586425,0.0,6.019602497975,1.0,181.0,0.0,179.91045194786653,0.9615894914772989,407.0,0.001048698788964416,388100.000002775,96.15894914772988,0.1048698788964416
Polk,,29.0,57.96406,47.0,26.6,,1316,12.622290428,8690,18.2,45.580557725,54.52457,1834:1,50416,73.47985348,51353,45.944735458,77.638561645,2021,71.474518938,19.874204039,0.0,330.0,433.0,20.0,537.0,0.1365,0.206,0.093,0.91,Very High Vulnerability,0.97,Very High Concern,1834.0,1.0,large,rural,19.874204039,0.0,6.019602497975,1.0,537.0,0.0,533.7674734585875,0.6182467392809449,783.0,0.0007671957671846667,1020600.0000147669,61.824673928094484,0.07671957671846667
Potter,,89.0,74.38485999999999,46.0,26.1,7.3606729758,4073,12.137195304,19280,15.9,49.301579076,200.14479,500:1,41138,72.963611915,117415,48.60878082,8.9962254177,2021,74.010815683,27.265681557,0.0,1286.0,1855.0,129.0,1564.0,0.1281,0.2007,0.0864,0.92,Very High Vulnerability,0.87,Very High Concern,500.0,1.0,large,very urban,27.265681557,0.0,7.3606729758,0.0,1564.0,0.0,1552.4879074658488,0.8283478369239982,3270.0,0.0010214281251903917,3201400.000015155,82.83478369239981,0.10214281251903917
Presidio,,2.0,28.78526,13.0,29.1,,321,17.06539075,1550,21.8,,44.7494,2235:1,33499,89.856020942,6704,48.702267303,40.470708621,2021,48.36806921,26.834725537,0.0,51.0,106.5,10.0,91.0,0.1166,0.1765,0.0789,1.0,Very High Vulnerability,0.99,Very High Concern,2235.0,1.0,small,urban,26.834725537,0.0,6.019602497975,1.0,91.0,0.0,90.45221617268427,0.5638336146748998,167.5,0.000931072818232103,179900.000000048,56.383361467489976,0.09310728182321029
Rains,,1.0,8.22436,40.0,22.9,,374,14.829500397,1740,15.2,3.0974101792,15.9821,6257:1,65657,62.950058072,12514,50.05593735,93.228880337,2021,72.632794457,20.177401311,0.0,58.0,105.0,2.5,108.0,0.1285,0.1874,0.0874,0.4,Moderate Vulnerability,0.89,Very High Concern,6257.0,1.0,medium,very rural,20.177401311,0.0,6.019602497975,1.0,108.0,0.0,107.3498829302187,0.5402893642436676,165.5,0.0006554455445392594,252500.000005854,54.028936424366755,0.06554455445392594
Randall,,86.0,63.10954,46.0,12.1,6.1259706644,2631,7.7273261278,15830,11.9,54.784481659,54.461090000000006,1836:1,70694,43.275771847,137713,50.936367663,14.375647132,2021,88.155257244,23.89897831,0.0,1365.0,1498.0,43.5,1711.0,0.1021,0.1521,0.0667,0.22,Low Vulnerability,0.6,High Concern,1836.0,1.0,large,very urban,23.89897831,0.0,6.1259706644,0.0,1711.0,0.0,1700.5184641932117,0.8026963709844844,2906.5,0.0008831125425363265,3291200.00000503,80.26963709844844,0.08831125425363265
Reagan,,2.0,53.46164,27.0,12.2,,159,14.108251996,410,11.0,,77.94232,1283:1,67384,61.828571429,3849,46.583528189,13.305613306,2021,73.062730627,28.968563263,0.0,37.5,76.0,5.0,45.0,0.1235,0.1873,0.0822,0.48,Moderate Vulnerability,0.94,Very High Concern,1283.0,1.0,small,very urban,28.968563263,0.0,6.019602497975,1.0,45.0,0.0,44.72911788759112,0.8383800479643118,118.5,0.001062780269065092,111499.999999287,83.83800479643118,0.1062780269065092
Real,,2.0,57.50431,34.0,32.7,,84,13.907284768,670,19.9,,86.90614,1151:1,40834,68.813559322,3452,50.60834299,100.0,2021,61.722912966,16.425260718,0.0,25.0,32.0,5.0,30.0,0.107,0.1724,0.0705,0.72,High Vulnerability,0.93,Very High Concern,1151.0,1.0,small,very rural,16.425260718,0.0,6.019602497975,1.0,30.0,0.0,29.81941192506075,0.8383800479643118,62.0,0.0010934744268359937,56699.999998536005,83.83800479643118,0.10934744268359937
Red River,,2.0,16.427100000000003,50.0,27.2,,257,10.284113645,2310,18.8,50.712959561,33.26957,3006:1,41325,66.869443145,12023,51.426432671,75.730948678,2021,64.13459601,19.57082259,0.0,95.5,135.5,2.5,136.0,0.1283,0.1937,0.0866,0.56,Moderate Vulnerability,0.99,Very High Concern,3006.0,1.0,medium,rural,19.57082259,0.0,6.019602497975,1.0,136.0,0.0,135.1813340602754,0.7064584815934568,233.5,0.0009923501912470324,235299.99999957,70.64584815934568,0.09923501912470324
Reeves,,5.0,31.85728,30.0,24.6,,444,12.164383562,1530,10.1,52.394440095,25.03756,3994:1,48990,72.30975528,15976,38.839509264,14.496118407,2021,61.79647527,22.414872308,0.0,208.0,245.0,1054.5,179.0,0.1166,0.1765,0.0789,0.78,High Vulnerability,0.98,Very High Concern,3994.0,1.0,medium,very urban,22.414872308,0.0,6.019602497975,1.0,179.0,0.0,177.92249115286248,1.1690483797312414,1507.5,0.004209717955965145,358099.999992608,116.90483797312415,0.4209717955965145
Refugio,,1.0,14.22071,30.0,27.0,,166,9.9401197605,1270,17.5,32.601953952,43.17789,2316:1,46883,79.527559055,6948,50.546919977,60.679940404,2021,69.925402434,22.063903282,0.0,47.0,84.0,0.0,54.0,0.1183,0.18,0.0772,0.94,Very High Vulnerability,0.99,Very High Concern,2316.0,1.0,small,rural,22.063903282,0.0,6.019602497975,1.0,54.0,0.0,53.67494146510935,0.8756413834293922,131.0,0.000854533594241026,153300.000003336,87.56413834293923,0.08545335942410259
Roberts,,0.0,0.0,44.0,9.3,,27,11.392405063,120,14.1,,0.0,854:0,70705,29.223744292,854,50.468384075,100.0,2021,81.395348837,23.18501171,0.0,5.0,5.0,0.0,13.0,0.1241,0.1883,0.0824,0.09,Very Low Vulnerability,0.67,High Concern,854.0,0.0,small,very rural,23.18501171,0.0,6.019602497975,1.0,13.0,0.0,12.921745167526325,0.38694463752199004,10.0,0.0005050505050418324,19800.000000340002,38.694463752199006,0.05050505050418324
Robertson,,1.0,5.7857,44.0,31.0,,538,12.549568463,2480,14.7,40.603202406,46.854870000000005,2134:1,47016,64.797601199,17074,50.825817032,73.853928528,2021,73.680943513,23.427433525,0.0,178.0,216.0,15.0,196.0,0.1225,0.1864,0.0827,0.75,High Vulnerability,0.93,Very High Concern,2134.0,1.0,medium,rural,23.427433525,0.0,6.019602497975,1.0,196.0,0.0,194.8201579103969,0.9136631543121275,409.0,0.0010224999999850458,400000.00000585004,91.36631543121275,0.10224999999850458
Rockwall,,77.0,76.49741,52.0,6.5,3.4293552812,2861,9.9030806507,9610,10.3,32.534790348,96.26841,1039:1,105763,27.66478932,104915,50.611447362,16.035845131,2021,93.082465488,26.632035457,0.0,977.0,1020.0,31.5,1287.0,0.1122,0.1653,0.0743,0.11,Very Low Vulnerability,0.51,Moderate Concern,1039.0,1.0,large,very urban,26.632035457,0.0,3.4293552812,0.0,1287.0,0.0,1282.5864197530957,0.7617420432286172,2028.5,0.0007259940589173405,2794099.999971155,76.17420432286171,0.07259940589173405
Runnels,,7.0,68.39945,40.0,23.7,,273,11.220715166,1460,14.2,33.651287178,68.19953,1466:1,48650,55.644355644,10264,49.327747467,40.758023045,2021,72.125256674,23.178098207,0.0,75.0,124.0,7.5,112.0,0.1278,0.1901,0.086,0.54,Moderate Vulnerability,0.92,Very High Concern,1466.0,1.0,medium,urban,23.178098207,0.0,6.019602497975,1.0,112.0,0.0,111.3258045202268,0.6736982528284647,206.5,0.000868011769663344,237899.99999664802,67.36982528284648,0.08680117696633441
Rusk,,11.0,20.20202,40.0,20.4,,1654,13.187689364,8200,15.3,27.300175303,33.08459,3023:1,56036,68.338357541,54406,46.263279785,65.872867054,2021,62.524850895,22.100503621,0.0,380.0,440.0,20.0,514.0,0.1282,0.1918,0.0871,0.8,High Vulnerability,0.94,Very High Concern,3023.0,1.0,large,rural,22.100503621,0.0,6.019602497975,1.0,514.0,0.0,510.90592431604085,0.7437768518905178,840.0,0.0006986027944087804,1202400.000004126,74.37768518905177,0.06986027944087804
Sabine,,3.0,28.33129,38.0,26.6,,261,12.70691334,2230,21.4,4.2186433542,113.83039,879:1,43778,69.170168067,10542,51.052931133,100.0,2021,74.785432614,18.08006071,0.0,61.0,72.0,5.0,100.0,0.1428,0.2169,0.0983,0.53,Moderate Vulnerability,0.93,Very High Concern,879.0,1.0,medium,very rural,18.08006071,0.0,6.019602497975,1.0,100.0,0.0,99.3980397502025,0.6136941951098762,138.0,0.0007240293808841037,190600.00000482,61.36941951098762,0.07240293808841038
San Augustine,,2.0,24.29543,46.0,32.1,,186,11.231884058,1850,22.2,42.38399462,48.56137,2059:1,40094,85.763888889,8237,50.698069686,100.0,2021,66.937119675,19.460968799,0.0,54.5,66.5,0.0,84.0,0.1428,0.2169,0.0983,0.89,Very High Vulnerability,0.98,Very High Concern,2059.0,1.0,small,very rural,19.460968799,0.0,6.019602497975,1.0,84.0,0.0,83.4943533901701,0.6527387516293569,121.0,0.0007548346849781067,160299.999997363,65.2738751629357,0.07548346849781067
San Jacinto,,2.0,6.96403,43.0,26.2,,917,14.303540789,4860,17.5,5.2600124728,10.39537,9620:1,42633,68.486696231,28859,50.216570221,100.0,2021,73.613462113,21.213486261,0.0,187.0,214.0,10.0,295.0,0.1365,0.206,0.093,0.69,High Vulnerability,0.89,Very High Concern,9620.0,1.0,medium,very rural,21.213486261,0.0,6.019602497975,1.0,295.0,0.0,293.2242172630974,0.637737229705734,411.0,0.0006713492322702357,612200.000006199,63.7737229705734,0.06713492322702357
San Patricio,,17.0,25.41372,42.0,20.6,5.364327224,1627,8.7699439414,10390,15.5,39.306398482,58.44448,1711:1,57302,65.477536027,66730,49.577401469,19.650021604,2021,72.220281247,26.371946651,0.0,775.0,925.0,20.0,899.0,0.1183,0.18,0.0772,0.83,Very High Vulnerability,0.97,Very High Concern,1711.0,1.0,large,very urban,26.371946651,0.0,5.364327224,0.0,899.0,0.0,894.177469825624,0.8667183262301776,1720.0,0.0009773837936011196,1759800.00002123,86.67183262301776,0.09773837936011195
San Saba,,2.0,33.03601,28.0,34.4,,223,18.130081301,910,15.3,,49.54583,2018:1,46061,71.912168344,6055,45.829892651,49.355733159,2021,75.936599424,20.04954583,0.0,45.0,66.5,10.0,49.0,0.1264,0.1929,0.0847,0.73,High Vulnerability,0.97,Very High Concern,2018.0,1.0,small,urban,20.04954583,0.0,6.019602497975,1.0,49.0,0.0,48.70503947759922,0.923929032450466,121.5,0.0010008237232236364,121400.00000064999,92.3929032450466,0.10008237232236364
Schleicher,,,,27.0,23.4,,161,20.561941252,360,11.8,,35.803799999999995,2793:1,53286,57.087378641,2793,50.37593985,100.0,2021,64.558139535,23.8811314,0.0,27.5,19.5,0.0,38.0,0.1235,0.1873,0.0822,0.59,Moderate Vulnerability,0.96,Very High Concern,2793.0,1.0,small,very rural,23.8811314,0.0,6.019602497975,1.0,38.0,0.0,37.77125510507695,0.7280668837584812,47.0,0.0007046476761598062,66700.0000002,72.80668837584811,0.07046476761598061
Scurry,,10.0,59.29088,34.0,18.3,,520,11.78069778,2310,13.4,38.871914705,35.921690000000005,2784:1,56299,61.924290221,16703,45.949829372,31.700254122,2021,73.506143747,24.803927438,0.0,208.0,231.0,7.5,194.0,0.1278,0.1901,0.086,0.7,High Vulnerability,0.95,Very High Concern,2784.0,1.0,medium,urban,24.803927438,0.0,6.019602497975,1.0,194.0,0.0,192.83219711539286,1.0786580410922277,446.5,0.0010777214578887903,414299.999996914,107.86580410922278,0.10777214578887903
Shackelford,,1.0,30.74085,48.0,17.5,,133,16.708542714,500,15.1,,30.62787,3265:1,65095,45.379537954,3265,51.148545176,100.0,2021,77.600607441,22.848392037,0.0,37.5,34.5,0.0,32.0,0.1278,0.1901,0.086,0.69,High Vulnerability,0.72,High Concern,3265.0,1.0,small,very rural,22.848392037,0.0,6.019602497975,1.0,32.0,0.0,31.8073727200648,1.1789719424498133,72.0,0.0009651474530726951,74600.000000805,117.89719424498134,0.09651474530726951
Shelby,,5.0,19.6711,42.0,32.5,,1001,14.918032787,4880,19.1,34.384029716,87.04598,1149:1,39708,75.482195846,25274,50.399620163,79.432568375,2021,68.686107823,25.971353961,0.0,191.0,273.5,5.0,348.0,0.1428,0.2169,0.0983,0.95,Very High Vulnerability,0.99,Very High Concern,1149.0,1.0,medium,rural,25.971353961,0.0,6.019602497975,1.0,348.0,0.0,345.9051783307047,0.5521744453833916,469.5,0.0007152650822556715,656400.0000103139,55.21744453833916,0.07152650822556715
Sherman,,,,44.0,13.7,,206,22.612513721,420,13.9,,33.09067,3022:1,55473,64.485981308,3022,47.849106552,100.0,2021,76.840039254,26.737260093,0.0,27.5,42.0,2.5,41.0,0.1241,0.1883,0.0824,0.46,Moderate Vulnerability,0.87,Very High Concern,3022.0,1.0,small,very rural,26.737260093,0.0,6.019602497975,1.0,41.0,0.0,40.753196297583024,0.674793697142007,72.0,0.0008910891088993554,80800.000001046,67.4793697142007,0.08910891088993554
Smith,,238.0,103.37893,52.0,17.8,7.7595475155,7278,12.463822718,35300,15.7,36.736459014,152.09386999999998,657:1,59538,64.339983602,232751,51.768628277,31.60780873,2021,80.728134092,24.390443006,0.0,2251.0,2739.0,69.5,3014.0,0.116,0.1766,0.0768,0.75,High Vulnerability,0.67,High Concern,657.0,1.0,large,urban,24.390443006,0.0,7.7595475155,0.0,3014.0,0.0,2990.612723788283,0.7526885651541677,5059.5,0.0008912434603252176,5676900.000089507,75.26885651541677,0.08912434603252176
Somervell,,6.0,66.54836,49.0,14.2,,274,12.888052681,1550,17.7,,98.59772,1014:1,67897,43.914081146,9128,50.613496933,100.0,2021,77.553634326,21.954425942,0.0,54.0,76.0,5.0,97.0,0.1134,0.1689,0.0762,0.56,Moderate Vulnerability,0.71,High Concern,1014.0,1.0,small,very rural,21.954425942,0.0,6.019602497975,1.0,97.0,0.0,96.41609855769643,0.5600724444132721,135.0,0.0006736526946155652,200399.999998576,56.00724444132721,0.06736526946155652
Starr,,14.0,21.69702,27.0,43.2,4.2240995998,3110,14.38150289,13750,21.5,,54.1519,1847:1,32516,88.606430091,64633,51.206040258,23.705878494,2021,56.140350877,32.639673232,0.0,672.0,690.0,58.5,1062.0,0.1146,0.1867,0.0742,0.98,Very High Vulnerability,1.0,Very High Concern,1847.0,1.0,large,very urban,32.639673232,0.0,4.2240995998,0.0,1062.0,0.0,1057.5140062250125,0.635452576556244,1420.5,0.0006733503981785189,2109600.000003856,63.5452576556244,0.06733503981785188
Stephens,,3.0,31.80324,41.0,26.9,,288,13.747016706,1660,17.7,36.022335749,117.44608,851:1,46658,62.457798785,9366,47.34144779,39.366562825,2021,75.823837388,21.962417254,0.0,76.5,99.5,2.5,85.0,0.1278,0.1901,0.086,0.88,Very High Vulnerability,0.86,Very High Concern,851.0,1.0,small,urban,21.962417254,0.0,6.019602497975,1.0,85.0,0.0,84.48833378767212,0.9054504518014567,178.5,0.0008677685950372556,205700.000000964,90.54504518014566,0.08677685950372556
Sterling,,0.0,0.0,43.0,12.9,,54,13.953488372,110,10.0,,154.91867,646:1,66790,42.63322884,1291,49.419054996,100.0,2021,85.589519651,28.505034857,0.0,20.0,26.0,0.0,31.0,0.1235,0.1873,0.0822,0.41,Moderate Vulnerability,0.8,Very High Concern,646.0,1.0,small,very rural,28.505034857,0.0,6.019602497975,1.0,31.0,0.0,30.813392322562773,0.6490684242304349,46.0,0.0012499999999868545,36800.000000387,64.90684242304349,0.12499999999868545
Stonewall,,1.0,73.42144,14.0,20.2,,51,16.242038217,220,15.7,,518.51852,193:1,48267,45.089285714,1350,51.259259259,100.0,2021,77.24137931,22.444444444,0.0,10.0,12.5,0.0,10.0,0.1278,0.1901,0.086,0.32,Low Vulnerability,0.79,High Concern,193.0,1.0,small,very rural,22.444444444,0.0,6.019602497975,1.0,10.0,0.0,9.93980397502025,1.006056057557174,22.5,0.0007425742574404471,30299.9999994,100.60560575571739,0.0742574257440447
Sutton,,4.0,106.4396,45.0,17.8,,122,12.978723404,410,10.7,,185.38136,539:1,63427,58.415841584,3776,48.940677966,18.798449612,2021,52.407932011,23.569915254,0.0,30.0,50.0,0.0,38.0,0.1235,0.1873,0.0822,0.6,High Vulnerability,0.94,Very High Concern,539.0,1.0,small,very urban,23.569915254,0.0,6.019602497975,1.0,38.0,0.0,37.77125510507695,0.7942547822819794,80.0,0.0008988764045034312,88999.99999910401,79.42547822819795,0.08988764045034313
Swisher,,1.0,13.40123,28.0,29.1,,250,12.906556531,1270,17.0,33.599185268,40.55698,2466:1,44388,71.535114978,7397,46.532377991,37.573211103,2021,75.369261477,24.658645397,0.0,72.0,88.5,7.5,84.0,0.1241,0.1883,0.0824,0.97,Very High Vulnerability,1.0,Very High Concern,2466.0,1.0,small,urban,24.658645397,0.0,6.019602497975,1.0,84.0,0.0,83.4943533901701,0.8623337636204349,168.0,0.0009210526315708224,182400.000001609,86.23337636204349,0.09210526315708224
Tarrant,,1225.0,58.75494,50.0,13.9,6.3920526321,60367,10.554427852,280150,13.9,46.414380634,87.98986000000001,1136:1,70130,58.857204691,2102515,51.113975406,1.2882013273,2021,86.865127102,26.027495642,0.0,18577.0,23555.0,1398.0,27100.0,0.1069,0.1641,0.0701,0.55,Moderate Vulnerability,0.73,High Concern,1136.0,1.0,large,very urban,26.027495642,0.0,6.3920526321,0.0,27100.0,0.0,26926.77537367009,0.6899080837642824,43530.0,0.0007954578679647226,54723199.99973963,68.99080837642823,0.07954578679647226
Taylor,,94.0,68.2941,45.0,18.9,5.5928411633,3216,9.1514427181,21510,15.8,40.397762639,150.68751,664:1,54465,56.667349028,138034,51.367054494,16.033488966,2021,77.105558675,24.812727299,0.0,1629.0,1940.0,76.0,1866.0,0.1178,0.1846,0.0776,0.69,High Vulnerability,0.78,High Concern,664.0,1.0,large,very urban,24.812727299,0.0,5.5928411633,0.0,1866.0,0.0,1855.5637583892822,0.877900310692665,3645.0,0.0010642335766453915,3424999.9999901657,87.7900310692665,0.10642335766453916
Terrell,,0.0,0.0,12.0,20.7,,26,14.857142857,110,13.0,,128.86598,776:1,45677,49.58677686,776,49.613402062,100.0,2021,58.373205742,18.81443299,0.0,12.5,17.5,0.0,,0.1166,0.1765,0.0789,0.47,Moderate Vulnerability,0.91,Very High Concern,776.0,1.0,small,very rural,18.81443299,0.0,6.019602497975,1.0,1533.4742547425474,1.0,1524.2433492881187,0.008200790251660268,30.0,0.0020547945205141678,14600.000000240001,0.8200790251660268,0.20547945205141677
Terry,,4.0,32.55473,39.0,31.0,,496,14.273381295,1900,15.0,47.295028442,48.63419,2056:1,42953,76.338147833,12337,47.264326822,24.669986562,2021,70.696872691,27.218934911,0.0,93.0,168.0,10.0,177.0,0.1143,0.1758,0.0766,0.99,Very High Vulnerability,0.99,Very High Concern,2056.0,1.0,medium,very urban,27.218934911,0.0,6.019602497975,1.0,177.0,0.0,175.93453035785842,0.5286057251571593,271.0,0.0008070279928600817,335799.999997007,52.86057251571593,0.08070279928600817
Throckmorton,,1.0,66.00659999999999,22.0,27.2,,62,19.620253165,260,16.5,,66.62225000000001,1501:1,42746,65.29209622,1501,52.165223185,100.0,2021,71.556886228,19.253830779,0.0,22.5,17.5,0.0,14.0,0.1278,0.1901,0.086,0.27,Low Vulnerability,0.85,Very High Concern,1501.0,1.0,small,very rural,19.253830779,0.0,6.019602497975,1.0,14.0,0.0,13.91572556502835,1.6168758067883156,40.0,0.001384083045017229,28899.999999279004,161.68758067883155,0.1384083045017229
Titus,,15.0,45.40914,41.0,23.2,,1048,10.663410663,5400,16.5,33.523609954,100.76336,992:1,49924,72.985983293,32750,51.007633588,50.556689553,2021,73.873129533,28.680916031,0.0,409.0,532.0,27.0,441.0,0.1283,0.1937,0.0866,0.89,Very High Vulnerability,0.92,Very High Concern,992.0,1.0,medium,urban,28.680916031,0.0,6.019602497975,1.0,441.0,0.0,438.34535529839303,0.9330542574623224,968.0,0.0010305546683533314,939300.0000152499,93.30542574623225,0.10305546683533313
Tom Green,,85.0,71.91870999999999,53.0,17.4,4.9122168653,3049,10.38912362,16450,14.0,41.806504444,98.99329000000002,1010:1,54774,50.701192026,119200,50.23909396,15.64087676,2021,78.057902757,23.769295302,0.0,1235.0,1417.0,38.0,1465.0,0.1078,0.1675,0.0704,0.66,High Vulnerability,0.89,Very High Concern,1010.0,1.0,large,very urban,23.769295302,0.0,4.9122168653,0.0,1465.0,0.0,1457.8036022923354,0.8471648705340101,2690.0,0.0009494229343879995,2833299.9999984,84.71648705340101,0.09494229343879995
Travis,,1078.0,86.32681,50.0,13.6,4.0662597467,22753,8.0468957224,155240,12.9,46.268515217,100.00361,1000:1,80690,50.17510918,1273954,49.4692901,5.463522171,2021,88.213463855,21.22360776,0.0,10218.0,11921.0,1384.0,15582.0,0.0916,0.1391,0.0588,0.38,Low Vulnerability,0.69,High Concern,1000.0,1.0,large,very urban,21.22360776,0.0,4.0662597467,0.0,15582.0,0.0,15518.63954062692,0.6584340059739034,23523.0,0.0008700009985891565,27037900.00028304,65.84340059739034,0.08700009985891564
Trinity,,2.0,13.56852,38.0,29.8,,392,12.852459016,2820,19.3,42.485157526,54.60378,1831:1,43788,70.362190813,14651,51.948672446,77.236887213,2021,65.157545605,19.705139581,0.0,73.5,102.5,7.5,138.0,0.1365,0.206,0.093,0.8,Very High Vulnerability,0.97,Very High Concern,1831.0,1.0,medium,rural,19.705139581,0.0,6.019602497975,1.0,138.0,0.0,137.16929485527945,0.5358342045684948,183.5,0.0006356078974687133,288700.00000123103,53.58342045684948,0.06356078974687134
Tyler,,4.0,18.43658,33.0,23.3,,440,10.249242954,4080,19.0,43.411948542,41.52824,2408:1,48254,60.686600221,21672,46.040974529,78.131030047,2021,68.492957746,19.255260244,0.0,142.0,183.0,5.0,204.0,0.1428,0.2169,0.0983,0.88,Very High Vulnerability,0.98,Very High Concern,2408.0,1.0,medium,rural,19.255260244,0.0,6.019602497975,1.0,204.0,0.0,202.7720010904131,0.7002939224172485,330.0,0.0007907979870445697,417300.000007968,70.02939224172485,0.07907979870445697
Upshur,,12.0,29.08386,45.0,21.1,8.4822780975,1345,13.218673219,6460,15.9,30.615075863,9.58015,10438:1,53078,59.635091227,41753,50.705338539,79.299905874,2021,78.933938191,23.787512275,0.0,309.0,386.0,15.0,483.0,0.1276,0.1901,0.0861,0.59,Moderate Vulnerability,0.88,Very High Concern,10438.0,1.0,large,rural,23.787512275,0.0,8.4822780975,0.0,483.0,0.0,478.9030596789075,0.645224526665536,710.0,0.0007148610551621817,993200.000018075,64.5224526665536,0.07148610551621817
Upton,,2.0,54.48107,18.0,18.8,,145,12.923351159,480,13.3,19.855506598,109.37927,914:1,58908,64.827586207,3657,49.576155319,100.0,2021,49.84984985,28.63002461,0.0,25.0,55.0,5.0,24.0,0.1235,0.1873,0.0822,0.65,High Vulnerability,0.96,Very High Concern,914.0,1.0,small,very rural,28.63002461,0.0,6.019602497975,1.0,24.0,0.0,23.8555295400486,1.0479750599553896,85.0,0.0008118433619961659,104699.99999877,104.79750599553897,0.0811843361996166
Uvalde,,11.0,40.97445,34.0,29.9,,922,12.339400428,3700,13.7,78.685728211,74.79152,1337:1,44690,74.464084242,26741,50.914326315,31.384207536,2021,65.184933831,26.812759433,0.25,300.5,352.5,7.5,381.0,0.107,0.1724,0.0705,0.95,Very High Vulnerability,0.98,Very High Concern,1337.0,1.0,medium,urban,26.812759433,0.0,6.019602497975,1.0,381.0,0.0,378.7065314482715,0.7934904076008683,660.5,0.0009211994421227027,716999.999997853,79.34904076008684,0.09211994421227028
Val Verde,,15.0,30.48285,26.0,28.9,3.5128805621,1631,11.295796108,7250,14.8,58.603168154,67.3126,1486:1,45034,72.200667689,49025,48.895461499,10.157736451,2021,67.627859814,28.387557369,1.2307692307692308,481.5,520.5,22.5,783.0,0.107,0.1724,0.0705,0.97,Very High Vulnerability,0.99,Very High Concern,1486.0,1.0,large,very urban,28.387557369,0.0,3.5128805621,0.0,783.0,0.0,780.2494145198757,0.6171103637370746,1024.5,0.0007361500323265015,1391700.000015225,61.711036373707465,0.07361500323265015
Van Zandt,,9.0,16.06598,40.0,19.5,6.6084493746,1765,13.09930236,8720,16.0,45.892153477,30.04064,3329:1,55554,54.335541699,56590,51.169817989,75.018543525,2021,71.422901369,22.977557872,0.945,469.0,579.0,21.75,632.0,0.1285,0.1874,0.0874,0.56,Moderate Vulnerability,0.89,Very High Concern,3329.0,1.0,large,rural,22.977557872,0.0,6.6084493746,0.0,632.0,0.0,627.8234599952528,0.7470252863815351,1069.75,0.0008226947627619394,1300299.99997648,74.70252863815351,0.08226947627619395
Victoria,,70.0,76.05802,51.0,22.6,5.2408563782,2580,10.72185513,13300,14.5,28.923112188,102.08071,980:1,57344,65.004556698,92084,51.009947439,26.626571267,2021,70.73631995,25.251943877,1.9615384615384612,965.5,1302.0,189.0,1220.0,0.1065,0.1663,0.0699,0.78,High Vulnerability,0.9,Very High Concern,980.0,1.0,large,very urban,25.251943877,0.0,5.2408563782,0.0,1220.0,0.0,1213.606155218596,0.7955628733821749,2456.5,0.001056422827175867,2325299.9999696678,79.55628733821749,0.1056422827175867
Walker,,21.0,28.97351,45.0,22.4,,1160,10.478771454,11520,16.1,22.261886733,53.44589,1871:1,47519,57.403145378,72971,41.926244673,45.582882657,2021,80.794973364,14.704471639,0.5833333333333334,413.5,403.0,35.0,639.0,0.1365,0.206,0.093,0.7,High Vulnerability,0.9,Very High Concern,1871.0,1.0,large,urban,14.704471639,0.0,6.019602497975,1.0,639.0,0.0,635.153474003794,0.6510237555553856,851.5,0.0007935694315230462,1072999.999969469,65.10237555553856,0.07935694315230461
Waller,,7.0,13.17622,45.0,18.2,6.2864840593,1950,14.625365634,7470,14.9,40.536508521,3.62017,27623:1,61822,70.489875898,55246,50.217210296,61.641013772,2021,70.628172171,24.119393259,2.0892857142857144,437.0,523.5,24.0,736.0,0.1114,0.1704,0.0738,0.83,Very High Vulnerability,0.9,Very High Concern,27623.0,1.0,large,rural,24.119393259,0.0,6.2864840593,0.0,736.0,0.0,731.3731477323552,0.5975062132851499,984.5,0.0007388367729904812,1332499.999986714,59.75062132851499,0.07388367729904811
Ward,,2.0,17.06485,26.0,15.8,,446,12.808730615,1380,11.9,28.582502952,83.34722,1200:1,61396,51.774691358,11998,49.308218036,27.88515669,2021,71.769733534,28.83813969,0.80625,124.5,97.75,10.0,161.0,0.1166,0.1765,0.0789,0.65,High Vulnerability,0.96,Very High Concern,1200.0,1.0,medium,urban,28.83813969,0.0,6.019602497975,1.0,161.0,0.0,160.03084399782603,0.7779750258749576,232.25,0.0006712427745652713,346000.00000061997,77.79750258749576,0.06712427745652713
Washington,,21.0,59.815430000000006,46.0,17.5,,1092,13.836796756,5370,15.4,21.284250548,64.09899,1560:1,59039,59.083469722,35882,51.125912714,53.490717124,2021,73.552475248,21.361685525,0.7142857142857143,302.0,366.5,20.0,350.0,0.1225,0.1864,0.0827,0.73,High Vulnerability,0.86,Very High Concern,1560.0,1.0,medium,urban,21.361685525,0.0,6.019602497975,1.0,350.0,0.0,347.89313912570873,0.8680826553779045,688.5,0.0008982387475443825,766500.00000805,86.80826553779045,0.08982387475443825
Webb,,86.0,31.169580000000003,37.0,28.7,4.6296296296,12072,13.012546889,43810,16.1,68.062476939,53.49681,1869:1,52576,82.810541331,276652,50.789800905,2.5996388392,2021,66.917594833,32.407501121,35.92857142857143,3061.0,3271.5,94.5,4225.0,0.1039,0.1663,0.0674,0.95,Very High Vulnerability,0.99,Very High Concern,1869.0,1.0,large,very urban,32.407501121,0.0,4.6296296296,0.0,4225.0,0.0,4205.43981481494,0.7278667951011204,6427.0,0.0007168510752106984,8965600.000126893,72.78667951011204,0.07168510752106984
Wharton,,14.0,33.63848,40.0,21.5,7.5639019301,1613,14.531531532,6310,15.2,36.426397486,77.00452,1299:1,49901,64.659213848,41556,50.878332852,49.895833333,2021,69.754589118,25.777264414,1.0833333333333333,656.0,891.5,27.5,531.0,0.1114,0.1704,0.0738,0.88,Very High Vulnerability,0.96,Very High Concern,1299.0,1.0,large,urban,25.777264414,0.0,7.5639019301,0.0,531.0,0.0,526.9835680751169,1.2448205973406992,1575.0,0.001470313666931827,1071199.999988184,124.48205973406992,0.1470313666931827
Wheeler,,2.0,38.52822,28.0,17.5,,258,19.210722264,900,16.3,46.537053098,79.11392000000001,1264:1,58544,53.534401508,5056,49.782436709,100.0,2021,72.789738891,25.39556962,0.0714285714285714,151.0,179.5,10.0,57.0,0.1241,0.1883,0.0824,0.7,High Vulnerability,0.91,Very High Concern,1264.0,1.0,small,very rural,25.39556962,0.0,6.019602497975,1.0,57.0,0.0,56.65688265761543,2.6651660472128644,340.5,0.0026518691589049407,128399.99999872,266.51660472128646,0.2651869158904941
Wichita,,102.0,77.23528,47.0,17.4,8.0604534005,2653,8.658616188,22710,17.2,42.920220344,121.75754,821:1,51535,61.594167914,132230,48.315813356,10.666920152,2021,77.378195053,22.527414354,3.263888888888889,1213.5,1620.0,33.25,1577.0,0.1296,0.2018,0.0855,0.82,Very High Vulnerability,0.83,Very High Concern,821.0,1.0,large,very urban,22.527414354,0.0,8.0604534005,0.0,1577.0,0.0,1564.2886649874115,0.7757519613617897,2866.75,0.0009623841815401123,2978800.00002942,77.57519613617897,0.09623841815401123
Wilbarger,,5.0,39.00156,48.0,21.4,,333,11.443298969,2390,18.5,26.370059264,46.9888,2128:1,42570,65.067012538,12769,50.834051218,21.891392686,2021,65.617760618,22.092567938,0.1,142.0,165.0,7.5,172.0,0.1293,0.1898,0.087,0.91,Very High Vulnerability,0.93,Very High Concern,2128.0,1.0,medium,very urban,22.092567938,0.0,6.019602497975,1.0,172.0,0.0,170.9646283703483,0.8305811637972018,314.5,0.001114852889045165,282100.000000322,83.05811637972018,0.11148528890451649
Willacy,,7.0,32.53544,50.0,38.1,,463,8.9659178931,4560,21.0,,60.86712000000001,1643:1,35821,86.095100865,21358,44.671785748,34.57576579,2021,60.152196472,23.480662983,0.4782608695652174,178.0,423.5,382.5,231.0,0.0992,0.1603,0.0642,0.99,Very High Vulnerability,0.98,Very High Concern,1643.0,1.0,medium,urban,23.480662983,0.0,6.019602497975,1.0,231.0,0.0,229.60947182296778,0.7752293430527142,984.0,0.0019621136590584802,501499.99999091396,77.52293430527142,0.19621136590584803
Williamson,,396.0,69.8759,52.0,6.5,4.1267890069,12862,8.3765337224,58830,11.2,32.179655517,73.15202000000001,1367:1,92661,30.729400141,590551,50.700616882,11.98994982,2021,92.594915631,25.223562402,57.21428571428572,5393.0,5679.5,285.0,7693.0,0.0946,0.1402,0.061,0.2,Low Vulnerability,0.58,Moderate Concern,1367.0,1.0,large,very urban,25.223562402,0.0,4.1267890069,0.0,7693.0,0.0,7661.252612169918,0.7039318859468497,11357.5,0.0007624632446697447,14895800.000063501,70.39318859468497,0.07624632446697446
Wilson,,23.0,45.79484,39.0,11.7,,1321,10.310646269,5490,11.4,30.736240084,52.86861,1891:1,76905,42.284963887,51070,49.810064617,85.861410131,2021,82.705142058,23.81437243,18.630434782608692,429.0,434.0,5.0,569.0,0.1134,0.1709,0.0762,0.44,Moderate Vulnerability,0.78,High Concern,1891.0,1.0,large,very rural,23.81437243,0.0,6.019602497975,1.0,569.0,0.0,565.5748461786523,0.7585202964710503,868.0,0.0007136984048675618,1216200.0000001,75.85202964710504,0.07136984048675618
Winkler,,2.0,25.90674,20.0,17.9,,318,13.32774518,940,12.0,22.104257729,37.45318,2670:1,64894,64.878803507,8010,48.339575531,18.129395218,2021,73.272241313,29.076154806,0.975,92.25,145.5,15.0,118.0,0.1166,0.1765,0.0789,0.65,High Vulnerability,0.99,Very High Concern,2670.0,1.0,small,very urban,29.076154806,0.0,6.019602497975,1.0,118.0,0.0,117.28968690523895,0.7865141636410958,252.75,0.0010852297123412442,232899.99999606,78.65141636410958,0.10852297123412442
Wise,,27.0,39.52859,49.0,11.7,6.1908230153,2410,13.582821394,9460,14.6,62.474322274,75.7316,1320:1,70468,50.537827178,69984,49.902834934,72.107497421,2021,77.54928696,24.692786923,1.44,589.5,760.0,15.0,862.0,0.1293,0.1898,0.087,0.58,Moderate Vulnerability,0.81,Very High Concern,1320.0,1.0,large,rural,24.692786923,0.0,6.1908230153,0.0,862.0,0.0,856.6635105608113,0.6881348309257227,1364.5,0.0007895955095103376,1728100.000019232,68.81348309257227,0.07895955095103376
Wood,,20.0,44.3174,40.0,22.3,,1136,12.639074321,7360,16.8,67.747330035,68.07352,1469:1,56945,60.268929086,45539,50.367816597,74.199313697,2021,77.516656572,18.856364874,0.45,273.0,316.0,15.0,401.0,0.1285,0.1874,0.0874,0.63,High Vulnerability,0.87,Very High Concern,1469.0,1.0,large,rural,18.856364874,0.0,6.019602497975,1.0,401.0,0.0,398.586139398312,0.684920956890545,604.0,0.0007033888436031788,858699.999997086,68.4920956890545,0.07033888436031789
Yoakum,,3.0,34.920269999999995,19.0,14.9,,435,14.887063655,790,9.3,,57.38552,1743:1,62636,56.049495875,8713,49.110524504,37.327071963,2021,74.97134123,32.698266957,0.4779411764705882,101.25,97.0,10.0,123.0,0.1143,0.1758,0.0766,0.49,Moderate Vulnerability,0.93,Very High Concern,1743.0,1.0,small,urban,32.698266957,0.0,6.019602497975,1.0,123.0,0.0,122.25958889274908,0.8281559010379176,208.25,0.0007309582309676187,284899.999996341,82.81559010379176,0.07309582309676187
Young,,12.0,66.50042,42.0,20.4,,642,14.244508542,2530,14.0,25.807162904,66.62965,1501:1,52643,60.202516109,18010,50.349805664,33.568733154,2021,75.01026413,23.65907829,0.4047619047619047,167.5,246.5,10.0,224.0,0.1293,0.1898,0.087,0.55,Moderate Vulnerability,0.84,Very High Concern,1501.0,1.0,medium,urban,23.65907829,0.0,6.019602497975,1.0,224.0,0.0,222.6516090404536,0.752296382325119,424.0,0.0009950715794346734,426100.0000029,75.2296382325119,0.09950715794346733
Zapata,,1.0,7.04722,32.0,43.7,,567,11.924290221,2990,20.8,,21.158050000000003,4726:1,36069,84.866553095,14179,50.271528317,23.534027679,2021,58.56095936,33.062980464,0.1,126.5,143.0,12.5,197.0,0.1146,0.1867,0.0742,0.99,Very High Vulnerability,1.0,Very High Concern,4726.0,1.0,medium,very urban,33.062980464,0.0,6.019602497975,1.0,197.0,0.0,195.81413830789893,0.6460207679237691,282.0,0.0006015358361786857,468799.999999056,64.6020767923769,0.06015358361786857
Zavala,,1.0,8.34516,26.0,40.4,,289,8.0907054871,2730,22.5,,84.45946,1184:1,32538,84.440078585,11840,49.087837838,38.032028775,2021,52.422290675,28.386824324,0.15625,108.5,147.0,0.0,150.0,0.107,0.1724,0.0705,1.0,Very High Vulnerability,1.0,Very High Concern,1184.0,1.0,medium,urban,28.386824324,0.0,6.019602497975,1.0,150.0,0.0,149.09705962530376,0.7277138816330225,255.5,0.000760190419526686,336099.99999616,72.77138816330225,0.07601904195266859
Anderson,,22.0,38.10514,44.0,27.6,,1613,14.285714286,8400,14.5,41.475037318,65.73826,1521:1,50879,64.166666667,57805,,67.063532793,2022,74.327997584,19.036415535,0.0,447.0,507.0,25.0,517.0,0.1398,0.2105,0.0948,0.79,High Vulnerability,0.95,Very High Concern,1521.0,1.0,large,rural,19.036415535,0.0,6.019602497975,1.0,517.0,0.0,513.887865508547,0.8698395700736108,979.0,0.000889676481278989,1100400.000000675,86.98395700736108,0.08896764812789891
Andrews,,7.0,37.42315,19.0,12.0,,973,15.987512323,1760,9.8,69.942275167,63.56269,1573:1,76600,47.923835742,18879,,16.502096578,2022,89.07771287,31.426452672,0.0,268.0,386.0,17.5,316.0,0.1166,0.1765,0.0789,0.47,Moderate Vulnerability,0.88,Very High Concern,1573.0,1.0,medium,very urban,31.426452672,0.0,6.019602497975,1.0,316.0,0.0,314.0978056106399,0.8532374159029197,671.5,0.0011318051576032567,593299.999994688,85.32374159029197,0.11318051576032567
Angelina,,54.0,62.272960000000005,51.0,25.1,7.0544554455,3004,13.286744217,15090,17.3,42.495365935,103.69141,964:1,49943,73.401819783,86796,,43.082366228,2022,85.364065289,25.385962487,0.0,563.0,560.0,23.5,1082.0,0.125,0.1935,0.0836,0.98,Very High Vulnerability,0.89,Very High Concern,964.0,1.0,large,urban,25.385962487,0.0,7.0544554455,0.0,1082.0,0.0,1074.367079207969,0.5240294596657294,1146.5,0.0005203322138462076,2203400.000021652,52.40294596657294,0.05203322138462076
Aransas,,7.0,29.77456,47.0,30.8,,710,16.480965645,4450,18.2,,62.98816,1588:1,51461,64.733648011,23814,,27.260557907,2022,85.086215589,18.035609305,0.0,167.0,178.0,15.0,197.0,0.1183,0.18,0.0772,0.8,Very High Vulnerability,0.85,Very High Concern,1588.0,1.0,medium,urban,18.035609305,0.0,6.019602497975,1.0,197.0,0.0,195.81413830789893,0.8528495513301932,360.0,0.0008381839348288561,429499.99998927006,85.28495513301932,0.08381839348288561
Archer,,,,47.0,11.2,,320,16.46090535,1240,14.2,,,,69566,32.075471698,8730,,88.988292467,2022,77.768289212,21.489117984,0.0,71.5,78.5,2.5,92.0,0.1293,0.1898,0.087,0.09,Very Low Vulnerability,0.8,Very High Concern,,,small,very rural,21.489117984,0.0,6.019602497975,1.0,92.0,0.0,91.4461965701863,0.7818805229928038,152.5,0.0008128997867789972,187600.00000032,78.18805229928037,0.08128997867789972
Armstrong,,0.0,0.0,39.0,12.4,,69,15.367483296,240,12.2,,0.0,1869:0,62256,36.858006042,1869,,100.0,2022,85.277777778,22.311396469,0.0,22.5,20.0,5.0,20.0,0.1241,0.1883,0.0824,0.16,Very Low Vulnerability,0.56,Moderate Concern,1869.0,0.0,small,very rural,22.311396469,0.0,6.019602497975,1.0,20.0,0.0,19.8796079500405,1.1318130647518208,47.5,0.001139088729001462,41700.000000561005,113.18130647518207,0.1139088729001462
Atascosa,,9.0,17.59428,37.0,22.0,,1965,13.652469951,6140,12.4,82.92746359,50.2668,1989:1,60594,65.960832313,51724,,60.711184342,2022,82.66869224,26.94493852,0.0,436.0,614.0,20.0,666.0,0.1146,0.174,0.0756,0.85,Very High Vulnerability,0.95,Very High Concern,1989.0,1.0,large,rural,26.94493852,0.0,6.019602497975,1.0,666.0,0.0,661.9909447363486,0.6586192809233151,1070.0,0.0007677405467414001,1393700.0000084802,65.86192809233151,0.07677405467414002
Austin,,5.0,16.64891,44.0,18.0,,1136,15.256513564,4000,13.4,32.647534793,56.71959999999999,1763:1,60593,51.572099747,29972,,66.344089805,2022,80.663843029,23.55198185,0.0,328.0,347.0,22.5,349.0,0.1114,0.1704,0.0738,0.49,Moderate Vulnerability,0.82,Very High Concern,1763.0,1.0,medium,rural,23.55198185,0.0,6.019602497975,1.0,349.0,0.0,346.8991587282067,0.9455197331769429,697.5,0.0009881002974810845,705900.0000082001,94.55197331769429,0.09881002974810844
Bailey,,2.0,28.57143,37.0,23.3,,413,18.789808917,770,10.9,,104.52441,957:1,48259,85.132237312,6697,,28.750872296,2022,73.054474708,29.416156488,0.0,66.0,123.0,22.5,130.0,0.1143,0.1758,0.0766,0.8,Very High Vulnerability,0.96,Very High Concern,957.0,1.0,small,urban,29.416156488,0.0,6.019602497975,1.0,130.0,0.0,129.21745167526325,0.5107669215290268,211.5,0.0010736040609129645,197000.000000136,51.07669215290268,0.10736040609129645
Bandera,,5.0,21.63378,40.0,21.3,,588,15.245009074,3540,16.0,,58.67315,1704:1,64389,51.036070606,23861,,100.0,2022,84.603886398,16.550018859,0.0,102.5,118.5,12.5,182.0,0.1146,0.174,0.0756,0.51,Moderate Vulnerability,0.77,High Concern,1704.0,1.0,medium,very rural,16.550018859,0.0,6.019602497975,1.0,182.0,0.0,180.90443234536855,0.5665975049429139,233.5,0.0005912889339154052,394899.999994599,56.659750494291394,0.059128893391540524
Bastrop,,24.0,27.050480000000004,42.0,16.4,4.3982407037,3524,15.094016362,10230,12.1,44.881529314,43.66765,2290:1,74612,69.31923006,91601,,63.85244907,2022,82.860199442,25.401469416,0.0,1040.0,1281.0,87.5,1429.0,0.124,0.188,0.0827,0.75,High Vulnerability,0.85,Very High Concern,2290.0,1.0,large,rural,25.401469416,0.0,4.3982407037,0.0,1429.0,0.0,1422.7149140344127,0.7309967652274463,2408.5,0.001035112601008192,2326799.9999750163,73.09967652274463,0.1035112601008192
Baylor,,5.0,142.49074,29.0,21.8,,104,12.606060606,580,16.3,25.590992094,56.85048,1759:1,44392,59.930915371,3518,,100.0,2022,78.593460827,22.797043775,0.0,33.5,37.5,0.0,48.0,0.1293,0.1898,0.087,0.16,Very Low Vulnerability,0.78,High Concern,1759.0,1.0,small,very rural,22.797043775,0.0,6.019602497975,1.0,48.0,0.0,47.7110590800972,0.702143290170111,71.0,0.0008852867830374268,80200.00000044999,70.2143290170111,0.08852867830374268
Bee,,7.0,21.49547,33.0,26.1,7.9904115062,681,9.8424627836,5400,16.6,47.317412578,64.58955,1548:1,46316,81.059212946,32513,,42.97730768,2022,68.384515825,20.671731307,0.0,166.0,200.0,10.0,309.0,0.1183,0.18,0.0772,0.97,Very High Vulnerability,0.99,Very High Concern,1548.0,1.0,medium,urban,20.671731307,0.0,7.9904115062,0.0,309.0,0.0,306.5309628445842,0.5415439877901159,376.0,0.0005594405594534687,672099.999984491,54.15439877901159,0.05594405594534687
Bell,,280.0,77.15114,36.0,21.4,6.5978802555,10103,9.8867762044,52720,15.1,43.960578608,186.25296,537:1,53639,57.983467788,369927,,15.186229794,2022,88.011642425,27.429465814,0.0,3514.0,4120.0,164.0,6092.0,0.1244,0.1993,0.0815,0.81,Very High Vulnerability,0.83,Very High Concern,537.0,1.0,large,very urban,27.429465814,0.0,6.5978802555,0.0,6092.0,0.0,6051.805713483494,0.5806531416186688,7798.0,0.0007685105795725854,10146900.000175579,58.06531416186688,0.07685105795725854
Bexar,,1531.0,76.41421,39.0,20.5,6.1205886183,49744,9.5222781185,270950,13.9,44.347527864,116.88243,856:1,60477,62.528289072,2026823,,4.5390847652,2022,84.235937328,25.065484258,0.0,14236.0,17848.0,2256.0,26609.0,0.1005,0.1587,0.0641,0.83,Very High Vulnerability,0.87,Very High Concern,856.0,1.0,large,very urban,25.065484258,0.0,6.1205886183,0.0,26609.0,0.0,26446.137257455655,0.5383016756440152,34340.0,0.0006759403424547113,50803300.000252336,53.83016756440152,0.06759403424547113
Blanco,,5.0,41.90764,46.0,14.6,,471,20.924033763,1500,13.1,,40.75312,2454:1,66383,44.278903456,12269,,100.0,2022,87.824222937,17.230418127,0.0,43.5,62.5,2.5,99.0,0.1008,0.1475,0.0669,0.28,Low Vulnerability,0.68,High Concern,2454.0,1.0,medium,very rural,17.230418127,0.0,6.019602497975,1.0,99.0,0.0,98.40405935270047,0.44205493438118254,108.5,0.000513245033112187,211400.000000163,44.20549343811825,0.0513245033112187
Borden,,0.0,0.0,37.0,8.5,,16,11.510791367,80,13.2,,0.0,706:0,69499,30.917874396,706,,100.0,2022,81.614349776,20.254957507,0.0,7.5,15.0,0.0,,0.1235,0.1873,0.0822,0.06,Very Low Vulnerability,0.72,High Concern,706.0,0.0,small,very rural,20.254957507,0.0,6.019602497975,1.0,1533.4742547425474,1.0,1524.2433492881187,0.00492047415099616,22.5,0.0015734265734329551,14299.999999942,0.492047415099616,0.15734265734329553
Bosque,,10.0,53.51887000000001,33.0,19.2,,639,15.781674488,3010,16.5,31.720917319,37.62834,2658:1,58056,65.567911041,18603,,81.215681968,2022,74.803583735,20.722464119,0.0,118.5,148.5,2.5,179.0,0.1248,0.188,0.085,0.62,High Vulnerability,0.89,Very High Concern,2658.0,1.0,medium,rural,20.722464119,0.0,6.019602497975,1.0,179.0,0.0,177.92249115286248,0.6660203509526543,269.5,0.0006990920881867064,385500.000005757,66.60203509526544,0.06990920881867065
Bowie,,67.0,71.85372,44.0,23.4,9.200968523,2073,9.2153811958,15100,16.2,47.805947013,186.13408,537:1,50326,62.107033961,93481,,35.424836601,2022,73.117871832,23.532054642,0.0,515.0,635.0,23.5,995.0,0.1356,0.2056,0.0926,0.85,Very High Vulnerability,0.86,Very High Concern,537.0,1.0,large,urban,23.532054642,0.0,9.200968523,0.0,995.0,0.0,985.845036319615,0.5223944748178809,1173.5,0.0005334575870560841,2199799.999988802,52.23944748178809,0.053345758705608405
Brazoria,,240.0,64.12586,44.0,10.0,4.6175704475,10494,10.229765166,41090,11.4,46.79054136,68.59071,1458:1,83576,47.46164688,380518,,22.52862699,2022,90.025285061,25.916776605,0.0,3762.0,4380.0,236.0,4827.0,0.1074,0.1608,0.071,0.51,Moderate Vulnerability,0.69,High Concern,1458.0,1.0,large,very urban,25.916776605,0.0,4.6175704475,0.0,4827.0,0.0,4804.710987449917,0.7829815382915816,8378.0,0.0008495406517923606,9861800.00018139,78.29815382915815,0.08495406517923607
Brazos,,195.0,85.07445,54.0,19.5,5.0300767476,5607,11.466726655,34500,15.5,38.329016679,71.38096,1401:1,53570,58.681626928,232555,,12.063576784,2022,82.959982334,20.583947883,0.0,1881.0,2420.0,146.0,2752.0,0.1055,0.1682,0.0691,0.65,High Vulnerability,0.81,Very High Concern,1401.0,1.0,large,very urban,20.583947883,0.0,5.0300767476,0.0,2752.0,0.0,2738.1572287906047,0.6869583602512133,4447.0,0.0009289937120190603,4786899.999931065,68.69583602512132,0.09289937120190603
Brewster,,8.0,86.92818,15.0,16.6,,249,14.196123147,1440,15.6,,97.43423,1026:1,48537,54.913294798,9237,,34.867850953,2022,75.139794967,18.350113673,0.0,35.5,74.5,7.5,72.0,0.1166,0.1765,0.0789,0.66,High Vulnerability,0.84,Very High Concern,1026.0,1.0,small,urban,18.350113673,0.0,6.019602497975,1.0,72.0,0.0,71.5665886201458,0.4960415283788845,117.5,0.0006932153392432587,169499.999997501,49.60415283788845,0.06932153392432587
Briscoe,,1.0,64.68305,32.0,22.8,,64,20.578778135,230,15.8,,67.2495,1487:1,50062,55.989583333,1487,,100.0,2022,70.068027211,20.712844654,0.0,22.5,22.5,2.5,13.0,0.1241,0.1883,0.0824,0.46,Moderate Vulnerability,0.95,Very High Concern,1487.0,1.0,small,very rural,20.712844654,0.0,6.019602497975,1.0,13.0,0.0,12.921745167526325,1.7412508688489552,47.5,0.0015422077921828563,30800.000000498003,174.12508688489552,0.15422077921828564
Brooks,,,,38.0,45.0,,164,8.4318766067,1570,22.0,,28.71913,3482:1,33513,84.130146082,6964,,31.759656652,2022,64.202020202,27.800114877,0.0,59.5,89.5,10.0,102.0,0.0992,0.1603,0.0642,1.0,Very High Vulnerability,0.99,Very High Concern,3482.0,1.0,small,urban,27.800114877,0.0,6.019602497975,1.0,102.0,0.0,101.38600054520656,0.5868660335750182,159.0,0.0008212809917209951,193600.000003428,58.68660335750182,0.08212809917209951
Brown,,22.0,58.10267999999999,40.0,22.3,7.5839653304,1116,13.397358944,5670,15.0,44.298342625,87.689,1140:1,48752,62.399270184,37633,,40.40046187,2022,78.534282195,20.939069434,0.0,318.0,402.0,22.5,374.0,0.1278,0.1901,0.086,0.63,High Vulnerability,0.72,High Concern,1140.0,1.0,large,urban,20.939069434,0.0,7.5839653304,0.0,374.0,0.0,371.1635969664304,0.8567650561613703,742.5,0.0009422588832371058,788000.000009722,85.67650561613704,0.09422588832371058
Burleson,,8.0,43.37689,43.0,19.9,,617,14.732569245,2470,13.7,27.199626601,37.80923,2645:1,64836,62.825144509,18514,,76.65677547,2022,76.367046602,21.556659825,0.0,162.0,188.0,12.5,210.0,0.1225,0.1864,0.0827,0.61,High Vulnerability,0.83,Very High Concern,2645.0,1.0,medium,rural,21.556659825,0.0,6.019602497975,1.0,210.0,0.0,208.73588347542525,0.7761003872583914,362.5,0.0009082936607365437,399100.00000005,77.61003872583913,0.09082936607365437
Burnet,,19.0,39.45592,45.0,16.4,,1480,13.971490607,6430,13.8,68.921883489,66.46124,1505:1,63813,62.825572218,49653,,55.67251462,2022,83.945006903,20.687571748,0.0,361.0,430.0,22.5,594.0,0.1264,0.1929,0.0847,0.53,Moderate Vulnerability,0.7,High Concern,1505.0,1.0,large,rural,20.687571748,0.0,6.019602497975,1.0,594.0,0.0,590.4243561162028,0.6114246410406394,813.5,0.0007919587227387777,1027200.000003444,61.14246410406394,0.07919587227387777
Caldwell,,12.0,27.48259,41.0,18.6,5.6038105912,1591,15.162489279,6230,14.8,42.916038319,47.75006,2094:1,66128,72.841949048,43979,,42.292334367,2022,77.217946856,22.817708452,0.0,459.0,556.0,39.0,659.0,0.124,0.188,0.0827,0.87,Very High Vulnerability,0.97,Very High Concern,2094.0,1.0,large,urban,22.817708452,0.0,5.6038105912,0.0,659.0,0.0,655.3070888203991,0.7004349683233759,1054.0,0.0010503238664563658,1003500.0000105081,70.0434968323376,0.10503238664563658
Calhoun,,11.0,51.66745,33.0,21.4,,730,13.888888889,3050,14.1,42.275863047,76.18685,1313:1,58470,61.276041667,21001,,44.731303494,2022,79.444375234,23.775058331,0.0,189.0,231.0,22.5,228.0,0.1065,0.1663,0.0699,0.86,Very High Vulnerability,0.88,Very High Concern,1313.0,1.0,medium,urban,23.775058331,0.0,6.019602497975,1.0,228.0,0.0,226.6275306304617,0.8339675213960784,442.5,0.0008862407370152824,499300.000009331,83.39675213960784,0.08862407370152824
Callahan,,1.0,7.17206,40.0,19.0,,370,11.649874055,2080,15.0,,56.69738,1764:1,54862,53.922345483,14110,,72.179562906,2022,76.265822785,21.176470588,0.0,121.0,140.0,10.0,155.0,0.1278,0.1901,0.086,0.3,Low Vulnerability,0.8,High Concern,1764.0,1.0,medium,rural,21.176470588,0.0,6.019602497975,1.0,155.0,0.0,154.06696161281388,0.7853727933188261,271.0,0.0009069611780555927,298799.99999668,78.53727933188262,0.09069611780555926
Cameron,,210.0,49.626270000000005,41.0,34.6,5.0383674846,17765,13.850015982,73730,17.5,78.355916189,82.27638999999999,1215:1,44440,85.376196594,424180,,8.4208064596,2022,63.020603617,29.513649866,0.0,4667.0,6652.0,5825.0,6112.0,0.105,0.1701,0.0683,0.98,Very High Vulnerability,0.98,Very High Concern,1215.0,1.0,large,very urban,29.513649866,0.0,5.0383674846,0.0,6112.0,0.0,6081.205497934125,0.7674465205271305,17144.0,0.0013694275147399617,12519100.00015988,76.74465205271305,0.13694275147399618
Camp,,11.0,84.00794,35.0,24.8,,500,14.302059497,2080,16.2,30.709870992,38.28484,2612:1,43130,77.017615731,13060,,61.478912991,2022,75.538116592,26.003062787,0.0,136.0,166.5,5.0,163.0,0.1285,0.1874,0.0874,0.9,Very High Vulnerability,0.98,Very High Concern,2612.0,1.0,medium,rural,26.003062787,0.0,6.019602497975,1.0,163.0,0.0,162.01880479283008,0.839408735139728,307.5,0.0009054770318068662,339599.99999822,83.9408735139728,0.09054770318068661
Carson,,,,48.0,10.7,,194,13.25136612,730,12.2,,187.90571,532:1,66597,33.164983165,5854,,95.195729537,2022,78.559176672,23.009907755,0.0,41.5,58.5,7.5,60.0,0.1241,0.1883,0.0824,0.03,Very Low Vulnerability,0.6,High Concern,532.0,1.0,small,very rural,23.009907755,0.0,6.019602497975,1.0,60.0,0.0,59.6388238501215,0.6958554398103788,107.5,0.000798069784719968,134699.99999777,69.58554398103787,0.0798069784719968
Cass,,7.0,23.31313,35.0,25.6,,707,10.327198364,5270,17.5,36.636058161,56.896150000000006,1758:1,50595,62.876737051,29879,,74.011948529,2022,75.4138104,22.206231802,0.0,176.0,199.5,12.5,293.0,0.1356,0.2056,0.0926,0.78,High Vulnerability,0.98,Very High Concern,1758.0,1.0,medium,rural,22.206231802,0.0,6.019602497975,1.0,293.0,0.0,291.2362564680933,0.6043203622186438,388.0,0.0005847776940361827,663500.0000119581,60.43203622186438,0.05847776940361827
Castro,,1.0,13.28021,28.0,20.4,,439,19.792605951,900,11.8,,54.08329,1849:1,55139,65.521327014,7396,,45.757876457,2022,73.48455221,28.637101136,0.0,89.0,84.5,5.0,110.0,0.1241,0.1883,0.0824,0.78,High Vulnerability,0.99,Very High Concern,1849.0,1.0,small,urban,28.637101136,0.0,6.019602497975,1.0,110.0,0.0,109.33784372522275,0.8139908102053499,178.5,0.0008427762039586206,211800.00000185598,81.399081020535,0.08427762039586205
Chambers,,5.0,11.40589,34.0,11.0,,1560,12.181789786,5300,12.8,12.562612314,52.64312,1900:1,89991,36.765153823,45590,,45.720310007,2022,85.896537221,28.194779557,0.0,525.0,644.0,28.0,675.0,0.1377,0.2028,0.0929,0.41,Moderate Vulnerability,0.79,High Concern,1900.0,1.0,large,urban,28.194779557,0.0,6.019602497975,1.0,675.0,0.0,670.9367683138669,0.7824880447666909,1197.0,0.0009312276334188732,1285400.00000363,78.2488044766691,0.09312276334188732
Cherokee,,22.0,41.78855,42.0,24.4,8.3349486335,1875,13.786764706,7840,15.0,36.356376801,49.17258,2034:1,45894,65.896836808,52875,,63.048480677,2022,78.82416397,25.172576832,0.0,528.0,640.0,17.5,679.0,0.1282,0.1918,0.0871,0.92,Very High Vulnerability,0.94,Very High Concern,2034.0,1.0,large,rural,25.172576832,0.0,8.3349486335,0.0,679.0,0.0,673.3405698778535,0.7841499883124244,1185.5,0.000890683696474174,1330999.999992,78.41499883124244,0.08906836964741739
Childress,,10.0,136.8738,25.0,24.1,,220,15.30967293,1170,16.1,,125.99748,794:1,45473,54.311926606,7143,,33.148700469,2022,77.59965338,18.493630127,0.0,43.5,47.0,0.0,72.0,0.1241,0.1883,0.0824,0.75,High Vulnerability,0.92,Very High Concern,794.0,1.0,small,urban,18.493630127,0.0,6.019602497975,1.0,72.0,0.0,71.5665886201458,0.607825534774126,90.5,0.0006850870552758891,132099.999997161,60.782553477412606,0.06850870552758892
Clay,,4.0,38.20074,47.0,14.6,,314,14.403669725,1610,15.5,,18.95735,5275:1,62763,47.136829415,10550,,74.600074405,2022,79.129598461,19.383886256,0.0,74.5,101.5,0.0,91.0,0.1293,0.1898,0.087,0.32,Low Vulnerability,0.68,High Concern,5275.0,1.0,medium,rural,19.383886256,0.0,6.019602497975,1.0,91.0,0.0,90.45221617268427,0.8236392998682359,176.0,0.0008606356968181491,204500.0000008,82.36392998682359,0.0860635696818149
Cochran,,2.0,70.10165,22.0,29.4,,144,18.997361478,490,16.9,,69.03693,1449:1,44584,68.398876404,2897,,100.0,2022,71.832358674,26.855367622,0.0,27.5,40.5,2.5,52.0,0.1143,0.1758,0.0766,0.86,Very High Vulnerability,0.99,Very High Concern,1449.0,1.0,small,very rural,26.855367622,0.0,6.019602497975,1.0,52.0,0.0,51.6869806701053,0.5320488765927363,70.5,0.0009061696657988899,77800.000000934,53.20488765927362,0.09061696657988899
Coke,,,,51.0,18.0,,121,16.133333333,510,15.5,,0.0,3323:0,51050,52.6,3323,,100.0,2022,73.476923077,20.58380981,0.0,15.0,25.0,2.5,35.0,0.1235,0.1873,0.0822,0.62,High Vulnerability,0.91,Very High Concern,3323.0,0.0,small,very rural,20.58380981,0.0,6.019602497975,1.0,35.0,0.0,34.789313912570876,0.43116688181021745,42.5,0.000621345029252211,68399.99999863001,43.11668818102174,0.0621345029252211
Coleman,,5.0,61.16208,26.0,28.1,,309,17.913043478,1340,16.1,22.872433266,37.03704,2700:1,43623,70.716009654,8100,,51.545812254,2022,76.030927835,20.592592593,0.0,62.5,79.5,0.0,85.0,0.1278,0.1901,0.086,0.42,Moderate Vulnerability,0.94,Very High Concern,2700.0,1.0,small,urban,20.592592593,0.0,6.019602497975,1.0,85.0,0.0,84.48833378767212,0.739747101144981,142.0,0.0008513189448272821,166800.0000033,73.9747101144981,0.0851318944827282
Collin,,1044.0,100.89589,56.0,6.7,4.3124346118,24796,8.7766305752,107700,11.1,31.384781793,80.03216,1249:1,101560,25.903504667,1072069,,5.2427266371,2022,94.228141593,25.333257468,0.0,6646.0,8567.0,1020.0,12808.0,0.083,0.1234,0.0542,0.15,Very Low Vulnerability,0.49,Moderate Concern,1249.0,1.0,large,very urban,25.333257468,0.0,4.3124346118,0.0,12808.0,0.0,12752.766337492065,0.521141831044243,16233.0,0.0005977024190774434,27159000.00046129,52.114183104424306,0.05977024190774434
Collingsworth,,1.0,34.24658,14.0,25.5,,173,23.035952064,460,15.4,,139.03372,719:1,47885,64.385964912,2877,,100.0,2022,67.444120505,25.929787974,0.0,25.0,37.0,0.0,27.0,0.1241,0.1883,0.0824,0.89,Very High Vulnerability,0.98,Very High Concern,719.0,1.0,small,very rural,25.929787974,0.0,6.019602497975,1.0,27.0,0.0,26.837470732554674,0.931533386627013,62.0,0.0008310991956971092,74600.000001198,93.1533386627013,0.08310991956971092
Colorado,,10.0,46.52678,36.0,18.4,,932,18.199570396,2480,11.7,23.78858233,32.39241,3087:1,52726,66.535874439,21610,,62.613777906,2022,73.327062618,23.493752892,0.0,208.0,238.0,17.5,258.0,0.1114,0.1704,0.0738,0.68,High Vulnerability,0.93,Very High Concern,3087.0,1.0,medium,rural,23.493752892,0.0,6.019602497975,1.0,258.0,0.0,256.44694255552247,0.8110839533794271,463.5,0.0009129407130264767,507699.99999612,81.10839533794271,0.09129407130264768
Comal,,104.0,66.57746999999999,46.0,9.4,5.9625982474,4309,11.661389408,17230,12.2,51.448206932,74.63049000000001,1340:1,79290,33.643587668,164812,,46.145549082,2022,91.378741802,22.234424678,0.0,1249.0,1340.0,60.5,1912.0,0.0937,0.1369,0.0619,0.24,Low Vulnerability,0.64,High Concern,1340.0,1.0,large,urban,22.234424678,0.0,5.9625982474,0.0,1912.0,0.0,1900.5995121509711,0.6571610652401281,2649.5,0.0007230181470808901,3664500.000030536,65.7161065240128,0.07230181470808901
Comanche,,7.0,51.33847,27.0,24.0,,525,16.940948693,1910,14.1,57.889102564,50.90909,1964:1,47282,66.719745223,13750,,71.461285244,2022,75.092319055,22.305454545,0.0,162.0,163.0,7.5,176.0,0.1278,0.1901,0.086,0.73,High Vulnerability,0.92,Very High Concern,1964.0,1.0,medium,rural,22.305454545,0.0,6.019602497975,1.0,176.0,0.0,174.9405499603564,0.9260288711605806,332.5,0.0010841212911860962,306699.99999375,92.60288711605807,0.10841212911860962
Concho,,1.0,36.68379,46.0,20.9,,83,16.147859922,420,13.0,,70.74637,1414:1,47412,68.764044944,2827,,100.0,2022,73.97260274,18.040325433,0.0,20.0,25.0,0.0,13.0,0.1235,0.1873,0.0822,0.43,Moderate Vulnerability,0.96,Very High Concern,1414.0,1.0,small,very rural,18.040325433,0.0,6.019602497975,1.0,13.0,0.0,12.921745167526325,1.5477785500879602,45.0,0.0008823529411921972,50999.999999091,154.77785500879602,0.08823529411921972
Cooke,,12.0,29.08597,43.0,16.1,,1517,15.369807497,5880,14.7,60.852143308,86.97123,1150:1,66323,54.986914801,41393,,59.03426386,2022,77.656149388,23.472567825,0.0,419.0,566.0,20.0,491.0,0.1317,0.1945,0.0881,0.62,High Vulnerability,0.85,Very High Concern,1150.0,1.0,large,rural,23.472567825,0.0,6.019602497975,1.0,491.0,0.0,488.0443751734943,0.8585284890355518,1005.0,0.0010343762865587225,971599.999980225,85.85284890355518,0.10343762865587225
Coryell,,14.0,18.43294,29.0,16.8,7.1075401731,1551,8.8572897036,12230,16.3,35.700258261,56.03554999999999,1785:1,58398,55.780842814,76737,,19.423515679,2022,87.493280774,22.306058355,0.0,582.0,675.0,27.5,974.0,0.1264,0.1929,0.0847,0.78,High Vulnerability,0.82,Very High Concern,1785.0,1.0,large,very urban,22.306058355,0.0,7.1075401731,0.0,974.0,0.0,967.0772558714006,0.6018133468308895,1284.5,0.0007504235555350114,1711699.999987635,60.18133468308895,0.07504235555350114
Cottle,,0.0,0.0,19.0,31.7,,53,15.915915916,380,23.1,,0.0,1363:0,44430,68.0,1363,,100.0,2022,68.421052632,21.790168745,0.0,15.0,15.0,0.0,,0.1293,0.1898,0.087,0.94,Very High Vulnerability,1.0,Very High Concern,1363.0,0.0,small,very rural,21.790168745,0.0,6.019602497975,1.0,1533.4742547425474,1.0,1524.2433492881187,0.00984094830199232,30.0,0.0010101010101202258,29699.999999435,0.984094830199232,0.10101010101202258
Crane,,1.0,20.84636,12.0,12.9,,224,15.352981494,400,8.3,,20.98636,4765:1,67547,43.441226576,4765,,10.697142857,2022,72.266666667,28.625393494,0.0,48.0,68.0,7.5,71.0,0.1166,0.1765,0.0789,0.47,Moderate Vulnerability,0.93,Very High Concern,4765.0,1.0,small,very urban,28.625393494,0.0,6.019602497975,1.0,71.0,0.0,70.57260822264378,0.6801505741231598,123.5,0.0009054252199485844,136399.99999891,68.01505741231598,0.09054252199485843
Crockett,,1.0,28.868360000000003,24.0,17.7,,134,15.056179775,430,12.4,,0.0,3513:0,54458,46.7324291,3513,,22.748050551,2022,66.857962697,25.277540564,0.0,29.5,39.0,7.5,32.0,0.1235,0.1873,0.0822,0.69,High Vulnerability,0.9,Very High Concern,3513.0,0.0,small,very urban,25.277540564,0.0,6.019602497975,1.0,32.0,0.0,31.8073727200648,0.9274579280605197,76.0,0.0008558558558430181,88800.000001332,92.74579280605198,0.08558558558430181
Crosby,,2.0,34.86143,45.0,30.3,,200,13.157894737,970,16.6,1.9528269164,53.88898999999999,1856:1,42804,81.474480151,5567,,100.0,2022,78.690080683,25.597269625,0.0,38.0,76.5,0.0,71.0,0.1143,0.1758,0.0766,0.94,Very High Vulnerability,0.99,Very High Concern,1856.0,1.0,small,very rural,25.597269625,0.0,6.019602497975,1.0,71.0,0.0,70.57260822264378,0.5384525378475016,114.5,0.0008035087719164328,142500.000002375,53.845253784750156,0.08035087719164327
Culberson,,1.0,46.06172,16.0,29.4,,86,17.234468938,420,19.0,,93.06654,1075:1,47479,78.497409326,2149,,100.0,2022,54.790419162,22.801302932,0.0,20.0,24.5,2.5,32.0,0.1166,0.1765,0.0789,1.0,Very High Vulnerability,1.0,Very High Concern,1075.0,1.0,small,very rural,22.801302932,0.0,6.019602497975,1.0,32.0,0.0,31.8073727200648,0.6287850359732338,47.0,0.0009591836734523965,49000.000000868,62.87850359732337,0.09591836734523965
Dallam,,5.0,68.61534,29.0,16.0,,634,26.616288833,940,12.9,,151.24433,661:1,55253,72.084130019,7273,,23.541697747,2022,76.791808874,32.655025437,0.0,77.5,143.0,12.5,142.0,0.1241,0.1883,0.0824,0.55,Moderate Vulnerability,0.92,Very High Concern,661.0,1.0,small,very urban,32.655025437,0.0,6.019602497975,1.0,142.0,0.0,141.14521644528756,0.549079890568176,233.0,0.0009810526315653118,237500.000003301,54.9079890568176,0.09810526315653118
Dallas,,1863.0,70.68824,51.0,20.1,6.3617250733,109538,15.722044563,364840,14.0,51.204936365,124.62593,802:1,65770,73.320643047,2635888,,0.6883041916,2022,84.90331883,25.562770497,0.0,19697.0,30499.0,4266.0,37228.0,0.1078,0.1697,0.0704,0.75,High Vulnerability,0.83,Very High Concern,802.0,1.0,large,very urban,25.562770497,0.0,6.3617250733,0.0,37228.0,0.0,36991.165698971185,0.5324784885205124,54462.0,0.0008082741916837282,67380599.99979633,53.24784885205124,0.08082741916837283
Dawson,,5.0,39.28347,31.0,24.4,,444,13.265610995,2370,18.5,20.624120279,53.95406,1853:1,47233,66.666666667,12974,,16.294368539,2022,77.404063205,25.450901804,0.0,112.5,136.0,7.5,154.0,0.1235,0.1873,0.0822,0.95,Very High Vulnerability,1.0,Very High Concern,1853.0,1.0,medium,very urban,25.450901804,0.0,6.019602497975,1.0,154.0,0.0,153.07298121531184,0.7349435485401434,256.0,0.0007752877044095975,330200.000005096,73.49435485401435,0.07752877044095975
DeWitt,,11.0,54.56349,34.0,27.6,,649,13.956989247,3010,14.8,33.345890873,59.4825,1681:1,53899,66.063853539,20174,,49.624322038,2022,67.888025795,22.474472093,0.0,176.0,224.0,15.0,213.0,0.1134,0.1709,0.0762,0.82,Very High Vulnerability,0.97,Very High Concern,1681.0,1.0,medium,urban,22.474472093,0.0,6.019602497975,1.0,213.0,0.0,211.71782466793132,0.8312951461505288,415.0,0.0009153065725544159,453400.000004182,83.12951461505288,0.0915306572554416
Deaf Smith,,2.0,10.784,37.0,22.6,,830,14.207463198,2380,12.7,,114.89851,870:1,51412,80.3870043,18277,,17.711129465,2022,79.035189162,30.967883132,0.0,257.0,307.0,26.0,313.0,0.1241,0.1883,0.0824,0.84,Very High Vulnerability,0.9,Very High Concern,870.0,1.0,medium,very urban,30.967883132,0.0,6.019602497975,1.0,313.0,0.0,311.1158644181338,0.8260588076427915,590.0,0.0010424028268485597,566000.000003564,82.60588076427915,0.10424028268485597
Delta,,1.0,18.75821,44.0,21.5,,165,12.790697674,950,18.1,61.653200746,56.08525,1783:1,50456,60.397196262,5349,,100.0,2022,69.554695063,23.06973266,0.0,30.0,39.0,0.0,81.0,0.1283,0.1937,0.0866,0.57,Moderate Vulnerability,0.85,Very High Concern,1783.0,1.0,small,very rural,23.06973266,0.0,6.019602497975,1.0,81.0,0.0,80.51241219766402,0.37261335465080525,69.0,0.000559157212325188,123399.99999834,37.26133546508053,0.055915721232518804
Denton,,479.0,53.98966,54.0,7.6,4.2977309677,22582,9.9096885175,93820,11.3,40.090277784,73.09719,1368:1,90880,32.847341868,919324,,6.9058305439,2022,93.371592062,23.866667247,0.0,6672.0,8087.0,686.0,11506.0,0.0949,0.1412,0.0617,0.22,Low Vulnerability,0.63,High Concern,1368.0,1.0,large,very urban,23.866667247,0.0,4.2977309677,0.0,11506.0,0.0,11456.550307485644,0.5823742593475589,15445.0,0.0007039268590538608,21941200.000181027,58.23742593475589,0.07039268590538608
Dickens,,1.0,45.2284,31.0,27.7,,69,16.428571429,400,18.1,,46.72897,2140:1,42034,68.695652174,2140,,100.0,2022,82.694541231,17.056074766,0.0,25.0,25.0,0.0,18.0,0.1143,0.1758,0.0766,0.88,Very High Vulnerability,0.93,Very High Concern,2140.0,1.0,small,very rural,17.056074766,0.0,6.019602497975,1.0,18.0,0.0,17.89164715503645,1.3973000799405195,50.0,0.0013698630137271533,36499.99999924,139.73000799405196,0.13698630137271534
Dimmit,,4.0,39.51008,39.0,34.4,,323,10.964019009,2100,20.1,,80.60453,1241:1,42788,74.683544304,9925,,39.475790316,2022,65.261170548,28.141057935,0.0,95.0,154.0,308.5,116.0,0.107,0.1724,0.0705,1.0,Very High Vulnerability,0.99,Very High Concern,1241.0,1.0,medium,urban,28.141057935,0.0,6.019602497975,1.0,116.0,0.0,115.3017261102349,0.823925219551134,557.5,0.001996061582492908,279300.000004875,82.3925219551134,0.1996061582492908
Donley,,,,19.0,24.8,,107,16.31097561,520,15.6,50.436046512,120.91898,827:1,57526,54.320987654,3308,,100.0,2022,67.038690476,19.92140266,0.0,27.5,28.5,0.0,18.0,0.1241,0.1883,0.0824,0.45,Moderate Vulnerability,0.82,Very High Concern,827.0,1.0,small,very rural,19.92140266,0.0,6.019602497975,1.0,18.0,0.0,17.89164715503645,1.5370300879345715,56.0,0.0008497723824068563,65899.99999928,153.70300879345714,0.08497723824068563
Duval,,,,36.0,32.1,,337,11.697327317,1930,17.2,,45.21613,2212:1,40601,79.765949415,11058,,67.042946868,2022,65.688288817,26.035449448,0.0,83.0,135.0,0.0,144.0,0.1146,0.1867,0.0742,1.0,Very High Vulnerability,1.0,Very High Concern,2212.0,1.0,medium,rural,26.035449448,0.0,6.019602497975,1.0,144.0,0.0,143.1331772402916,0.5798795331753156,218.0,0.0007572073636785027,287899.999995984,57.98795331753156,0.07572073636785026
Eastland,,5.0,27.233120000000003,37.0,23.2,,603,15.204236006,3260,17.8,47.508972565,54.38329,1839:1,50317,61.843515541,18388,,60.345477049,2022,72.338606242,21.051772895,0.0,178.0,202.5,12.5,204.0,0.1278,0.1901,0.086,0.81,Very High Vulnerability,0.98,Very High Concern,1839.0,1.0,medium,rural,21.051772895,0.0,6.019602497975,1.0,204.0,0.0,202.7720010904131,0.877833226692044,393.0,0.0010152415396715133,387099.99999325996,87.7833226692044,0.10152415396715132
Ector,,99.0,59.55854,40.0,17.9,5.5278348498,8046,15.456431535,18420,11.5,39.488149644,93.0227,1075:1,62669,52.722920407,167701,,9.4552614308,2022,84.131189135,30.531123845,0.0,2213.0,2775.0,312.0,3015.0,0.1113,0.171,0.0731,0.79,High Vulnerability,0.88,Very High Concern,1075.0,1.0,large,very urban,30.531123845,0.0,5.5278348498,0.0,3015.0,0.0,2998.333577927853,0.7380766490729838,5300.0,0.0010351360325134475,5120099.9999303445,73.80766490729837,0.10351360325134476
Edwards,,1.0,51.75983,30.0,31.8,,81,18.75,250,13.1,,0.0,1923:0,45330,65.700483092,1923,,100.0,2022,48.284625159,22.256890276,0.0,25.0,22.5,5.0,20.0,0.107,0.1724,0.0705,0.44,Moderate Vulnerability,0.92,Very High Concern,1923.0,0.0,small,very rural,22.256890276,0.0,6.019602497975,1.0,20.0,0.0,19.8796079500405,1.2575700719464675,52.5,0.0012266355139972543,42800.000000748,125.75700719464675,0.12266355139972543
El Paso,,419.0,49.92624,31.0,22.7,4.4294285811,27003,11.734567499,121760,14.6,51.955968232,89.74356,1114:1,48522,75.909332025,841286,,2.1743664811,2022,82.664747024,26.530930029,0.0,6573.0,9411.0,6844.0,11597.0,0.0965,0.1577,0.0608,0.95,Very High Vulnerability,0.96,Very High Concern,1114.0,1.0,large,very urban,26.530930029,0.0,4.4294285811,0.0,11597.0,0.0,11545.631916744984,0.5693062144538816,22828.0,0.0010227552743766436,22320100.000377294,56.93062144538816,0.10227552743766435
Ellis,,76.0,41.11976,52.0,11.1,5.8931377685,6519,12.748357322,20050,11.5,35.942945446,65.18565,1534:1,79849,48.252319109,191760,,31.975135352,2022,90.065489318,26.35951189,0.0,2003.0,2257.0,71.5,2820.0,0.1147,0.169,0.0766,0.39,Low Vulnerability,0.7,High Concern,1534.0,1.0,large,urban,26.35951189,0.0,5.8931377685,0.0,2820.0,0.0,2803.38135149283,0.7144943012956055,4331.5,0.0008569252378929267,5054700.0000264,71.44943012956055,0.08569252378929268
Erath,,24.0,56.20872,48.0,15.5,6.160164271,1483,16.321813779,6200,14.8,79.694197952,55.52471,1801:1,61453,53.559711286,43224,,46.320929005,2022,86.678819323,20.870349806,0.0,365.0,453.0,22.5,520.0,0.1134,0.1689,0.0762,0.63,High Vulnerability,0.87,Very High Concern,1801.0,1.0,large,urban,20.870349806,0.0,6.160164271,0.0,520.0,0.0,516.79671457908,0.7062738397965335,840.5,0.0009317148874697363,902100.000014544,70.62738397965335,0.09317148874697363
Falls,,2.0,11.5627,35.0,25.2,,478,13.003264418,3310,19.1,46.098823333,57.88712,1728:1,44590,75.195822454,17275,,67.356990932,2022,68.083573487,21.105643994,0.0,141.0,195.0,7.5,185.0,0.1248,0.188,0.085,0.98,Very High Vulnerability,0.99,Very High Concern,1728.0,1.0,medium,rural,21.105643994,0.0,6.019602497975,1.0,185.0,0.0,183.88637353787462,0.7667778600841164,343.5,0.0009421283598558386,364599.99999635003,76.67778600841164,0.09421283598558386
Fannin,,7.0,19.71054,43.0,17.5,,1110,14.212548015,5100,14.8,40.200701224,47.33662,2113:1,59746,56.998043749,35913,,70.529264337,2022,74.699378581,21.184529279,0.0,297.0,318.0,22.5,371.0,0.1317,0.1945,0.0881,0.58,Moderate Vulnerability,0.86,Very High Concern,2113.0,1.0,medium,rural,21.184529279,0.0,6.019602497975,1.0,371.0,0.0,368.76672747325125,0.8053871943247458,637.5,0.0008379337539468225,760799.999996727,80.53871943247458,0.08379337539468225
Fayette,,8.0,31.56317,47.0,14.4,,894,16.919000757,3350,13.3,22.112172227,58.71531,1703:1,63713,47.517730496,25547,,67.137737232,2022,65.393556958,20.178494539,0.0,185.5,209.0,12.5,242.0,0.124,0.188,0.0827,0.44,Moderate Vulnerability,0.84,Very High Concern,1703.0,1.0,medium,rural,20.178494539,0.0,6.019602497975,1.0,242.0,0.0,240.54325619549005,0.7711710689126272,407.0,0.0007895247332873059,515499.99998783297,77.11710689126272,0.0789524733287306
Fisher,,1.0,26.10966,10.0,17.6,,143,16.686114352,600,15.6,18.079693759,105.70825,946:1,52828,55.635062612,3784,,100.0,2022,75.596658711,21.405919662,0.0,31.0,45.5,0.0,31.0,0.1278,0.1901,0.086,0.43,Moderate Vulnerability,0.91,Very High Concern,946.0,1.0,small,very rural,21.405919662,0.0,6.019602497975,1.0,31.0,0.0,30.813392322562773,1.0060560575571742,76.5,0.0009444444444326914,81000.000001008,100.60560575571742,0.09444444444326915
Floyd,,3.0,52.52101,34.0,29.5,,242,15.633074935,760,13.0,43.037974684,88.15233,1134:1,44256,77.01048951,5672,,53.319888303,2022,73.580586081,25.81100141,0.0,45.0,71.0,0.0,63.0,0.1143,0.1758,0.0766,0.83,Very High Vulnerability,0.97,Very High Concern,1134.0,1.0,small,urban,25.81100141,0.0,6.019602497975,1.0,63.0,0.0,62.620765042627575,0.7186114696836957,116.0,0.0007923497267893786,146399.99999752,71.86114696836957,0.07923497267893786
Foard,,0.0,0.0,33.0,29.9,,44,18.181818182,180,14.4,,88.10573,1135:1,40955,77.391304348,1135,,100.0,2022,68.958742633,18.766519824,0.0,15.0,17.5,0.0,,0.1293,0.1898,0.087,0.48,Moderate Vulnerability,0.93,Very High Concern,1135.0,1.0,small,very rural,18.766519824,0.0,6.019602497975,1.0,1533.4742547425474,1.0,1524.2433492881187,0.00984094830199232,32.5,0.001525821596226939,21300.00000024,0.984094830199232,0.1525821596226939
Fort Bend,,688.0,84.76163,50.0,9.4,4.1503001556,22621,9.6381794787,72370,9.5,47.06376717,77.52713,1290:1,97210,37.955971875,839706,,5.5357676703,2022,93.851364685,27.058399011,0.0,7767.0,9422.0,1005.0,9587.0,0.0795,0.1228,0.0524,0.29,Low Vulnerability,0.54,Moderate Concern,1290.0,1.0,large,very urban,27.058399011,0.0,4.1503001556,0.0,9587.0,0.0,9547.211072408263,0.8135360097407788,18194.0,0.0008007534846488699,22721099.999930765,81.35360097407788,0.080075348464887
Franklin,,3.0,27.97203,43.0,20.4,,361,13.954387321,1520,14.1,67.750839768,27.72387,3607:1,58927,59.949302915,10821,,69.12776992,2022,84.393939394,22.964605859,0.0,83.0,107.5,12.5,103.0,0.1283,0.1937,0.0866,0.53,Moderate Vulnerability,0.79,High Concern,3607.0,1.0,medium,rural,22.964605859,0.0,6.019602497975,1.0,103.0,0.0,102.37998094270857,0.8107053667693733,203.0,0.0008169014084499185,248500.000000239,81.07053667693734,0.08169014084499185
Freestone,,6.0,30.43059,37.0,16.7,,666,14.409346603,3430,17.4,22.623845474,45.2853,2208:1,54502,59.107192064,19874,,66.476584578,2022,68.467933492,22.59233169,0.0,147.0,201.0,2.5,212.0,0.1248,0.188,0.085,0.84,Very High Vulnerability,0.97,Very High Concern,2208.0,1.0,medium,rural,22.59233169,0.0,6.019602497975,1.0,212.0,0.0,210.7238442704293,0.6975954738721915,350.5,0.000780623608005543,449000.00000706,69.75954738721914,0.0780623608005543
Frio,,4.0,19.69861,34.0,28.8,,596,12.319140141,3000,15.1,,78.51219,1274:1,47007,80.837563452,20379,,22.181564733,2022,65.268564092,22.694931056,0.0,140.0,151.0,5.0,209.0,0.1146,0.174,0.0756,0.99,Very High Vulnerability,0.99,Very High Concern,1274.0,1.0,medium,very urban,22.694931056,0.0,6.019602497975,1.0,209.0,0.0,207.7419030779232,0.6739131486028918,296.0,0.0006400000000135279,462499.999990224,67.39131486028917,0.06400000000135278
Gaines,,2.0,9.30579,27.0,19.8,,2294,28.721672718,2720,13.1,52.94243756,22.73141,4399:1,63528,56.761803148,21996,,63.043478261,2022,80.333446751,36.406619385,0.0,191.0,254.0,35.0,467.0,0.1166,0.1765,0.0789,0.68,High Vulnerability,0.99,Very High Concern,4399.0,1.0,medium,rural,36.406619385,0.0,6.019602497975,1.0,467.0,0.0,464.1888456334457,0.4114704646540048,480.0,0.0005994005994062431,800799.99999246,41.14704646540048,0.05994005994062431
Galveston,,261.0,76.28478,47.0,14.1,4.7870295957,9688,11.262366166,46810,14.1,48.013386483,102.00267,980:1,78465,47.353076326,345089,,6.1498271595,2022,88.811859046,23.905137515,0.0,2954.0,3872.0,214.0,3881.0,0.1049,0.1574,0.0689,0.58,Moderate Vulnerability,0.73,High Concern,980.0,1.0,large,very urban,23.905137515,0.0,4.7870295957,0.0,3881.0,0.0,3862.421538139088,0.7648051800744761,7040.0,0.0008533953984621346,8249399.999913835,76.4805180074476,0.08533953984621345
Garza,,1.0,16.053939999999997,35.0,23.4,,148,14.41090555,940,15.5,38.598698163,16.072,6222:1,50934,68.008474576,6222,,22.334004024,2022,82.545242265,16.200578592,0.0,31.0,35.5,2.5,55.0,0.1143,0.1758,0.0766,0.72,High Vulnerability,0.96,Very High Concern,6222.0,1.0,small,very urban,16.200578592,0.0,6.019602497975,1.0,55.0,0.0,54.66892186261138,0.5670497778958618,69.0,0.0006845238095277211,100799.99999942399,56.704977789586174,0.06845238095277212
Gillespie,,33.0,122.27657,54.0,15.2,,1168,20.890717224,3500,13.2,,63.05638,1586:1,64365,50.82010582,26960,,53.653822925,2022,83.14232902,19.56231454,0.0,156.0,250.0,25.0,248.0,0.1008,0.1475,0.0669,0.36,Low Vulnerability,0.61,High Concern,1586.0,1.0,medium,rural,19.56231454,0.0,6.019602497975,1.0,248.0,0.0,246.5071385805022,0.632841713624674,431.0,0.0008172165339425626,527399.9999984,63.284171362467404,0.08172165339425626
Glasscock,,0.0,0.0,42.0,9.9,,70,18.469656992,170,11.3,,0.0,1439:0,85001,32.679738562,1439,,100.0,2022,85.747126437,24.878387769,0.0,17.5,27.5,0.0,17.0,0.1235,0.1873,0.0822,0.18,Very Low Vulnerability,0.81,Very High Concern,1439.0,0.0,small,very rural,24.878387769,0.0,6.019602497975,1.0,17.0,0.0,16.897666757534424,1.0356459416029733,45.0,0.0012569832402378244,35799.999999591,103.56459416029733,0.12569832402378245
Goliad,,,,42.0,20.8,,226,13.688673531,1020,13.5,25.614202223,13.11303,7626:1,54970,51.023502654,7626,,100.0,2022,67.746478873,20.194072908,0.0,41.5,49.0,0.0,75.0,0.1134,0.1709,0.0762,0.58,Moderate Vulnerability,0.97,Very High Concern,7626.0,1.0,small,very rural,20.194072908,0.0,6.019602497975,1.0,75.0,0.0,74.54852981265188,0.5566843518483029,90.5,0.0005876623376760446,153999.999996408,55.66843518483029,0.05876623376760447
Gonzales,,8.0,38.39324,37.0,22.3,,888,15.56802244,2850,13.8,32.867319504,62.05843,1611:1,55363,75.817757009,20948,,65.279951532,2022,77.213663764,26.689898797,0.0,205.0,216.0,10.0,298.0,0.1134,0.1709,0.0762,0.9,Very High Vulnerability,0.98,Very High Concern,1611.0,1.0,medium,rural,26.689898797,0.0,6.019602497975,1.0,298.0,0.0,296.20615845560343,0.692085542950405,431.0,0.0007708817742807052,559099.999999556,69.2085542950405,0.07708817742807052
Gray,,10.0,45.69131,45.0,18.0,,833,14.588441331,3520,15.7,74.1690297,55.406780000000005,1805:1,54141,58.462694041,21658,,19.387619259,2022,76.794593905,24.859174439,0.0,172.0,230.0,12.5,240.0,0.1241,0.1883,0.0824,0.84,Very High Vulnerability,0.95,Very High Concern,1805.0,1.0,medium,very urban,24.859174439,0.0,6.019602497975,1.0,240.0,0.0,238.555295400486,0.7210068412493081,414.5,0.0007698736998516089,538399.999999862,72.10068412493081,0.07698736998516088
Grayson,,62.0,45.51728,51.0,20.8,6.3785823376,4853,14.536033068,20780,15.9,43.363208633,93.26335,1072:1,59554,54.843292938,138318,,43.150475277,2022,78.987167271,23.642620628,0.0,1258.0,1691.0,88.5,1687.0,0.1317,0.1945,0.0881,0.66,High Vulnerability,0.79,High Concern,1072.0,1.0,large,urban,23.642620628,0.0,6.3785823376,0.0,1687.0,0.0,1676.239331596469,0.7504894893510623,3037.5,0.0009288422726371423,3270200.000023704,75.04894893510622,0.09288422726371423
Gregg,,107.0,86.32861,49.0,26.3,7.5115870225,4496,13.850040047,20510,16.6,34.926050453,160.993,621:1,51394,62.659967769,124229,,13.36235932,2022,83.152856586,25.553614695,0.0,984.0,1165.0,59.5,1735.0,0.1265,0.1924,0.0851,0.88,Very High Vulnerability,0.79,High Concern,621.0,1.0,large,very urban,25.553614695,0.0,7.5115870225,0.0,1735.0,0.0,1721.9673965159625,0.5714393907752936,2208.5,0.0006957001102656027,3174499.999945155,57.14393907752936,0.06957001102656027
Grimes,,8.0,27.700830000000003,49.0,20.6,,1084,16.386999244,4210,15.0,43.89797853,33.76781,2961:1,57795,64.20552677,29614,,68.903172455,2022,77.460351944,21.895049639,0.0,293.0,287.0,15.0,359.0,0.1225,0.1864,0.0827,0.86,Very High Vulnerability,0.9,Very High Concern,2961.0,1.0,medium,rural,21.895049639,0.0,6.019602497975,1.0,359.0,0.0,356.83896270322697,0.8210986765020947,595.0,0.0009176434299682662,648400.0000093459,82.10986765020947,0.09176434299682662
Guadalupe,,50.0,29.96758,36.0,10.7,5.3183169091,4794,11.037690236,17550,11.0,45.784990773,42.20201,2370:1,78909,42.122515156,170608,,26.16225586,2022,88.87991384,24.487714527,0.0,1444.0,1594.0,63.5,2099.0,0.1024,0.1543,0.0667,0.43,Moderate Vulnerability,0.77,High Concern,2370.0,1.0,large,very urban,24.487714527,0.0,5.3183169091,0.0,2099.0,0.0,2087.836852807799,0.6916249217739673,3101.5,0.0007423763703344724,4177800.0000224165,69.16249217739673,0.07423763703344724
Hale,,11.0,32.92822,37.0,24.6,,1302,14.262241209,4730,14.0,43.217151832,67.16737,1489:1,46589,75.851872712,32754,,23.099826317,2022,75.881704629,26.619649508,0.0,366.0,399.0,22.5,442.0,0.1143,0.1758,0.0766,0.93,Very High Vulnerability,0.97,Very High Concern,1489.0,1.0,medium,very urban,26.619649508,0.0,6.019602497975,1.0,442.0,0.0,439.33933569589504,0.8330690431355785,787.5,0.000903199908261864,871899.9999850319,83.30690431355785,0.0903199908261864
Hall,,,,27.0,36.7,,106,15.844544096,580,19.2,,34.02518,2939:1,36654,78.494623656,2939,,100.0,2022,70.207667732,20.959510037,0.0,22.5,31.0,0.0,21.0,0.1241,0.1883,0.0824,0.95,Very High Vulnerability,1.0,Very High Concern,2939.0,1.0,small,very rural,20.959510037,0.0,6.019602497975,1.0,21.0,0.0,20.873588347542526,1.0779172045255436,53.5,0.0008685064935242161,61599.999998743006,107.79172045255436,0.08685064935242161
Hamilton,,8.0,94.55147,23.0,20.9,,359,18.815513627,1430,17.1,,81.80436999999999,1222:1,52840,53.748558247,8557,,64.377128097,2022,74.26005986,21.339254412,0.0,65.0,102.0,2.5,74.0,0.1264,0.1929,0.0847,0.61,High Vulnerability,0.78,High Concern,1222.0,1.0,small,rural,21.339254412,0.0,6.019602497975,1.0,74.0,0.0,73.55454941514985,0.883697888394815,169.5,0.0009282584884817412,182600.000003484,88.3697888394815,0.09282584884817412
Hansford,,3.0,55.56585,45.0,15.4,,402,23.914336704,840,15.2,,75.77193,1320:1,61059,57.337151038,5279,,40.334936754,2022,75.632060247,29.266906611,0.0,35.5,73.5,7.5,71.0,0.1241,0.1883,0.0824,0.76,High Vulnerability,0.83,Very High Concern,1320.0,1.0,small,urban,29.266906611,0.0,6.019602497975,1.0,71.0,0.0,70.57260822264378,0.503028028778587,116.5,0.0007540453074459573,154499.999999469,50.302802877858696,0.07540453074459573
Hardeman,,5.0,127.12942,34.0,23.6,,166,19.168591224,660,16.6,,49.86288,2006:1,63479,81.680440771,4011,,100.0,2022,70.813397129,21.366242832,0.0,34.0,40.0,5.0,38.0,0.1293,0.1898,0.087,0.73,High Vulnerability,0.96,Very High Concern,2006.0,1.0,small,very rural,21.366242832,0.0,6.019602497975,1.0,38.0,0.0,37.77125510507695,0.9001554199195767,79.0,0.0009218203033930187,85699.999999152,90.01554199195768,0.09218203033930186
Hardin,,12.0,20.83261,43.0,12.9,6.2578222778,1643,11.162443101,8850,15.6,72.798951919,60.02916,1666:1,69151,47.208500326,58305,,51.547542784,2022,83.684160846,24.406140125,0.0,434.0,552.0,24.5,647.0,0.1338,0.1949,0.0899,0.25,Low Vulnerability,0.81,Very High Concern,1666.0,1.0,large,urban,24.406140125,0.0,6.2578222778,0.0,647.0,0.0,642.9511889862634,0.6750123608672141,1010.5,0.0007101194659230026,1422999.999988125,67.5012360867214,0.07101194659230026
Harris,,2788.0,59.15145,47.0,23.3,5.9292286292,186257,14.545873422,644710,13.9,50.848828382,104.89098,953:1,61906,68.174797696,4738253,,1.2132803285,2022,86.860208993,26.275718076,0.0,48614.0,59569.0,9077.0,66112.0,0.1057,0.1669,0.0691,0.72,High Vulnerability,0.79,High Concern,953.0,1.0,large,very urban,26.275718076,0.0,5.9292286292,0.0,66112.0,0.0,65720.00683686633,0.7397138609658431,117260.0,0.0009418398245739637,124501000.00076123,73.97138609658431,0.09418398245739637
Harrison,,20.0,30.05124,46.0,21.9,6.8382220623,2196,12.913848868,10430,15.7,45.665664738,64.77269,1544:1,55198,47.736709899,66386,,56.054303607,2022,72.677320582,24.728105323,0.0,521.0,554.0,32.0,795.0,0.1276,0.1901,0.0861,0.73,High Vulnerability,0.94,Very High Concern,1544.0,1.0,large,rural,24.728105323,0.0,6.8382220623,0.0,795.0,0.0,789.5636134604715,0.6598581686364441,1107.0,0.0006743421052743813,1641599.999972678,65.9858168636444,0.06743421052743813
Hartley,,,,40.0,9.1,,257,21.239669421,670,11.8,,,,74686,65.855039638,5443,,57.258330584,2022,85.097575399,21.091309939,0.0,33.5,41.5,17.5,75.0,0.1241,0.1883,0.0824,0.53,Moderate Vulnerability,0.74,High Concern,,,small,rural,21.091309939,0.0,6.019602497975,1.0,75.0,0.0,74.54852981265188,0.449371705708871,92.5,0.0008057491289340595,114799.999997977,44.937170570887105,0.08057491289340596
Haskell,,3.0,53.022270000000006,38.0,25.6,,162,16.463414634,1040,18.2,5.5975525434,17.37921,5754:1,44847,73.987730061,5754,,47.61824038,2022,71.97039778,17.257559958,0.0,44.5,48.0,0.0,33.0,0.1278,0.1901,0.086,0.98,Very High Vulnerability,0.99,Very High Concern,5754.0,1.0,small,urban,17.257559958,0.0,6.019602497975,1.0,33.0,0.0,32.801353117566826,1.3566513503422497,92.5,0.0009315206445272282,99299.99999833202,135.66513503422496,0.09315206445272281
Hays,,98.0,42.57334,49.0,9.9,3.6802174159,6390,11.620294599,25610,12.0,49.043805255,61.73223,1620:1,77511,46.116541259,241365,,31.712145226,2022,87.259527658,22.772150063,0.0,2181.0,2476.0,156.5,3250.0,0.1018,0.157,0.0664,0.49,Moderate Vulnerability,0.73,High Concern,1620.0,1.0,large,urban,22.772150063,0.0,3.6802174159,0.0,3250.0,0.0,3238.039293398325,0.6735557546959348,4813.5,0.0008757550396693358,5496399.999955995,67.35557546959348,0.08757550396693359
Hemphill,,4.0,104.73946,31.0,14.5,,250,20.576131687,480,12.1,,79.42812,1259:1,65718,40.476190476,3777,,26.95035461,2022,80.973451327,30.050304474,0.0,27.5,42.0,0.0,30.0,0.1241,0.1883,0.0824,0.74,High Vulnerability,0.8,Very High Concern,1259.0,1.0,small,very urban,30.050304474,0.0,6.019602497975,1.0,30.0,0.0,29.81941192506075,0.9222180527607429,69.5,0.0006123348017712968,113499.99999829801,92.22180527607429,0.06123348017712968
Henderson,,25.0,30.216230000000003,52.0,22.6,8.6275762901,2479,13.715834901,13820,17.0,54.833479654,52.51098,1904:1,52660,67.036435786,83792,,60.110528192,2022,78.896647603,21.202501432,0.0,625.0,802.0,28.5,967.0,0.1398,0.2105,0.0948,0.72,High Vulnerability,0.9,Very High Concern,1904.0,1.0,large,rural,21.202501432,0.0,8.6275762901,0.0,967.0,0.0,958.6571337274733,0.6519536318160595,1455.5,0.0008192615107554175,1776599.9999901438,65.19536318160594,0.08192615107554176
Hidalgo,,402.0,46.27567,45.0,32.5,4.3081601622,41968,14.877837807,153810,18.0,83.638571377,94.72121,1056:1,46653,85.765984729,875200,,5.1386929524,2022,72.829857552,31.794104205,0.0,9236.0,12807.0,2134.0,14400.0,0.1074,0.1741,0.0695,0.98,Very High Vulnerability,0.99,Very High Concern,1056.0,1.0,large,very urban,31.794104205,0.0,4.3081601622,0.0,14400.0,0.0,14337.96249366432,0.6441640507904256,24177.0,0.0008688574077600365,27826200.000216,64.41640507904256,0.08688574077600364
Hill,,9.0,24.55729,38.0,20.4,,1179,13.508249313,5450,15.3,47.745960301,45.9385,2177:1,56565,63.524962179,37006,,76.266066289,2022,81.533526806,22.980057288,0.0,318.0,374.0,17.5,431.0,0.1248,0.188,0.085,0.87,Very High Vulnerability,0.93,Very High Concern,2177.0,1.0,large,rural,22.980057288,0.0,6.019602497975,1.0,431.0,0.0,428.4055513233728,0.7422873000073813,709.5,0.0008343132643464569,850399.999999728,74.22873000073812,0.0834313264346457
Hockley,,14.0,60.81404,34.0,19.5,,844,13.777342475,3320,14.4,41.846530848,52.35374,1910:1,55469,61.847555924,22921,,39.847394811,2022,76.756287944,25.932550936,0.0,245.0,270.0,12.5,285.0,0.1143,0.1758,0.0766,0.9,Very High Vulnerability,0.97,Very High Concern,1910.0,1.0,medium,urban,25.932550936,0.0,6.019602497975,1.0,285.0,0.0,283.28441328807713,0.864855207373711,527.5,0.0008874495289306873,594400.0000040559,86.4855207373711,0.08874495289306873
Hood,,29.0,47.045080000000006,51.0,14.8,7.3042684319,1719,12.73805113,7860,13.5,76.495585704,59.81708999999999,1672:1,85449,51.538547611,63527,,32.845531632,2022,88.119750162,20.594392935,0.0,565.0,629.0,39.0,666.0,0.1134,0.1689,0.0762,0.26,Low Vulnerability,0.66,High Concern,1672.0,1.0,large,urban,20.594392935,0.0,7.3042684319,0.0,666.0,0.0,661.1353572243546,0.8545905068094379,1233.0,0.0009424443935008823,1308299.999981745,85.45905068094379,0.09424443935008824
Hopkins,,11.0,29.66239,48.0,18.9,,1374,14.839615509,5640,15.5,54.260671509,96.8523,1033:1,53634,60.256965497,37170,,59.62572168,2022,82.647624686,24.272262577,0.0,216.0,264.0,15.0,459.0,0.1283,0.1937,0.0866,0.71,High Vulnerability,0.76,High Concern,1033.0,1.0,large,rural,24.272262577,0.0,6.019602497975,1.0,459.0,0.0,456.23700245342945,0.4734381447327878,495.0,0.0005486588339692787,902199.99998709,47.343814473278776,0.05486588339692787
Houston,,4.0,17.41553,39.0,27.7,,603,13.142981691,4110,17.9,38.683084853,61.30939,1631:1,45989,69.972451791,22835,,73.487274566,2022,67.342725285,19.483249398,0.0,158.0,202.0,25.0,257.0,0.1365,0.206,0.093,0.91,Very High Vulnerability,0.97,Very High Concern,1631.0,1.0,medium,rural,19.483249398,0.0,6.019602497975,1.0,257.0,0.0,255.45296215802043,0.6185091715721148,385.0,0.0008653630029155277,444900.00000333006,61.850917157211484,0.08653630029155276
Howard,,10.0,27.27471,37.0,17.8,,998,12.175186044,5620,15.5,44.230992106,112.2058,891:1,58445,52.832428765,36540,,20.064549297,2022,79.20556632,21.483305966,0.0,263.0,423.0,7.5,379.0,0.1235,0.1873,0.0822,0.92,Very High Vulnerability,0.97,Very High Concern,891.0,1.0,medium,very urban,21.483305966,0.0,6.019602497975,1.0,379.0,0.0,376.7185706532675,0.6981338869064295,693.5,0.0008834394904485158,784999.99999764,69.81338869064295,0.08834394904485157
Hudspeth,,,,26.0,33.1,,231,22.669283611,770,17.3,,,,40666,86.979166667,4906,,100.0,2022,58.828748891,19.832857725,0.0,35.5,70.0,15.0,25.0,0.1166,0.1765,0.0789,0.98,Very High Vulnerability,0.98,Very High Concern,,,small,very rural,19.832857725,0.0,6.019602497975,1.0,25.0,0.0,24.849509937550625,1.428599601731187,120.5,0.0012384378211862713,97299.99999885,142.8599601731187,0.12384378211862714
Hunt,,30.0,30.42782,42.0,17.6,7.3944103271,2941,12.153897016,15270,16.2,49.705929091,76.14695999999999,1313:1,53760,58.014697439,99807,,56.631332072,2022,82.756875819,23.663670885,0.0,1000.0,1200.0,46.0,1475.0,0.1122,0.1653,0.0743,0.83,Very High Vulnerability,0.87,Very High Concern,1313.0,1.0,large,rural,23.663670885,0.0,7.3944103271,0.0,1475.0,0.0,1464.0932447675275,0.6830166067454143,2246.0,0.0009509695994503116,2361800.000019195,68.30166067454144,0.09509695994503116
Hutchinson,,6.0,28.65603,40.0,15.4,,810,14.586709887,3460,16.2,65.519667941,53.19921000000001,1880:1,62536,51.694708608,20677,,22.564334086,2022,83.163698049,24.858538473,0.0,169.0,227.0,15.0,215.0,0.1241,0.1883,0.0824,0.66,High Vulnerability,0.86,Very High Concern,1880.0,1.0,medium,very urban,24.858538473,0.0,6.019602497975,1.0,215.0,0.0,213.70578546293538,0.7908068545449415,411.0,0.0007996108949319564,514000.000006221,79.08068545449414,0.07996108949319564
Irion,,0.0,0.0,45.0,7.4,,49,13.315217391,230,14.1,,0.0,1564:0,73776,35.254237288,1564,,100.0,2022,65.880503145,21.803069054,0.0,12.5,7.5,0.0,18.0,0.1235,0.1873,0.0822,0.2,Low Vulnerability,0.88,Very High Concern,1564.0,0.0,small,very rural,21.803069054,0.0,6.019602497975,1.0,18.0,0.0,17.89164715503645,0.6986500399702598,20.0,0.0005865102639217755,34100.000000456006,69.86500399702598,0.058651026392177556
Jack,,4.0,44.767770000000006,37.0,18.4,,364,18.12749004,1390,15.7,,55.21201000000001,1811:1,56028,65.278628291,9056,,53.217602831,2022,73.745661092,21.643109541,0.0,66.0,82.5,2.5,96.0,0.1293,0.1898,0.087,0.65,High Vulnerability,0.98,Very High Concern,1811.0,1.0,small,urban,21.643109541,0.0,6.019602497975,1.0,96.0,0.0,95.4221181601944,0.6916635395705572,151.0,0.0007704081632523506,196000.000003296,69.16635395705572,0.07704081632523506
Jackson,,2.0,13.55014,39.0,17.5,,645,16.517285531,2190,14.8,34.328414959,74.05413,1350:1,56101,54.262144821,14854,,61.818827709,2022,76.401299756,25.380368924,0.0,186.0,200.0,5.0,209.0,0.1134,0.1709,0.0762,0.68,High Vulnerability,0.93,Very High Concern,1350.0,1.0,medium,rural,25.380368924,0.0,6.019602497975,1.0,209.0,0.0,207.7419030779232,0.8953417545724133,391.0,0.0010371352785225778,376999.99999709596,89.53417545724133,0.10371352785225778
Jasper,,12.0,33.77523,36.0,24.9,,1020,11.759280609,6340,17.9,64.676083695,67.84452,1474:1,51153,62.576687117,35375,,78.185382246,2022,73.624772313,23.239575972,0.0,212.0,338.0,7.5,401.0,0.1428,0.2169,0.0983,0.82,Very High Vulnerability,0.92,Very High Concern,1474.0,1.0,medium,rural,23.239575972,0.0,6.019602497975,1.0,401.0,0.0,398.586139398312,0.5318800104791045,557.5,0.0006781413453272809,822100.0000095001,53.18800104791045,0.0678141345327281
Jeff Davis,,1.0,43.97537,22.0,59.7,,17,20.238095238,220,10.0,,45.04505,2220:1,55718,45.833333333,2220,,100.0,2022,63.16851665,6.3063063063,0.0,12.5,7.5,2.5,14.0,0.1166,0.1765,0.0789,0.36,Low Vulnerability,0.89,Very High Concern,2220.0,1.0,small,very rural,6.3063063063,0.0,6.019602497975,1.0,14.0,0.0,13.91572556502835,0.8982643371046197,22.5,0.0016071428571444643,13999.999999986,89.82643371046197,0.16071428571444643
Jefferson,,134.0,53.26655,42.0,25.9,8.6384204031,7233,11.73369239,42130,16.6,53.32229461,133.93196,747:1,48808,66.204902868,250127,,8.4020089348,2022,78.405948177,24.240485833,0.0,2141.0,3107.0,331.0,3263.0,0.1231,0.1913,0.0827,0.86,Very High Vulnerability,0.95,Very High Concern,747.0,1.0,large,very urban,24.240485833,0.0,8.6384204031,0.0,3263.0,0.0,3234.8128342246846,0.6618620951876963,5579.0,0.0009201411795826096,6063199.999950792,66.18620951876963,0.09201411795826096
Jim Hogg,,1.0,19.23077,33.0,30.5,,146,9.0683229814,970,18.5,,,,41620,84.995663487,5184,,17.396226415,2022,57.605177994,30.13117284,0.0,32.0,48.5,0.0,52.0,0.1146,0.1867,0.0742,0.99,Very High Vulnerability,1.0,Very High Concern,,,small,very urban,30.13117284,0.0,6.019602497975,1.0,52.0,0.0,51.6869806701053,0.619111420035184,80.5,0.0005153649167649211,156200.00000256,61.91114200351841,0.05153649167649211
Jim Wells,,9.0,22.2321,40.0,32.9,4.8959608323,1337,11.739397664,6610,16.1,,76.63404,1305:1,48773,77.417342483,40452,,40.085214751,2022,65.366759517,27.135864729,0.0,404.0,502.0,17.5,546.0,0.0992,0.1603,0.0642,0.92,Very High Vulnerability,0.99,Very High Concern,1305.0,1.0,large,urban,27.135864729,0.0,4.8959608323,0.0,546.0,0.0,543.3268053855642,0.7435672158919292,923.5,0.0008413045458552157,1097700.0000175082,74.35672158919292,0.08413045458552157
Johnson,,77.0,43.79554,48.0,11.7,6.3472563473,6366,13.397310436,21590,12.9,46.219005832,66.82445,1496:1,67382,51.723361751,179575,,37.874170167,2022,87.914879011,25.79256578,0.0,1575.0,1896.0,91.0,2401.0,0.1346,0.1961,0.0907,0.51,Moderate Vulnerability,0.73,High Concern,1496.0,1.0,large,urban,25.79256578,0.0,6.3472563473,0.0,2401.0,0.0,2385.760237510133,0.6601669250903972,3562.0,0.0007690480817072459,4631699.9999435,66.01669250903971,0.07690480817072459
Jones,,6.0,29.87601,32.0,21.2,,507,13.970790851,3030,15.2,36.418941016,40.25157,2484:1,47019,61.786508525,19875,,85.14998515,2022,79.277364506,17.6,0.0,148.0,176.0,5.0,168.0,0.1278,0.1901,0.086,0.63,High Vulnerability,0.97,Very High Concern,2484.0,1.0,medium,very rural,17.6,0.0,6.019602497975,1.0,168.0,0.0,166.9887067803402,0.886287479276558,329.0,0.0009405374499714122,349800.0,88.62874792765581,0.09405374499714123
Karnes,,4.0,25.63938,44.0,22.9,,482,14.023858016,2040,13.1,31.185464654,38.55546,2594:1,56006,66.381766382,15562,,38.390447922,2022,69.969244288,21.925202416,0.0,106.0,106.5,2.5,140.0,0.1134,0.1709,0.0762,0.84,Very High Vulnerability,0.97,Very High Concern,2594.0,1.0,medium,urban,21.925202416,0.0,6.019602497975,1.0,140.0,0.0,139.1572556502835,0.7617281578647175,215.0,0.0006301289566277589,341199.999997792,76.17281578647174,0.06301289566277589
Kaufman,,35.0,25.70619,51.0,12.7,5.1059484299,4341,10.998505156,15990,12.9,39.17079701,51.6767,1935:1,76352,52.933961655,143198,,48.817610063,2022,85.136478324,28.098157795,0.0,1631.0,1925.0,75.0,2768.0,0.1236,0.185,0.0839,0.57,Moderate Vulnerability,0.77,High Concern,1935.0,1.0,large,urban,28.098157795,0.0,5.1059484299,0.0,2768.0,0.0,2753.866734746037,0.592258143584574,3631.0,0.000902425688454271,4023599.9999284097,59.2258143584574,0.0902425688454271
Kendall,,41.0,86.44135999999999,49.0,8.6,,1528,13.100137174,5010,11.4,59.826582556,127.77446,783:1,103216,24.493554328,48523,,58.159233762,2022,92.359185881,22.811862416,0.0,299.0,251.0,27.5,443.0,0.1008,0.1475,0.0669,0.23,Low Vulnerability,0.47,Moderate Concern,783.0,1.0,large,rural,22.811862416,0.0,6.019602497975,1.0,443.0,0.0,440.33331609339706,0.6790310636785442,577.5,0.0005217273466383275,1106900.000011568,67.90310636785442,0.052172734663832744
Kenedy,,0.0,0.0,38.0,13.8,,21,19.626168224,80,14.0,,0.0,379:0,45980,53.424657534,379,,100.0,2022,50.387596899,17.678100264,0.0,0.0,2.5,0.0,,0.0992,0.1603,0.0642,0.73,High Vulnerability,0.99,Very High Concern,379.0,0.0,small,very rural,17.678100264,0.0,6.019602497975,1.0,1533.4742547425474,1.0,1524.2433492881187,0.0,2.5,0.0003731343283550902,6700.000000056,0.0,0.03731343283550902
Kent,,0.0,0.0,23.0,12.3,,20,12.121212121,120,19.0,,0.0,786:0,53472,39.053254438,786,,100.0,2022,79.020979021,23.918575064,0.0,17.5,12.5,0.0,,0.1278,0.1901,0.086,0.44,Moderate Vulnerability,0.91,Very High Concern,786.0,0.0,small,very rural,23.918575064,0.0,6.019602497975,1.0,1533.4742547425474,1.0,1524.2433492881187,0.011481106352324374,30.0,0.0015957446808252602,18800.000000304,1.1481106352324375,0.159574468082526
Kerr,,47.0,89.35361,50.0,16.5,6.0109289617,1686,16.479327534,7690,14.8,65.610099651,98.35631,1017:1,57425,59.463358338,52869,,41.102267003,2022,85.731741705,18.7160718,0.0,343.0,472.0,26.0,501.0,0.1008,0.1475,0.0669,0.7,High Vulnerability,0.6,High Concern,1017.0,1.0,large,urban,18.7160718,0.0,6.0109289617,0.0,501.0,0.0,497.9885245901883,0.6887708914221796,841.0,0.0008499242041484886,989499.9999942001,68.87708914221797,0.08499242041484886
Kimble,,4.0,92.22965,30.0,32.7,,126,15.6133829,820,18.7,,136.48772,733:1,47894,67.294520548,4396,,44.302148904,2022,75.851550585,18.084622384,0.0,25.0,38.5,2.5,45.0,0.1235,0.1873,0.0822,0.59,Moderate Vulnerability,0.82,Very High Concern,733.0,1.0,small,urban,18.084622384,0.0,6.019602497975,1.0,45.0,0.0,44.72911788759112,0.5589200319762079,66.0,0.0008301886792446147,79500.000000064,55.89200319762079,0.08301886792446148
King,,0.0,0.0,,21.3,,16,21.333333333,40,17.0,,0.0,283:0,78210,24.299065421,283,,100.0,2022,92.222222222,26.855123675,0.0,0.0,5.0,0.0,,0.1143,0.1758,0.0766,0.2,Very Low Vulnerability,0.68,High Concern,283.0,0.0,small,very rural,26.855123675,0.0,6.019602497975,1.0,1533.4742547425474,1.0,1524.2433492881187,0.0,5.0,0.0006578947368399411,7600.000000025,0.0,0.06578947368399411
Kinney,,,,22.0,22.7,,93,12.774725275,660,17.9,,54.49591,1835:1,62557,58.391608392,3670,,20.455808783,2022,59.254237288,19.264305177,0.0,23.5,33.5,0.0,35.0,0.107,0.1724,0.0705,0.86,Very High Vulnerability,0.98,Very High Concern,1835.0,1.0,small,very urban,19.264305177,0.0,6.019602497975,1.0,35.0,0.0,34.789313912570876,0.675494781502674,57.0,0.0008062234794954816,70699.99999959,67.54947815026739,0.08062234794954816
Kleberg,,13.0,42.37288,34.0,30.0,,822,10.887417219,5390,17.4,45.950692161,49.44294,2023:1,51574,66.904851448,30338,,18.870278532,2022,78.168761221,24.227041994,0.0,229.0,295.0,15.0,373.0,0.0992,0.1603,0.0642,0.98,Very High Vulnerability,0.99,Very High Concern,2023.0,1.0,medium,very urban,24.227041994,0.0,6.019602497975,1.0,373.0,0.0,370.75468826825534,0.6176590809131176,539.0,0.000733333333319393,735000.000013972,61.76590809131176,0.0733333333319393
Knox,,1.0,27.29258,15.0,24.6,,188,19.183673469,550,15.0,40.805078335,135.75889,737:1,46053,63.751584284,3683,,100.0,2022,78.766140603,26.282921531,0.0,30.0,38.5,0.0,39.0,0.1278,0.1901,0.086,0.8,High Vulnerability,0.93,Very High Concern,737.0,1.0,small,very rural,26.282921531,0.0,6.019602497975,1.0,39.0,0.0,38.765235502578975,0.7738892750439801,68.5,0.0007076446281088745,96799.999998673,77.38892750439801,0.07076446281088745
La Salle,,,,27.0,28.3,,142,9.4919786096,1030,13.9,,120.0,833:1,45647,89.856169569,7500,,46.354923032,2022,64.705882353,19.36,0.0,37.5,52.5,0.0,65.0,0.107,0.1724,0.0705,0.82,Very High Vulnerability,0.97,Very High Concern,833.0,1.0,small,urban,19.36,0.0,6.019602497975,1.0,65.0,0.0,64.60872583763162,0.5804169562829851,90.0,0.0006198347107438017,145200.0,58.041695628298505,0.06198347107438017
Lamar,,22.0,44.12443,49.0,26.9,7.0609002648,1646,13.635987076,9000,18.1,38.622880279,134.25508,745:1,44688,63.740856844,49905,,47.082923302,2022,69.957489372,23.729085262,0.0,559.0,644.0,20.0,615.0,0.1283,0.1937,0.0866,0.84,Very High Vulnerability,0.94,Very High Concern,745.0,1.0,large,urban,23.729085262,0.0,7.0609002648,0.0,615.0,0.0,610.657546337148,0.9154066847335289,1223.0,0.0010327647356864434,1184200.0000001101,91.5406684733529,0.10327647356864435
Lamb,,5.0,38.78073,33.0,24.5,,606,16.819317236,2020,15.4,28.730108968,62.94255999999999,1589:1,48123,70.881629786,12710,,57.687629677,2022,70.378240544,27.293469709,0.0,135.0,176.5,12.5,167.0,0.1143,0.1758,0.0766,0.9,Very High Vulnerability,0.99,Very High Concern,1589.0,1.0,medium,rural,27.293469709,0.0,6.019602497975,1.0,167.0,0.0,165.99472638283817,0.8132788489234641,324.0,0.000933986739690694,346900.00000139,81.32788489234642,0.09339867396906941
Lampasas,,9.0,42.00112,25.0,18.0,,623,12.903893952,3150,15.1,37.154429022,36.71577,2724:1,69051,55.087906233,21789,,68.267520455,2022,82.104052154,21.630180366,0.0,114.5,136.0,2.5,213.0,0.1264,0.1929,0.0847,0.54,Moderate Vulnerability,0.88,Very High Concern,2724.0,1.0,medium,rural,21.630180366,0.0,6.019602497975,1.0,213.0,0.0,211.71782466793132,0.5408141717854292,253.0,0.0005368130702372276,471299.999994774,54.08141717854292,0.053681307023722764
Lavaca,,14.0,69.46512,41.0,14.5,,736,15.060364232,2790,13.9,27.503020476,74.19865,1348:1,57999,39.453284374,20216,,81.316513523,2022,78.479251012,23.402255639,0.0,182.0,188.5,12.5,244.0,0.1134,0.1709,0.0762,0.69,High Vulnerability,0.91,Very High Concern,1348.0,1.0,medium,very rural,23.402255639,0.0,6.019602497975,1.0,244.0,0.0,242.5312169904941,0.7504188626041216,383.0,0.0008095540054990481,473099.999998024,75.04188626041216,0.08095540054990481
Lee,,4.0,23.2032,49.0,15.0,,584,15.753978959,2170,12.7,34.934938191,28.74059,3479:1,61444,61.162444113,17397,,69.720683843,2022,79.525897061,21.394493303,0.0,166.0,206.0,17.5,220.0,0.124,0.188,0.0827,0.68,High Vulnerability,0.88,Very High Concern,3479.0,1.0,medium,rural,21.394493303,0.0,6.019602497975,1.0,220.0,0.0,218.6756874504455,0.7591150252476858,389.5,0.001046480386910444,372199.99999229104,75.91150252476858,0.1046480386910444
Leon,,,,44.0,17.9,,878,21.835364337,3070,17.8,38.937516062,28.58286,3499:1,52878,52.31511254,17493,,100.0,2022,72.253912535,22.460412737,0.0,130.5,160.5,15.0,181.0,0.1225,0.1864,0.0827,0.62,High Vulnerability,0.92,Very High Concern,3499.0,1.0,medium,very rural,22.460412737,0.0,6.019602497975,1.0,181.0,0.0,179.91045194786653,0.7253608591779624,306.0,0.0007788241282603814,392900.000008341,72.53608591779624,0.07788241282603814
Liberty,,20.0,22.67085,37.0,20.0,6.8758594824,3646,14.895616293,13160,15.7,42.929386067,39.32406,2543:1,61230,72.815932656,91547,,63.227264915,2022,82.707809024,27.873114357,0.0,1077.0,1271.0,62.5,1517.0,0.1377,0.2028,0.0929,0.94,Very High Vulnerability,0.97,Very High Concern,2543.0,1.0,large,rural,27.873114357,0.0,6.8758594824,0.0,1517.0,0.0,1506.5693211651992,0.7148691964383258,2410.5,0.0009446643414045343,2551700.000040279,71.48691964383258,0.09446643414045343
Limestone,,9.0,38.40082,40.0,19.7,,779,14.883454337,3880,16.6,29.605444415,68.55184,1459:1,53143,73.458586928,23340,,53.617858365,2022,66.58224795,21.915167095,0.0,176.0,230.0,24.5,273.0,0.1248,0.188,0.085,0.95,Very High Vulnerability,0.98,Very High Concern,1459.0,1.0,medium,urban,21.915167095,0.0,6.019602497975,1.0,273.0,0.0,271.35664851805285,0.6485929162273356,430.5,0.0008416422287434456,511499.99999730004,64.85929162273356,0.08416422287434457
Lipscomb,,,,32.0,14.8,,253,29.660023447,470,13.8,,64.28801,1556:1,67775,66.803278689,3111,,100.0,2022,86.269430052,24.847315976,0.0,25.0,39.0,2.5,35.0,0.1241,0.1883,0.0824,0.46,Moderate Vulnerability,0.87,Very High Concern,1556.0,1.0,small,very rural,24.847315976,0.0,6.019602497975,1.0,35.0,0.0,34.789313912570876,0.7186114696836957,66.5,0.000860284605418508,77300.000001336,71.86114696836957,0.0860284605418508
Live Oak,,1.0,8.19202,34.0,23.8,,431,17.171314741,1890,15.6,,32.45699,3081:1,54031,63.163778647,12324,,100.0,2022,63.777893098,20.05842259,0.0,53.5,79.5,10.0,96.0,0.1146,0.1867,0.0742,0.69,High Vulnerability,0.95,Very High Concern,3081.0,1.0,medium,very rural,20.05842259,0.0,6.019602497975,1.0,96.0,0.0,95.4221181601944,0.5606666570761335,143.0,0.0005784789644032602,247199.99999916,56.06666570761335,0.057847896440326015
Llano,,15.0,68.82312,39.0,20.3,,566,16.511085181,3490,16.6,,31.87904,3137:1,60706,62.890825218,21958,,45.179006269,2022,83.645222013,14.755442208,0.0,156.0,162.5,2.5,195.0,0.1264,0.1929,0.0847,0.47,Moderate Vulnerability,0.76,High Concern,3137.0,1.0,medium,urban,14.755442208,0.0,6.019602497975,1.0,195.0,0.0,193.82617751289487,0.8048448460457392,321.0,0.0009907407407307599,324000.000003264,80.48448460457392,0.09907407407307599
Loving,,0.0,0.0,,11.3,,5,9.2592592593,20,17.8,,0.0,181:0,97491,,181,,100.0,2022,96.774193548,29.281767956,0.0,0.0,2.5,0.0,,0.1166,0.1765,0.0789,0.76,High Vulnerability,0.83,Very High Concern,181.0,0.0,small,very rural,29.281767956,0.0,6.019602497975,1.0,1533.4742547425474,1.0,1524.2433492881187,0.0,2.5,0.0004716981132043432,5300.000000036,0.0,0.04716981132043432
Lubbock,,259.0,83.39532,45.0,18.4,5.0146259925,7919,10.430167009,47200,15.5,54.235633017,159.7982,626:1,56477,59.412400587,314772,,11.335540166,2022,82.484232205,23.554191605,0.0,3197.0,3631.0,96.0,4146.0,0.109,0.1714,0.0711,0.75,High Vulnerability,0.74,High Concern,626.0,1.0,large,very urban,23.554191605,0.0,5.0146259925,0.0,4146.0,0.0,4125.209360635095,0.7749909690663086,6924.0,0.0009338836287264445,7414199.99988906,77.49909690663085,0.09338836287264446
Lynn,,5.0,84.01949,37.0,19.6,,239,14.319952067,980,16.9,,66.39004,1506:1,51003,54.357366771,6025,,56.720202874,2022,79.399727149,27.070539419,0.0,66.5,63.5,7.5,93.0,0.1143,0.1758,0.0766,0.89,Very High Vulnerability,0.99,Very High Concern,1506.0,1.0,small,rural,27.070539419,0.0,6.019602497975,1.0,93.0,0.0,92.44017696768833,0.7193841701887319,137.5,0.0008430410790952949,163099.999999475,71.9384170188732,0.08430410790952948
Madison,,2.0,14.00168,43.0,21.6,,528,16.820643517,2010,14.1,51.444791918,27.72579,3607:1,58674,71.133259505,14427,,67.403395785,2022,75.624256837,21.418174257,0.0,106.0,169.0,7.5,172.0,0.1225,0.1864,0.0827,0.84,Very High Vulnerability,0.96,Very High Concern,3607.0,1.0,medium,rural,21.418174257,0.0,6.019602497975,1.0,172.0,0.0,170.9646283703483,0.6200112912852352,282.5,0.0009142394821836673,309000.000005739,62.00112912852352,0.09142394821836673
Marion,,,,37.0,31.1,,245,13.528437327,1820,18.2,36.851333976,40.16064,2490:1,42024,71.833202203,9960,,100.0,2022,68.643880926,17.991967871,0.0,46.0,55.5,0.0,76.0,0.1276,0.1901,0.0861,0.69,High Vulnerability,0.97,Very High Concern,2490.0,1.0,medium,very rural,17.991967871,0.0,6.019602497975,1.0,76.0,0.0,75.5425102101539,0.6089286664161843,101.5,0.000566406250015298,179199.99999516,60.892866641618426,0.056640625001529804
Martin,,1.0,17.328020000000002,27.0,17.0,,324,17.161016949,600,10.6,,34.3879,2908:1,73367,52.034883721,5816,,100.0,2022,71.951219512,31.654057772,0.0,48.0,77.0,2.5,66.0,0.1235,0.1873,0.0822,0.42,Moderate Vulnerability,0.89,Very High Concern,2908.0,1.0,small,very rural,31.654057772,0.0,6.019602497975,1.0,66.0,0.0,65.60270623513365,0.7316771327688538,127.5,0.0006925583921708208,184100.00000195202,73.16771327688538,0.06925583921708207
Mason,,,,36.0,20.1,,234,26.145251397,600,14.4,,69.06077,1448:1,63120,46.499339498,4344,,100.0,2022,77.038369305,20.096685083,0.0,25.0,38.0,5.0,38.0,0.1235,0.1873,0.0822,0.36,Low Vulnerability,0.81,Very High Concern,1448.0,1.0,small,very rural,20.096685083,0.0,6.019602497975,1.0,38.0,0.0,37.77125510507695,0.6618789852349829,68.0,0.0007789232531451322,87300.000000552,66.18789852349829,0.07789232531451322
Matagorda,,14.0,38.20648,36.0,24.0,,1322,13.760799417,6150,16.7,52.085740425,76.24234,1312:1,52241,69.45439515,36725,,36.417633916,2022,68.287769784,25.927842069,0.0,466.0,536.0,22.5,475.0,0.1114,0.1704,0.0738,0.91,Very High Vulnerability,0.94,Very High Concern,1312.0,1.0,large,urban,25.927842069,0.0,6.019602497975,1.0,475.0,0.0,472.14068881346185,0.9869939427824066,1024.5,0.001075929426609103,952199.999984025,98.69939427824066,0.10759294266091031
Maverick,,14.0,23.841150000000003,24.0,27.9,6.915813273,2779,14.939253844,10500,18.0,76.775010553,47.96327,2085:1,41324,79.172413793,58378,,9.2557779498,2022,65.381149757,30.598855733,0.0,704.0,826.0,55.5,991.0,0.107,0.1724,0.0705,0.97,Very High Vulnerability,1.0,Very High Concern,2085.0,1.0,large,very urban,30.598855733,0.0,6.915813273,0.0,991.0,0.0,984.146429046457,0.7153407046165967,1585.5,0.0008875888708597651,1786299.9999810741,71.53407046165967,0.08875888708597651
McCulloch,,4.0,50.1002,27.0,27.1,,229,12.610132159,1440,17.9,,63.9141,1565:1,47617,65.370231862,7823,,35.325365206,2022,83.687718185,21.296177937,0.0,46.5,69.0,12.5,99.0,0.1235,0.1873,0.0822,0.74,High Vulnerability,0.93,Very High Concern,1565.0,1.0,small,urban,21.296177937,0.0,6.019602497975,1.0,99.0,0.0,98.40405935270047,0.4725414815798848,128.0,0.0007683073229238636,166600.000001151,47.25414815798848,0.07683073229238636
McLennan,,196.0,76.37663,50.0,20.7,6.2644246621,6575,10.253251411,39500,15.7,46.871623352,86.24341,1160:1,55148,63.947644203,259730,,23.351893949,2022,81.572269257,24.326800909,0.0,2620.0,3158.0,123.5,3328.0,0.1128,0.178,0.0742,0.84,Very High Vulnerability,0.88,Very High Concern,1160.0,1.0,large,very urban,24.326800909,0.0,6.2644246621,0.0,3328.0,0.0,3307.151994724531,0.7922224331326001,5901.5,0.0009340181058356023,6318400.00009457,79.22224331326001,0.09340181058356023
McMullen,,0.0,0.0,34.0,12.0,,23,14.649681529,100,12.3,,138.69626,721:1,45927,27.430555556,721,,100.0,2022,77.292576419,20.665742025,0.0,7.5,12.5,0.0,11.0,0.1146,0.1867,0.0742,0.76,High Vulnerability,0.83,Very High Concern,721.0,1.0,small,very rural,20.665742025,0.0,6.019602497975,1.0,11.0,0.0,10.933784372522275,0.6859473119708005,20.0,0.0013422818791923787,14900.000000025,68.59473119708005,0.13422818791923788
Medina,,12.0,23.26303,37.0,17.2,5.9701492537,1450,11.739940086,6050,12.1,69.576250898,21.00921,4760:1,62600,54.668809141,52358,,61.555014563,2022,79.866065841,22.814087627,0.0,373.0,421.0,20.0,544.0,0.1146,0.174,0.0756,0.67,High Vulnerability,0.95,Very High Concern,4760.0,1.0,large,rural,22.814087627,0.0,5.9701492537,0.0,544.0,0.0,540.7522388059872,0.6897798533827728,814.0,0.0006814566764482213,1194499.999974466,68.97798533827728,0.06814566764482213
Menard,,1.0,46.77268,31.0,34.5,,91,22.580645161,370,17.4,,0.0,2124:0,41477,72.277227723,2124,,100.0,2022,63.47826087,18.455743879,0.0,20.0,20.0,0.0,12.0,0.1235,0.1873,0.0822,0.59,Moderate Vulnerability,0.97,Very High Concern,2124.0,0.0,small,very rural,18.455743879,0.0,6.019602497975,1.0,12.0,0.0,11.9277647700243,1.6767600959286233,40.0,0.0010204081632914411,39199.999998996,167.67600959286233,0.10204081632914411
Midland,,64.0,36.19254,42.0,13.1,5.3123462863,8566,16.212737769,17820,10.6,46.403199697,109.07271,917:1,92117,43.829389387,177863,,12.291776258,2022,86.817342058,28.918324778,0.0,2177.0,2498.0,123.0,2980.0,0.1034,0.1564,0.067,0.47,Moderate Vulnerability,0.72,High Concern,917.0,1.0,large,very urban,28.918324778,0.0,5.3123462863,0.0,2980.0,0.0,2964.169208066826,0.7344385044131126,4798.0,0.0009328278409662438,5143499.999989414,73.44385044131127,0.09328278409662438
Milam,,2.0,8.057039999999999,45.0,24.0,,765,12.781954887,4080,16.5,22.144518694,68.80363,1453:1,49961,68.870826011,24708,,56.182089914,2022,73.088297423,23.283956613,0.0,239.0,296.0,15.0,311.0,0.1225,0.1864,0.0827,0.76,High Vulnerability,0.95,Very High Concern,1453.0,1.0,medium,rural,23.283956613,0.0,6.019602497975,1.0,311.0,0.0,309.1279036231298,0.773142758058407,550.0,0.0009560229445606332,575299.999994004,77.31427580584071,0.09560229445606332
Mills,,1.0,20.52124,21.0,22.8,,187,19.159836066,810,16.5,,61.98347,1613:1,49089,55.86797066,4840,,100.0,2022,76.484018265,20.41322314,0.0,31.0,31.5,2.5,34.0,0.1264,0.1929,0.0847,0.77,High Vulnerability,0.95,Very High Concern,1613.0,1.0,small,very rural,20.41322314,0.0,6.019602497975,1.0,34.0,0.0,33.79533351506885,0.9172864054197764,65.0,0.0006578947368580865,98799.9999976,91.72864054197764,0.06578947368580865
Mitchell,,4.0,46.811,25.0,21.9,,257,14.066776136,1100,12.9,31.043898712,36.57644,2734:1,46156,54.197349043,8202,,36.74359247,2022,72.426622571,22.055596196,0.0,52.5,95.5,5.0,77.0,0.1278,0.1901,0.086,0.62,High Vulnerability,0.97,Very High Concern,2734.0,1.0,small,urban,22.055596196,0.0,6.019602497975,1.0,77.0,0.0,76.53649060765592,0.6859473119708005,153.0,0.0008457711442805146,180899.999999592,68.59473119708005,0.08457711442805145
Montague,,6.0,30.27551,31.0,18.2,,668,14.371772806,3440,17.7,,20.03807,4991:1,56012,54.840596666,19962,,58.943151275,2022,75.806249216,22.517783789,0.0,163.0,207.0,15.0,218.0,0.1293,0.1898,0.087,0.58,Moderate Vulnerability,0.93,Very High Concern,4991.0,1.0,medium,rural,22.517783789,0.0,6.019602497975,1.0,218.0,0.0,216.68772665544145,0.7522345751459604,385.0,0.0008565072302634275,449499.99999601796,75.22345751459603,0.08565072302634275
Montgomery,,367.0,60.42236,50.0,10.9,5.0126287158,18670,11.22372914,70560,12.3,48.871364123,77.11331,1297:1,85348,45.358124246,626351,,22.725597153,2022,91.675051891,25.911350026,0.0,6076.0,6627.0,322.0,8474.0,0.1086,0.1585,0.0725,0.39,Low Vulnerability,0.67,High Concern,1297.0,1.0,large,very urban,25.911350026,0.0,5.0126287158,0.0,8474.0,0.0,8431.52298426231,0.7206290027722199,13025.0,0.0008025459653898774,16229600.000135127,72.06290027722198,0.08025459653898774
Moore,,8.0,38.20439,42.0,14.8,,1261,18.435672515,2500,11.7,47.735483071,33.891740000000006,2951:1,53341,63.243132431,20654,,16.814280497,2022,84.742453822,31.383751331,0.0,273.0,421.0,64.0,402.0,0.1241,0.1883,0.0824,0.7,High Vulnerability,0.88,Very High Concern,2951.0,1.0,medium,very urban,31.383751331,0.0,6.019602497975,1.0,402.0,0.0,399.580119795814,0.6832171734156929,758.0,0.0011693921629298669,648199.999990474,68.32171734156928,0.11693921629298669
Morris,,2.0,16.144660000000002,41.0,25.1,,333,11.396303901,2220,18.0,18.932481298,40.34536,2479:1,45122,78.012684989,12393,,78.421215401,2022,81.083172147,22.835471637,0.0,107.0,126.5,7.5,140.0,0.1283,0.1937,0.0866,0.73,High Vulnerability,0.97,Very High Concern,2479.0,1.0,medium,rural,22.835471637,0.0,6.019602497975,1.0,140.0,0.0,139.1572556502835,0.7689142725615544,241.0,0.0008515901060150684,282999.999997341,76.89142725615544,0.08515901060150684
Motley,,0.0,0.0,30.0,27.5,,45,18.218623482,190,15.1,,84.38819,1185:1,46712,69.333333333,1185,,100.0,2022,69.758064516,20.337552743,0.0,17.5,12.5,0.0,11.0,0.1143,0.1758,0.0766,0.7,High Vulnerability,0.87,Very High Concern,1185.0,1.0,small,very rural,20.337552743,0.0,6.019602497975,1.0,11.0,0.0,10.933784372522275,1.6005437279318677,30.0,0.001244813277984797,24100.000000455,160.05437279318676,0.1244813277984797
Nacogdoches,,46.0,70.54782,48.0,23.5,3.7787701821,1877,12.297713425,12290,18.8,44.837333433,105.01444,952:1,49375,66.7602318,64753,,46.460231852,2022,82.141805176,23.138696277,0.0,590.0,611.0,25.0,797.0,0.125,0.1935,0.0836,0.98,Very High Vulnerability,0.9,Very High Concern,952.0,1.0,large,urban,23.138696277,0.0,3.7787701821,0.0,797.0,0.0,793.9883201648663,0.7430839787133021,1226.0,0.0008182606954414244,1498300.000024581,74.30839787133021,0.08182606954414244
Navarro,,20.0,39.9098,49.0,21.9,6.4462466209,1995,14.700464225,7880,16.1,35.738039361,51.288120000000006,1950:1,50778,71.84841454,50694,,52.657379281,2022,79.787537838,26.545547797,0.0,499.0,495.0,15.0,731.0,0.1248,0.188,0.085,0.97,Very High Vulnerability,0.95,Very High Concern,1950.0,1.0,large,urban,26.545547797,0.0,6.4462466209,0.0,731.0,0.0,726.2877937201221,0.6870554679765025,1009.0,0.0007497956453772504,1345700.000021118,68.70554679765026,0.07497956453772504
Newton,,,,31.0,27.9,,397,14.368440101,2760,19.9,36.053640407,14.9098,6707:1,45769,71.358695652,13414,,100.0,2022,75.019516003,18.838526912,0.0,43.0,87.0,7.5,113.0,0.1428,0.2169,0.0983,0.72,High Vulnerability,0.96,Very High Concern,6707.0,1.0,medium,very rural,18.838526912,0.0,6.019602497975,1.0,113.0,0.0,112.31978491772882,0.3828354909288361,137.5,0.0005441234665663763,252699.999997568,38.28354909288361,0.054412346656637633
Nolan,,5.0,33.98124,33.0,24.4,,525,13.338414634,2380,15.9,42.191075469,80.88979,1236:1,41720,62.350722816,14835,,32.656414301,2022,74.909354605,25.648803505,0.0,153.5,167.0,5.0,176.0,0.1278,0.1901,0.086,0.89,Very High Vulnerability,0.96,Very High Concern,1236.0,1.0,medium,urban,25.648803505,0.0,6.019602497975,1.0,176.0,0.0,174.9405499603564,0.8774409365626489,325.5,0.0008554533508616147,380499.999996675,87.7440936562649,0.08554533508616147
Nueces,,290.0,80.04549,42.0,25.9,5.1223676722,9432,10.332927992,52970,14.7,45.446755603,112.90163,886:1,55727,64.534606205,363148,,6.447241956,2022,84.219279288,24.16645555,0.0,2647.0,3375.0,963.0,4170.0,0.1011,0.1589,0.0646,0.84,Very High Vulnerability,0.89,Very High Concern,886.0,1.0,large,very urban,24.16645555,0.0,5.1223676722,0.0,4170.0,0.0,4148.639726806926,0.6380404600804684,6985.0,0.0007959206927920661,8776000.000071399,63.804046008046846,0.0795920692792066
Ochiltree,,4.0,40.66694,34.0,14.2,,630,19.786432161,1290,12.7,63.729356667,52.09419,1920:1,71477,59.240849526,9598,,13.90981121,2022,81.185491006,31.100229214,0.0,83.0,92.0,10.0,104.0,0.1241,0.1883,0.0824,0.58,Moderate Vulnerability,0.9,Very High Concern,1920.0,1.0,medium,very urban,31.100229214,0.0,6.019602497975,1.0,104.0,0.0,103.3739613402106,0.8029101228581293,185.0,0.0006197654941457167,298499.999995972,80.29101228581294,0.061976549414571674
Oldham,,,,46.0,28.8,,34,12.546125461,260,12.3,,0.0,2135:0,61013,44.831013917,2135,,100.0,2022,84.674922601,22.201405152,0.0,20.0,29.0,5.0,27.0,0.1241,0.1883,0.0824,0.43,Moderate Vulnerability,0.72,High Concern,2135.0,0.0,small,very rural,22.201405152,0.0,6.019602497975,1.0,27.0,0.0,26.837470732554674,0.7452267093016104,54.0,0.0011392405063406505,47399.99999952,74.52267093016104,0.11392405063406505
Orange,,15.0,17.98647,44.0,21.1,7.4674906656,2490,11.632252639,13830,16.5,75.514927876,47.05712,2125:1,61323,58.892993799,82878,,35.171132862,2022,86.173582515,24.957165955,0.0,696.0,963.0,58.5,1038.0,0.1338,0.1949,0.0899,0.58,Moderate Vulnerability,0.86,Very High Concern,2125.0,1.0,large,urban,24.957165955,0.0,7.4674906656,0.0,1038.0,0.0,1030.2487446891073,0.6755650065946242,1717.5,0.0008303519628624284,2068400.00001849,67.55650065946242,0.08303519628624284
Palo Pinto,,11.0,37.68543,47.0,20.9,,1020,14.742014742,4920,17.2,70.613260161,54.57026,1833:1,59450,67.691631891,29320,,50.215218242,2022,82.097929166,23.066166439,0.0,230.0,276.0,25.0,351.0,0.1134,0.1689,0.0762,0.88,Very High Vulnerability,0.93,Very High Concern,1833.0,1.0,medium,urban,23.066166439,0.0,6.019602497975,1.0,351.0,0.0,348.8871195232108,0.6592390120745014,531.0,0.0007851545172359744,676299.99999148,65.92390120745014,0.07851545172359743
Panola,,8.0,34.49168,38.0,19.5,,768,13.726541555,3710,15.9,23.695498432,30.18933,3312:1,51936,53.31302361,23187,,72.718103883,2022,79.993073193,23.02152068,0.0,138.5,194.0,15.0,262.0,0.1282,0.1918,0.0871,0.7,High Vulnerability,0.92,Very High Concern,3312.0,1.0,medium,rural,23.02152068,0.0,6.019602497975,1.0,262.0,0.0,260.4228641455305,0.5318273434033154,347.5,0.0006509928812201927,533800.00000716,53.182734340331535,0.06509928812201927
Parker,,57.0,39.89418,48.0,9.8,5.048099819,4353,11.700354801,16710,12.5,53.323090932,50.60797,1976:1,88617,33.992865439,148198,,56.084565584,2022,88.527307625,24.615716811,0.0,1487.0,1771.0,36.5,1931.0,0.1198,0.1716,0.0811,0.26,Low Vulnerability,0.68,High Concern,1976.0,1.0,large,rural,24.615716811,0.0,5.048099819,0.0,1931.0,0.0,1921.252119249511,0.7739744227742787,3294.5,0.0009030975877300477,3647999.999956578,77.39744227742787,0.09030975877300478
Parmer,,1.0,10.41124,31.0,17.7,,599,21.423462089,1210,12.5,,115.52195,866:1,61989,72.020725389,9522,,60.015580874,2022,75.56800498,27.578239866,0.0,96.0,153.0,10.0,148.0,0.1241,0.1883,0.0824,0.76,High Vulnerability,0.97,Very High Concern,866.0,1.0,medium,rural,27.578239866,0.0,6.019602497975,1.0,148.0,0.0,147.1090988302997,0.652576902199248,259.0,0.0009862909367707674,262600.000004052,65.2576902199248,0.09862909367707674
Pecos,,9.0,56.87923,15.0,19.7,,700,17.382666998,1890,12.0,,76.34559,1310:1,52792,64.914543696,15718,,39.77558522,2022,70.357436319,24.576918183,0.0,140.5,205.0,15.0,186.0,0.1166,0.1765,0.0789,0.82,Very High Vulnerability,0.98,Very High Concern,1310.0,1.0,medium,urban,24.576918183,0.0,6.019602497975,1.0,186.0,0.0,184.88035393537666,0.7599509467031341,360.5,0.0009332125291214918,386300.000000394,75.9950946703134,0.09332125291214918
Polk,,28.0,54.52457,46.0,22.9,6.408470326,1552,14.817643689,8990,18.4,44.988478357,52.83517,1893:1,47535,61.64879745,52995,,77.638561645,2022,76.62858735,20.056609114,0.0,377.0,418.0,15.0,496.0,0.1365,0.206,0.093,0.91,Very High Vulnerability,0.97,Very High Concern,1893.0,1.0,large,rural,20.056609114,0.0,6.408470326,0.0,496.0,0.0,492.821398718304,0.7649830161199892,810.0,0.0007620660457265223,1062899.99999643,76.49830161199893,0.07620660457265223
Potter,,102.0,86.87134999999999,49.0,29.2,7.3083501788,5005,15.381542149,19400,16.2,53.211575704,218.09593,459:1,45903,72.695182724,116004,,8.9962254177,2022,78.258297882,26.92838178,0.0,1201.0,1525.0,160.5,1579.0,0.1281,0.2007,0.0864,0.92,Very High Vulnerability,0.87,Very High Concern,459.0,1.0,large,very urban,26.92838178,0.0,7.3083501788,0.0,1579.0,0.0,1567.460115067675,0.7662076938705052,2886.5,0.0009240348293723736,3123800.00000712,76.62076938705053,0.09240348293723737
Presidio,,2.0,29.83294,21.0,32.4,,352,19.308831596,1690,24.2,,30.731410000000004,3254:1,39967,92.133333333,6508,,40.470708621,2022,62.906976744,27.33558697,0.0,36.5,84.5,12.5,87.0,0.1166,0.1765,0.0789,1.0,Very High Vulnerability,0.99,Very High Concern,3254.0,1.0,small,urban,27.33558697,0.0,6.019602497975,1.0,87.0,0.0,86.47629458267618,0.4220809896647914,133.5,0.0007504215851569965,177900.00000076002,42.20809896647914,0.07504215851569965
Rains,,1.0,7.991049999999999,40.0,20.3,,441,16.832061069,1920,16.3,25.017319533,15.93372,6276:1,59195,62.651997684,12552,,93.228880337,2022,78.384633187,19.925111536,0.0,64.0,54.0,7.5,125.0,0.1285,0.1874,0.0874,0.4,Moderate Vulnerability,0.89,Very High Concern,6276.0,1.0,medium,very rural,19.925111536,0.0,6.019602497975,1.0,125.0,0.0,124.24754968775312,0.5151007014692731,125.5,0.0005017992802881417,250099.999999872,51.51007014692731,0.05017992802881417
Randall,,87.0,63.17486,50.0,11.6,5.8808267751,2992,8.6900958466,16220,12.1,52.127680731,61.47292,1627:1,71041,42.455462546,139899,,14.375647132,2022,89.684979637,24.005889963,0.0,1222.0,1376.0,31.5,1731.0,0.1021,0.1521,0.0667,0.22,Low Vulnerability,0.6,High Concern,1627.0,1.0,large,very urban,24.005889963,0.0,5.8808267751,0.0,1731.0,0.0,1720.820288852302,0.7101264483666745,2629.5,0.0007829621248367916,3358399.9999337373,71.01264483666745,0.07829621248367916
Reagan,,2.0,51.96155,30.0,10.1,,185,15.852613539,360,9.6,,78.26768,1278:1,66711,60.352422907,3833,,13.305613306,2022,76.275738585,29.428645969,0.0,22.5,37.0,5.0,43.0,0.1235,0.1873,0.0822,0.48,Moderate Vulnerability,0.94,Very High Concern,1278.0,1.0,small,very urban,29.428645969,0.0,6.019602497975,1.0,43.0,0.0,42.74115709258707,0.5264246812799167,64.5,0.0005718085106424699,112799.999999177,52.64246812799167,0.05718085106424699
Real,,2.0,57.93743,34.0,32.1,,84,14.482758621,710,20.7,,87.95075,1137:1,43076,70.877192982,3411,,100.0,2022,63.397129187,17.20902961,0.0,20.0,32.0,2.5,24.0,0.107,0.1724,0.0705,0.72,High Vulnerability,0.93,Very High Concern,1137.0,1.0,small,very rural,17.20902961,0.0,6.019602497975,1.0,24.0,0.0,23.8555295400486,0.8383800479643116,54.5,0.0009284497444679599,58699.99999971001,83.83800479643116,0.09284497444679599
Red River,,2.0,16.634780000000003,48.0,25.6,,285,11.806130903,2230,18.3,51.994351752,33.34723,2999:1,46727,69.517439083,11995,,75.730948678,2022,71.417460626,19.107961651,0.0,113.5,129.0,2.5,115.0,0.1283,0.1937,0.0866,0.56,Moderate Vulnerability,0.99,Very High Concern,2999.0,1.0,medium,rural,19.107961651,0.0,6.019602497975,1.0,115.0,0.0,114.30774571273288,0.9929335872412108,245.0,0.0010689354275567053,229200.000003745,99.29335872412108,0.10689354275567053
Reeves,,5.0,31.29695,27.0,20.5,,603,16.174892704,1650,10.7,61.595297383,37.61991,2658:1,64863,67.346938776,15949,,14.496118407,2022,65.349946978,22.258448806,0.0,144.0,213.0,3670.0,184.0,0.1166,0.1765,0.0789,0.78,High Vulnerability,0.98,Very High Concern,2658.0,1.0,medium,very urban,22.258448806,0.0,6.019602497975,1.0,184.0,0.0,182.8923931403726,0.7873482189577884,4027.0,0.011343661971610696,355000.000006894,78.73482189577884,1.1343661971610697
Refugio,,1.0,14.39263,29.0,23.7,,193,12.107904642,1110,15.6,42.34956562,72.70612,1375:1,48433,61.503067485,6877,,60.679940404,2022,72.759158223,22.262614512,0.0,31.0,41.0,7.5,82.0,0.1183,0.18,0.0772,0.94,Very High Vulnerability,0.99,Very High Concern,1375.0,1.0,small,rural,22.262614512,0.0,6.019602497975,1.0,82.0,0.0,81.50639259516605,0.38033826566185847,79.5,0.0005192684519954722,153099.999999024,38.033826566185844,0.051926845199547225
Roberts,,0.0,0.0,43.0,9.1,,35,16.129032258,120,14.8,,0.0,813:0,69927,28.947368421,813,,100.0,2022,80.547112462,23.493234932,0.0,10.0,7.5,0.0,,0.1241,0.1883,0.0824,0.09,Very Low Vulnerability,0.67,High Concern,813.0,0.0,small,very rural,23.493234932,0.0,6.019602497975,1.0,1533.4742547425474,1.0,1524.2433492881187,0.006560632201328214,17.5,0.00091623036650577,19099.999999716,0.6560632201328214,0.091623036650577
Robertson,,1.0,5.85686,44.0,23.2,,515,12.478798158,2330,13.7,47.465548195,46.63363,2144:1,55218,62.296591956,17155,,73.853928528,2022,72.929322863,23.433401341,0.0,170.0,239.0,20.0,216.0,0.1225,0.1864,0.0827,0.75,High Vulnerability,0.93,Very High Concern,2144.0,1.0,medium,rural,23.433401341,0.0,6.019602497975,1.0,216.0,0.0,214.6997658604374,0.791803378632961,429.0,0.0010671641790915894,402000.000004855,79.1803378632961,0.10671641790915895
Rockwall,,78.0,74.3459,53.0,6.4,3.4857219466,3584,12.011126378,9280,9.6,48.930164184,96.46185,1037:1,106225,27.465317774,109888,,16.035845131,2022,95.272368459,26.635301398,0.0,855.0,1012.0,40.0,1390.0,0.1122,0.1653,0.0743,0.11,Very Low Vulnerability,0.51,Moderate Concern,1037.0,1.0,large,very urban,26.635301398,0.0,3.4857219466,0.0,1390.0,0.0,1385.154846494226,0.6172595086852365,1907.0,0.0006515425877155825,2926900.0000234237,61.72595086852365,0.06515425877155825
Runnels,,5.0,48.71395,42.0,21.4,,316,12.798703929,1570,15.2,34.52180423,86.53014,1156:1,50972,56.805019305,10401,,40.758023045,2022,74.479568234,23.488126142,0.0,66.5,89.5,12.5,115.0,0.1278,0.1901,0.086,0.54,Moderate Vulnerability,0.92,Very High Concern,1156.0,1.0,medium,urban,23.488126142,0.0,6.019602497975,1.0,115.0,0.0,114.30774571273288,0.5817628506743658,168.5,0.0006897257470240313,244300.000002942,58.17628506743658,0.06897257470240313
Rusk,,11.0,20.21836,45.0,18.1,5.0810549238,1693,13.616987051,7380,13.7,24.599442347,40.49775,2469:1,56954,67.774842882,54324,,65.872867054,2022,66.365750997,21.732567558,0.0,340.0,420.0,22.5,568.0,0.1282,0.1918,0.0871,0.8,High Vulnerability,0.94,Very High Concern,2469.0,1.0,large,rural,21.732567558,0.0,5.0810549238,0.0,568.0,0.0,565.1139608032815,0.6016485586671878,782.5,0.0006627985769830756,1180600.000020792,60.16485586671878,0.06627985769830756
Sabine,,2.0,18.97173,41.0,25.4,,289,14.759959142,2150,20.6,8.4439935658,133.24450000000002,751:1,51046,68.143459916,10507,,100.0,2022,78.3377542,17.797658704,0.0,51.0,65.5,2.5,107.0,0.1428,0.2169,0.0983,0.53,Moderate Vulnerability,0.93,Very High Concern,751.0,1.0,medium,very rural,17.797658704,0.0,6.019602497975,1.0,107.0,0.0,106.35590253271667,0.4795220461253821,119.0,0.0006363636363536724,187000.000002928,47.95220461253821,0.06363636363536723
San Augustine,,2.0,24.28068,49.0,29.7,,222,13.495440729,1740,21.0,60.698759795,48.49661,2062:1,45781,83.747779751,8248,,100.0,2022,74.084051724,19.665373424,0.0,40.5,54.0,2.5,72.0,0.1428,0.2169,0.0983,0.89,Very High Vulnerability,0.98,Very High Concern,2062.0,1.0,small,very rural,19.665373424,0.0,6.019602497975,1.0,72.0,0.0,71.5665886201458,0.5659065323759105,97.0,0.0005980271269994518,162200.000001152,56.59065323759105,0.05980271269994517
San Jacinto,,2.0,6.93025,43.0,26.1,,962,15.223927837,4880,17.3,19.726408391,10.23856,9767:1,51575,66.806605094,29301,,100.0,2022,78.162279405,21.227944439,0.0,221.0,227.0,10.0,350.0,0.1365,0.206,0.093,0.69,High Vulnerability,0.89,Very High Concern,9767.0,1.0,medium,very rural,21.227944439,0.0,6.019602497975,1.0,350.0,0.0,347.89313912570873,0.635252539200387,458.0,0.0007363344051362432,622000.000007139,63.52525392003871,0.07363344051362432
San Patricio,,17.0,25.4758,41.0,21.6,4.7754066557,2059,11.357493519,10180,15.2,45.462431746,64.11308,1560:1,56944,66.56684492,67069,,19.650021604,2022,74.050038425,26.241631752,0.0,650.0,808.0,44.5,851.0,0.1183,0.18,0.0772,0.83,Very High Vulnerability,0.97,Very High Concern,1560.0,1.0,large,very urban,26.241631752,0.0,4.7754066557,0.0,851.0,0.0,846.9361289359992,0.7674722777697429,1502.5,0.0008536931818303625,1759999.999974888,76.74722777697428,0.08536931818303625
San Saba,,2.0,33.03055,27.0,26.1,,257,21.100164204,910,15.3,,49.6771,2013:1,48349,64.129400571,6039,,49.355733159,2022,80.224929709,19.85428051,0.0,33.5,64.5,7.5,50.0,0.1264,0.1929,0.0847,0.73,High Vulnerability,0.97,Very High Concern,2013.0,1.0,small,urban,19.85428051,0.0,6.019602497975,1.0,50.0,0.0,49.69901987510125,0.6740575585633066,105.5,0.0008798999165979716,119899.99999988999,67.40575585633066,0.08798999165979716
Schleicher,,,,31.0,19.0,,154,21.538461538,380,12.7,,36.21876,2761:1,54471,60.99009901,2761,,100.0,2022,63.8996139,23.324882289,0.0,23.5,15.0,2.5,20.0,0.1235,0.1873,0.0822,0.59,Moderate Vulnerability,0.96,Very High Concern,2761.0,1.0,small,very rural,23.324882289,0.0,6.019602497975,1.0,20.0,0.0,19.8796079500405,1.1821158676296795,41.0,0.0006366459627336212,64399.999999929,118.21158676296794,0.06366459627336211
Scurry,,11.0,65.85643,33.0,17.6,,624,14.528521537,2340,13.7,38.966912585,36.01008,2777:1,57158,61.6860648,16662,,31.700254122,2022,76.762060507,25.105029408,0.0,172.5,241.0,12.5,199.0,0.1278,0.1901,0.086,0.7,High Vulnerability,0.95,Very High Concern,2777.0,1.0,medium,urban,25.105029408,0.0,6.019602497975,1.0,199.0,0.0,197.802099102903,0.87208376848549,426.0,0.0010184078412717567,418299.999996096,87.208376848549,0.10184078412717568
Shackelford,,1.0,30.62787,51.0,15.8,,146,18.741976893,500,15.0,,30.303030000000003,3300:1,64931,49.52681388,3300,,100.0,2022,80.468178493,22.787878788,0.0,27.5,35.5,0.0,26.0,0.1278,0.1901,0.086,0.69,High Vulnerability,0.72,High Concern,3300.0,1.0,small,very rural,22.787878788,0.0,6.019602497975,1.0,26.0,0.0,25.84349033505265,1.0640977531854725,63.0,0.0008377659574423523,75200.0000004,106.40977531854725,0.08377659574423522
Shelby,,5.0,19.78318,41.0,24.4,,1062,15.812983919,4530,17.9,25.850763117,88.30022,1133:1,41194,74.707085736,24915,,79.432568375,2022,72.643896268,25.839855509,0.0,234.0,287.0,20.0,334.0,0.1428,0.2169,0.0983,0.95,Very High Vulnerability,0.99,Very High Concern,1133.0,1.0,medium,rural,25.839855509,0.0,6.019602497975,1.0,334.0,0.0,331.98945276567633,0.7048416690670022,541.0,0.0008403230816936012,643800.000006735,70.48416690670022,0.08403230816936012
Sherman,,,,35.0,16.9,,216,25.531914894,440,14.4,,33.03601,3027:1,66408,59.863945578,3027,,100.0,2022,81.401869159,27.254707631,0.0,27.5,28.5,5.0,47.0,0.1241,0.1883,0.0824,0.46,Moderate Vulnerability,0.87,Very High Concern,3027.0,1.0,small,very rural,27.254707631,0.0,6.019602497975,1.0,47.0,0.0,46.71707868259517,0.5886498209111125,61.0,0.0007393939394025701,82499.999999037,58.86498209111125,0.07393939394025702
Smith,,239.0,102.68484,52.0,18.2,7.6468380559,7126,12.196416041,33700,14.8,42.693836269,154.78826,646:1,60735,64.145861948,235806,,31.60780873,2022,83.62014677,24.233480064,0.0,2153.0,2846.0,75.0,3115.0,0.116,0.1766,0.0768,0.75,High Vulnerability,0.67,High Concern,646.0,1.0,large,urban,24.233480064,0.0,7.6468380559,0.0,3115.0,0.0,3091.1800994558716,0.6964977551385583,5074.0,0.0008879322413595884,5714399.9999715835,69.64977551385583,0.08879322413595883
Somervell,,6.0,65.73181,48.0,12.8,,290,13.862332696,1590,18.0,,109.42116,914:1,67984,44.475138122,9139,,100.0,2022,81.812400636,21.796695481,0.0,72.0,99.0,7.5,82.0,0.1134,0.1689,0.0762,0.56,Moderate Vulnerability,0.71,High Concern,914.0,1.0,small,very rural,21.796695481,0.0,6.019602497975,1.0,82.0,0.0,81.50639259516605,0.8833662944404456,178.5,0.0008960843373455335,199200.000000859,88.33662944404456,0.08960843373455335
Starr,,14.0,21.66076,28.0,35.3,3.4005894355,3054,14.350155061,13550,21.1,,63.797340000000005,1567:1,35716,90.226120636,64266,,23.705878494,2022,60.850070634,32.493075654,0.0,829.0,1176.0,46.5,1097.0,0.1146,0.1867,0.0742,0.98,Very High Vulnerability,1.0,Very High Concern,1567.0,1.0,large,very urban,32.493075654,0.0,3.4005894355,0.0,1097.0,0.0,1093.2695533892565,0.7582759415827581,2051.5,0.0009824250550807794,2088199.9999799642,75.82759415827582,0.09824250550807795
Stephens,,3.0,32.03075,41.0,23.5,,308,14.597156398,1570,16.8,37.187537022,117.84873,849:1,48911,61.126373626,9334,,39.366562825,2022,76.701877934,21.737733019,0.0,84.0,96.5,0.0,96.0,0.1278,0.1901,0.086,0.88,Very High Vulnerability,0.86,Very High Concern,849.0,1.0,small,urban,21.737733019,0.0,6.019602497975,1.0,96.0,0.0,95.4221181601944,0.8802990503625273,180.5,0.0008896007885686633,202899.999999346,88.02990503625273,0.08896007885686633
Sterling,,0.0,0.0,43.0,13.5,,65,16.927083333,100,8.1,,152.09125,658:1,68435,42.985074627,1315,,100.0,2022,89.135802469,27.984790875,0.0,22.5,7.5,2.5,18.0,0.1235,0.1873,0.0822,0.41,Moderate Vulnerability,0.8,Very High Concern,658.0,1.0,small,very rural,27.984790875,0.0,6.019602497975,1.0,18.0,0.0,17.89164715503645,1.2575700719464677,32.5,0.0008831521738980442,36800.000000625005,125.75700719464677,0.08831521738980441
Stonewall,,1.0,74.07406999999999,13.0,22.5,,56,17.948717949,230,15.4,,445.10386,225:1,59802,52.727272727,1348,,100.0,2022,83.364839319,22.848664688,0.0,12.5,25.0,0.0,13.0,0.1278,0.1901,0.086,0.32,Low Vulnerability,0.79,High Concern,225.0,1.0,small,very rural,22.848664688,0.0,6.019602497975,1.0,13.0,0.0,12.921745167526325,0.9673615938049751,37.5,0.001217532467555237,30799.999999424,96.73615938049751,0.12175324675552371
Sutton,,4.0,105.9322,46.0,17.3,,135,14.270613108,480,12.4,,160.51364,623:1,64612,61.61745828,3738,,18.798449612,2022,55.070202808,23.488496522,0.0,22.5,22.5,2.5,27.0,0.1235,0.1873,0.0822,0.6,High Vulnerability,0.94,Very High Concern,623.0,1.0,small,very urban,23.488496522,0.0,6.019602497975,1.0,27.0,0.0,26.837470732554674,0.8383800479643118,47.5,0.0005410022779090356,87799.999999236,83.83800479643118,0.05410022779090356
Swisher,,1.0,13.51899,27.0,27.2,,298,15.969989282,1320,17.8,26.446700508,40.87193,2447:1,39897,72.175597159,7340,,37.573211103,2022,74.836475568,24.046321526,0.0,54.5,83.0,7.5,72.0,0.1241,0.1883,0.0824,0.97,Very High Vulnerability,1.0,Very High Concern,2447.0,1.0,small,urban,24.046321526,0.0,6.019602497975,1.0,72.0,0.0,71.5665886201458,0.7615285435675831,145.0,0.0008215297450385831,176500.00000084,76.15285435675831,0.0821529745038583
Tarrant,,1245.0,59.2148,50.0,15.4,6.1974459625,67120,11.808502403,266980,13.0,49.408171209,96.21602,1039:1,72064,58.664603241,2123347,,1.2882013273,2022,89.788856191,25.784763395,0.0,18217.0,24626.0,2292.0,28137.0,0.1069,0.1641,0.0701,0.55,Moderate Vulnerability,0.73,High Concern,1039.0,1.0,large,very urban,25.784763395,0.0,6.1974459625,0.0,28137.0,0.0,27962.62246295314,0.651476807089005,45135.0,0.000824383561636562,54750000.000483066,65.1476807089005,0.08243835616365619
Taylor,,99.0,71.72146,45.0,16.9,5.1831617287,4108,11.673439232,21730,15.9,40.385448991,170.97701,585:1,52974,55.241641706,139200,,16.033488966,2022,82.18707834,24.779454023,0.0,1621.0,1934.0,149.5,1963.0,0.1178,0.1846,0.0776,0.69,High Vulnerability,0.78,High Concern,585.0,1.0,large,very urban,24.779454023,0.0,5.1831617287,0.0,1963.0,0.0,1952.825453526562,0.8300793074325583,3704.5,0.0010739860261497352,3449300.0000016,83.00793074325583,0.10739860261497353
Terrell,,0.0,0.0,11.0,13.2,,26,17.105263158,90,9.9,,142.45014,702:1,42849,53.6,702,,100.0,2022,66.825775656,18.518518519,0.0,12.5,10.0,0.0,,0.1166,0.1765,0.0789,0.47,Moderate Vulnerability,0.91,Very High Concern,702.0,1.0,small,very rural,18.518518519,0.0,6.019602497975,1.0,1533.4742547425474,1.0,1524.2433492881187,0.008200790251660268,22.5,0.0017307692307242306,13000.000000338001,0.8200790251660268,0.17307692307242306
Terry,,5.0,40.52849,41.0,27.4,,529,15.46331482,1940,15.5,25.41642234,49.24895,2031:1,47292,74.26567295,12183,,24.669986562,2022,74.908558888,27.33316917,0.0,117.0,140.5,15.0,198.0,0.1143,0.1758,0.0766,0.99,Very High Vulnerability,0.99,Very High Concern,2031.0,1.0,medium,very urban,27.33316917,0.0,6.019602497975,1.0,198.0,0.0,196.80811870540094,0.5944876703746937,272.5,0.0008183183183229629,332999.99999811,59.44876703746937,0.0818318318322963
Throckmorton,,1.0,66.62225000000001,21.0,27.7,,64,21.333333333,270,18.7,,67.2495,1487:1,46820,59.17721519,1487,,100.0,2022,76.858345021,20.847343645,0.0,17.5,20.0,0.0,23.0,0.1278,0.1901,0.086,0.27,Low Vulnerability,0.85,Very High Concern,1487.0,1.0,small,very rural,20.847343645,0.0,6.019602497975,1.0,23.0,0.0,22.861549142546576,0.7654774350978498,37.5,0.0012096774193503513,31000.000000114997,76.54774350978498,0.12096774193503512
Titus,,14.0,42.74809,40.0,21.4,,1440,14.998437663,5000,15.3,38.568121763,112.37319999999998,890:1,52973,70.898493034,32926,,50.556689553,2022,78.931670282,28.579238292,0.0,356.0,445.0,42.5,436.0,0.1283,0.1937,0.0866,0.89,Very High Vulnerability,0.92,Very High Concern,890.0,1.0,medium,urban,28.579238292,0.0,6.019602497975,1.0,436.0,0.0,433.3754533108829,0.8214586158035642,843.5,0.0008963868225269456,941000.000002392,82.14586158035641,0.08963868225269456
Tom Green,,88.0,73.8255,52.0,16.6,5.228398459,3074,10.488961682,16620,14.1,46.09465089,105.82451,945:1,55990,53.068222529,120010,,15.64087676,2022,79.908271832,23.761353221,0.0,707.0,733.0,30.0,1444.0,0.1078,0.1675,0.0704,0.66,High Vulnerability,0.89,Very High Concern,945.0,1.0,large,very urban,23.761353221,0.0,5.228398459,0.0,1444.0,0.0,1436.450192625204,0.4921855304345169,1470.0,0.0005155000701266257,2851600.00005221,49.21855304345169,0.05155000701266257
Travis,,1119.0,87.83677,51.0,10.9,4.0891632738,34551,12.26530634,156910,12.8,50.125527111,108.3427,923:1,82605,50.635554983,1300503,,5.463522171,2022,90.554207161,20.872539317,0.0,10321.0,12218.0,1732.0,16433.0,0.0916,0.1391,0.0588,0.38,Low Vulnerability,0.69,High Concern,923.0,1.0,large,very urban,20.872539317,0.0,4.0891632738,0.0,16433.0,0.0,16365.802779921645,0.6306442854524863,24271.0,0.0008941307359257586,27144799.999376453,63.06442854524863,0.08941307359257586
Trinity,,2.0,13.65095,37.0,26.5,,391,13.227334235,2750,18.8,48.314859019,47.03353,2126:1,47685,74.200518583,14883,,77.236887213,2022,72.465192465,19.619700329,0.0,93.5,138.0,15.0,110.0,0.1365,0.206,0.093,0.8,Very High Vulnerability,0.97,Very High Concern,2126.0,1.0,medium,rural,19.619700329,0.0,6.019602497975,1.0,110.0,0.0,109.33784372522275,0.855147648923598,246.5,0.0008441780822018791,291999.999996507,85.51476489235979,0.0844178082201879
Tyler,,4.0,18.457,32.0,27.9,,526,12.353217473,3950,18.4,50.998396311,41.68404,2399:1,48809,62.386302836,21591,,78.131030047,2022,73.315515544,19.095919596,0.0,118.0,141.0,5.0,198.0,0.1428,0.2169,0.0983,0.88,Very High Vulnerability,0.98,Very High Concern,2399.0,1.0,medium,rural,19.095919596,0.0,6.019602497975,1.0,198.0,0.0,196.80811870540094,0.5995687615744775,264.0,0.0006403104535575305,412299.999997236,59.956876157447745,0.06403104535575305
Upshur,,12.0,28.74045,44.0,17.8,7.6640098099,1230,11.998829382,6810,16.6,41.539203211,7.11474,14055:1,58231,62.194372773,42166,,79.299905874,2022,83.337965536,23.620926813,0.0,281.0,376.0,25.0,518.0,0.1276,0.1901,0.0861,0.59,Moderate Vulnerability,0.88,Very High Concern,14055.0,1.0,large,rural,23.620926813,0.0,7.6640098099,0.0,518.0,0.0,514.0300429184718,0.546660655094372,682.0,0.0006847389558253845,995999.9999969581,54.6660655094372,0.06847389558253845
Upton,,2.0,54.68964,19.0,17.0,,186,17.064220183,420,11.4,36.664373311,110.40574,906:1,59593,59.885057471,3623,,100.0,2022,61.086309524,28.705492686,0.0,22.5,29.5,7.5,40.0,0.1235,0.1873,0.0822,0.65,High Vulnerability,0.96,Very High Concern,906.0,1.0,small,very rural,28.705492686,0.0,6.019602497975,1.0,40.0,0.0,39.759215900081,0.5659065323759104,59.5,0.0005721153846078041,104000.000001378,56.590653237591034,0.05721153846078041
Uvalde,,10.0,37.39576,32.0,30.7,,1036,14.122137405,3820,14.2,78.688173883,78.52816,1273:1,49275,75.766755017,26742,,31.384207536,2022,70.339648022,26.632263855,0.375,260.0,322.5,10.0,400.0,0.107,0.1724,0.0705,0.95,Very High Vulnerability,0.98,Very High Concern,1273.0,1.0,medium,urban,26.632263855,0.0,6.019602497975,1.0,400.0,0.0,397.59215900081,0.6539364374121631,592.5,0.0008319292333492552,712200.0000104101,65.39364374121631,0.08319292333492552
Val Verde,,17.0,34.67619,25.0,24.3,3.4019391053,1681,11.881538027,7230,14.8,65.38569818,69.34813,1442:1,54346,70.936451818,49028,,10.157736451,2022,67.122284598,28.153300155,3.165178571428572,499.5,538.0,44.75,773.0,0.107,0.1724,0.0705,0.97,Very High Vulnerability,0.99,Very High Concern,1442.0,1.0,large,very urban,28.153300155,0.0,3.4019391053,0.0,773.0,0.0,770.3703010716031,0.6483894814028835,1082.25,0.0007840686807219572,1380299.99999934,64.83894814028835,0.07840686807219571
Van Zandt,,7.0,12.36968,42.0,17.7,6.2111801242,2174,16.133580705,8780,15.9,50.925009357,33.02453,3028:1,57891,53.936854414,57533,,75.018543525,2022,77.442178198,22.858185737,1.365,430.5,551.0,30.25,674.0,0.1285,0.1874,0.0874,0.56,Moderate Vulnerability,0.89,Very High Concern,3028.0,1.0,large,rural,22.858185737,0.0,6.2111801242,0.0,674.0,0.0,669.8136645962892,0.6427160608308453,1011.75,0.0007693331305564234,1315100.000006821,64.27160608308454,0.07693331305564234
Victoria,,69.0,74.93158,51.0,24.4,5.4035798717,3083,12.920665521,13240,14.4,33.800546644,104.42047,958:1,53583,65.285249386,91936,,26.626571267,2022,72.601476015,25.069613644,1.5,955.5,1114.5,150.0,1249.0,0.1065,0.1663,0.0699,0.78,High Vulnerability,0.9,Very High Concern,958.0,1.0,large,very urban,25.069613644,0.0,5.4035798717,0.0,1249.0,0.0,1242.2509287402468,0.7691682717991302,2220.0,0.0009632072197259148,2304799.999974784,76.91682717991301,0.09632072197259148
Walker,,21.0,28.77856,45.0,20.8,,1423,13.122464035,10940,15.1,27.137336083,58.20076,1718:1,43002,54.030214882,72164,,45.582882657,2022,83.188985121,14.918796076,0.7857142857142857,434.0,494.5,20.0,694.0,0.1365,0.206,0.093,0.7,High Vulnerability,0.9,Very High Concern,1718.0,1.0,large,urban,14.918796076,0.0,6.019602497975,1.0,694.0,0.0,689.8223958664054,0.6291474480977141,948.5,0.0008810143042679944,1076600.000028464,62.914744809771406,0.08810143042679944
Waller,,8.0,14.48069,44.0,17.4,6.0962333987,2159,15.655137408,6960,13.4,58.697529087,3.48117,28726:1,69460,68.722903506,57452,,61.641013772,2022,78.7052483,24.000905103,2.0806451612903225,488.0,577.5,44.5,770.0,0.1114,0.1704,0.0738,0.83,Very High Vulnerability,0.9,Very High Concern,28726.0,1.0,large,rural,24.000905103,0.0,6.0962333987,0.0,770.0,0.0,765.305900283001,0.6376535184421593,1110.0,0.0008049894843847031,1378899.999977556,63.765351844215935,0.08049894843847032
Ward,,2.0,16.66944,27.0,14.4,,563,15.638888889,1310,11.2,8.6425395821,90.93164,1100:1,57257,47.077042199,12097,,27.88515669,2022,76.829268293,29.313052823,1.2604166666666667,100.75,151.75,22.5,184.0,0.1166,0.1765,0.0789,0.65,High Vulnerability,0.96,Very High Concern,1100.0,1.0,medium,urban,29.313052823,0.0,6.019602497975,1.0,184.0,0.0,182.8923931403726,0.5508703684722026,275.0,0.0007755217146083786,354599.999999831,55.08703684722026,0.07755217146083786
Washington,,20.0,55.73825,46.0,17.6,7.1942446043,1226,15.489576753,4940,14.0,40.500037304,67.09346,1490:1,62667,57.25,35771,,53.490717124,2022,76.781022446,21.363674485,0.5489130434782609,297.0,388.5,30.25,342.0,0.1225,0.1864,0.0827,0.73,High Vulnerability,0.86,Very High Concern,1490.0,1.0,medium,urban,21.363674485,0.0,7.1942446043,0.0,342.0,0.0,339.5395683453294,0.874713958810054,715.75,0.0009366003663926341,764200.0000029351,87.47139588100539,0.09366003663926341
Webb,,84.0,30.36306,37.0,30.3,4.8999136947,13216,14.540173611,43300,15.8,71.381264815,58.34033,1714:1,56588,82.585862678,277681,,2.5996388392,2022,72.29582886,32.005430692,41.54285714285714,2972.5,3543.5,206.5,4534.0,0.1039,0.1663,0.0674,0.95,Very High Vulnerability,0.99,Very High Concern,1714.0,1.0,large,very urban,32.005430692,0.0,4.8999136947,0.0,4534.0,0.0,4511.78379130823,0.6588303290876663,6722.5,0.0007564164594433806,8887299.999985252,65.88303290876662,0.07564164594433806
Wharton,,15.0,36.09587,40.0,20.6,6.6820868671,1833,16.663636364,6200,14.9,32.709420385,86.362,1158:1,55887,65.897778317,41685,,49.895833333,2022,76.587093389,25.788652993,0.8409090909090909,433.5,848.0,22.5,545.0,0.1114,0.1704,0.0738,0.88,Very High Vulnerability,0.96,Very High Concern,1158.0,1.0,large,urban,25.788652993,0.0,6.6820868671,0.0,545.0,0.0,541.3582626574305,0.8007636160793526,1304.0,0.001213023255799053,1075000.000013205,80.07636160793527,0.1213023255799053
Wheeler,,2.0,39.55696,27.0,20.3,,276,20.988593156,890,16.7,43.478699651,121.31015,824:1,49838,54.912764004,4946,,100.0,2022,77.087378641,24.747270522,0.125,35.5,162.0,10.0,46.0,0.1241,0.1883,0.0824,0.7,High Vulnerability,0.91,Very High Concern,824.0,1.0,small,very rural,24.747270522,0.0,6.019602497975,1.0,46.0,0.0,45.72309828509315,0.7764128270278191,207.5,0.0016952614378834,122400.000001812,77.64128270278191,0.16952614378834002
Wichita,,111.0,83.94464,45.0,20.9,7.6250856751,3723,12.20535685,22340,17.0,44.443706665,126.87211,788:1,54659,59.907545625,133205,,10.666920152,2022,80.823272488,22.491648211,2.078125,1246.0,1570.0,61.0,1526.0,0.1296,0.2018,0.0855,0.82,Very High Vulnerability,0.83,Very High Concern,788.0,1.0,large,very urban,22.491648211,0.0,7.6250856751,0.0,1526.0,0.0,1514.3641192597975,0.8227875873135646,2877.0,0.000960280373849002,2995999.9999462552,82.27875873135646,0.09602803738490019
Wilbarger,,4.0,31.32587,50.0,21.1,,336,11.76882662,2440,19.0,15.587673946,55.76801,1793:1,51774,64.073426573,12552,,21.891392686,2022,70.227635783,21.89292543,0.1,129.5,145.0,15.0,158.0,0.1293,0.1898,0.087,0.91,Very High Vulnerability,0.93,Very High Concern,1793.0,1.0,medium,very urban,21.89292543,0.0,6.019602497975,1.0,158.0,0.0,157.04890280531995,0.8245839205927471,289.5,0.0010534934497917804,274799.99999736,82.45839205927471,0.10534934497917804
Willacy,,7.0,32.7746,49.0,34.0,,542,10.690335306,4050,18.8,,61.43377,1628:1,40190,86.713286713,21161,,34.57576579,2022,66.74600476,23.264496007,4.678571428571429,216.5,818.0,1323.0,234.0,0.0992,0.1603,0.0642,0.99,Very High Vulnerability,0.98,Very High Concern,1628.0,1.0,medium,urban,23.264496007,0.0,6.019602497975,1.0,234.0,0.0,232.59141301547385,0.9308168224834538,2357.5,0.00478874669912703,492300.00000412704,93.08168224834537,0.47887466991270294
Williamson,,406.0,68.74935,52.0,6.3,4.139179925,13097,8.3161363651,60430,11.0,40.634655498,77.68813,1287:1,91507,29.459483369,617855,,11.98994982,2022,94.057295349,24.812941548,63.614285714285714,5939.5,6120.0,460.0,8077.0,0.0946,0.1402,0.061,0.2,Low Vulnerability,0.58,Moderate Concern,1287.0,1.0,large,very urban,24.812941548,0.0,4.139179925,0.0,8077.0,0.0,8043.567843745775,0.7384161003401272,12519.5,0.0008166240509227209,15330800.00013954,73.84161003401272,0.08166240509227209
Wilson,,22.0,43.07813,37.0,11.5,,1528,11.907730673,5350,10.9,35.862415719,49.97789,2001:1,74529,41.624145044,52023,,85.861410131,2022,86.197183099,23.508832632,10.810344827586206,405.0,388.0,20.0,546.0,0.1134,0.1709,0.0762,0.44,Moderate Vulnerability,0.78,High Concern,2001.0,1.0,large,very rural,23.508832632,0.0,6.019602497975,1.0,546.0,0.0,542.7132970361057,0.7462503723638378,813.0,0.0006647587898530964,1223000.000014536,74.62503723638379,0.06647587898530964
Winkler,,2.0,24.96879,22.0,16.9,,378,15.447486718,890,11.4,40.318537353,50.71637,1972:1,77960,53.2351394,7887,,18.129395218,2022,79.029793736,29.085837454,1.4464285714285714,86.0,178.0,31.75,108.0,0.1166,0.1765,0.0789,0.65,High Vulnerability,0.99,Very High Concern,1972.0,1.0,small,very urban,29.085837454,0.0,6.019602497975,1.0,108.0,0.0,107.3498829302187,0.8011187124992312,295.75,0.0012892327811699624,229399.999999698,80.11187124992311,0.12892327811699625
Wise,,28.0,40.00914,48.0,12.4,5.2299368801,2735,15.149836592,9520,14.4,63.320537933,87.22075,1147:1,71636,46.755214833,71084,,72.107497421,2022,82.470567089,24.344437567,4.104166666666667,657.0,804.5,20.0,866.0,0.1293,0.1898,0.087,0.58,Moderate Vulnerability,0.81,Very High Concern,1147.0,1.0,large,rural,24.344437567,0.0,5.2299368801,0.0,866.0,0.0,861.4708746618334,0.762649114815289,1481.5,0.000856110950586067,1730500.000012628,76.2649114815289,0.0856110950586067
Wood,,19.0,41.72248,41.0,21.4,,1288,14.486559442,7520,16.9,64.04081037,69.12791,1447:1,61886,60.718829517,46291,,74.199313697,2022,80.222541278,18.720701648,0.85,275.0,316.5,12.5,444.0,0.1285,0.1874,0.0874,0.63,High Vulnerability,0.87,Very High Concern,1447.0,1.0,large,rural,18.720701648,0.0,6.019602497975,1.0,444.0,0.0,441.3272964908991,0.6231203059194209,604.0,0.0006969766905246537,866599.9999875679,62.31203059194209,0.06969766905246537
Yoakum,,3.0,34.43131,15.0,14.9,,627,21.06147128,780,9.0,,57.45806,1740:1,67132,59.406858202,8702,,37.327071963,2022,83.583237216,33.176281315,1.2734375,77.25,121.75,12.5,136.0,0.1143,0.1758,0.0766,0.49,Moderate Vulnerability,0.93,Very High Concern,1740.0,1.0,small,urban,33.176281315,0.0,6.019602497975,1.0,136.0,0.0,135.1813340602754,0.5714546356344978,211.5,0.0007325943886307828,288700.00000313,57.14546356344978,0.07325943886307827
Young,,16.0,88.83953000000001,42.0,22.1,,756,17.127322157,2570,14.3,35.891993869,78.19482,1279:1,54569,58.541927409,17904,,33.568733154,2022,79.749032172,23.212689902,0.2647058823529412,187.0,204.5,10.0,217.0,0.1293,0.1898,0.087,0.55,Moderate Vulnerability,0.84,Very High Concern,1279.0,1.0,medium,urban,23.212689902,0.0,6.019602497975,1.0,217.0,0.0,215.69374625793944,0.8669699666506523,401.5,0.0009660731472444068,415600.000005408,86.69699666506523,0.09660731472444067
Zapata,,1.0,7.05268,36.0,39.5,,631,13.491554415,2780,19.4,,35.28084,2834:1,39876,85.460693153,14172,,23.534027679,2022,61.825549158,32.479537115,0.3684210526315789,152.5,220.5,10.0,175.0,0.1146,0.1867,0.0742,0.99,Very High Vulnerability,1.0,Very High Concern,2834.0,1.0,medium,very urban,32.479537115,0.0,6.019602497975,1.0,175.0,0.0,173.94656956285436,0.8767059930141089,383.0,0.0008320660438956668,460299.99999378,87.67059930141089,0.08320660438956669
Zavala,,1.0,8.44595,26.0,39.0,,321,9.4550810015,2590,21.5,,84.45946,1184:1,34898,85.89540412,11840,,38.032028775,2022,61.731083288,28.260135135,0.3947368421052631,114.0,154.0,7.5,158.0,0.107,0.1724,0.0705,1.0,Very High Vulnerability,1.0,Very High Concern,1184.0,1.0,medium,urban,28.260135135,0.0,6.019602497975,1.0,158.0,0.0,157.04890280531995,0.7258885478577078,275.5,0.0008233711894839133,334599.9999984,72.58885478577078,0.08233711894839132
Anderson,7.3565473271,23.0,39.78895,45.0,24.5,,1282,11.478198585,8060,13.9,47.602799748,77.05216,1298:1,54515,64.514557193,58402,38.051779049,67.063532793,2023,,,0.0,331.0,416.0,17.5,,0.1398,0.2105,0.0948,0.79,High Vulnerability,0.95,Very High Concern,1298.0,1.0,large,rural,23.690508852090353,1.0,6.019602497975,1.0,1533.4742547425474,1.0,1524.2433492881187,0.21715692586396387,764.5,0.0005525548314839902,1383573.0979797808,21.715692586396386,0.055255483148399016
Andrews,7.3170731707,8.0,42.37513,24.0,15.4,,1195,19.430894309,2200,12.0,71.350793204,65.07592,1537:1,70005,46.584302326,18440,48.926247289,16.502096578,2023,,,0.0,270.0,360.0,31.0,,0.1166,0.1765,0.0789,0.47,Moderate Vulnerability,0.88,Very High Concern,1537.0,1.0,medium,very urban,23.690508852090353,1.0,6.019602497975,1.0,1533.4742547425474,1.0,1524.2433492881187,0.17713706943586177,661.0,0.001513094851977091,436852.98323254613,17.71370694358618,0.15130948519770912
Angelina,8.9076884797,57.0,65.67123000000001,50.0,26.4,7.0544554455,2984,13.443258098,15170,17.4,41.273274278,115.59892,865:1,50620,74.279898847,86506,50.954847063,43.082366228,2023,,,0.0,615.0,654.0,42.5,,0.125,0.1935,0.0836,0.98,Very High Vulnerability,0.89,Very High Concern,865.0,1.0,large,urban,23.690508852090353,1.0,7.0544554455,0.0,1533.4742547425474,1.0,1522.6564289356447,0.403899388143583,1311.5,0.0006399524041287997,2049371.158758928,40.3899388143583,0.06399524041287998
Aransas,8.9071383449,7.0,29.39447,55.0,27.8,,682,15.507048658,4500,18.6,,57.11953999999999,1751:1,55435,68.006644518,24510,50.167278662,27.260557907,2023,,,0.0,160.0,187.5,25.5,,0.1183,0.18,0.0772,0.8,Very High Vulnerability,0.85,Very High Concern,1751.0,1.0,medium,urban,23.690508852090353,1.0,6.019602497975,1.0,1533.4742547425474,1.0,1524.2433492881187,0.10497011522125142,373.0,0.0006423786989459778,580654.3719647345,10.497011522125142,0.06423786989459777
Archer,6.8965517241,,,48.0,12.5,,313,15.912557194,1200,13.7,,11.51941,8681:1,69286,31.87032419,8681,50.420458473,88.988292467,2023,,,0.0,71.5,107.0,2.5,,0.1293,0.1898,0.087,0.09,Very Low Vulnerability,0.8,Very High Concern,8681.0,1.0,small,very rural,23.690508852090353,1.0,6.019602497975,1.0,1533.4742547425474,1.0,1524.2433492881187,0.04690852023949673,181.0,0.0008801048809628097,205657.30734499637,4.690852023949673,0.08801048809628097
Armstrong,,0.0,0.0,36.0,13.2,,77,17.539863326,210,10.5,,0.0,1839:0,64401,31.329113924,1839,50.679717238,100.0,2023,,,0.0,17.5,23.5,0.0,,0.1241,0.1883,0.0824,0.16,Very Low Vulnerability,0.56,Moderate Concern,1839.0,0.0,small,very rural,23.690508852090353,1.0,6.019602497975,1.0,1533.4742547425474,1.0,1524.2433492881187,0.011481106352324374,41.0,0.0009410825885349779,43566.84577899416,1.1481106352324375,0.09410825885349779
Atascosa,7.9859678085,10.0,19.33338,40.0,23.8,,1777,12.442234981,5830,11.6,79.225644182,56.0684,1784:1,57905,61.99440346,49939,49.968962134,60.711184342,2023,,,0.0,523.0,689.0,25.0,,0.1146,0.174,0.0756,0.85,Very High Vulnerability,0.95,Very High Concern,1784.0,1.0,large,rural,23.690508852090353,1.0,6.019602497975,1.0,1533.4742547425474,1.0,1524.2433492881187,0.3431210641294656,1237.0,0.0010455756700983368,1183080.3215645403,34.312106412946555,0.10455756700983368
Austin,8.0698835275,5.0,16.68224,47.0,16.5,,1047,14.405613649,4030,13.5,28.248595886,59.24951,1688:1,68150,53.472222222,30380,50.039499671,66.344089805,2023,,,0.0,340.0,411.0,169.5,,0.1114,0.1704,0.0738,0.49,Moderate Vulnerability,0.82,Very High Concern,1688.0,1.0,medium,rural,23.690508852090353,1.0,6.019602497975,1.0,1533.4742547425474,1.0,1524.2433492881187,0.22306149484515927,920.5,0.0012789737594780877,719717.6589265049,22.306149484515927,0.12789737594780878
Bailey,7.9329608939,2.0,29.86412,38.0,24.7,,384,19.248120301,710,10.2,,102.41405,976:1,47375,85.78908003,6835,49.656181419,28.750872296,2023,,,0.0,90.5,137.0,16.0,,0.1143,0.1758,0.0766,0.8,Very High Vulnerability,0.96,Very High Concern,976.0,1.0,small,urban,23.690508852090353,1.0,6.019602497975,1.0,1533.4742547425474,1.0,1524.2433492881187,0.05937372142202034,243.5,0.0015037860701086702,161924.62800403757,5.937372142202034,0.15037860701086703
Bandera,8.0,5.0,20.9547,45.0,19.4,,546,13.694507148,3400,14.9,,69.55715000000001,1438:1,69051,51.484751204,21565,50.081150012,100.0,2023,,,0.0,120.0,157.0,17.5,,0.1146,0.174,0.0756,0.51,Moderate Vulnerability,0.77,High Concern,1438.0,1.0,medium,very rural,23.690508852090353,1.0,6.019602497975,1.0,1533.4742547425474,1.0,1524.2433492881187,0.07872758641593856,294.5,0.0005764497398709633,510885.8233953285,7.872758641593856,0.057644973987096323
Bastrop,7.604262597,24.0,26.20059,45.0,18.1,4.3982407037,3516,14.742138365,10440,12.0,42.292319466,47.03208,2126:1,72809,72.02498763,102058,48.828117345,63.85244907,2023,,,0.0,1122.0,1305.0,139.5,,0.124,0.188,0.0827,0.75,High Vulnerability,0.85,Very High Concern,2126.0,1.0,large,rural,23.690508852090353,1.0,4.3982407037,0.0,1533.4742547425474,1.0,1526.7296658572627,0.7349041713746972,2566.5,0.0010614995787499512,2417805.952426637,73.49041713746972,0.10614995787499512
Baylor,9.6551724138,5.0,142.12621,35.0,25.2,,106,12.942612943,560,15.7,30.43688815,115.0417,869:1,45408,57.32689211,3477,50.589588726,100.0,2023,,,0.0,35.5,42.0,0.0,,0.1293,0.1898,0.087,0.16,Very Low Vulnerability,0.78,High Concern,869.0,1.0,small,very rural,23.690508852090353,1.0,6.019602497975,1.0,1533.4742547425474,1.0,1524.2433492881187,0.023290244314715162,77.5,0.0009408548385872064,82371.89927871816,2.3290244314715163,0.09408548385872063
Bee,9.736632083,5.0,15.37846,37.0,30.9,7.9904115062,610,9.0450771056,5500,16.9,66.47505981,71.14215,1406:1,45431,80.309339679,30924,38.701332299,42.97730768,2023,,,0.0,171.0,202.0,15.0,,0.1183,0.18,0.0772,0.97,Very High Vulnerability,0.99,Very High Concern,1406.0,1.0,medium,urban,23.690508852090353,1.0,7.9904115062,0.0,1533.4742547425474,1.0,1521.2211644129911,0.11240969032006959,388.0,0.0005296167011828683,732605.2957420421,11.240969032006959,0.05296167011828683
Bell,8.7076951725,287.0,77.58287,36.0,19.7,6.5978802555,8956,8.7289597567,53820,15.1,45.673583546,197.0407,508:1,58878,54.207645538,379617,50.026210628,15.186229794,2023,,,0.0,3424.0,4048.0,309.0,,0.1244,0.1993,0.0815,0.81,Very High Vulnerability,0.83,Very High Concern,508.0,1.0,large,very urban,23.690508852090353,1.0,6.5978802555,0.0,1533.4742547425474,1.0,1523.3565752348638,2.247668113732403,7781.0,0.0008651977342592108,8993319.898903983,224.7668113732403,0.08651977342592108
Bexar,8.8493981011,1505.0,74.25414,43.0,20.8,6.1205886183,51184,9.8073179331,288320,14.6,42.305089999,127.30274,786:1,63014,61.540029941,2028236,50.399509722,4.5390847652,2023,,,0.0,17661.0,23286.0,3537.0,,0.1005,0.1587,0.0641,0.83,Very High Vulnerability,0.87,Very High Concern,786.0,1.0,large,very urban,23.690508852090353,1.0,6.1205886183,0.0,1533.4742547425474,1.0,1524.088489672514,11.587909835730652,44484.0,0.00092578673987918,48049942.91212833,1158.7909835730652,0.092578673987918
Blanco,6.3271604938,6.0,48.903740000000006,48.0,14.2,,427,19.139399372,1510,12.9,,50.479560000000006,1981:1,69247,39.323076923,11886,49.957933704,100.0,2023,,,0.0,54.5,78.5,7.5,,0.1008,0.1475,0.0669,0.28,Low Vulnerability,0.68,High Concern,1981.0,1.0,medium,very rural,23.690508852090353,1.0,6.019602497975,1.0,1533.4742547425474,1.0,1524.2433492881187,0.03575544549723877,140.5,0.0004989605493742861,281585.3882159459,3.575544549723877,0.04989605493742861
Borden,,0.0,0.0,28.0,12.0,,22,14.285714286,80,11.7,,0.0,617:0,69744,37.229437229,617,47.649918963,100.0,2023,,,0.0,5.0,17.5,2.5,,0.1235,0.1873,0.0822,0.06,Very Low Vulnerability,0.72,High Concern,617.0,0.0,small,very rural,23.690508852090353,1.0,6.019602497975,1.0,1533.4742547425474,1.0,1524.2433492881187,0.003280316100664107,25.0,0.0017103321345572839,14617.043961739748,0.3280316100664107,0.1710332134557284
Bosque,6.0392156863,11.0,59.13025,34.0,19.8,,586,14.779319042,2850,15.5,25.971333562,48.64076,2056:1,56041,65.77977896,18503,50.386423823,81.215681968,2023,,,0.0,124.0,156.0,5.0,,0.1248,0.188,0.085,0.62,High Vulnerability,0.89,Very High Concern,2056.0,1.0,medium,rural,23.690508852090353,1.0,6.019602497975,1.0,1533.4742547425474,1.0,1524.2433492881187,0.08135183929646986,285.0,0.0006501720892854684,438345.4852902278,8.135183929646987,0.06501720892854684
Bowie,10.533448318,63.0,67.39336999999999,45.0,23.6,9.200968523,2094,9.4375338021,14990,16.0,45.176024658,199.82502,500:1,52934,60.724991673,92581,49.448590964,35.424836601,2023,,,0.0,573.0,858.0,61.5,,0.1356,0.2056,0.0926,0.85,Very High Vulnerability,0.86,Very High Concern,500.0,1.0,large,urban,23.690508852090353,1.0,9.200968523,0.0,1533.4742547425474,1.0,1519.3648063938303,0.3771312838027356,1492.5,0.0006804842585757778,2193291.000035377,37.71312838027356,0.06804842585757778
Brazoria,8.2835415535,244.0,64.12312,47.0,11.8,4.6175704475,8777,8.4860966083,42840,11.6,45.420277373,73.74455999999999,1356:1,82165,51.388176589,379689,49.30851302,22.52862699,2023,,,0.0,3856.0,4574.0,346.0,,0.1074,0.1608,0.071,0.51,Moderate Vulnerability,0.69,High Concern,1356.0,1.0,large,very urban,23.690508852090353,1.0,4.6175704475,0.0,1533.4742547425474,1.0,1526.393329341846,2.5262164907800266,8776.0,0.0009756503622221033,8995025.615541333,252.62164907800266,0.09756503622221033
Brazos,7.8270905466,203.0,87.29118,56.0,23.5,5.0300767476,5029,10.208058459,34030,15.0,38.333795888,77.20477,1295:1,50494,57.559210109,237032,49.707212528,12.063576784,2023,,,0.0,1861.0,2435.0,257.5,,0.1055,0.1682,0.0691,0.65,High Vulnerability,0.81,Very High Concern,1295.0,1.0,large,very urban,23.690508852090353,1.0,5.0300767476,0.0,1533.4742547425474,1.0,1525.7607615507236,1.2197193995922089,4553.5,0.0008108937831506239,5615408.694228681,121.97193995922089,0.0810893783150624
Brewster,5.5467511886,9.0,97.43423,13.0,20.8,,273,15.61784897,1460,15.8,,95.2381,1050:1,51197,56.625441696,9450,48.497354497,34.867850953,2023,,,0.0,37.5,59.5,2.5,,0.1166,0.1765,0.0789,0.66,High Vulnerability,0.84,Very High Concern,1050.0,1.0,medium,urban,23.690508852090353,1.0,6.019602497975,1.0,1533.4742547425474,1.0,1524.2433492881187,0.024602370754980802,99.5,0.0004444438316980888,223875.30865225385,2.46023707549808,0.04444438316980888
Briscoe,,1.0,67.2495,34.0,24.3,,61,19.365079365,210,15.4,,71.27584,1403:1,49905,52.480417755,1403,48.966500356,100.0,2023,,,0.0,22.5,20.0,0.0,,0.1241,0.1883,0.0824,0.46,Moderate Vulnerability,0.95,Very High Concern,1403.0,1.0,small,very rural,23.690508852090353,1.0,6.019602497975,1.0,1533.4742547425474,1.0,1524.2433492881187,0.014761422452988482,42.5,0.0012786652715161332,33237.78391948277,1.4761422452988482,0.1278665271516133
Brooks,8.4432717678,,,39.0,45.6,,181,9.4516971279,1700,23.9,,14.29797,6994:1,33460,85.883171071,6994,48.827566486,31.759656652,2023,,,0.0,77.5,88.0,10.0,,0.0992,0.1603,0.0642,1.0,Very High Vulnerability,0.99,Very High Concern,6994.0,1.0,small,urban,23.690508852090353,1.0,6.019602497975,1.0,1533.4742547425474,1.0,1524.2433492881187,0.05084489956029366,175.5,0.0010591978821408844,165691.41891151993,5.0844899560293655,0.10591978821408844
Brown,8.3661065427,21.0,55.80209,43.0,22.3,7.5839653304,783,9.7740606666,5680,15.0,52.518803697,91.64223,1091:1,48803,58.127235962,38192,50.201612903,40.40046187,2023,,,0.0,274.0,417.0,27.5,,0.1278,0.1901,0.086,0.63,High Vulnerability,0.72,High Concern,1091.0,1.0,large,urban,23.690508852090353,1.0,7.5839653304,0.0,1533.4742547425474,1.0,1521.844439159519,0.18004468324720768,718.5,0.0007941087505919512,904787.9140790348,18.00446832472077,0.07941087505919511
Burleson,9.2682926829,7.0,37.80923,46.0,20.7,,519,12.714355708,2440,13.4,27.821782098,49.85873,2006:1,57469,60.883977901,18051,50.39056008,76.65677547,2023,,,0.0,166.0,237.0,22.5,,0.1225,0.1864,0.0827,0.61,High Vulnerability,0.83,Very High Concern,2006.0,1.0,medium,rural,23.690508852090353,1.0,6.019602497975,1.0,1533.4742547425474,1.0,1524.2433492881187,0.10890649454204836,425.5,0.0009950018978401077,427637.375289083,10.890649454204835,0.09950018978401078
Burnet,7.132374523,21.0,42.29352,50.0,16.3,,1612,15.097873935,5760,12.1,70.950903274,76.53962,1307:1,72510,60.967831392,50954,50.716332378,55.67251462,2023,,,0.0,369.0,424.0,44.5,,0.1264,0.1929,0.0847,0.53,Moderate Vulnerability,0.7,High Concern,1307.0,1.0,large,rural,23.690508852090353,1.0,6.019602497975,1.0,1533.4742547425474,1.0,1524.2433492881187,0.2420873282290111,837.5,0.0006937965626885382,1207126.1880494119,24.208732822901112,0.06937965626885383
Caldwell,8.7528459398,11.0,25.011940000000003,44.0,19.4,5.6038105912,1460,14.218932606,5930,13.9,39.033710301,42.74326,2340:1,60063,77.938767796,46791,49.141929003,42.292334367,2023,,,0.0,536.0,576.0,55.0,,0.124,0.188,0.0827,0.87,Very High Vulnerability,0.97,Very High Concern,2340.0,1.0,large,urban,23.690508852090353,1.0,5.6038105912,0.0,1533.4742547425474,1.0,1524.8809554724885,0.35150284884626876,1167.0,0.0010527715499429311,1108502.5996981596,35.15028488462688,0.10527715499429312
Calhoun,7.0351758794,10.0,47.61678,37.0,22.1,,704,13.606494009,2580,12.0,39.015376493,81.10711,1233:1,70662,59.27737028,19727,48.299285244,44.731303494,2023,,,0.0,200.5,264.0,18.5,,0.1065,0.1663,0.0699,0.86,Very High Vulnerability,0.88,Very High Concern,1233.0,1.0,medium,urban,23.690508852090353,1.0,6.019602497975,1.0,1533.4742547425474,1.0,1524.2433492881187,0.1315406756366307,483.0,0.0010335028940062871,467342.6681251864,13.15406756366307,0.10335028940062871
Callahan,11.451135242,2.0,14.17434,41.0,19.1,,373,12.036140691,1940,13.9,,63.76196,1568:1,56708,49.699398798,14115,50.442791357,72.179562906,2023,,,0.0,132.0,135.5,10.0,,0.1278,0.1901,0.086,0.3,Low Vulnerability,0.8,High Concern,1568.0,1.0,medium,rural,23.690508852090353,1.0,6.019602497975,1.0,1533.4742547425474,1.0,1524.2433492881187,0.08660034505753243,277.5,0.0008298655111542664,334391.53244725533,8.660034505753243,0.08298655111542665
Cameron,8.3524870983,219.0,51.62903,44.0,32.6,5.0383674846,16733,13.312594973,75390,17.9,80.079373763,88.8828,1125:1,46436,85.421696284,423029,50.809518969,8.4208064596,2023,,,0.0,5383.0,6954.0,11759.0,,0.105,0.1701,0.0683,0.98,Very High Vulnerability,0.98,Very High Concern,1125.0,1.0,large,very urban,23.690508852090353,1.0,5.0383674846,0.0,1533.4742547425474,1.0,1525.7480479189812,3.528105447909341,24096.0,0.002404365151468893,10021772.26919093,352.8105447909341,0.2404365151468893
Camp,6.6396761134,12.0,91.88361,38.0,26.0,,463,13.541971337,2160,16.7,26.539211383,47.55866,2103:1,51024,78.355347252,12616,51.077996195,61.478912991,2023,,,0.0,130.0,160.0,15.0,,0.1285,0.1874,0.0874,0.9,Very High Vulnerability,0.98,Very High Concern,2103.0,1.0,medium,rural,23.690508852090353,1.0,6.019602497975,1.0,1533.4742547425474,1.0,1524.2433492881187,0.08528821861726678,305.0,0.0010204782902398938,298879.4596779719,8.528821861726678,0.10204782902398937
Carson,5.540166205,,,52.0,13.0,,212,14.887640449,660,11.0,,174.03411,575:1,66548,34.605597964,5746,49.808562478,95.195729537,2023,,,0.0,43.5,49.0,5.0,,0.1241,0.1883,0.0824,0.03,Very Low Vulnerability,0.6,High Concern,575.0,1.0,small,very rural,23.690508852090353,1.0,6.019602497975,1.0,1533.4742547425474,1.0,1524.2433492881187,0.028538750075777733,97.5,0.000716249950467315,136125.66386411118,2.8538750075777735,0.07162499504673149
Cass,8.8337684943,7.0,23.42783,42.0,29.9,,741,11.026785714,5230,17.4,30.386327196,59.523810000000005,1680:1,42896,61.835205993,28560,51.37605042,74.011948529,2023,,,0.0,175.0,241.0,22.5,,0.1356,0.2056,0.0926,0.78,High Vulnerability,0.98,Very High Concern,1680.0,1.0,medium,rural,23.690508852090353,1.0,6.019602497975,1.0,1533.4742547425474,1.0,1524.2433492881187,0.11481106352324374,438.5,0.000648092514704592,676600.9328157005,11.481106352324375,0.0648092514704592
Castro,7.874015748,2.0,27.04164,28.0,21.0,,401,18.607888631,820,10.9,,54.24464,1844:1,62236,63.929440389,7374,48.630322756,45.757876457,2023,,,0.0,106.5,111.5,19.5,,0.1241,0.1883,0.0824,0.78,High Vulnerability,0.99,Very High Concern,1844.0,1.0,small,urban,23.690508852090353,1.0,6.019602497975,1.0,1533.4742547425474,1.0,1524.2433492881187,0.06987073294414547,237.5,0.001359521536033024,174693.81227531427,6.9870732944145475,0.1359521536033024
Chambers,7.5555555556,7.0,15.35424,36.0,12.7,,1420,10.525535542,6170,14.5,15.136777295,53.207820000000005,1879:1,89767,34.471023922,48865,49.444387598,45.720310007,2023,,,0.0,534.0,726.0,41.5,,0.1377,0.2028,0.0929,0.41,Moderate Vulnerability,0.79,High Concern,1879.0,1.0,large,urban,23.690508852090353,1.0,6.019602497975,1.0,1533.4742547425474,1.0,1524.2433492881187,0.3503377595509266,1301.5,0.0011242732569478604,1157636.7150573952,35.03377595509266,0.11242732569478604
Cherokee,7.6804619827,22.0,41.60757,44.0,25.1,8.3349486335,2107,15.681750521,7630,14.6,38.547949571,60.66891999999999,1648:1,48664,66.013254924,51097,48.456856567,63.048480677,2023,,,0.0,501.0,667.0,24.5,,0.1282,0.1918,0.0871,0.92,Very High Vulnerability,0.94,Very High Concern,1648.0,1.0,large,rural,23.690508852090353,1.0,8.3349486335,0.0,1533.4742547425474,1.0,1520.6928255984735,0.3294550954449528,1192.5,0.0009851187744670325,1210513.9308152609,32.94550954449528,0.09851187744670326
Childress,8.8531187123,10.0,139.9972,29.0,24.0,,182,13.197969543,990,13.7,,133.61045,748:1,42758,63.791374122,6736,38.331353919,33.148700469,2023,,,0.0,48.0,62.5,5.0,,0.1241,0.1883,0.0824,0.75,High Vulnerability,0.92,Very High Concern,748.0,1.0,small,urban,23.690508852090353,1.0,6.019602497975,1.0,1533.4742547425474,1.0,1524.2433492881187,0.03149103456637543,115.5,0.0007237782308255523,159579.26762768062,3.1491034566375427,0.07237782308255522
Clay,5.0083472454,4.0,37.91469,49.0,15.1,,284,13.264829519,1580,15.1,,48.7187,2053:1,60973,48.068669528,10263,49.741790899,74.600074405,2023,,,0.0,75.0,84.5,7.5,,0.1293,0.1898,0.087,0.32,Low Vulnerability,0.68,High Concern,2053.0,1.0,medium,rural,23.690508852090353,1.0,6.019602497975,1.0,1533.4742547425474,1.0,1524.2433492881187,0.049204741509961604,167.0,0.0006868592528993392,243135.6923490033,4.92047415099616,0.06868592528993392
Cochran,6.8965517241,1.0,34.51847,25.0,31.4,,156,20.526315789,540,19.0,,79.49126,1258:1,42274,71.10799439,2516,49.682034976,100.0,2023,,,0.0,27.5,42.5,5.0,,0.1143,0.1758,0.0766,0.86,Very High Vulnerability,0.99,Very High Concern,1258.0,1.0,small,very rural,23.690508852090353,1.0,6.019602497975,1.0,1533.4742547425474,1.0,1524.2433492881187,0.018041738553652587,75.0,0.0012582769400101479,59605.32027185933,1.8041738553652586,0.1258276940010148
Coke,6.9387755102,,,51.0,22.4,,129,18.117977528,510,15.5,,0.0,3321:0,46767,56.910569106,3321,51.099066546,100.0,2023,,,0.0,27.5,33.5,2.5,,0.1235,0.1873,0.0822,0.62,High Vulnerability,0.91,Very High Concern,3321.0,0.0,small,very rural,23.690508852090353,1.0,6.019602497975,1.0,1533.4742547425474,1.0,1524.2433492881187,0.018041738553652587,63.5,0.0008071057857980982,78676.17989779207,1.8041738553652586,0.08071057857980982
Coleman,10.093457944,5.0,61.72839999999999,26.0,31.8,,204,12.049616066,1370,16.6,39.690527228,64.64124,1547:1,42253,66.587490103,7735,49.437621202,51.545812254,2023,,,0.0,60.0,45.5,5.0,,0.1278,0.1901,0.086,0.42,Moderate Vulnerability,0.94,Very High Concern,1547.0,1.0,small,urban,23.690508852090353,1.0,6.019602497975,1.0,1533.4742547425474,1.0,1524.2433492881187,0.03936379320796928,110.5,0.0006030142440124823,183246.08597091888,3.936379320796928,0.060301424401248235
Collin,7.4898187284,1050.0,97.94146,59.0,7.9,4.3124346118,23811,8.1150717239,109310,10.9,30.992999793,88.78177,1126:1,102119,26.420675929,1109462,50.360805508,5.2427266371,2023,,,0.0,8045.0,10577.0,1613.0,,0.083,0.1234,0.0542,0.15,Very Low Vulnerability,0.49,Moderate Concern,1126.0,1.0,large,very urban,23.690508852090353,1.0,4.3124346118,0.0,1533.4742547425474,1.0,1526.8612472900913,5.268979099625753,20235.0,0.0007698682117381944,26283719.332057867,526.8979099625753,0.07698682117381944
Collingsworth,7.7981651376,1.0,34.75843,12.0,27.1,,173,22.496749025,450,15.4,,152.96367,654:1,45734,65.498154982,2615,51.510516252,100.0,2023,,,0.0,25.0,33.5,0.0,,0.1241,0.1883,0.0824,0.89,Very High Vulnerability,0.98,Very High Concern,654.0,1.0,small,very rural,23.690508852090353,1.0,6.019602497975,1.0,1533.4742547425474,1.0,1524.2433492881187,0.016401580503320537,58.5,0.0009442995522872334,61950.68064821627,1.6401580503320536,0.09442995522872334
Colorado,8.5201793722,10.0,46.27487,43.0,21.8,,813,15.64665127,2390,11.2,15.797765604,38.77848,2579:1,62004,62.854686156,20630,49.738245274,62.613777906,2023,,,0.0,229.0,269.0,46.5,,0.1114,0.1704,0.0738,0.68,High Vulnerability,0.93,Very High Concern,2579.0,1.0,medium,rural,23.690508852090353,1.0,6.019602497975,1.0,1533.4742547425474,1.0,1524.2433492881187,0.1502384774104161,544.5,0.0011141002380288785,488735.19761862396,15.02384774104161,0.11141002380288785
Comal,7.6377372397,108.0,65.52920999999999,48.0,9.6,5.9625982474,3699,9.5593745962,17960,12.1,45.822563984,86.29262,1159:1,93487,34.783243855,174986,50.198873053,46.145549082,2023,,,0.0,1481.0,1614.0,91.5,,0.0937,0.1369,0.0619,0.24,Low Vulnerability,0.64,High Concern,1159.0,1.0,large,urban,23.690508852090353,1.0,5.9625982474,0.0,1533.4742547425474,1.0,1524.3307638387864,0.9715739097663655,3186.5,0.0007686634484941896,4145507.3819918823,97.15739097663655,0.07686634484941897
Comanche,6.8093385214,7.0,50.90909,29.0,24.7,,443,14.090330789,1970,14.5,,65.33575,1531:1,49076,65.346956152,13775,49.793103448,71.461285244,2023,,,0.0,148.0,160.0,7.5,,0.1278,0.1901,0.086,0.73,High Vulnerability,0.92,Very High Concern,1531.0,1.0,medium,rural,23.690508852090353,1.0,6.019602497975,1.0,1533.4742547425474,1.0,1524.2433492881187,0.09709735657965757,315.5,0.0009667927099103937,326336.7594375446,9.709735657965757,0.09667927099103937
Concho,7.9545454545,1.0,35.37319,42.0,25.6,,89,16.920152091,420,13.8,,59.86232,1671:1,48563,65.274725275,3341,45.794672254,100.0,2023,,,0.0,17.5,28.5,0.0,,0.1235,0.1873,0.0822,0.43,Moderate Vulnerability,0.96,Very High Concern,1671.0,1.0,small,very rural,23.690508852090353,1.0,6.019602497975,1.0,1533.4742547425474,1.0,1524.2433492881187,0.011481106352324374,46.0,0.000581175057084763,79149.99007483387,1.1481106352324375,0.0581175057084763
Cooke,6.1497326203,13.0,31.40628,45.0,19.3,,1527,15.597548519,5980,14.8,60.594965393,75.7504,1320:1,58060,53.226044589,42244,50.246188808,59.03426386,2023,,,0.0,389.0,554.0,44.0,,0.1317,0.1945,0.0881,0.62,High Vulnerability,0.85,Very High Concern,1320.0,1.0,large,rural,23.690508852090353,1.0,6.019602497975,1.0,1533.4742547425474,1.0,1524.2433492881187,0.2552085926316675,987.0,0.0009862289110600892,1000781.8559477049,25.520859263166752,0.09862289110600891
Coryell,8.6995117621,13.0,16.94098,29.0,17.9,7.1075401731,1475,8.5161662818,11480,15.2,36.323802793,55.79827,1792:1,59718,57.453682337,84232,50.010684775,19.423515679,2023,,,0.0,549.0,634.0,23.5,,0.1264,0.1929,0.0847,0.78,High Vulnerability,0.82,Very High Concern,1792.0,1.0,large,very urban,23.690508852090353,1.0,7.1075401731,0.0,1533.4742547425474,1.0,1522.57502487255,0.360573364879642,1206.5,0.0006046106940126579,1995498.9416292747,36.0573364879642,0.06046106940126579
Cottle,,0.0,0.0,23.0,34.0,,45,14.657980456,320,19.5,,0.0,1381:0,44590,66.120218579,1381,51.556842867,100.0,2023,,,0.0,10.0,15.0,0.0,,0.1293,0.1898,0.087,0.94,Very High Vulnerability,1.0,Very High Concern,1381.0,0.0,small,very rural,23.690508852090353,1.0,6.019602497975,1.0,1533.4742547425474,1.0,1524.2433492881187,0.006560632201328214,25.0,0.0007641382527312412,32716.592724736776,0.6560632201328214,0.07641382527312413
Crane,8.9820359281,2.0,41.97272,14.0,17.9,,290,20.265548567,490,10.4,,21.36752,4680:1,63555,54.959053685,4680,49.081196581,10.697142857,2023,,,0.0,43.5,103.0,20.5,,0.1166,0.1765,0.0789,0.47,Moderate Vulnerability,0.93,Very High Concern,4680.0,1.0,small,very urban,23.690508852090353,1.0,6.019602497975,1.0,1533.4742547425474,1.0,1524.2433492881187,0.028538750075777733,167.0,0.0015062471180568205,110871.58142778285,2.8538750075777735,0.15062471180568204
Crockett,9.1194968553,2.0,56.9314,18.0,22.0,,186,20.43956044,490,14.5,,32.59452,3068:1,53159,53.141361257,3068,49.380704042,22.748050551,2023,,,0.0,30.0,53.5,12.5,,0.1235,0.1873,0.0822,0.69,High Vulnerability,0.9,Very High Concern,3068.0,1.0,small,very urban,23.690508852090353,1.0,6.019602497975,1.0,1533.4742547425474,1.0,1524.2433492881187,0.01968189660398464,96.0,0.0013208134679804045,72682.48115821321,1.968189660398464,0.13208134679804046
Crosby,9.3808630394,2.0,35.92599,47.0,36.7,,202,14.03752606,910,15.8,20.604944832,58.75441,1702:1,42728,81.048387097,5106,49.490795143,100.0,2023,,,0.0,60.0,53.5,5.0,,0.1143,0.1758,0.0766,0.94,Very High Vulnerability,0.99,Very High Concern,1702.0,1.0,small,very rural,23.690508852090353,1.0,6.019602497975,1.0,1533.4742547425474,1.0,1524.2433492881187,0.03936379320796928,118.5,0.0009796324234397848,120963.73819877334,3.936379320796928,0.09796324234397848
Culberson,7.5471698113,1.0,46.53327,18.0,29.9,,111,22.334004024,430,19.8,,91.19927,1097:1,48217,81.65374677,2193,49.110807114,100.0,2023,,,0.0,25.0,22.5,2.5,,0.1166,0.1765,0.0789,1.0,Very High Vulnerability,1.0,Very High Concern,1097.0,1.0,small,very rural,23.690508852090353,1.0,6.019602497975,1.0,1533.4742547425474,1.0,1524.2433492881187,0.016401580503320537,50.0,0.0009624030342196481,51953.28591263414,1.6401580503320536,0.09624030342196481
Dallam,6.300630063,5.0,68.74742,30.0,16.4,,605,25.145469659,870,12.0,,153.37422999999998,652:1,70895,56.213017751,7172,47.113775795,23.541697747,2023,,,0.0,47.0,104.5,18.0,,0.1241,0.1883,0.0824,0.55,Moderate Vulnerability,0.92,Very High Concern,652.0,1.0,small,very urban,23.690508852090353,1.0,6.019602497975,1.0,1533.4742547425474,1.0,1524.2433492881187,0.030834971346242607,169.5,0.0009975967659241638,169908.329487192,3.0834971346242606,0.09975967659241639
Dallas,8.5008850863,1879.0,71.28527,55.0,20.3,6.3617250733,80404,11.775681498,373560,14.2,51.732681667,137.93237,725:1,63549,73.393637195,2586050,50.418708068,0.6883041916,2023,,,0.0,23450.0,33208.0,6937.0,,0.1078,0.1697,0.0704,0.75,High Vulnerability,0.83,Very High Concern,725.0,1.0,large,very urban,23.690508852090353,1.0,6.3617250733,0.0,1533.4742547425474,1.0,1523.7187131268918,15.389979658303991,63595.0,0.0010380342063603437,61264840.41694826,1538.9979658303992,0.10380342063603437
Dawson,10.579937304,5.0,38.53862,32.0,27.8,,421,12.623688156,2330,18.1,18.853243491,48.33642,2069:1,43627,72.663066057,12413,44.292274229,16.294368539,2023,,,0.0,116.0,130.5,7.5,,0.1235,0.1873,0.0822,0.95,Very High Vulnerability,1.0,Very High Concern,2069.0,1.0,medium,very urban,23.690508852090353,1.0,6.019602497975,1.0,1533.4742547425474,1.0,1524.2433492881187,0.07610333353540728,254.0,0.000863739084712957,294070.28638099757,7.610333353540728,0.0863739084712957
DeWitt,8.371559633,11.0,54.52563000000001,39.0,25.0,,545,11.878814298,3150,15.6,34.693494826,60.24701,1660:1,54279,63.260566651,19918,46.937443518,49.624322038,2023,,,0.0,147.0,194.0,17.5,,0.1134,0.1709,0.0762,0.82,Very High Vulnerability,0.97,Very High Concern,1660.0,1.0,medium,urban,23.690508852090353,1.0,6.019602497975,1.0,1533.4742547425474,1.0,1524.2433492881187,0.09644129335952474,358.5,0.0007597470857261395,471867.55531593564,9.644129335952474,0.07597470857261394
Deaf Smith,6.9341474051,2.0,10.94271,34.0,24.1,,970,16.898954704,2000,10.8,,103.66087,965:1,50967,76.957605985,18329,49.811773692,17.711129465,2023,,,0.0,263.0,344.0,57.5,,0.1241,0.1883,0.0824,0.84,Very High Vulnerability,0.9,Very High Concern,965.0,1.0,medium,very urban,23.690508852090353,1.0,6.019602497975,1.0,1533.4742547425474,1.0,1524.2433492881187,0.17254462689493202,664.5,0.0015303184876556612,434223.3367499641,17.254462689493202,0.1530318487655661
Delta,6.2231759657,1.0,18.69508,40.0,23.3,,172,13.607594937,870,16.5,64.290443611,55.63798,1797:1,50329,65.685164213,5392,50.853115727,100.0,2023,,,0.0,51.0,48.5,0.0,,0.1283,0.1937,0.0866,0.57,Moderate Vulnerability,0.85,Very High Concern,1797.0,1.0,small,very rural,23.690508852090353,1.0,6.019602497975,1.0,1533.4742547425474,1.0,1524.2433492881187,0.033459224226773894,99.5,0.0007789306768447588,127739.22373047119,3.3459224226773894,0.07789306768447588
Denton,7.3799521099,493.0,53.626360000000005,55.0,7.6,4.2977309677,20866,8.9343135702,96610,11.2,39.352739145,79.01050000000001,1266:1,98027,32.259779109,941647,50.600809008,6.9058305439,2023,,,0.0,7873.0,9400.0,1270.0,,0.0949,0.1412,0.0617,0.22,Low Vulnerability,0.63,High Concern,1266.0,1.0,large,very urban,23.690508852090353,1.0,4.2977309677,0.0,1533.4742547425474,1.0,1526.8837949497697,5.156253557762724,18543.0,0.0008312228668180776,22308096.589044325,515.6253557762725,0.08312228668180775
Dickens,11.382113821,1.0,46.72897,35.0,27.4,,65,17.015706806,350,16.2,,57.47126,1740:1,42690,57.575757576,1740,44.08045977,100.0,2023,,,0.0,22.5,28.5,0.0,,0.1143,0.1758,0.0766,0.88,Very High Vulnerability,0.93,Very High Concern,1740.0,1.0,small,very rural,23.690508852090353,1.0,6.019602497975,1.0,1533.4742547425474,1.0,1524.2433492881187,0.014761422452988482,51.0,0.0012372188799566449,41221.48540263721,1.4761422452988482,0.12372188799566448
Dimmit,7.8651685393,2.0,20.15113,40.0,36.5,,318,11.418312388,2370,23.1,,94.41756,1059:1,41838,82.381413359,8473,51.091703057,39.475790316,2023,,,0.0,106.0,105.5,299.5,,0.107,0.1724,0.0705,1.0,Very High Vulnerability,0.99,Very High Concern,1059.0,1.0,small,urban,23.690508852090353,1.0,6.019602497975,1.0,1533.4742547425474,1.0,1524.2433492881187,0.06954270133407907,511.0,0.0025457122044525546,200729.68150376156,6.954270133407907,0.2545712204452555
Donley,11.304347826,,,21.0,24.7,,101,15.303030303,420,12.5,49.944382647,122.39902,817:1,44353,53.971119134,3268,50.979192166,100.0,2023,,,0.0,17.5,27.5,0.0,,0.1241,0.1883,0.0824,0.45,Moderate Vulnerability,0.82,Very High Concern,817.0,1.0,small,very rural,23.690508852090353,1.0,6.019602497975,1.0,1533.4742547425474,1.0,1524.2433492881187,0.011481106352324374,45.0,0.0005812407798773927,77420.58292863128,1.1481106352324375,0.05812407798773927
Duval,8.9072543618,,,37.0,43.3,,338,11.707655005,2000,17.9,,51.250510000000006,1951:1,37921,84.007782101,9756,48.626486265,67.042946868,2023,,,0.0,71.0,106.5,2.5,,0.1146,0.1867,0.0742,1.0,Very High Vulnerability,1.0,Very High Concern,1951.0,1.0,medium,rural,23.690508852090353,1.0,6.019602497975,1.0,1533.4742547425474,1.0,1524.2433492881187,0.046580488629430324,180.0,0.0007788006841489625,231124.6043609935,4.6580488629430326,0.07788006841489625
Eastland,8.2079343365,3.0,16.31499,39.0,25.5,,492,12.484141081,3280,17.9,38.219766167,61.576350000000005,1624:1,47526,59.838472834,17864,49.966412897,60.345477049,2023,,,0.0,147.5,185.0,10.0,,0.1278,0.1901,0.086,0.81,Very High Vulnerability,0.98,Very High Concern,1624.0,1.0,medium,rural,23.690508852090353,1.0,6.019602497975,1.0,1533.4742547425474,1.0,1524.2433492881187,0.09676932496959116,342.5,0.0008092961542879123,423207.25013374205,9.676932496959116,0.08092961542879124
Ector,9.0676080859,101.0,60.22624,42.0,22.0,5.5278348498,9453,17.959873846,23160,14.3,37.18280955,97.46044,1026:1,58389,52.976190476,161091,48.850649633,9.4552614308,2023,,,0.0,2132.0,2854.0,327.0,,0.1113,0.171,0.0731,0.79,High Vulnerability,0.88,Very High Concern,1026.0,1.0,large,very urban,23.690508852090353,1.0,5.5278348498,0.0,1533.4742547425474,1.0,1524.9974623159105,1.3980351132927629,5313.0,0.001392176021569686,3816327.761492087,139.8035113292763,0.1392176021569686
Edwards,7.0967741935,1.0,52.00208,29.0,32.6,,91,20.823798627,240,12.3,,0.0,1438:0,47573,70.526315789,1438,47.009735744,100.0,2023,,,0.0,20.0,17.5,2.5,,0.107,0.1724,0.0705,0.44,Moderate Vulnerability,0.92,Very High Concern,1438.0,0.0,small,very rural,23.690508852090353,1.0,6.019602497975,1.0,1533.4742547425474,1.0,1524.2433492881187,0.013121264402656428,40.0,0.0011741584723469756,34066.951729305925,1.3121264402656427,0.11741584723469756
El Paso,8.4655168433,433.0,51.46882,36.0,27.4,4.4294285811,21843,9.6203055701,126370,15.1,50.939678054,94.82146,1055:1,50983,74.378464442,867947,50.206752256,2.1743664811,2023,,,0.0,8358.0,10847.0,4693.0,,0.0965,0.1577,0.0608,0.95,Very High Vulnerability,0.96,Very High Concern,1055.0,1.0,large,very urban,23.690508852090353,1.0,4.4294285811,0.0,1533.4742547425474,1.0,1526.6818400502098,5.474618077414951,23898.0,0.001162235030755013,20562106.086645264,547.4618077414951,0.1162235030755013
Ellis,7.2161642078,79.0,41.19733,53.0,12.4,5.8931377685,7666,14.622794468,19920,11.1,34.379483717,72.52884,1379:1,87698,46.881656512,202678,50.457869132,31.975135352,2023,,,0.0,1985.0,2341.0,117.5,,0.1147,0.169,0.0766,0.39,Low Vulnerability,0.7,High Concern,1379.0,1.0,large,urban,23.690508852090353,1.0,5.8931377685,0.0,1533.4742547425474,1.0,1524.4372796949017,1.3021198224680484,4443.5,0.0009254313025037871,4801544.953123969,130.21198224680484,0.0925431302503787
Erath,6.652555186,25.0,57.838240000000006,49.0,20.4,6.160164271,1152,12.42584403,5840,13.8,79.41056646,57.6329,1735:1,51964,51.908525307,43378,50.975148693,46.320929005,2023,,,0.0,375.0,367.0,26.0,,0.1134,0.1689,0.0762,0.63,High Vulnerability,0.87,Very High Concern,1735.0,1.0,large,urban,23.690508852090353,1.0,6.160164271,0.0,1533.4742547425474,1.0,1524.027801427984,0.24605850342666477,768.0,0.0007473384148211317,1027646.8929859754,24.60585034266648,0.07473384148211318
Falls,9.3510118632,2.0,11.57742,36.0,27.5,,416,11.46953405,3160,18.3,46.251502548,46.20805,2164:1,46173,79.282868526,17313,52.74071507,67.356990932,2023,,,0.0,123.0,213.0,7.5,,0.1248,0.188,0.085,0.98,Very High Vulnerability,0.99,Very High Concern,2164.0,1.0,medium,rural,23.690508852090353,1.0,6.019602497975,1.0,1533.4742547425474,1.0,1524.2433492881187,0.08069577607633703,343.5,0.00083749075823255,410153.7797562403,8.069577607633702,0.083749075823255
Fannin,8.4288052373,7.0,19.49155,43.0,17.9,,1002,12.757830405,4880,13.9,51.670927777,41.01835,2438:1,56794,53.680365297,36569,46.443709153,70.529264337,2023,,,0.0,270.0,349.0,26.0,,0.1317,0.1945,0.0881,0.58,Moderate Vulnerability,0.86,Very High Concern,2438.0,1.0,large,rural,23.690508852090353,1.0,6.019602497975,1.0,1533.4742547425474,1.0,1524.2433492881187,0.17713706943586177,645.0,0.0007445129239837999,866338.2182120922,17.71370694358618,0.07445129239837998
Fayette,7.6968973747,6.0,23.48612,51.0,15.5,,836,15.690690691,3130,12.4,32.409007585,72.91287,1372:1,64711,52.008686211,24687,50.447604002,67.137737232,2023,,,0.0,127.5,156.5,15.0,,0.124,0.188,0.0827,0.44,Moderate Vulnerability,0.84,Very High Concern,1372.0,1.0,medium,rural,23.690508852090353,1.0,6.019602497975,1.0,1533.4742547425474,1.0,1524.2433492881187,0.08364806056693473,299.0,0.0005112443037704564,584847.5920315546,8.364806056693473,0.051124430377045636
Fisher,11.743772242,2.0,52.85412,14.0,21.6,,135,16.148325359,520,13.7,,107.93308,927:1,51362,55.696202532,3706,49.541284404,100.0,2023,,,0.0,30.0,43.5,0.0,,0.1278,0.1901,0.086,0.43,Moderate Vulnerability,0.91,Very High Concern,927.0,1.0,small,very rural,23.690508852090353,1.0,6.019602497975,1.0,1533.4742547425474,1.0,1524.2433492881187,0.01968189660398464,73.5,0.0008371581989865683,87797.02580584685,1.968189660398464,0.08371581989865683
Floyd,9.3253968254,3.0,52.8914,32.0,30.5,,227,15.379403794,750,13.0,43.308589608,93.45794,1070:1,43855,77.575757576,5350,49.700934579,53.319888303,2023,,,0.0,46.5,73.0,7.5,,0.1143,0.1758,0.0766,0.83,Very High Vulnerability,0.97,Very High Concern,1070.0,1.0,small,urban,23.690508852090353,1.0,6.019602497975,1.0,1533.4742547425474,1.0,1524.2433492881187,0.030506939736176197,127.0,0.0010020180615459755,126744.22235868339,3.0506939736176197,0.10020180615459755
Foard,,0.0,0.0,34.0,31.8,,39,16.810344828,150,12.7,,92.59259,1080:1,42616,75.247524752,1080,52.5,100.0,2023,,,0.0,15.0,25.0,0.0,,0.1293,0.1898,0.087,0.48,Moderate Vulnerability,0.93,Very High Concern,1080.0,1.0,small,very rural,23.690508852090353,1.0,6.019602497975,1.0,1533.4742547425474,1.0,1524.2433492881187,0.00984094830199232,40.0,0.001563370262254584,25585.74956025758,0.984094830199232,0.15633702622545842
Fort Bend,8.6120705326,697.0,83.00524,54.0,8.9,4.1503001556,26374,10.885302736,80400,10.2,46.900561511,82.23387,1216:1,98070,38.981996938,858527,50.710926971,5.5357676703,2023,,,0.0,8136.0,9778.0,1295.0,,0.0795,0.1228,0.0524,0.29,Low Vulnerability,0.54,Moderate Concern,1216.0,1.0,large,very urban,23.690508852090353,1.0,4.1503001556,0.0,1533.4742547425474,1.0,1527.1098763044808,5.32771094355611,19209.0,0.0009444444297343057,20338941.493258573,532.771094355611,0.09444444297343056
Franklin,5.919395466,3.0,27.72387,44.0,22.4,,256,9.9417475728,1290,12.0,58.52548462,38.2263,2616:1,51885,58.930987821,10464,50.162461774,69.12776992,2023,,,0.0,69.0,100.5,15.0,,0.1283,0.1937,0.0866,0.53,Moderate Vulnerability,0.79,High Concern,2616.0,1.0,medium,rural,23.690508852090353,1.0,6.019602497975,1.0,1533.4742547425474,1.0,1524.2433492881187,0.045268362189164676,184.5,0.0007442592661908649,247897.48462827347,4.5268362189164675,0.07442592661908648
Freestone,7.602739726,6.0,30.1902,39.0,21.2,,632,13.733159496,3360,17.0,16.558711163,50.57146,1977:1,48397,62.382978723,19774,47.886113078,66.476584578,2023,,,0.0,127.0,176.0,7.5,,0.1248,0.188,0.085,0.84,Very High Vulnerability,0.97,Very High Concern,1977.0,1.0,medium,rural,23.690508852090353,1.0,6.019602497975,1.0,1533.4742547425474,1.0,1524.2433492881187,0.08332002895686832,310.5,0.0006628155453429405,468456.12204123463,8.332002895686832,0.06628155453429405
Frio,9.7432905484,4.0,19.62805,40.0,33.7,,533,11.347668725,2910,14.5,,92.21089,1084:1,47833,82.887517147,18436,40.285311347,22.181564733,2023,,,0.0,141.5,196.5,22.5,,0.1146,0.174,0.0756,0.99,Very High Vulnerability,0.99,Very High Concern,1084.0,1.0,medium,very urban,23.690508852090353,1.0,6.019602497975,1.0,1533.4742547425474,1.0,1524.2433492881187,0.09283294564879423,360.5,0.0008253994601678778,436758.2211971377,9.283294564879423,0.08253994601678777
Gaines,5.6283978254,2.0,9.09256,27.0,20.3,,1966,24.072486837,2820,13.4,58.506224066,18.26901,5474:1,58712,60.435267857,21895,48.869604933,63.043478261,2023,,,0.0,187.0,281.0,38.5,,0.1166,0.1765,0.0789,0.68,High Vulnerability,0.99,Very High Concern,5474.0,1.0,medium,rural,23.690508852090353,1.0,6.019602497975,1.0,1533.4742547425474,1.0,1524.2433492881187,0.1226838221648376,506.5,0.0009764727116447847,518703.6913165183,12.26838221648376,0.09764727116447847
Galveston,8.5685021015,265.0,76.79178,50.0,16.4,4.7870295957,7401,8.6221559467,47740,14.1,49.523979284,103.36223,967:1,77627,49.239817818,355062,50.683542593,6.1498271595,2023,,,0.0,3026.0,3949.0,311.5,,0.1049,0.1574,0.0689,0.58,Moderate Vulnerability,0.73,High Concern,967.0,1.0,large,very urban,23.690508852090353,1.0,4.7870295957,0.0,1533.4742547425474,1.0,1526.133468100851,1.9827885720674294,7286.5,0.0008662442903768544,8411599.454040905,198.27885720674294,0.08662442903768544
Garza,8.8019559902,1.0,16.072,38.0,26.7,,142,14.639175258,1020,16.9,67.88125879,34.112230000000004,2932:1,43890,71.444201313,5863,34.129285349,22.334004024,2023,,,0.0,40.5,49.0,15.0,,0.1143,0.1758,0.0766,0.72,High Vulnerability,0.96,Very High Concern,2932.0,1.0,small,very urban,23.690508852090353,1.0,6.019602497975,1.0,1533.4742547425474,1.0,1524.2433492881187,0.026570560415379266,104.5,0.000752353606507131,138897.45339980573,2.6570560415379267,0.0752353606507131
Gillespie,8.1187010078,34.0,126.11276,57.0,14.8,,967,17.569040698,3470,13.0,,76.93153,1300:1,71594,49.115164715,27297,51.306004323,53.653822925,2023,,,0.0,163.0,202.0,25.0,,0.1008,0.1475,0.0669,0.36,Low Vulnerability,0.61,High Concern,1300.0,1.0,medium,rural,23.690508852090353,1.0,6.019602497975,1.0,1533.4742547425474,1.0,1524.2433492881187,0.10693830488164989,390.0,0.0006030805165967237,646679.8201355104,10.69383048816499,0.060308051659672374
Glasscock,,0.0,0.0,47.0,10.3,,102,26.424870466,190,13.3,,0.0,1149:0,116958,27.986348123,1149,45.953002611,100.0,2023,,,0.0,22.5,17.5,0.0,,0.1235,0.1873,0.0822,0.18,Very Low Vulnerability,0.81,Very High Concern,1149.0,0.0,small,very rural,23.690508852090353,1.0,6.019602497975,1.0,1533.4742547425474,1.0,1524.2433492881187,0.014761422452988482,40.0,0.0014694864083855095,27220.394671051818,1.4761422452988482,0.14694864083855094
Goliad,8.1027667984,,,47.0,24.3,,208,12.991880075,1070,14.1,28.449901725,13.960630000000002,7163:1,58937,50.355731225,7163,50.20242915,100.0,2023,,,0.0,46.5,75.0,2.5,,0.1134,0.1709,0.0762,0.58,Moderate Vulnerability,0.97,Very High Concern,7163.0,1.0,small,very rural,23.690508852090353,1.0,6.019602497975,1.0,1533.4742547425474,1.0,1524.2433492881187,0.030506939736176197,124.0,0.0007307222725154749,169695.1149075232,3.0506939736176197,0.07307222725154748
Gonzales,8.8122605364,7.0,33.41608,44.0,23.1,,896,15.799682596,2740,13.1,30.735924734,71.27947,1403:1,48164,78.357463804,19641,49.39157884,65.279951532,2023,,,0.0,202.0,220.5,20.0,,0.1134,0.1709,0.0762,0.9,Very High Vulnerability,0.98,Very High Concern,1403.0,1.0,medium,rural,23.690508852090353,1.0,6.019602497975,1.0,1533.4742547425474,1.0,1524.2433492881187,0.13252477046682992,442.5,0.000950988554976154,465305.28436390666,13.252477046682992,0.09509885549761539
Gray,7.1428571429,8.0,36.937850000000005,47.0,23.6,,908,16.506089802,3470,15.7,64.78755446,61.81645,1618:1,45530,61.803781298,21030,45.468378507,19.387619259,2023,,,0.0,184.0,220.0,15.0,,0.1241,0.1883,0.0824,0.84,Very High Vulnerability,0.95,Very High Concern,1618.0,1.0,medium,very urban,23.690508852090353,1.0,6.019602497975,1.0,1533.4742547425474,1.0,1524.2433492881187,0.12071563250443913,419.0,0.0008410084534895914,498211.40115946013,12.071563250443914,0.08410084534895915
Grayson,7.9365079365,62.0,44.82425,52.0,14.8,6.3785823376,4350,12.890416642,19450,14.6,39.24153424,94.73503,1056:1,62678,54.599831508,139336,50.938020325,43.150475277,2023,,,0.0,1190.0,1583.0,146.0,,0.1317,0.1945,0.0881,0.66,High Vulnerability,0.79,High Concern,1056.0,1.0,large,urban,23.690508852090353,1.0,6.3785823376,0.0,1533.4742547425474,1.0,1523.6928629460822,0.7809972921308549,2919.0,0.0008842933662446929,3300940.7414148613,78.0997292130855,0.08842933662446928
Gregg,8.7272127361,111.0,89.35112,48.0,21.6,7.5115870225,4178,13.096768126,20810,16.8,36.246509745,167.47047,597:1,57608,65.590405904,124201,51.043872433,13.36235932,2023,,,0.0,1080.0,1217.0,68.5,,0.1265,0.1924,0.0851,0.88,Very High Vulnerability,0.79,High Concern,597.0,1.0,large,very urban,23.690508852090353,1.0,7.5115870225,0.0,1533.4742547425474,1.0,1521.9554294312854,0.7096134217304692,2365.5,0.0008039396912650211,2942384.889938474,70.96134217304692,0.08039396912650211
Grimes,9.0909090909,8.0,27.014250000000004,50.0,21.7,,952,14.432989691,4270,15.0,47.244025185,29.71572,3365:1,52540,65.738036396,30287,45.260342721,68.903172455,2023,,,0.0,254.0,334.0,23.5,,0.1225,0.1864,0.0827,0.86,Very High Vulnerability,0.9,Very High Concern,3365.0,1.0,medium,rural,23.690508852090353,1.0,6.019602497975,1.0,1533.4742547425474,1.0,1524.2433492881187,0.16664005791373665,611.5,0.0008522476546027769,717514.4416032606,16.664005791373665,0.08522476546027768
Guadalupe,8.0744374367,51.0,29.89309,40.0,12.5,5.3183169091,3711,8.4875237289,18060,11.1,44.61007155,51.40197,1945:1,80145,41.107765969,177036,50.229896744,26.16225586,2023,,,0.0,1621.0,1771.0,95.0,,0.1024,0.1543,0.0667,0.43,Moderate Vulnerability,0.77,High Concern,1945.0,1.0,large,very urban,23.690508852090353,1.0,5.3183169091,0.0,1533.4742547425474,1.0,1525.3187526838806,1.0627286900838027,3487.0,0.0008314113898924898,4194072.9251386677,106.27286900838027,0.08314113898924898
Hale,8.5445094217,10.0,30.53062,37.0,28.1,,1101,12.443490054,4680,14.0,49.51778371,74.48790000000001,1343:1,47373,75.563232202,32220,47.172563625,23.099826317,2023,,,0.0,346.0,433.0,35.5,,0.1143,0.1758,0.0766,0.93,Very High Vulnerability,0.97,Very High Concern,1343.0,1.0,medium,very urban,23.690508852090353,1.0,6.019602497975,1.0,1533.4742547425474,1.0,1524.2433492881187,0.2269978741659562,814.5,0.0010670657083293508,763308.1952143512,22.699787416595623,0.10670657083293508
Hall,10.179640719,,,27.0,42.3,,89,14.262820513,510,17.0,,35.14938,2845:1,34766,81.715575621,2845,49.912126538,100.0,2023,,,0.0,25.0,20.0,2.5,,0.1241,0.1883,0.0824,0.95,Very High Vulnerability,1.0,Very High Concern,2845.0,1.0,small,very rural,23.690508852090353,1.0,6.019602497975,1.0,1533.4742547425474,1.0,1524.2433492881187,0.016401580503320537,47.5,0.0007047530268335691,67399.49768419705,1.6401580503320536,0.07047530268335692
Hamilton,8.040201005,8.0,93.49071,25.0,22.8,,316,16.889363976,1440,17.1,,97.21716,1029:1,53759,52.56869773,8229,50.22481468,64.377128097,2023,,,0.0,41.5,55.0,2.5,,0.1264,0.1929,0.0847,0.61,High Vulnerability,0.78,High Concern,1029.0,1.0,small,rural,23.690508852090353,1.0,6.019602497975,1.0,1533.4742547425474,1.0,1524.2433492881187,0.02722662363551209,99.0,0.0005078246094308546,194949.19734385153,2.722662363551209,0.05078246094308546
Hansford,6.6413662239,3.0,56.82894,45.0,16.7,,406,25.438596491,600,11.1,,58.1508,1720:1,57692,55.938416422,5159,48.885442915,40.334936754,2023,,,0.0,45.0,81.5,5.0,,0.1241,0.1883,0.0824,0.76,High Vulnerability,0.83,Very High Concern,1720.0,1.0,small,urban,23.690508852090353,1.0,6.019602497975,1.0,1533.4742547425474,1.0,1524.2433492881187,0.029522844905976963,131.5,0.001075934505938147,122219.33516793413,2.9522844905976964,0.1075934505938147
Hardeman,4.3795620438,5.0,124.65719,37.0,26.3,,188,21.33938706,600,15.2,,84.45946,1184:1,45677,76.326530612,3552,49.408783784,100.0,2023,,,0.0,35.0,38.5,5.0,,0.1293,0.1898,0.087,0.73,High Vulnerability,0.96,Very High Concern,1184.0,1.0,small,very rural,23.690508852090353,1.0,6.019602497975,1.0,1533.4742547425474,1.0,1524.2433492881187,0.02296221270464875,78.5,0.0009328725424686346,84148.68744262494,2.296221270464875,0.09328725424686346
Hardin,8.9017102823,10.0,17.15119,46.0,15.1,6.2578222778,1706,11.509141199,9210,16.1,66.330426643,57.92217,1726:1,67183,46.534464677,56973,50.566057606,51.547542784,2023,,,0.0,499.0,681.0,22.5,,0.1338,0.1949,0.0899,0.25,Low Vulnerability,0.81,Very High Concern,1726.0,1.0,large,urban,23.690508852090353,1.0,6.2578222778,0.0,1533.4742547425474,1.0,1523.8780453887866,0.3274540252810652,1202.5,0.0008909259471986854,1349719.3608301438,32.745402528106524,0.08909259471986854
Harris,8.7783547757,2788.0,58.84025,51.0,23.0,5.9292286292,161681,12.748343979,695310,14.9,50.439585496,114.57203,873:1,63539,69.079986136,4728030,50.20824741,1.2132803285,2023,,,0.0,50878.0,61695.0,13745.0,,0.1057,0.1669,0.0691,0.72,High Vulnerability,0.79,High Concern,873.0,1.0,large,very urban,23.690508852090353,1.0,5.9292286292,0.0,1533.4742547425474,1.0,1524.3819352891867,33.3761499150461,126318.0,0.001127744267540987,112009436.56794876,3337.61499150461,0.1127744267540987
Harrison,8.479741843,21.0,31.63318,45.0,20.0,6.8382220623,2012,12.12632594,10630,16.0,41.23539529,66.52205,1503:1,56645,51.609815524,69150,50.856109906,56.054303607,2023,,,0.0,546.0,628.0,66.0,,0.1276,0.1901,0.0861,0.73,High Vulnerability,0.94,Very High Concern,1503.0,1.0,large,rural,23.690508852090353,1.0,6.8382220623,0.0,1533.4742547425474,1.0,1522.9880172617977,0.3585057753649706,1240.0,0.000756928942592675,1638198.6871220479,35.850577536497056,0.07569289425926749
Hartley,6.9506726457,,,47.0,8.2,,224,18.436213992,610,10.9,,,,71332,59.027777778,5397,39.003149898,57.258330584,2023,,,0.0,38.5,42.5,12.5,,0.1241,0.1883,0.0824,0.53,Moderate Vulnerability,0.74,High Concern,,,small,rural,23.690508852090353,1.0,6.019602497975,1.0,1533.4742547425474,1.0,1524.2433492881187,0.025258433975113626,93.5,0.0007312818653069662,127857.67627473164,2.5258433975113626,0.07312818653069662
Haskell,8.8414634146,3.0,52.13764,38.0,27.4,,154,14.864864865,870,15.3,10.907424381,18.48087,5411:1,43546,68.414322251,5411,46.220661615,47.61824038,2023,,,0.0,25.0,44.5,5.0,,0.1278,0.1901,0.086,0.98,Very High Vulnerability,0.99,Very High Concern,5411.0,1.0,small,urban,23.690508852090353,1.0,6.019602497975,1.0,1533.4742547425474,1.0,1524.2433492881187,0.016401580503320537,74.5,0.0005811715547080199,128189.3433986609,1.6401580503320536,0.058117155470801984
Hays,6.9996640161,103.0,42.67396,52.0,12.6,3.6802174159,6222,10.848982581,26660,12.0,51.110830383,66.95457999999999,1494:1,79336,43.315629169,255397,50.197144054,31.712145226,2023,,,0.0,2599.0,2903.0,276.0,,0.1018,0.157,0.0664,0.49,Moderate Vulnerability,0.73,High Concern,1494.0,1.0,large,urban,23.690508852090353,1.0,3.6802174159,0.0,1533.4742547425474,1.0,1527.8307360834096,1.701104669920786,5778.0,0.0009549647847597609,6050484.88929732,170.11046699207859,0.09549647847597609
Hemphill,4.8991354467,4.0,105.90416,35.0,14.9,,248,20.735785953,500,12.9,,122.28676000000002,818:1,65387,44.811858609,3271,50.290431061,26.95035461,2023,,,0.0,27.0,30.0,0.0,,0.1241,0.1883,0.0824,0.74,High Vulnerability,0.8,Very High Concern,818.0,1.0,small,very urban,23.690508852090353,1.0,6.019602497975,1.0,1533.4742547425474,1.0,1524.2433492881187,0.017713706943586177,57.0,0.0007355630796728232,77491.65445518754,1.7713706943586178,0.07355630796728233
Henderson,7.6177068669,27.0,32.22265,52.0,22.7,8.6275762901,2134,11.777041943,13710,16.7,52.683585114,53.78465,1859:1,50348,68.687435682,83667,50.83724766,60.110528192,2023,,,0.0,610.0,734.0,27.5,,0.1398,0.2105,0.0948,0.72,High Vulnerability,0.9,Very High Concern,1859.0,1.0,large,rural,23.690508852090353,1.0,8.6275762901,0.0,1533.4742547425474,1.0,1520.2440886208517,0.4012513546777775,1371.5,0.0006919380699250406,1982113.8041278436,40.12513546777775,0.06919380699250406
Hidalgo,8.6074300215,406.0,46.3894,47.0,37.6,4.3081601622,41304,14.839831568,164720,19.1,80.255526351,102.79932,973:1,44260,85.880367608,880356,50.671660101,5.1386929524,2023,,,0.0,10505.0,13197.0,2562.0,,0.1074,0.1741,0.0695,0.98,Very High Vulnerability,0.99,Very High Concern,973.0,1.0,large,very urban,23.690508852090353,1.0,4.3081601622,0.0,1533.4742547425474,1.0,1526.8678020485063,6.880097927211561,26264.0,0.0012592969518377434,20856081.610990856,688.0097927211561,0.12592969518377434
Hill,7.9505300353,9.0,24.32038,40.0,21.3,,1184,13.587330732,5370,14.9,41.380210643,49.35428,2026:1,52495,61.761919798,36471,49.787502399,76.266066289,2023,,,0.0,318.0,399.0,20.0,,0.1248,0.188,0.085,0.87,Very High Vulnerability,0.93,Very High Concern,2026.0,1.0,medium,rural,23.690508852090353,1.0,6.019602497975,1.0,1533.4742547425474,1.0,1524.2433492881187,0.20862810400223722,737.0,0.0008529929217351859,864016.5483445873,20.862810400223722,0.08529929217351859
Hockley,9.2833092833,14.0,61.07936,37.0,22.8,,856,14.016702145,3390,14.7,41.795146612,70.21486,1424:1,51078,64.010338143,21363,50.156813182,39.847394811,2023,,,0.0,254.0,299.0,15.0,,0.1143,0.1758,0.0766,0.9,Very High Vulnerability,0.97,Very High Concern,1424.0,1.0,medium,urban,23.690508852090353,1.0,6.019602497975,1.0,1533.4742547425474,1.0,1524.2433492881187,0.16664005791373665,568.0,0.0011223070889826475,506100.3406072062,16.664005791373665,0.11223070889826475
Hood,7.0512820513,27.0,42.50161,52.0,16.1,7.3042684319,1559,11.453971053,7780,13.0,78.755296044,73.18364,1366:1,68911,52.990591398,64222,50.928030893,32.845531632,2023,,,0.0,473.0,647.0,55.0,,0.1134,0.1689,0.0762,0.26,Low Vulnerability,0.66,High Concern,1366.0,1.0,large,urban,23.690508852090353,1.0,7.3042684319,0.0,1533.4742547425474,1.0,1522.2733471525,0.3107194912692742,1175.0,0.0007722886482829354,1521451.8594989467,31.071949126927418,0.07722886482829354
Hopkins,7.2887213321,10.0,26.90342,49.0,20.6,,1296,14.007782101,5170,14.1,47.409821557,96.74559,1034:1,56680,60.551948052,37211,50.595254092,59.62572168,2023,,,0.0,343.0,412.0,20.0,,0.1283,0.1937,0.0866,0.71,High Vulnerability,0.76,High Concern,1034.0,1.0,large,rural,23.690508852090353,1.0,6.019602497975,1.0,1533.4742547425474,1.0,1524.2433492881187,0.22502968450555774,775.0,0.0008791358130036056,881547.5248951341,22.502968450555773,0.08791358130036056
Houston,9.5457537854,4.0,17.51697,42.0,28.8,,463,10.425579824,3880,16.9,41.141908874,71.93921,1390:1,45603,70.635910224,22241,46.126523088,73.487274566,2023,,,0.0,139.0,161.5,20.0,,0.1365,0.206,0.093,0.91,Very High Vulnerability,0.97,Very High Concern,1390.0,1.0,medium,rural,23.690508852090353,1.0,6.019602497975,1.0,1533.4742547425474,1.0,1524.2433492881187,0.09119278759846218,320.5,0.0006082741137727639,526900.6073793415,9.119278759846217,0.06082741137727639
Howard,9.7485253027,10.0,27.36727,36.0,19.4,,945,11.800699301,5840,16.1,47.882369016,117.20581,853:1,55842,56.391382406,34128,42.123769339,20.064549297,2023,,,0.0,283.0,397.0,17.5,,0.1235,0.1873,0.0822,0.92,Very High Vulnerability,0.97,Very High Concern,853.0,1.0,medium,very urban,23.690508852090353,1.0,6.019602497975,1.0,1533.4742547425474,1.0,1524.2433492881187,0.18566589129758845,697.5,0.0008626983844324148,808509.6861041395,18.566589129758846,0.08626983844324147
Hudspeth,10.526315789,,,21.0,34.8,,218,22.614107884,850,18.1,,0.0,3287:0,38904,88.013136289,3287,46.273197444,100.0,2023,,,0.0,34.5,71.5,10.0,,0.1166,0.1765,0.0789,0.98,Very High Vulnerability,0.98,Very High Concern,3287.0,0.0,small,very rural,23.690508852090353,1.0,6.019602497975,1.0,1533.4742547425474,1.0,1524.2433492881187,0.022634181094582338,116.0,0.001489648816970294,77870.702596821,2.2634181094582337,0.1489648816970294
Hunt,8.6433394721,29.0,29.05608,43.0,17.6,7.3944103271,2734,11.283532811,14620,15.2,49.665821138,72.53806,1379:1,58326,57.242331818,103394,50.50583206,56.631332072,2023,,,0.0,1095.0,1277.0,100.0,,0.1122,0.1653,0.0743,0.83,Very High Vulnerability,0.87,Very High Concern,1379.0,1.0,large,rural,23.690508852090353,1.0,7.3944103271,0.0,1533.4742547425474,1.0,1522.135116876937,0.7193842306500899,2472.0,0.0010092034816712762,2449456.47225303,71.93842306500899,0.10092034816712762
Hutchinson,8.803728638,5.0,24.18146,44.0,17.5,,745,13.967004124,3140,14.9,72.830580163,63.4301,1577:1,56646,50.609756098,20495,49.212002928,22.564334086,2023,,,0.0,151.0,219.0,12.5,,0.1241,0.1883,0.0824,0.66,High Vulnerability,0.86,Very High Concern,1577.0,1.0,medium,very urban,23.690508852090353,1.0,6.019602497975,1.0,1533.4742547425474,1.0,1524.2433492881187,0.09906554624005603,382.5,0.0007877875766496324,485536.9789235918,9.906554624005604,0.07877875766496324
Irion,11.538461538,0.0,0.0,45.0,12.4,,59,16.388888889,200,13.1,,0.0,1552:0,69966,41.486068111,1552,49.484536082,100.0,2023,,,0.0,22.5,20.0,0.0,,0.1235,0.1873,0.0822,0.2,Low Vulnerability,0.88,Very High Concern,1552.0,0.0,small,very rural,23.690508852090353,1.0,6.019602497975,1.0,1533.4742547425474,1.0,1524.2433492881187,0.014761422452988482,42.5,0.0011559068143924837,36767.66973844423,1.4761422452988482,0.11559068143924837
Jack,7.2900158479,5.0,55.21201000000001,35.0,20.6,,292,14.476945959,1420,15.9,,68.87052,1452:1,51846,65.995115995,8712,43.721303949,53.217602831,2023,,,0.0,65.5,91.5,5.0,,0.1293,0.1898,0.087,0.65,High Vulnerability,0.98,Very High Concern,1452.0,1.0,small,urban,23.690508852090353,1.0,6.019602497975,1.0,1533.4742547425474,1.0,1524.2433492881187,0.0429721409186998,162.0,0.0007849152349749253,206391.71311941117,4.29721409186998,0.07849152349749253
Jackson,7.2108843537,2.0,13.46439,40.0,18.1,,587,15.097736626,2190,14.8,35.973896055,72.74651,1375:1,60666,52.333759591,15121,49.990080021,61.818827709,2023,,,0.0,171.5,207.0,2.5,,0.1134,0.1709,0.0762,0.68,High Vulnerability,0.93,Very High Concern,1375.0,1.0,medium,rural,23.690508852090353,1.0,6.019602497975,1.0,1533.4742547425474,1.0,1524.2433492881187,0.11251484225277887,381.0,0.001063579782277158,358224.1843524582,11.251484225277887,0.1063579782277158
Jasper,8.4089323098,12.0,33.92226,40.0,32.2,,967,11.594724221,6970,19.6,53.342158311,81.88021,1221:1,50038,65.382567016,32975,50.147081122,78.185382246,2023,,,0.0,243.0,333.0,17.5,,0.1428,0.2169,0.0983,0.82,Very High Vulnerability,0.92,Very High Concern,1221.0,1.0,medium,rural,23.690508852090353,1.0,6.019602497975,1.0,1533.4742547425474,1.0,1524.2433492881187,0.1594233624922756,593.5,0.0007597339429112534,781194.5293976794,15.942336249227559,0.07597339429112533
Jeff Davis,9.2592592593,1.0,45.04505,20.0,57.1,,20,31.25,350,15.7,,51.30836,1949:1,56149,45.25862069,1949,49.615187276,100.0,2023,,,0.0,17.5,10.0,0.0,,0.1166,0.1765,0.0789,0.36,Low Vulnerability,0.89,Very High Concern,1949.0,1.0,small,very rural,23.690508852090353,1.0,6.019602497975,1.0,1533.4742547425474,1.0,1524.2433492881187,0.011481106352324374,27.5,0.0005955887222801584,46172.801752724095,1.1481106352324375,0.05955887222801584
Jefferson,10.308434918,129.0,51.5738,46.0,27.0,8.6384204031,7432,12.279223461,46070,18.2,56.477132093,139.53268,717:1,55575,69.418019693,253704,48.458045596,8.4020089348,2023,,,0.0,2568.0,3291.0,418.0,,0.1231,0.1913,0.0827,0.86,Very High Vulnerability,0.95,Very High Concern,717.0,1.0,large,very urban,23.690508852090353,1.0,8.6384204031,0.0,1533.4742547425474,1.0,1520.2274594527507,1.6892209018013824,6277.0,0.0010443604699833058,6010376.857810731,168.92209018013824,0.10443604699833058
Jim Hogg,7.9766536965,1.0,19.29012,38.0,37.1,,181,11.536010198,1020,19.7,,,,37454,87.04028021,4801,48.052489065,17.396226415,2023,,,0.0,34.5,40.5,0.0,,0.1146,0.1867,0.0742,0.99,Very High Vulnerability,1.0,Very High Concern,,,small,very urban,23.690508852090353,1.0,6.019602497975,1.0,1533.4742547425474,1.0,1524.2433492881187,0.022634181094582338,75.0,0.0006594094524193985,113738.13299888579,2.2634181094582337,0.06594094524193986
Jim Wells,10.414114188,10.0,24.72066,43.0,29.3,4.8959608323,1274,11.431135038,7420,18.2,78.561748264,102.96805,971:1,43852,78.986915404,38847,50.353952686,40.085214751,2023,,,0.0,390.0,512.0,15.0,,0.0992,0.1603,0.0642,0.92,Very High Vulnerability,0.99,Very High Concern,971.0,1.0,large,urban,23.690508852090353,1.0,4.8959608323,0.0,1533.4742547425474,1.0,1525.9664248539875,0.2555757411486411,917.0,0.0009964085855577328,920305.1973771539,25.557574114864114,0.09964085855577327
Johnson,6.8209583277,78.0,43.43589,49.0,12.8,6.3472563473,6538,13.608642258,22190,12.9,44.900670064,72.61854,1377:1,76226,49.06062587,187280,49.832870568,37.874170167,2023,,,0.0,1522.0,1948.0,109.5,,0.1346,0.1961,0.0907,0.51,Moderate Vulnerability,0.73,High Concern,1377.0,1.0,large,urban,23.690508852090353,1.0,6.3472563473,0.0,1533.4742547425474,1.0,1523.7409005457116,0.9988574825647273,3579.5,0.000806782699973236,4436758.497819481,99.88574825647272,0.0806782699973236
Jones,7.5825156111,4.0,20.12579,36.0,22.0,,381,10.571587125,2740,13.8,45.158368077,45.28758,2208:1,52288,62.476262818,19873,36.728224224,85.14998515,2023,,,0.0,132.0,181.5,10.0,,0.1278,0.1901,0.086,0.63,High Vulnerability,0.97,Very High Concern,2208.0,1.0,medium,very rural,23.690508852090353,1.0,6.019602497975,1.0,1533.4742547425474,1.0,1524.2433492881187,0.08660034505753243,323.5,0.0006871261287003806,470801.4824175916,8.660034505753243,0.06871261287003806
Karnes,8.2516339869,4.0,25.70364,45.0,25.0,,427,12.154853402,2060,13.2,42.071679251,33.88911,2951:1,48470,65.744203441,14754,41.62938864,38.390447922,2023,,,0.0,92.5,140.0,10.0,,0.1134,0.1709,0.0762,0.84,Very High Vulnerability,0.97,Very High Concern,2951.0,1.0,medium,urban,23.690508852090353,1.0,6.019602497975,1.0,1533.4742547425474,1.0,1524.2433492881187,0.06068584786228598,242.5,0.0006937892633937839,349529.7676037411,6.068584786228598,0.0693789263393784
Kaufman,8.1678437889,35.0,24.44168,52.0,12.0,5.1059484299,4790,11.569489397,16130,12.4,45.533675253,53.24274,1878:1,73660,52.744870063,157768,50.624334466,48.817610063,2023,,,0.0,2238.0,2396.0,152.5,,0.1236,0.185,0.0839,0.57,Moderate Vulnerability,0.77,High Concern,1878.0,1.0,large,urban,23.690508852090353,1.0,5.1059484299,0.0,1533.4742547425474,1.0,1525.6444142792525,1.4669211115338956,4786.5,0.001280633192584062,3737604.200576591,146.69211115338956,0.1280633192584062
Kendall,7.6547842402,41.0,84.49601,53.0,9.2,,1470,12.518095887,4700,10.3,,132.51261,755:1,102832,23.795791947,46788,50.414636232,58.159233762,2023,,,0.0,353.0,431.0,32.0,,0.1008,0.1475,0.0669,0.23,Low Vulnerability,0.47,Moderate Concern,755.0,1.0,large,rural,23.690508852090353,1.0,6.019602497975,1.0,1533.4742547425474,1.0,1524.2433492881187,0.23159031670688596,816.0,0.000736175378686693,1108431.5281716033,23.159031670688595,0.0736175378686693
Kenedy,,0.0,0.0,36.0,23.4,,29,39.726027397,40,10.9,,0.0,340:0,42379,52.808988764,340,48.235294118,100.0,2023,,,0.0,10.0,7.5,0.0,,0.0992,0.1603,0.0642,0.73,High Vulnerability,0.99,Very High Concern,340.0,0.0,small,very rural,23.690508852090353,1.0,6.019602497975,1.0,1533.4742547425474,1.0,1524.2433492881187,0.006560632201328214,17.5,0.0021726248497508554,8054.7730097107205,0.6560632201328214,0.21726248497508555
Kent,,0.0,0.0,25.0,15.8,,28,14.893617021,100,14.1,,0.0,749:0,54154,38.636363636,749,47.396528705,100.0,2023,,,0.0,2.5,5.0,0.0,,0.1278,0.1901,0.086,0.44,Moderate Vulnerability,0.91,Very High Concern,749.0,0.0,small,very rural,23.690508852090353,1.0,6.019602497975,1.0,1533.4742547425474,1.0,1524.2433492881187,0.0016401580503320535,7.5,0.00042267353552276804,17744.191130215673,0.16401580503320534,0.0422673535522768
Kerr,8.3084442031,45.0,85.11604,53.0,20.1,6.0109289617,1484,14.706173818,7690,14.7,61.072780424,116.62685,857:1,60834,58.270398341,53161,51.511446361,41.102267003,2023,,,0.0,332.0,422.0,23.5,,0.1008,0.1475,0.0669,0.7,High Vulnerability,0.6,High Concern,857.0,1.0,large,urban,23.690508852090353,1.0,6.0109289617,0.0,1533.4742547425474,1.0,1524.256649932694,0.21781108845066216,777.5,0.0006173520105035524,1259411.1410859753,21.781108845066218,0.06173520105035524
Kimble,8.3591331269,4.0,90.99181,30.0,32.1,,122,14.950980392,730,16.8,,114.54754,873:1,48671,65.442404007,4365,50.652920962,44.302148904,2023,,,0.0,37.0,35.5,2.5,,0.1235,0.1873,0.0822,0.59,Moderate Vulnerability,0.82,Very High Concern,873.0,1.0,small,urban,23.690508852090353,1.0,6.019602497975,1.0,1533.4742547425474,1.0,1524.2433492881187,0.024274339144914392,75.0,0.0007252748639325388,103409.0711393744,2.427433914491439,0.07252748639325388
King,,0.0,0.0,,14.5,,22,27.848101266,60,23.2,,0.0,258:0,74890,21.25984252,258,47.674418605,100.0,2023,,,0.0,0.0,10.0,0.0,,0.1143,0.1758,0.0766,0.2,Very Low Vulnerability,0.68,High Concern,258.0,0.0,small,very rural,23.690508852090353,1.0,6.019602497975,1.0,1533.4742547425474,1.0,1524.2433492881187,0.0,10.0,0.001636085158173402,6112.151283839311,0.0,0.16360851581734018
Kinney,6.7226890756,,,28.0,24.7,,109,15.013774105,600,16.2,,63.89776,1565:1,50567,64.161849711,3130,44.313099042,20.455808783,2023,,,0.0,25.0,31.5,0.0,,0.107,0.1724,0.0705,0.86,Very High Vulnerability,0.98,Very High Concern,1565.0,1.0,small,very urban,23.690508852090353,1.0,6.019602497975,1.0,1533.4742547425474,1.0,1524.2433492881187,0.016401580503320537,56.5,0.0007619556981052293,74151.29270704281,1.6401580503320536,0.07619556981052293
Kleberg,8.2252559727,13.0,42.85055,42.0,32.0,,849,11.300412618,5490,17.9,49.461018366,52.22783999999999,1915:1,49226,70.935765266,30635,49.198629019,18.870278532,2023,,,0.0,286.0,375.0,7.5,,0.0992,0.1603,0.0642,0.98,Very High Vulnerability,0.99,Very High Concern,1915.0,1.0,medium,very urban,23.690508852090353,1.0,6.019602497975,1.0,1533.4742547425474,1.0,1524.2433492881187,0.18763408095798692,668.5,0.0009211049958728288,725758.738683788,18.76340809579869,0.09211049958728289
Knox,6.8322981366,1.0,27.15178,14.0,28.6,,174,17.827868852,490,13.3,39.368795812,179.05103,559:1,45558,61.096605744,3351,50.402864816,100.0,2023,,,0.0,27.5,48.5,0.0,,0.1278,0.1901,0.086,0.8,High Vulnerability,0.93,Very High Concern,559.0,1.0,small,very rural,23.690508852090353,1.0,6.019602497975,1.0,1533.4742547425474,1.0,1524.2433492881187,0.018041738553652587,76.0,0.0009573368481487336,79386.89516335477,1.8041738553652586,0.09573368481487336
La Salle,10.849056604,,,29.0,32.3,,169,11.59917639,1060,14.1,,194.90255,513:1,40549,78.260869565,6670,40.539730135,46.354923032,2023,,,0.0,45.5,63.0,2.5,,0.107,0.1724,0.0705,0.82,Very High Vulnerability,0.97,Very High Concern,513.0,1.0,small,urban,23.690508852090353,1.0,6.019602497975,1.0,1533.4742547425474,1.0,1524.2433492881187,0.029850876516043373,111.0,0.0007024618704613175,158015.69404344267,2.985087651604337,0.07024618704613175
Lamar,8.4627159414,20.0,40.07614,50.0,25.2,7.0609002648,1610,13.386546936,9020,18.1,45.626298291,139.72614000000002,716:1,50787,60.81048581,50098,51.45514791,47.082923302,2023,,,0.0,498.0,629.0,22.5,,0.1283,0.1937,0.0866,0.84,Very High Vulnerability,0.94,Very High Concern,716.0,1.0,large,urban,23.690508852090353,1.0,7.0609002648,0.0,1533.4742547425474,1.0,1522.6465459711717,0.3270621151820671,1149.5,0.0009685324991908739,1186847.1124720224,32.706211518206715,0.09685324991908739
Lamb,8.5894405043,4.0,31.47128,32.0,26.3,,547,15.522133939,1980,15.2,30.81841909,62.02512,1612:1,48981,69.924541861,12898,49.9612343,57.687629677,2023,,,0.0,139.5,159.5,12.5,,0.1143,0.1758,0.0766,0.9,Very High Vulnerability,0.99,Very High Concern,1612.0,1.0,medium,rural,23.690508852090353,1.0,6.019602497975,1.0,1533.4742547425474,1.0,1524.2433492881187,0.09152081920852859,311.5,0.0010194391061166212,305560.18317426136,9.152081920852858,0.10194391061166211
Lampasas,6.0264900662,9.0,41.30525,24.0,19.4,,599,12.269561655,3020,14.3,27.811875028,44.93978,2225:1,64401,53.117408907,22252,50.319072443,68.267520455,2023,,,0.0,89.5,92.0,10.0,,0.1264,0.1929,0.0847,0.54,Moderate Vulnerability,0.88,Very High Concern,2225.0,1.0,medium,rural,23.690508852090353,1.0,6.019602497975,1.0,1533.4742547425474,1.0,1524.2433492881187,0.05871765820188752,191.5,0.000363266490247498,527161.2029767146,5.871765820188752,0.036326649024749795
Lavaca,7.1911493546,14.0,69.25208,47.0,15.9,,591,12.046473706,2480,12.4,37.637176067,77.88162,1284:1,54421,37.42280774,20544,50.910241433,81.316513523,2023,,,0.0,175.0,239.0,15.0,,0.1134,0.1709,0.0762,0.69,High Vulnerability,0.91,Very High Concern,1284.0,1.0,medium,very rural,23.690508852090353,1.0,6.019602497975,1.0,1533.4742547425474,1.0,1524.2433492881187,0.11481106352324374,429.0,0.0008814504355381058,486697.8138573442,11.481106352324375,0.08814504355381057
Lee,7.1917808219,4.0,22.99247,51.0,18.1,,477,13.047045952,2050,12.0,44.747323779,22.59121,4427:1,59469,62.434675684,17706,49.107647125,69.720683843,2023,,,0.0,190.0,171.0,7.5,,0.124,0.188,0.0827,0.68,High Vulnerability,0.88,Very High Concern,4427.0,1.0,medium,rural,23.690508852090353,1.0,6.019602497975,1.0,1533.4742547425474,1.0,1524.2433492881187,0.12465201182523607,368.5,0.0008785017747826716,419464.1497351118,12.465201182523607,0.08785017747826716
Leon,7.3342736248,,,43.0,23.8,,708,17.633872976,3010,17.4,41.965456189,31.33028,3192:1,51582,58.362760835,15959,49.909142177,100.0,2023,,,0.0,114.5,154.0,12.5,,0.1225,0.1864,0.0827,0.62,High Vulnerability,0.92,Very High Concern,3192.0,1.0,medium,very rural,23.690508852090353,1.0,6.019602497975,1.0,1533.4742547425474,1.0,1524.2433492881187,0.07511923870520805,281.0,0.0007432351763722995,378076.83077050996,7.511923870520805,0.07432351763722995
Liberty,8.5500490677,19.0,20.75437,39.0,22.0,6.8758594824,3306,12.773849542,14420,16.7,38.264390733,40.97479,2441:1,57174,77.039155735,97621,50.224849162,63.227264915,2023,,,0.0,1218.0,1397.0,119.5,,0.1377,0.2028,0.0929,0.94,Very High Vulnerability,0.97,Very High Concern,2441.0,1.0,large,rural,23.690508852090353,1.0,6.8758594824,0.0,1533.4742547425474,1.0,1522.9303012470596,0.7997739614233391,2734.5,0.00118238874338154,2312691.164649912,79.97739614233392,0.11823887433815401
Limestone,10.221550856,9.0,38.56041,41.0,24.5,,651,12.799842705,3860,16.5,29.147404479,63.294,1580:1,50381,74.421768707,22119,48.225507482,53.617858365,2023,,,0.0,199.0,245.0,15.0,,0.1248,0.188,0.085,0.95,Very High Vulnerability,0.98,Very High Concern,1580.0,1.0,medium,urban,23.690508852090353,1.0,6.019602497975,1.0,1533.4742547425474,1.0,1524.2433492881187,0.13055658080643145,459.0,0.0008759368714734418,524010.3652993865,13.055658080643145,0.08759368714734418
Lipscomb,5.3691275168,,,38.0,19.0,,224,27.757125155,430,13.0,,34.118050000000004,2931:1,64249,67.213114754,2931,48.515864893,100.0,2023,,,0.0,25.0,22.0,2.5,,0.1241,0.1883,0.0824,0.46,Moderate Vulnerability,0.87,Very High Concern,2931.0,1.0,small,very rural,23.690508852090353,1.0,6.019602497975,1.0,1533.4742547425474,1.0,1524.2433492881187,0.016401580503320537,49.5,0.0007128776374968445,69436.88144547683,1.6401580503320536,0.07128776374968444
Live Oak,7.2589382449,1.0,8.11425,36.0,25.0,,413,16.202432326,2070,17.0,,43.94832,2275:1,52910,63.069245165,11377,44.721807155,100.0,2023,,,0.0,48.0,80.0,12.5,,0.1146,0.1867,0.0742,0.69,High Vulnerability,0.95,Very High Concern,2275.0,1.0,medium,very rural,23.690508852090353,1.0,6.019602497975,1.0,1533.4742547425474,1.0,1524.2433492881187,0.03149103456637543,140.5,0.0005212837382317627,269526.9192102319,3.1491034566375427,0.05212837382317627
Llano,8.0576759966,15.0,68.31223,42.0,23.1,,489,14.399293286,3150,14.7,68.222322912,54.60005,1832:1,61037,63.660762211,21978,51.305851306,45.179006269,2023,,,0.0,140.0,179.5,16.0,,0.1264,0.1929,0.0847,0.47,Moderate Vulnerability,0.76,High Concern,1832.0,1.0,medium,urban,23.690508852090353,1.0,6.019602497975,1.0,1533.4742547425474,1.0,1524.2433492881187,0.091848850818595,335.5,0.0006443620675508758,520670.00355124177,9.1848850818595,0.06443620675508759
Loving,,0.0,0.0,,8.7,,15,24.193548387,30,24.3,,0.0,57:0,100917,,57,24.561403509,100.0,2023,,,0.0,5.0,5.0,0.0,,0.1166,0.1765,0.0789,0.76,High Vulnerability,0.83,Very High Concern,57.0,0.0,small,very rural,23.690508852090353,1.0,6.019602497975,1.0,1533.4742547425474,1.0,1524.2433492881187,0.003280316100664107,10.0,0.007405438084363818,1350.35900456915,0.3280316100664107,0.7405438084363818
Lubbock,8.5707294907,258.0,81.96409,49.0,17.6,5.0146259925,6894,9.0741569484,45900,14.9,50.933616777,169.81978,589:1,57270,60.029784649,314451,50.614563159,11.335540166,2023,,,0.0,3448.0,3912.0,134.5,,0.109,0.1714,0.0711,0.75,High Vulnerability,0.74,High Concern,589.0,1.0,large,very urban,23.690508852090353,1.0,5.0146259925,0.0,1533.4742547425474,1.0,1525.784454885886,2.259821162129927,7494.5,0.0010060401067975883,7449504.1990486635,225.98211621299268,0.10060401067975883
Lynn,9.7276264591,5.0,82.98755,37.0,23.2,,250,14.95215311,910,15.4,,52.74262,1896:1,50374,51.526479751,5688,47.55625879,56.720202874,2023,,,0.0,65.0,77.5,5.0,,0.1143,0.1758,0.0766,0.89,Very High Vulnerability,0.99,Very High Concern,1896.0,1.0,small,rural,23.690508852090353,1.0,6.019602497975,1.0,1533.4742547425474,1.0,1524.2433492881187,0.04264410930863339,147.5,0.0010946065522905908,134751.61435068992,4.264410930863339,0.10946065522905908
Madison,8.0589254766,2.0,13.8629,42.0,23.4,,372,11.907810499,1950,13.6,50.343784446,29.15877,3430:1,48251,72.359290671,13718,42.484327161,67.403395785,2023,,,0.0,120.0,156.5,22.5,,0.1225,0.1864,0.0827,0.84,Very High Vulnerability,0.96,Very High Concern,3430.0,1.0,medium,rural,23.690508852090353,1.0,6.019602497975,1.0,1533.4742547425474,1.0,1524.2433492881187,0.07872758641593856,299.0,0.0009200384988468623,324986.40043297544,7.872758641593856,0.09200384988468624
Marion,9.0177133655,,,35.0,34.3,,209,11.508810573,1800,18.1,51.705579386,31.1042,3215:1,43178,75.224123879,9645,51.487817522,100.0,2023,,,0.0,53.5,45.5,7.5,,0.1276,0.1901,0.0861,0.69,High Vulnerability,0.97,Very High Concern,3215.0,1.0,medium,very rural,23.690508852090353,1.0,6.019602497975,1.0,1533.4742547425474,1.0,1524.2433492881187,0.03509938227710595,106.5,0.00046609343588523134,228494.95787841146,3.509938227710595,0.04660934358852313
Martin,7.6452599388,1.0,17.19395,25.0,20.1,,396,20.700470465,660,11.7,,76.7607,1303:1,69505,48.59375,5211,49.664171944,100.0,2023,,,0.0,39.0,45.0,5.0,,0.1235,0.1873,0.0822,0.42,Moderate Vulnerability,0.89,Very High Concern,1303.0,1.0,small,very rural,23.690508852090353,1.0,6.019602497975,1.0,1533.4742547425474,1.0,1524.2433492881187,0.025586465585180036,89.0,0.0007209324007287978,123451.24162824283,2.5586465585180034,0.07209324007287977
Mason,,,,45.0,20.8,,210,23.153252481,520,12.2,,76.0842,1314:1,56690,47.346368715,3943,49.277200101,100.0,2023,,,0.0,30.0,29.5,7.5,,0.1235,0.1873,0.0822,0.36,Low Vulnerability,0.81,Very High Concern,1314.0,1.0,small,very rural,23.690508852090353,1.0,6.019602497975,1.0,1533.4742547425474,1.0,1524.2433492881187,0.01968189660398464,67.0,0.000717255086081294,93411.67640379227,1.968189660398464,0.0717255086081294
Matagorda,8.5547290117,14.0,38.12117,42.0,31.7,,1313,13.637307852,6400,17.4,61.405185157,77.0416,1298:1,50054,72.004591764,36344,49.72485142,36.417633916,2023,,,0.0,388.0,501.0,29.5,,0.1114,0.1704,0.0738,0.91,Very High Vulnerability,0.94,Very High Concern,1298.0,1.0,medium,urban,23.690508852090353,1.0,6.019602497975,1.0,1533.4742547425474,1.0,1524.2433492881187,0.2545525294115347,918.5,0.0010667730799797093,861007.8537203718,25.45525294115347,0.10667730799797093
Maverick,8.3267352864,13.0,22.26866,27.0,28.0,6.915813273,2663,14.710269016,11660,20.1,84.828082438,48.2293,2073:1,41815,83.333333333,58056,49.671007303,9.2557779498,2023,,,0.0,837.0,1029.0,106.5,,0.107,0.1724,0.0705,0.97,Very High Vulnerability,1.0,Very High Concern,2073.0,1.0,large,very urban,23.690508852090353,1.0,6.915813273,0.0,1533.4742547425474,1.0,1522.869033137795,0.5496204741095849,1972.5,0.0014341530891212536,1375376.1819169575,54.96204741095849,0.14341530891212537
McCulloch,7.5471698113,5.0,63.9141,31.0,29.0,,241,14.068884997,1320,16.6,,66.37462,1507:1,43525,66.381987578,7533,49.67476437,35.325365206,2023,,,0.0,65.5,96.0,2.5,,0.1235,0.1873,0.0822,0.74,High Vulnerability,0.93,Very High Concern,1507.0,1.0,small,urban,23.690508852090353,1.0,6.019602497975,1.0,1533.4742547425474,1.0,1524.2433492881187,0.0429721409186998,164.0,0.000918970333368286,178460.60318279662,4.29721409186998,0.0918970333368286
McLennan,8.5205170034,201.0,77.38806,52.0,18.2,6.2644246621,6490,10.181350402,39140,15.4,45.938165251,91.59493,1092:1,58524,63.36644519,263115,51.0153355,23.351893949,2023,,,0.0,2534.0,3163.0,161.0,,0.1128,0.178,0.0742,0.84,Very High Vulnerability,0.88,Very High Concern,1092.0,1.0,large,very urban,23.690508852090353,1.0,6.2644246621,0.0,1533.4742547425474,1.0,1523.8679208024428,1.662873773644135,5858.0,0.0009397868646780249,6233328.236617753,166.28737736441352,0.09397868646780248
McMullen,,0.0,0.0,26.0,17.6,,28,17.610062893,70,9.3,,164.47368,608:1,63120,24.719101124,608,47.203947368,100.0,2023,,,0.0,10.0,10.0,0.0,,0.1146,0.1867,0.0742,0.76,High Vulnerability,0.83,Very High Concern,608.0,1.0,small,very rural,23.690508852090353,1.0,6.019602497975,1.0,1533.4742547425474,1.0,1524.2433492881187,0.006560632201328214,20.0,0.001388519640818216,14403.829382070935,0.6560632201328214,0.1388519640818216
Medina,8.2891566265,13.0,24.82906,39.0,19.6,5.9701492537,1382,11.123631681,6180,12.2,71.187362681,21.16158,4726:1,62907,55.025613849,51981,47.871337604,61.555014563,2023,,,0.0,331.0,421.0,25.0,,0.1146,0.174,0.0756,0.67,High Vulnerability,0.95,Very High Concern,4726.0,1.0,large,rural,23.690508852090353,1.0,5.9701492537,0.0,1533.4742547425474,1.0,1524.319184565028,0.2171461222502769,777.0,0.0006309602495496224,1231456.3406405086,21.71461222502769,0.06309602495496223
Menard,8.064516129,1.0,47.08098,27.0,32.9,,87,21.914357683,350,16.8,,0.0,1982:0,41507,59.856630824,1982,49.293642785,100.0,2023,,,0.0,21.0,25.0,0.0,,0.1235,0.1873,0.0822,0.59,Moderate Vulnerability,0.97,Very High Concern,1982.0,0.0,small,very rural,23.690508852090353,1.0,6.019602497975,1.0,1533.4742547425474,1.0,1524.2433492881187,0.01377732762278925,46.0,0.0009796699625228018,46954.58854484308,1.377732762278925,0.09796699625228017
Midland,8.2581337496,65.0,36.54498,45.0,12.9,5.3123462863,7658,14.274796354,20680,12.1,45.894263297,122.64168,815:1,84837,49.156146179,167969,49.195982592,12.291776258,2023,,,0.0,2332.0,2500.0,191.5,,0.1034,0.1564,0.067,0.47,Moderate Vulnerability,0.72,High Concern,815.0,1.0,large,very urban,23.690508852090353,1.0,5.3123462863,0.0,1533.4742547425474,1.0,1525.327908480229,1.528851591211954,5023.5,0.0012624171355176811,3979271.0813767645,152.88515912119541,0.1262417135517681
Milam,6.8126520681,2.0,8.09454,46.0,22.7,,783,13.530326594,3850,15.5,20.180449818,79.66223,1255:1,53320,65.912689437,25106,50.159324464,56.182089914,2023,,,0.0,217.0,305.0,15.0,,0.1225,0.1864,0.0827,0.76,High Vulnerability,0.95,Very High Concern,1255.0,1.0,medium,rural,23.690508852090353,1.0,6.019602497975,1.0,1533.4742547425474,1.0,1524.2433492881187,0.14236571876882226,537.0,0.0009028640736249984,594773.9152405804,14.236571876882225,0.09028640736249985
Mills,8.2706766917,1.0,20.66116,20.0,22.5,,177,18.1724846,650,13.4,,66.96429,1493:1,54948,53.105196451,4480,48.794642857,100.0,2023,,,0.0,28.5,34.0,2.5,,0.1264,0.1929,0.0847,0.77,High Vulnerability,0.95,Very High Concern,1493.0,1.0,small,very rural,23.690508852090353,1.0,6.019602497975,1.0,1533.4742547425474,1.0,1524.2433492881187,0.01869780177378541,65.0,0.0006124363415751775,106133.47965736478,1.8697801773785412,0.06124363415751775
Mitchell,9.8283931357,4.0,48.76859,31.0,25.3,,242,13.109425785,1100,13.3,,44.10143,2268:1,44476,52.714398112,9070,40.551267916,36.74359247,2023,,,0.0,54.5,59.5,0.0,,0.1278,0.1901,0.086,0.62,High Vulnerability,0.97,Very High Concern,2268.0,1.0,small,urban,23.690508852090353,1.0,6.019602497975,1.0,1533.4742547425474,1.0,1524.2433492881187,0.03575544549723877,114.0,0.0005305461595611476,214872.9152884595,3.575544549723877,0.05305461595611476
Montague,7.9867986799,6.0,30.05711,37.0,21.2,,694,15.011897037,3210,16.4,,24.499,4082:1,54988,53.805620609,20409,50.120045078,58.943151275,2023,,,0.0,154.0,215.0,17.5,,0.1293,0.1898,0.087,0.58,Moderate Vulnerability,0.93,Very High Concern,4082.0,1.0,medium,rural,23.690508852090353,1.0,6.019602497975,1.0,1533.4742547425474,1.0,1524.2433492881187,0.1010337359004545,386.5,0.000799380193628189,483499.59516231203,10.10337359004545,0.0799380193628189
Montgomery,7.2579221034,372.0,59.39162,52.0,14.7,5.0126287158,19075,11.179683745,73560,12.5,48.30654019,81.37023,1229:1,87831,45.124496474,648886,50.305754786,22.725597153,2023,,,0.0,6546.0,7111.0,355.0,,0.1086,0.1585,0.0725,0.39,Low Vulnerability,0.67,High Concern,1229.0,1.0,large,very urban,23.690508852090353,1.0,5.0126287158,0.0,1533.4742547425474,1.0,1525.787517658285,4.290243513098421,14012.0,0.000911501390224482,15372439.526997501,429.0243513098421,0.0911501390224482
Moore,7.411310151,8.0,38.73342,40.0,15.6,,1498,22.492492492,2180,10.3,43.918762241,28.41178,3520:1,61833,61.268641042,21118,47.651292736,16.814280497,2023,,,0.0,304.0,486.0,121.0,,0.1241,0.1883,0.0824,0.7,High Vulnerability,0.88,Very High Concern,3520.0,1.0,medium,very urban,23.690508852090353,1.0,6.019602497975,1.0,1533.4742547425474,1.0,1524.2433492881187,0.1994432189203777,911.0,0.0018209214102034284,500296.1659384441,19.94432189203777,0.18209214102034285
Morris,9.6993210475,3.0,24.20721,43.0,29.3,,328,11.577832686,2340,18.9,17.221640045,49.875310000000006,2005:1,44957,80.604796663,12030,51.729010806,78.421215401,2023,,,0.0,103.0,123.5,12.5,,0.1283,0.1937,0.0866,0.73,High Vulnerability,0.97,Very High Concern,2005.0,1.0,medium,rural,23.690508852090353,1.0,6.019602497975,1.0,1533.4742547425474,1.0,1524.2433492881187,0.0675745116736806,239.0,0.0008386058439176085,284996.8214906469,6.75745116736806,0.08386058439176085
Motley,,0.0,0.0,35.0,29.9,,34,13.991769547,180,13.3,,93.72071,1067:1,47835,70.05988024,1067,48.828491097,100.0,2023,,,0.0,17.5,10.0,0.0,,0.1143,0.1758,0.0766,0.7,High Vulnerability,0.87,Very High Concern,1067.0,1.0,small,very rural,23.690508852090353,1.0,6.019602497975,1.0,1533.4742547425474,1.0,1524.2433492881187,0.011481106352324374,27.5,0.0010879122958988084,25277.772945180408,1.1481106352324375,0.10879122958988084
Nacogdoches,8.1241283124,46.0,71.03918,52.0,25.7,3.7787701821,1907,12.706556503,12130,18.6,45.035971127,108.24519,924:1,46970,70.233170365,64668,51.946867075,46.460231852,2023,,,0.0,516.0,628.0,50.5,,0.125,0.1935,0.0836,0.98,Very High Vulnerability,0.9,Very High Concern,924.0,1.0,large,urban,23.690508852090353,1.0,3.7787701821,0.0,1533.4742547425474,1.0,1527.6796079537082,0.33776715831873294,1194.5,0.000779690666374462,1532017.826446979,33.7767158318733,0.0779690666374462
Navarro,8.2534389329,17.0,33.53454,49.0,22.3,6.4462466209,1811,13.279073178,7600,15.4,30.745982397,52.24757999999999,1914:1,51015,67.12195122,53591,50.577522345,52.657379281,2023,,,0.0,521.0,566.0,20.0,,0.1248,0.188,0.085,0.97,Very High Vulnerability,0.95,Very High Concern,1914.0,1.0,large,urban,23.690508852090353,1.0,6.4462466209,0.0,1533.4742547425474,1.0,1523.589101509676,0.3419557146239479,1107.0,0.0008719294987689586,1269598.059892374,34.19557146239479,0.08719294987689585
Newton,9.1814159292,,,34.0,27.3,,317,12.220508867,2860,20.8,36.487988626,16.33853,6121:1,44030,71.331828442,12241,47.929090761,100.0,2023,,,0.0,53.0,78.0,0.0,,0.1428,0.2169,0.0983,0.72,High Vulnerability,0.96,Very High Concern,6121.0,1.0,medium,very rural,23.690508852090353,1.0,6.019602497975,1.0,1533.4742547425474,1.0,1524.2433492881187,0.034771350667039534,131.0,0.00045173111817616723,289995.518858438,3.4771350667039536,0.045173111817616726
Nolan,8.0,6.0,40.44489,35.0,25.0,,478,12.294238683,2320,15.6,54.784256086,89.0594,1123:1,44342,61.619047619,14597,49.3526067,32.656414301,2023,,,0.0,148.0,167.0,2.5,,0.1278,0.1901,0.086,0.89,Very High Vulnerability,0.96,Very High Concern,1123.0,1.0,medium,urban,23.690508852090353,1.0,6.019602497975,1.0,1533.4742547425474,1.0,1524.2433492881187,0.09709735657965757,317.5,0.0009181332858243077,345810.3577139629,9.709735657965757,0.09181332858243077
Nueces,8.7519372778,299.0,82.33558,47.0,24.9,5.1223676722,7447,8.2434855764,55000,15.2,44.515363198,126.88379,788:1,59337,66.344249307,353079,50.334344438,6.447241956,2023,,,0.0,3099.0,3972.0,1421.0,,0.1011,0.1589,0.0646,0.84,Very High Vulnerability,0.89,Very High Concern,788.0,1.0,large,very urban,23.690508852090353,1.0,5.1223676722,0.0,1533.4742547425474,1.0,1525.6192357939033,2.031306322896053,8492.0,0.0010152282837857251,8364621.17498721,203.13063228960527,0.10152282837857252
Ochiltree,6.9026548673,4.0,41.67535,37.0,16.8,,736,23.997391588,1270,12.8,,61.33715,1630:1,60914,52.27379278,9782,49.611531384,13.90981121,2023,,,0.0,53.5,62.0,17.5,,0.1241,0.1883,0.0824,0.58,Moderate Vulnerability,0.9,Very High Concern,1630.0,1.0,medium,very urban,23.690508852090353,1.0,6.019602497975,1.0,1533.4742547425474,1.0,1524.2433492881187,0.03509938227710595,133.0,0.0005739176663009824,231740.55759114784,3.509938227710595,0.05739176663009825
Oldham,,,,43.0,30.6,,33,12.643678161,260,12.2,,0.0,1717:0,62868,39.380530973,1717,47.233546884,100.0,2023,,,0.0,17.5,22.5,0.0,,0.1241,0.1883,0.0824,0.43,Moderate Vulnerability,0.72,High Concern,1717.0,0.0,small,very rural,23.690508852090353,1.0,6.019602497975,1.0,1533.4742547425474,1.0,1524.2433492881187,0.011481106352324374,40.0,0.0009833662686283928,40676.60369903914,1.1481106352324375,0.09833662686283928
Orange,9.4438749359,14.0,16.8923,45.0,18.6,7.4674906656,2094,9.8070438366,14220,17.0,75.047685948,40.12178,2492:1,65908,54.424511187,84742,50.351655614,35.171132862,2023,,,0.0,828.0,1081.0,56.0,,0.1338,0.1949,0.0899,0.58,Moderate Vulnerability,0.86,Very High Concern,2492.0,1.0,large,urban,23.690508852090353,1.0,7.4674906656,0.0,1533.4742547425474,1.0,1522.0230500593195,0.5440127861189287,1965.0,0.0009787898475834527,2007581.1011438407,54.40127861189287,0.09787898475834528
Palo Pinto,7.5533661741,12.0,40.92769,48.0,22.3,,828,12.034883721,4580,15.9,64.313991082,59.26236,1687:1,57580,73.354883399,28686,50.780868716,50.215218242,2023,,,0.0,260.0,264.0,15.0,,0.1134,0.1689,0.0762,0.88,Very High Vulnerability,0.93,Very High Concern,1687.0,1.0,medium,urban,23.690508852090353,1.0,6.019602497975,1.0,1533.4742547425474,1.0,1524.2433492881187,0.17057643723453356,539.0,0.0007931300085962128,679585.9369310639,17.057643723453356,0.07931300085962129
Panola,9.3312597201,6.0,25.87657,37.0,19.3,,745,13.684790595,3720,16.0,18.741245383,52.92172,1890:1,54244,52.213305721,22675,50.116868798,72.718103883,2023,,,0.0,182.0,220.5,20.0,,0.1282,0.1918,0.0871,0.7,High Vulnerability,0.92,Very High Concern,1890.0,1.0,medium,rural,23.690508852090353,1.0,6.019602497975,1.0,1533.4742547425474,1.0,1524.2433492881187,0.11940350606417349,422.5,0.0007865114119809996,537182.2882211488,11.940350606417349,0.07865114119809996
Parker,6.5535564464,60.0,40.48638,49.0,9.5,5.048099819,4616,12.017077996,16790,12.1,60.026562206,56.13534000000001,1781:1,85613,32.795346551,156764,49.901125258,56.084565584,2023,,,0.0,1485.0,1739.0,44.5,,0.1198,0.1716,0.0811,0.26,Low Vulnerability,0.68,High Concern,1781.0,1.0,large,rural,23.690508852090353,1.0,5.048099819,0.0,1533.4742547425474,1.0,1525.7331236347404,0.9733025894216006,3268.5,0.0008800913727567293,3713818.929689092,97.33025894216006,0.08800913727567293
Parmer,7.8307830783,1.0,10.502,34.0,22.9,,567,21.09375,1020,10.6,,81.52450999999999,1227:1,56632,67.311072056,9813,48.058697646,60.015580874,2023,,,0.0,110.5,169.0,31.5,,0.1241,0.1883,0.0824,0.76,High Vulnerability,0.97,Very High Concern,1227.0,1.0,medium,rural,23.690508852090353,1.0,6.019602497975,1.0,1533.4742547425474,1.0,1524.2433492881187,0.07249498582467677,311.0,0.001337778466539462,232474.96336556264,7.249498582467677,0.1337778466539462
Pecos,9.009009009,8.0,50.89706,20.0,28.9,,730,18.415741675,2150,13.7,,85.99021,1163:1,49291,64.439058172,15118,42.763593068,39.77558522,2023,,,0.0,141.0,208.0,22.0,,0.1166,0.1765,0.0789,0.82,Very High Vulnerability,0.98,Very High Concern,1163.0,1.0,medium,urban,23.690508852090353,1.0,6.019602497975,1.0,1533.4742547425474,1.0,1524.2433492881187,0.09250491403872782,371.0,0.0010358698185609317,358153.11282590195,9.250491403872783,0.10358698185609318
Polk,7.9787234043,27.0,50.9482,48.0,24.7,6.408470326,1476,13.65907829,9150,18.2,47.025053732,55.87776,1790:1,50827,66.002675784,51899,46.050983641,77.638561645,2023,,,0.0,316.0,416.0,20.0,,0.1365,0.206,0.093,0.91,Very High Vulnerability,0.97,Very High Concern,1790.0,1.0,large,rural,23.690508852090353,1.0,6.408470326,0.0,1533.4742547425474,1.0,1523.6470304853449,0.20739711604947036,752.0,0.0006116239196288381,1229513.7189146373,20.739711604947036,0.06116239196288381
Potter,9.6440596441,100.0,86.20392,51.0,28.3,7.3083501788,3426,10.884137624,19010,16.1,56.389120499,244.53654,409:1,45904,70.701435738,116547,48.355599029,8.9962254177,2023,,,0.0,1158.0,1524.0,188.0,,0.1281,0.2007,0.0864,0.92,Very High Vulnerability,0.87,Very High Concern,409.0,1.0,large,very urban,23.690508852090353,1.0,7.3083501788,0.0,1533.4742547425474,1.0,1522.2670878987144,0.7607075060648284,2870.0,0.0010394567137902108,2761057.7351845745,76.07075060648285,0.10394567137902108
Presidio,8.322324967,3.0,46.09711,18.0,35.0,,434,24.259362772,1950,28.7,,32.57329,3070:1,39791,94.674556213,6140,48.794788274,40.470708621,2023,,,0.0,61.5,93.5,31.0,,0.1166,0.1765,0.0789,1.0,Very High Vulnerability,0.99,Very High Concern,3070.0,1.0,small,urban,23.690508852090353,1.0,6.019602497975,1.0,1533.4742547425474,1.0,1524.2433492881187,0.040347888038168515,186.0,0.0012787044718310294,145459.72435183477,4.034788803816851,0.12787044718310295
Rains,7.3202614379,1.0,7.96686,41.0,20.2,,373,14.513618677,1790,14.9,43.25465018,23.98273,4170:1,57294,61.966062025,12509,49.836117995,93.228880337,2023,,,0.0,79.5,102.0,10.0,,0.1285,0.1874,0.0874,0.4,Moderate Vulnerability,0.89,Very High Concern,4170.0,1.0,medium,very rural,23.690508852090353,1.0,6.019602497975,1.0,1533.4742547425474,1.0,1524.2433492881187,0.052157026000559305,191.5,0.0006462072060906008,296344.5752307982,5.215702600055931,0.06462072060906009
Randall,7.9570268146,88.0,62.90252,51.0,10.8,5.8808267751,2960,8.4390591589,16120,11.9,49.911101825,69.51492,1439:1,72082,41.689089489,143854,50.600608951,14.375647132,2023,,,0.0,1308.0,1431.0,49.0,,0.1021,0.1521,0.0667,0.22,Low Vulnerability,0.6,High Concern,1439.0,1.0,large,very urban,23.690508852090353,1.0,5.8808267751,0.0,1533.4742547425474,1.0,1524.456158286331,0.8580108997495518,2788.0,0.0008180812480812216,3407974.4604086056,85.80108997495518,0.08180812480812216
Reagan,8.7058823529,1.0,26.08923,24.0,18.0,,257,22.041166381,450,12.0,,92.22256,1084:1,65162,66.666666667,3253,46.326467876,13.305613306,2023,,,0.0,31.0,46.5,10.0,,0.1235,0.1873,0.0822,0.48,Moderate Vulnerability,0.94,Very High Concern,1084.0,1.0,small,very urban,23.690508852090353,1.0,6.019602497975,1.0,1533.4742547425474,1.0,1524.2433492881187,0.020337959824117464,87.5,0.0011354018581544588,77065.22529584992,2.0337959824117466,0.11354018581544588
Real,6.5843621399,2.0,58.63383,35.0,29.7,,100,16.920473773,730,21.3,,106.15711,942:1,46907,65.425531915,2826,48.973814579,100.0,2023,,,0.0,17.5,27.5,5.0,,0.107,0.1724,0.0705,0.72,High Vulnerability,0.93,Very High Concern,942.0,1.0,small,very rural,23.690508852090353,1.0,6.019602497975,1.0,1533.4742547425474,1.0,1524.2433492881187,0.011481106352324374,50.0,0.0007468329278286229,66949.37801600734,1.1481106352324375,0.07468329278286229
Red River,8.4826762246,2.0,16.67361,47.0,28.2,,245,10.488013699,2070,17.1,53.328380403,51.92556999999999,1926:1,46134,71.558704453,11555,51.267849416,75.730948678,2023,,,0.0,111.5,119.0,25.0,,0.1283,0.1937,0.0866,0.56,Moderate Vulnerability,0.99,Very High Concern,1926.0,1.0,medium,rural,23.690508852090353,1.0,6.019602497975,1.0,1533.4742547425474,1.0,1524.2433492881187,0.07315104904480958,255.5,0.0009333543707627215,273743.82978590403,7.315104904480958,0.09333543707627215
Reeves,7.9521463758,5.0,31.34993,33.0,26.3,,495,13.506139154,1850,11.9,53.607494754,48.31918,2070:1,46275,66.129032258,14487,39.131635259,14.496118407,2023,,,0.0,156.0,260.0,1428.5,,0.1166,0.1765,0.0789,0.78,High Vulnerability,0.98,Very High Concern,2070.0,1.0,medium,very urban,23.690508852090353,1.0,6.019602497975,1.0,1533.4742547425474,1.0,1524.2433492881187,0.10234586234072014,1844.5,0.0053743483202644896,343204.40174023295,10.234586234072014,0.5374348320264489
Refugio,8.4837545126,1.0,14.54122,31.0,28.3,,183,11.656050955,1110,15.8,49.839105961,74.00829,1351:1,46695,62.870890136,6756,50.651272943,60.679940404,2023,,,0.0,49.5,54.0,0.0,,0.1183,0.18,0.0772,0.94,Very High Vulnerability,0.99,Very High Concern,1351.0,1.0,small,rural,23.690508852090353,1.0,6.019602497975,1.0,1533.4742547425474,1.0,1524.2433492881187,0.03247512939657466,103.5,0.0006466604792585013,160053.07780472242,3.247512939657466,0.06466604792585014
Roberts,,0.0,0.0,50.0,9.1,,30,15.075376884,100,12.8,,125.47051,797:1,73224,36.41025641,797,50.313676286,100.0,2023,,,0.0,7.5,15.0,0.0,,0.1241,0.1883,0.0824,0.09,Very Low Vulnerability,0.67,High Concern,797.0,1.0,small,very rural,23.690508852090353,1.0,6.019602497975,1.0,1533.4742547425474,1.0,1524.2433492881187,0.00492047415099616,22.5,0.0011916529916181425,18881.335555116013,0.492047415099616,0.11916529916181424
Robertson,8.5657370518,1.0,5.829199999999999,46.0,24.9,,510,12.617516081,2440,14.3,49.121868758,47.17537,2120:1,50816,61.640866873,16958,50.707630617,73.853928528,2023,,,0.0,152.0,227.0,23.5,,0.1225,0.1864,0.0827,0.75,High Vulnerability,0.93,Very High Concern,2120.0,1.0,medium,rural,23.690508852090353,1.0,6.019602497975,1.0,1533.4742547425474,1.0,1524.2433492881187,0.09972160946018885,402.5,0.0010018826704240884,401743.6491137482,9.972160946018885,0.10018826704240884
Rockwall,7.7597840756,78.0,70.98136,54.0,6.9,3.4857219466,2959,9.4691030113,8920,8.8,45.663801956,97.95413,1021:1,120696,26.775269493,116381,50.153375551,16.035845131,2023,,,0.0,1093.0,1332.0,62.0,,0.1122,0.1653,0.0743,0.11,Very Low Vulnerability,0.51,Moderate Concern,1021.0,1.0,large,very urban,23.690508852090353,1.0,3.4857219466,0.0,1533.4742547425474,1.0,1528.1289898782452,0.715253756220596,2487.0,0.0009020265313077998,2757125.1107151276,71.5253756220596,0.09020265313077998
Runnels,7.6523994812,7.0,67.30122,42.0,23.1,,380,15.079365079,1420,13.8,33.30775087,110.63059,904:1,48190,58.574277168,9943,48.677461531,40.758023045,2023,,,0.0,87.5,151.0,0.0,,0.1278,0.1901,0.086,0.54,Moderate Vulnerability,0.92,Very High Concern,904.0,1.0,medium,urban,23.690508852090353,1.0,6.019602497975,1.0,1533.4742547425474,1.0,1524.2433492881187,0.05740553176162187,238.5,0.0010125035506173582,235554.7295163344,5.740553176162187,0.10125035506173583
Rusk,7.6757532281,11.0,20.24888,47.0,23.8,5.0810549238,1582,13.087359365,7310,13.5,25.081078958,47.39965,2110:1,53186,65.445321308,52743,46.324630757,65.872867054,2023,,,0.0,422.0,554.0,35.5,,0.1282,0.1918,0.0871,0.8,High Vulnerability,0.94,Very High Concern,2110.0,1.0,large,rural,23.690508852090353,1.0,5.0810549238,0.0,1533.4742547425474,1.0,1525.6825878299671,0.2765975068249456,1011.5,0.000809518297163677,1249508.5083858015,27.65975068249456,0.0809518297163677
Sabine,8.2517482517,2.0,19.03493,40.0,27.6,,256,13.319458897,2180,20.8,22.881532285,139.45612,717:1,46233,58.810572687,10039,49.825679849,100.0,2023,,,0.0,47.5,67.0,2.5,,0.1428,0.2169,0.0983,0.53,Moderate Vulnerability,0.93,Very High Concern,717.0,1.0,medium,very rural,23.690508852090353,1.0,6.019602497975,1.0,1533.4742547425474,1.0,1524.2433492881187,0.031163002956309017,117.0,0.0004919500606098447,237829.01836613505,3.116300295630902,0.049195006060984474
San Augustine,9.2127303183,2.0,24.2483,49.0,32.0,,192,11.800860479,1900,23.0,55.685187775,50.4923,1981:1,43335,85.163776493,7922,50.366069174,100.0,2023,,,0.0,45.0,63.0,5.0,,0.1428,0.2169,0.0983,0.89,Very High Vulnerability,0.98,Very High Concern,1981.0,1.0,small,very rural,23.690508852090353,1.0,6.019602497975,1.0,1533.4742547425474,1.0,1524.2433492881187,0.029522844905976963,113.0,0.0006021008167304639,187676.2111262598,2.9522844905976964,0.06021008167304639
San Jacinto,9.2156862745,2.0,6.82571,44.0,27.7,,909,14.382911392,4710,16.5,25.637641304,10.76117,9293:1,52302,64.828183656,27878,49.6592295,100.0,2023,,,0.0,205.0,251.0,17.5,,0.1365,0.206,0.093,0.69,High Vulnerability,0.89,Very High Concern,9293.0,1.0,medium,very rural,23.690508852090353,1.0,6.019602497975,1.0,1533.4742547425474,1.0,1524.2433492881187,0.1344929601272284,473.5,0.0007169419297580074,660444.0057785749,13.449296012722838,0.07169419297580074
San Patricio,8.8519233625,18.0,26.838030000000003,44.0,24.1,4.7754066557,2090,11.616919571,10840,16.2,42.271461259,70.3023,1422:1,58227,68.104943625,69699,49.214479404,19.650021604,2023,,,0.0,696.0,844.0,41.0,,0.1183,0.18,0.0772,0.83,Very High Vulnerability,0.97,Very High Concern,1422.0,1.0,large,very urban,23.690508852090353,1.0,4.7754066557,0.0,1533.4742547425474,1.0,1526.1512915801052,0.4560491504609575,1581.0,0.0009574826953738421,1651204.7764818456,45.60491504609575,0.09574826953738422
San Saba,5.5944055944,2.0,33.11807,28.0,27.3,,206,17.038875103,860,14.3,,68.64596,1457:1,45437,71.23015873,5827,45.769692809,49.355733159,2023,,,0.0,27.5,52.0,15.0,,0.1264,0.1929,0.0847,0.73,High Vulnerability,0.97,Very High Concern,1457.0,1.0,small,urban,23.690508852090353,1.0,6.019602497975,1.0,1533.4742547425474,1.0,1524.2433492881187,0.018041738553652587,94.5,0.0006845613907915859,138044.59508113048,1.8041738553652586,0.0684561390791586
Schleicher,6.8783068783,,,32.0,21.6,,163,24.148148148,390,13.6,,41.16921,2429:1,52408,70.057581574,2429,49.567723343,100.0,2023,,,0.0,22.5,27.0,5.0,,0.1235,0.1873,0.0822,0.59,Moderate Vulnerability,0.96,Very High Concern,2429.0,1.0,small,very rural,23.690508852090353,1.0,6.019602497975,1.0,1533.4742547425474,1.0,1524.2433492881187,0.014761422452988482,54.5,0.0009470972996737834,57544.24600172747,1.4761422452988482,0.09470972996737835
Scurry,8.5855466337,11.0,66.01849,38.0,20.7,,637,14.800185874,2390,14.1,49.618320611,41.60723,2403:1,49727,60.482846252,16824,45.441036614,31.700254122,2023,,,0.0,173.0,238.0,20.0,,0.1278,0.1901,0.086,0.7,High Vulnerability,0.95,Very High Concern,2403.0,1.0,medium,urban,23.690508852090353,1.0,6.019602497975,1.0,1533.4742547425474,1.0,1524.2433492881187,0.1134989370829781,431.0,0.0010813682680609006,398569.1209275681,11.349893708297811,0.10813682680609006
Shackelford,6.22406639,,,42.0,18.8,,136,17.280813215,470,14.2,,93.39975,1071:1,61351,51.690821256,3212,50.311332503,100.0,2023,,,0.0,31.0,43.0,2.5,,0.1278,0.1901,0.086,0.69,High Vulnerability,0.72,High Concern,1071.0,1.0,small,very rural,23.690508852090353,1.0,6.019602497975,1.0,1533.4742547425474,1.0,1524.2433492881187,0.020337959824117464,76.5,0.001005336636577473,76093.91443291421,2.0337959824117466,0.1005336636577473
Shelby,8.1940481044,5.0,20.06823,43.0,29.2,,1032,15.992561599,4500,17.8,30.449629758,104.4321,958:1,43244,72.362787077,23939,50.043861481,79.432568375,2023,,,0.0,193.0,267.0,28.5,,0.1428,0.2169,0.0983,0.95,Very High Vulnerability,0.99,Very High Concern,958.0,1.0,medium,rural,23.690508852090353,1.0,6.019602497975,1.0,1533.4742547425474,1.0,1524.2433492881187,0.12662020148563452,488.5,0.0008613589570995796,567127.0914101909,12.662020148563451,0.08613589570995796
Sherman,5.4054054054,,,39.0,17.2,,274,32.696897375,350,11.7,,35.73981,2798:1,62557,60.0,2798,47.784131523,100.0,2023,,,0.0,25.0,25.0,2.5,,0.1241,0.1883,0.0824,0.46,Moderate Vulnerability,0.87,Very High Concern,2798.0,1.0,small,very rural,23.690508852090353,1.0,6.019602497975,1.0,1533.4742547425474,1.0,1524.2433492881187,0.016401580503320537,52.5,0.0007920219252129637,66286.04376814881,1.6401580503320536,0.07920219252129637
Smith,7.7431539188,236.0,100.08227,53.0,17.8,7.6468380559,6716,11.541501976,32930,14.3,41.227750129,166.11435999999998,602:1,62903,64.873837981,237186,51.508942349,31.60780873,2023,,,0.0,2194.0,2642.0,211.0,,0.116,0.1766,0.0768,0.75,High Vulnerability,0.67,High Concern,602.0,1.0,large,urban,23.690508852090353,1.0,7.6468380559,0.0,1533.4742547425474,1.0,1521.7480254536392,1.4417630010368896,5047.0,0.0008981934105182004,5619057.032591903,144.17630010368896,0.08981934105182005
Somervell,6.5953654189,6.0,65.6527,52.0,15.0,,285,13.701923077,1350,15.1,,105.60777,947:1,68280,45.535714286,9469,50.290421375,100.0,2023,,,0.0,54.0,64.5,7.5,,0.1134,0.1689,0.0762,0.56,Moderate Vulnerability,0.71,High Concern,947.0,1.0,medium,very rural,23.690508852090353,1.0,6.019602497975,1.0,1533.4742547425474,1.0,1524.2433492881187,0.035427413887172354,126.0,0.0005616839827004008,224325.42832044355,3.5427413887172357,0.056168398270040075
Starr,8.9909973109,16.0,24.89652,36.0,40.6,3.4005894355,2921,14.035846427,15100,23.6,,71.15929,1405:1,33535,90.943331621,66049,50.862238641,23.705878494,2023,,,0.0,864.0,1059.0,67.5,,0.1146,0.1867,0.0742,0.98,Very High Vulnerability,1.0,Very High Concern,1405.0,1.0,large,very urban,23.690508852090353,1.0,3.4005894355,0.0,1533.4742547425474,1.0,1528.2595383922587,0.5653489988414762,1990.5,0.0012721008598083124,1564734.4191717159,56.53489988414761,0.12721008598083125
Stephens,8.4269662921,3.0,32.14056,38.0,27.4,,302,14.56123433,1590,17.0,47.617133824,87.21247,1147:1,46064,63.05278174,9173,46.898506486,39.366562825,2023,,,0.0,64.0,96.0,12.5,,0.1278,0.1901,0.086,0.88,Very High Vulnerability,0.86,Very High Concern,1147.0,1.0,small,urban,23.690508852090353,1.0,6.019602497975,1.0,1533.4742547425474,1.0,1524.2433492881187,0.04198804608850057,172.5,0.0007937857839802381,217313.0377002248,4.198804608850057,0.07937857839802381
Sterling,,0.0,0.0,59.0,16.1,,78,19.897959184,100,7.6,,72.4113,1381:1,69212,39.50617284,1381,49.529326575,100.0,2023,,,0.0,22.5,25.0,0.0,,0.1235,0.1873,0.0822,0.41,Moderate Vulnerability,0.8,Very High Concern,1381.0,1.0,small,very rural,23.690508852090353,1.0,6.019602497975,1.0,1533.4742547425474,1.0,1524.2433492881187,0.014761422452988482,47.5,0.0014518626801893583,32716.592724736776,1.4761422452988482,0.14518626801893583
Stonewall,,1.0,74.18398,11.0,22.7,,65,20.440251572,180,12.5,,493.01561,203:1,49813,57.276995305,1217,49.71240756,100.0,2023,,,0.0,12.5,20.0,2.5,,0.1278,0.1901,0.086,0.32,Low Vulnerability,0.79,High Concern,203.0,1.0,small,very rural,23.690508852090353,1.0,6.019602497975,1.0,1533.4742547425474,1.0,1524.2433492881187,0.008200790251660268,35.0,0.0012139563663357287,28831.34927299396,0.8200790251660268,0.12139563663357286
Sutton,6.8862275449,4.0,107.0091,25.0,20.9,,175,19.12568306,520,13.6,,120.51823,830:1,59905,55.793991416,3319,49.291955408,18.798449612,2023,,,0.0,30.0,34.5,5.0,,0.1235,0.1873,0.0822,0.6,High Vulnerability,0.94,Very High Concern,830.0,1.0,small,very urban,23.690508852090353,1.0,6.019602497975,1.0,1533.4742547425474,1.0,1524.2433492881187,0.01968189660398464,69.5,0.000883900059391602,78628.79888008788,1.968189660398464,0.0883900059391602
Swisher,9.3959731544,1.0,13.62398,28.0,29.4,,298,16.817155756,1300,17.6,25.487165234,42.80822,2336:1,45509,72.860962567,7008,46.104452055,37.573211103,2023,,,0.0,53.5,74.0,0.0,,0.1241,0.1883,0.0824,0.97,Very High Vulnerability,1.0,Very High Concern,2336.0,1.0,small,urban,23.690508852090353,1.0,6.019602497975,1.0,1533.4742547425474,1.0,1524.2433492881187,0.03509938227710595,127.5,0.0007679654862744584,166023.0860354492,3.509938227710595,0.07679654862744584
Tarrant,8.439296245,1244.0,58.58675,51.0,15.3,6.1974459625,69407,12.282250929,272440,13.1,48.418934656,103.31642,968:1,71399,58.57084249,2126477,50.896858983,1.2882013273,2023,,,0.0,19687.0,25167.0,3408.0,,0.1069,0.1641,0.0701,0.55,Moderate Vulnerability,0.73,High Concern,968.0,1.0,large,very urban,23.690508852090353,1.0,6.1974459625,0.0,1533.4742547425474,1.0,1523.9706309138955,12.918227950491467,48262.0,0.0009580104281010938,50377322.19226654,1291.8227950491466,0.09580104281010937
Taylor,9.1125586608,99.0,71.12069,46.0,20.6,5.1831617287,2951,8.3592997564,20460,14.9,38.960543609,180.00921,556:1,53820,54.881012234,143326,51.08912549,16.033488966,2023,,,0.0,1560.0,1947.0,196.0,,0.1178,0.1846,0.0776,0.69,High Vulnerability,0.78,High Concern,556.0,1.0,large,very urban,23.690508852090353,1.0,5.1831617287,0.0,1533.4742547425474,1.0,1525.5260096734191,1.0225981006603493,3703.0,0.0010905719980357754,3395465.871734702,102.25981006603493,0.10905719980357753
Terrell,,0.0,0.0,11.0,21.4,,27,20.454545455,80,9.1,,138.12155,724:1,44343,57.024793388,724,49.171270718,100.0,2023,,,0.0,7.5,7.5,0.0,,0.1166,0.1765,0.0789,0.47,Moderate Vulnerability,0.91,Very High Concern,724.0,1.0,small,very rural,23.690508852090353,1.0,6.019602497975,1.0,1533.4742547425474,1.0,1524.2433492881187,0.00492047415099616,15.0,0.0008745372323385449,17151.928408913416,0.492047415099616,0.08745372323385449
Terry,9.4296577947,5.0,41.04079,41.0,31.0,,553,16.581709145,2140,17.2,36.647524804,34.03097,2939:1,42225,80.792261631,11754,46.29913221,24.669986562,2023,,,0.0,114.0,155.5,17.5,,0.1143,0.1758,0.0766,0.99,Very High Vulnerability,0.99,Very High Concern,2939.0,1.0,medium,very urban,23.690508852090353,1.0,6.019602497975,1.0,1533.4742547425474,1.0,1524.2433492881187,0.07479120709514164,287.0,0.0010306751882091859,278458.24104747,7.479120709514165,0.10306751882091858
Throckmorton,,1.0,67.2495,20.0,24.4,,57,17.647058824,280,18.4,,66.88963,1495:1,46253,50.49833887,1495,50.969899666,100.0,2023,,,0.0,22.5,25.0,2.5,,0.1278,0.1901,0.086,0.27,Low Vulnerability,0.85,Very High Concern,1495.0,1.0,small,very rural,23.690508852090353,1.0,6.019602497975,1.0,1533.4742547425474,1.0,1524.2433492881187,0.014761422452988482,50.0,0.0014117390328051427,35417.31073387508,1.4761422452988482,0.14117390328051427
Titus,6.8019093079,12.0,36.44536,38.0,20.6,,1486,15.671799198,4680,14.3,30.298536395,128.27502,780:1,49513,70.286123033,31183,50.768046692,50.556689553,2023,,,0.0,373.0,464.0,40.0,,0.1283,0.1937,0.0866,0.89,Very High Vulnerability,0.92,Very High Concern,780.0,1.0,medium,urban,23.690508852090353,1.0,6.019602497975,1.0,1533.4742547425474,1.0,1524.2433492881187,0.2447115811095424,877.0,0.0011871546817152387,738741.1375347335,24.47115811095424,0.11871546817152387
Tom Green,8.3862770013,84.0,69.99417,52.0,16.5,5.228398459,3312,11.286804798,15990,13.5,40.663404541,112.21747,891:1,60750,51.60510692,119411,49.969433302,15.64087676,2023,,,0.0,1213.0,1387.0,41.5,,0.1078,0.1675,0.0704,0.66,High Vulnerability,0.89,Very High Concern,891.0,1.0,large,very urban,23.690508852090353,1.0,5.228398459,0.0,1533.4742547425474,1.0,1525.4566403121353,0.7951717328076915,2641.5,0.0009337527429560766,2828907.352536961,79.51717328076914,0.09337527429560766
Travis,7.4831298567,1112.0,85.50538,55.0,13.8,4.0891632738,25866,9.0846190859,158120,12.6,49.586314182,119.67936,836:1,84519,50.130630438,1305154,49.213196297,5.463522171,2023,,,0.0,11197.0,13082.0,2670.0,,0.0916,0.1391,0.0588,0.38,Low Vulnerability,0.69,High Concern,836.0,1.0,large,very urban,23.690508852090353,1.0,4.0891632738,0.0,1533.4742547425474,1.0,1527.2036281387363,7.331700759280037,26949.0,0.0008715784959724808,30919762.390341133,733.1700759280037,0.08715784959724808
Trinity,8.3248730964,2.0,13.43815,40.0,27.3,,335,11.290866195,2830,19.2,58.626081099,57.85781,1728:1,46569,74.559082892,13827,51.131843495,77.236887213,2023,,,0.0,80.5,76.5,5.0,,0.1365,0.206,0.093,0.8,Very High Vulnerability,0.97,Very High Concern,1728.0,1.0,medium,rural,23.690508852090353,1.0,6.019602497975,1.0,1533.4742547425474,1.0,1524.2433492881187,0.052813089220692125,162.0,0.0004945527972157048,327568.6658978533,5.281308922069212,0.04945527972157048
Tyler,8.4210526316,4.0,18.52624,35.0,23.3,,458,10.896978349,4240,19.7,53.281067373,54.78906,1825:1,46955,65.136830103,20077,45.997908054,78.131030047,2023,,,0.0,107.0,152.0,5.0,,0.1428,0.2169,0.0983,0.88,Very High Vulnerability,0.98,Very High Concern,1825.0,1.0,medium,rural,23.690508852090353,1.0,6.019602497975,1.0,1533.4742547425474,1.0,1524.2433492881187,0.0701987645542119,264.0,0.0005550482257982106,475634.346223418,7.01987645542119,0.055504822579821055
Upshur,7.9472230746,13.0,30.83053,42.0,19.9,7.6640098099,1208,11.801484955,6970,16.8,34.619806775,14.363,6962:1,51634,63.916602712,41774,50.531431034,79.299905874,2023,,,0.0,335.0,342.0,22.5,,0.1276,0.1901,0.0861,0.59,Moderate Vulnerability,0.88,Very High Concern,6962.0,1.0,large,rural,23.690508852090353,1.0,7.6640098099,0.0,1533.4742547425474,1.0,1521.7216930109714,0.22014537976201717,699.5,0.0007068174572239,989647.3167872224,22.014537976201716,0.07068174572239
Upton,8.3102493075,2.0,55.20287,18.0,20.9,,201,18.767507003,360,9.9,36.786570743,122.51149,816:1,49340,59.003831418,3265,49.862174579,100.0,2023,,,0.0,29.5,48.5,10.0,,0.1235,0.1873,0.0822,0.65,High Vulnerability,0.96,Very High Concern,816.0,1.0,small,very rural,23.690508852090353,1.0,6.019602497975,1.0,1533.4742547425474,1.0,1524.2433492881187,0.01935386499391823,88.0,0.0011376930300511152,77349.511402075,1.935386499391823,0.11376930300511152
Uvalde,7.0916905444,8.0,29.91549,37.0,31.1,,1042,14.400221117,4250,15.8,77.206461781,101.09588,989:1,48438,72.76794398,24729,50.592421853,31.384207536,2023,,,0.3809523809523809,306.5,323.5,10.0,,0.107,0.1724,0.0705,0.95,Very High Vulnerability,0.98,Very High Concern,989.0,1.0,medium,urban,23.690508852090353,1.0,6.019602497975,1.0,1533.4742547425474,1.0,1524.2433492881187,0.20108337697070977,640.0,0.001092443614046634,585842.5934033423,20.108337697070976,0.10924436140466341
Val Verde,6.5708778693,17.0,34.67406,31.0,27.8,3.4019391053,1966,14.105323576,7420,15.1,65.540514508,75.68749,1321:1,50532,68.58968336,47564,48.631317803,10.157736451,2023,,,1.6875,606.0,703.0,51.75,,0.107,0.1724,0.0705,0.97,Very High Vulnerability,0.99,Very High Concern,1321.0,1.0,large,very urban,23.690508852090353,1.0,3.4019391053,0.0,1533.4742547425474,1.0,1528.257468708368,0.39653004314264595,1360.75,0.0012076068934025518,1126815.3630408256,39.65300431426459,0.12076068934025518
Van Zandt,7.144530335,6.0,10.4288,41.0,19.1,6.2111801242,1768,13.065326633,8290,14.8,50.455415417,40.79967,2451:1,59929,52.782512785,61275,50.64871481,75.018543525,2023,,,0.6136363636363636,376.0,509.0,29.0,,0.1285,0.1874,0.0874,0.56,Moderate Vulnerability,0.89,Very High Concern,2451.0,1.0,large,rural,23.690508852090353,1.0,6.2111801242,0.0,1533.4742547425474,1.0,1523.949569930518,0.24672732445939344,914.0,0.0006296344566612586,1451635.9299118363,24.672732445939342,0.06296344566612586
Victoria,7.7080724126,68.0,73.9645,53.0,21.9,5.4035798717,2966,12.616981453,14120,15.3,36.682148979,111.03294,901:1,57142,65.594528711,90964,50.773932545,26.626571267,2023,,,1.4375,1038.0,1226.5,299.5,,0.1065,0.1663,0.0699,0.78,High Vulnerability,0.9,Very High Concern,901.0,1.0,large,very urban,23.690508852090353,1.0,5.4035798717,0.0,1533.4742547425474,1.0,1525.1880041258503,0.6805718358602759,2564.0,0.00118980032227431,2154983.447221547,68.05718358602759,0.118980032227431
Walker,8.5135135135,21.0,29.10038,47.0,24.8,,1017,9.5197978096,10900,15.1,26.785320535,58.99175,1695:1,43012,56.663710393,77977,41.846954871,45.582882657,2023,,,1.1,426.0,542.0,50.0,,0.1365,0.206,0.093,0.7,High Vulnerability,0.9,Very High Concern,1695.0,1.0,large,urban,23.690508852090353,1.0,6.019602497975,1.0,1533.4742547425474,1.0,1524.2433492881187,0.2794829317765819,1018.0,0.0005510701236047744,1847314.8087594495,27.94829317765819,0.055107012360477436
Waller,7.5902566333,7.0,12.18408,47.0,17.7,6.0962333987,2367,16.812273599,6950,13.0,56.774232793,5.01832,19927:1,65437,68.371351484,59781,50.076111139,61.641013772,2023,,,1.4285714285714286,524.5,615.5,65.0,,0.1114,0.1704,0.0738,0.83,Very High Vulnerability,0.9,Very High Concern,19927.0,1.0,large,rural,23.690508852090353,1.0,6.0962333987,0.0,1533.4742547425474,1.0,1524.1258377747392,0.3441316897860499,1205.0,0.0008508431020299574,1416242.3096868135,34.41316897860499,0.08508431020299574
Ward,9.3111279334,2.0,16.53302,26.0,20.0,,613,16.863823934,1480,12.6,27.420688856,89.33357,1119:1,58461,56.059938299,11194,49.267464713,27.88515669,2023,,,0.3809523809523809,115.5,148.0,22.5,,0.1166,0.1765,0.0789,0.65,High Vulnerability,0.96,Very High Concern,1119.0,1.0,medium,urban,23.690508852090353,1.0,6.019602497975,1.0,1533.4742547425474,1.0,1524.2433492881187,0.07577530192534088,286.0,0.001078465710660166,265191.5560902994,7.577530192534088,0.1078465710660166
Washington,8.0931263858,22.0,61.50233,52.0,19.8,7.1942446043,1082,13.927146351,4460,12.7,42.499055901,78.01398999999999,1282:1,66601,60.25664528,35891,51.04065086,53.490717124,2023,,,0.3095238095238095,303.0,371.0,35.5,,0.1225,0.1864,0.0827,0.73,High Vulnerability,0.86,Very High Concern,1282.0,1.0,medium,urban,23.690508852090353,1.0,7.1942446043,0.0,1533.4742547425474,1.0,1522.442065859533,0.19902235151978262,709.5,0.0008344348842016086,850276.0532103749,19.90223515197826,0.08344348842016086
Webb,8.046875,82.0,29.53029,41.0,29.0,4.8999136947,12155,13.610355291,44480,16.2,77.192857917,69.04402,1448:1,50865,82.679797615,267945,50.457369983,2.5996388392,2023,,,17.085714285714285,3501.5,4189.0,360.0,,0.1039,0.1663,0.0674,0.95,Very High Vulnerability,0.99,Very High Concern,1448.0,1.0,large,very urban,23.690508852090353,1.0,4.8999136947,0.0,1533.4742547425474,1.0,1525.9603632412645,2.294620544771247,8050.5,0.0012682439754411324,6347753.39437335,229.4620544771247,0.12682439754411323
Wharton,9.0703517588,17.0,40.78206,42.0,22.7,6.6820868671,1688,15.464956482,5990,14.4,38.010056694,83.89061,1192:1,56522,67.04730832,41721,50.459001462,49.895833333,2023,,,1.0288461538461535,445.5,939.0,43.0,,0.1114,0.1704,0.0738,0.88,Very High Vulnerability,0.96,Very High Concern,1192.0,1.0,large,urban,23.690508852090353,1.0,6.6820868671,0.0,1533.4742547425474,1.0,1523.2274465638961,0.29247109550511385,1427.5,0.001444265437859766,988391.7198180617,29.247109550511386,0.14442654378597658
Wheeler,6.9915254237,1.0,20.21836,35.0,22.0,,253,20.063441713,840,16.1,31.430706712,101.48163,985:1,49282,54.737810488,4927,49.725999594,100.0,2023,,,0.21875,30.0,295.5,5.0,,0.1241,0.1883,0.0824,0.7,High Vulnerability,0.91,Very High Concern,985.0,1.0,small,very rural,23.690508852090353,1.0,6.019602497975,1.0,1533.4742547425474,1.0,1524.2433492881187,0.01968189660398464,330.5,0.0028314866115747473,116723.13711424917,1.968189660398464,0.2831486611574747
Wichita,7.7820003455,110.0,82.57948,47.0,19.3,7.6250856751,3392,11.072302921,22270,16.8,43.970747554,140.69455,711:1,53148,56.779282631,130069,47.977611883,10.666920152,2023,,,2.6527777777777777,1160.0,1506.5,77.25,,0.1296,0.2018,0.0855,0.82,Very High Vulnerability,0.83,Very High Concern,711.0,1.0,large,very urban,23.690508852090353,1.0,7.6250856751,0.0,1533.4742547425474,1.0,1521.7813821695754,0.7622645496859802,2743.75,0.0008904229542830912,3081400.7958825403,76.22645496859802,0.08904229542830912
Wilbarger,9.3892433911,4.0,31.86743,50.0,21.0,,368,13.208901651,2340,18.4,20.353131021,54.9839,1819:1,48117,58.734402852,12731,50.490927657,21.891392686,2023,,,0.2352941176470588,142.0,160.5,17.5,,0.1293,0.1898,0.087,0.91,Very High Vulnerability,0.93,Very High Concern,1819.0,1.0,medium,very urban,23.690508852090353,1.0,6.019602497975,1.0,1533.4742547425474,1.0,1524.2433492881187,0.09316097725886065,320.0,0.0010609943496881317,301603.8681959623,9.316097725886065,0.10609943496881317
Willacy,7.9527135948,8.0,37.8054,48.0,39.4,,527,10.724460724,4080,19.0,,73.83342999999999,1354:1,37087,86.082474227,20316,44.147469974,34.57576579,2023,,,18.071428571428573,247.0,705.5,1231.5,,0.0992,0.1603,0.0642,0.99,Very High Vulnerability,0.98,Very High Concern,1354.0,1.0,medium,urban,23.690508852090353,1.0,6.019602497975,1.0,1533.4742547425474,1.0,1524.2433492881187,0.16204761537280687,2184.0,0.004537744517849395,481296.3778390676,16.20476153728069,0.4537744517849395
Williamson,7.2903772233,420.0,67.97711,56.0,7.3,4.139179925,13130,8.0369220976,61070,10.7,37.253358242,81.64522000000001,1225:1,96653,27.378079956,643026,50.27323934,11.98994982,2023,,,89.84722222222223,6035.0,6257.0,531.5,,0.0946,0.1402,0.061,0.2,Low Vulnerability,0.58,Moderate Concern,1225.0,1.0,large,very urban,23.690508852090353,1.0,4.139179925,0.0,1533.4742547425474,1.0,1527.1269288918127,3.9518653530518297,12823.5,0.0008417897893189151,15233613.145124251,395.186535305183,0.08417897893189151
Wilson,7.4371321562,22.0,42.28899,41.0,13.4,,1663,12.900473198,5400,10.8,43.244644874,52.67573,1898:1,78794,41.408195608,51257,49.556158183,85.861410131,2023,,,24.017241379310345,466.5,507.5,28.0,,0.1134,0.1709,0.0762,0.44,Moderate Vulnerability,0.78,High Concern,1898.0,1.0,large,very rural,23.690508852090353,1.0,6.019602497975,1.0,1533.4742547425474,1.0,1524.2433492881187,0.3060534921919612,1002.0,0.0008251637644621322,1214304.4122315953,30.60534921919612,0.08251637644621322
Winkler,9.6511627907,2.0,25.35818,25.0,21.6,,422,17.760942761,950,12.1,15.775255237,53.94471,1854:1,62477,60.727056019,7415,47.943358058,18.129395218,2023,,,0.68125,85.5,129.25,35.5,,0.1166,0.1765,0.0789,0.65,High Vulnerability,0.99,Very High Concern,1854.0,1.0,small,very urban,23.690508852090353,1.0,6.019602497975,1.0,1533.4742547425474,1.0,1524.2433492881187,0.05609340532135623,250.25,0.0014245855724192393,175665.12313824997,5.609340532135623,0.14245855724192394
Wise,6.2408223201,28.0,39.39002,48.0,13.7,5.2299368801,2299,12.767257178,9260,13.6,62.741026339,99.00438,1010:1,77668,49.338612436,71714,49.606771342,72.107497421,2023,,,1.14,607.0,796.0,27.5,,0.1293,0.1898,0.087,0.58,Moderate Vulnerability,0.81,Very High Concern,1010.0,1.0,large,rural,23.690508852090353,1.0,5.2299368801,0.0,1533.4742547425474,1.0,1525.4542811829854,0.39791425248698586,1430.5,0.000841995026413112,1698941.1518188077,39.79142524869859,0.08419950264131121
Wood,6.4366998578,17.0,36.7242,42.0,21.5,,1228,13.808613516,7040,15.6,72.860862299,65.3951,1529:1,53485,60.194174757,45875,49.985831063,74.199313697,2023,,,0.4545454545454545,302.0,422.5,37.0,,0.1285,0.1874,0.0874,0.63,High Vulnerability,0.87,Very High Concern,1529.0,1.0,large,rural,23.690508852090353,1.0,6.019602497975,1.0,1533.4742547425474,1.0,1524.2433492881187,0.19813109248011207,761.5,0.0007006795482743406,1086802.0935896449,19.81310924801121,0.07006795482743405
Yoakum,6.0941828255,2.0,22.98322,20.0,19.0,,792,26.568265683,1160,13.4,23.628617078,78.87472,1268:1,66816,63.653939101,7607,48.968055738,37.327071963,2023,,,0.1785714285714285,82.5,148.5,26.0,,0.1143,0.1758,0.0766,0.49,Moderate Vulnerability,0.93,Very High Concern,1268.0,1.0,small,urban,23.690508852090353,1.0,6.019602497975,1.0,1533.4742547425474,1.0,1524.2433492881187,0.054125215660957765,257.0,0.0014260846917029785,180213.70083785133,5.412521566095776,0.14260846917029785
Young,5.2062204192,16.0,89.3655,40.0,21.1,,595,13.853317811,2500,13.9,68.022147032,77.87729,1284:1,53715,56.195244055,17977,49.819213439,33.568733154,2023,,,0.2631578947368421,192.5,216.0,20.0,,0.1293,0.1898,0.087,0.55,Moderate Vulnerability,0.84,Very High Concern,1284.0,1.0,medium,urban,23.690508852090353,1.0,6.019602497975,1.0,1533.4742547425474,1.0,1524.2433492881187,0.12629216987556813,428.5,0.0010061418617764036,425884.2776340283,12.629216987556813,0.10061418617764036
Zapata,8.0683156655,1.0,7.05617,38.0,44.6,,663,14.447592068,3040,21.4,,35.95053,2782:1,37474,87.980493402,13908,50.035950532,23.534027679,2023,,,0.3421052631578947,150.5,224.0,17.5,,0.1146,0.1867,0.0742,0.99,Very High Vulnerability,1.0,Very High Concern,2782.0,1.0,medium,very urban,23.690508852090353,1.0,6.019602497975,1.0,1533.4742547425474,1.0,1524.2433492881187,0.09873751462998963,392.0,0.0011897261184715643,329487.59711487265,9.873751462998962,0.11897261184715642
Zavala,8.2987551867,1.0,8.44595,29.0,38.8,,384,11.507341924,2720,22.8,,115.37655,867:1,35046,84.809098294,9534,48.825256975,38.032028775,2023,,,0.2352941176470588,121.0,144.5,0.0,,0.107,0.1724,0.0705,1.0,Very High Vulnerability,1.0,Very High Concern,867.0,1.0,medium,urban,23.690508852090353,1.0,6.019602497975,1.0,1533.4742547425474,1.0,1524.2433492881187,0.07938364963607139,265.5,0.0011754793082622177,225865.31139582943,7.938364963607139,0.11754793082622177
